player_id,game_id,team_id,points,assists,rebounds,blocks,FGA,FGM,FTA,FTM
1641715,22401166,1610612745,14.0,2.0,5.0,0.0,12.0,6.0,2.0,1.0
1631106,22401166,1610612745,17.0,2.0,5.0,1.0,12.0,7.0,2.0,1.0
1629111,22401166,1610612745,11.0,5.0,9.0,0.0,7.0,4.0,2.0,2.0
1630224,22401166,1610612745,5.0,3.0,0.0,0.0,7.0,2.0,0.0,0.0
1642263,22401166,1610612745,20.0,4.0,5.0,0.0,14.0,7.0,0.0,0.0
1628988,22401166,1610612745,16.0,4.0,2.0,0.0,13.0,6.0,0.0,0.0
1642368,22401166,1610612745,4.0,0.0,2.0,2.0,1.0,1.0,2.0,2.0
1630256,22401166,1610612745,7.0,1.0,4.0,0.0,5.0,3.0,0.0,0.0
201145,22401166,1610612745,19.0,2.0,3.0,0.0,9.0,7.0,2.0,1.0
1631466,22401166,1610612745,4.0,1.0,0.0,0.0,5.0,2.0,0.0,0.0
1631223,22401166,1610612745,0.0,0.0,1.0,1.0,3.0,0.0,0.0,0.0
1629098,22401166,1610612745,0.0,0.0,0.0,0.0,0.0,0.0,0.0,0.0
1627884,22401166,1610612746,8.0,1.0,3.0,1.0,6.0,3.0,0.0,0.0
202695,22401166,1610612746,22.0,4.0,10.0,0.0,22.0,9.0,2.0,2.0
1627826,22401166,1610612746,20.0,10.0,11.0,0.0,13.0,9.0,2.0,2.0
1627739,22401166,1610612746,9.0,3.0,2.0,1.0,6.0,4.0,0.0,0.0
201935,22401166,1610612746,35.0,10.0,3.0,0.0,18.0,10.0,10.0,10.0
203992,22401166,1610612746,16.0,5.0,3.0,0.0,11.0,5.0,2.0,2.0
201587,22401166,1610612746,15.0,0.0,3.0,0.0,6.0,5.0,1.0,1.0
1629234,22401166,1610612746,4.0,0.0,5.0,1.0,5.0,1.0,2.0,2.0
1641738,22401166,1610612746,5.0,0.0,3.0,0.0,2.0,2.0,0.0,0.0
1641757,22401166,1610612746,0.0,0.0,0.0,0.0,0.0,0.0,0.0,0.0
1642280,22401166,1610612746,0.0,0.0,0.0,0.0,1.0,0.0,0.0,0.0
1642353,22401166,1610612746,0.0,0.0,0.0,0.0,0.0,0.0,0.0,0.0
1627936,22401164,1610612760,19.0,3.0,5.0,0.0,8.0,6.0,6.0,5.0
1631114,22401164,1610612760,33.0,5.0,7.0,0.0,23.0,13.0,6.0,5.0
1631096,22401164,1610612760,22.0,4.0,10.0,0.0,12.0,5.0,13.0,12.0
1630598,22401164,1610612760,17.0,3.0,5.0,0.0,16.0,8.0,0.0,0.0
1630198,22401164,1610612760,5.0,3.0,5.0,0.0,8.0,2.0,0.0,0.0
1641794,22401164,1610612760,2.0,0.0,3.0,1.0,2.0,1.0,0.0,0.0
1631119,22401164,1610612760,12.0,2.0,4.0,0.0,7.0,4.0,0.0,0.0
1629026,22401164,1610612760,13.0,4.0,4.0,1.0,8.0,5.0,2.0,1.0
1641745,22401164,1610612760,2.0,0.0,1.0,0.0,2.0,1.0,0.0,0.0
1642382,22401164,1610612760,0.0,0.0,0.0,0.0,0.0,0.0,0.0,0.0
1628960,22401164,1610612756,4.0,1.0,4.0,0.0,6.0,2.0,0.0,0.0
1642346,22401164,1610612756,13.0,0.0,7.0,0.0,11.0,5.0,0.0,0.0
1642345,22401164,1610612756,3.0,2.0,4.0,1.0,2.0,1.0,2.0,1.0
203078,22401164,1610612756,25.0,4.0,1.0,0.0,17.0,8.0,5.0,5.0
1626164,22401164,1610612756,20.0,14.0,6.0,0.0,20.0,9.0,4.0,2.0
203486,22401164,1610612756,5.0,2.0,5.0,0.0,1.0,1.0,6.0,3.0
1631221,22401164,1610612756,17.0,4.0,6.0,0.0,9.0,6.0,2.0,2.0
1626220,22401164,1610612756,11.0,2.0,1.0,2.0,9.0,4.0,0.0,0.0
1626145,22401164,1610612756,10.0,2.0,3.0,0.0,8.0,4.0,0.0,0.0
1627814,22401164,1610612756,2.0,0.0,1.0,0.0,2.0,1.0,0.0,0.0
1631102,22401164,1610612756,2.0,0.0,0.0,0.0,1.0,1.0,0.0,0.0
1641779,22401164,1610612756,0.0,0.0,0.0,0.0,1.0,0.0,0.0,0.0
1629022,22401157,1610612755,24.0,1.0,0.0,0.0,17.0,7.0,8.0,7.0
1630542,22401157,1610612755,4.0,2.0,8.0,1.0,8.0,1.0,2.0,1.0
1641737,22401157,1610612755,17.0,0.0,9.0,2.0,8.0,6.0,7.0,5.0
1629656,22401157,1610612755,17.0,7.0,11.0,1.0,17.0,4.0,8.0,6.0
1630215,22401157,1610612755,13.0,4.0,6.0,0.0,14.0,5.0,0.0,0.0
1642024,22401157,1610612755,4.0,0.0,2.0,2.0,2.0,1.0,2.0,1.0
1641741,22401157,1610612755,11.0,1.0,5.0,0.0,6.0,3.0,5.0,4.0
1630288,22401157,1610612755,30.0,3.0,0.0,1.0,15.0,11.0,6.0,4.0
1630658,22401157,1610612755,2.0,2.0,14.0,1.0,4.0,1.0,0.0,0.0
1642273,22401157,1610612764,13.0,2.0,4.0,0.0,10.0,4.0,4.0,3.0
1630551,22401157,1610612764,14.0,1.0,12.0,1.0,12.0,5.0,4.0,4.0
1642259,22401157,1610612764,12.0,3.0,4.0,1.0,14.0,5.0,2.0,2.0
1642358,22401157,1610612764,7.0,3.0,4.0,0.0,11.0,1.0,4.0,4.0
1642267,22401157,1610612764,12.0,6.0,4.0,0.0,6.0,4.0,2.0,2.0
1641732,22401157,1610612764,13.0,4.0,7.0,0.0,11.0,5.0,2.0,1.0
1641798,22401157,1610612764,8.0,3.0,4.0,0.0,9.0,3.0,3.0,2.0
1630550,22401157,1610612764,0.0,0.0,2.0,0.0,1.0,0.0,0.0,0.0
1641774,22401157,1610612764,24.0,0.0,6.0,0.0,13.0,7.0,9.0,7.0
1631248,22401156,1610612738,15.0,3.0,5.0,0.0,14.0,6.0,2.0,2.0
1628470,22401156,1610612738,0.0,1.0,7.0,2.0,4.0,0.0,0.0,0.0
1628436,22401156,1610612738,14.0,1.0,3.0,1.0,10.0,7.0,0.0,0.0
1630573,22401156,1610612738,10.0,0.0,3.0,0.0,11.0,4.0,0.0,0.0
1630202,22401156,1610612738,15.0,10.0,4.0,0.0,17.0,7.0,0.0,0.0
1631120,22401156,1610612738,0.0,2.0,4.0,0.0,6.0,0.0,0.0,0.0
1641809,22401156,1610612738,3.0,0.0,4.0,0.0,4.0,1.0,0.0,0.0
1629674,22401156,1610612738,11.0,2.0,7.0,2.0,6.0,4.0,4.0,3.0
1641775,22401156,1610612738,0.0,1.0,2.0,0.0,3.0,0.0,0.0,0.0
1641936,22401156,1610612738,6.0,0.0,3.0,0.0,6.0,2.0,0.0,0.0
1630214,22401156,1610612738,2.0,0.0,1.0,0.0,1.0,1.0,0.0,0.0
1630532,22401156,1610612753,23.0,2.0,8.0,0.0,17.0,9.0,3.0,3.0
1631094,22401156,1610612753,15.0,6.0,4.0,0.0,17.0,6.0,2.0,1.0
1628976,22401156,1610612753,8.0,1.0,3.0,0.0,7.0,4.0,0.0,0.0
203484,22401156,1610612753,0.0,0.0,2.0,0.0,1.0,0.0,0.0,0.0
202709,22401156,1610612753,3.0,3.0,1.0,0.0,4.0,1.0,0.0,0.0
1631216,22401156,1610612753,5.0,2.0,4.0,2.0,4.0,2.0,0.0,0.0
1641710,22401156,1610612753,6.0,2.0,5.0,1.0,9.0,2.0,0.0,0.0
1630175,22401156,1610612753,18.0,3.0,8.0,0.0,13.0,6.0,1.0,1.0
1629048,22401156,1610612753,6.0,2.0,7.0,0.0,7.0,3.0,0.0,0.0
203914,22401156,1610612753,6.0,0.0,0.0,0.0,3.0,2.0,0.0,0.0
1641783,22401156,1610612753,5.0,1.0,3.0,0.0,6.0,2.0,0.0,0.0
1630243,22401156,1610612753,1.0,0.0,2.0,0.0,2.0,0.0,2.0,1.0
1641724,22401156,1610612753,0.0,1.0,2.0,0.0,1.0,0.0,0.0,0.0
203952,22401160,1610612748,14.0,5.0,6.0,0.0,10.0,5.0,4.0,1.0
1628389,22401160,1610612748,18.0,3.0,6.0,0.0,15.0,6.0,6.0,4.0
1642276,22401160,1610612748,12.0,1.0,7.0,1.0,9.0,6.0,0.0,0.0
202692,22401160,1610612748,7.0,0.0,2.0,0.0,6.0,2.0,1.0,1.0
1629639,22401160,1610612748,30.0,4.0,4.0,0.0,26.0,13.0,2.0,2.0
1630558,22401160,1610612748,17.0,8.0,3.0,1.0,10.0,6.0,4.0,3.0
1629312,22401160,1610612748,5.0,4.0,8.0,0.0,5.0,2.0,0.0,0.0
203937,22401160,1610612748,6.0,1.0,2.0,1.0,5.0,3.0,0.0,0.0
1629130,22401160,1610612748,2.0,2.0,1.0,0.0,6.0,1.0,0.0,0.0
1628989,22401160,1610612741,22.0,7.0,4.0,0.0,16.0,9.0,0.0,0.0
1641824,22401160,1610612741,17.0,0.0,4.0,1.0,10.0,6.0,2.0,2.0
202696,22401160,1610612741,20.0,8.0,11.0,1.0,15.0,9.0,0.0,0.0
1629632,22401160,1610612741,18.0,4.0,5.0,1.0,14.0,5.0,8.0,8.0
1630581,22401160,1610612741,28.0,11.0,16.0,3.0,19.0,11.0,3.0,3.0
1631207,22401160,1610612741,6.0,3.0,1.0,0.0,3.0,2.0,0.0,0.0
1630172,22401160,1610612741,4.0,0.0,0.0,0.0,4.0,2.0,0.0,0.0
1628380,22401160,1610612741,0.0,0.0,4.0,1.0,3.0,0.0,0.0,0.0
1629659,22401160,1610612741,2.0,0.0,1.0,0.0,4.0,1.0,0.0,0.0
1641763,22401160,1610612741,2.0,0.0,0.0,0.0,1.0,1.0,0.0,0.0
1630170,22401163,1610612759,11.0,3.0,5.0,0.0,11.0,4.0,0.0,0.0
203084,22401163,1610612759,20.0,2.0,4.0,0.0,9.0,6.0,2.0,2.0
202687,22401163,1610612759,0.0,0.0,5.0,0.0,2.0,0.0,0.0,0.0
1642264,22401163,1610612759,21.0,5.0,3.0,1.0,15.0,8.0,7.0,4.0
101108,22401163,1610612759,12.0,4.0,5.0,0.0,6.0,4.0,1.0,1.0
1630572,22401163,1610612759,11.0,1.0,8.0,1.0,9.0,3.0,4.0,4.0
1629640,22401163,1610612759,21.0,2.0,8.0,0.0,17.0,8.0,4.0,4.0
1630577,22401163,1610612759,14.0,4.0,4.0,2.0,9.0,4.0,3.0,3.0
1631104,22401163,1610612759,4.0,2.0,1.0,1.0,3.0,2.0,0.0,0.0
1630541,22401163,1610612744,7.0,1.0,8.0,0.0,11.0,3.0,0.0,0.0
202710,22401163,1610612744,28.0,7.0,4.0,0.0,8.0,5.0,17.0,16.0
203110,22401163,1610612744,13.0,8.0,9.0,1.0,7.0,4.0,4.0,3.0
1641764,22401163,1610612744,7.0,5.0,3.0,0.0,11.0,3.0,0.0,0.0
201939,22401163,1610612744,30.0,3.0,8.0,0.0,24.0,12.0,1.0,1.0
1627741,22401163,1610612744,12.0,1.0,4.0,0.0,13.0,4.0,0.0,0.0
1630228,22401163,1610612744,12.0,1.0,3.0,0.0,10.0,5.0,2.0,1.0
1630611,22401163,1610612744,0.0,0.0,1.0,0.0,2.0,0.0,2.0,0.0
1626172,22401163,1610612744,2.0,3.0,2.0,1.0,0.0,0.0,2.0,2.0
1631218,22401163,1610612744,0.0,0.0,3.0,0.0,0.0,0.0,0.0,0.0
1629008,22401165,1610612743,21.0,2.0,5.0,0.0,14.0,7.0,4.0,3.0
203932,22401165,1610612743,21.0,5.0,3.0,0.0,16.0,9.0,2.0,2.0
203999,22401165,1610612743,20.0,11.0,12.0,0.0,12.0,5.0,10.0,10.0
1631128,22401165,1610612743,25.0,2.0,4.0,1.0,12.0,9.0,5.0,4.0
1629618,22401165,1610612743,18.0,4.0,1.0,0.0,10.0,6.0,2.0,1.0
1631212,22401165,1610612743,7.0,1.0,4.0,1.0,5.0,3.0,1.0,1.0
201566,22401165,1610612743,5.0,4.0,4.0,0.0,11.0,2.0,1.0,1.0
1631124,22401165,1610612743,1.0,1.0,7.0,0.0,3.0,0.0,2.0,1.0
201599,22401165,1610612743,6.0,0.0,5.0,3.0,3.0,2.0,4.0,2.0
201942,22401165,1610612758,22.0,4.0,4.0,1.0,26.0,8.0,7.0,6.0
1626168,22401165,1610612758,17.0,4.0,9.0,0.0,9.0,6.0,3.0,3.0
1627734,22401165,1610612758,13.0,2.0,12.0,1.0,10.0,6.0,1.0,1.0
203897,22401165,1610612758,27.0,11.0,0.0,0.0,20.0,10.0,4.0,3.0
1631165,22401165,1610612758,20.0,2.0,6.0,2.0,12.0,7.0,0.0,0.0
202685,22401165,1610612758,2.0,0.0,2.0,0.0,4.0,1.0,0.0,0.0
203926,22401165,1610612758,9.0,1.0,2.0,0.0,5.0,3.0,0.0,0.0
1642269,22401165,1610612758,4.0,1.0,3.0,1.0,4.0,1.0,2.0,1.0
1642403,22401165,1610612758,2.0,0.0,2.0,0.0,2.0,1.0,0.0,0.0
1629610,22401158,1610612766,7.0,1.0,6.0,0.0,6.0,3.0,0.0,0.0
1642275,22401158,1610612766,9.0,0.0,6.0,0.0,11.0,4.0,0.0,0.0
203994,22401158,1610612766,26.0,4.0,9.0,0.0,19.0,12.0,4.0,2.0
1641733,22401158,1610612766,28.0,10.0,6.0,0.0,13.0,8.0,6.0,6.0
1642354,22401158,1610612766,6.0,5.0,1.0,0.0,10.0,2.0,2.0,1.0
1641878,22401158,1610612766,5.0,1.0,3.0,0.0,4.0,1.0,2.0,2.0
1631111,22401158,1610612766,9.0,1.0,2.0,0.0,8.0,4.0,0.0,0.0
201959,22401158,1610612766,2.0,0.0,5.0,2.0,5.0,1.0,0.0,0.0
1629628,22401158,1610612761,11.0,1.0,1.0,0.0,11.0,4.0,0.0,0.0
1642367,22401158,1610612761,17.0,11.0,10.0,0.0,16.0,7.0,2.0,2.0
1631115,22401158,1610612761,9.0,3.0,12.0,0.0,10.0,4.0,2.0,1.0
1630567,22401158,1610612761,17.0,5.0,11.0,1.0,15.0,7.0,0.0,0.0
1630193,22401158,1610612761,8.0,1.0,2.0,0.0,6.0,3.0,0.0,0.0
1642419,22401158,1610612761,10.0,2.0,3.0,0.0,11.0,4.0,0.0,0.0
1631197,22401158,1610612761,23.0,4.0,7.0,0.0,12.0,8.0,4.0,4.0
1630639,22401158,1610612761,14.0,7.0,6.0,0.0,9.0,5.0,4.0,2.0
1631306,22401158,1610612761,8.0,2.0,3.0,1.0,8.0,3.0,0.0,0.0
202066,22401158,1610612761,9.0,1.0,0.0,0.0,6.0,4.0,0.0,0.0
1629680,22401162,1610612757,12.0,6.0,4.0,0.0,6.0,5.0,0.0,0.0
1641739,22401162,1610612757,16.0,2.0,6.0,1.0,18.0,6.0,2.0,2.0
1642270,22401162,1610612757,10.0,4.0,9.0,2.0,4.0,3.0,4.0,4.0
1631101,22401162,1610612757,37.0,5.0,7.0,0.0,23.0,13.0,10.0,5.0
1630625,22401162,1610612757,11.0,4.0,2.0,1.0,16.0,4.0,4.0,3.0
1631200,22401162,1610612757,6.0,3.0,3.0,1.0,7.0,3.0,0.0,0.0
1631133,22401162,1610612757,15.0,0.0,7.0,0.0,11.0,7.0,3.0,1.0
1641712,22401162,1610612757,19.0,2.0,4.0,0.0,17.0,7.0,5.0,4.0
1631303,22401162,1610612757,0.0,1.0,1.0,0.0,2.0,0.0,0.0,0.0
1641729,22401162,1610612762,22.0,4.0,4.0,0.0,12.0,7.0,2.0,2.0
1630548,22401162,1610612762,14.0,1.0,5.0,1.0,9.0,4.0,4.0,4.0
1642271,22401162,1610612762,30.0,5.0,18.0,2.0,17.0,13.0,4.0,2.0
1629012,22401162,1610612762,15.0,5.0,0.0,0.0,14.0,6.0,3.0,3.0
1641718,22401162,1610612762,18.0,6.0,6.0,0.0,16.0,6.0,2.0,2.0
1630695,22401162,1610612762,4.0,0.0,3.0,1.0,4.0,2.0,0.0,0.0
1630531,22401162,1610612762,6.0,4.0,6.0,0.0,8.0,2.0,2.0,2.0
1629004,22401162,1610612762,7.0,2.0,4.0,0.0,4.0,3.0,0.0,0.0
1631131,22401162,1610612762,17.0,0.0,10.0,0.0,14.0,7.0,5.0,3.0
1629060,22401159,1610612747,15.0,2.0,2.0,0.0,10.0,5.0,2.0,2.0
2544,22401159,1610612747,27.0,3.0,7.0,0.0,20.0,11.0,6.0,5.0
1629637,22401159,1610612747,3.0,0.0,5.0,0.0,3.0,1.0,2.0,1.0
1630559,22401159,1610612747,11.0,4.0,4.0,0.0,10.0,4.0,2.0,2.0
1629029,22401159,1610612747,45.0,6.0,8.0,0.0,28.0,16.0,9.0,6.0
1627827,22401159,1610612747,5.0,5.0,5.0,0.0,8.0,2.0,0.0,0.0
1629216,22401159,1610612747,2.0,0.0,1.0,0.0,5.0,1.0,0.0,0.0
1630692,22401159,1610612747,0.0,0.0,2.0,0.0,1.0,0.0,0.0,0.0
1629020,22401159,1610612747,2.0,1.0,5.0,0.0,4.0,1.0,0.0,0.0
1642261,22401159,1610612747,2.0,0.0,0.0,0.0,1.0,1.0,0.0,0.0
1641998,22401159,1610612747,0.0,0.0,0.0,0.0,0.0,0.0,0.0,0.0
1642355,22401159,1610612747,0.0,1.0,0.0,0.0,0.0,0.0,0.0,0.0
1629023,22401159,1610612742,14.0,3.0,5.0,1.0,12.0,4.0,4.0,3.0
203076,22401159,1610612742,13.0,6.0,11.0,1.0,13.0,5.0,5.0,3.0
1641726,22401159,1610612742,6.0,0.0,0.0,0.0,3.0,3.0,0.0,0.0
202691,22401159,1610612742,6.0,1.0,2.0,0.0,8.0,2.0,0.0,0.0
1630230,22401159,1610612742,23.0,8.0,4.0,0.0,14.0,9.0,4.0,3.0
203915,22401159,1610612742,5.0,4.0,3.0,0.0,1.0,1.0,2.0,2.0
1631108,22401159,1610612742,11.0,3.0,3.0,2.0,8.0,5.0,2.0,0.0
1628997,22401159,1610612742,9.0,2.0,3.0,0.0,7.0,3.0,4.0,3.0
1629655,22401159,1610612742,10.0,3.0,6.0,2.0,6.0,4.0,2.0,2.0
203939,22401159,1610612742,0.0,0.0,1.0,0.0,0.0,0.0,0.0,0.0
1630183,22401152,1610612750,13.0,3.0,5.0,1.0,12.0,6.0,1.0,1.0
203944,22401152,1610612750,9.0,6.0,7.0,0.0,8.0,3.0,2.0,2.0
203497,22401152,1610612750,6.0,2.0,9.0,0.0,4.0,3.0,0.0,0.0
1630162,22401152,1610612750,25.0,4.0,7.0,1.0,27.0,10.0,3.0,3.0
201144,22401152,1610612750,5.0,3.0,4.0,0.0,6.0,2.0,0.0,0.0
1628978,22401152,1610612750,24.0,2.0,3.0,0.0,15.0,9.0,1.0,0.0
1629675,22401152,1610612750,17.0,3.0,4.0,0.0,12.0,7.0,0.0,0.0
1629638,22401152,1610612750,4.0,1.0,3.0,1.0,5.0,1.0,2.0,2.0
1641740,22401152,1610612750,0.0,1.0,0.0,0.0,0.0,0.0,0.0,0.0
1628398,22401152,1610612749,10.0,0.0,4.0,0.0,8.0,4.0,2.0,2.0
203507,22401152,1610612749,23.0,10.0,13.0,1.0,15.0,9.0,11.0,4.0
201572,22401152,1610612749,10.0,1.0,2.0,0.0,9.0,4.0,0.0,0.0
1627752,22401152,1610612749,7.0,1.0,2.0,0.0,9.0,3.0,0.0,0.0
1631157,22401152,1610612749,5.0,4.0,2.0,0.0,5.0,2.0,0.0,0.0
1626171,22401152,1610612749,18.0,1.0,10.0,1.0,15.0,7.0,2.0,2.0
1629018,22401152,1610612749,7.0,4.0,2.0,0.0,8.0,2.0,1.0,1.0
1629645,22401152,1610612749,21.0,5.0,4.0,0.0,9.0,6.0,9.0,9.0
1631260,22401152,1610612749,9.0,1.0,4.0,0.0,6.0,3.0,0.0,0.0
1628971,22401150,1610612740,9.0,1.0,3.0,0.0,7.0,4.0,0.0,0.0
203482,22401150,1610612740,8.0,3.0,1.0,1.0,5.0,1.0,8.0,6.0
1642274,22401150,1610612740,9.0,0.0,5.0,0.0,6.0,4.0,3.0,1.0
1641810,22401150,1610612740,17.0,2.0,3.0,0.0,14.0,5.0,3.0,3.0
1630631,22401150,1610612740,16.0,4.0,1.0,1.0,11.0,4.0,6.0,5.0
1631232,22401150,1610612740,14.0,0.0,5.0,1.0,6.0,4.0,5.0,5.0
1631255,22401150,1610612740,17.0,1.0,4.0,2.0,11.0,8.0,2.0,1.0
203901,22401150,1610612740,3.0,10.0,6.0,1.0,3.0,0.0,4.0,3.0
1630526,22401150,1610612740,3.0,2.0,9.0,0.0,5.0,1.0,0.0,0.0
1631311,22401150,1610612740,3.0,3.0,2.0,0.0,6.0,1.0,0.0,0.0
1631288,22401150,1610612740,15.0,0.0,3.0,0.0,8.0,7.0,0.0,0.0
1630570,22401150,1610612751,22.0,5.0,3.0,0.0,8.0,7.0,6.0,6.0
1630533,22401150,1610612751,9.0,1.0,4.0,2.0,5.0,2.0,4.0,3.0
1629651,22401150,1610612751,13.0,3.0,4.0,0.0,9.0,6.0,0.0,0.0
1630592,22401150,1610612751,9.0,3.0,4.0,0.0,9.0,3.0,2.0,1.0
1641736,22401150,1610612751,0.0,10.0,4.0,0.0,3.0,0.0,0.0,0.0
1630623,22401150,1610612751,11.0,1.0,1.0,0.0,9.0,3.0,2.0,2.0
1641787,22401150,1610612751,13.0,2.0,4.0,1.0,8.0,3.0,5.0,5.0
1641721,22401150,1610612751,12.0,2.0,5.0,1.0,13.0,5.0,2.0,2.0
1641727,22401150,1610612751,14.0,2.0,2.0,0.0,9.0,5.0,0.0,0.0
1631166,22401150,1610612751,16.0,1.0,9.0,0.0,10.0,7.0,3.0,1.0
1627827,22401153,1610612747,12.0,2.0,2.0,1.0,8.0,4.0,0.0,0.0
2544,22401153,1610612747,28.0,3.0,7.0,0.0,19.0,8.0,10.0,9.0
1629637,22401153,1610612747,7.0,2.0,6.0,2.0,4.0,3.0,2.0,1.0
1630559,22401153,1610612747,24.0,5.0,5.0,0.0,12.0,6.0,12.0,8.0
1629029,22401153,1610612747,23.0,5.0,3.0,1.0,15.0,7.0,7.0,6.0
1629020,22401153,1610612747,8.0,1.0,12.0,2.0,5.0,3.0,4.0,2.0
1629216,22401153,1610612747,5.0,2.0,0.0,0.0,7.0,2.0,0.0,0.0
1630692,22401153,1610612747,6.0,1.0,4.0,0.0,5.0,2.0,0.0,0.0
1642261,22401153,1610612747,3.0,0.0,3.0,0.0,4.0,1.0,0.0,0.0
1641998,22401153,1610612747,2.0,0.0,1.0,0.0,1.0,1.0,0.0,0.0
1629003,22401153,1610612747,0.0,0.0,1.0,0.0,0.0,0.0,0.0,0.0
1631132,22401153,1610612747,2.0,0.0,1.0,0.0,0.0,0.0,2.0,2.0
1631114,22401153,1610612760,26.0,4.0,4.0,0.0,21.0,11.0,3.0,3.0
1631096,22401153,1610612760,14.0,2.0,4.0,2.0,12.0,5.0,3.0,2.0
1628392,22401153,1610612760,8.0,4.0,15.0,2.0,7.0,4.0,0.0,0.0
1629652,22401153,1610612760,17.0,2.0,3.0,0.0,11.0,6.0,2.0,0.0
1628983,22401153,1610612760,42.0,6.0,6.0,1.0,26.0,14.0,11.0,9.0
1629026,22401153,1610612760,3.0,0.0,1.0,0.0,2.0,1.0,0.0,0.0
1630198,22401153,1610612760,3.0,1.0,1.0,0.0,1.0,1.0,0.0,0.0
1641717,22401153,1610612760,11.0,1.0,2.0,0.0,8.0,5.0,1.0,0.0
1627936,22401153,1610612760,9.0,3.0,4.0,0.0,9.0,4.0,0.0,0.0
1630598,22401153,1610612760,3.0,2.0,4.0,0.0,4.0,1.0,0.0,0.0
1642382,22401153,1610612760,0.0,1.0,0.0,0.0,2.0,0.0,0.0,0.0
1641745,22401153,1610612760,0.0,0.0,0.0,0.0,1.0,0.0,0.0,0.0
1641794,22401153,1610612760,0.0,0.0,0.0,0.0,0.0,0.0,0.0,0.0
1630172,22401147,1610612741,21.0,5.0,3.0,0.0,11.0,7.0,2.0,2.0
1641824,22401147,1610612741,19.0,5.0,5.0,1.0,12.0,6.0,7.0,5.0
1630188,22401147,1610612741,13.0,2.0,10.0,1.0,10.0,4.0,5.0,4.0
1631207,22401147,1610612741,9.0,1.0,3.0,0.0,8.0,3.0,2.0,2.0
1628975,22401147,1610612741,10.0,3.0,1.0,0.0,15.0,4.0,0.0,0.0
1628380,22401147,1610612741,7.0,3.0,13.0,0.0,6.0,3.0,0.0,0.0
1641763,22401147,1610612741,7.0,1.0,2.0,1.0,6.0,3.0,0.0,0.0
1629659,22401147,1610612741,17.0,3.0,2.0,0.0,11.0,6.0,3.0,3.0
1642443,22401147,1610612741,4.0,2.0,1.0,0.0,2.0,2.0,0.0,0.0
1630604,22401147,1610612741,6.0,0.0,3.0,0.0,4.0,3.0,0.0,0.0
1641801,22401147,1610612741,0.0,1.0,2.0,0.0,1.0,0.0,0.0,0.0
1630171,22401147,1610612739,2.0,0.0,5.0,0.0,5.0,1.0,0.0,0.0
1630596,22401147,1610612739,21.0,7.0,12.0,1.0,18.0,8.0,2.0,2.0
1628386,22401147,1610612739,12.0,3.0,9.0,2.0,8.0,5.0,4.0,2.0
1629622,22401147,1610612739,9.0,4.0,5.0,0.0,7.0,3.0,0.0,0.0
1629636,22401147,1610612739,28.0,5.0,2.0,0.0,17.0,10.0,2.0,2.0
1629660,22401147,1610612739,18.0,5.0,0.0,0.0,11.0,7.0,1.0,1.0
1630241,22401147,1610612739,9.0,3.0,2.0,0.0,5.0,3.0,0.0,0.0
1629631,22401147,1610612739,17.0,4.0,3.0,0.0,15.0,7.0,4.0,1.0
1629731,22401147,1610612739,9.0,1.0,3.0,0.0,5.0,3.0,0.0,0.0
1642281,22401147,1610612739,5.0,0.0,2.0,0.0,5.0,2.0,0.0,0.0
1631247,22401147,1610612739,0.0,1.0,0.0,0.0,0.0,0.0,0.0,0.0
1641734,22401147,1610612739,3.0,2.0,0.0,0.0,2.0,1.0,0.0,0.0
1629643,22401147,1610612739,2.0,0.0,0.0,0.0,2.0,1.0,0.0,0.0
1629750,22401147,1610612739,0.0,0.0,2.0,0.0,0.0,0.0,0.0,0.0
1627759,22401151,1610612738,6.0,1.0,5.0,0.0,8.0,2.0,2.0,2.0
1628369,22401151,1610612738,32.0,5.0,7.0,1.0,22.0,11.0,8.0,6.0
204001,22401151,1610612738,34.0,3.0,4.0,1.0,19.0,11.0,6.0,4.0
201950,22401151,1610612738,16.0,3.0,4.0,0.0,9.0,5.0,5.0,4.0
1628401,22401151,1610612738,14.0,9.0,8.0,0.0,14.0,5.0,0.0,0.0
1628436,22401151,1610612738,2.0,1.0,3.0,1.0,3.0,0.0,2.0,2.0
1630202,22401151,1610612738,8.0,3.0,5.0,0.0,6.0,3.0,2.0,2.0
1630573,22401151,1610612738,7.0,1.0,2.0,1.0,6.0,3.0,0.0,0.0
1628384,22401151,1610612752,13.0,1.0,8.0,2.0,13.0,5.0,6.0,3.0
1628404,22401151,1610612752,10.0,7.0,11.0,0.0,14.0,5.0,1.0,0.0
1626157,22401151,1610612752,34.0,2.0,14.0,1.0,21.0,14.0,7.0,5.0
1628969,22401151,1610612752,14.0,4.0,4.0,1.0,15.0,6.0,0.0,0.0
1628973,22401151,1610612752,27.0,10.0,1.0,0.0,21.0,10.0,2.0,2.0
1630540,22401151,1610612752,5.0,1.0,5.0,0.0,5.0,2.0,0.0,0.0
1629011,22401151,1610612752,4.0,1.0,7.0,2.0,3.0,2.0,0.0,0.0
1626166,22401151,1610612752,7.0,2.0,0.0,0.0,7.0,3.0,0.0,0.0
1629013,22401151,1610612752,3.0,0.0,2.0,0.0,2.0,1.0,0.0,0.0
1642258,22401149,1610612737,8.0,1.0,1.0,0.0,6.0,3.0,1.0,0.0
1631243,22401149,1610612737,6.0,2.0,5.0,3.0,5.0,2.0,2.0,1.0
1630168,22401149,1610612737,30.0,4.0,14.0,0.0,17.0,9.0,8.0,8.0
1630700,22401149,1610612737,15.0,3.0,5.0,2.0,12.0,7.0,2.0,1.0
1629027,22401149,1610612737,28.0,10.0,1.0,0.0,20.0,10.0,6.0,5.0
1630249,22401149,1610612737,3.0,0.0,4.0,0.0,2.0,1.0,0.0,0.0
1629611,22401149,1610612737,0.0,5.0,4.0,0.0,5.0,0.0,0.0,0.0
1627747,22401149,1610612737,13.0,0.0,6.0,0.0,11.0,4.0,3.0,3.0
1627777,22401149,1610612737,9.0,0.0,1.0,1.0,10.0,4.0,0.0,0.0
1631230,22401149,1610612737,0.0,0.0,0.0,0.0,0.0,0.0,0.0,0.0
1630532,22401149,1610612753,22.0,6.0,6.0,1.0,20.0,8.0,4.0,4.0
1631094,22401149,1610612753,33.0,4.0,10.0,1.0,24.0,12.0,10.0,7.0
1628976,22401149,1610612753,17.0,2.0,9.0,3.0,9.0,6.0,6.0,4.0
203484,22401149,1610612753,15.0,2.0,3.0,0.0,8.0,5.0,3.0,2.0
202709,22401149,1610612753,8.0,1.0,5.0,0.0,6.0,3.0,0.0,0.0
1631216,22401149,1610612753,7.0,2.0,2.0,0.0,5.0,2.0,1.0,1.0
1641710,22401149,1610612753,8.0,2.0,1.0,1.0,7.0,3.0,1.0,1.0
1630175,22401149,1610612753,1.0,2.0,2.0,0.0,1.0,0.0,2.0,1.0
1628371,22401149,1610612753,5.0,1.0,5.0,0.0,3.0,2.0,4.0,1.0
203914,22401149,1610612753,3.0,1.0,0.0,0.0,1.0,1.0,0.0,0.0
1630551,22401148,1610612764,20.0,0.0,13.0,0.0,13.0,8.0,0.0,0.0
1642273,22401148,1610612764,9.0,2.0,4.0,0.0,9.0,4.0,1.0,0.0
1642259,22401148,1610612764,20.0,6.0,12.0,3.0,17.0,8.0,3.0,3.0
1629673,22401148,1610612764,19.0,3.0,1.0,0.0,14.0,7.0,2.0,2.0
1642267,22401148,1610612764,13.0,4.0,4.0,1.0,19.0,5.0,3.0,1.0
1641732,22401148,1610612764,2.0,3.0,5.0,1.0,4.0,0.0,2.0,2.0
1642358,22401148,1610612764,8.0,0.0,1.0,0.0,9.0,4.0,0.0,0.0
1630264,22401148,1610612764,0.0,0.0,4.0,0.0,0.0,0.0,0.0,0.0
1630550,22401148,1610612764,7.0,0.0,6.0,3.0,6.0,2.0,4.0,3.0
1630174,22401148,1610612754,7.0,1.0,6.0,0.0,6.0,2.0,2.0,2.0
1627783,22401148,1610612754,24.0,3.0,10.0,0.0,19.0,11.0,1.0,1.0
1626167,22401148,1610612754,14.0,1.0,11.0,5.0,13.0,4.0,8.0,5.0
1629614,22401148,1610612754,4.0,4.0,7.0,0.0,7.0,1.0,2.0,2.0
1630169,22401148,1610612754,22.0,6.0,1.0,0.0,11.0,5.0,11.0,9.0
1630167,22401148,1610612754,12.0,3.0,7.0,0.0,10.0,3.0,6.0,4.0
1631097,22401148,1610612754,17.0,2.0,4.0,0.0,12.0,5.0,7.0,6.0
1628418,22401148,1610612754,2.0,0.0,0.0,0.0,2.0,1.0,0.0,0.0
204456,22401148,1610612754,2.0,1.0,2.0,0.0,5.0,1.0,0.0,0.0
1641716,22401148,1610612754,0.0,0.0,1.0,0.0,2.0,0.0,0.0,0.0
1642277,22401148,1610612754,0.0,0.0,0.0,0.0,0.0,0.0,0.0,0.0
1630170,22401155,1610612759,7.0,2.0,1.0,0.0,8.0,3.0,1.0,0.0
203084,22401155,1610612759,24.0,1.0,5.0,0.0,10.0,8.0,2.0,2.0
202687,22401155,1610612759,6.0,2.0,8.0,0.0,8.0,3.0,1.0,0.0
1642264,22401155,1610612759,19.0,8.0,1.0,2.0,7.0,5.0,12.0,8.0
101108,22401155,1610612759,9.0,3.0,2.0,0.0,10.0,4.0,0.0,0.0
1630577,22401155,1610612759,6.0,0.0,3.0,0.0,9.0,2.0,0.0,0.0
1631104,22401155,1610612759,8.0,7.0,1.0,1.0,7.0,4.0,0.0,0.0
1629640,22401155,1610612759,12.0,2.0,6.0,0.0,9.0,6.0,0.0,0.0
1630572,22401155,1610612759,8.0,0.0,2.0,0.0,7.0,3.0,0.0,0.0
1630561,22401155,1610612759,3.0,0.0,1.0,0.0,1.0,1.0,0.0,0.0
1629162,22401155,1610612759,6.0,3.0,2.0,1.0,4.0,2.0,0.0,0.0
1631103,22401155,1610612759,9.0,0.0,0.0,0.0,5.0,4.0,0.0,0.0
1631127,22401155,1610612759,0.0,1.0,2.0,0.0,0.0,0.0,0.0,0.0
1626181,22401155,1610612746,25.0,3.0,5.0,0.0,19.0,9.0,6.0,4.0
1627884,22401155,1610612746,18.0,1.0,2.0,0.0,15.0,8.0,1.0,1.0
1627826,22401155,1610612746,24.0,5.0,20.0,0.0,17.0,11.0,2.0,2.0
1627739,22401155,1610612746,6.0,3.0,1.0,0.0,6.0,2.0,0.0,0.0
201935,22401155,1610612746,21.0,12.0,9.0,0.0,17.0,8.0,3.0,2.0
203992,22401155,1610612746,19.0,4.0,2.0,0.0,11.0,7.0,4.0,3.0
201587,22401155,1610612746,9.0,0.0,2.0,0.0,5.0,3.0,0.0,0.0
1627732,22401155,1610612746,0.0,2.0,7.0,0.0,3.0,0.0,0.0,0.0
1629234,22401155,1610612746,0.0,0.0,2.0,0.0,0.0,0.0,0.0,0.0
1642280,22401155,1610612746,0.0,0.0,0.0,0.0,0.0,0.0,0.0,0.0
1641757,22401155,1610612746,0.0,0.0,0.0,0.0,0.0,0.0,0.0,0.0
1642353,22401155,1610612746,0.0,0.0,0.0,0.0,0.0,0.0,0.0,0.0
1641738,22401155,1610612746,0.0,0.0,0.0,0.0,0.0,0.0,0.0,0.0
1642377,22401146,1610612763,3.0,2.0,5.0,0.0,4.0,1.0,2.0,1.0
1628991,22401146,1610612763,14.0,1.0,5.0,0.0,10.0,3.0,7.0,7.0
1641744,22401146,1610612763,17.0,0.0,19.0,1.0,9.0,7.0,4.0,3.0
1630217,22401146,1610612763,19.0,3.0,5.0,0.0,11.0,6.0,4.0,4.0
1629630,22401146,1610612763,28.0,8.0,5.0,1.0,21.0,10.0,4.0,4.0
1630583,22401146,1610612763,11.0,2.0,3.0,0.0,9.0,4.0,0.0,0.0
1630590,22401146,1610612763,10.0,2.0,1.0,1.0,6.0,3.0,3.0,2.0
1631246,22401146,1610612763,8.0,1.0,3.0,0.0,6.0,3.0,0.0,0.0
1628379,22401146,1610612763,0.0,1.0,2.0,0.0,3.0,0.0,0.0,0.0
1629723,22401146,1610612763,0.0,1.0,1.0,0.0,0.0,0.0,0.0,0.0
1642285,22401146,1610612763,2.0,2.0,1.0,0.0,4.0,1.0,0.0,0.0
1630643,22401146,1610612763,3.0,0.0,0.0,0.0,2.0,1.0,0.0,0.0
1630205,22401146,1610612763,3.0,0.0,0.0,0.0,2.0,1.0,0.0,0.0
1641713,22401146,1610612763,6.0,0.0,2.0,0.0,5.0,2.0,2.0,1.0
1628963,22401146,1610612763,0.0,0.0,0.0,0.0,1.0,0.0,0.0,0.0
1629610,22401146,1610612766,4.0,2.0,5.0,0.0,8.0,2.0,0.0,0.0
1628970,22401146,1610612766,14.0,3.0,6.0,1.0,13.0,4.0,4.0,4.0
1631109,22401146,1610612766,8.0,2.0,7.0,1.0,11.0,4.0,0.0,0.0
1629006,22401146,1610612766,12.0,1.0,2.0,0.0,7.0,4.0,4.0,2.0
1642354,22401146,1610612766,7.0,2.0,2.0,0.0,9.0,3.0,0.0,0.0
203552,22401146,1610612766,9.0,1.0,0.0,0.0,6.0,3.0,3.0,2.0
201959,22401146,1610612766,6.0,1.0,3.0,1.0,3.0,3.0,0.0,0.0
1642275,22401146,1610612766,13.0,3.0,9.0,0.0,7.0,3.0,8.0,4.0
1641733,22401146,1610612766,8.0,2.0,2.0,0.0,6.0,3.0,0.0,0.0
1631217,22401146,1610612766,10.0,2.0,2.0,1.0,6.0,5.0,0.0,0.0
1630541,22401154,1610612744,5.0,0.0,3.0,1.0,5.0,2.0,0.0,0.0
202710,22401154,1610612744,10.0,3.0,2.0,0.0,4.0,2.0,7.0,6.0
203110,22401154,1610612744,5.0,4.0,2.0,0.0,4.0,1.0,2.0,2.0
1641764,22401154,1610612744,22.0,3.0,5.0,0.0,12.0,7.0,4.0,4.0
201939,22401154,1610612744,25.0,6.0,9.0,1.0,17.0,9.0,4.0,4.0
1627741,22401154,1610612744,7.0,1.0,4.0,0.0,8.0,3.0,0.0,0.0
1630228,22401154,1610612744,10.0,3.0,3.0,0.0,9.0,4.0,2.0,2.0
1630611,22401154,1610612744,7.0,3.0,9.0,1.0,7.0,3.0,0.0,0.0
1626172,22401154,1610612744,2.0,1.0,4.0,0.0,4.0,1.0,0.0,0.0
1631218,22401154,1610612744,13.0,1.0,8.0,0.0,5.0,4.0,7.0,5.0
1630311,22401154,1610612744,10.0,4.0,2.0,0.0,6.0,4.0,0.0,0.0
1628995,22401154,1610612744,10.0,1.0,2.0,0.0,6.0,3.0,4.0,3.0
1642050,22401154,1610612744,6.0,1.0,3.0,0.0,2.0,2.0,2.0,1.0
1630296,22401154,1610612744,1.0,0.0,1.0,0.0,4.0,0.0,2.0,1.0
1626220,22401154,1610612756,3.0,1.0,2.0,0.0,6.0,1.0,0.0,0.0
1642346,22401154,1610612756,12.0,0.0,4.0,0.0,10.0,4.0,2.0,2.0
1630208,22401154,1610612756,4.0,0.0,9.0,1.0,5.0,2.0,0.0,0.0
203078,22401154,1610612756,7.0,4.0,2.0,0.0,8.0,3.0,0.0,0.0
1626164,22401154,1610612756,21.0,4.0,3.0,1.0,17.0,7.0,7.0,7.0
1631221,22401154,1610612756,6.0,4.0,3.0,0.0,9.0,2.0,0.0,0.0
1642345,22401154,1610612756,4.0,0.0,7.0,0.0,6.0,2.0,0.0,0.0
1628960,22401154,1610612756,12.0,1.0,1.0,0.0,9.0,4.0,2.0,1.0
1626145,22401154,1610612756,2.0,3.0,1.0,0.0,5.0,1.0,0.0,0.0
1628998,22401154,1610612756,6.0,1.0,2.0,2.0,4.0,2.0,2.0,2.0
203486,22401154,1610612756,3.0,2.0,3.0,0.0,1.0,1.0,2.0,1.0
1627814,22401154,1610612756,8.0,0.0,2.0,0.0,5.0,3.0,0.0,0.0
1628420,22401154,1610612756,7.0,2.0,2.0,0.0,3.0,3.0,0.0,0.0
201942,22401144,1610612758,37.0,2.0,4.0,1.0,26.0,14.0,10.0,8.0
1626168,22401144,1610612758,7.0,1.0,6.0,1.0,8.0,3.0,2.0,0.0
1627734,22401144,1610612758,19.0,10.0,15.0,1.0,11.0,7.0,5.0,5.0
203897,22401144,1610612758,43.0,4.0,3.0,0.0,28.0,16.0,4.0,3.0
1631165,22401144,1610612758,2.0,0.0,6.0,0.0,2.0,1.0,0.0,0.0
1628370,22401144,1610612758,2.0,1.0,0.0,0.0,3.0,1.0,0.0,0.0
1642269,22401144,1610612758,7.0,1.0,2.0,0.0,8.0,3.0,0.0,0.0
202685,22401144,1610612758,10.0,1.0,12.0,1.0,5.0,2.0,6.0,6.0
1642403,22401144,1610612758,0.0,0.0,1.0,0.0,0.0,0.0,0.0,0.0
203926,22401144,1610612758,0.0,0.0,1.0,0.0,0.0,0.0,0.0,0.0
203501,22401144,1610612765,19.0,2.0,0.0,0.0,15.0,6.0,3.0,3.0
1641709,22401144,1610612765,15.0,5.0,4.0,1.0,13.0,7.0,0.0,0.0
1631105,22401144,1610612765,6.0,6.0,9.0,1.0,4.0,2.0,2.0,2.0
203471,22401144,1610612765,5.0,2.0,3.0,0.0,4.0,1.0,4.0,2.0
1630595,22401144,1610612765,35.0,5.0,3.0,0.0,21.0,13.0,11.0,8.0
1627736,22401144,1610612765,14.0,2.0,1.0,0.0,15.0,5.0,2.0,0.0
1630191,22401144,1610612765,8.0,4.0,10.0,2.0,6.0,2.0,4.0,3.0
1631323,22401144,1610612765,2.0,0.0,2.0,0.0,3.0,1.0,0.0,0.0
1641842,22401144,1610612765,5.0,1.0,4.0,0.0,3.0,2.0,1.0,1.0
1631204,22401144,1610612765,8.0,3.0,1.0,0.0,5.0,3.0,1.0,1.0
1629022,22401145,1610612755,29.0,2.0,1.0,0.0,18.0,10.0,4.0,3.0
1630542,22401145,1610612755,6.0,0.0,6.0,1.0,8.0,2.0,2.0,2.0
1641737,22401145,1610612755,16.0,1.0,11.0,2.0,11.0,7.0,4.0,2.0
1630215,22401145,1610612755,8.0,4.0,3.0,1.0,6.0,3.0,2.0,2.0
1629656,22401145,1610612755,29.0,6.0,8.0,0.0,25.0,11.0,6.0,3.0
200768,22401145,1610612755,5.0,1.0,1.0,0.0,5.0,2.0,0.0,0.0
1641720,22401145,1610612755,0.0,1.0,2.0,0.0,2.0,0.0,0.0,0.0
1630658,22401145,1610612755,4.0,3.0,6.0,0.0,3.0,1.0,2.0,2.0
1641741,22401145,1610612755,5.0,2.0,5.0,0.0,6.0,1.0,5.0,3.0
1642024,22401145,1610612755,3.0,0.0,2.0,0.0,4.0,1.0,0.0,0.0
1641796,22401145,1610612748,12.0,2.0,3.0,0.0,6.0,4.0,4.0,2.0
1629312,22401145,1610612748,9.0,0.0,3.0,0.0,10.0,3.0,0.0,0.0
1642276,22401145,1610612748,19.0,2.0,17.0,1.0,16.0,8.0,4.0,3.0
202692,22401145,1610612748,11.0,2.0,0.0,0.0,9.0,4.0,0.0,0.0
1629639,22401145,1610612748,20.0,2.0,5.0,0.0,14.0,8.0,3.0,2.0
1630558,22401145,1610612748,12.0,9.0,4.0,1.0,12.0,5.0,2.0,2.0
203937,22401145,1610612748,8.0,6.0,8.0,2.0,6.0,4.0,0.0,0.0
1629130,22401145,1610612748,21.0,1.0,2.0,1.0,8.0,7.0,2.0,2.0
1631170,22401145,1610612748,5.0,2.0,5.0,1.0,7.0,2.0,0.0,0.0
1630528,22401145,1610612748,0.0,0.0,0.0,0.0,1.0,0.0,0.0,0.0
1642352,22401145,1610612748,0.0,0.0,0.0,0.0,0.0,0.0,0.0,0.0
1630534,22401134,1610612761,15.0,2.0,3.0,0.0,14.0,6.0,1.0,1.0
1629628,22401134,1610612761,13.0,3.0,6.0,1.0,16.0,4.0,11.0,5.0
1642367,22401134,1610612761,17.0,7.0,11.0,2.0,9.0,8.0,1.0,1.0
1642266,22401134,1610612761,8.0,2.0,5.0,1.0,6.0,2.0,2.0,2.0
1642347,22401134,1610612761,9.0,12.0,4.0,0.0,11.0,3.0,2.0,2.0
1642419,22401134,1610612761,12.0,0.0,2.0,0.0,8.0,5.0,0.0,0.0
1631115,22401134,1610612761,11.0,3.0,7.0,0.0,7.0,5.0,2.0,1.0
1630639,22401134,1610612761,13.0,0.0,1.0,0.0,9.0,5.0,3.0,2.0
1631306,22401134,1610612761,12.0,0.0,8.0,0.0,7.0,4.0,0.0,0.0
1631197,22401134,1610612761,10.0,1.0,0.0,0.0,7.0,5.0,0.0,0.0
1630570,22401134,1610612751,13.0,4.0,5.0,0.0,5.0,3.0,10.0,7.0
1630533,22401134,1610612751,11.0,1.0,4.0,2.0,5.0,4.0,2.0,2.0
1631166,22401134,1610612751,13.0,2.0,7.0,0.0,12.0,5.0,2.0,2.0
1630553,22401134,1610612751,13.0,4.0,7.0,1.0,9.0,4.0,4.0,3.0
1641736,22401134,1610612751,14.0,5.0,4.0,0.0,13.0,6.0,2.0,2.0
1630623,22401134,1610612751,7.0,2.0,4.0,1.0,7.0,2.0,4.0,2.0
1641727,22401134,1610612751,13.0,3.0,4.0,0.0,12.0,5.0,0.0,0.0
1641721,22401134,1610612751,13.0,1.0,4.0,2.0,12.0,6.0,0.0,0.0
1641787,22401134,1610612751,12.0,3.0,7.0,1.0,7.0,4.0,3.0,3.0
1628989,22401133,1610612741,13.0,3.0,1.0,0.0,8.0,5.0,0.0,0.0
1641824,22401133,1610612741,10.0,1.0,4.0,1.0,8.0,4.0,2.0,0.0
202696,22401133,1610612741,16.0,4.0,11.0,0.0,12.0,6.0,4.0,2.0
1629632,22401133,1610612741,37.0,5.0,2.0,0.0,16.0,12.0,7.0,7.0
1630581,22401133,1610612741,23.0,8.0,10.0,0.0,13.0,7.0,8.0,7.0
1630172,22401133,1610612741,15.0,0.0,3.0,0.0,8.0,6.0,2.0,2.0
1631207,22401133,1610612741,2.0,2.0,1.0,0.0,5.0,1.0,0.0,0.0
1628380,22401133,1610612741,4.0,2.0,8.0,0.0,6.0,2.0,0.0,0.0
1629659,22401133,1610612741,5.0,1.0,1.0,0.0,4.0,1.0,4.0,3.0
1641763,22401133,1610612741,2.0,0.0,0.0,0.0,4.0,1.0,0.0,0.0
1628975,22401133,1610612741,0.0,0.0,0.0,0.0,0.0,0.0,0.0,0.0
1642443,22401133,1610612741,0.0,0.0,0.0,0.0,0.0,0.0,0.0,0.0
1630604,22401133,1610612741,0.0,0.0,0.0,0.0,0.0,0.0,0.0,0.0
1641801,22401133,1610612741,4.0,0.0,0.0,0.0,2.0,1.0,2.0,2.0
1629006,22401133,1610612766,7.0,2.0,1.0,0.0,3.0,0.0,8.0,7.0
1628970,22401133,1610612766,8.0,2.0,4.0,0.0,12.0,3.0,4.0,2.0
1631109,22401133,1610612766,22.0,2.0,9.0,1.0,11.0,7.0,9.0,8.0
203552,22401133,1610612766,10.0,2.0,1.0,0.0,5.0,4.0,1.0,1.0
1642354,22401133,1610612766,18.0,7.0,3.0,0.0,13.0,7.0,1.0,1.0
1629610,22401133,1610612766,4.0,2.0,2.0,0.0,0.0,0.0,4.0,4.0
1642275,22401133,1610612766,6.0,3.0,6.0,0.0,8.0,3.0,2.0,0.0
1641733,22401133,1610612766,8.0,4.0,2.0,0.0,12.0,3.0,2.0,2.0
203994,22401133,1610612766,18.0,0.0,3.0,1.0,11.0,8.0,0.0,0.0
1631217,22401133,1610612766,8.0,0.0,7.0,0.0,6.0,3.0,3.0,2.0
201959,22401133,1610612766,2.0,0.0,1.0,0.0,2.0,1.0,0.0,0.0
1630170,22401139,1610612759,21.0,2.0,7.0,0.0,16.0,8.0,3.0,2.0
203084,22401139,1610612759,17.0,1.0,7.0,0.0,9.0,6.0,3.0,3.0
202687,22401139,1610612759,10.0,0.0,4.0,1.0,10.0,5.0,0.0,0.0
1642264,22401139,1610612759,22.0,5.0,7.0,0.0,17.0,7.0,9.0,7.0
101108,22401139,1610612759,8.0,9.0,3.0,0.0,6.0,3.0,3.0,2.0
1629640,22401139,1610612759,2.0,1.0,5.0,3.0,11.0,1.0,0.0,0.0
1630577,22401139,1610612759,7.0,0.0,3.0,0.0,4.0,2.0,2.0,1.0
1630572,22401139,1610612759,0.0,2.0,0.0,0.0,3.0,0.0,0.0,0.0
1631104,22401139,1610612759,0.0,1.0,3.0,0.0,3.0,0.0,0.0,0.0
1629162,22401139,1610612759,5.0,3.0,2.0,0.0,2.0,2.0,1.0,1.0
1631103,22401139,1610612759,17.0,2.0,4.0,0.0,14.0,7.0,0.0,0.0
1629680,22401139,1610612757,6.0,2.0,4.0,0.0,6.0,2.0,0.0,0.0
1641739,22401139,1610612757,23.0,3.0,10.0,1.0,16.0,8.0,4.0,3.0
1642270,22401139,1610612757,10.0,0.0,8.0,3.0,5.0,4.0,1.0,1.0
1631101,22401139,1610612757,21.0,6.0,10.0,0.0,17.0,5.0,11.0,9.0
1630625,22401139,1610612757,20.0,6.0,2.0,0.0,16.0,7.0,6.0,4.0
1641712,22401139,1610612757,7.0,3.0,1.0,0.0,9.0,3.0,0.0,0.0
1631200,22401139,1610612757,18.0,4.0,5.0,0.0,11.0,7.0,3.0,3.0
1631133,22401139,1610612757,10.0,0.0,4.0,0.0,5.0,4.0,2.0,1.0
1631303,22401139,1610612757,5.0,1.0,0.0,1.0,4.0,2.0,0.0,0.0
1627752,22400617,1610612749,3.0,3.0,4.0,0.0,4.0,1.0,2.0,1.0
1628398,22400617,1610612749,17.0,4.0,4.0,0.0,13.0,8.0,2.0,1.0
201572,22400617,1610612749,20.0,3.0,12.0,4.0,16.0,8.0,2.0,2.0
1629018,22400617,1610612749,29.0,1.0,5.0,0.0,17.0,10.0,8.0,5.0
1629645,22400617,1610612749,20.0,4.0,8.0,0.0,18.0,8.0,2.0,1.0
1631260,22400617,1610612749,6.0,1.0,3.0,0.0,6.0,2.0,0.0,0.0
1631157,22400617,1610612749,14.0,10.0,7.0,0.0,15.0,5.0,6.0,4.0
1631250,22400617,1610612749,2.0,2.0,5.0,0.0,2.0,1.0,0.0,0.0
1641748,22400617,1610612749,0.0,1.0,3.0,0.0,1.0,0.0,0.0,0.0
1628971,22400617,1610612740,16.0,9.0,4.0,1.0,16.0,7.0,3.0,2.0
1631232,22400617,1610612740,13.0,1.0,10.0,1.0,11.0,5.0,2.0,2.0
1642274,22400617,1610612740,18.0,3.0,12.0,1.0,13.0,9.0,2.0,0.0
1641810,22400617,1610612740,23.0,2.0,2.0,0.0,18.0,8.0,2.0,2.0
203901,22400617,1610612740,0.0,10.0,2.0,0.0,3.0,0.0,0.0,0.0
1631255,22400617,1610612740,11.0,1.0,5.0,2.0,11.0,5.0,0.0,0.0
1631288,22400617,1610612740,4.0,0.0,6.0,1.0,8.0,1.0,4.0,2.0
1630526,22400617,1610612740,5.0,2.0,6.0,0.0,5.0,2.0,0.0,0.0
1631311,22400617,1610612740,17.0,3.0,1.0,0.0,10.0,6.0,1.0,1.0
1641729,22401136,1610612762,15.0,2.0,4.0,1.0,12.0,6.0,0.0,0.0
1630548,22401136,1610612762,15.0,2.0,2.0,0.0,12.0,5.0,0.0,0.0
1642271,22401136,1610612762,9.0,2.0,9.0,1.0,6.0,3.0,3.0,3.0
1629012,22401136,1610612762,27.0,6.0,5.0,0.0,16.0,9.0,7.0,6.0
1642268,22401136,1610612762,17.0,12.0,3.0,1.0,14.0,6.0,5.0,4.0
1641718,22401136,1610612762,35.0,1.0,4.0,0.0,19.0,10.0,9.0,8.0
1629004,22401136,1610612762,7.0,3.0,2.0,0.0,3.0,2.0,4.0,3.0
1630695,22401136,1610612762,0.0,0.0,2.0,1.0,1.0,0.0,0.0,0.0
1630531,22401136,1610612762,9.0,1.0,1.0,0.0,4.0,4.0,0.0,0.0
1642258,22401136,1610612737,16.0,2.0,2.0,0.0,12.0,6.0,2.0,2.0
1627777,22401136,1610612737,6.0,4.0,1.0,0.0,5.0,2.0,0.0,0.0
1630168,22401136,1610612737,27.0,3.0,12.0,1.0,18.0,12.0,1.0,1.0
1630700,22401136,1610612737,19.0,6.0,6.0,0.0,16.0,8.0,2.0,1.0
1629027,22401136,1610612737,23.0,15.0,5.0,1.0,16.0,8.0,4.0,3.0
1627747,22401136,1610612737,21.0,6.0,5.0,0.0,14.0,7.0,5.0,4.0
1630249,22401136,1610612737,17.0,5.0,3.0,0.0,6.0,6.0,0.0,0.0
1631243,22401136,1610612737,8.0,1.0,3.0,1.0,3.0,2.0,3.0,3.0
1629611,22401136,1610612737,10.0,1.0,5.0,0.0,5.0,3.0,3.0,3.0
201942,22401138,1610612758,28.0,7.0,4.0,1.0,18.0,10.0,8.0,6.0
1626168,22401138,1610612758,7.0,1.0,8.0,0.0,6.0,2.0,4.0,2.0
1627734,22401138,1610612758,27.0,7.0,9.0,0.0,15.0,11.0,4.0,4.0
203897,22401138,1610612758,37.0,1.0,2.0,0.0,21.0,15.0,0.0,0.0
1631165,22401138,1610612758,11.0,3.0,3.0,2.0,7.0,4.0,0.0,0.0
1628370,22401138,1610612758,8.0,3.0,7.0,0.0,8.0,1.0,6.0,6.0
1642269,22401138,1610612758,0.0,1.0,2.0,0.0,2.0,0.0,0.0,0.0
1642403,22401138,1610612758,0.0,1.0,2.0,0.0,3.0,0.0,0.0,0.0
202685,22401138,1610612758,2.0,1.0,2.0,0.0,2.0,1.0,0.0,0.0
1629622,22401138,1610612739,11.0,7.0,6.0,0.0,6.0,4.0,2.0,1.0
1630596,22401138,1610612739,16.0,4.0,9.0,2.0,14.0,7.0,5.0,2.0
1628386,22401138,1610612739,17.0,4.0,5.0,0.0,9.0,7.0,4.0,3.0
1628378,22401138,1610612739,19.0,6.0,6.0,0.0,16.0,7.0,7.0,4.0
1629636,22401138,1610612739,9.0,7.0,3.0,0.0,13.0,4.0,0.0,0.0
1629660,22401138,1610612739,20.0,2.0,4.0,0.0,13.0,9.0,1.0,1.0
1629631,22401138,1610612739,11.0,0.0,2.0,2.0,9.0,4.0,0.0,0.0
1630241,22401138,1610612739,0.0,0.0,2.0,1.0,3.0,0.0,0.0,0.0
1630171,22401138,1610612739,7.0,1.0,2.0,0.0,3.0,3.0,0.0,0.0
1629731,22401138,1610612739,3.0,0.0,0.0,0.0,2.0,1.0,0.0,0.0
1628415,22401143,1610612745,24.0,2.0,3.0,0.0,13.0,10.0,2.0,1.0
1641708,22401143,1610612745,14.0,6.0,6.0,2.0,14.0,7.0,0.0,0.0
1630578,22401143,1610612745,19.0,4.0,14.0,0.0,17.0,7.0,10.0,5.0
1630224,22401143,1610612745,21.0,5.0,3.0,1.0,19.0,9.0,2.0,0.0
1627832,22401143,1610612745,3.0,3.0,1.0,1.0,8.0,1.0,2.0,0.0
1631106,22401143,1610612745,4.0,3.0,3.0,1.0,7.0,2.0,0.0,0.0
1631095,22401143,1610612745,16.0,1.0,9.0,0.0,10.0,7.0,0.0,0.0
203500,22401143,1610612745,2.0,1.0,8.0,2.0,2.0,1.0,0.0,0.0
1628988,22401143,1610612745,3.0,1.0,2.0,0.0,2.0,1.0,0.0,0.0
1631466,22401143,1610612745,0.0,0.0,0.0,0.0,0.0,0.0,0.0,0.0
1641715,22401143,1610612745,0.0,0.0,0.0,0.0,0.0,0.0,0.0,0.0
1642263,22401143,1610612745,0.0,0.0,0.0,0.0,1.0,0.0,0.0,0.0
1630256,22401143,1610612745,0.0,0.0,0.0,0.0,0.0,0.0,0.0,0.0
1630541,22401143,1610612744,3.0,0.0,3.0,0.0,7.0,1.0,2.0,0.0
202710,22401143,1610612744,13.0,3.0,5.0,1.0,7.0,4.0,4.0,4.0
203110,22401143,1610612744,2.0,4.0,3.0,0.0,5.0,1.0,0.0,0.0
1641764,22401143,1610612744,19.0,4.0,6.0,0.0,14.0,7.0,1.0,1.0
201939,22401143,1610612744,3.0,8.0,2.0,0.0,10.0,1.0,0.0,0.0
1630228,22401143,1610612744,9.0,3.0,7.0,0.0,9.0,4.0,0.0,0.0
1627741,22401143,1610612744,20.0,2.0,2.0,0.0,14.0,7.0,0.0,0.0
1626172,22401143,1610612744,5.0,0.0,11.0,1.0,4.0,2.0,2.0,1.0
1627780,22401143,1610612744,16.0,2.0,5.0,0.0,14.0,7.0,0.0,0.0
1642366,22401143,1610612744,2.0,0.0,0.0,0.0,1.0,1.0,2.0,0.0
1630611,22401143,1610612744,0.0,0.0,0.0,0.0,0.0,0.0,0.0,0.0
1631218,22401143,1610612744,4.0,0.0,1.0,0.0,3.0,2.0,0.0,0.0
1630311,22401143,1610612744,0.0,2.0,0.0,0.0,1.0,0.0,0.0,0.0
1628995,22401143,1610612744,0.0,0.0,1.0,0.0,0.0,0.0,0.0,0.0
1630174,22401142,1610612754,17.0,0.0,6.0,1.0,10.0,5.0,4.0,4.0
1630167,22401142,1610612754,22.0,1.0,4.0,0.0,18.0,9.0,0.0,0.0
1626167,22401142,1610612754,24.0,1.0,2.0,3.0,16.0,8.0,4.0,4.0
1629614,22401142,1610612754,19.0,6.0,4.0,0.0,14.0,8.0,4.0,3.0
1630169,22401142,1610612754,9.0,14.0,3.0,1.0,8.0,3.0,4.0,2.0
1631097,22401142,1610612754,4.0,4.0,5.0,0.0,3.0,0.0,4.0,4.0
1641716,22401142,1610612754,11.0,1.0,6.0,0.0,5.0,4.0,0.0,0.0
1628418,22401142,1610612754,7.0,0.0,4.0,2.0,7.0,3.0,1.0,1.0
204456,22401142,1610612754,12.0,6.0,3.0,0.0,13.0,6.0,0.0,0.0
1628396,22401142,1610612754,0.0,0.0,0.0,0.0,0.0,0.0,0.0,0.0
1642277,22401142,1610612754,0.0,1.0,4.0,0.0,2.0,0.0,0.0,0.0
1629008,22401142,1610612743,15.0,4.0,6.0,1.0,14.0,6.0,2.0,2.0
203932,22401142,1610612743,5.0,4.0,3.0,0.0,5.0,2.0,2.0,1.0
203999,22401142,1610612743,41.0,13.0,15.0,1.0,33.0,18.0,3.0,2.0
1631128,22401142,1610612743,30.0,4.0,8.0,0.0,16.0,12.0,3.0,3.0
1629618,22401142,1610612743,4.0,2.0,1.0,0.0,5.0,2.0,0.0,0.0
1631212,22401142,1610612743,3.0,0.0,1.0,3.0,2.0,1.0,2.0,1.0
201566,22401142,1610612743,16.0,4.0,5.0,0.0,10.0,6.0,4.0,3.0
1631124,22401142,1610612743,6.0,0.0,3.0,1.0,6.0,3.0,0.0,0.0
201599,22401142,1610612743,0.0,2.0,5.0,1.0,2.0,0.0,2.0,0.0
1642358,22401137,1610612764,12.0,4.0,0.0,0.0,12.0,5.0,0.0,0.0
1630551,22401137,1610612764,15.0,1.0,13.0,0.0,11.0,6.0,0.0,0.0
1642259,22401137,1610612764,16.0,2.0,4.0,1.0,17.0,7.0,0.0,0.0
1629673,22401137,1610612764,15.0,5.0,2.0,0.0,14.0,6.0,2.0,1.0
1642267,22401137,1610612764,14.0,6.0,3.0,1.0,16.0,6.0,2.0,1.0
1641732,22401137,1610612764,9.0,2.0,3.0,1.0,8.0,3.0,2.0,2.0
1630264,22401137,1610612764,6.0,1.0,5.0,0.0,5.0,1.0,4.0,4.0
1630550,22401137,1610612764,3.0,0.0,2.0,0.0,3.0,1.0,0.0,0.0
1627759,22401137,1610612738,15.0,5.0,2.0,0.0,9.0,5.0,4.0,3.0
201143,22401137,1610612738,11.0,4.0,10.0,0.0,12.0,4.0,0.0,0.0
1628436,22401137,1610612738,13.0,3.0,14.0,0.0,9.0,6.0,2.0,1.0
1628401,22401137,1610612738,19.0,4.0,1.0,0.0,12.0,7.0,0.0,0.0
201950,22401137,1610612738,13.0,5.0,7.0,0.0,13.0,5.0,0.0,0.0
1630573,22401137,1610612738,18.0,0.0,8.0,1.0,12.0,7.0,0.0,0.0
1630202,22401137,1610612738,20.0,7.0,6.0,0.0,18.0,8.0,0.0,0.0
1631248,22401137,1610612738,6.0,2.0,4.0,0.0,6.0,2.0,0.0,0.0
1628470,22401137,1610612738,3.0,2.0,8.0,3.0,3.0,1.0,0.0,0.0
1630214,22401137,1610612738,0.0,0.0,0.0,0.0,1.0,0.0,0.0,0.0
1641775,22401137,1610612738,0.0,0.0,2.0,0.0,0.0,0.0,0.0,0.0
1629674,22401137,1610612738,6.0,1.0,0.0,1.0,3.0,3.0,0.0,0.0
1642346,22401140,1610612756,4.0,2.0,8.0,0.0,7.0,2.0,0.0,0.0
1626220,22401140,1610612756,5.0,3.0,2.0,0.0,6.0,2.0,0.0,0.0
1630208,22401140,1610612756,5.0,0.0,2.0,1.0,2.0,2.0,1.0,1.0
203078,22401140,1610612756,16.0,2.0,2.0,2.0,19.0,8.0,2.0,0.0
1626164,22401140,1610612756,40.0,3.0,4.0,0.0,29.0,16.0,7.0,6.0
1631221,22401140,1610612756,0.0,4.0,4.0,0.0,6.0,0.0,0.0,0.0
1642345,22401140,1610612756,8.0,3.0,3.0,0.0,4.0,4.0,0.0,0.0
1628960,22401140,1610612756,15.0,1.0,6.0,0.0,13.0,4.0,7.0,7.0
1628998,22401140,1610612756,0.0,0.0,0.0,0.0,1.0,0.0,0.0,0.0
1626145,22401140,1610612756,5.0,2.0,4.0,0.0,5.0,1.0,2.0,2.0
1628384,22401140,1610612752,32.0,3.0,6.0,0.0,17.0,13.0,0.0,0.0
1628404,22401140,1610612752,7.0,5.0,10.0,0.0,6.0,2.0,4.0,3.0
1626157,22401140,1610612752,19.0,1.0,13.0,1.0,13.0,7.0,6.0,5.0
1628969,22401140,1610612752,22.0,4.0,6.0,1.0,14.0,8.0,4.0,4.0
1628973,22401140,1610612752,15.0,6.0,2.0,0.0,9.0,3.0,10.0,8.0
1629011,22401140,1610612752,2.0,1.0,2.0,1.0,2.0,1.0,0.0,0.0
1629013,22401140,1610612752,5.0,0.0,1.0,0.0,3.0,2.0,0.0,0.0
1630540,22401140,1610612752,8.0,2.0,0.0,0.0,6.0,3.0,0.0,0.0
1626166,22401140,1610612752,2.0,6.0,1.0,0.0,4.0,1.0,0.0,0.0
2544,22401135,1610612747,19.0,7.0,3.0,0.0,16.0,9.0,0.0,0.0
1629060,22401135,1610612747,11.0,1.0,7.0,1.0,10.0,4.0,1.0,1.0
1629637,22401135,1610612747,7.0,0.0,5.0,0.0,4.0,3.0,4.0,1.0
1630559,22401135,1610612747,20.0,3.0,2.0,1.0,15.0,7.0,2.0,2.0
1629029,22401135,1610612747,30.0,6.0,7.0,0.0,20.0,11.0,4.0,3.0
1627827,22401135,1610612747,14.0,2.0,7.0,0.0,5.0,4.0,2.0,2.0
1629216,22401135,1610612747,12.0,3.0,3.0,0.0,7.0,4.0,0.0,0.0
1630692,22401135,1610612747,4.0,2.0,5.0,0.0,4.0,2.0,0.0,0.0
1629020,22401135,1610612747,3.0,1.0,2.0,0.0,1.0,0.0,4.0,3.0
1642261,22401135,1610612747,3.0,0.0,0.0,0.0,1.0,1.0,0.0,0.0
1642355,22401135,1610612747,3.0,0.0,1.0,0.0,1.0,1.0,0.0,0.0
1631132,22401135,1610612747,0.0,0.0,1.0,0.0,0.0,0.0,0.0,0.0
1631114,22401135,1610612760,16.0,3.0,6.0,0.0,14.0,4.0,8.0,7.0
1631096,22401135,1610612760,10.0,1.0,3.0,1.0,6.0,4.0,0.0,0.0
1628392,22401135,1610612760,8.0,0.0,6.0,0.0,4.0,4.0,0.0,0.0
1629652,22401135,1610612760,9.0,1.0,2.0,0.0,8.0,3.0,0.0,0.0
1628983,22401135,1610612760,26.0,9.0,3.0,1.0,23.0,12.0,0.0,0.0
1629026,22401135,1610612760,5.0,0.0,0.0,0.0,7.0,2.0,0.0,0.0
1630198,22401135,1610612760,6.0,2.0,0.0,0.0,6.0,2.0,0.0,0.0
1641717,22401135,1610612760,8.0,0.0,1.0,0.0,7.0,4.0,0.0,0.0
1627936,22401135,1610612760,7.0,2.0,3.0,1.0,9.0,3.0,0.0,0.0
1630598,22401135,1610612760,4.0,1.0,5.0,0.0,6.0,1.0,4.0,2.0
1641794,22401135,1610612760,0.0,1.0,5.0,0.0,0.0,0.0,0.0,0.0
1630183,22401130,1610612750,2.0,1.0,3.0,1.0,6.0,0.0,2.0,2.0
203944,22401130,1610612750,15.0,4.0,5.0,0.0,11.0,5.0,9.0,5.0
203497,22401130,1610612750,23.0,2.0,19.0,3.0,11.0,10.0,4.0,3.0
1630162,22401130,1610612750,37.0,2.0,2.0,1.0,21.0,12.0,8.0,7.0
201144,22401130,1610612750,8.0,4.0,4.0,0.0,7.0,3.0,0.0,0.0
1628978,22401130,1610612750,13.0,1.0,4.0,0.0,9.0,5.0,0.0,0.0
1629675,22401130,1610612750,9.0,2.0,7.0,2.0,10.0,4.0,2.0,1.0
1629638,22401130,1610612750,7.0,5.0,2.0,0.0,5.0,2.0,4.0,3.0
1641740,22401130,1610612750,0.0,1.0,1.0,0.0,1.0,0.0,0.0,0.0
1642348,22401130,1610612755,5.0,0.0,1.0,1.0,5.0,2.0,0.0,0.0
1627824,22401130,1610612755,19.0,4.0,4.0,0.0,15.0,8.0,4.0,3.0
1641737,22401130,1610612755,4.0,2.0,10.0,1.0,5.0,2.0,0.0,0.0
1629656,22401130,1610612755,28.0,2.0,3.0,0.0,18.0,10.0,2.0,2.0
1630215,22401130,1610612755,16.0,8.0,1.0,0.0,15.0,7.0,2.0,1.0
1629022,22401130,1610612755,18.0,5.0,3.0,1.0,12.0,6.0,5.0,3.0
1641741,22401130,1610612755,0.0,0.0,0.0,0.0,0.0,0.0,0.0,0.0
1630658,22401130,1610612755,6.0,2.0,6.0,0.0,6.0,3.0,2.0,0.0
1641720,22401130,1610612755,7.0,2.0,1.0,0.0,9.0,3.0,0.0,0.0
1630542,22401130,1610612755,6.0,1.0,5.0,1.0,6.0,3.0,0.0,0.0
1628398,22401131,1610612749,9.0,2.0,2.0,0.0,13.0,4.0,0.0,0.0
203507,22401131,1610612749,36.0,10.0,15.0,1.0,21.0,13.0,14.0,10.0
201572,22401131,1610612749,17.0,0.0,5.0,1.0,11.0,7.0,2.0,2.0
1627752,22401131,1610612749,9.0,2.0,5.0,0.0,6.0,3.0,3.0,3.0
1631157,22401131,1610612749,5.0,2.0,1.0,1.0,3.0,2.0,0.0,0.0
1629018,22401131,1610612749,2.0,1.0,1.0,0.0,7.0,1.0,0.0,0.0
1629645,22401131,1610612749,24.0,8.0,12.0,0.0,16.0,8.0,7.0,6.0
1631260,22401131,1610612749,10.0,2.0,3.0,0.0,5.0,3.0,3.0,2.0
1641748,22401131,1610612749,0.0,0.0,1.0,0.0,0.0,0.0,0.0,0.0
1626192,22401131,1610612749,9.0,2.0,2.0,0.0,5.0,4.0,0.0,0.0
1629130,22401131,1610612748,16.0,3.0,2.0,0.0,15.0,6.0,0.0,0.0
1628389,22401131,1610612748,31.0,5.0,12.0,1.0,25.0,11.0,6.0,6.0
1642276,22401131,1610612748,7.0,1.0,6.0,0.0,4.0,3.0,2.0,1.0
202692,22401131,1610612748,24.0,2.0,5.0,0.0,18.0,8.0,2.0,2.0
1641796,22401131,1610612748,3.0,3.0,4.0,0.0,8.0,1.0,0.0,0.0
1630558,22401131,1610612748,20.0,5.0,2.0,0.0,15.0,8.0,4.0,3.0
1629312,22401131,1610612748,2.0,2.0,6.0,0.0,5.0,1.0,0.0,0.0
203937,22401131,1610612748,12.0,3.0,14.0,0.0,10.0,5.0,2.0,2.0
1626179,22401131,1610612748,0.0,0.0,1.0,0.0,2.0,0.0,0.0,0.0
1629023,22401132,1610612742,12.0,1.0,5.0,3.0,7.0,3.0,8.0,6.0
203076,22401132,1610612742,27.0,0.0,9.0,0.0,19.0,8.0,13.0,10.0
1641726,22401132,1610612742,2.0,0.0,3.0,1.0,3.0,1.0,0.0,0.0
202691,22401132,1610612742,14.0,0.0,1.0,0.0,10.0,5.0,0.0,0.0
203915,22401132,1610612742,8.0,9.0,6.0,0.0,11.0,1.0,6.0,5.0
1630230,22401132,1610612742,9.0,1.0,2.0,1.0,5.0,2.0,6.0,5.0
1630539,22401132,1610612742,18.0,0.0,7.0,3.0,9.0,9.0,1.0,0.0
1631108,22401132,1610612742,7.0,2.0,2.0,0.0,3.0,2.0,2.0,2.0
1628997,22401132,1610612742,7.0,5.0,5.0,0.0,9.0,3.0,2.0,1.0
203939,22401132,1610612742,0.0,0.0,1.0,0.0,2.0,0.0,0.0,0.0
1626181,22401132,1610612746,9.0,0.0,1.0,0.0,13.0,4.0,2.0,0.0
202695,22401132,1610612746,29.0,3.0,6.0,1.0,19.0,12.0,2.0,2.0
1627826,22401132,1610612746,25.0,2.0,10.0,1.0,11.0,11.0,3.0,3.0
1627739,22401132,1610612746,3.0,2.0,0.0,0.0,1.0,1.0,0.0,0.0
201935,22401132,1610612746,29.0,14.0,7.0,0.0,19.0,10.0,9.0,8.0
1627884,22401132,1610612746,7.0,1.0,4.0,0.0,7.0,3.0,2.0,1.0
203992,22401132,1610612746,7.0,3.0,4.0,0.0,5.0,3.0,0.0,0.0
201587,22401132,1610612746,6.0,0.0,5.0,0.0,3.0,2.0,0.0,0.0
1627732,22401132,1610612746,2.0,3.0,0.0,0.0,1.0,1.0,0.0,0.0
1642353,22401132,1610612746,2.0,1.0,3.0,1.0,5.0,1.0,0.0,0.0
1641757,22401132,1610612746,4.0,0.0,0.0,0.0,3.0,1.0,2.0,2.0
1641738,22401132,1610612746,3.0,0.0,3.0,0.0,2.0,1.0,0.0,0.0
1629234,22401132,1610612746,4.0,1.0,1.0,0.0,3.0,2.0,0.0,0.0
201988,22401132,1610612746,5.0,1.0,1.0,0.0,4.0,2.0,0.0,0.0
1642377,22401129,1610612763,7.0,1.0,3.0,0.0,8.0,1.0,4.0,4.0
1628991,22401129,1610612763,27.0,2.0,11.0,0.0,23.0,9.0,11.0,8.0
1641744,22401129,1610612763,6.0,6.0,21.0,1.0,8.0,3.0,2.0,0.0
1630217,22401129,1610612763,38.0,3.0,7.0,0.0,23.0,15.0,4.0,4.0
1630590,22401129,1610612763,15.0,3.0,6.0,2.0,10.0,5.0,4.0,3.0
1630583,22401129,1610612763,9.0,2.0,5.0,0.0,6.0,3.0,4.0,3.0
1630643,22401129,1610612763,0.0,0.0,0.0,0.0,4.0,0.0,0.0,0.0
1628379,22401129,1610612763,4.0,2.0,7.0,0.0,6.0,2.0,0.0,0.0
1641713,22401129,1610612763,0.0,0.0,4.0,0.0,5.0,0.0,0.0,0.0
1642285,22401129,1610612763,3.0,0.0,0.0,0.0,1.0,1.0,0.0,0.0
203501,22401129,1610612765,9.0,3.0,3.0,0.0,10.0,2.0,4.0,4.0
1641709,22401129,1610612765,18.0,5.0,11.0,1.0,9.0,7.0,6.0,4.0
1630191,22401129,1610612765,16.0,4.0,8.0,3.0,11.0,7.0,0.0,0.0
203471,22401129,1610612765,10.0,4.0,2.0,0.0,8.0,3.0,2.0,2.0
1630595,22401129,1610612765,25.0,4.0,9.0,1.0,24.0,9.0,7.0,5.0
1627736,22401129,1610612765,11.0,0.0,3.0,0.0,16.0,4.0,0.0,0.0
1631204,22401129,1610612765,7.0,2.0,1.0,0.0,8.0,3.0,0.0,0.0
1631323,22401129,1610612765,2.0,0.0,4.0,0.0,4.0,0.0,2.0,2.0
1630194,22401129,1610612765,2.0,2.0,3.0,0.0,5.0,1.0,0.0,0.0
1641842,22401129,1610612765,3.0,0.0,0.0,1.0,1.0,1.0,2.0,1.0
1628404,22401128,1610612752,16.0,11.0,9.0,0.0,8.0,5.0,5.0,4.0
1628384,22401128,1610612752,24.0,4.0,4.0,3.0,17.0,9.0,5.0,4.0
1626157,22401128,1610612752,30.0,3.0,11.0,0.0,15.0,10.0,9.0,8.0
1628969,22401128,1610612752,20.0,5.0,3.0,0.0,13.0,9.0,0.0,0.0
1626153,22401128,1610612752,10.0,2.0,1.0,0.0,7.0,4.0,0.0,0.0
1630173,22401128,1610612752,6.0,0.0,3.0,2.0,8.0,3.0,0.0,0.0
1629013,22401128,1610612752,12.0,2.0,4.0,0.0,11.0,4.0,0.0,0.0
1626166,22401128,1610612752,3.0,5.0,3.0,0.0,5.0,1.0,0.0,0.0
1641755,22401128,1610612752,0.0,0.0,0.0,0.0,0.0,0.0,0.0,0.0
1642258,22401128,1610612737,12.0,1.0,4.0,1.0,10.0,5.0,0.0,0.0
1631243,22401128,1610612737,6.0,1.0,3.0,1.0,3.0,2.0,2.0,2.0
1630168,22401128,1610612737,6.0,2.0,5.0,0.0,4.0,2.0,4.0,2.0
1630700,22401128,1610612737,12.0,1.0,2.0,1.0,8.0,5.0,2.0,1.0
1629027,22401128,1610612737,16.0,9.0,1.0,0.0,15.0,5.0,3.0,3.0
1627777,22401128,1610612737,13.0,1.0,4.0,0.0,16.0,5.0,0.0,0.0
1627747,22401128,1610612737,14.0,3.0,4.0,1.0,11.0,6.0,1.0,1.0
1631230,22401128,1610612737,2.0,1.0,3.0,1.0,4.0,1.0,0.0,0.0
1629611,22401128,1610612737,14.0,1.0,6.0,0.0,8.0,6.0,0.0,0.0
1630249,22401128,1610612737,8.0,1.0,3.0,1.0,6.0,3.0,0.0,0.0
1630811,22401128,1610612737,2.0,3.0,1.0,1.0,2.0,1.0,0.0,0.0
1631342,22401128,1610612737,0.0,0.0,2.0,0.0,1.0,0.0,0.0,0.0
1629008,22401125,1610612743,23.0,2.0,9.0,1.0,15.0,9.0,2.0,2.0
203932,22401125,1610612743,15.0,8.0,2.0,1.0,8.0,4.0,7.0,7.0
203999,22401125,1610612743,33.0,9.0,12.0,0.0,17.0,13.0,3.0,3.0
1631128,22401125,1610612743,16.0,4.0,7.0,0.0,12.0,7.0,1.0,0.0
1631212,22401125,1610612743,4.0,0.0,3.0,0.0,6.0,2.0,0.0,0.0
201566,22401125,1610612743,5.0,2.0,4.0,1.0,9.0,2.0,0.0,0.0
1630192,22401125,1610612743,0.0,0.0,0.0,0.0,0.0,0.0,0.0,0.0
1629618,22401125,1610612743,8.0,3.0,1.0,1.0,7.0,3.0,0.0,0.0
1628427,22401125,1610612743,0.0,0.0,0.0,0.0,0.0,0.0,0.0,0.0
1631124,22401125,1610612743,0.0,0.0,0.0,0.0,0.0,0.0,0.0,0.0
1641816,22401125,1610612743,0.0,0.0,0.0,0.0,0.0,0.0,0.0,0.0
1641725,22401125,1610612743,0.0,0.0,0.0,0.0,0.0,0.0,0.0,0.0
1630541,22401125,1610612744,8.0,0.0,3.0,0.0,3.0,2.0,2.0,2.0
202710,22401125,1610612744,19.0,5.0,3.0,0.0,13.0,6.0,6.0,6.0
203110,22401125,1610612744,8.0,3.0,3.0,1.0,8.0,4.0,1.0,0.0
1641764,22401125,1610612744,26.0,6.0,8.0,0.0,16.0,10.0,2.0,2.0
201939,22401125,1610612744,36.0,5.0,2.0,0.0,24.0,13.0,3.0,3.0
1627741,22401125,1610612744,5.0,0.0,2.0,1.0,6.0,2.0,0.0,0.0
1630228,22401125,1610612744,6.0,1.0,1.0,0.0,9.0,3.0,0.0,0.0
1627780,22401125,1610612744,0.0,1.0,0.0,0.0,1.0,0.0,0.0,0.0
1626172,22401125,1610612744,7.0,2.0,7.0,0.0,3.0,2.0,4.0,3.0
1642366,22401125,1610612744,3.0,0.0,4.0,0.0,4.0,1.0,0.0,0.0
1630611,22401125,1610612744,0.0,2.0,3.0,0.0,1.0,0.0,0.0,0.0
1631218,22401125,1610612744,0.0,0.0,0.0,0.0,0.0,0.0,0.0,0.0
1630311,22401125,1610612744,0.0,0.0,0.0,0.0,0.0,0.0,0.0,0.0
1630296,22401125,1610612744,0.0,0.0,0.0,0.0,0.0,0.0,0.0,0.0
1628995,22401125,1610612744,0.0,0.0,0.0,0.0,0.0,0.0,0.0,0.0
1630230,22401127,1610612742,22.0,4.0,4.0,0.0,14.0,8.0,8.0,6.0
1629023,22401127,1610612742,9.0,2.0,10.0,0.0,7.0,4.0,2.0,0.0
1629655,22401127,1610612742,4.0,0.0,5.0,0.0,5.0,2.0,2.0,0.0
202691,22401127,1610612742,2.0,0.0,0.0,0.0,3.0,1.0,0.0,0.0
203915,22401127,1610612742,18.0,4.0,3.0,0.0,13.0,7.0,3.0,2.0
1631108,22401127,1610612742,11.0,1.0,6.0,0.0,14.0,4.0,2.0,2.0
1630702,22401127,1610612742,16.0,5.0,5.0,0.0,14.0,5.0,8.0,6.0
1630539,22401127,1610612742,9.0,2.0,3.0,0.0,6.0,4.0,1.0,1.0
1628997,22401127,1610612742,0.0,0.0,1.0,0.0,1.0,0.0,0.0,0.0
203939,22401127,1610612742,0.0,1.0,2.0,0.0,0.0,0.0,0.0,0.0
1626181,22401127,1610612746,14.0,2.0,1.0,0.0,11.0,5.0,2.0,2.0
202695,22401127,1610612746,20.0,2.0,6.0,0.0,17.0,8.0,2.0,2.0
1627826,22401127,1610612746,14.0,2.0,13.0,1.0,14.0,6.0,4.0,2.0
1627739,22401127,1610612746,9.0,0.0,6.0,0.0,6.0,4.0,0.0,0.0
201935,22401127,1610612746,13.0,5.0,4.0,0.0,11.0,4.0,4.0,4.0
203992,22401127,1610612746,12.0,6.0,4.0,0.0,8.0,4.0,0.0,0.0
1627884,22401127,1610612746,8.0,0.0,1.0,1.0,3.0,3.0,2.0,1.0
201587,22401127,1610612746,0.0,0.0,0.0,0.0,0.0,0.0,0.0,0.0
1629234,22401127,1610612746,12.0,2.0,7.0,1.0,7.0,6.0,0.0,0.0
1641738,22401127,1610612746,0.0,4.0,2.0,1.0,4.0,0.0,0.0,0.0
201988,22401127,1610612746,3.0,0.0,0.0,0.0,2.0,1.0,0.0,0.0
1642280,22401127,1610612746,0.0,0.0,0.0,0.0,1.0,0.0,0.0,0.0
1642353,22401127,1610612746,3.0,0.0,2.0,0.0,3.0,1.0,2.0,1.0
1631116,22401127,1610612746,6.0,0.0,2.0,0.0,2.0,2.0,0.0,0.0
1629622,22401124,1610612739,3.0,3.0,6.0,0.0,5.0,1.0,0.0,0.0
1630596,22401124,1610612739,25.0,5.0,12.0,3.0,13.0,10.0,2.0,1.0
1628386,22401124,1610612739,4.0,3.0,4.0,0.0,2.0,2.0,0.0,0.0
1628378,22401124,1610612739,26.0,7.0,3.0,1.0,18.0,8.0,6.0,4.0
1629636,22401124,1610612739,19.0,7.0,2.0,0.0,16.0,6.0,4.0,3.0
1630241,22401124,1610612739,9.0,2.0,2.0,0.0,7.0,3.0,0.0,0.0
1629631,22401124,1610612739,18.0,3.0,7.0,0.0,16.0,7.0,0.0,0.0
1630171,22401124,1610612739,6.0,0.0,4.0,0.0,6.0,3.0,0.0,0.0
1629750,22401124,1610612739,2.0,0.0,3.0,0.0,4.0,1.0,0.0,0.0
1641854,22401124,1610612739,2.0,1.0,1.0,0.0,0.0,0.0,2.0,2.0
1630170,22401124,1610612759,24.0,3.0,4.0,0.0,18.0,9.0,0.0,0.0
203084,22401124,1610612759,23.0,1.0,0.0,0.0,14.0,7.0,6.0,5.0
202687,22401124,1610612759,6.0,1.0,10.0,3.0,4.0,3.0,0.0,0.0
1642264,22401124,1610612759,22.0,11.0,9.0,0.0,16.0,8.0,6.0,5.0
101108,22401124,1610612759,9.0,8.0,4.0,1.0,10.0,4.0,0.0,0.0
1629640,22401124,1610612759,7.0,3.0,4.0,0.0,10.0,3.0,0.0,0.0
1631104,22401124,1610612759,2.0,0.0,2.0,0.0,7.0,0.0,4.0,2.0
1630572,22401124,1610612759,5.0,0.0,5.0,0.0,5.0,2.0,0.0,0.0
1630577,22401124,1610612759,15.0,0.0,6.0,0.0,9.0,5.0,3.0,3.0
1629162,22401124,1610612759,0.0,0.0,0.0,0.0,0.0,0.0,0.0,0.0
1629646,22401124,1610612759,0.0,0.0,0.0,0.0,1.0,0.0,0.0,0.0
1631232,22401126,1610612740,9.0,1.0,4.0,0.0,9.0,4.0,2.0,1.0
203482,22401126,1610612740,12.0,2.0,3.0,1.0,8.0,4.0,6.0,4.0
1642274,22401126,1610612740,13.0,2.0,11.0,1.0,8.0,5.0,5.0,3.0
1628971,22401126,1610612740,1.0,1.0,6.0,0.0,5.0,0.0,2.0,1.0
1630631,22401126,1610612740,27.0,5.0,4.0,0.0,21.0,10.0,3.0,1.0
1630526,22401126,1610612740,8.0,0.0,3.0,0.0,3.0,2.0,2.0,2.0
1631288,22401126,1610612740,11.0,1.0,1.0,0.0,7.0,4.0,0.0,0.0
1631255,22401126,1610612740,15.0,2.0,6.0,0.0,7.0,6.0,2.0,2.0
1641810,22401126,1610612740,10.0,0.0,0.0,0.0,10.0,4.0,0.0,0.0
203901,22401126,1610612740,2.0,12.0,0.0,0.0,3.0,1.0,0.0,0.0
1631311,22401126,1610612740,0.0,1.0,0.0,0.0,1.0,0.0,0.0,0.0
1627827,22401126,1610612747,5.0,2.0,2.0,0.0,4.0,2.0,0.0,0.0
2544,22401126,1610612747,27.0,8.0,0.0,0.0,17.0,9.0,8.0,7.0
1629637,22401126,1610612747,6.0,0.0,12.0,2.0,4.0,3.0,0.0,0.0
1630559,22401126,1610612747,30.0,7.0,3.0,0.0,13.0,8.0,9.0,8.0
1629029,22401126,1610612747,35.0,6.0,6.0,0.0,21.0,10.0,11.0,11.0
1630692,22401126,1610612747,2.0,2.0,5.0,0.0,4.0,1.0,0.0,0.0
1629216,22401126,1610612747,5.0,1.0,3.0,0.0,4.0,2.0,0.0,0.0
1629020,22401126,1610612747,2.0,0.0,3.0,0.0,2.0,1.0,0.0,0.0
1642261,22401126,1610612747,12.0,0.0,1.0,0.0,10.0,5.0,0.0,0.0
1641998,22401126,1610612747,0.0,0.0,1.0,0.0,0.0,0.0,0.0,0.0
1629003,22401126,1610612747,0.0,0.0,0.0,0.0,0.0,0.0,0.0,0.0
201942,22401118,1610612758,22.0,3.0,4.0,0.0,13.0,6.0,10.0,9.0
1631099,22401118,1610612758,5.0,2.0,3.0,2.0,8.0,2.0,0.0,0.0
1627734,22401118,1610612758,24.0,7.0,11.0,0.0,16.0,9.0,7.0,6.0
1631165,22401118,1610612758,3.0,0.0,2.0,1.0,2.0,1.0,0.0,0.0
203897,22401118,1610612758,25.0,3.0,10.0,0.0,19.0,9.0,3.0,3.0
1628370,22401118,1610612758,17.0,3.0,1.0,0.0,12.0,7.0,0.0,0.0
1626168,22401118,1610612758,12.0,2.0,3.0,0.0,5.0,4.0,2.0,1.0
202685,22401118,1610612758,6.0,2.0,7.0,0.0,4.0,3.0,1.0,0.0
1642269,22401118,1610612758,0.0,1.0,0.0,0.0,2.0,0.0,0.0,0.0
1628365,22401118,1610612758,2.0,2.0,0.0,0.0,3.0,1.0,0.0,0.0
1642403,22401118,1610612758,3.0,0.0,0.0,0.0,2.0,1.0,0.0,0.0
203926,22401118,1610612758,3.0,0.0,1.0,0.0,2.0,1.0,0.0,0.0
203109,22401118,1610612758,3.0,1.0,2.0,0.0,3.0,1.0,0.0,0.0
1629610,22401118,1610612766,8.0,1.0,4.0,0.0,7.0,3.0,2.0,1.0
1628970,22401118,1610612766,22.0,1.0,2.0,0.0,21.0,7.0,6.0,6.0
203994,22401118,1610612766,8.0,3.0,8.0,1.0,10.0,3.0,2.0,2.0
203552,22401118,1610612766,9.0,1.0,6.0,0.0,7.0,3.0,2.0,2.0
1642354,22401118,1610612766,13.0,4.0,1.0,0.0,10.0,6.0,0.0,0.0
1642275,22401118,1610612766,13.0,2.0,5.0,0.0,12.0,3.0,5.0,5.0
1629006,22401118,1610612766,6.0,0.0,3.0,1.0,3.0,1.0,5.0,4.0
1631217,22401118,1610612766,15.0,0.0,11.0,0.0,9.0,6.0,4.0,3.0
201959,22401118,1610612766,1.0,1.0,4.0,0.0,1.0,0.0,4.0,1.0
1629680,22401122,1610612757,7.0,2.0,4.0,1.0,8.0,3.0,0.0,0.0
1630166,22401122,1610612757,37.0,5.0,11.0,0.0,25.0,12.0,14.0,11.0
1642270,22401122,1610612757,7.0,1.0,18.0,1.0,11.0,3.0,0.0,0.0
1631101,22401122,1610612757,17.0,5.0,2.0,0.0,23.0,7.0,2.0,2.0
1630625,22401122,1610612757,21.0,3.0,3.0,1.0,22.0,9.0,2.0,1.0
1631200,22401122,1610612757,8.0,2.0,5.0,1.0,9.0,3.0,0.0,0.0
1631133,22401122,1610612757,7.0,4.0,6.0,0.0,7.0,3.0,0.0,0.0
1641712,22401122,1610612757,7.0,0.0,4.0,1.0,9.0,3.0,0.0,0.0
1631303,22401122,1610612757,2.0,1.0,1.0,0.0,1.0,1.0,0.0,0.0
1628989,22401122,1610612741,9.0,1.0,2.0,1.0,10.0,3.0,0.0,0.0
1641824,22401122,1610612741,12.0,1.0,12.0,3.0,10.0,5.0,1.0,0.0
202696,22401122,1610612741,31.0,2.0,12.0,2.0,22.0,13.0,3.0,3.0
1629632,22401122,1610612741,31.0,7.0,5.0,0.0,16.0,9.0,12.0,11.0
1630581,22401122,1610612741,15.0,12.0,19.0,0.0,13.0,4.0,9.0,7.0
1631207,22401122,1610612741,0.0,1.0,4.0,1.0,2.0,0.0,0.0,0.0
1630172,22401122,1610612741,2.0,0.0,5.0,0.0,5.0,1.0,0.0,0.0
1629659,22401122,1610612741,13.0,0.0,0.0,0.0,5.0,4.0,6.0,5.0
1628380,22401122,1610612741,5.0,0.0,2.0,1.0,4.0,2.0,0.0,0.0
1641763,22401122,1610612741,0.0,1.0,0.0,0.0,0.0,0.0,0.0,0.0
1626220,22401120,1610612756,12.0,2.0,6.0,0.0,11.0,4.0,0.0,0.0
1642346,22401120,1610612756,5.0,0.0,1.0,0.0,8.0,2.0,0.0,0.0
1642345,22401120,1610612756,12.0,1.0,7.0,0.0,8.0,6.0,1.0,0.0
203078,22401120,1610612756,1.0,5.0,4.0,1.0,7.0,0.0,2.0,1.0
1626164,22401120,1610612756,37.0,6.0,5.0,0.0,29.0,15.0,5.0,5.0
1628960,22401120,1610612756,8.0,1.0,1.0,0.0,6.0,3.0,1.0,1.0
1631221,22401120,1610612756,8.0,0.0,2.0,0.0,6.0,3.0,0.0,0.0
1630208,22401120,1610612756,4.0,0.0,7.0,0.0,3.0,2.0,0.0,0.0
1628998,22401120,1610612756,4.0,1.0,5.0,1.0,4.0,1.0,2.0,2.0
1626145,22401120,1610612756,12.0,6.0,1.0,0.0,9.0,5.0,0.0,0.0
1627814,22401120,1610612756,0.0,0.0,0.0,0.0,2.0,0.0,0.0,0.0
1629626,22401120,1610612756,0.0,1.0,1.0,0.0,0.0,0.0,0.0,0.0
203995,22401120,1610612756,0.0,1.0,0.0,0.0,0.0,0.0,0.0,0.0
1627759,22401120,1610612738,31.0,3.0,5.0,0.0,16.0,10.0,9.0,8.0
1628369,22401120,1610612738,23.0,8.0,8.0,1.0,18.0,9.0,5.0,4.0
204001,22401120,1610612738,15.0,1.0,4.0,1.0,12.0,5.0,4.0,3.0
1628401,22401120,1610612738,12.0,7.0,9.0,0.0,9.0,4.0,0.0,0.0
201950,22401120,1610612738,4.0,2.0,5.0,1.0,3.0,1.0,2.0,2.0
1630202,22401120,1610612738,10.0,3.0,1.0,0.0,5.0,4.0,0.0,0.0
1628436,22401120,1610612738,12.0,0.0,4.0,0.0,7.0,5.0,2.0,2.0
201143,22401120,1610612738,7.0,2.0,3.0,1.0,5.0,3.0,0.0,0.0
1630573,22401120,1610612738,5.0,1.0,5.0,0.0,6.0,2.0,0.0,0.0
1641809,22401120,1610612738,0.0,0.0,1.0,0.0,1.0,0.0,0.0,0.0
1630214,22401120,1610612738,0.0,0.0,1.0,0.0,0.0,0.0,0.0,0.0
1641775,22401120,1610612738,0.0,1.0,0.0,0.0,1.0,0.0,0.0,0.0
1631248,22401120,1610612738,2.0,0.0,1.0,0.0,3.0,1.0,0.0,0.0
1629674,22401120,1610612738,2.0,0.0,2.0,0.0,1.0,1.0,0.0,0.0
1631114,22401123,1610612760,33.0,4.0,3.0,1.0,21.0,13.0,6.0,5.0
1631096,22401123,1610612760,20.0,1.0,4.0,2.0,10.0,6.0,2.0,2.0
1628392,22401123,1610612760,16.0,4.0,7.0,2.0,9.0,8.0,1.0,0.0
1629652,22401123,1610612760,2.0,3.0,4.0,0.0,6.0,1.0,0.0,0.0
1628983,22401123,1610612760,22.0,8.0,4.0,0.0,22.0,10.0,2.0,1.0
1629026,22401123,1610612760,3.0,0.0,1.0,0.0,3.0,1.0,0.0,0.0
1641717,22401123,1610612760,2.0,2.0,2.0,0.0,7.0,1.0,0.0,0.0
1627936,22401123,1610612760,2.0,1.0,4.0,1.0,4.0,0.0,2.0,2.0
1630598,22401123,1610612760,8.0,0.0,3.0,0.0,6.0,2.0,2.0,2.0
1641794,22401123,1610612760,0.0,1.0,0.0,0.0,0.0,0.0,0.0,0.0
1642382,22401123,1610612760,3.0,0.0,1.0,0.0,1.0,1.0,0.0,0.0
1641708,22401123,1610612745,16.0,6.0,8.0,2.0,9.0,6.0,2.0,2.0
1630578,22401123,1610612745,31.0,4.0,2.0,0.0,21.0,11.0,12.0,9.0
203500,22401123,1610612745,8.0,0.0,12.0,1.0,7.0,4.0,0.0,0.0
1630224,22401123,1610612745,34.0,5.0,4.0,1.0,24.0,11.0,10.0,9.0
1627832,22401123,1610612745,13.0,6.0,0.0,0.0,9.0,5.0,0.0,0.0
1631106,22401123,1610612745,5.0,1.0,4.0,1.0,10.0,2.0,0.0,0.0
1631095,22401123,1610612745,9.0,1.0,17.0,0.0,8.0,3.0,2.0,2.0
1630256,22401123,1610612745,9.0,1.0,0.0,0.0,4.0,3.0,0.0,0.0
1631466,22401123,1610612745,0.0,0.0,0.0,0.0,0.0,0.0,0.0,0.0
1628988,22401123,1610612745,0.0,0.0,0.0,0.0,0.0,0.0,0.0,0.0
1642263,22401123,1610612745,0.0,0.0,1.0,0.0,0.0,0.0,0.0,0.0
1641715,22401123,1610612745,0.0,0.0,0.0,0.0,0.0,0.0,0.0,0.0
203501,22401121,1610612765,23.0,0.0,3.0,0.0,14.0,8.0,2.0,2.0
1641709,22401121,1610612765,15.0,4.0,7.0,2.0,12.0,6.0,3.0,3.0
1631105,22401121,1610612765,21.0,6.0,18.0,4.0,11.0,9.0,4.0,3.0
1627736,22401121,1610612765,21.0,2.0,4.0,0.0,20.0,7.0,4.0,4.0
203471,22401121,1610612765,16.0,7.0,4.0,0.0,13.0,5.0,6.0,5.0
1631323,22401121,1610612765,5.0,1.0,1.0,0.0,3.0,2.0,0.0,0.0
1641842,22401121,1610612765,3.0,3.0,5.0,1.0,2.0,0.0,4.0,3.0
1630194,22401121,1610612765,0.0,1.0,1.0,0.0,5.0,0.0,0.0,0.0
1631204,22401121,1610612765,10.0,1.0,4.0,0.0,6.0,3.0,4.0,3.0
1630322,22401121,1610612765,3.0,2.0,0.0,0.0,3.0,1.0,0.0,0.0
1642419,22401121,1610612761,9.0,0.0,2.0,0.0,5.0,3.0,0.0,0.0
1642367,22401121,1610612761,6.0,0.0,8.0,1.0,7.0,3.0,0.0,0.0
1627751,22401121,1610612761,10.0,2.0,11.0,3.0,11.0,5.0,0.0,0.0
1642266,22401121,1610612761,22.0,1.0,3.0,0.0,14.0,8.0,2.0,2.0
1630193,22401121,1610612761,14.0,8.0,8.0,0.0,16.0,5.0,2.0,2.0
1630639,22401121,1610612761,9.0,1.0,3.0,2.0,7.0,2.0,6.0,4.0
1631115,22401121,1610612761,5.0,1.0,3.0,0.0,6.0,1.0,4.0,3.0
1642347,22401121,1610612761,14.0,9.0,1.0,0.0,12.0,5.0,4.0,3.0
1631197,22401121,1610612761,6.0,2.0,5.0,0.0,5.0,2.0,2.0,2.0
1631306,22401121,1610612761,10.0,0.0,5.0,0.0,8.0,4.0,0.0,0.0
1641729,22401119,1610612762,9.0,0.0,10.0,0.0,13.0,3.0,0.0,0.0
1630548,22401119,1610612762,17.0,0.0,3.0,0.0,18.0,6.0,0.0,0.0
1642271,22401119,1610612762,9.0,2.0,9.0,1.0,15.0,3.0,4.0,3.0
1629012,22401119,1610612762,27.0,3.0,3.0,0.0,15.0,8.0,10.0,9.0
1642268,22401119,1610612762,15.0,5.0,5.0,0.0,15.0,5.0,6.0,5.0
1641718,22401119,1610612762,15.0,5.0,8.0,0.0,14.0,6.0,0.0,0.0
1629004,22401119,1610612762,6.0,4.0,4.0,0.0,6.0,2.0,0.0,0.0
1630531,22401119,1610612762,5.0,1.0,3.0,0.0,4.0,2.0,1.0,1.0
1630695,22401119,1610612762,9.0,1.0,7.0,0.0,4.0,4.0,0.0,0.0
1630174,22401119,1610612754,12.0,0.0,3.0,0.0,7.0,5.0,1.0,0.0
1627783,22401119,1610612754,22.0,5.0,5.0,4.0,16.0,9.0,4.0,2.0
1626167,22401119,1610612754,26.0,1.0,7.0,6.0,17.0,9.0,8.0,5.0
1629614,22401119,1610612754,11.0,3.0,6.0,0.0,7.0,5.0,1.0,1.0
1630169,22401119,1610612754,17.0,11.0,6.0,3.0,13.0,7.0,2.0,1.0
1631097,22401119,1610612754,20.0,2.0,3.0,0.0,11.0,4.0,16.0,12.0
1628418,22401119,1610612754,2.0,0.0,2.0,0.0,1.0,0.0,2.0,2.0
204456,22401119,1610612754,12.0,7.0,4.0,1.0,7.0,6.0,0.0,0.0
1630167,22401119,1610612754,6.0,4.0,4.0,1.0,4.0,2.0,2.0,1.0
1641767,22401119,1610612754,3.0,2.0,4.0,0.0,2.0,1.0,0.0,0.0
1641716,22401119,1610612754,5.0,3.0,7.0,1.0,3.0,2.0,0.0,0.0
1642277,22401119,1610612754,2.0,0.0,0.0,1.0,0.0,0.0,2.0,2.0
1642484,22401119,1610612754,0.0,0.0,0.0,0.0,0.0,0.0,0.0,0.0
1628396,22401119,1610612754,2.0,0.0,0.0,0.0,1.0,1.0,0.0,0.0
1628398,22401115,1610612749,16.0,3.0,4.0,3.0,10.0,6.0,6.0,2.0
203507,22401115,1610612749,35.0,20.0,17.0,0.0,19.0,12.0,11.0,10.0
201572,22401115,1610612749,17.0,1.0,3.0,3.0,11.0,7.0,3.0,1.0
1627752,22401115,1610612749,13.0,1.0,1.0,0.0,10.0,5.0,2.0,1.0
1631157,22401115,1610612749,10.0,1.0,2.0,0.0,8.0,4.0,0.0,0.0
1629018,22401115,1610612749,13.0,1.0,2.0,0.0,8.0,3.0,5.0,4.0
1631260,22401115,1610612749,12.0,0.0,2.0,0.0,5.0,4.0,0.0,0.0
1629645,22401115,1610612749,8.0,3.0,5.0,0.0,5.0,4.0,0.0,0.0
1626192,22401115,1610612749,2.0,2.0,2.0,1.0,3.0,1.0,0.0,0.0
1641890,22401115,1610612749,0.0,0.0,0.0,0.0,1.0,0.0,0.0,0.0
1631123,22401115,1610612749,0.0,0.0,0.0,0.0,0.0,0.0,0.0,0.0
1631250,22401115,1610612749,0.0,0.0,0.0,0.0,0.0,0.0,0.0,0.0
1641748,22401115,1610612749,0.0,0.0,0.0,0.0,0.0,0.0,0.0,0.0
1641753,22401115,1610612749,0.0,0.0,2.0,0.0,2.0,0.0,0.0,0.0
1642348,22401115,1610612755,8.0,3.0,8.0,0.0,9.0,3.0,2.0,1.0
1627824,22401115,1610612755,22.0,3.0,6.0,0.0,15.0,8.0,2.0,2.0
1641737,22401115,1610612755,28.0,0.0,6.0,3.0,15.0,13.0,3.0,2.0
1629656,22401115,1610612755,24.0,10.0,3.0,0.0,16.0,7.0,9.0,7.0
1630215,22401115,1610612755,14.0,4.0,1.0,1.0,12.0,5.0,1.0,1.0
1641741,22401115,1610612755,4.0,0.0,5.0,0.0,5.0,1.0,2.0,2.0
1629022,22401115,1610612755,4.0,4.0,4.0,0.0,7.0,2.0,0.0,0.0
1641720,22401115,1610612755,7.0,3.0,3.0,0.0,5.0,3.0,0.0,0.0
1630658,22401115,1610612755,2.0,3.0,3.0,0.0,4.0,1.0,0.0,0.0
1630762,22401115,1610612755,0.0,0.0,1.0,0.0,1.0,0.0,0.0,0.0
1642377,22401114,1610612763,13.0,3.0,7.0,0.0,7.0,5.0,2.0,1.0
1628991,22401114,1610612763,13.0,1.0,4.0,2.0,11.0,5.0,1.0,0.0
1641744,22401114,1610612763,8.0,1.0,13.0,1.0,3.0,3.0,2.0,2.0
1630217,22401114,1610612763,17.0,6.0,9.0,0.0,23.0,6.0,4.0,4.0
1629630,22401114,1610612763,30.0,3.0,5.0,0.0,22.0,11.0,6.0,5.0
1630590,22401114,1610612763,17.0,7.0,1.0,1.0,9.0,6.0,2.0,2.0
1630583,22401114,1610612763,9.0,2.0,8.0,0.0,7.0,3.0,0.0,0.0
1628379,22401114,1610612763,3.0,1.0,2.0,0.0,3.0,1.0,0.0,0.0
1630205,22401114,1610612763,0.0,0.0,0.0,0.0,0.0,0.0,0.0,0.0
1641796,22401114,1610612748,3.0,3.0,2.0,1.0,3.0,1.0,2.0,1.0
1628389,22401114,1610612748,26.0,5.0,7.0,2.0,26.0,11.0,2.0,2.0
1642276,22401114,1610612748,13.0,0.0,15.0,3.0,13.0,5.0,2.0,1.0
202692,22401114,1610612748,2.0,1.0,2.0,0.0,6.0,1.0,0.0,0.0
1629639,22401114,1610612748,35.0,4.0,9.0,1.0,23.0,12.0,7.0,7.0
1630558,22401114,1610612748,11.0,7.0,4.0,0.0,8.0,3.0,2.0,2.0
1629312,22401114,1610612748,6.0,2.0,3.0,0.0,3.0,2.0,2.0,1.0
203937,22401114,1610612748,6.0,2.0,2.0,1.0,8.0,2.0,2.0,2.0
1629130,22401114,1610612748,6.0,0.0,3.0,0.0,5.0,2.0,0.0,0.0
1630541,22401117,1610612744,13.0,3.0,2.0,0.0,7.0,3.0,4.0,4.0
202710,22401117,1610612744,11.0,2.0,4.0,0.0,7.0,4.0,2.0,2.0
203110,22401117,1610612744,8.0,5.0,11.0,1.0,9.0,3.0,2.0,0.0
1641764,22401117,1610612744,28.0,6.0,8.0,0.0,17.0,10.0,0.0,0.0
201939,22401117,1610612744,37.0,6.0,3.0,0.0,21.0,10.0,14.0,13.0
1630611,22401117,1610612744,2.0,3.0,2.0,0.0,1.0,0.0,2.0,2.0
1630228,22401117,1610612744,18.0,4.0,9.0,1.0,12.0,7.0,5.0,3.0
1627741,22401117,1610612744,0.0,0.0,3.0,0.0,3.0,0.0,0.0,0.0
1642366,22401117,1610612744,4.0,1.0,3.0,0.0,4.0,1.0,2.0,2.0
1626172,22401117,1610612744,2.0,0.0,1.0,0.0,1.0,1.0,0.0,0.0
1629060,22401117,1610612747,24.0,3.0,6.0,0.0,15.0,9.0,4.0,3.0
2544,22401117,1610612747,33.0,9.0,5.0,1.0,15.0,10.0,9.0,8.0
1629637,22401117,1610612747,2.0,0.0,3.0,0.0,4.0,1.0,0.0,0.0
1630559,22401117,1610612747,31.0,3.0,6.0,0.0,20.0,10.0,3.0,2.0
1629029,22401117,1610612747,19.0,7.0,8.0,1.0,17.0,6.0,7.0,7.0
1627827,22401117,1610612747,2.0,1.0,1.0,1.0,6.0,1.0,0.0,0.0
1629216,22401117,1610612747,3.0,0.0,0.0,0.0,5.0,1.0,0.0,0.0
1629020,22401117,1610612747,2.0,0.0,7.0,0.0,3.0,1.0,0.0,0.0
1630692,22401117,1610612747,0.0,0.0,3.0,0.0,1.0,0.0,0.0,0.0
1630166,22401116,1610612757,26.0,6.0,15.0,2.0,20.0,10.0,4.0,4.0
1641739,22401116,1610612757,5.0,2.0,3.0,0.0,8.0,2.0,0.0,0.0
1642270,22401116,1610612757,8.0,3.0,13.0,3.0,6.0,3.0,3.0,2.0
1631101,22401116,1610612757,36.0,5.0,7.0,0.0,23.0,14.0,4.0,4.0
1630625,22401116,1610612757,23.0,2.0,3.0,0.0,19.0,8.0,5.0,5.0
1629680,22401116,1610612757,5.0,1.0,3.0,1.0,4.0,2.0,0.0,0.0
1631200,22401116,1610612757,0.0,0.0,1.0,0.0,0.0,0.0,0.0,0.0
1641871,22401116,1610612757,2.0,1.0,1.0,0.0,1.0,1.0,0.0,0.0
1631133,22401116,1610612757,2.0,0.0,4.0,0.0,2.0,0.0,2.0,2.0
1641712,22401116,1610612757,5.0,0.0,3.0,0.0,3.0,2.0,2.0,1.0
1631303,22401116,1610612757,0.0,0.0,1.0,0.0,0.0,0.0,0.0,0.0
1629628,22401116,1610612761,18.0,4.0,5.0,1.0,18.0,9.0,1.0,0.0
1630567,22401116,1610612761,5.0,5.0,2.0,0.0,8.0,2.0,1.0,1.0
1631115,22401116,1610612761,14.0,3.0,5.0,0.0,12.0,6.0,0.0,0.0
1642266,22401116,1610612761,9.0,3.0,7.0,0.0,9.0,3.0,2.0,2.0
1642347,22401116,1610612761,10.0,3.0,3.0,0.0,8.0,4.0,0.0,0.0
1630534,22401116,1610612761,15.0,1.0,3.0,0.0,11.0,6.0,0.0,0.0
1642367,22401116,1610612761,10.0,5.0,3.0,0.0,10.0,5.0,0.0,0.0
1631306,22401116,1610612761,0.0,0.0,0.0,0.0,8.0,0.0,0.0,0.0
1642419,22401116,1610612761,9.0,1.0,4.0,0.0,4.0,3.0,0.0,0.0
1630639,22401116,1610612761,13.0,4.0,3.0,0.0,8.0,6.0,1.0,0.0
1630183,22401113,1610612750,8.0,2.0,4.0,2.0,6.0,3.0,2.0,2.0
203944,22401113,1610612750,11.0,4.0,8.0,0.0,11.0,4.0,0.0,0.0
203497,22401113,1610612750,21.0,1.0,18.0,2.0,10.0,9.0,6.0,3.0
1630162,22401113,1610612750,28.0,3.0,5.0,1.0,15.0,10.0,5.0,3.0
201144,22401113,1610612750,6.0,6.0,1.0,0.0,10.0,2.0,0.0,0.0
1628978,22401113,1610612750,2.0,2.0,1.0,1.0,9.0,1.0,0.0,0.0
1629675,22401113,1610612750,13.0,3.0,2.0,1.0,9.0,5.0,2.0,2.0
1629638,22401113,1610612750,13.0,5.0,4.0,3.0,7.0,4.0,4.0,3.0
1641740,22401113,1610612750,0.0,0.0,0.0,0.0,0.0,0.0,0.0,0.0
1630568,22401113,1610612750,3.0,0.0,1.0,0.0,1.0,1.0,2.0,1.0
1631159,22401113,1610612750,0.0,0.0,0.0,0.0,0.0,0.0,0.0,0.0
1642265,22401113,1610612750,0.0,0.0,0.0,0.0,0.0,0.0,0.0,0.0
1631169,22401113,1610612750,0.0,1.0,0.0,0.0,0.0,0.0,0.0,0.0
1630538,22401113,1610612750,0.0,0.0,1.0,0.0,0.0,0.0,0.0,0.0
1641721,22401113,1610612751,10.0,2.0,6.0,0.0,12.0,4.0,0.0,0.0
1630570,22401113,1610612751,11.0,5.0,5.0,0.0,13.0,5.0,2.0,1.0
1629651,22401113,1610612751,18.0,5.0,6.0,0.0,10.0,9.0,0.0,0.0
1630553,22401113,1610612751,8.0,4.0,1.0,0.0,4.0,3.0,0.0,0.0
1626156,22401113,1610612751,0.0,1.0,0.0,0.0,6.0,0.0,0.0,0.0
1631166,22401113,1610612751,6.0,2.0,1.0,0.0,9.0,3.0,0.0,0.0
1641787,22401113,1610612751,13.0,3.0,8.0,0.0,11.0,6.0,0.0,0.0
1641727,22401113,1610612751,17.0,1.0,3.0,0.0,13.0,5.0,2.0,2.0
1641736,22401113,1610612751,2.0,2.0,2.0,0.0,3.0,1.0,0.0,0.0
1630623,22401113,1610612751,5.0,5.0,2.0,0.0,8.0,2.0,0.0,0.0
1630532,22401112,1610612753,27.0,5.0,5.0,0.0,19.0,10.0,4.0,4.0
1631094,22401112,1610612753,33.0,8.0,18.0,1.0,24.0,11.0,10.0,8.0
1628976,22401112,1610612753,10.0,2.0,7.0,0.0,9.0,5.0,0.0,0.0
203484,22401112,1610612753,13.0,5.0,3.0,1.0,4.0,3.0,6.0,6.0
202709,22401112,1610612753,8.0,1.0,2.0,0.0,6.0,3.0,0.0,0.0
203914,22401112,1610612753,0.0,1.0,2.0,1.0,0.0,0.0,0.0,0.0
1641710,22401112,1610612753,6.0,4.0,3.0,2.0,10.0,3.0,1.0,0.0
1630175,22401112,1610612753,8.0,0.0,1.0,1.0,5.0,2.0,2.0,2.0
1628371,22401112,1610612753,4.0,1.0,4.0,2.0,4.0,1.0,2.0,2.0
1631216,22401112,1610612753,0.0,0.0,2.0,0.0,1.0,0.0,0.0,0.0
1629048,22401112,1610612753,0.0,0.0,0.0,0.0,0.0,0.0,0.0,0.0
1630551,22401112,1610612764,8.0,0.0,1.0,1.0,6.0,4.0,0.0,0.0
203935,22401112,1610612764,12.0,0.0,3.0,0.0,7.0,4.0,2.0,2.0
1642259,22401112,1610612764,10.0,6.0,6.0,0.0,16.0,4.0,2.0,2.0
1642358,22401112,1610612764,11.0,2.0,4.0,1.0,10.0,4.0,2.0,2.0
1642267,22401112,1610612764,32.0,7.0,9.0,0.0,18.0,12.0,1.0,1.0
1641732,22401112,1610612764,6.0,0.0,7.0,0.0,8.0,3.0,0.0,0.0
1641798,22401112,1610612764,7.0,1.0,2.0,0.0,7.0,2.0,2.0,2.0
1641774,22401112,1610612764,7.0,0.0,1.0,1.0,7.0,3.0,0.0,0.0
1630264,22401112,1610612764,4.0,0.0,5.0,0.0,6.0,2.0,2.0,0.0
1642258,22401109,1610612737,9.0,1.0,3.0,0.0,11.0,4.0,0.0,0.0
1631243,22401109,1610612737,11.0,0.0,5.0,1.0,13.0,5.0,0.0,0.0
1630168,22401109,1610612737,20.0,2.0,14.0,2.0,15.0,7.0,7.0,5.0
1630700,22401109,1610612737,17.0,5.0,6.0,0.0,12.0,7.0,0.0,0.0
1629027,22401109,1610612737,25.0,12.0,4.0,0.0,20.0,8.0,7.0,7.0
1630249,22401109,1610612737,11.0,0.0,1.0,0.0,5.0,4.0,0.0,0.0
1631230,22401109,1610612737,0.0,1.0,1.0,0.0,1.0,0.0,0.0,0.0
1627747,22401109,1610612737,14.0,5.0,4.0,0.0,10.0,4.0,6.0,5.0
1629611,22401109,1610612737,5.0,2.0,3.0,0.0,4.0,1.0,2.0,2.0
1627777,22401109,1610612737,6.0,1.0,2.0,0.0,6.0,2.0,0.0,0.0
1630230,22401109,1610612742,6.0,8.0,2.0,0.0,6.0,2.0,2.0,2.0
203076,22401109,1610612742,34.0,2.0,15.0,5.0,23.0,14.0,4.0,4.0
1641726,22401109,1610612742,4.0,1.0,5.0,1.0,1.0,1.0,4.0,2.0
202691,22401109,1610612742,17.0,2.0,4.0,1.0,11.0,6.0,0.0,0.0
203915,22401109,1610612742,14.0,10.0,4.0,0.0,11.0,5.0,2.0,2.0
1631108,22401109,1610612742,11.0,0.0,3.0,0.0,10.0,3.0,3.0,3.0
1629655,22401109,1610612742,11.0,0.0,6.0,1.0,7.0,5.0,2.0,1.0
1628997,22401109,1610612742,8.0,1.0,1.0,0.0,4.0,2.0,4.0,3.0
1630702,22401109,1610612742,13.0,3.0,1.0,0.0,9.0,5.0,0.0,0.0
1630539,22401109,1610612742,2.0,0.0,1.0,0.0,1.0,1.0,0.0,0.0
1630577,22401110,1610612759,14.0,2.0,4.0,1.0,13.0,5.0,2.0,2.0
203084,22401110,1610612759,20.0,3.0,8.0,0.0,15.0,8.0,1.0,1.0
202687,22401110,1610612759,0.0,0.0,7.0,2.0,2.0,0.0,0.0,0.0
1642264,22401110,1610612759,15.0,9.0,15.0,0.0,18.0,6.0,2.0,1.0
101108,22401110,1610612759,17.0,8.0,5.0,2.0,15.0,7.0,0.0,0.0
1631104,22401110,1610612759,15.0,1.0,2.0,0.0,6.0,5.0,4.0,2.0
1629162,22401110,1610612759,3.0,2.0,0.0,0.0,2.0,1.0,0.0,0.0
1630572,22401110,1610612759,16.0,0.0,10.0,0.0,11.0,5.0,4.0,4.0
1631103,22401110,1610612759,13.0,2.0,1.0,0.0,15.0,6.0,0.0,0.0
1641816,22401110,1610612743,18.0,0.0,6.0,0.0,20.0,7.0,1.0,1.0
1630192,22401110,1610612743,8.0,1.0,3.0,0.0,6.0,2.0,4.0,3.0
201599,22401110,1610612743,10.0,1.0,17.0,1.0,4.0,2.0,12.0,6.0
201566,22401110,1610612743,30.0,6.0,11.0,0.0,25.0,11.0,6.0,5.0
1629618,22401110,1610612743,17.0,10.0,11.0,0.0,13.0,6.0,2.0,2.0
1628427,22401110,1610612743,8.0,2.0,3.0,1.0,7.0,3.0,0.0,0.0
1642461,22401110,1610612743,4.0,2.0,4.0,2.0,8.0,2.0,0.0,0.0
1641725,22401110,1610612743,7.0,1.0,2.0,0.0,11.0,3.0,0.0,0.0
203967,22401110,1610612743,4.0,1.0,1.0,0.0,2.0,2.0,0.0,0.0
1641709,22401108,1610612765,13.0,3.0,8.0,3.0,12.0,5.0,3.0,3.0
202699,22401108,1610612765,10.0,2.0,4.0,0.0,8.0,5.0,0.0,0.0
1631105,22401108,1610612765,13.0,3.0,13.0,2.0,10.0,3.0,10.0,7.0
203501,22401108,1610612765,23.0,3.0,3.0,0.0,14.0,8.0,2.0,2.0
203471,22401108,1610612765,15.0,7.0,4.0,0.0,18.0,6.0,2.0,2.0
1627736,22401108,1610612765,11.0,0.0,1.0,0.0,15.0,4.0,0.0,0.0
1630194,22401108,1610612765,9.0,0.0,9.0,1.0,4.0,3.0,4.0,3.0
1631323,22401108,1610612765,6.0,1.0,0.0,1.0,4.0,1.0,4.0,4.0
1630322,22401108,1610612765,3.0,1.0,1.0,0.0,4.0,1.0,0.0,0.0
1629652,22401108,1610612760,14.0,1.0,7.0,0.0,11.0,5.0,0.0,0.0
1631114,22401108,1610612760,23.0,3.0,5.0,1.0,17.0,9.0,6.0,3.0
1631096,22401108,1610612760,22.0,4.0,11.0,6.0,14.0,7.0,9.0,8.0
1641717,22401108,1610612760,13.0,4.0,5.0,0.0,10.0,6.0,0.0,0.0
1628983,22401108,1610612760,33.0,3.0,6.0,2.0,26.0,10.0,12.0,11.0
1629026,22401108,1610612760,4.0,1.0,4.0,0.0,6.0,2.0,0.0,0.0
1641794,22401108,1610612760,0.0,2.0,0.0,0.0,1.0,0.0,0.0,0.0
1628392,22401108,1610612760,5.0,6.0,8.0,2.0,6.0,2.0,2.0,1.0
1630198,22401108,1610612760,5.0,1.0,0.0,0.0,5.0,1.0,2.0,2.0
1641745,22401108,1610612760,0.0,0.0,0.0,0.0,0.0,0.0,0.0,0.0
1642382,22401108,1610612760,0.0,0.0,0.0,0.0,0.0,0.0,0.0,0.0
1628971,22401111,1610612740,16.0,1.0,5.0,0.0,12.0,7.0,1.0,1.0
203482,22401111,1610612740,12.0,3.0,4.0,0.0,7.0,4.0,4.0,2.0
1642274,22401111,1610612740,6.0,4.0,12.0,3.0,8.0,3.0,0.0,0.0
1641810,22401111,1610612740,11.0,1.0,0.0,0.0,10.0,5.0,0.0,0.0
1630631,22401111,1610612740,17.0,10.0,2.0,0.0,16.0,7.0,3.0,3.0
203901,22401111,1610612740,6.0,4.0,4.0,0.0,4.0,3.0,0.0,0.0
1631255,22401111,1610612740,10.0,2.0,5.0,0.0,8.0,5.0,1.0,0.0
1630526,22401111,1610612740,4.0,2.0,4.0,0.0,4.0,1.0,2.0,2.0
1631232,22401111,1610612740,6.0,1.0,2.0,0.0,7.0,3.0,0.0,0.0
1631288,22401111,1610612740,10.0,1.0,1.0,0.0,8.0,5.0,0.0,0.0
1631311,22401111,1610612740,0.0,0.0,0.0,1.0,1.0,0.0,0.0,0.0
1626181,22401111,1610612746,11.0,1.0,1.0,0.0,11.0,4.0,2.0,2.0
202695,22401111,1610612746,28.0,3.0,3.0,0.0,18.0,11.0,4.0,3.0
1627826,22401111,1610612746,17.0,6.0,10.0,0.0,8.0,6.0,6.0,5.0
1627739,22401111,1610612746,11.0,1.0,7.0,1.0,8.0,4.0,0.0,0.0
201935,22401111,1610612746,21.0,10.0,0.0,3.0,14.0,7.0,8.0,6.0
203992,22401111,1610612746,16.0,1.0,1.0,0.0,6.0,5.0,2.0,2.0
1627884,22401111,1610612746,3.0,1.0,4.0,0.0,3.0,1.0,2.0,1.0
201587,22401111,1610612746,3.0,1.0,1.0,0.0,4.0,1.0,0.0,0.0
1627732,22401111,1610612746,0.0,2.0,1.0,0.0,1.0,0.0,0.0,0.0
1642353,22401111,1610612746,0.0,0.0,0.0,0.0,1.0,0.0,0.0,0.0
1641738,22401111,1610612746,0.0,0.0,1.0,0.0,0.0,0.0,0.0,0.0
1631116,22401111,1610612746,0.0,1.0,1.0,0.0,0.0,0.0,0.0,0.0
1642280,22401111,1610612746,2.0,0.0,0.0,0.0,0.0,0.0,2.0,2.0
1629234,22401111,1610612746,2.0,0.0,0.0,0.0,2.0,1.0,0.0,0.0
1641796,22401106,1610612748,16.0,4.0,4.0,0.0,9.0,4.0,7.0,6.0
1628389,22401106,1610612748,21.0,6.0,5.0,0.0,15.0,9.0,1.0,1.0
1642276,22401106,1610612748,7.0,0.0,5.0,1.0,5.0,2.0,4.0,3.0
202692,22401106,1610612748,10.0,0.0,2.0,0.0,5.0,4.0,1.0,1.0
1629639,22401106,1610612748,25.0,9.0,6.0,0.0,18.0,7.0,10.0,9.0
1629312,22401106,1610612748,10.0,0.0,4.0,1.0,8.0,4.0,0.0,0.0
1630558,22401106,1610612748,13.0,7.0,4.0,0.0,10.0,5.0,0.0,0.0
203937,22401106,1610612748,19.0,1.0,1.0,0.0,11.0,7.0,4.0,4.0
1641815,22401106,1610612748,0.0,0.0,2.0,0.0,1.0,0.0,0.0,0.0
1630528,22401106,1610612748,3.0,0.0,0.0,0.0,1.0,1.0,0.0,0.0
1631170,22401106,1610612748,0.0,1.0,1.0,0.0,0.0,0.0,0.0,0.0
1642352,22401106,1610612748,0.0,0.0,0.0,0.0,0.0,0.0,0.0,0.0
1630573,22401106,1610612738,6.0,0.0,3.0,0.0,5.0,2.0,0.0,0.0
1628369,22401106,1610612738,16.0,7.0,3.0,0.0,17.0,4.0,7.0,6.0
1628436,22401106,1610612738,14.0,2.0,6.0,0.0,9.0,7.0,0.0,0.0
1627759,22401106,1610612738,24.0,4.0,9.0,0.0,20.0,10.0,3.0,2.0
1628401,22401106,1610612738,16.0,6.0,4.0,2.0,11.0,5.0,5.0,4.0
1631248,22401106,1610612738,3.0,0.0,3.0,0.0,3.0,1.0,0.0,0.0
1630202,22401106,1610612738,10.0,2.0,4.0,1.0,9.0,4.0,0.0,0.0
1628470,22401106,1610612738,2.0,0.0,3.0,1.0,5.0,1.0,0.0,0.0
1629674,22401106,1610612738,7.0,2.0,7.0,1.0,3.0,3.0,1.0,1.0
1641809,22401106,1610612738,3.0,0.0,0.0,0.0,2.0,1.0,0.0,0.0
1631120,22401106,1610612738,2.0,1.0,1.0,1.0,2.0,1.0,0.0,0.0
1641775,22401106,1610612738,0.0,0.0,0.0,0.0,1.0,0.0,0.0,0.0
1630182,22401104,1610612766,3.0,1.0,1.0,0.0,4.0,1.0,0.0,0.0
1628970,22401104,1610612766,18.0,5.0,4.0,1.0,10.0,7.0,2.0,2.0
1631109,22401104,1610612766,16.0,1.0,12.0,0.0,8.0,6.0,6.0,4.0
203552,22401104,1610612766,16.0,2.0,4.0,0.0,7.0,6.0,2.0,2.0
1642354,22401104,1610612766,9.0,4.0,5.0,1.0,10.0,4.0,0.0,0.0
1641878,22401104,1610612766,2.0,3.0,2.0,0.0,9.0,1.0,0.0,0.0
1629610,22401104,1610612766,8.0,1.0,2.0,0.0,7.0,3.0,0.0,0.0
1642275,22401104,1610612766,7.0,2.0,5.0,0.0,8.0,3.0,0.0,0.0
203994,22401104,1610612766,13.0,1.0,5.0,0.0,6.0,5.0,6.0,3.0
1629006,22401104,1610612766,5.0,0.0,1.0,0.0,6.0,2.0,0.0,0.0
1631217,22401104,1610612766,8.0,0.0,3.0,0.0,3.0,3.0,2.0,2.0
1630174,22401104,1610612754,16.0,1.0,3.0,0.0,12.0,6.0,1.0,1.0
1627783,22401104,1610612754,15.0,1.0,6.0,0.0,15.0,6.0,4.0,2.0
1626167,22401104,1610612754,15.0,2.0,9.0,2.0,10.0,6.0,0.0,0.0
1629614,22401104,1610612754,9.0,2.0,2.0,0.0,8.0,4.0,0.0,0.0
1630169,22401104,1610612754,22.0,10.0,1.0,2.0,15.0,9.0,0.0,0.0
1630167,22401104,1610612754,8.0,1.0,4.0,1.0,8.0,3.0,1.0,1.0
1641716,22401104,1610612754,10.0,2.0,6.0,0.0,8.0,3.0,2.0,1.0
204456,22401104,1610612754,8.0,7.0,4.0,1.0,10.0,4.0,0.0,0.0
1628418,22401104,1610612754,13.0,1.0,3.0,0.0,7.0,5.0,2.0,2.0
1641767,22401104,1610612754,3.0,2.0,0.0,0.0,2.0,1.0,0.0,0.0
1642277,22401104,1610612754,0.0,0.0,0.0,0.0,0.0,0.0,0.0,0.0
1641729,22401107,1610612762,10.0,3.0,3.0,0.0,10.0,2.0,5.0,4.0
1642271,22401107,1610612762,6.0,1.0,11.0,2.0,14.0,3.0,0.0,0.0
1631117,22401107,1610612762,11.0,1.0,12.0,2.0,10.0,5.0,5.0,1.0
1642268,22401107,1610612762,22.0,10.0,5.0,1.0,11.0,7.0,8.0,6.0
1629012,22401107,1610612762,18.0,4.0,0.0,1.0,14.0,8.0,1.0,1.0
1641718,22401107,1610612762,14.0,0.0,1.0,0.0,11.0,5.0,1.0,1.0
1630231,22401107,1610612762,13.0,2.0,3.0,0.0,8.0,6.0,1.0,1.0
1630548,22401107,1610612762,5.0,2.0,2.0,0.0,12.0,2.0,0.0,0.0
1629004,22401107,1610612762,3.0,2.0,0.0,0.0,2.0,1.0,0.0,0.0
1630531,22401107,1610612762,3.0,0.0,2.0,0.0,2.0,1.0,2.0,1.0
1628415,22401107,1610612745,21.0,0.0,2.0,0.0,16.0,9.0,0.0,0.0
1631106,22401107,1610612745,15.0,3.0,9.0,2.0,8.0,7.0,2.0,0.0
1630578,22401107,1610612745,15.0,9.0,14.0,1.0,12.0,6.0,4.0,3.0
1630224,22401107,1610612745,22.0,2.0,4.0,0.0,15.0,7.0,6.0,4.0
1641708,22401107,1610612745,9.0,5.0,4.0,2.0,6.0,4.0,2.0,1.0
1631095,22401107,1610612745,15.0,2.0,14.0,0.0,16.0,6.0,1.0,1.0
1629111,22401107,1610612745,6.0,2.0,5.0,1.0,5.0,3.0,0.0,0.0
1628988,22401107,1610612745,6.0,2.0,2.0,0.0,6.0,2.0,0.0,0.0
1630256,22401107,1610612745,2.0,0.0,2.0,0.0,2.0,1.0,0.0,0.0
1641715,22401107,1610612745,11.0,3.0,3.0,0.0,6.0,4.0,2.0,2.0
1642263,22401107,1610612745,15.0,2.0,3.0,0.0,7.0,5.0,0.0,0.0
201145,22401107,1610612745,3.0,0.0,1.0,0.0,3.0,1.0,0.0,0.0
1631466,22401107,1610612745,3.0,0.0,0.0,0.0,2.0,1.0,2.0,1.0
201942,22401105,1610612758,29.0,8.0,7.0,1.0,23.0,10.0,12.0,8.0
1631099,22401105,1610612758,18.0,3.0,5.0,1.0,14.0,7.0,0.0,0.0
1627734,22401105,1610612758,18.0,7.0,16.0,0.0,15.0,8.0,1.0,1.0
1631165,22401105,1610612758,2.0,0.0,3.0,1.0,5.0,1.0,0.0,0.0
203897,22401105,1610612758,18.0,2.0,2.0,0.0,13.0,5.0,7.0,6.0
1628370,22401105,1610612758,13.0,3.0,3.0,0.0,13.0,4.0,4.0,3.0
1626168,22401105,1610612758,1.0,1.0,4.0,0.0,3.0,0.0,2.0,1.0
1628365,22401105,1610612758,0.0,1.0,2.0,0.0,3.0,0.0,0.0,0.0
202685,22401105,1610612758,12.0,0.0,6.0,0.0,6.0,5.0,2.0,2.0
1642358,22401105,1610612764,19.0,6.0,2.0,0.0,14.0,7.0,4.0,3.0
1630551,22401105,1610612764,8.0,3.0,11.0,1.0,8.0,4.0,2.0,0.0
1642259,22401105,1610612764,15.0,1.0,4.0,1.0,9.0,6.0,0.0,0.0
1629673,22401105,1610612764,23.0,2.0,2.0,0.0,14.0,8.0,5.0,5.0
1642267,22401105,1610612764,19.0,7.0,2.0,0.0,13.0,6.0,2.0,2.0
1630264,22401105,1610612764,10.0,1.0,5.0,0.0,10.0,4.0,0.0,0.0
1626158,22401105,1610612764,2.0,0.0,0.0,0.0,1.0,1.0,0.0,0.0
1641774,22401105,1610612764,17.0,3.0,8.0,1.0,13.0,6.0,5.0,3.0
1630550,22401105,1610612764,3.0,1.0,7.0,0.0,2.0,1.0,0.0,0.0
1628404,22401103,1610612752,19.0,4.0,5.0,0.0,19.0,8.0,0.0,0.0
1628384,22401103,1610612752,23.0,6.0,6.0,0.0,17.0,9.0,0.0,0.0
1626157,22401103,1610612752,25.0,1.0,13.0,0.0,16.0,9.0,7.0,6.0
1628969,22401103,1610612752,8.0,3.0,2.0,0.0,6.0,3.0,2.0,2.0
1626153,22401103,1610612752,7.0,6.0,3.0,0.0,9.0,3.0,0.0,0.0
1629013,22401103,1610612752,5.0,0.0,2.0,0.0,7.0,2.0,0.0,0.0
1630173,22401103,1610612752,13.0,1.0,6.0,2.0,9.0,5.0,4.0,3.0
1642278,22401103,1610612752,1.0,3.0,0.0,0.0,4.0,0.0,2.0,1.0
1641817,22401103,1610612752,0.0,0.0,1.0,0.0,1.0,0.0,0.0,0.0
1630699,22401103,1610612752,4.0,0.0,1.0,0.0,2.0,1.0,2.0,2.0
1629622,22401103,1610612739,8.0,2.0,5.0,0.0,5.0,3.0,0.0,0.0
1630596,22401103,1610612739,13.0,4.0,4.0,1.0,11.0,4.0,4.0,4.0
1628386,22401103,1610612739,21.0,0.0,8.0,1.0,11.0,10.0,2.0,1.0
1628378,22401103,1610612739,27.0,5.0,6.0,3.0,18.0,10.0,4.0,4.0
1629636,22401103,1610612739,17.0,6.0,4.0,0.0,15.0,8.0,0.0,0.0
1629631,22401103,1610612739,16.0,0.0,2.0,0.0,11.0,6.0,2.0,2.0
1630241,22401103,1610612739,5.0,3.0,4.0,0.0,4.0,2.0,0.0,0.0
1630171,22401103,1610612739,11.0,2.0,6.0,0.0,10.0,5.0,0.0,0.0
1629750,22401103,1610612739,0.0,0.0,0.0,0.0,3.0,0.0,0.0,0.0
1641854,22401103,1610612739,1.0,0.0,0.0,0.0,0.0,0.0,2.0,1.0
1642281,22401103,1610612739,0.0,1.0,1.0,0.0,0.0,0.0,0.0,0.0
1641772,22401103,1610612739,2.0,0.0,3.0,0.0,3.0,1.0,0.0,0.0
1641734,22401103,1610612739,3.0,0.0,1.0,0.0,3.0,1.0,0.0,0.0
1631247,22401103,1610612739,0.0,0.0,0.0,0.0,0.0,0.0,0.0,0.0
1630541,22401100,1610612744,10.0,1.0,4.0,1.0,8.0,4.0,0.0,0.0
202710,22401100,1610612744,27.0,4.0,6.0,0.0,11.0,7.0,12.0,12.0
203110,22401100,1610612744,13.0,12.0,10.0,1.0,12.0,4.0,4.0,4.0
1641764,22401100,1610612744,8.0,1.0,5.0,0.0,11.0,4.0,0.0,0.0
201939,22401100,1610612744,52.0,8.0,10.0,1.0,31.0,16.0,8.0,8.0
1627741,22401100,1610612744,8.0,0.0,3.0,0.0,7.0,2.0,2.0,2.0
1642366,22401100,1610612744,9.0,1.0,1.0,0.0,10.0,3.0,0.0,0.0
1630611,22401100,1610612744,4.0,1.0,6.0,0.0,5.0,1.0,2.0,2.0
1626172,22401100,1610612744,3.0,1.0,4.0,0.0,4.0,1.0,0.0,0.0
1642377,22401100,1610612763,5.0,1.0,4.0,0.0,5.0,2.0,0.0,0.0
1628991,22401100,1610612763,22.0,1.0,7.0,1.0,20.0,7.0,6.0,6.0
1641744,22401100,1610612763,10.0,1.0,16.0,4.0,7.0,4.0,3.0,2.0
1630217,22401100,1610612763,19.0,5.0,4.0,1.0,15.0,6.0,3.0,3.0
1629630,22401100,1610612763,36.0,6.0,3.0,0.0,22.0,14.0,3.0,3.0
1630583,22401100,1610612763,18.0,1.0,6.0,0.0,11.0,6.0,3.0,2.0
1630590,22401100,1610612763,10.0,2.0,2.0,0.0,9.0,4.0,2.0,1.0
1628379,22401100,1610612763,3.0,5.0,1.0,0.0,3.0,1.0,0.0,0.0
1628963,22401100,1610612763,2.0,0.0,0.0,0.0,0.0,0.0,2.0,2.0
1630166,22401097,1610612757,32.0,10.0,15.0,0.0,21.0,11.0,8.0,7.0
1641739,22401097,1610612757,18.0,1.0,2.0,1.0,10.0,8.0,0.0,0.0
1642270,22401097,1610612757,11.0,5.0,7.0,0.0,7.0,4.0,3.0,2.0
1631101,22401097,1610612757,33.0,3.0,10.0,0.0,25.0,11.0,10.0,8.0
1630625,22401097,1610612757,11.0,5.0,7.0,4.0,15.0,4.0,2.0,1.0
1629680,22401097,1610612757,8.0,5.0,4.0,0.0,10.0,4.0,0.0,0.0
1641871,22401097,1610612757,5.0,1.0,4.0,0.0,8.0,2.0,0.0,0.0
1631200,22401097,1610612757,0.0,0.0,1.0,0.0,2.0,0.0,2.0,0.0
1631133,22401097,1610612757,9.0,0.0,4.0,0.0,5.0,3.0,2.0,2.0
1641712,22401097,1610612757,0.0,0.0,0.0,0.0,0.0,0.0,0.0,0.0
1631303,22401097,1610612757,0.0,0.0,0.0,0.0,0.0,0.0,0.0,0.0
1642258,22401097,1610612737,9.0,2.0,3.0,2.0,14.0,4.0,1.0,1.0
1631243,22401097,1610612737,0.0,0.0,2.0,1.0,1.0,0.0,0.0,0.0
1630168,22401097,1610612737,12.0,3.0,6.0,1.0,8.0,4.0,5.0,4.0
1630700,22401097,1610612737,22.0,1.0,10.0,2.0,13.0,11.0,0.0,0.0
1629027,22401097,1610612737,29.0,15.0,4.0,0.0,20.0,7.0,13.0,12.0
1627747,22401097,1610612737,10.0,0.0,2.0,1.0,10.0,3.0,6.0,4.0
1630249,22401097,1610612737,13.0,2.0,7.0,0.0,7.0,5.0,0.0,0.0
1631230,22401097,1610612737,8.0,2.0,8.0,1.0,6.0,4.0,0.0,0.0
1629611,22401097,1610612737,7.0,0.0,3.0,0.0,7.0,2.0,3.0,3.0
1627777,22401097,1610612737,3.0,1.0,0.0,0.0,6.0,1.0,0.0,0.0
1631342,22401097,1610612737,0.0,0.0,0.0,0.0,0.0,0.0,0.0,0.0
1630532,22400988,1610612753,24.0,7.0,5.0,0.0,20.0,9.0,3.0,3.0
1631094,22400988,1610612753,24.0,4.0,10.0,0.0,21.0,9.0,6.0,6.0
1628976,22400988,1610612753,8.0,2.0,5.0,1.0,4.0,3.0,1.0,1.0
203484,22400988,1610612753,23.0,3.0,1.0,0.0,11.0,8.0,0.0,0.0
202709,22400988,1610612753,6.0,1.0,2.0,0.0,4.0,2.0,0.0,0.0
1630175,22400988,1610612753,9.0,4.0,5.0,1.0,8.0,3.0,2.0,2.0
203914,22400988,1610612753,0.0,0.0,1.0,0.0,4.0,0.0,0.0,0.0
1631216,22400988,1610612753,12.0,3.0,1.0,1.0,8.0,4.0,0.0,0.0
1641710,22400988,1610612753,4.0,3.0,2.0,2.0,6.0,2.0,0.0,0.0
1628371,22400988,1610612753,4.0,0.0,3.0,1.0,3.0,2.0,0.0,0.0
1629048,22400988,1610612753,2.0,1.0,6.0,1.0,1.0,1.0,0.0,0.0
1630170,22400988,1610612759,11.0,0.0,4.0,0.0,11.0,4.0,2.0,2.0
203084,22400988,1610612759,24.0,0.0,1.0,0.0,14.0,9.0,2.0,2.0
202687,22400988,1610612759,11.0,1.0,5.0,2.0,7.0,5.0,5.0,1.0
1642264,22400988,1610612759,16.0,6.0,8.0,1.0,13.0,6.0,3.0,3.0
101108,22400988,1610612759,10.0,7.0,5.0,1.0,7.0,4.0,1.0,1.0
1629640,22400988,1610612759,7.0,4.0,7.0,0.0,6.0,3.0,2.0,1.0
1630577,22400988,1610612759,19.0,2.0,4.0,0.0,13.0,7.0,0.0,0.0
1631104,22400988,1610612759,4.0,3.0,4.0,0.0,4.0,1.0,2.0,2.0
1630572,22400988,1610612759,3.0,0.0,0.0,0.0,6.0,1.0,0.0,0.0
1629162,22400988,1610612759,0.0,0.0,0.0,0.0,0.0,0.0,0.0,0.0
1631103,22400988,1610612759,0.0,1.0,0.0,0.0,0.0,0.0,0.0,0.0
1628960,22401101,1610612756,23.0,3.0,4.0,0.0,17.0,8.0,2.0,1.0
1642346,22401101,1610612756,5.0,1.0,3.0,0.0,7.0,2.0,0.0,0.0
1630208,22401101,1610612756,13.0,1.0,11.0,0.0,8.0,4.0,6.0,5.0
1626164,22401101,1610612756,39.0,11.0,3.0,0.0,32.0,14.0,8.0,8.0
1631221,22401101,1610612756,18.0,4.0,2.0,0.0,12.0,6.0,3.0,2.0
1628998,22401101,1610612756,3.0,3.0,6.0,0.0,5.0,1.0,2.0,1.0
1626145,22401101,1610612756,16.0,2.0,2.0,0.0,8.0,6.0,0.0,0.0
1642345,22401101,1610612756,6.0,1.0,2.0,0.0,3.0,3.0,0.0,0.0
1628398,22401101,1610612749,12.0,5.0,4.0,2.0,10.0,5.0,0.0,0.0
203507,22401101,1610612749,37.0,11.0,5.0,1.0,18.0,12.0,12.0,11.0
201572,22401101,1610612749,22.0,6.0,6.0,1.0,13.0,10.0,0.0,0.0
1627752,22401101,1610612749,16.0,1.0,5.0,1.0,8.0,6.0,0.0,0.0
1631157,22401101,1610612749,23.0,5.0,5.0,0.0,10.0,8.0,2.0,2.0
1629018,22401101,1610612749,6.0,2.0,2.0,0.0,3.0,2.0,0.0,0.0
1626192,22401101,1610612749,8.0,0.0,1.0,0.0,5.0,4.0,0.0,0.0
1629645,22401101,1610612749,9.0,2.0,1.0,0.0,7.0,4.0,1.0,1.0
1630183,22401102,1610612750,12.0,0.0,6.0,0.0,17.0,5.0,2.0,2.0
203944,22401102,1610612750,26.0,7.0,9.0,0.0,22.0,11.0,0.0,0.0
203497,22401102,1610612750,19.0,1.0,12.0,0.0,11.0,7.0,9.0,5.0
1630162,22401102,1610612750,34.0,8.0,10.0,0.0,25.0,12.0,7.0,5.0
201144,22401102,1610612750,9.0,8.0,1.0,0.0,8.0,3.0,0.0,0.0
1641740,22401102,1610612750,2.0,2.0,2.0,0.0,4.0,1.0,0.0,0.0
1629638,22401102,1610612750,26.0,8.0,8.0,2.0,16.0,8.0,7.0,5.0
1631169,22401102,1610612750,10.0,1.0,4.0,0.0,6.0,4.0,0.0,0.0
1642265,22401102,1610612750,2.0,0.0,0.0,0.0,2.0,1.0,0.0,0.0
1630568,22401102,1610612750,0.0,0.0,0.0,0.0,0.0,0.0,0.0,0.0
1631212,22401102,1610612743,7.0,0.0,3.0,4.0,9.0,3.0,2.0,1.0
203932,22401102,1610612743,30.0,5.0,8.0,1.0,15.0,9.0,10.0,8.0
203999,22401102,1610612743,61.0,10.0,10.0,0.0,29.0,18.0,24.0,19.0
1631128,22401102,1610612743,18.0,4.0,12.0,0.0,14.0,8.0,1.0,1.0
1629618,22401102,1610612743,9.0,5.0,4.0,0.0,6.0,4.0,0.0,0.0
201566,22401102,1610612743,12.0,7.0,6.0,2.0,11.0,4.0,7.0,4.0
1630192,22401102,1610612743,0.0,1.0,0.0,0.0,0.0,0.0,0.0,0.0
201599,22401102,1610612743,2.0,1.0,2.0,0.0,2.0,1.0,0.0,0.0
1641816,22401102,1610612743,0.0,0.0,0.0,0.0,0.0,0.0,0.0,0.0
1642419,22401099,1610612761,5.0,4.0,4.0,1.0,6.0,2.0,0.0,0.0
1630567,22401099,1610612761,9.0,4.0,4.0,0.0,14.0,4.0,0.0,0.0
1627751,22401099,1610612761,12.0,2.0,5.0,0.0,8.0,5.0,2.0,2.0
1642266,22401099,1610612761,17.0,4.0,4.0,0.0,10.0,6.0,0.0,0.0
1630193,22401099,1610612761,17.0,9.0,1.0,0.0,14.0,7.0,0.0,0.0
1631115,22401099,1610612761,13.0,2.0,3.0,1.0,11.0,4.0,2.0,2.0
1642367,22401099,1610612761,6.0,3.0,6.0,1.0,6.0,2.0,2.0,2.0
1642347,22401099,1610612761,9.0,5.0,0.0,0.0,11.0,3.0,2.0,2.0
1630639,22401099,1610612761,13.0,1.0,6.0,0.0,6.0,5.0,2.0,1.0
1631306,22401099,1610612761,9.0,0.0,2.0,0.0,8.0,3.0,0.0,0.0
1631197,22401099,1610612761,8.0,1.0,0.0,0.0,3.0,3.0,1.0,1.0
1628989,22401099,1610612741,16.0,1.0,2.0,0.0,9.0,7.0,0.0,0.0
1641824,22401099,1610612741,9.0,0.0,3.0,1.0,5.0,3.0,4.0,2.0
202696,22401099,1610612741,22.0,7.0,10.0,1.0,12.0,9.0,2.0,2.0
1629632,22401099,1610612741,28.0,6.0,3.0,0.0,16.0,10.0,5.0,5.0
1630581,22401099,1610612741,17.0,12.0,7.0,0.0,12.0,5.0,8.0,6.0
1629659,22401099,1610612741,27.0,3.0,6.0,0.0,16.0,8.0,8.0,8.0
1630172,22401099,1610612741,7.0,1.0,3.0,0.0,7.0,3.0,0.0,0.0
1628380,22401099,1610612741,7.0,5.0,12.0,0.0,6.0,3.0,0.0,0.0
1642443,22401099,1610612741,0.0,0.0,0.0,0.0,1.0,0.0,0.0,0.0
1630188,22401099,1610612741,4.0,0.0,2.0,0.0,3.0,2.0,0.0,0.0
1641801,22401099,1610612741,0.0,1.0,1.0,0.0,1.0,0.0,0.0,0.0
1630604,22401099,1610612741,0.0,0.0,0.0,0.0,0.0,0.0,0.0,0.0
1641741,22401098,1610612755,15.0,2.0,5.0,0.0,13.0,6.0,2.0,2.0
1642348,22401098,1610612755,6.0,0.0,2.0,0.0,7.0,3.0,0.0,0.0
1641737,22401098,1610612755,9.0,2.0,8.0,3.0,5.0,3.0,6.0,3.0
1629656,22401098,1610612755,26.0,5.0,4.0,0.0,18.0,8.0,10.0,9.0
1629022,22401098,1610612755,11.0,4.0,7.0,0.0,12.0,5.0,0.0,0.0
1630215,22401098,1610612755,5.0,7.0,2.0,0.0,9.0,2.0,0.0,0.0
200768,22401098,1610612755,0.0,2.0,1.0,1.0,1.0,0.0,0.0,0.0
1642024,22401098,1610612755,10.0,1.0,4.0,0.0,4.0,3.0,2.0,2.0
1630542,22401098,1610612755,9.0,0.0,8.0,1.0,8.0,4.0,2.0,1.0
1630762,22401098,1610612755,0.0,0.0,1.0,0.0,4.0,0.0,0.0,0.0
1628384,22401098,1610612752,27.0,0.0,5.0,0.0,16.0,7.0,13.0,11.0
1628404,22401098,1610612752,9.0,6.0,4.0,0.0,7.0,4.0,1.0,1.0
1629011,22401098,1610612752,14.0,0.0,14.0,2.0,9.0,5.0,4.0,4.0
1628969,22401098,1610612752,14.0,4.0,2.0,0.0,16.0,6.0,0.0,0.0
1626153,22401098,1610612752,12.0,4.0,4.0,0.0,7.0,4.0,4.0,3.0
1630173,22401098,1610612752,2.0,1.0,9.0,1.0,11.0,1.0,2.0,0.0
1629013,22401098,1610612752,20.0,1.0,2.0,0.0,12.0,7.0,0.0,0.0
1642278,22401098,1610612752,7.0,7.0,4.0,1.0,6.0,2.0,2.0,2.0
1641755,22401098,1610612752,0.0,0.0,0.0,0.0,1.0,0.0,0.0,0.0
1630548,22401089,1610612762,12.0,0.0,2.0,0.0,10.0,5.0,0.0,0.0
1630231,22401089,1610612762,5.0,2.0,2.0,0.0,8.0,2.0,0.0,0.0
1642271,22401089,1610612762,14.0,2.0,13.0,0.0,16.0,6.0,0.0,0.0
1641729,22401089,1610612762,19.0,5.0,1.0,0.0,11.0,6.0,2.0,2.0
1642268,22401089,1610612762,17.0,7.0,2.0,1.0,11.0,6.0,6.0,5.0
1631131,22401089,1610612762,6.0,1.0,11.0,0.0,4.0,3.0,0.0,0.0
1641718,22401089,1610612762,20.0,4.0,4.0,0.0,20.0,7.0,3.0,3.0
1629004,22401089,1610612762,2.0,2.0,2.0,0.0,7.0,0.0,2.0,2.0
1630531,22401089,1610612762,11.0,2.0,4.0,1.0,9.0,4.0,2.0,2.0
1630182,22401089,1610612766,14.0,3.0,2.0,0.0,5.0,4.0,4.0,3.0
1628970,22401089,1610612766,26.0,8.0,10.0,1.0,17.0,11.0,1.0,1.0
1631109,22401089,1610612766,18.0,1.0,13.0,0.0,9.0,8.0,2.0,2.0
203552,22401089,1610612766,7.0,5.0,2.0,0.0,9.0,2.0,2.0,2.0
1642354,22401089,1610612766,10.0,6.0,8.0,1.0,13.0,4.0,0.0,0.0
1641733,22401089,1610612766,3.0,5.0,0.0,0.0,6.0,1.0,0.0,0.0
203994,22401089,1610612766,6.0,1.0,2.0,0.0,7.0,3.0,1.0,0.0
1629610,22401089,1610612766,10.0,1.0,4.0,1.0,7.0,4.0,0.0,0.0
1642275,22401089,1610612766,12.0,2.0,4.0,2.0,5.0,4.0,2.0,1.0
1631217,22401089,1610612766,4.0,0.0,2.0,0.0,2.0,2.0,2.0,0.0
201959,22401089,1610612766,0.0,1.0,0.0,0.0,0.0,0.0,0.0,0.0
201942,22401090,1610612758,31.0,8.0,3.0,0.0,24.0,12.0,7.0,5.0
1631099,22401090,1610612758,12.0,0.0,7.0,2.0,11.0,5.0,0.0,0.0
1627734,22401090,1610612758,25.0,0.0,16.0,0.0,19.0,11.0,6.0,3.0
1631165,22401090,1610612758,9.0,4.0,3.0,0.0,4.0,3.0,2.0,1.0
203897,22401090,1610612758,20.0,2.0,5.0,0.0,15.0,7.0,2.0,2.0
1628370,22401090,1610612758,5.0,7.0,7.0,0.0,14.0,2.0,0.0,0.0
1626168,22401090,1610612758,3.0,0.0,0.0,0.0,2.0,1.0,0.0,0.0
1628365,22401090,1610612758,2.0,0.0,1.0,0.0,1.0,1.0,0.0,0.0
202685,22401090,1610612758,2.0,1.0,3.0,0.0,2.0,1.0,0.0,0.0
1630174,22401090,1610612754,24.0,0.0,6.0,2.0,16.0,7.0,9.0,9.0
1627783,22401090,1610612754,11.0,6.0,3.0,0.0,15.0,4.0,2.0,2.0
1628418,22401090,1610612754,7.0,1.0,7.0,1.0,7.0,3.0,0.0,0.0
1629614,22401090,1610612754,5.0,2.0,7.0,1.0,8.0,2.0,0.0,0.0
1630169,22401090,1610612754,18.0,11.0,2.0,0.0,13.0,7.0,2.0,2.0
1628396,22401090,1610612754,4.0,0.0,3.0,1.0,2.0,2.0,0.0,0.0
1630167,22401090,1610612754,19.0,0.0,7.0,0.0,11.0,7.0,0.0,0.0
1641716,22401090,1610612754,15.0,2.0,0.0,0.0,10.0,6.0,0.0,0.0
204456,22401090,1610612754,8.0,4.0,2.0,0.0,6.0,4.0,0.0,0.0
1641767,22401090,1610612754,0.0,2.0,3.0,0.0,2.0,0.0,0.0,0.0
1628415,22401096,1610612745,16.0,1.0,5.0,1.0,14.0,5.0,4.0,3.0
1641708,22401096,1610612745,20.0,4.0,5.0,2.0,14.0,8.0,4.0,3.0
1630578,22401096,1610612745,14.0,6.0,7.0,1.0,11.0,5.0,4.0,4.0
1630224,22401096,1610612745,9.0,5.0,9.0,1.0,13.0,4.0,0.0,0.0
1627832,22401096,1610612745,7.0,9.0,4.0,0.0,14.0,2.0,3.0,2.0
1631095,22401096,1610612745,15.0,1.0,11.0,0.0,10.0,6.0,0.0,0.0
203500,22401096,1610612745,4.0,0.0,7.0,0.0,2.0,1.0,2.0,2.0
1631106,22401096,1610612745,13.0,0.0,3.0,0.0,11.0,6.0,0.0,0.0
1629060,22401096,1610612747,7.0,0.0,2.0,0.0,10.0,3.0,0.0,0.0
2544,22401096,1610612747,16.0,4.0,8.0,2.0,12.0,5.0,4.0,4.0
1629637,22401096,1610612747,3.0,1.0,3.0,0.0,2.0,1.0,1.0,1.0
1630559,22401096,1610612747,12.0,3.0,8.0,0.0,11.0,5.0,2.0,2.0
1629029,22401096,1610612747,20.0,9.0,6.0,0.0,16.0,6.0,9.0,7.0
1627827,22401096,1610612747,20.0,3.0,6.0,3.0,13.0,6.0,2.0,2.0
1629216,22401096,1610612747,20.0,1.0,4.0,1.0,14.0,6.0,2.0,2.0
1630692,22401096,1610612747,4.0,1.0,2.0,0.0,5.0,2.0,0.0,0.0
1629020,22401096,1610612747,2.0,0.0,6.0,0.0,6.0,1.0,0.0,0.0
1642261,22401096,1610612747,0.0,0.0,0.0,0.0,0.0,0.0,0.0,0.0
1628369,22401093,1610612738,25.0,2.0,14.0,1.0,24.0,10.0,3.0,3.0
1630214,22401093,1610612738,2.0,0.0,3.0,0.0,5.0,0.0,2.0,2.0
204001,22401093,1610612738,19.0,5.0,5.0,0.0,14.0,7.0,3.0,2.0
1628401,22401093,1610612738,14.0,10.0,8.0,2.0,13.0,4.0,3.0,3.0
201950,22401093,1610612738,18.0,7.0,7.0,0.0,10.0,5.0,4.0,4.0
201143,22401093,1610612738,26.0,2.0,8.0,0.0,18.0,9.0,2.0,2.0
1630202,22401093,1610612738,5.0,1.0,6.0,0.0,6.0,2.0,0.0,0.0
1630573,22401093,1610612738,8.0,3.0,3.0,0.0,6.0,2.0,2.0,2.0
1631248,22401093,1610612738,0.0,0.0,0.0,0.0,0.0,0.0,0.0,0.0
1642377,22401093,1610612763,10.0,2.0,4.0,0.0,8.0,4.0,0.0,0.0
1628991,22401093,1610612763,20.0,1.0,15.0,1.0,16.0,8.0,2.0,1.0
1641744,22401093,1610612763,4.0,0.0,2.0,1.0,3.0,2.0,0.0,0.0
1630217,22401093,1610612763,12.0,3.0,2.0,0.0,11.0,5.0,1.0,1.0
1629630,22401093,1610612763,26.0,5.0,6.0,0.0,20.0,10.0,6.0,4.0
1628963,22401093,1610612763,2.0,1.0,5.0,1.0,3.0,1.0,2.0,0.0
1630583,22401093,1610612763,21.0,4.0,8.0,0.0,18.0,8.0,2.0,2.0
1630590,22401093,1610612763,5.0,3.0,1.0,0.0,8.0,2.0,2.0,1.0
1628379,22401093,1610612763,1.0,0.0,1.0,0.0,1.0,0.0,1.0,1.0
1631246,22401093,1610612763,2.0,2.0,0.0,0.0,2.0,1.0,0.0,0.0
1630643,22401093,1610612763,0.0,0.0,0.0,0.0,1.0,0.0,0.0,0.0
1630205,22401093,1610612763,0.0,0.0,0.0,0.0,0.0,0.0,0.0,0.0
1642285,22401093,1610612763,0.0,0.0,0.0,0.0,1.0,0.0,0.0,0.0
1629723,22401093,1610612763,0.0,0.0,1.0,0.0,0.0,0.0,0.0,0.0
1631207,22401094,1610612741,4.0,2.0,3.0,0.0,4.0,1.0,2.0,2.0
1641824,22401094,1610612741,14.0,1.0,7.0,4.0,12.0,5.0,2.0,2.0
202696,22401094,1610612741,11.0,2.0,8.0,1.0,12.0,5.0,0.0,0.0
1629632,22401094,1610612741,7.0,1.0,0.0,0.0,5.0,2.0,2.0,2.0
1630581,22401094,1610612741,15.0,10.0,8.0,0.0,15.0,6.0,3.0,2.0
1630172,22401094,1610612741,16.0,3.0,2.0,0.0,11.0,6.0,0.0,0.0
1641763,22401094,1610612741,5.0,0.0,1.0,0.0,4.0,2.0,0.0,0.0
1628380,22401094,1610612741,2.0,4.0,4.0,0.0,2.0,1.0,0.0,0.0
1630188,22401094,1610612741,10.0,1.0,6.0,2.0,9.0,4.0,2.0,2.0
1628975,22401094,1610612741,17.0,3.0,2.0,0.0,14.0,6.0,0.0,0.0
1629659,22401094,1610612741,16.0,2.0,2.0,0.0,10.0,6.0,5.0,3.0
1631114,22401094,1610612760,23.0,3.0,4.0,0.0,15.0,9.0,3.0,1.0
1631096,22401094,1610612760,5.0,3.0,6.0,0.0,7.0,2.0,0.0,0.0
1628392,22401094,1610612760,14.0,2.0,7.0,0.0,9.0,7.0,0.0,0.0
1629652,22401094,1610612760,11.0,0.0,3.0,0.0,7.0,4.0,0.0,0.0
1628983,22401094,1610612760,27.0,12.0,0.0,2.0,14.0,9.0,7.0,7.0
1631119,22401094,1610612760,0.0,2.0,2.0,1.0,3.0,0.0,0.0,0.0
1630198,22401094,1610612760,31.0,1.0,2.0,0.0,17.0,10.0,3.0,3.0
1629026,22401094,1610612760,10.0,2.0,6.0,0.0,9.0,4.0,0.0,0.0
1641717,22401094,1610612760,10.0,8.0,3.0,1.0,6.0,3.0,2.0,2.0
1627936,22401094,1610612760,7.0,3.0,5.0,0.0,5.0,2.0,2.0,2.0
1642382,22401094,1610612760,2.0,1.0,2.0,2.0,3.0,0.0,4.0,2.0
1641794,22401094,1610612760,5.0,2.0,4.0,0.0,3.0,2.0,2.0,1.0
1626181,22401091,1610612746,21.0,1.0,4.0,0.0,14.0,8.0,2.0,2.0
202695,22401091,1610612746,21.0,2.0,8.0,1.0,22.0,8.0,6.0,5.0
1627826,22401091,1610612746,18.0,5.0,20.0,0.0,10.0,7.0,5.0,4.0
1627739,22401091,1610612746,6.0,2.0,3.0,1.0,6.0,2.0,0.0,0.0
201935,22401091,1610612746,20.0,5.0,3.0,1.0,19.0,8.0,4.0,3.0
1627884,22401091,1610612746,5.0,2.0,3.0,0.0,5.0,2.0,0.0,0.0
1629234,22401091,1610612746,0.0,0.0,0.0,0.0,0.0,0.0,0.0,0.0
203992,22401091,1610612746,5.0,0.0,2.0,1.0,6.0,1.0,2.0,2.0
201587,22401091,1610612746,0.0,1.0,4.0,1.0,0.0,0.0,0.0,0.0
1630532,22401091,1610612753,21.0,6.0,5.0,0.0,19.0,8.0,4.0,4.0
1631094,22401091,1610612753,26.0,4.0,6.0,0.0,23.0,8.0,9.0,9.0
1628976,22401091,1610612753,9.0,1.0,4.0,2.0,11.0,4.0,2.0,1.0
203484,22401091,1610612753,11.0,0.0,3.0,1.0,4.0,4.0,0.0,0.0
202709,22401091,1610612753,10.0,3.0,5.0,0.0,7.0,2.0,5.0,4.0
203914,22401091,1610612753,0.0,1.0,1.0,0.0,0.0,0.0,0.0,0.0
1641710,22401091,1610612753,8.0,2.0,1.0,0.0,10.0,3.0,2.0,2.0
1631216,22401091,1610612753,2.0,0.0,3.0,0.0,2.0,1.0,0.0,0.0
1629048,22401091,1610612753,0.0,1.0,1.0,0.0,0.0,0.0,0.0,0.0
1628371,22401091,1610612753,0.0,0.0,3.0,1.0,0.0,0.0,0.0,0.0
1641783,22401091,1610612753,0.0,0.0,0.0,0.0,0.0,0.0,0.0,0.0
1630592,22401095,1610612751,12.0,4.0,4.0,0.0,11.0,4.0,2.0,2.0
1630533,22401095,1610612751,11.0,0.0,2.0,0.0,8.0,4.0,2.0,1.0
1629651,22401095,1610612751,6.0,3.0,7.0,1.0,6.0,2.0,5.0,2.0
1630553,22401095,1610612751,24.0,3.0,3.0,0.0,19.0,10.0,2.0,2.0
1626156,22401095,1610612751,18.0,11.0,5.0,1.0,10.0,5.0,5.0,4.0
1631213,22401095,1610612751,11.0,5.0,6.0,0.0,8.0,3.0,2.0,2.0
1631166,22401095,1610612751,9.0,1.0,3.0,1.0,8.0,4.0,0.0,0.0
1630570,22401095,1610612751,6.0,1.0,5.0,0.0,7.0,2.0,0.0,0.0
1641727,22401095,1610612751,8.0,2.0,2.0,0.0,7.0,3.0,0.0,0.0
1641721,22401095,1610612751,8.0,2.0,3.0,0.0,6.0,2.0,2.0,2.0
1629023,22401095,1610612742,13.0,2.0,5.0,0.0,7.0,4.0,4.0,3.0
203076,22401095,1610612742,12.0,5.0,7.0,1.0,10.0,5.0,4.0,2.0
1629655,22401095,1610612742,17.0,2.0,7.0,0.0,9.0,7.0,6.0,3.0
202691,22401095,1610612742,13.0,4.0,3.0,1.0,16.0,5.0,0.0,0.0
203915,22401095,1610612742,11.0,8.0,5.0,0.0,11.0,4.0,4.0,2.0
1630230,22401095,1610612742,8.0,3.0,8.0,0.0,7.0,4.0,0.0,0.0
1630539,22401095,1610612742,7.0,2.0,5.0,0.0,4.0,3.0,2.0,1.0
1631108,22401095,1610612742,12.0,0.0,3.0,0.0,9.0,4.0,3.0,2.0
1630702,22401095,1610612742,9.0,1.0,0.0,0.0,8.0,3.0,2.0,1.0
1628997,22401095,1610612742,7.0,2.0,6.0,1.0,5.0,2.0,4.0,3.0
1641796,22401092,1610612748,15.0,5.0,7.0,0.0,13.0,7.0,2.0,1.0
1628389,22401092,1610612748,28.0,5.0,12.0,1.0,19.0,11.0,7.0,4.0
1642276,22401092,1610612748,6.0,0.0,11.0,0.0,6.0,3.0,0.0,0.0
202692,22401092,1610612748,3.0,2.0,3.0,1.0,5.0,1.0,0.0,0.0
1629639,22401092,1610612748,27.0,5.0,5.0,0.0,19.0,9.0,9.0,9.0
1629312,22401092,1610612748,2.0,1.0,7.0,0.0,4.0,1.0,1.0,0.0
1626179,22401092,1610612748,15.0,6.0,5.0,0.0,11.0,5.0,3.0,2.0
203937,22401092,1610612748,10.0,3.0,4.0,0.0,6.0,4.0,2.0,1.0
1631170,22401092,1610612748,14.0,2.0,7.0,0.0,9.0,6.0,0.0,0.0
1641815,22401092,1610612748,0.0,0.0,0.0,0.0,1.0,0.0,0.0,0.0
1630528,22401092,1610612748,0.0,0.0,1.0,0.0,0.0,0.0,0.0,0.0
1642352,22401092,1610612748,0.0,0.0,0.0,0.0,0.0,0.0,0.0,0.0
1642358,22401092,1610612764,8.0,1.0,3.0,0.0,9.0,3.0,2.0,2.0
1630551,22401092,1610612764,5.0,1.0,5.0,1.0,5.0,2.0,2.0,0.0
1642259,22401092,1610612764,8.0,3.0,3.0,2.0,17.0,3.0,1.0,1.0
1629673,22401092,1610612764,35.0,4.0,3.0,0.0,17.0,10.0,9.0,8.0
1642267,22401092,1610612764,8.0,9.0,8.0,0.0,11.0,3.0,0.0,0.0
203935,22401092,1610612764,4.0,2.0,1.0,0.0,5.0,1.0,4.0,2.0
1641798,22401092,1610612764,4.0,1.0,4.0,0.0,4.0,2.0,0.0,0.0
1626158,22401092,1610612764,8.0,0.0,8.0,1.0,5.0,4.0,0.0,0.0
1641774,22401092,1610612764,14.0,1.0,4.0,0.0,13.0,6.0,0.0,0.0
1630541,22401086,1610612744,20.0,3.0,3.0,1.0,11.0,7.0,4.0,3.0
202710,22401086,1610612744,13.0,8.0,3.0,0.0,5.0,4.0,4.0,4.0
203110,22401086,1610612744,14.0,2.0,5.0,0.0,9.0,6.0,0.0,0.0
1641764,22401086,1610612744,27.0,5.0,6.0,0.0,14.0,9.0,2.0,2.0
201939,22401086,1610612744,13.0,6.0,3.0,1.0,10.0,4.0,3.0,3.0
1630611,22401086,1610612744,4.0,6.0,4.0,0.0,6.0,2.0,0.0,0.0
1627741,22401086,1610612744,19.0,4.0,5.0,0.0,12.0,8.0,0.0,0.0
1630228,22401086,1610612744,4.0,0.0,1.0,0.0,2.0,1.0,2.0,2.0
1642366,22401086,1610612744,7.0,1.0,2.0,0.0,9.0,3.0,0.0,0.0
1626172,22401086,1610612744,8.0,1.0,7.0,1.0,5.0,3.0,1.0,1.0
1628995,22401086,1610612744,6.0,0.0,2.0,0.0,4.0,3.0,0.0,0.0
1630311,22401086,1610612744,5.0,4.0,0.0,0.0,3.0,2.0,0.0,0.0
1631218,22401086,1610612744,8.0,2.0,3.0,0.0,7.0,4.0,3.0,0.0
1642264,22401086,1610612759,9.0,2.0,3.0,0.0,11.0,3.0,3.0,2.0
203084,22401086,1610612759,6.0,3.0,1.0,0.0,6.0,2.0,1.0,1.0
1631110,22401086,1610612759,2.0,1.0,2.0,0.0,4.0,1.0,0.0,0.0
1630170,22401086,1610612759,12.0,3.0,3.0,0.0,10.0,5.0,1.0,0.0
101108,22401086,1610612759,6.0,4.0,1.0,0.0,3.0,2.0,0.0,0.0
1629640,22401086,1610612759,19.0,2.0,3.0,0.0,13.0,8.0,1.0,1.0
1629162,22401086,1610612759,9.0,4.0,1.0,0.0,4.0,3.0,0.0,0.0
1631104,22401086,1610612759,5.0,2.0,2.0,0.0,5.0,2.0,4.0,1.0
1630577,22401086,1610612759,11.0,2.0,5.0,1.0,10.0,4.0,0.0,0.0
1630572,22401086,1610612759,14.0,4.0,11.0,1.0,10.0,6.0,2.0,1.0
1631103,22401086,1610612759,13.0,3.0,1.0,0.0,8.0,4.0,4.0,4.0
1629646,22401086,1610612759,0.0,0.0,1.0,1.0,0.0,0.0,0.0,0.0
1629628,22401087,1610612761,31.0,5.0,5.0,0.0,22.0,12.0,8.0,3.0
1630567,22401087,1610612761,9.0,4.0,5.0,0.0,12.0,4.0,2.0,1.0
1631115,22401087,1610612761,13.0,4.0,4.0,1.0,7.0,5.0,2.0,2.0
1642266,22401087,1610612761,17.0,4.0,8.0,1.0,11.0,5.0,4.0,4.0
1642347,22401087,1610612761,11.0,9.0,2.0,1.0,14.0,4.0,2.0,2.0
1630534,22401087,1610612761,9.0,2.0,3.0,0.0,9.0,4.0,0.0,0.0
1642367,22401087,1610612761,13.0,3.0,5.0,1.0,8.0,6.0,0.0,0.0
1631306,22401087,1610612761,8.0,0.0,4.0,0.0,7.0,3.0,0.0,0.0
1642419,22401087,1610612761,16.0,1.0,7.0,0.0,11.0,6.0,0.0,0.0
1630639,22401087,1610612761,0.0,0.0,3.0,0.0,2.0,0.0,0.0,0.0
1642348,22401087,1610612755,12.0,4.0,7.0,0.0,17.0,6.0,0.0,0.0
1641741,22401087,1610612755,17.0,3.0,11.0,0.0,15.0,6.0,6.0,4.0
1641737,22401087,1610612755,14.0,0.0,8.0,5.0,7.0,5.0,4.0,4.0
1629022,22401087,1610612755,23.0,7.0,3.0,0.0,18.0,10.0,0.0,0.0
1630215,22401087,1610612755,15.0,6.0,1.0,0.0,9.0,5.0,2.0,2.0
1641720,22401087,1610612755,18.0,5.0,2.0,1.0,8.0,6.0,5.0,5.0
1630542,22401087,1610612755,4.0,0.0,7.0,2.0,7.0,2.0,0.0,0.0
1642024,22401087,1610612755,2.0,0.0,6.0,0.0,4.0,1.0,0.0,0.0
1630762,22401087,1610612755,4.0,0.0,1.0,2.0,4.0,1.0,2.0,2.0
1629610,22401085,1610612766,5.0,2.0,3.0,0.0,9.0,2.0,0.0,0.0
1628970,22401085,1610612766,20.0,2.0,6.0,0.0,16.0,7.0,6.0,5.0
203994,22401085,1610612766,13.0,5.0,12.0,3.0,10.0,4.0,4.0,3.0
1629006,22401085,1610612766,6.0,1.0,2.0,0.0,4.0,1.0,4.0,4.0
1642354,22401085,1610612766,9.0,4.0,3.0,0.0,12.0,3.0,2.0,2.0
1642275,22401085,1610612766,4.0,4.0,7.0,0.0,7.0,1.0,2.0,2.0
1641733,22401085,1610612766,19.0,2.0,4.0,0.0,16.0,7.0,2.0,2.0
1631217,22401085,1610612766,6.0,0.0,7.0,0.0,5.0,1.0,5.0,4.0
201959,22401085,1610612766,4.0,0.0,1.0,3.0,4.0,2.0,0.0,0.0
1631111,22401085,1610612766,8.0,0.0,5.0,0.0,8.0,4.0,0.0,0.0
1628971,22401085,1610612740,3.0,2.0,12.0,3.0,8.0,1.0,2.0,1.0
203482,22401085,1610612740,13.0,2.0,6.0,0.0,9.0,5.0,4.0,3.0
1642274,22401085,1610612740,8.0,2.0,11.0,0.0,6.0,3.0,4.0,2.0
1641810,22401085,1610612740,16.0,2.0,3.0,0.0,10.0,6.0,0.0,0.0
1630631,22401085,1610612740,12.0,4.0,5.0,0.0,16.0,4.0,3.0,3.0
203901,22401085,1610612740,2.0,6.0,3.0,1.0,7.0,1.0,0.0,0.0
1631255,22401085,1610612740,10.0,3.0,5.0,1.0,9.0,4.0,2.0,2.0
1630526,22401085,1610612740,12.0,0.0,3.0,0.0,10.0,5.0,0.0,0.0
1631311,22401085,1610612740,5.0,1.0,1.0,0.0,3.0,2.0,0.0,0.0
1631232,22401085,1610612740,17.0,2.0,8.0,3.0,12.0,7.0,2.0,2.0
1631288,22401085,1610612740,0.0,0.0,0.0,0.0,2.0,0.0,0.0,0.0
1628415,22401088,1610612745,8.0,1.0,1.0,1.0,7.0,3.0,0.0,0.0
1641708,22401088,1610612745,12.0,9.0,10.0,0.0,10.0,6.0,0.0,0.0
1630578,22401088,1610612745,16.0,3.0,9.0,1.0,11.0,6.0,7.0,4.0
1630224,22401088,1610612745,33.0,2.0,2.0,0.0,17.0,9.0,13.0,11.0
1627832,22401088,1610612745,13.0,7.0,2.0,0.0,9.0,5.0,0.0,0.0
203500,22401088,1610612745,6.0,0.0,3.0,0.0,2.0,2.0,2.0,2.0
1631095,22401088,1610612745,10.0,2.0,7.0,0.0,11.0,5.0,0.0,0.0
1628988,22401088,1610612745,11.0,1.0,2.0,1.0,7.0,4.0,0.0,0.0
201145,22401088,1610612745,6.0,0.0,2.0,0.0,2.0,2.0,0.0,0.0
1629111,22401088,1610612745,11.0,2.0,1.0,0.0,7.0,5.0,1.0,0.0
1641715,22401088,1610612745,13.0,2.0,2.0,0.0,10.0,6.0,0.0,0.0
1630256,22401088,1610612745,3.0,5.0,2.0,1.0,2.0,1.0,2.0,1.0
1642263,22401088,1610612745,6.0,3.0,2.0,0.0,3.0,2.0,0.0,0.0
1642346,22401088,1610612756,2.0,0.0,2.0,1.0,3.0,1.0,0.0,0.0
201142,22401088,1610612756,11.0,1.0,7.0,0.0,11.0,5.0,0.0,0.0
1630208,22401088,1610612756,6.0,0.0,5.0,0.0,6.0,3.0,0.0,0.0
1626164,22401088,1610612756,28.0,3.0,3.0,0.0,17.0,12.0,4.0,3.0
1631221,22401088,1610612756,3.0,4.0,4.0,1.0,9.0,1.0,0.0,0.0
1642345,22401088,1610612756,5.0,2.0,4.0,2.0,2.0,1.0,4.0,3.0
1628960,22401088,1610612756,7.0,2.0,0.0,0.0,5.0,2.0,2.0,2.0
1626145,22401088,1610612756,5.0,3.0,1.0,0.0,9.0,2.0,0.0,0.0
1628998,22401088,1610612756,4.0,0.0,2.0,0.0,3.0,2.0,0.0,0.0
1626220,22401088,1610612756,6.0,3.0,3.0,0.0,5.0,2.0,0.0,0.0
203486,22401088,1610612756,9.0,3.0,6.0,1.0,3.0,3.0,3.0,3.0
1628420,22401088,1610612756,10.0,2.0,2.0,0.0,6.0,4.0,0.0,0.0
1629626,22401088,1610612756,7.0,1.0,0.0,0.0,5.0,3.0,0.0,0.0
1627814,22401088,1610612756,6.0,1.0,0.0,0.0,3.0,1.0,4.0,4.0
203995,22401088,1610612756,0.0,0.0,0.0,0.0,0.0,0.0,0.0,0.0
1627736,22401084,1610612765,27.0,0.0,2.0,0.0,18.0,8.0,6.0,5.0
1641709,22401084,1610612765,14.0,1.0,4.0,0.0,15.0,6.0,5.0,2.0
1631105,22401084,1610612765,13.0,3.0,11.0,0.0,10.0,6.0,1.0,1.0
203501,22401084,1610612765,20.0,0.0,4.0,1.0,14.0,5.0,8.0,7.0
203471,22401084,1610612765,11.0,11.0,4.0,0.0,12.0,3.0,6.0,5.0
1631323,22401084,1610612765,3.0,1.0,5.0,0.0,8.0,1.0,0.0,0.0
1630191,22401084,1610612765,0.0,1.0,4.0,1.0,2.0,0.0,0.0,0.0
1641842,22401084,1610612765,4.0,1.0,2.0,0.0,4.0,1.0,2.0,2.0
1631204,22401084,1610612765,3.0,3.0,1.0,0.0,3.0,1.0,0.0,0.0
1630194,22401084,1610612765,4.0,0.0,3.0,1.0,5.0,1.0,4.0,2.0
1630322,22401084,1610612765,0.0,1.0,4.0,0.0,2.0,0.0,0.0,0.0
1641752,22401084,1610612765,0.0,0.0,0.0,0.0,0.0,0.0,0.0,0.0
1642450,22401084,1610612765,5.0,0.0,0.0,0.0,2.0,2.0,0.0,0.0
1630183,22401084,1610612750,2.0,3.0,9.0,2.0,6.0,1.0,2.0,0.0
203944,22401084,1610612750,26.0,5.0,8.0,1.0,18.0,9.0,7.0,7.0
203497,22401084,1610612750,19.0,0.0,25.0,1.0,16.0,8.0,4.0,3.0
1630162,22401084,1610612750,25.0,4.0,6.0,2.0,19.0,9.0,4.0,3.0
201144,22401084,1610612750,17.0,2.0,2.0,0.0,9.0,5.0,7.0,5.0
1628978,22401084,1610612750,6.0,3.0,3.0,2.0,4.0,2.0,0.0,0.0
1629675,22401084,1610612750,2.0,1.0,2.0,0.0,3.0,1.0,0.0,0.0
1629638,22401084,1610612750,11.0,4.0,2.0,1.0,10.0,4.0,2.0,1.0
1641740,22401084,1610612750,6.0,0.0,2.0,0.0,4.0,2.0,3.0,2.0
1630568,22401084,1610612750,4.0,1.0,0.0,0.0,1.0,1.0,2.0,2.0
1642265,22401084,1610612750,0.0,1.0,0.0,0.0,1.0,0.0,0.0,0.0
1631169,22401084,1610612750,5.0,0.0,0.0,0.0,2.0,2.0,0.0,0.0
1631159,22401084,1610612750,0.0,0.0,0.0,0.0,0.0,0.0,0.0,0.0
1642258,22401083,1610612737,36.0,0.0,6.0,0.0,21.0,12.0,9.0,7.0
1631243,22401083,1610612737,9.0,1.0,9.0,0.0,5.0,3.0,4.0,2.0
1630168,22401083,1610612737,13.0,3.0,10.0,0.0,8.0,4.0,4.0,4.0
1630700,22401083,1610612737,22.0,6.0,9.0,0.0,15.0,10.0,2.0,2.0
1629027,22401083,1610612737,19.0,19.0,3.0,0.0,16.0,4.0,11.0,9.0
1630249,22401083,1610612737,3.0,0.0,2.0,0.0,2.0,1.0,0.0,0.0
1627747,22401083,1610612737,9.0,1.0,3.0,2.0,9.0,4.0,0.0,0.0
1629611,22401083,1610612737,9.0,4.0,1.0,0.0,5.0,4.0,0.0,0.0
1631230,22401083,1610612737,8.0,1.0,2.0,0.0,2.0,2.0,4.0,3.0
1627777,22401083,1610612737,17.0,1.0,1.0,0.0,11.0,6.0,1.0,1.0
1628398,22401083,1610612749,25.0,1.0,6.0,0.0,17.0,8.0,6.0,5.0
203507,22401083,1610612749,31.0,5.0,9.0,0.0,18.0,11.0,14.0,9.0
201572,22401083,1610612749,5.0,1.0,1.0,1.0,4.0,2.0,2.0,1.0
1627752,22401083,1610612749,7.0,0.0,4.0,1.0,5.0,2.0,1.0,1.0
1631157,22401083,1610612749,10.0,5.0,4.0,0.0,6.0,3.0,2.0,2.0
1629018,22401083,1610612749,10.0,0.0,3.0,0.0,9.0,2.0,5.0,5.0
1626192,22401083,1610612749,6.0,3.0,1.0,0.0,6.0,3.0,0.0,0.0
1629645,22401083,1610612749,28.0,5.0,4.0,0.0,12.0,8.0,9.0,9.0
1641748,22401083,1610612749,1.0,1.0,3.0,0.0,2.0,0.0,2.0,1.0
1641890,22401083,1610612749,0.0,0.0,1.0,0.0,1.0,0.0,0.0,0.0
1631250,22401083,1610612749,0.0,0.0,0.0,0.0,0.0,0.0,0.0,0.0
1631123,22401083,1610612749,0.0,0.0,0.0,0.0,0.0,0.0,0.0,0.0
1641753,22401083,1610612749,1.0,0.0,0.0,0.0,2.0,0.0,2.0,1.0
1626181,22401081,1610612746,34.0,4.0,1.0,0.0,24.0,13.0,6.0,3.0
1627884,22401081,1610612746,15.0,2.0,3.0,1.0,8.0,5.0,4.0,3.0
1627826,22401081,1610612746,14.0,2.0,13.0,2.0,14.0,7.0,0.0,0.0
1627739,22401081,1610612746,13.0,0.0,5.0,0.0,13.0,5.0,0.0,0.0
201935,22401081,1610612746,24.0,8.0,8.0,1.0,18.0,7.0,6.0,6.0
203992,22401081,1610612746,16.0,3.0,4.0,0.0,11.0,6.0,2.0,2.0
201587,22401081,1610612746,1.0,1.0,3.0,0.0,2.0,0.0,2.0,1.0
1629599,22401081,1610612746,1.0,0.0,1.0,0.0,0.0,0.0,2.0,1.0
1627732,22401081,1610612746,4.0,5.0,6.0,0.0,3.0,2.0,0.0,0.0
1629622,22401081,1610612739,3.0,6.0,3.0,0.0,4.0,1.0,2.0,1.0
1630596,22401081,1610612739,22.0,4.0,7.0,3.0,16.0,8.0,3.0,3.0
1628386,22401081,1610612739,25.0,3.0,12.0,0.0,12.0,11.0,6.0,3.0
1628378,22401081,1610612739,24.0,7.0,12.0,0.0,19.0,9.0,4.0,4.0
1629636,22401081,1610612739,19.0,7.0,4.0,0.0,14.0,5.0,8.0,7.0
1630241,22401081,1610612739,6.0,2.0,4.0,0.0,7.0,2.0,0.0,0.0
1629631,22401081,1610612739,10.0,3.0,1.0,0.0,9.0,4.0,0.0,0.0
1629731,22401081,1610612739,5.0,1.0,2.0,0.0,6.0,2.0,0.0,0.0
1630171,22401081,1610612739,11.0,0.0,0.0,0.0,5.0,4.0,0.0,0.0
1629750,22401081,1610612739,2.0,0.0,0.0,0.0,1.0,1.0,0.0,0.0
1630166,22401082,1610612757,33.0,4.0,7.0,0.0,25.0,14.0,4.0,3.0
1641739,22401082,1610612757,16.0,4.0,8.0,0.0,8.0,6.0,0.0,0.0
1642270,22401082,1610612757,2.0,0.0,10.0,2.0,4.0,1.0,0.0,0.0
1631101,22401082,1610612757,23.0,3.0,7.0,1.0,18.0,10.0,3.0,1.0
1629014,22401082,1610612757,15.0,4.0,3.0,0.0,20.0,5.0,5.0,4.0
1630625,22401082,1610612757,0.0,4.0,1.0,0.0,6.0,0.0,0.0,0.0
1641871,22401082,1610612757,4.0,0.0,1.0,0.0,3.0,2.0,0.0,0.0
1629680,22401082,1610612757,0.0,0.0,1.0,1.0,2.0,0.0,0.0,0.0
1631200,22401082,1610612757,0.0,0.0,1.0,0.0,0.0,0.0,0.0,0.0
1631303,22401082,1610612757,0.0,0.0,0.0,0.0,1.0,0.0,2.0,0.0
1641712,22401082,1610612757,0.0,0.0,0.0,0.0,0.0,0.0,0.0,0.0
1631133,22401082,1610612757,0.0,0.0,0.0,0.0,0.0,0.0,0.0,0.0
1628384,22401082,1610612752,28.0,2.0,7.0,2.0,16.0,11.0,4.0,4.0
1628404,22401082,1610612752,14.0,9.0,8.0,0.0,10.0,5.0,4.0,3.0
1626157,22401082,1610612752,10.0,2.0,11.0,2.0,13.0,4.0,1.0,1.0
1628969,22401082,1610612752,28.0,7.0,2.0,1.0,22.0,12.0,2.0,2.0
1626153,22401082,1610612752,7.0,2.0,4.0,2.0,6.0,3.0,0.0,0.0
1629011,22401082,1610612752,2.0,2.0,4.0,2.0,1.0,1.0,0.0,0.0
1629013,22401082,1610612752,11.0,0.0,4.0,0.0,9.0,4.0,0.0,0.0
1630173,22401082,1610612752,10.0,0.0,2.0,0.0,6.0,5.0,2.0,0.0
1642278,22401082,1610612752,0.0,3.0,2.0,1.0,1.0,0.0,0.0,0.0
1642359,22401082,1610612752,0.0,0.0,0.0,0.0,0.0,0.0,0.0,0.0
1641796,22401076,1610612748,14.0,4.0,6.0,2.0,11.0,5.0,3.0,2.0
1628389,22401076,1610612748,16.0,5.0,7.0,0.0,14.0,5.0,5.0,4.0
1642276,22401076,1610612748,13.0,2.0,14.0,2.0,6.0,6.0,0.0,0.0
202692,22401076,1610612748,20.0,0.0,3.0,0.0,13.0,7.0,0.0,0.0
1629639,22401076,1610612748,30.0,7.0,3.0,0.0,17.0,11.0,3.0,3.0
1629312,22401076,1610612748,13.0,3.0,6.0,0.0,9.0,5.0,0.0,0.0
1630558,22401076,1610612748,6.0,8.0,1.0,0.0,8.0,2.0,2.0,1.0
203937,22401076,1610612748,6.0,2.0,4.0,0.0,11.0,3.0,0.0,0.0
1626179,22401076,1610612748,0.0,1.0,1.0,0.0,2.0,0.0,0.0,0.0
1630528,22401076,1610612748,0.0,0.0,1.0,0.0,2.0,0.0,0.0,0.0
1641815,22401076,1610612748,0.0,0.0,0.0,0.0,0.0,0.0,0.0,0.0
1631170,22401076,1610612748,0.0,1.0,0.0,0.0,0.0,0.0,0.0,0.0
1642352,22401076,1610612748,0.0,0.0,1.0,0.0,0.0,0.0,0.0,0.0
1642348,22401076,1610612755,17.0,3.0,3.0,0.0,10.0,6.0,2.0,1.0
1627824,22401076,1610612755,1.0,3.0,5.0,1.0,1.0,0.0,4.0,1.0
1641737,22401076,1610612755,16.0,1.0,10.0,3.0,9.0,8.0,0.0,0.0
1629656,22401076,1610612755,15.0,3.0,4.0,0.0,14.0,6.0,1.0,0.0
1630215,22401076,1610612755,19.0,10.0,2.0,0.0,12.0,7.0,3.0,1.0
1641741,22401076,1610612755,13.0,4.0,6.0,0.0,12.0,5.0,4.0,3.0
1641720,22401076,1610612755,2.0,2.0,0.0,0.0,3.0,1.0,0.0,0.0
1629022,22401076,1610612755,10.0,2.0,1.0,0.0,9.0,4.0,0.0,0.0
1630542,22401076,1610612755,2.0,0.0,5.0,3.0,3.0,1.0,0.0,0.0
1630762,22401076,1610612755,0.0,0.0,1.0,0.0,3.0,0.0,0.0,0.0
1629060,22401078,1610612747,13.0,0.0,3.0,1.0,8.0,5.0,0.0,0.0
2544,22401078,1610612747,25.0,8.0,6.0,1.0,21.0,10.0,4.0,3.0
1629637,22401078,1610612747,2.0,0.0,5.0,0.0,1.0,1.0,0.0,0.0
1630559,22401078,1610612747,31.0,8.0,7.0,1.0,16.0,8.0,10.0,10.0
1629029,22401078,1610612747,29.0,9.0,8.0,0.0,18.0,8.0,12.0,11.0
1627827,22401078,1610612747,11.0,1.0,5.0,0.0,9.0,4.0,0.0,0.0
1629216,22401078,1610612747,15.0,1.0,2.0,0.0,7.0,5.0,1.0,1.0
1630692,22401078,1610612747,0.0,0.0,1.0,0.0,2.0,0.0,0.0,0.0
1629020,22401078,1610612747,6.0,1.0,4.0,0.0,5.0,3.0,0.0,0.0
1642261,22401078,1610612747,2.0,2.0,1.0,0.0,2.0,1.0,0.0,0.0
1642377,22401078,1610612763,11.0,3.0,3.0,0.0,8.0,3.0,4.0,4.0
1628991,22401078,1610612763,24.0,1.0,4.0,1.0,13.0,8.0,6.0,5.0
1641744,22401078,1610612763,14.0,2.0,11.0,3.0,10.0,7.0,2.0,0.0
1630217,22401078,1610612763,29.0,6.0,4.0,0.0,18.0,12.0,0.0,0.0
1629630,22401078,1610612763,22.0,10.0,8.0,0.0,23.0,9.0,5.0,3.0
1630590,22401078,1610612763,16.0,5.0,3.0,0.0,8.0,6.0,1.0,1.0
1630583,22401078,1610612763,8.0,2.0,5.0,0.0,10.0,4.0,0.0,0.0
1630205,22401078,1610612763,0.0,0.0,0.0,0.0,1.0,0.0,0.0,0.0
1628379,22401078,1610612763,0.0,2.0,0.0,0.0,0.0,0.0,0.0,0.0
1631246,22401078,1610612763,3.0,2.0,3.0,0.0,4.0,1.0,0.0,0.0
1630643,22401078,1610612763,0.0,0.0,0.0,0.0,0.0,0.0,0.0,0.0
1627759,22401080,1610612738,14.0,4.0,2.0,0.0,9.0,6.0,2.0,1.0
1628369,22401080,1610612738,29.0,8.0,10.0,1.0,22.0,10.0,7.0,7.0
204001,22401080,1610612738,11.0,1.0,8.0,2.0,11.0,4.0,2.0,2.0
1628401,22401080,1610612738,13.0,6.0,8.0,1.0,13.0,4.0,3.0,2.0
201950,22401080,1610612738,21.0,6.0,6.0,0.0,12.0,8.0,0.0,0.0
1628436,22401080,1610612738,15.0,4.0,16.0,0.0,10.0,7.0,2.0,1.0
1631248,22401080,1610612738,7.0,2.0,2.0,0.0,4.0,2.0,2.0,1.0
1630573,22401080,1610612738,11.0,1.0,2.0,0.0,13.0,4.0,0.0,0.0
1642264,22401080,1610612759,22.0,8.0,2.0,0.0,18.0,7.0,10.0,7.0
203084,22401080,1610612759,13.0,2.0,3.0,0.0,11.0,5.0,0.0,0.0
1631110,22401080,1610612759,18.0,3.0,8.0,0.0,12.0,4.0,12.0,10.0
1630170,22401080,1610612759,14.0,3.0,5.0,0.0,12.0,5.0,0.0,0.0
101108,22401080,1610612759,12.0,5.0,5.0,0.0,8.0,5.0,0.0,0.0
1629640,22401080,1610612759,23.0,3.0,6.0,0.0,12.0,9.0,3.0,3.0
1631104,22401080,1610612759,3.0,0.0,3.0,0.0,5.0,1.0,0.0,0.0
1630577,22401080,1610612759,0.0,1.0,1.0,0.0,4.0,0.0,0.0,0.0
1630572,22401080,1610612759,6.0,0.0,2.0,1.0,5.0,2.0,2.0,1.0
1629023,22401077,1610612742,19.0,2.0,7.0,2.0,15.0,8.0,2.0,2.0
203076,22401077,1610612742,18.0,5.0,7.0,2.0,23.0,7.0,7.0,4.0
1630539,22401077,1610612742,15.0,3.0,7.0,2.0,8.0,7.0,1.0,1.0
202691,22401077,1610612742,20.0,1.0,1.0,0.0,13.0,6.0,3.0,3.0
203915,22401077,1610612742,14.0,11.0,8.0,1.0,11.0,6.0,1.0,0.0
1630230,22401077,1610612742,14.0,2.0,7.0,1.0,14.0,7.0,0.0,0.0
1631108,22401077,1610612742,0.0,1.0,1.0,0.0,3.0,0.0,0.0,0.0
1630314,22401077,1610612742,12.0,3.0,1.0,0.0,8.0,3.0,6.0,6.0
1630702,22401077,1610612742,6.0,0.0,0.0,0.0,4.0,2.0,1.0,1.0
1628997,22401077,1610612742,2.0,0.0,2.0,0.0,2.0,1.0,0.0,0.0
203939,22401077,1610612742,0.0,0.0,0.0,0.0,0.0,0.0,0.0,0.0
1628989,22401077,1610612741,8.0,6.0,3.0,0.0,9.0,3.0,2.0,1.0
1641824,22401077,1610612741,28.0,6.0,9.0,1.0,17.0,10.0,4.0,3.0
202696,22401077,1610612741,25.0,5.0,9.0,0.0,18.0,9.0,6.0,5.0
1629632,22401077,1610612741,25.0,2.0,11.0,0.0,16.0,8.0,9.0,7.0
1630581,22401077,1610612741,8.0,4.0,8.0,2.0,12.0,3.0,2.0,2.0
1630172,22401077,1610612741,0.0,1.0,2.0,0.0,3.0,0.0,0.0,0.0
1631207,22401077,1610612741,8.0,4.0,5.0,0.0,6.0,3.0,0.0,0.0
1628380,22401077,1610612741,13.0,2.0,7.0,0.0,8.0,5.0,1.0,1.0
1641763,22401077,1610612741,4.0,1.0,2.0,0.0,2.0,2.0,0.0,0.0
1630174,22401079,1610612754,7.0,0.0,4.0,1.0,8.0,3.0,0.0,0.0
1627783,22401079,1610612754,11.0,1.0,9.0,1.0,11.0,4.0,4.0,2.0
1626167,22401079,1610612754,11.0,1.0,5.0,0.0,6.0,2.0,10.0,7.0
1629614,22401079,1610612754,16.0,7.0,5.0,0.0,13.0,6.0,4.0,3.0
1630169,22401079,1610612754,18.0,3.0,4.0,0.0,12.0,6.0,2.0,2.0
1630167,22401079,1610612754,12.0,5.0,3.0,2.0,9.0,5.0,0.0,0.0
1641716,22401079,1610612754,10.0,4.0,4.0,0.0,8.0,3.0,2.0,2.0
204456,22401079,1610612754,8.0,3.0,1.0,0.0,6.0,4.0,0.0,0.0
1628418,22401079,1610612754,5.0,0.0,1.0,0.0,3.0,2.0,0.0,0.0
1641767,22401079,1610612754,10.0,2.0,4.0,1.0,8.0,3.0,2.0,2.0
1642277,22401079,1610612754,0.0,0.0,2.0,1.0,0.0,0.0,0.0,0.0
1631245,22401079,1610612754,1.0,1.0,0.0,0.0,2.0,0.0,2.0,1.0
1628396,22401079,1610612754,2.0,0.0,1.0,0.0,1.0,1.0,0.0,0.0
1629652,22401079,1610612760,22.0,0.0,5.0,1.0,11.0,8.0,0.0,0.0
1631114,22401079,1610612760,18.0,6.0,2.0,0.0,14.0,7.0,5.0,4.0
1628392,22401079,1610612760,4.0,1.0,5.0,0.0,5.0,2.0,0.0,0.0
1641717,22401079,1610612760,14.0,3.0,2.0,1.0,10.0,5.0,2.0,2.0
1628983,22401079,1610612760,33.0,8.0,7.0,0.0,23.0,10.0,12.0,10.0
1629026,22401079,1610612760,10.0,5.0,8.0,0.0,8.0,4.0,2.0,1.0
1630198,22401079,1610612760,19.0,0.0,5.0,0.0,9.0,7.0,0.0,0.0
1627936,22401079,1610612760,6.0,2.0,5.0,0.0,5.0,3.0,0.0,0.0
1642382,22401079,1610612760,4.0,0.0,3.0,2.0,5.0,1.0,2.0,2.0
1641794,22401079,1610612760,2.0,1.0,3.0,0.0,3.0,1.0,0.0,0.0
1641745,22401079,1610612760,0.0,0.0,2.0,0.0,1.0,0.0,0.0,0.0
201942,22401074,1610612758,21,1,4,2,11,7,5,5
1631099,22401074,1610612758,9,0,3,3,9,4,0,0
1627734,22401074,1610612758,14,4,13,0,12,4,8,6
203897,22401074,1610612758,10,3,2,0,8,3,3,3
1631165,22401074,1610612758,0,1,1,0,2,0,0,0
1626168,22401074,1610612758,4,1,7,1,4,1,2,2
1628370,22401074,1610612758,9,2,2,0,9,4,2,0
202685,22401074,1610612758,4,0,4,0,4,2,0,0
1628365,22401074,1610612758,6,4,3,0,9,3,0,0
1642269,22401074,1610612758,0,0,0,0,0,0,0,0
203926,22401074,1610612758,8,0,0,0,7,3,0,0
1642403,22401074,1610612758,6,0,1,0,3,3,0,0
203109,22401074,1610612758,0,1,1,0,2,0,0,0
1642384,22401074,1610612758,0,0,0,0,1,0,0,0
1630532,22401074,1610612753,21,3,2,0,12,8,4,3
1631094,22401074,1610612753,24,6,6,0,19,9,11,5
1628976,22401074,1610612753,12,0,4,0,4,3,4,3
203484,22401074,1610612753,8,2,3,1,8,3,1,1
202709,22401074,1610612753,3,6,7,0,4,1,0,0
1629048,22401074,1610612753,12,5,10,1,10,5,2,2
1631216,22401074,1610612753,18,2,4,0,7,6,0,0
1641710,22401074,1610612753,8,2,4,0,7,3,1,1
203914,22401074,1610612753,2,1,2,0,4,1,0,0
1628371,22401074,1610612753,2,1,1,0,1,1,1,0
1641783,22401074,1610612753,3,2,2,0,5,1,0,0
1630243,22401074,1610612753,5,1,2,0,6,2,0,0
1641724,22401074,1610612753,3,0,2,0,2,1,0,0
1629661,22401075,1610612751,18.0,7.0,9.0,0.0,10.0,5.0,7.0,7.0
1630533,22401075,1610612751,0.0,2.0,3.0,0.0,5.0,0.0,0.0,0.0
1641730,22401075,1610612751,13.0,1.0,5.0,0.0,12.0,4.0,2.0,2.0
1630553,22401075,1610612751,15.0,3.0,4.0,1.0,9.0,5.0,0.0,0.0
1631213,22401075,1610612751,20.0,4.0,5.0,0.0,11.0,7.0,4.0,3.0
1631166,22401075,1610612751,19.0,3.0,6.0,0.0,14.0,9.0,1.0,1.0
1630592,22401075,1610612751,20.0,3.0,7.0,0.0,9.0,5.0,6.0,6.0
1630570,22401075,1610612751,7.0,1.0,2.0,2.0,9.0,3.0,0.0,0.0
1641721,22401075,1610612751,3.0,0.0,4.0,1.0,6.0,1.0,0.0,0.0
1641727,22401075,1610612751,0.0,1.0,4.0,0.0,3.0,0.0,0.0,0.0
1642358,22401075,1610612764,20.0,4.0,1.0,1.0,14.0,6.0,6.0,5.0
1630551,22401075,1610612764,9.0,1.0,9.0,1.0,6.0,3.0,2.0,2.0
1642259,22401075,1610612764,12.0,1.0,4.0,3.0,12.0,4.0,4.0,4.0
1642267,22401075,1610612764,10.0,2.0,3.0,0.0,4.0,3.0,3.0,3.0
1629673,22401075,1610612764,12.0,4.0,2.0,0.0,9.0,2.0,6.0,6.0
1641732,22401075,1610612764,20.0,4.0,2.0,0.0,11.0,7.0,7.0,5.0
1641798,22401075,1610612764,13.0,3.0,6.0,0.0,10.0,5.0,2.0,2.0
203935,22401075,1610612764,3.0,2.0,1.0,0.0,3.0,1.0,1.0,1.0
1641774,22401075,1610612764,8.0,0.0,6.0,2.0,10.0,4.0,0.0,0.0
1630550,22401075,1610612764,5.0,0.0,6.0,0.0,6.0,2.0,2.0,1.0
1630541,22401072,1610612744,7.0,1.0,1.0,0.0,7.0,3.0,0.0,0.0
202710,22401072,1610612744,18.0,4.0,10.0,0.0,13.0,6.0,7.0,5.0
203110,22401072,1610612744,6.0,6.0,5.0,1.0,6.0,2.0,2.0,2.0
1641764,22401072,1610612744,10.0,2.0,6.0,0.0,11.0,4.0,2.0,1.0
201939,22401072,1610612744,23.0,6.0,4.0,0.0,21.0,7.0,5.0,4.0
1630228,22401072,1610612744,16.0,3.0,8.0,0.0,9.0,5.0,8.0,6.0
1630611,22401072,1610612744,5.0,1.0,1.0,0.0,5.0,2.0,2.0,1.0
1627741,22401072,1610612744,11.0,3.0,3.0,0.0,8.0,4.0,1.0,1.0
1642366,22401072,1610612744,15.0,2.0,6.0,0.0,11.0,5.0,2.0,2.0
1626172,22401072,1610612744,0.0,1.0,6.0,0.0,1.0,0.0,0.0,0.0
1630311,22401072,1610612744,0.0,0.0,0.0,0.0,0.0,0.0,0.0,0.0
1628995,22401072,1610612744,0.0,0.0,0.0,0.0,0.0,0.0,0.0,0.0
1628971,22401072,1610612740,18.0,1.0,7.0,2.0,11.0,6.0,4.0,4.0
203482,22401072,1610612740,6.0,2.0,6.0,0.0,7.0,0.0,6.0,6.0
1642274,22401072,1610612740,12.0,0.0,10.0,1.0,7.0,3.0,8.0,6.0
1641722,22401072,1610612740,8.0,1.0,5.0,0.0,10.0,2.0,2.0,2.0
1630631,22401072,1610612740,10.0,4.0,3.0,1.0,12.0,4.0,3.0,2.0
1630526,22401072,1610612740,11.0,2.0,2.0,0.0,9.0,5.0,0.0,0.0
203901,22401072,1610612740,4.0,10.0,5.0,0.0,7.0,2.0,1.0,0.0
1631255,22401072,1610612740,10.0,2.0,3.0,1.0,7.0,5.0,0.0,0.0
1641810,22401072,1610612740,5.0,1.0,2.0,0.0,4.0,2.0,2.0,1.0
1631232,22401072,1610612740,11.0,1.0,3.0,0.0,7.0,4.0,2.0,1.0
1626181,22401068,1610612746,11,5,2,0,9,3,4,3
202695,22401068,1610612746,31,2,6,2,14,10,6,6
1627826,22401068,1610612746,21,1,12,1,9,9,4,3
1627739,22401068,1610612746,9,2,4,0,5,3,2,2
201935,22401068,1610612746,17,6,2,0,10,6,3,3
203992,22401068,1610612746,8,9,6,0,10,3,0,0
201587,22401068,1610612746,9,0,4,0,4,3,0,0
1627732,22401068,1610612746,0,3,3,0,3,0,0,0
1627884,22401068,1610612746,6,0,3,0,7,3,0,0
1629599,22401068,1610612746,5,1,1,0,4,1,2,2
1629234,22401068,1610612746,0,0,5,1,0,0,0,0
1641738,22401068,1610612746,1,0,0,0,1,0,2,1
201988,22401068,1610612746,14,0,0,0,4,3,5,5
1629661,22401068,1610612751,11,6,0,0,8,3,4,4
1630533,22401068,1610612751,6,1,3,1,6,2,1,1
1629651,22401068,1610612751,6,1,5,2,7,3,0,0
1630553,22401068,1610612751,13,2,1,0,11,5,0,0
1626156,22401068,1610612751,5,2,2,0,7,2,0,0
1631213,22401068,1610612751,6,1,4,0,7,2,0,0
1630592,22401068,1610612751,8,2,7,0,10,1,8,6
1630570,22401068,1610612751,6,5,5,0,8,3,0,0
1641727,22401068,1610612751,5,0,1,0,5,2,0,0
1631166,22401068,1610612751,11,1,10,0,6,4,3,2
1641787,22401068,1610612751,4,3,3,0,3,1,2,1
1630623,22401068,1610612751,8,1,0,0,7,3,0,0
1641721,22401068,1610612751,5,1,2,0,3,2,2,0
1641736,22401068,1610612751,6,1,0,0,1,0,6,6
1642262,22401073,1610612762,2.0,2.0,1.0,0.0,6.0,1.0,0.0,0.0
1642271,22401073,1610612762,18.0,1.0,13.0,0.0,12.0,7.0,5.0,3.0
1631131,22401073,1610612762,7.0,1.0,10.0,0.0,5.0,2.0,3.0,3.0
1629012,22401073,1610612762,20.0,2.0,1.0,0.0,18.0,8.0,4.0,3.0
1642268,22401073,1610612762,3.0,7.0,3.0,0.0,7.0,0.0,4.0,3.0
1641718,22401073,1610612762,18.0,4.0,4.0,0.0,17.0,5.0,6.0,6.0
1630231,22401073,1610612762,0.0,2.0,0.0,0.0,4.0,0.0,0.0,0.0
1630548,22401073,1610612762,10.0,1.0,4.0,0.0,7.0,4.0,2.0,2.0
1641729,22401073,1610612762,12.0,1.0,5.0,0.0,12.0,5.0,0.0,0.0
1629004,22401073,1610612762,3.0,0.0,1.0,0.0,5.0,1.0,0.0,0.0
1629008,22401073,1610612743,20.0,4.0,4.0,4.0,10.0,7.0,2.0,2.0
203932,22401073,1610612743,6.0,5.0,5.0,0.0,4.0,2.0,4.0,1.0
203999,22401073,1610612743,27.0,6.0,14.0,0.0,18.0,8.0,12.0,10.0
1631212,22401073,1610612743,8.0,4.0,5.0,3.0,9.0,4.0,0.0,0.0
1631128,22401073,1610612743,16.0,2.0,4.0,0.0,11.0,7.0,2.0,2.0
201566,22401073,1610612743,17.0,7.0,2.0,0.0,10.0,6.0,5.0,4.0
1630192,22401073,1610612743,10.0,1.0,1.0,3.0,3.0,3.0,2.0,2.0
1629618,22401073,1610612743,0.0,4.0,4.0,0.0,2.0,0.0,0.0,0.0
1642461,22401073,1610612743,0.0,1.0,1.0,0.0,1.0,0.0,0.0,0.0
201599,22401073,1610612743,11.0,1.0,1.0,2.0,5.0,5.0,1.0,1.0
1641816,22401073,1610612743,3.0,1.0,1.0,1.0,3.0,1.0,0.0,0.0
1641790,22401073,1610612743,7.0,0.0,3.0,0.0,4.0,3.0,0.0,0.0
1641725,22401073,1610612743,4.0,2.0,0.0,0.0,3.0,2.0,0.0,0.0
1630182,22401069,1610612766,5.0,1.0,2.0,1.0,7.0,2.0,1.0,1.0
1628970,22401069,1610612766,11.0,6.0,4.0,1.0,20.0,4.0,2.0,2.0
1631109,22401069,1610612766,18.0,5.0,12.0,1.0,9.0,9.0,0.0,0.0
1629610,22401069,1610612766,15.0,2.0,5.0,1.0,9.0,6.0,0.0,0.0
1642354,22401069,1610612766,14.0,3.0,2.0,0.0,11.0,5.0,2.0,1.0
1641733,22401069,1610612766,7.0,3.0,1.0,0.0,14.0,2.0,2.0,2.0
203552,22401069,1610612766,2.0,3.0,4.0,0.0,6.0,1.0,0.0,0.0
203994,22401069,1610612766,4.0,5.0,6.0,0.0,6.0,1.0,2.0,1.0
1642275,22401069,1610612766,12.0,1.0,14.0,0.0,8.0,5.0,3.0,2.0
1631217,22401069,1610612766,9.0,0.0,6.0,1.0,6.0,4.0,3.0,1.0
1642419,22401069,1610612761,2.0,2.0,4.0,0.0,7.0,1.0,0.0,0.0
1630567,22401069,1610612761,18.0,6.0,6.0,1.0,14.0,6.0,6.0,4.0
1627751,22401069,1610612761,24.0,3.0,12.0,1.0,14.0,12.0,1.0,0.0
1642266,22401069,1610612761,11.0,1.0,2.0,0.0,8.0,3.0,2.0,2.0
1630193,22401069,1610612761,19.0,9.0,1.0,0.0,15.0,6.0,2.0,2.0
1642367,22401069,1610612761,5.0,2.0,5.0,0.0,8.0,2.0,0.0,0.0
1642347,22401069,1610612761,17.0,4.0,4.0,0.0,16.0,7.0,2.0,2.0
1631115,22401069,1610612761,5.0,1.0,10.0,0.0,5.0,2.0,2.0,0.0
1631306,22401069,1610612761,5.0,0.0,0.0,1.0,5.0,2.0,0.0,0.0
1630639,22401069,1610612761,2.0,0.0,1.0,2.0,3.0,1.0,0.0,0.0
1630171,22401067,1610612739,7.0,0.0,3.0,0.0,2.0,1.0,8.0,5.0
1630596,22401067,1610612739,9.0,4.0,6.0,2.0,10.0,3.0,2.0,1.0
1628386,22401067,1610612739,8.0,0.0,4.0,1.0,7.0,4.0,0.0,0.0
1628378,22401067,1610612739,38.0,3.0,5.0,0.0,24.0,12.0,13.0,11.0
1629636,22401067,1610612739,21.0,6.0,5.0,0.0,17.0,7.0,2.0,2.0
1630241,22401067,1610612739,6.0,0.0,4.0,0.0,5.0,2.0,0.0,0.0
1629631,22401067,1610612739,11.0,0.0,3.0,0.0,7.0,3.0,6.0,5.0
1629731,22401067,1610612739,10.0,1.0,2.0,0.0,5.0,3.0,3.0,2.0
1629750,22401067,1610612739,1.0,0.0,4.0,0.0,1.0,0.0,2.0,1.0
1641854,22401067,1610612739,9.0,2.0,5.0,0.0,5.0,3.0,2.0,2.0
202684,22401067,1610612739,2.0,0.0,0.0,0.0,1.0,1.0,0.0,0.0
203501,22401067,1610612765,32.0,3.0,1.0,0.0,18.0,10.0,5.0,5.0
1641709,22401067,1610612765,18.0,2.0,10.0,4.0,18.0,8.0,2.0,2.0
1631105,22401067,1610612765,16.0,0.0,13.0,1.0,9.0,6.0,6.0,4.0
1627736,22401067,1610612765,19.0,4.0,4.0,0.0,10.0,4.0,8.0,8.0
203471,22401067,1610612765,17.0,10.0,7.0,0.0,14.0,5.0,7.0,6.0
1631204,22401067,1610612765,4.0,4.0,1.0,0.0,9.0,1.0,2.0,1.0
1631323,22401067,1610612765,3.0,0.0,1.0,0.0,3.0,1.0,0.0,0.0
1630191,22401067,1610612765,14.0,1.0,4.0,0.0,6.0,5.0,5.0,4.0
1641842,22401067,1610612765,10.0,1.0,2.0,0.0,5.0,4.0,0.0,0.0
1628404,22401070,1610612752,13.0,8.0,14.0,1.0,8.0,5.0,5.0,3.0
1628384,22401070,1610612752,31.0,2.0,2.0,0.0,21.0,9.0,10.0,10.0
1626157,22401070,1610612752,14.0,1.0,10.0,0.0,16.0,6.0,1.0,1.0
1628969,22401070,1610612752,26.0,5.0,3.0,0.0,24.0,12.0,0.0,0.0
1626153,22401070,1610612752,12.0,4.0,3.0,0.0,9.0,5.0,0.0,0.0
1629011,22401070,1610612752,2.0,1.0,10.0,0.0,2.0,1.0,0.0,0.0
1629013,22401070,1610612752,13.0,2.0,0.0,0.0,8.0,5.0,0.0,0.0
1642278,22401070,1610612752,5.0,5.0,0.0,0.0,4.0,2.0,0.0,0.0
1630173,22401070,1610612752,0.0,0.0,2.0,0.0,1.0,0.0,0.0,0.0
1628398,22401070,1610612749,20.0,3.0,5.0,0.0,16.0,8.0,4.0,3.0
203507,22401070,1610612749,30.0,7.0,9.0,0.0,17.0,11.0,11.0,8.0
201572,22401070,1610612749,7.0,6.0,5.0,2.0,5.0,3.0,2.0,0.0
1627752,22401070,1610612749,3.0,2.0,3.0,1.0,4.0,1.0,0.0,0.0
1631157,22401070,1610612749,20.0,4.0,5.0,0.0,12.0,8.0,2.0,1.0
1629018,22401070,1610612749,14.0,0.0,1.0,0.0,11.0,5.0,0.0,0.0
1629645,22401070,1610612749,2.0,2.0,2.0,0.0,3.0,1.0,0.0,0.0
1631260,22401070,1610612749,8.0,0.0,2.0,0.0,6.0,3.0,0.0,0.0
1641890,22401070,1610612749,3.0,0.0,0.0,0.0,1.0,1.0,0.0,0.0
1641748,22401070,1610612749,0.0,0.0,0.0,0.0,0.0,0.0,0.0,0.0
201142,22401071,1610612756,23.0,2.0,6.0,2.0,19.0,7.0,6.0,6.0
1642346,22401071,1610612756,9.0,1.0,3.0,1.0,5.0,3.0,0.0,0.0
1630208,22401071,1610612756,3.0,0.0,4.0,0.0,2.0,1.0,2.0,1.0
1626164,22401071,1610612756,10.0,6.0,0.0,0.0,14.0,4.0,3.0,2.0
1631221,22401071,1610612756,22.0,10.0,5.0,0.0,11.0,9.0,0.0,0.0
1642345,22401071,1610612756,6.0,2.0,4.0,1.0,4.0,3.0,0.0,0.0
1628960,22401071,1610612756,3.0,0.0,2.0,0.0,1.0,1.0,0.0,0.0
1626145,22401071,1610612756,8.0,4.0,4.0,0.0,8.0,4.0,0.0,0.0
1628998,22401071,1610612756,4.0,1.0,4.0,0.0,3.0,2.0,2.0,0.0
1626220,22401071,1610612756,21.0,2.0,2.0,0.0,12.0,7.0,0.0,0.0
1630183,22401071,1610612750,16.0,1.0,3.0,1.0,10.0,6.0,3.0,2.0
203944,22401071,1610612750,25.0,8.0,6.0,1.0,15.0,9.0,5.0,5.0
203497,22401071,1610612750,17.0,1.0,13.0,1.0,9.0,8.0,2.0,1.0
1630162,22401071,1610612750,20.0,5.0,4.0,0.0,19.0,8.0,0.0,0.0
201144,22401071,1610612750,13.0,4.0,3.0,1.0,10.0,5.0,0.0,0.0
1629675,22401071,1610612750,9.0,4.0,7.0,0.0,7.0,3.0,0.0,0.0
1628978,22401071,1610612750,13.0,5.0,2.0,0.0,9.0,4.0,2.0,2.0
1629638,22401071,1610612750,8.0,3.0,3.0,0.0,8.0,3.0,1.0,1.0
1641740,22401071,1610612750,3.0,0.0,2.0,0.0,2.0,1.0,0.0,0.0
1642258,22401062,1610612737,5.0,4.0,0.0,0.0,5.0,2.0,2.0,0.0
1630249,22401062,1610612737,14.0,4.0,6.0,1.0,8.0,5.0,0.0,0.0
1630168,22401062,1610612737,15.0,0.0,9.0,0.0,12.0,6.0,2.0,2.0
1630700,22401062,1610612737,9.0,3.0,8.0,1.0,10.0,4.0,0.0,0.0
1629027,22401062,1610612737,29.0,12.0,2.0,0.0,21.0,10.0,3.0,3.0
1627747,22401062,1610612737,17.0,3.0,5.0,0.0,12.0,6.0,4.0,3.0
1627777,22401062,1610612737,5.0,0.0,3.0,0.0,4.0,2.0,0.0,0.0
1629611,22401062,1610612737,14.0,1.0,1.0,0.0,8.0,6.0,0.0,0.0
1631230,22401062,1610612737,4.0,0.0,2.0,0.0,3.0,2.0,0.0,0.0
203952,22401062,1610612748,16.0,3.0,5.0,0.0,15.0,6.0,2.0,2.0
1628389,22401062,1610612748,12.0,4.0,10.0,0.0,9.0,4.0,4.0,3.0
1642276,22401062,1610612748,7.0,0.0,12.0,1.0,7.0,3.0,2.0,1.0
202692,22401062,1610612748,11.0,2.0,1.0,0.0,7.0,3.0,3.0,2.0
1629639,22401062,1610612748,36.0,4.0,3.0,0.0,17.0,13.0,7.0,6.0
1630558,22401062,1610612748,16.0,6.0,2.0,0.0,12.0,6.0,0.0,0.0
1629312,22401062,1610612748,11.0,2.0,2.0,0.0,8.0,4.0,0.0,0.0
1641796,22401062,1610612748,3.0,1.0,0.0,0.0,2.0,1.0,0.0,0.0
203937,22401062,1610612748,10.0,4.0,2.0,0.0,5.0,4.0,2.0,2.0
1627827,22401063,1610612747,3.0,2.0,4.0,0.0,5.0,1.0,0.0,0.0
2544,22401063,1610612747,17.0,12.0,5.0,0.0,20.0,8.0,2.0,1.0
1629637,22401063,1610612747,19.0,1.0,8.0,1.0,11.0,9.0,2.0,1.0
1630559,22401063,1610612747,30.0,3.0,1.0,2.0,17.0,10.0,7.0,7.0
1629029,22401063,1610612747,25.0,8.0,10.0,1.0,22.0,8.0,6.0,5.0
1629020,22401063,1610612747,7.0,1.0,5.0,1.0,4.0,3.0,1.0,1.0
1630692,22401063,1610612747,8.0,2.0,2.0,2.0,4.0,3.0,0.0,0.0
1629216,22401063,1610612747,8.0,0.0,2.0,0.0,6.0,3.0,0.0,0.0
1642261,22401063,1610612747,0.0,1.0,3.0,0.0,2.0,0.0,0.0,0.0
1628989,22401063,1610612741,21.0,5.0,6.0,0.0,17.0,8.0,0.0,0.0
1641824,22401063,1610612741,12.0,1.0,7.0,0.0,10.0,3.0,5.0,4.0
202696,22401063,1610612741,14.0,2.0,8.0,2.0,10.0,6.0,2.0,1.0
1629632,22401063,1610612741,26.0,9.0,3.0,0.0,20.0,9.0,4.0,3.0
1630581,22401063,1610612741,25.0,11.0,14.0,0.0,19.0,8.0,9.0,5.0
1630172,22401063,1610612741,11.0,4.0,5.0,0.0,8.0,4.0,2.0,1.0
1628380,22401063,1610612741,10.0,0.0,3.0,0.0,5.0,5.0,0.0,0.0
1631207,22401063,1610612741,0.0,1.0,2.0,0.0,2.0,0.0,0.0,0.0
1641763,22401063,1610612741,0.0,0.0,0.0,0.0,1.0,0.0,0.0,0.0
1630166,22401066,1610612757,24.0,3.0,9.0,0.0,11.0,7.0,7.0,6.0
1641739,22401066,1610612757,6.0,1.0,4.0,1.0,8.0,2.0,0.0,0.0
1642270,22401066,1610612757,0.0,1.0,3.0,1.0,2.0,0.0,0.0,0.0
1631101,22401066,1610612757,22.0,0.0,7.0,0.0,15.0,7.0,8.0,6.0
1629014,22401066,1610612757,20.0,5.0,1.0,0.0,17.0,8.0,1.0,1.0
1641871,22401066,1610612757,17.0,1.0,5.0,1.0,11.0,5.0,4.0,4.0
1630703,22401066,1610612757,6.0,6.0,0.0,0.0,8.0,2.0,2.0,1.0
1629680,22401066,1610612757,6.0,4.0,2.0,0.0,7.0,2.0,2.0,1.0
1630625,22401066,1610612757,4.0,2.0,0.0,0.0,3.0,1.0,2.0,2.0
1631200,22401066,1610612757,0.0,0.0,0.0,0.0,2.0,0.0,0.0,0.0
1631303,22401066,1610612757,2.0,0.0,0.0,0.0,2.0,1.0,0.0,0.0
1631133,22401066,1610612757,0.0,0.0,1.0,0.0,2.0,0.0,0.0,0.0
1641712,22401066,1610612757,0.0,0.0,0.0,0.0,0.0,0.0,0.0,0.0
201942,22401066,1610612758,21.0,10.0,2.0,0.0,10.0,6.0,11.0,9.0
1631099,22401066,1610612758,17.0,1.0,7.0,0.0,11.0,7.0,1.0,1.0
1627734,22401066,1610612758,22.0,6.0,19.0,0.0,11.0,9.0,4.0,3.0
203897,22401066,1610612758,29.0,0.0,2.0,0.0,18.0,13.0,2.0,1.0
1631165,22401066,1610612758,10.0,2.0,3.0,1.0,7.0,3.0,3.0,2.0
1628370,22401066,1610612758,16.0,2.0,3.0,0.0,9.0,6.0,2.0,2.0
1626168,22401066,1610612758,3.0,0.0,1.0,0.0,3.0,1.0,0.0,0.0
202685,22401066,1610612758,6.0,1.0,6.0,0.0,3.0,2.0,2.0,2.0
1628365,22401066,1610612758,2.0,1.0,1.0,0.0,1.0,1.0,0.0,0.0
1642403,22401066,1610612758,2.0,0.0,1.0,1.0,0.0,0.0,2.0,2.0
1642269,22401066,1610612758,0.0,0.0,0.0,0.0,0.0,0.0,0.0,0.0
1630678,22401066,1610612758,0.0,1.0,1.0,0.0,0.0,0.0,0.0,0.0
1642384,22401066,1610612758,0.0,0.0,0.0,1.0,1.0,0.0,0.0,0.0
1628415,22401065,1610612745,10.0,3.0,3.0,0.0,9.0,4.0,0.0,0.0
1641708,22401065,1610612745,15.0,5.0,10.0,1.0,11.0,7.0,0.0,0.0
1630578,22401065,1610612745,33.0,2.0,10.0,2.0,19.0,11.0,13.0,11.0
1630224,22401065,1610612745,21.0,6.0,8.0,0.0,20.0,8.0,3.0,1.0
1627832,22401065,1610612745,4.0,6.0,1.0,1.0,10.0,1.0,1.0,1.0
1631106,22401065,1610612745,15.0,2.0,6.0,1.0,10.0,6.0,0.0,0.0
1629111,22401065,1610612745,10.0,0.0,3.0,0.0,7.0,5.0,0.0,0.0
1628988,22401065,1610612745,2.0,1.0,0.0,0.0,4.0,1.0,0.0,0.0
1631095,22401065,1610612745,11.0,1.0,10.0,0.0,12.0,4.0,2.0,2.0
1642262,22401065,1610612762,4.0,1.0,2.0,0.0,6.0,2.0,0.0,0.0
1642271,22401065,1610612762,16.0,4.0,7.0,2.0,10.0,5.0,6.0,5.0
1631117,22401065,1610612762,2.0,2.0,9.0,2.0,3.0,1.0,0.0,0.0
1629012,22401065,1610612762,21.0,5.0,1.0,0.0,20.0,9.0,0.0,0.0
1642268,22401065,1610612762,16.0,5.0,1.0,1.0,12.0,7.0,3.0,1.0
1641718,22401065,1610612762,17.0,8.0,3.0,0.0,11.0,5.0,7.0,7.0
1630231,22401065,1610612762,6.0,2.0,2.0,0.0,4.0,3.0,0.0,0.0
1630548,22401065,1610612762,11.0,1.0,2.0,0.0,7.0,5.0,0.0,0.0
1641729,22401065,1610612762,17.0,0.0,4.0,0.0,6.0,6.0,1.0,0.0
1630531,22401065,1610612762,0.0,1.0,2.0,0.0,0.0,0.0,0.0,0.0
1630230,22401060,1610612742,6.0,3.0,4.0,0.0,5.0,3.0,0.0,0.0
203076,22401060,1610612742,15.0,2.0,7.0,0.0,19.0,5.0,7.0,4.0
1630539,22401060,1610612742,4.0,0.0,5.0,1.0,2.0,2.0,0.0,0.0
202691,22401060,1610612742,12.0,0.0,4.0,0.0,10.0,5.0,0.0,0.0
203915,22401060,1610612742,7.0,4.0,4.0,0.0,7.0,2.0,4.0,3.0
1631108,22401060,1610612742,12.0,2.0,3.0,0.0,6.0,3.0,4.0,4.0
1628997,22401060,1610612742,5.0,2.0,4.0,0.0,4.0,2.0,2.0,1.0
203939,22401060,1610612742,4.0,2.0,3.0,0.0,3.0,2.0,0.0,0.0
1630314,22401060,1610612742,14.0,6.0,3.0,0.0,10.0,6.0,1.0,1.0
1630702,22401060,1610612742,22.0,0.0,3.0,0.0,12.0,7.0,4.0,3.0
1630532,22401060,1610612753,20.0,2.0,9.0,0.0,21.0,8.0,4.0,4.0
1631094,22401060,1610612753,35.0,4.0,10.0,0.0,21.0,13.0,12.0,8.0
1628976,22401060,1610612753,12.0,1.0,5.0,2.0,10.0,5.0,1.0,1.0
203484,22401060,1610612753,0.0,0.0,4.0,0.0,4.0,0.0,0.0,0.0
202709,22401060,1610612753,6.0,1.0,2.0,0.0,6.0,2.0,0.0,0.0
203914,22401060,1610612753,0.0,0.0,1.0,0.0,0.0,0.0,0.0,0.0
1629048,22401060,1610612753,3.0,2.0,5.0,1.0,2.0,1.0,2.0,1.0
1641710,22401060,1610612753,14.0,3.0,3.0,2.0,10.0,5.0,3.0,3.0
1631216,22401060,1610612753,0.0,0.0,0.0,0.0,1.0,0.0,0.0,0.0
1641783,22401060,1610612753,2.0,0.0,1.0,0.0,4.0,0.0,2.0,2.0
1628371,22401060,1610612753,0.0,1.0,4.0,0.0,1.0,0.0,0.0,0.0
1630174,22401061,1610612754,11.0,0.0,4.0,0.0,7.0,4.0,0.0,0.0
1627783,22401061,1610612754,13.0,5.0,2.0,0.0,8.0,6.0,0.0,0.0
1626167,22401061,1610612754,17.0,2.0,5.0,0.0,7.0,5.0,4.0,3.0
1629614,22401061,1610612754,7.0,8.0,4.0,0.0,3.0,2.0,2.0,2.0
1630169,22401061,1610612754,29.0,6.0,2.0,1.0,15.0,9.0,5.0,4.0
1631097,22401061,1610612754,10.0,1.0,2.0,0.0,7.0,2.0,6.0,6.0
1630167,22401061,1610612754,15.0,4.0,2.0,0.0,9.0,7.0,0.0,0.0
204456,22401061,1610612754,10.0,8.0,9.0,0.0,7.0,5.0,0.0,0.0
1641716,22401061,1610612754,16.0,5.0,5.0,1.0,10.0,6.0,0.0,0.0
1628418,22401061,1610612754,12.0,0.0,7.0,0.0,5.0,4.0,2.0,2.0
1641767,22401061,1610612754,6.0,2.0,2.0,0.0,4.0,2.0,0.0,0.0
1628396,22401061,1610612754,8.0,0.0,2.0,0.0,6.0,4.0,0.0,0.0
1631245,22401061,1610612754,5.0,7.0,2.0,0.0,3.0,2.0,0.0,0.0
1642277,22401061,1610612754,3.0,0.0,2.0,0.0,1.0,1.0,0.0,0.0
1630551,22401061,1610612764,15.0,1.0,7.0,0.0,9.0,6.0,4.0,3.0
203114,22401061,1610612764,8.0,2.0,1.0,0.0,7.0,3.0,2.0,1.0
1642259,22401061,1610612764,22.0,1.0,7.0,1.0,15.0,8.0,6.0,5.0
1629673,22401061,1610612764,18.0,3.0,0.0,0.0,13.0,6.0,2.0,2.0
1642267,22401061,1610612764,13.0,6.0,4.0,1.0,12.0,5.0,0.0,0.0
1642358,22401061,1610612764,2.0,0.0,3.0,0.0,7.0,1.0,0.0,0.0
1641798,22401061,1610612764,4.0,2.0,1.0,0.0,3.0,2.0,0.0,0.0
1641732,22401061,1610612764,12.0,2.0,2.0,0.0,7.0,3.0,4.0,4.0
1626158,22401061,1610612764,9.0,1.0,3.0,0.0,5.0,2.0,6.0,5.0
1630264,22401061,1610612764,2.0,0.0,1.0,0.0,1.0,1.0,0.0,0.0
1641774,22401061,1610612764,4.0,1.0,2.0,0.0,6.0,1.0,2.0,2.0
1630170,22401059,1610612759,22.0,4.0,3.0,0.0,15.0,7.0,4.0,4.0
203084,22401059,1610612759,10.0,2.0,2.0,0.0,8.0,4.0,1.0,1.0
202687,22401059,1610612759,8.0,1.0,6.0,2.0,5.0,4.0,0.0,0.0
1642264,22401059,1610612759,22.0,8.0,11.0,0.0,23.0,9.0,6.0,2.0
101108,22401059,1610612759,5.0,5.0,4.0,0.0,10.0,2.0,0.0,0.0
1630577,22401059,1610612759,16.0,1.0,7.0,0.0,13.0,4.0,5.0,5.0
1629640,22401059,1610612759,17.0,0.0,10.0,0.0,16.0,7.0,2.0,2.0
1631110,22401059,1610612759,13.0,2.0,5.0,1.0,12.0,5.0,3.0,2.0
1631104,22401059,1610612759,3.0,1.0,0.0,0.0,1.0,1.0,0.0,0.0
1630572,22401059,1610612759,0.0,3.0,2.0,0.0,3.0,0.0,0.0,0.0
1629622,22401059,1610612739,18.0,4.0,4.0,0.0,10.0,7.0,0.0,0.0
1629731,22401059,1610612739,3.0,0.0,3.0,0.0,5.0,1.0,0.0,0.0
1628386,22401059,1610612739,29.0,0.0,15.0,1.0,11.0,10.0,11.0,9.0
1628378,22401059,1610612739,25.0,14.0,8.0,1.0,18.0,8.0,5.0,5.0
1629636,22401059,1610612739,10.0,9.0,4.0,0.0,15.0,4.0,0.0,0.0
1629631,22401059,1610612739,14.0,2.0,7.0,1.0,15.0,6.0,2.0,1.0
1630241,22401059,1610612739,13.0,2.0,2.0,1.0,13.0,5.0,0.0,0.0
1630171,22401059,1610612739,9.0,1.0,4.0,0.0,7.0,4.0,0.0,0.0
1629750,22401059,1610612739,3.0,1.0,5.0,0.0,4.0,1.0,0.0,0.0
202684,22401059,1610612739,0.0,0.0,4.0,1.0,1.0,0.0,0.0,0.0
1642377,22401064,1610612763,13,0,5,0,6,3,5,5
1630583,22401064,1610612763,10,5,5,0,9,3,4,3
1628991,22401064,1610612763,27,4,2,2,21,9,4,4
1630217,22401064,1610612763,3,6,2,0,12,1,0,0
1630590,22401064,1610612763,17,7,10,0,10,5,4,4
1630643,22401064,1610612763,8,1,2,1,5,3,0,0
1628379,22401064,1610612763,9,1,5,0,4,3,2,2
1631246,22401064,1610612763,7,3,0,0,7,3,0,0
1641744,22401064,1610612763,8,1,4,1,2,2,4,4
1629723,22401064,1610612763,0,0,1,0,1,0,0,0
1630205,22401064,1610612763,2,0,0,0,2,1,0,0
1642285,22401064,1610612763,0,0,0,0,0,0,0,0
1631114,22401064,1610612760,20,4,5,0,12,6,8,7
1631096,22401064,1610612760,4,2,9,0,9,2,0,0
1628392,22401064,1610612760,18,4,11,2,9,5,8,8
1629652,22401064,1610612760,9,5,1,0,8,3,0,0
1628983,22401064,1610612760,37,6,3,0,25,15,9,7
1629026,22401064,1610612760,8,1,2,1,5,3,1,1
1631119,22401064,1610612760,3,0,3,0,2,1,0,0
1630198,22401064,1610612760,7,2,4,0,6,2,2,1
1641717,22401064,1610612760,10,2,3,0,6,4,0,0
1627936,22401064,1610612760,6,1,3,1,5,2,0,0
1641745,22401064,1610612760,0,0,1,0,1,0,0,0
1642382,22401064,1610612760,3,0,0,0,2,1,0,0
1641794,22401064,1610612760,0,1,0,0,0,0,0,0
1629060,22401055,1610612747,14.0,1.0,4.0,0.0,5.0,4.0,2.0,2.0
2544,22401055,1610612747,13.0,7.0,13.0,0.0,12.0,4.0,5.0,5.0
1629637,22401055,1610612747,13.0,1.0,2.0,1.0,6.0,6.0,3.0,1.0
1630559,22401055,1610612747,24.0,5.0,4.0,0.0,16.0,8.0,7.0,7.0
1629029,22401055,1610612747,34.0,7.0,7.0,1.0,21.0,11.0,7.0,6.0
1630692,22401055,1610612747,2.0,1.0,2.0,0.0,4.0,1.0,0.0,0.0
1627827,22401055,1610612747,11.0,1.0,3.0,1.0,7.0,4.0,0.0,0.0
1629216,22401055,1610612747,6.0,0.0,1.0,0.0,6.0,2.0,0.0,0.0
1629020,22401055,1610612747,0.0,3.0,6.0,0.0,1.0,0.0,0.0,0.0
1642261,22401055,1610612747,3.0,0.0,1.0,0.0,1.0,1.0,0.0,0.0
1630174,22401055,1610612754,13.0,2.0,1.0,0.0,9.0,5.0,0.0,0.0
1627783,22401055,1610612754,15.0,2.0,6.0,2.0,12.0,6.0,4.0,3.0
1626167,22401055,1610612754,16.0,1.0,12.0,1.0,9.0,6.0,0.0,0.0
1629614,22401055,1610612754,16.0,3.0,7.0,0.0,9.0,6.0,3.0,3.0
1630169,22401055,1610612754,16.0,18.0,0.0,1.0,16.0,7.0,1.0,1.0
1630167,22401055,1610612754,10.0,0.0,2.0,0.0,7.0,4.0,1.0,0.0
1631097,22401055,1610612754,23.0,2.0,5.0,0.0,16.0,7.0,8.0,7.0
204456,22401055,1610612754,5.0,2.0,1.0,0.0,6.0,2.0,0.0,0.0
1641767,22401055,1610612754,0.0,0.0,0.0,0.0,1.0,0.0,0.0,0.0
1628418,22401055,1610612754,0.0,0.0,0.0,0.0,0.0,0.0,0.0,0.0
1641716,22401055,1610612754,5.0,1.0,2.0,0.0,2.0,1.0,2.0,2.0
1630567,22401054,1610612761,15.0,5.0,7.0,1.0,17.0,6.0,3.0,3.0
1629628,22401054,1610612761,15.0,5.0,6.0,0.0,13.0,5.0,5.0,4.0
1631115,22401054,1610612761,23.0,3.0,12.0,1.0,14.0,10.0,2.0,2.0
1642266,22401054,1610612761,11.0,6.0,2.0,0.0,14.0,4.0,2.0,2.0
1642347,22401054,1610612761,7.0,8.0,5.0,0.0,8.0,2.0,2.0,1.0
1630534,22401054,1610612761,12.0,2.0,8.0,0.0,8.0,5.0,0.0,0.0
1642419,22401054,1610612761,8.0,0.0,10.0,0.0,5.0,2.0,2.0,2.0
1642367,22401054,1610612761,16.0,5.0,7.0,1.0,10.0,5.0,6.0,6.0
1631306,22401054,1610612761,7.0,0.0,3.0,0.0,7.0,3.0,1.0,0.0
1630639,22401054,1610612761,2.0,0.0,3.0,0.0,6.0,1.0,0.0,0.0
1630533,22401054,1610612751,13.0,1.0,6.0,0.0,14.0,4.0,3.0,3.0
1641730,22401054,1610612751,5.0,2.0,5.0,1.0,9.0,1.0,2.0,2.0
1629651,22401054,1610612751,22.0,1.0,11.0,5.0,14.0,10.0,4.0,2.0
1630553,22401054,1610612751,8.0,5.0,2.0,1.0,10.0,2.0,5.0,4.0
1626156,22401054,1610612751,5.0,2.0,5.0,0.0,8.0,2.0,0.0,0.0
1630570,22401054,1610612751,9.0,3.0,4.0,1.0,8.0,4.0,1.0,1.0
1641721,22401054,1610612751,5.0,1.0,4.0,0.0,7.0,2.0,0.0,0.0
1641727,22401054,1610612751,9.0,1.0,2.0,0.0,10.0,3.0,0.0,0.0
1630592,22401054,1610612751,10.0,0.0,4.0,1.0,7.0,3.0,4.0,4.0
202695,22401056,1610612746,27.0,7.0,10.0,0.0,18.0,10.0,5.0,5.0
1626181,22401056,1610612746,19.0,2.0,1.0,1.0,12.0,7.0,2.0,1.0
1627826,22401056,1610612746,18.0,2.0,10.0,2.0,15.0,7.0,6.0,4.0
1627739,22401056,1610612746,9.0,6.0,3.0,0.0,8.0,3.0,2.0,2.0
201935,22401056,1610612746,29.0,6.0,6.0,2.0,16.0,8.0,8.0,7.0
201587,22401056,1610612746,6.0,0.0,1.0,2.0,2.0,2.0,0.0,0.0
203992,22401056,1610612746,4.0,2.0,0.0,0.0,5.0,2.0,0.0,0.0
1627732,22401056,1610612746,2.0,2.0,8.0,0.0,4.0,1.0,0.0,0.0
1627884,22401056,1610612746,12.0,0.0,6.0,1.0,8.0,5.0,1.0,1.0
201988,22401056,1610612746,0.0,0.0,0.0,0.0,0.0,0.0,0.0,0.0
1629234,22401056,1610612746,0.0,0.0,0.0,0.0,0.0,0.0,0.0,0.0
1641738,22401056,1610612746,0.0,0.0,0.0,0.0,0.0,0.0,0.0,0.0
1628384,22401056,1610612752,28.0,3.0,5.0,0.0,17.0,11.0,3.0,3.0
1628404,22401056,1610612752,7.0,6.0,5.0,0.0,9.0,3.0,3.0,1.0
1626157,22401056,1610612752,34.0,4.0,14.0,0.0,20.0,11.0,10.0,8.0
1628969,22401056,1610612752,17.0,9.0,4.0,0.0,16.0,7.0,2.0,2.0
1626166,22401056,1610612752,15.0,0.0,2.0,0.0,9.0,6.0,0.0,0.0
1629013,22401056,1610612752,6.0,2.0,2.0,0.0,5.0,2.0,0.0,0.0
1630173,22401056,1610612752,6.0,0.0,3.0,0.0,3.0,2.0,2.0,2.0
1642278,22401056,1610612752,0.0,7.0,1.0,0.0,3.0,0.0,2.0,0.0
1629011,22401056,1610612752,0.0,1.0,2.0,1.0,0.0,0.0,0.0,0.0
1626153,22401056,1610612752,0.0,3.0,0.0,0.0,1.0,0.0,0.0,0.0
1641817,22401056,1610612752,0.0,0.0,0.0,0.0,0.0,0.0,0.0,0.0
1630699,22401056,1610612752,0.0,0.0,0.0,0.0,1.0,0.0,0.0,0.0
1627752,22401057,1610612749,15.0,5.0,0.0,0.0,9.0,6.0,0.0,0.0
1628398,22401057,1610612749,10.0,4.0,7.0,2.0,10.0,3.0,6.0,4.0
201572,22401057,1610612749,26.0,3.0,7.0,3.0,17.0,12.0,0.0,0.0
1629018,22401057,1610612749,16.0,0.0,4.0,0.0,15.0,5.0,2.0,2.0
1629645,22401057,1610612749,12.0,8.0,7.0,0.0,15.0,5.0,2.0,2.0
1631260,22401057,1610612749,15.0,5.0,5.0,0.0,9.0,5.0,0.0,0.0
1626192,22401057,1610612749,6.0,2.0,8.0,1.0,5.0,3.0,0.0,0.0
1631157,22401057,1610612749,17.0,3.0,1.0,0.0,9.0,7.0,3.0,1.0
1629008,22401057,1610612743,23.0,4.0,10.0,0.0,9.0,7.0,4.0,3.0
203932,22401057,1610612743,7.0,1.0,2.0,0.0,6.0,3.0,0.0,0.0
203999,22401057,1610612743,39.0,10.0,10.0,0.0,25.0,16.0,7.0,4.0
1631128,22401057,1610612743,19.0,6.0,10.0,0.0,15.0,8.0,0.0,0.0
1627750,22401057,1610612743,17.0,6.0,4.0,1.0,15.0,6.0,5.0,4.0
1631212,22401057,1610612743,12.0,2.0,7.0,3.0,8.0,6.0,0.0,0.0
201566,22401057,1610612743,6.0,6.0,2.0,0.0,9.0,2.0,4.0,1.0
1629618,22401057,1610612743,4.0,0.0,0.0,0.0,2.0,1.0,2.0,1.0
201599,22401057,1610612743,0.0,1.0,1.0,0.0,1.0,0.0,0.0,0.0
1642461,22401057,1610612743,0.0,0.0,0.0,0.0,0.0,0.0,0.0,0.0
1627759,22401058,1610612738,24.0,5.0,3.0,0.0,15.0,7.0,6.0,6.0
201143,22401058,1610612738,16.0,5.0,10.0,2.0,10.0,5.0,4.0,4.0
204001,22401058,1610612738,30.0,2.0,8.0,2.0,15.0,10.0,8.0,6.0
1628401,22401058,1610612738,16.0,7.0,4.0,0.0,11.0,5.0,2.0,2.0
201950,22401058,1610612738,16.0,3.0,2.0,0.0,10.0,6.0,2.0,2.0
1630573,22401058,1610612738,11.0,3.0,3.0,0.0,5.0,4.0,0.0,0.0
1630202,22401058,1610612738,7.0,4.0,6.0,0.0,10.0,3.0,0.0,0.0
1631248,22401058,1610612738,3.0,4.0,0.0,0.0,3.0,1.0,0.0,0.0
1628436,22401058,1610612738,2.0,0.0,5.0,2.0,3.0,1.0,0.0,0.0
1628470,22401058,1610612738,3.0,0.0,3.0,0.0,1.0,1.0,0.0,0.0
1629674,22401058,1610612738,4.0,0.0,3.0,0.0,4.0,2.0,0.0,0.0
1641775,22401058,1610612738,0.0,0.0,1.0,1.0,2.0,0.0,0.0,0.0
1642346,22401058,1610612756,6.0,0.0,5.0,0.0,9.0,2.0,2.0,0.0
201142,22401058,1610612756,30.0,2.0,1.0,0.0,16.0,11.0,5.0,5.0
1630208,22401058,1610612756,10.0,0.0,4.0,0.0,7.0,5.0,0.0,0.0
1626164,22401058,1610612756,14.0,10.0,7.0,0.0,13.0,4.0,6.0,5.0
1631221,22401058,1610612756,5.0,0.0,1.0,0.0,5.0,2.0,0.0,0.0
1626220,22401058,1610612756,0.0,0.0,3.0,1.0,3.0,0.0,0.0,0.0
1626145,22401058,1610612756,8.0,5.0,4.0,0.0,5.0,3.0,0.0,0.0
1642345,22401058,1610612756,6.0,0.0,2.0,0.0,5.0,2.0,2.0,2.0
1628998,22401058,1610612756,8.0,1.0,1.0,0.0,9.0,3.0,1.0,1.0
1628960,22401058,1610612756,2.0,1.0,1.0,0.0,3.0,0.0,3.0,2.0
203486,22401058,1610612756,0.0,2.0,5.0,1.0,2.0,0.0,0.0,0.0
1629626,22401058,1610612756,8.0,0.0,1.0,1.0,3.0,3.0,0.0,0.0
1628420,22401058,1610612756,2.0,1.0,2.0,0.0,3.0,0.0,2.0,2.0
1627814,22401058,1610612756,3.0,0.0,1.0,0.0,4.0,1.0,0.0,0.0
203995,22401058,1610612756,0.0,0.0,0.0,0.0,0.0,0.0,0.0,0.0
1642358,22401053,1610612764,9.0,6.0,5.0,0.0,13.0,4.0,0.0,0.0
1630551,22401053,1610612764,18.0,1.0,10.0,0.0,12.0,7.0,0.0,0.0
1642259,22401053,1610612764,24.0,2.0,7.0,2.0,17.0,10.0,0.0,0.0
1629673,22401053,1610612764,18.0,7.0,2.0,0.0,12.0,7.0,0.0,0.0
1642267,22401053,1610612764,9.0,6.0,5.0,0.0,8.0,3.0,2.0,1.0
1641732,22401053,1610612764,8.0,2.0,4.0,1.0,7.0,3.0,4.0,0.0
1641798,22401053,1610612764,12.0,3.0,6.0,0.0,9.0,5.0,1.0,1.0
1630550,22401053,1610612764,4.0,1.0,4.0,1.0,4.0,2.0,2.0,0.0
1641774,22401053,1610612764,17.0,2.0,6.0,2.0,13.0,7.0,3.0,3.0
1641741,22401053,1610612755,13.0,3.0,6.0,1.0,14.0,4.0,7.0,4.0
1642348,22401053,1610612755,19.0,1.0,10.0,0.0,15.0,9.0,0.0,0.0
1627824,22401053,1610612755,21.0,1.0,8.0,1.0,15.0,7.0,5.0,4.0
1629656,22401053,1610612755,22.0,4.0,3.0,0.0,16.0,6.0,6.0,6.0
1630288,22401053,1610612755,11.0,3.0,1.0,0.0,10.0,5.0,0.0,0.0
1630215,22401053,1610612755,14.0,4.0,5.0,0.0,10.0,5.0,0.0,0.0
1630542,22401053,1610612755,4.0,1.0,4.0,0.0,3.0,1.0,2.0,2.0
1641737,22401053,1610612755,6.0,3.0,6.0,3.0,6.0,3.0,0.0,0.0
1630762,22401053,1610612755,4.0,2.0,4.0,0.0,9.0,2.0,0.0,0.0
1642377,22401050,1610612763,10.0,5.0,6.0,0.0,10.0,3.0,2.0,2.0
1630583,22401050,1610612763,9.0,3.0,5.0,0.0,7.0,3.0,2.0,1.0
1628991,22401050,1610612763,19.0,1.0,3.0,2.0,12.0,8.0,2.0,1.0
1630217,22401050,1610612763,21.0,6.0,4.0,1.0,16.0,8.0,3.0,3.0
1630590,22401050,1610612763,16.0,10.0,5.0,0.0,8.0,7.0,0.0,0.0
1628379,22401050,1610612763,8.0,6.0,3.0,0.0,9.0,3.0,0.0,0.0
1630643,22401050,1610612763,15.0,0.0,6.0,1.0,13.0,6.0,2.0,2.0
1631246,22401050,1610612763,15.0,1.0,4.0,0.0,7.0,5.0,2.0,2.0
1641744,22401050,1610612763,15.0,2.0,7.0,0.0,8.0,5.0,3.0,3.0
1629723,22401050,1610612763,8.0,3.0,7.0,0.0,5.0,3.0,0.0,0.0
1642285,22401050,1610612763,4.0,1.0,2.0,0.0,3.0,1.0,2.0,2.0
1642262,22401050,1610612762,8.0,1.0,1.0,0.0,9.0,3.0,0.0,0.0
1642271,22401050,1610612762,13.0,0.0,2.0,0.0,6.0,4.0,3.0,3.0
1631117,22401050,1610612762,7.0,1.0,9.0,2.0,6.0,3.0,0.0,0.0
1629012,22401050,1610612762,15.0,5.0,3.0,0.0,10.0,4.0,6.0,6.0
1642268,22401050,1610612762,21.0,4.0,3.0,0.0,13.0,7.0,5.0,3.0
1631131,22401050,1610612762,6.0,0.0,3.0,0.0,4.0,2.0,3.0,2.0
1630231,22401050,1610612762,5.0,1.0,2.0,0.0,5.0,2.0,1.0,1.0
1641718,22401050,1610612762,6.0,1.0,1.0,0.0,8.0,1.0,4.0,3.0
1641729,22401050,1610612762,9.0,5.0,1.0,1.0,5.0,3.0,0.0,0.0
1630548,22401050,1610612762,13.0,5.0,1.0,0.0,10.0,5.0,0.0,0.0
1630531,22401050,1610612762,0.0,0.0,1.0,0.0,0.0,0.0,0.0,0.0
1629004,22401050,1610612762,0.0,1.0,1.0,0.0,2.0,0.0,0.0,0.0
1627780,22401047,1610612744,4.0,2.0,7.0,0.0,2.0,2.0,0.0,0.0
202710,22401047,1610612744,11.0,2.0,6.0,0.0,12.0,5.0,1.0,1.0
203110,22401047,1610612744,2.0,3.0,5.0,0.0,4.0,1.0,0.0,0.0
1630541,22401047,1610612744,7.0,2.0,1.0,0.0,13.0,3.0,1.0,1.0
1641764,22401047,1610612744,14.0,4.0,3.0,0.0,16.0,6.0,1.0,0.0
1627741,22401047,1610612744,10.0,0.0,3.0,0.0,8.0,3.0,2.0,2.0
1642366,22401047,1610612744,3.0,3.0,1.0,0.0,5.0,1.0,0.0,0.0
1630228,22401047,1610612744,15.0,2.0,2.0,0.0,10.0,4.0,9.0,6.0
1630611,22401047,1610612744,13.0,0.0,3.0,0.0,8.0,5.0,0.0,0.0
1626172,22401047,1610612744,3.0,2.0,5.0,1.0,1.0,1.0,2.0,1.0
1630311,22401047,1610612744,0.0,0.0,0.0,0.0,2.0,0.0,0.0,0.0
1628995,22401047,1610612744,0.0,0.0,1.0,0.0,0.0,0.0,0.0,0.0
1631218,22401047,1610612744,4.0,0.0,1.0,0.0,2.0,2.0,0.0,0.0
203952,22401047,1610612748,10.0,5.0,5.0,3.0,13.0,4.0,0.0,0.0
1628389,22401047,1610612748,27.0,1.0,8.0,1.0,18.0,9.0,9.0,7.0
1642276,22401047,1610612748,14.0,0.0,10.0,1.0,11.0,7.0,0.0,0.0
202692,22401047,1610612748,17.0,0.0,2.0,0.0,8.0,6.0,0.0,0.0
1629639,22401047,1610612748,20.0,7.0,3.0,0.0,10.0,7.0,2.0,2.0
1630558,22401047,1610612748,12.0,7.0,5.0,0.0,8.0,5.0,1.0,0.0
1629312,22401047,1610612748,0.0,3.0,6.0,0.0,2.0,0.0,0.0,0.0
203937,22401047,1610612748,7.0,3.0,3.0,0.0,3.0,3.0,0.0,0.0
1641796,22401047,1610612748,5.0,0.0,0.0,0.0,4.0,2.0,0.0,0.0
1631170,22401047,1610612748,0.0,0.0,0.0,0.0,0.0,0.0,0.0,0.0
1642258,22401049,1610612737,18.0,1.0,4.0,0.0,16.0,8.0,2.0,2.0
1631243,22401049,1610612737,4.0,1.0,4.0,0.0,3.0,0.0,4.0,4.0
1630168,22401049,1610612737,14.0,3.0,15.0,0.0,14.0,6.0,0.0,0.0
1630700,22401049,1610612737,19.0,10.0,8.0,0.0,14.0,7.0,2.0,2.0
1629027,22401049,1610612737,19.0,12.0,2.0,0.0,17.0,7.0,2.0,2.0
1627777,22401049,1610612737,12.0,2.0,0.0,0.0,9.0,4.0,2.0,1.0
1627747,22401049,1610612737,5.0,0.0,1.0,0.0,9.0,2.0,0.0,0.0
1629611,22401049,1610612737,16.0,1.0,4.0,0.0,12.0,7.0,0.0,0.0
1631230,22401049,1610612737,2.0,0.0,3.0,0.0,4.0,1.0,0.0,0.0
1630249,22401049,1610612737,5.0,1.0,1.0,1.0,2.0,1.0,3.0,2.0
1629726,22401049,1610612737,0.0,1.0,0.0,0.0,3.0,0.0,0.0,0.0
1631106,22401049,1610612745,10.0,0.0,14.0,0.0,10.0,3.0,4.0,4.0
1628415,22401049,1610612745,10.0,2.0,0.0,0.0,9.0,3.0,2.0,2.0
1630578,22401049,1610612745,18.0,5.0,9.0,1.0,19.0,8.0,2.0,2.0
1630224,22401049,1610612745,32.0,4.0,11.0,0.0,24.0,14.0,5.0,3.0
1627832,22401049,1610612745,21.0,3.0,4.0,0.0,14.0,5.0,8.0,8.0
1631095,22401049,1610612745,17.0,1.0,5.0,0.0,12.0,5.0,4.0,4.0
203500,22401049,1610612745,7.0,1.0,7.0,0.0,2.0,2.0,4.0,3.0
1628988,22401049,1610612745,6.0,1.0,1.0,1.0,3.0,2.0,0.0,0.0
1629622,22401051,1610612739,5.0,3.0,2.0,0.0,6.0,2.0,0.0,0.0
1630596,22401051,1610612739,21.0,4.0,12.0,4.0,15.0,8.0,7.0,5.0
1628386,22401051,1610612739,14.0,2.0,8.0,0.0,11.0,6.0,3.0,2.0
1630241,22401051,1610612739,14.0,3.0,2.0,0.0,7.0,5.0,0.0,0.0
1629636,22401051,1610612739,27.0,8.0,5.0,0.0,19.0,11.0,4.0,4.0
1629631,22401051,1610612739,11.0,0.0,3.0,0.0,10.0,5.0,0.0,0.0
1629660,22401051,1610612739,25.0,3.0,2.0,0.0,15.0,9.0,3.0,3.0
1629731,22401051,1610612739,3.0,1.0,1.0,2.0,2.0,1.0,0.0,0.0
1630171,22401051,1610612739,2.0,3.0,4.0,0.0,3.0,1.0,0.0,0.0
1629750,22401051,1610612739,0.0,1.0,2.0,0.0,0.0,0.0,0.0,0.0
1630166,22401051,1610612757,17.0,6.0,10.0,0.0,17.0,6.0,6.0,2.0
1641739,22401051,1610612757,13.0,1.0,4.0,0.0,13.0,5.0,2.0,1.0
1642270,22401051,1610612757,18.0,2.0,12.0,3.0,10.0,6.0,7.0,4.0
1631101,22401051,1610612757,18.0,2.0,4.0,0.0,20.0,8.0,1.0,1.0
1629014,22401051,1610612757,7.0,8.0,1.0,0.0,12.0,2.0,2.0,2.0
1630703,22401051,1610612757,18.0,6.0,6.0,0.0,12.0,6.0,4.0,4.0
1630625,22401051,1610612757,3.0,2.0,4.0,0.0,6.0,1.0,0.0,0.0
1641871,22401051,1610612757,2.0,0.0,1.0,0.0,4.0,1.0,0.0,0.0
1629680,22401051,1610612757,15.0,1.0,3.0,0.0,6.0,5.0,0.0,0.0
1630556,22401048,1610612742,0.0,0.0,4.0,0.0,0.0,0.0,0.0,0.0
1630230,22401048,1610612742,38.0,1.0,7.0,0.0,25.0,17.0,5.0,3.0
1630539,22401048,1610612742,9.0,2.0,8.0,1.0,6.0,3.0,2.0,2.0
203915,22401048,1610612742,13.0,7.0,4.0,2.0,11.0,4.0,4.0,3.0
202691,22401048,1610612742,6.0,1.0,3.0,0.0,11.0,2.0,2.0,2.0
1631108,22401048,1610612742,6.0,2.0,1.0,0.0,5.0,2.0,2.0,2.0
203939,22401048,1610612742,4.0,3.0,3.0,0.0,2.0,1.0,2.0,2.0
1630314,22401048,1610612742,22.0,3.0,1.0,0.0,11.0,7.0,8.0,7.0
1630702,22401048,1610612742,15.0,0.0,2.0,0.0,9.0,7.0,0.0,0.0
1628384,22401048,1610612752,35.0,1.0,5.0,1.0,24.0,15.0,2.0,2.0
1628404,22401048,1610612752,16.0,11.0,12.0,0.0,9.0,6.0,2.0,2.0
1626157,22401048,1610612752,26.0,11.0,12.0,0.0,19.0,10.0,8.0,4.0
1628969,22401048,1610612752,21.0,1.0,1.0,1.0,14.0,9.0,1.0,1.0
1626166,22401048,1610612752,2.0,5.0,3.0,0.0,3.0,1.0,0.0,0.0
1630173,22401048,1610612752,11.0,2.0,2.0,1.0,7.0,5.0,1.0,1.0
1629013,22401048,1610612752,11.0,0.0,0.0,0.0,7.0,4.0,4.0,2.0
1642278,22401048,1610612752,2.0,9.0,1.0,1.0,3.0,1.0,0.0,0.0
1641817,22401048,1610612752,2.0,0.0,0.0,0.0,1.0,1.0,0.0,0.0
1626153,22401048,1610612752,0.0,0.0,0.0,0.0,0.0,0.0,0.0,0.0
1641755,22401048,1610612752,2.0,0.0,0.0,0.0,2.0,1.0,0.0,0.0
1642359,22401048,1610612752,0.0,0.0,0.0,0.0,0.0,0.0,0.0,0.0
1630170,22401046,1610612759,26.0,1.0,6.0,0.0,21.0,10.0,0.0,0.0
203084,22401046,1610612759,9.0,3.0,4.0,0.0,9.0,1.0,6.0,6.0
202687,22401046,1610612759,0.0,3.0,7.0,0.0,3.0,0.0,0.0,0.0
1642264,22401046,1610612759,19.0,4.0,2.0,0.0,15.0,7.0,6.0,4.0
101108,22401046,1610612759,3.0,3.0,1.0,1.0,4.0,1.0,0.0,0.0
1629640,22401046,1610612759,10.0,3.0,5.0,0.0,9.0,3.0,4.0,4.0
1631110,22401046,1610612759,2.0,0.0,4.0,1.0,4.0,1.0,0.0,0.0
1630577,22401046,1610612759,4.0,2.0,6.0,0.0,7.0,1.0,2.0,2.0
1631104,22401046,1610612759,5.0,0.0,3.0,0.0,7.0,2.0,0.0,0.0
1630572,22401046,1610612759,11.0,1.0,2.0,0.0,7.0,4.0,2.0,0.0
1629162,22401046,1610612759,2.0,1.0,0.0,0.0,3.0,1.0,0.0,0.0
1631103,22401046,1610612759,5.0,0.0,1.0,0.0,2.0,2.0,0.0,0.0
1641709,22401046,1610612765,14.0,3.0,6.0,0.0,10.0,6.0,2.0,1.0
202699,22401046,1610612765,15.0,4.0,8.0,1.0,10.0,4.0,4.0,4.0
1631105,22401046,1610612765,14.0,7.0,4.0,0.0,9.0,6.0,5.0,2.0
203501,22401046,1610612765,12.0,4.0,2.0,0.0,7.0,4.0,3.0,3.0
203471,22401046,1610612765,7.0,6.0,2.0,0.0,6.0,2.0,3.0,3.0
1627736,22401046,1610612765,13.0,3.0,3.0,0.0,12.0,5.0,2.0,1.0
1631204,22401046,1610612765,27.0,1.0,4.0,0.0,12.0,9.0,5.0,4.0
1631323,22401046,1610612765,2.0,1.0,3.0,0.0,2.0,1.0,0.0,0.0
1630191,22401046,1610612765,4.0,2.0,6.0,3.0,3.0,2.0,0.0,0.0
1641842,22401046,1610612765,8.0,2.0,6.0,1.0,4.0,3.0,1.0,1.0
1630322,22401046,1610612765,3.0,0.0,0.0,0.0,1.0,1.0,0.0,0.0
1630194,22401046,1610612765,3.0,0.0,0.0,0.0,2.0,1.0,0.0,0.0
1629026,22401052,1610612760,11.0,6.0,4.0,0.0,7.0,4.0,0.0,0.0
1631096,22401052,1610612760,18.0,2.0,10.0,0.0,14.0,7.0,4.0,3.0
1628392,22401052,1610612760,4.0,5.0,10.0,2.0,3.0,2.0,1.0,0.0
1629652,22401052,1610612760,13.0,1.0,4.0,1.0,9.0,5.0,0.0,0.0
1628983,22401052,1610612760,32.0,5.0,8.0,0.0,23.0,10.0,10.0,9.0
1630198,22401052,1610612760,14.0,3.0,3.0,0.0,7.0,5.0,0.0,0.0
1641794,22401052,1610612760,5.0,0.0,0.0,0.0,4.0,2.0,0.0,0.0
1627936,22401052,1610612760,15.0,6.0,5.0,2.0,8.0,5.0,3.0,3.0
1631119,22401052,1610612760,9.0,2.0,8.0,1.0,6.0,3.0,2.0,1.0
1641745,22401052,1610612760,0.0,0.0,0.0,0.0,1.0,0.0,0.0,0.0
1642382,22401052,1610612760,0.0,0.0,0.0,0.0,0.0,0.0,0.0,0.0
201942,22401052,1610612758,10.0,6.0,6.0,1.0,15.0,4.0,1.0,1.0
1631099,22401052,1610612758,28.0,0.0,6.0,3.0,15.0,9.0,2.0,1.0
1627734,22401052,1610612758,8.0,7.0,12.0,1.0,12.0,3.0,4.0,2.0
203897,22401052,1610612758,19.0,7.0,2.0,0.0,16.0,7.0,1.0,1.0
1631165,22401052,1610612758,12.0,4.0,3.0,2.0,11.0,4.0,0.0,0.0
1631222,22401052,1610612758,11.0,2.0,2.0,0.0,7.0,4.0,2.0,1.0
202685,22401052,1610612758,2.0,1.0,2.0,0.0,4.0,0.0,2.0,2.0
1628365,22401052,1610612758,6.0,2.0,2.0,0.0,6.0,3.0,0.0,0.0
1642269,22401052,1610612758,0.0,0.0,0.0,0.0,1.0,0.0,0.0,0.0
203926,22401052,1610612758,9.0,0.0,0.0,0.0,4.0,3.0,0.0,0.0
1642384,22401052,1610612758,0.0,1.0,0.0,0.0,0.0,0.0,0.0,0.0
1630678,22401052,1610612758,0.0,1.0,0.0,0.0,0.0,0.0,0.0,0.0
1642403,22401052,1610612758,0.0,1.0,1.0,0.0,0.0,0.0,0.0,0.0
1630532,22401045,1610612753,26.0,4.0,8.0,0.0,22.0,8.0,10.0,9.0
1631094,22401045,1610612753,32.0,6.0,7.0,0.0,24.0,13.0,6.0,4.0
1628976,22401045,1610612753,5.0,2.0,11.0,2.0,5.0,2.0,0.0,0.0
203484,22401045,1610612753,3.0,1.0,2.0,0.0,2.0,1.0,0.0,0.0
202709,22401045,1610612753,5.0,2.0,3.0,0.0,5.0,2.0,1.0,1.0
1631216,22401045,1610612753,12.0,0.0,0.0,0.0,7.0,4.0,0.0,0.0
1641710,22401045,1610612753,20.0,0.0,5.0,2.0,18.0,8.0,2.0,2.0
203914,22401045,1610612753,6.0,5.0,5.0,0.0,4.0,2.0,0.0,0.0
1629048,22401045,1610612753,2.0,2.0,9.0,0.0,3.0,1.0,0.0,0.0
1630182,22401045,1610612766,13.0,0.0,0.0,0.0,5.0,4.0,3.0,2.0
1628970,22401045,1610612766,11.0,4.0,6.0,0.0,19.0,5.0,1.0,0.0
1631109,22401045,1610612766,8.0,4.0,13.0,1.0,7.0,4.0,0.0,0.0
1629610,22401045,1610612766,7.0,2.0,1.0,0.0,11.0,3.0,0.0,0.0
1630163,22401045,1610612766,25.0,9.0,1.0,0.0,13.0,9.0,4.0,4.0
1642354,22401045,1610612766,7.0,0.0,1.0,0.0,7.0,3.0,0.0,0.0
1641733,22401045,1610612766,13.0,3.0,2.0,0.0,11.0,5.0,0.0,0.0
203994,22401045,1610612766,5.0,3.0,5.0,2.0,5.0,2.0,2.0,1.0
1629006,22401045,1610612766,3.0,1.0,1.0,0.0,2.0,0.0,4.0,3.0
1642275,22401045,1610612766,8.0,0.0,7.0,0.0,4.0,1.0,6.0,5.0
203552,22401045,1610612766,4.0,0.0,1.0,0.0,4.0,1.0,1.0,1.0
1631217,22401045,1610612766,0.0,0.0,0.0,0.0,0.0,0.0,0.0,0.0
1628398,22401043,1610612749,15.0,4.0,2.0,0.0,16.0,5.0,4.0,3.0
203507,22401043,1610612749,31.0,5.0,10.0,0.0,19.0,12.0,13.0,6.0
201572,22401043,1610612749,23.0,3.0,10.0,0.0,14.0,8.0,6.0,5.0
1627752,22401043,1610612749,3.0,2.0,1.0,0.0,5.0,1.0,0.0,0.0
1631157,22401043,1610612749,8.0,3.0,3.0,0.0,3.0,2.0,3.0,3.0
1629018,22401043,1610612749,19.0,2.0,4.0,0.0,12.0,6.0,3.0,3.0
1631260,22401043,1610612749,2.0,2.0,2.0,0.0,5.0,1.0,0.0,0.0
1629645,22401043,1610612749,5.0,3.0,4.0,0.0,9.0,2.0,0.0,0.0
1642346,22401043,1610612756,12.0,0.0,9.0,0.0,7.0,5.0,1.0,0.0
201142,22401043,1610612756,38.0,5.0,8.0,3.0,21.0,11.0,10.0,9.0
1630208,22401043,1610612756,10.0,1.0,10.0,1.0,8.0,4.0,2.0,2.0
1626164,22401043,1610612756,19.0,12.0,7.0,0.0,18.0,7.0,5.0,5.0
1631221,22401043,1610612756,6.0,3.0,5.0,0.0,6.0,2.0,0.0,0.0
1626220,22401043,1610612756,3.0,1.0,2.0,0.0,3.0,1.0,0.0,0.0
1626145,22401043,1610612756,8.0,3.0,3.0,0.0,8.0,4.0,0.0,0.0
1628998,22401043,1610612756,5.0,0.0,4.0,0.0,3.0,2.0,0.0,0.0
1642345,22401043,1610612756,4.0,0.0,2.0,0.0,3.0,2.0,0.0,0.0
1628960,22401043,1610612756,3.0,0.0,2.0,0.0,5.0,1.0,0.0,0.0
1630183,22401037,1610612750,6.0,1.0,1.0,1.0,7.0,3.0,0.0,0.0
203944,22401037,1610612750,9.0,2.0,6.0,0.0,7.0,3.0,5.0,3.0
203497,22401037,1610612750,16.0,3.0,16.0,0.0,12.0,8.0,0.0,0.0
1630162,22401037,1610612750,17.0,4.0,2.0,0.0,19.0,7.0,3.0,2.0
201144,22401037,1610612750,7.0,5.0,4.0,1.0,5.0,3.0,0.0,0.0
1628978,22401037,1610612750,9.0,4.0,9.0,0.0,13.0,4.0,0.0,0.0
1629675,22401037,1610612750,20.0,2.0,3.0,0.0,13.0,8.0,2.0,1.0
1629638,22401037,1610612750,6.0,2.0,2.0,0.0,7.0,2.0,0.0,0.0
1641740,22401037,1610612750,6.0,1.0,2.0,1.0,5.0,3.0,0.0,0.0
1630568,22401037,1610612750,2.0,0.0,0.0,0.0,1.0,1.0,0.0,0.0
1630545,22401037,1610612750,0.0,1.0,0.0,0.0,0.0,0.0,0.0,0.0
1642265,22401037,1610612750,0.0,0.0,0.0,0.0,0.0,0.0,0.0,0.0
1631169,22401037,1610612750,5.0,0.0,0.0,0.0,2.0,2.0,0.0,0.0
1630538,22401037,1610612750,0.0,1.0,0.0,0.0,0.0,0.0,0.0,0.0
1630174,22401037,1610612754,17.0,1.0,7.0,0.0,9.0,7.0,0.0,0.0
1627783,22401037,1610612754,14.0,4.0,6.0,0.0,16.0,6.0,2.0,2.0
1626167,22401037,1610612754,7.0,1.0,9.0,4.0,10.0,3.0,0.0,0.0
1629614,22401037,1610612754,6.0,5.0,3.0,0.0,7.0,3.0,0.0,0.0
1630169,22401037,1610612754,24.0,11.0,4.0,1.0,16.0,9.0,3.0,3.0
1630167,22401037,1610612754,20.0,1.0,1.0,0.0,10.0,7.0,0.0,0.0
1631097,22401037,1610612754,11.0,2.0,6.0,0.0,8.0,3.0,5.0,5.0
1628418,22401037,1610612754,6.0,0.0,2.0,0.0,5.0,1.0,4.0,4.0
204456,22401037,1610612754,10.0,4.0,5.0,0.0,10.0,5.0,0.0,0.0
1641767,22401037,1610612754,2.0,1.0,3.0,0.0,2.0,1.0,0.0,0.0
1641716,22401037,1610612754,2.0,0.0,0.0,0.0,1.0,1.0,0.0,0.0
1631245,22401037,1610612754,0.0,0.0,0.0,0.0,0.0,0.0,0.0,0.0
1642277,22401037,1610612754,0.0,0.0,0.0,0.0,0.0,0.0,0.0,0.0
1629023,22401040,1610612742,16.0,5.0,2.0,0.0,12.0,7.0,1.0,1.0
203076,22401040,1610612742,12.0,3.0,6.0,1.0,9.0,6.0,0.0,0.0
1630539,22401040,1610612742,13.0,0.0,9.0,0.0,5.0,5.0,5.0,3.0
202691,22401040,1610612742,8.0,2.0,3.0,0.0,9.0,3.0,0.0,0.0
203915,22401040,1610612742,16.0,12.0,1.0,0.0,10.0,7.0,2.0,0.0
1631108,22401040,1610612742,10.0,2.0,5.0,0.0,9.0,3.0,2.0,2.0
1630230,22401040,1610612742,22.0,2.0,4.0,0.0,15.0,9.0,2.0,2.0
203939,22401040,1610612742,4.0,2.0,6.0,0.0,1.0,1.0,2.0,2.0
1630314,22401040,1610612742,15.0,4.0,5.0,0.0,10.0,6.0,2.0,2.0
1630702,22401040,1610612742,4.0,2.0,0.0,0.0,7.0,2.0,0.0,0.0
1629661,22401040,1610612751,17.0,8.0,2.0,0.0,13.0,6.0,4.0,4.0
1630533,22401040,1610612751,6.0,1.0,2.0,0.0,6.0,2.0,0.0,0.0
1629651,22401040,1610612751,19.0,3.0,7.0,1.0,11.0,8.0,3.0,1.0
1630553,22401040,1610612751,8.0,3.0,4.0,0.0,7.0,3.0,2.0,2.0
1631213,22401040,1610612751,6.0,5.0,4.0,0.0,7.0,2.0,0.0,0.0
1630570,22401040,1610612751,12.0,4.0,1.0,0.0,9.0,5.0,2.0,1.0
1630549,22401040,1610612751,10.0,4.0,7.0,0.0,8.0,5.0,0.0,0.0
1630592,22401040,1610612751,8.0,0.0,2.0,0.0,7.0,3.0,1.0,1.0
1641721,22401040,1610612751,9.0,0.0,2.0,1.0,6.0,4.0,0.0,0.0
1641730,22401040,1610612751,6.0,2.0,6.0,0.0,4.0,2.0,2.0,1.0
1627827,22401038,1610612747,14.0,0.0,7.0,0.0,7.0,5.0,0.0,0.0
2544,22401038,1610612747,24.0,7.0,6.0,0.0,18.0,9.0,7.0,6.0
1629637,22401038,1610612747,4.0,0.0,4.0,1.0,4.0,2.0,0.0,0.0
1630559,22401038,1610612747,18.0,4.0,6.0,0.0,16.0,7.0,4.0,3.0
1629029,22401038,1610612747,32.0,7.0,7.0,0.0,23.0,9.0,11.0,10.0
1630692,22401038,1610612747,1.0,0.0,1.0,0.0,0.0,0.0,2.0,1.0
1629060,22401038,1610612747,5.0,0.0,3.0,0.0,4.0,2.0,2.0,1.0
1629020,22401038,1610612747,1.0,1.0,4.0,0.0,1.0,0.0,2.0,1.0
1629216,22401038,1610612747,4.0,0.0,1.0,0.0,6.0,2.0,0.0,0.0
1642261,22401038,1610612747,3.0,0.0,0.0,0.0,1.0,1.0,0.0,0.0
1641998,22401038,1610612747,0.0,0.0,0.0,0.0,0.0,0.0,0.0,0.0
1630532,22401038,1610612753,32.0,9.0,5.0,0.0,26.0,13.0,3.0,3.0
1631094,22401038,1610612753,30.0,1.0,7.0,1.0,17.0,9.0,12.0,10.0
1628976,22401038,1610612753,12.0,0.0,8.0,0.0,10.0,4.0,4.0,3.0
203484,22401038,1610612753,9.0,3.0,4.0,0.0,6.0,3.0,0.0,0.0
202709,22401038,1610612753,5.0,5.0,4.0,0.0,4.0,2.0,0.0,0.0
1631216,22401038,1610612753,8.0,1.0,2.0,0.0,7.0,3.0,0.0,0.0
1641710,22401038,1610612753,17.0,6.0,5.0,1.0,10.0,7.0,0.0,0.0
1628371,22401038,1610612753,2.0,0.0,2.0,1.0,2.0,0.0,2.0,2.0
203914,22401038,1610612753,1.0,0.0,1.0,1.0,0.0,0.0,2.0,1.0
1641783,22401038,1610612753,2.0,0.0,1.0,0.0,1.0,1.0,0.0,0.0
1629048,22401038,1610612753,0.0,0.0,4.0,0.0,2.0,0.0,0.0,0.0
1642348,22401041,1610612755,19.0,2.0,3.0,0.0,18.0,6.0,2.0,2.0
1629643,22401041,1610612755,12.0,4.0,9.0,1.0,9.0,4.0,3.0,2.0
1627824,22401041,1610612755,12.0,4.0,7.0,0.0,9.0,4.0,2.0,2.0
1641741,22401041,1610612755,8.0,4.0,6.0,0.0,11.0,2.0,4.0,3.0
1630215,22401041,1610612755,19.0,2.0,2.0,0.0,16.0,8.0,0.0,0.0
1641737,22401041,1610612755,6.0,1.0,7.0,1.0,4.0,3.0,0.0,0.0
1641720,22401041,1610612755,9.0,0.0,0.0,1.0,9.0,3.0,2.0,2.0
1630288,22401041,1610612755,12.0,2.0,1.0,3.0,8.0,3.0,6.0,6.0
1630542,22401041,1610612755,2.0,0.0,2.0,0.0,3.0,1.0,0.0,0.0
1631232,22401041,1610612740,10.0,1.0,2.0,0.0,9.0,4.0,0.0,0.0
203482,22401041,1610612740,14.0,7.0,11.0,0.0,8.0,5.0,3.0,3.0
1642274,22401041,1610612740,16.0,2.0,9.0,1.0,7.0,6.0,4.0,4.0
1641722,22401041,1610612740,9.0,1.0,5.0,0.0,14.0,4.0,2.0,0.0
1630631,22401041,1610612740,9.0,6.0,3.0,0.0,12.0,3.0,2.0,2.0
1631255,22401041,1610612740,19.0,3.0,8.0,1.0,11.0,7.0,2.0,2.0
1630526,22401041,1610612740,7.0,1.0,5.0,0.0,4.0,3.0,0.0,0.0
203901,22401041,1610612740,6.0,14.0,6.0,2.0,8.0,3.0,0.0,0.0
1641810,22401041,1610612740,17.0,1.0,2.0,1.0,10.0,6.0,0.0,0.0
1631311,22401041,1610612740,5.0,0.0,0.0,0.0,3.0,2.0,0.0,0.0
1631288,22401041,1610612740,0.0,0.0,0.0,0.0,1.0,0.0,0.0,0.0
1627759,22401044,1610612738,9.0,0.0,2.0,0.0,8.0,4.0,0.0,0.0
1628369,22401044,1610612738,25.0,8.0,7.0,0.0,15.0,8.0,8.0,4.0
204001,22401044,1610612738,16.0,2.0,8.0,2.0,13.0,5.0,6.0,5.0
1628401,22401044,1610612738,12.0,8.0,5.0,0.0,9.0,4.0,2.0,1.0
201950,22401044,1610612738,5.0,3.0,1.0,0.0,11.0,2.0,0.0,0.0
1630202,22401044,1610612738,22.0,2.0,5.0,0.0,18.0,8.0,2.0,1.0
1628436,22401044,1610612738,13.0,3.0,8.0,1.0,7.0,6.0,2.0,1.0
1631248,22401044,1610612738,9.0,1.0,7.0,1.0,6.0,3.0,0.0,0.0
1641809,22401044,1610612738,0.0,0.0,0.0,0.0,0.0,0.0,0.0,0.0
1631120,22401044,1610612738,0.0,1.0,0.0,0.0,1.0,0.0,0.0,0.0
1629674,22401044,1610612738,2.0,0.0,2.0,0.0,1.0,1.0,0.0,0.0
1641775,22401044,1610612738,0.0,0.0,0.0,0.0,1.0,0.0,0.0,0.0
201942,22401044,1610612758,20.0,10.0,3.0,1.0,24.0,9.0,2.0,2.0
1631099,22401044,1610612758,13.0,1.0,5.0,0.0,11.0,5.0,0.0,0.0
1627734,22401044,1610612758,16.0,1.0,17.0,0.0,10.0,6.0,5.0,4.0
203897,22401044,1610612758,14.0,2.0,5.0,0.0,16.0,6.0,1.0,1.0
1631165,22401044,1610612758,14.0,4.0,3.0,0.0,7.0,5.0,3.0,2.0
202685,22401044,1610612758,4.0,1.0,3.0,0.0,4.0,2.0,0.0,0.0
1631222,22401044,1610612758,2.0,1.0,2.0,0.0,4.0,1.0,0.0,0.0
1628365,22401044,1610612758,8.0,2.0,1.0,0.0,4.0,3.0,0.0,0.0
1626168,22401044,1610612758,0.0,0.0,4.0,0.0,1.0,0.0,0.0,0.0
1642384,22401044,1610612758,0.0,0.0,0.0,0.0,0.0,0.0,0.0,0.0
1630678,22401044,1610612758,0.0,0.0,0.0,0.0,1.0,0.0,0.0,0.0
1642403,22401044,1610612758,4.0,0.0,1.0,0.0,4.0,2.0,0.0,0.0
1630222,22401044,1610612758,0.0,1.0,1.0,0.0,0.0,0.0,0.0,0.0
1630534,22401039,1610612761,9.0,3.0,4.0,0.0,10.0,3.0,2.0,2.0
1630567,22401039,1610612761,13.0,8.0,10.0,2.0,16.0,5.0,4.0,3.0
1627751,22401039,1610612761,21.0,1.0,11.0,3.0,13.0,10.0,2.0,1.0
1642419,22401039,1610612761,11.0,0.0,3.0,0.0,9.0,4.0,0.0,0.0
1630193,22401039,1610612761,21.0,7.0,4.0,1.0,16.0,5.0,8.0,8.0
1642367,22401039,1610612761,8.0,2.0,11.0,0.0,7.0,3.0,4.0,2.0
1630639,22401039,1610612761,8.0,2.0,2.0,0.0,7.0,3.0,2.0,1.0
1642347,22401039,1610612761,14.0,3.0,2.0,0.0,10.0,5.0,5.0,3.0
1631115,22401039,1610612761,2.0,1.0,7.0,0.0,7.0,1.0,0.0,0.0
1630658,22401039,1610612761,5.0,1.0,6.0,0.0,6.0,2.0,0.0,0.0
1642273,22401039,1610612764,0.0,1.0,3.0,0.0,0.0,0.0,0.0,0.0
203114,22401039,1610612764,9.0,5.0,2.0,0.0,7.0,2.0,5.0,5.0
1642259,22401039,1610612764,16.0,2.0,5.0,3.0,19.0,6.0,9.0,3.0
1629673,22401039,1610612764,23.0,1.0,1.0,1.0,13.0,8.0,2.0,2.0
1642267,22401039,1610612764,15.0,6.0,11.0,0.0,15.0,6.0,3.0,2.0
1630551,22401039,1610612764,0.0,2.0,5.0,1.0,1.0,0.0,0.0,0.0
1642358,22401039,1610612764,17.0,3.0,6.0,0.0,9.0,5.0,6.0,6.0
203935,22401039,1610612764,6.0,1.0,2.0,0.0,4.0,2.0,2.0,1.0
1641732,22401039,1610612764,2.0,2.0,4.0,2.0,4.0,0.0,2.0,2.0
1641774,22401039,1610612764,11.0,1.0,4.0,1.0,9.0,4.0,3.0,1.0
1630550,22401039,1610612764,5.0,0.0,3.0,1.0,5.0,2.0,2.0,1.0
1641798,22401039,1610612764,0.0,0.0,2.0,0.0,1.0,0.0,0.0,0.0
1628989,22401042,1610612741,9.0,6.0,1.0,0.0,11.0,4.0,0.0,0.0
1641824,22401042,1610612741,10.0,2.0,4.0,2.0,7.0,3.0,2.0,2.0
202696,22401042,1610612741,13.0,2.0,8.0,0.0,12.0,5.0,2.0,2.0
1629632,22401042,1610612741,37.0,4.0,3.0,1.0,22.0,11.0,11.0,10.0
1630581,22401042,1610612741,26.0,9.0,7.0,1.0,11.0,8.0,10.0,8.0
1631207,22401042,1610612741,14.0,2.0,3.0,0.0,10.0,5.0,0.0,0.0
1630172,22401042,1610612741,6.0,2.0,4.0,1.0,9.0,3.0,0.0,0.0
1628380,22401042,1610612741,0.0,1.0,2.0,0.0,1.0,0.0,0.0,0.0
1641763,22401042,1610612741,0.0,0.0,2.0,0.0,0.0,0.0,0.0,0.0
1630188,22401042,1610612741,14.0,3.0,9.0,0.0,8.0,6.0,1.0,0.0
1629008,22401042,1610612743,16.0,2.0,6.0,1.0,18.0,7.0,2.0,1.0
1631212,22401042,1610612743,24.0,0.0,6.0,4.0,12.0,8.0,8.0,6.0
201599,22401042,1610612743,10.0,7.0,17.0,0.0,6.0,4.0,5.0,2.0
1631128,22401042,1610612743,18.0,3.0,5.0,1.0,13.0,7.0,3.0,2.0
1627750,22401042,1610612743,28.0,7.0,5.0,0.0,22.0,11.0,2.0,2.0
201566,22401042,1610612743,14.0,10.0,5.0,0.0,14.0,5.0,4.0,3.0
1629618,22401042,1610612743,2.0,3.0,2.0,0.0,3.0,1.0,0.0,0.0
1630192,22401042,1610612743,7.0,2.0,3.0,3.0,6.0,3.0,0.0,0.0
1628427,22401042,1610612743,0.0,0.0,3.0,0.0,3.0,0.0,0.0,0.0
1630170,22401033,1610612759,25.0,3.0,6.0,1.0,14.0,11.0,0.0,0.0
203084,22401033,1610612759,10.0,0.0,3.0,0.0,9.0,4.0,0.0,0.0
202687,22401033,1610612759,8.0,3.0,9.0,0.0,5.0,3.0,2.0,2.0
1642264,22401033,1610612759,15.0,1.0,5.0,1.0,8.0,3.0,10.0,8.0
101108,22401033,1610612759,2.0,6.0,1.0,0.0,4.0,1.0,0.0,0.0
1631110,22401033,1610612759,9.0,2.0,5.0,1.0,8.0,3.0,2.0,2.0
1629640,22401033,1610612759,7.0,3.0,2.0,1.0,10.0,2.0,2.0,2.0
1630577,22401033,1610612759,20.0,2.0,5.0,1.0,9.0,6.0,5.0,4.0
1631104,22401033,1610612759,8.0,4.0,1.0,0.0,5.0,3.0,2.0,2.0
1630572,22401033,1610612759,13.0,1.0,7.0,1.0,10.0,4.0,4.0,3.0
1631103,22401033,1610612759,4.0,1.0,1.0,0.0,4.0,1.0,3.0,2.0
1629162,22401033,1610612759,2.0,1.0,1.0,0.0,0.0,0.0,2.0,2.0
1629628,22401033,1610612761,18.0,2.0,7.0,0.0,17.0,8.0,4.0,1.0
1630567,22401033,1610612761,22.0,6.0,6.0,1.0,11.0,8.0,4.0,3.0
1630658,22401033,1610612761,4.0,1.0,4.0,1.0,6.0,2.0,0.0,0.0
1630534,22401033,1610612761,2.0,3.0,7.0,0.0,8.0,1.0,0.0,0.0
1642347,22401033,1610612761,17.0,6.0,2.0,0.0,14.0,7.0,1.0,1.0
1642367,22401033,1610612761,6.0,4.0,10.0,1.0,9.0,3.0,0.0,0.0
1631115,22401033,1610612761,5.0,0.0,6.0,0.0,6.0,2.0,0.0,0.0
1642266,22401033,1610612761,10.0,4.0,3.0,0.0,12.0,3.0,2.0,2.0
1642419,22401033,1610612761,5.0,1.0,1.0,0.0,8.0,1.0,2.0,2.0
202066,22401033,1610612761,0.0,0.0,0.0,0.0,1.0,0.0,0.0,0.0
1628369,22401034,1610612738,30.0,9.0,9.0,2.0,24.0,11.0,7.0,7.0
1630573,22401034,1610612738,24.0,0.0,3.0,1.0,11.0,8.0,0.0,0.0
201143,22401034,1610612738,14.0,1.0,6.0,1.0,12.0,6.0,0.0,0.0
1628401,22401034,1610612738,17.0,8.0,3.0,1.0,12.0,6.0,2.0,1.0
1630202,22401034,1610612738,16.0,5.0,4.0,0.0,14.0,6.0,0.0,0.0
1631248,22401034,1610612738,6.0,3.0,5.0,1.0,5.0,2.0,0.0,0.0
1628470,22401034,1610612738,5.0,1.0,2.0,0.0,3.0,2.0,2.0,0.0
1631120,22401034,1610612738,4.0,1.0,1.0,0.0,1.0,1.0,2.0,1.0
1628436,22401034,1610612738,13.0,3.0,5.0,0.0,6.0,6.0,1.0,1.0
1630166,22401034,1610612757,17.0,4.0,11.0,0.0,16.0,6.0,3.0,3.0
1641739,22401034,1610612757,19.0,3.0,7.0,2.0,13.0,7.0,2.0,1.0
1642270,22401034,1610612757,4.0,1.0,1.0,0.0,3.0,2.0,0.0,0.0
1631101,22401034,1610612757,23.0,4.0,6.0,0.0,16.0,9.0,3.0,2.0
1629014,22401034,1610612757,15.0,5.0,3.0,0.0,13.0,6.0,1.0,0.0
1630703,22401034,1610612757,9.0,6.0,0.0,0.0,10.0,2.0,5.0,3.0
1641871,22401034,1610612757,6.0,0.0,3.0,0.0,3.0,2.0,0.0,0.0
1629680,22401034,1610612757,12.0,0.0,3.0,1.0,7.0,5.0,0.0,0.0
1631200,22401034,1610612757,0.0,0.0,1.0,0.0,1.0,0.0,0.0,0.0
1630625,22401034,1610612757,5.0,1.0,1.0,0.0,4.0,2.0,0.0,0.0
1631133,22401034,1610612757,6.0,0.0,2.0,0.0,2.0,2.0,2.0,2.0
1629622,22401030,1610612739,7.0,2.0,3.0,0.0,6.0,3.0,0.0,0.0
1630596,22401030,1610612739,11.0,1.0,11.0,3.0,10.0,4.0,5.0,3.0
1628386,22401030,1610612739,18.0,4.0,6.0,1.0,11.0,8.0,5.0,2.0
1628378,22401030,1610612739,16.0,4.0,3.0,0.0,13.0,5.0,9.0,6.0
1629636,22401030,1610612739,12.0,4.0,7.0,1.0,13.0,4.0,2.0,2.0
1629660,22401030,1610612739,12.0,3.0,3.0,0.0,6.0,4.0,2.0,1.0
1629631,22401030,1610612739,15.0,0.0,6.0,0.0,10.0,5.0,3.0,3.0
1630241,22401030,1610612739,6.0,5.0,5.0,1.0,9.0,2.0,0.0,0.0
1629731,22401030,1610612739,5.0,1.0,4.0,1.0,5.0,2.0,0.0,0.0
1630171,22401030,1610612739,6.0,0.0,0.0,0.0,4.0,1.0,4.0,4.0
1641854,22401030,1610612739,2.0,3.0,0.0,0.0,2.0,1.0,0.0,0.0
1629750,22401030,1610612739,4.0,0.0,0.0,0.0,4.0,2.0,1.0,0.0
202684,22401030,1610612739,6.0,1.0,3.0,0.0,3.0,3.0,0.0,0.0
1642262,22401030,1610612762,3.0,0.0,1.0,1.0,9.0,1.0,0.0,0.0
1642271,22401030,1610612762,18.0,1.0,13.0,0.0,13.0,7.0,0.0,0.0
1631117,22401030,1610612762,7.0,2.0,13.0,3.0,12.0,3.0,4.0,0.0
1629012,22401030,1610612762,10.0,2.0,0.0,0.0,10.0,4.0,3.0,2.0
1642268,22401030,1610612762,7.0,6.0,7.0,0.0,6.0,3.0,0.0,0.0
1641718,22401030,1610612762,8.0,7.0,5.0,0.0,7.0,1.0,7.0,5.0
1630548,22401030,1610612762,12.0,2.0,4.0,0.0,8.0,4.0,0.0,0.0
203903,22401030,1610612762,10.0,2.0,3.0,1.0,11.0,3.0,2.0,2.0
1630231,22401030,1610612762,6.0,3.0,3.0,0.0,6.0,2.0,2.0,2.0
1641729,22401030,1610612762,10.0,0.0,3.0,0.0,7.0,4.0,0.0,0.0
1630531,22401030,1610612762,0.0,0.0,0.0,0.0,0.0,0.0,0.0,0.0
1629008,22401035,1610612743,17.0,2.0,9.0,0.0,16.0,7.0,2.0,2.0
203932,22401035,1610612743,13.0,8.0,4.0,0.0,9.0,5.0,2.0,2.0
201599,22401035,1610612743,11.0,4.0,15.0,0.0,7.0,5.0,3.0,1.0
1631128,22401035,1610612743,11.0,2.0,4.0,0.0,6.0,3.0,4.0,4.0
1627750,22401035,1610612743,39.0,7.0,4.0,0.0,28.0,15.0,6.0,5.0
201566,22401035,1610612743,14.0,1.0,2.0,2.0,11.0,5.0,4.0,2.0
1630192,22401035,1610612743,2.0,1.0,0.0,0.0,2.0,1.0,2.0,0.0
1631212,22401035,1610612743,9.0,3.0,5.0,2.0,8.0,3.0,3.0,2.0
1629618,22401035,1610612743,0.0,0.0,0.0,0.0,0.0,0.0,0.0,0.0
1641708,22401035,1610612745,11.0,1.0,6.0,3.0,11.0,5.0,4.0,0.0
1628415,22401035,1610612745,21.0,1.0,3.0,0.0,12.0,8.0,0.0,0.0
1630578,22401035,1610612745,17.0,10.0,14.0,1.0,15.0,6.0,8.0,5.0
1630224,22401035,1610612745,30.0,5.0,2.0,0.0,22.0,8.0,14.0,11.0
1627832,22401035,1610612745,7.0,5.0,3.0,0.0,12.0,2.0,2.0,2.0
1631106,22401035,1610612745,4.0,1.0,2.0,0.0,3.0,2.0,0.0,0.0
203500,22401035,1610612745,14.0,2.0,12.0,3.0,10.0,6.0,4.0,2.0
1631095,22401035,1610612745,7.0,0.0,3.0,0.0,4.0,2.0,2.0,2.0
1642348,22401031,1610612755,22.0,3.0,3.0,2.0,18.0,8.0,5.0,3.0
1629643,22401031,1610612755,8.0,2.0,8.0,0.0,8.0,3.0,0.0,0.0
1627824,22401031,1610612755,11.0,3.0,7.0,0.0,8.0,4.0,4.0,2.0
1629656,22401031,1610612755,26.0,6.0,5.0,0.0,18.0,7.0,11.0,9.0
1630288,22401031,1610612755,17.0,3.0,4.0,2.0,11.0,7.0,3.0,2.0
1642024,22401031,1610612755,8.0,1.0,3.0,0.0,4.0,3.0,1.0,1.0
1641741,22401031,1610612755,14.0,1.0,3.0,0.0,11.0,5.0,5.0,4.0
1630215,22401031,1610612755,8.0,5.0,0.0,0.0,11.0,3.0,2.0,2.0
1629052,22401031,1610612755,5.0,0.0,4.0,0.0,2.0,0.0,6.0,5.0
1642258,22401031,1610612737,22.0,2.0,2.0,1.0,15.0,9.0,1.0,1.0
1631243,22401031,1610612737,6.0,2.0,1.0,0.0,5.0,3.0,0.0,0.0
1630168,22401031,1610612737,14.0,2.0,9.0,1.0,7.0,6.0,2.0,1.0
1630700,22401031,1610612737,8.0,3.0,5.0,0.0,12.0,4.0,0.0,0.0
1629027,22401031,1610612737,28.0,12.0,1.0,0.0,12.0,7.0,11.0,10.0
1627777,22401031,1610612737,20.0,2.0,3.0,0.0,9.0,6.0,3.0,3.0
1627747,22401031,1610612737,7.0,7.0,3.0,1.0,11.0,3.0,1.0,0.0
1631230,22401031,1610612737,13.0,2.0,10.0,1.0,4.0,4.0,4.0,4.0
1629611,22401031,1610612737,9.0,0.0,3.0,0.0,9.0,4.0,0.0,0.0
1630249,22401031,1610612737,5.0,3.0,2.0,0.0,3.0,2.0,0.0,0.0
1629610,22401032,1610612766,7.0,0.0,3.0,1.0,6.0,3.0,0.0,0.0
1628970,22401032,1610612766,17.0,4.0,13.0,0.0,18.0,7.0,3.0,3.0
1631109,22401032,1610612766,14.0,1.0,5.0,3.0,7.0,6.0,2.0,2.0
1641733,22401032,1610612766,19.0,3.0,3.0,0.0,14.0,7.0,0.0,0.0
1630163,22401032,1610612766,18.0,11.0,3.0,0.0,19.0,6.0,4.0,4.0
1642275,22401032,1610612766,7.0,1.0,5.0,0.0,4.0,3.0,0.0,0.0
1642354,22401032,1610612766,2.0,2.0,3.0,0.0,4.0,0.0,2.0,2.0
203994,22401032,1610612766,5.0,2.0,3.0,0.0,6.0,2.0,2.0,1.0
203552,22401032,1610612766,10.0,0.0,0.0,0.0,6.0,4.0,0.0,0.0
1631217,22401032,1610612766,6.0,0.0,2.0,0.0,3.0,3.0,0.0,0.0
203952,22401032,1610612748,42.0,5.0,3.0,1.0,21.0,16.0,7.0,4.0
1628389,22401032,1610612748,11.0,2.0,4.0,0.0,10.0,4.0,2.0,2.0
1642276,22401032,1610612748,12.0,5.0,8.0,1.0,10.0,6.0,0.0,0.0
1629130,22401032,1610612748,3.0,2.0,2.0,0.0,5.0,1.0,0.0,0.0
1629639,22401032,1610612748,29.0,3.0,6.0,0.0,19.0,11.0,5.0,5.0
1630558,22401032,1610612748,12.0,7.0,3.0,0.0,7.0,5.0,2.0,2.0
1629312,22401032,1610612748,7.0,2.0,6.0,2.0,5.0,2.0,4.0,3.0
1631170,22401032,1610612748,0.0,1.0,0.0,0.0,0.0,0.0,0.0,0.0
202692,22401032,1610612748,6.0,0.0,0.0,0.0,5.0,2.0,0.0,0.0
1641796,22401032,1610612748,0.0,0.0,0.0,0.0,0.0,0.0,0.0,0.0
1627936,22401036,1610612760,14.0,5.0,6.0,0.0,11.0,5.0,4.0,2.0
1629652,22401036,1610612760,10.0,2.0,4.0,1.0,6.0,4.0,0.0,0.0
1628392,22401036,1610612760,14.0,6.0,10.0,3.0,12.0,6.0,2.0,2.0
1641717,22401036,1610612760,8.0,2.0,4.0,1.0,7.0,3.0,2.0,1.0
1628983,22401036,1610612760,26.0,8.0,3.0,2.0,29.0,7.0,11.0,11.0
1630598,22401036,1610612760,19.0,1.0,3.0,0.0,17.0,8.0,0.0,0.0
1631119,22401036,1610612760,12.0,2.0,7.0,1.0,4.0,4.0,1.0,1.0
1630198,22401036,1610612760,0.0,0.0,2.0,0.0,4.0,0.0,0.0,0.0
1629026,22401036,1610612760,0.0,2.0,3.0,0.0,2.0,0.0,0.0,0.0
1626181,22401036,1610612746,9.0,1.0,4.0,0.0,12.0,4.0,0.0,0.0
202695,22401036,1610612746,25.0,3.0,10.0,1.0,20.0,10.0,4.0,3.0
1627826,22401036,1610612746,15.0,3.0,11.0,2.0,10.0,4.0,8.0,7.0
1627739,22401036,1610612746,7.0,1.0,3.0,0.0,5.0,3.0,0.0,0.0
201935,22401036,1610612746,17.0,8.0,5.0,1.0,14.0,4.0,8.0,7.0
1627884,22401036,1610612746,9.0,1.0,4.0,3.0,5.0,2.0,4.0,3.0
203992,22401036,1610612746,2.0,3.0,3.0,1.0,6.0,1.0,0.0,0.0
1627732,22401036,1610612746,8.0,0.0,7.0,0.0,5.0,4.0,0.0,0.0
201587,22401036,1610612746,0.0,0.0,0.0,0.0,0.0,0.0,0.0,0.0
1629599,22401036,1610612746,9.0,0.0,1.0,0.0,5.0,3.0,4.0,3.0
1629234,22401036,1610612746,0.0,0.0,0.0,0.0,0.0,0.0,0.0,0.0
1628971,22401029,1610612740,12.0,2.0,1.0,0.0,9.0,5.0,2.0,1.0
203482,22401029,1610612740,10.0,8.0,5.0,2.0,7.0,4.0,2.0,1.0
1631255,22401029,1610612740,8.0,0.0,11.0,0.0,7.0,4.0,0.0,0.0
203468,22401029,1610612740,40.0,7.0,5.0,0.0,28.0,16.0,5.0,3.0
1630631,22401029,1610612740,10.0,8.0,4.0,0.0,8.0,4.0,0.0,0.0
1630526,22401029,1610612740,13.0,8.0,6.0,0.0,6.0,4.0,2.0,2.0
1631288,22401029,1610612740,4.0,0.0,1.0,1.0,2.0,1.0,2.0,2.0
1641722,22401029,1610612740,25.0,2.0,3.0,0.0,13.0,8.0,3.0,3.0
1631232,22401029,1610612740,5.0,0.0,1.0,2.0,4.0,2.0,0.0,0.0
1641810,22401029,1610612740,3.0,0.0,0.0,0.0,1.0,1.0,0.0,0.0
1641709,22401029,1610612765,5.0,1.0,1.0,0.0,0.0,0.0,6.0,5.0
202699,22401029,1610612765,14.0,4.0,3.0,0.0,15.0,7.0,0.0,0.0
1631105,22401029,1610612765,22.0,2.0,12.0,0.0,11.0,8.0,9.0,6.0
1627736,22401029,1610612765,13.0,2.0,4.0,0.0,11.0,4.0,1.0,1.0
203471,22401029,1610612765,16.0,5.0,1.0,0.0,12.0,4.0,8.0,7.0
1631323,22401029,1610612765,8.0,1.0,2.0,0.0,6.0,3.0,0.0,0.0
1641842,22401029,1610612765,26.0,6.0,5.0,0.0,14.0,10.0,11.0,5.0
1630191,22401029,1610612765,9.0,2.0,3.0,2.0,6.0,4.0,0.0,0.0
1631204,22401029,1610612765,20.0,2.0,1.0,0.0,9.0,6.0,5.0,5.0
1630322,22401029,1610612765,3.0,1.0,0.0,0.0,2.0,1.0,0.0,0.0
1630592,22401024,1610612751,13.0,0.0,6.0,0.0,12.0,5.0,0.0,0.0
1629661,22401024,1610612751,20.0,5.0,9.0,0.0,17.0,8.0,1.0,1.0
1629651,22401024,1610612751,9.0,4.0,10.0,0.0,9.0,4.0,2.0,1.0
1631213,22401024,1610612751,9.0,5.0,4.0,0.0,7.0,3.0,0.0,0.0
1630553,22401024,1610612751,17.0,1.0,4.0,0.0,14.0,7.0,2.0,0.0
1630570,22401024,1610612751,26.0,1.0,5.0,0.0,14.0,9.0,10.0,6.0
1630549,22401024,1610612751,2.0,2.0,3.0,0.0,3.0,1.0,0.0,0.0
1641721,22401024,1610612751,2.0,1.0,2.0,1.0,4.0,0.0,2.0,2.0
1641730,22401024,1610612751,5.0,1.0,5.0,0.0,10.0,2.0,0.0,0.0
1630174,22401024,1610612754,6.0,1.0,3.0,1.0,6.0,2.0,0.0,0.0
1627783,22401024,1610612754,26.0,6.0,3.0,0.0,20.0,10.0,7.0,5.0
1626167,22401024,1610612754,22.0,0.0,8.0,3.0,14.0,8.0,2.0,1.0
1629614,22401024,1610612754,5.0,7.0,4.0,0.0,5.0,2.0,0.0,0.0
1630169,22401024,1610612754,16.0,12.0,8.0,0.0,13.0,5.0,5.0,5.0
1630167,22401024,1610612754,10.0,0.0,5.0,0.0,9.0,4.0,1.0,1.0
1631097,22401024,1610612754,13.0,1.0,4.0,1.0,9.0,5.0,4.0,3.0
204456,22401024,1610612754,8.0,4.0,4.0,0.0,5.0,4.0,0.0,0.0
1641767,22401024,1610612754,0.0,0.0,1.0,0.0,0.0,0.0,0.0,0.0
1628418,22401024,1610612754,2.0,0.0,2.0,1.0,2.0,0.0,2.0,2.0
1641716,22401024,1610612754,0.0,1.0,2.0,0.0,1.0,0.0,0.0,0.0
1628398,22401027,1610612749,14.0,2.0,14.0,0.0,10.0,5.0,4.0,3.0
203507,22401027,1610612749,32.0,3.0,17.0,1.0,20.0,12.0,13.0,8.0
201572,22401027,1610612749,21.0,2.0,3.0,1.0,15.0,8.0,3.0,2.0
1627752,22401027,1610612749,15.0,2.0,1.0,1.0,9.0,6.0,0.0,0.0
1631157,22401027,1610612749,0.0,4.0,2.0,0.0,4.0,0.0,0.0,0.0
1629018,22401027,1610612749,11.0,0.0,0.0,0.0,11.0,4.0,0.0,0.0
1629645,22401027,1610612749,18.0,6.0,3.0,0.0,10.0,8.0,0.0,0.0
1631260,22401027,1610612749,3.0,3.0,2.0,0.0,5.0,1.0,0.0,0.0
1626192,22401027,1610612749,0.0,0.0,0.0,0.0,0.0,0.0,0.0,0.0
201942,22401027,1610612758,22.0,4.0,2.0,0.0,18.0,8.0,7.0,6.0
1631099,22401027,1610612758,13.0,1.0,9.0,2.0,12.0,5.0,1.0,1.0
202685,22401027,1610612758,18.0,1.0,7.0,0.0,11.0,8.0,2.0,2.0
203897,22401027,1610612758,16.0,5.0,7.0,0.0,17.0,7.0,3.0,1.0
1631165,22401027,1610612758,20.0,6.0,9.0,0.0,10.0,6.0,5.0,5.0
1642269,22401027,1610612758,1.0,0.0,3.0,0.0,2.0,0.0,2.0,1.0
1631222,22401027,1610612758,11.0,0.0,1.0,0.0,9.0,4.0,2.0,1.0
1626168,22401027,1610612758,7.0,3.0,5.0,0.0,12.0,3.0,0.0,0.0
1628365,22401027,1610612758,0.0,1.0,1.0,0.0,0.0,0.0,0.0,0.0
202710,22401025,1610612744,25.0,8.0,4.0,0.0,15.0,7.0,14.0,10.0
203110,22401025,1610612744,5.0,6.0,6.0,1.0,7.0,2.0,0.0,0.0
1642366,22401025,1610612744,11.0,1.0,4.0,1.0,6.0,4.0,0.0,0.0
1630541,22401025,1610612744,20.0,5.0,4.0,1.0,13.0,7.0,3.0,3.0
1641764,22401025,1610612744,19.0,4.0,8.0,0.0,14.0,6.0,2.0,2.0
1630228,22401025,1610612744,16.0,2.0,2.0,0.0,14.0,6.0,3.0,3.0
1627741,22401025,1610612744,5.0,1.0,2.0,0.0,2.0,1.0,2.0,2.0
1630611,22401025,1610612744,0.0,0.0,0.0,0.0,1.0,0.0,0.0,0.0
1626172,22401025,1610612744,0.0,0.0,1.0,0.0,2.0,0.0,0.0,0.0
1627780,22401025,1610612744,11.0,0.0,4.0,0.0,7.0,5.0,0.0,0.0
1631218,22401025,1610612744,3.0,1.0,3.0,1.0,3.0,1.0,2.0,1.0
1642258,22401025,1610612737,14.0,0.0,2.0,0.0,10.0,5.0,3.0,2.0
1631243,22401025,1610612737,2.0,0.0,4.0,1.0,5.0,1.0,0.0,0.0
1630168,22401025,1610612737,22.0,6.0,12.0,2.0,16.0,10.0,0.0,0.0
1630700,22401025,1610612737,12.0,6.0,11.0,0.0,9.0,5.0,0.0,0.0
1629027,22401025,1610612737,25.0,10.0,5.0,0.0,15.0,9.0,7.0,6.0
1627747,22401025,1610612737,14.0,6.0,2.0,0.0,11.0,6.0,3.0,1.0
1631230,22401025,1610612737,4.0,1.0,4.0,0.0,4.0,2.0,1.0,0.0
1627777,22401025,1610612737,23.0,2.0,2.0,0.0,11.0,8.0,2.0,1.0
1629611,22401025,1610612737,5.0,0.0,3.0,0.0,3.0,2.0,0.0,0.0
1630249,22401025,1610612737,3.0,6.0,1.0,0.0,2.0,1.0,2.0,1.0
1630551,22401026,1610612764,7.0,0.0,2.0,0.0,6.0,3.0,0.0,0.0
1642273,22401026,1610612764,15.0,4.0,10.0,0.0,13.0,5.0,6.0,4.0
1642259,22401026,1610612764,8.0,1.0,5.0,2.0,10.0,3.0,2.0,2.0
1642267,22401026,1610612764,4.0,2.0,2.0,1.0,9.0,2.0,0.0,0.0
1629673,22401026,1610612764,25.0,3.0,3.0,0.0,17.0,9.0,4.0,4.0
203935,22401026,1610612764,17.0,3.0,4.0,1.0,11.0,6.0,3.0,1.0
1642358,22401026,1610612764,9.0,3.0,2.0,0.0,10.0,3.0,2.0,1.0
1626158,22401026,1610612764,4.0,2.0,7.0,1.0,5.0,2.0,0.0,0.0
1641732,22401026,1610612764,6.0,2.0,4.0,0.0,3.0,3.0,0.0,0.0
1630264,22401026,1610612764,4.0,0.0,1.0,0.0,3.0,2.0,0.0,0.0
1641798,22401026,1610612764,0.0,0.0,1.0,0.0,0.0,0.0,0.0,0.0
1641774,22401026,1610612764,4.0,1.0,0.0,0.0,1.0,1.0,2.0,2.0
1628384,22401026,1610612752,23.0,3.0,2.0,0.0,12.0,8.0,4.0,3.0
1628404,22401026,1610612752,9.0,2.0,12.0,0.0,10.0,4.0,2.0,1.0
1626157,22401026,1610612752,31.0,1.0,11.0,1.0,20.0,10.0,13.0,10.0
1628969,22401026,1610612752,27.0,4.0,6.0,1.0,20.0,10.0,3.0,3.0
1626166,22401026,1610612752,13.0,7.0,4.0,0.0,12.0,4.0,2.0,2.0
1629011,22401026,1610612752,4.0,1.0,5.0,1.0,3.0,2.0,0.0,0.0
1629013,22401026,1610612752,3.0,1.0,1.0,0.0,4.0,1.0,0.0,0.0
1630173,22401026,1610612752,4.0,2.0,5.0,0.0,3.0,2.0,0.0,0.0
1642278,22401026,1610612752,4.0,8.0,1.0,0.0,4.0,1.0,3.0,2.0
1641817,22401026,1610612752,2.0,0.0,1.0,0.0,1.0,1.0,0.0,0.0
1630699,22401026,1610612752,2.0,0.0,1.0,0.0,2.0,1.0,0.0,0.0
1628989,22401028,1610612741,14.0,2.0,3.0,1.0,12.0,6.0,2.0,2.0
1641824,22401028,1610612741,31.0,1.0,2.0,0.0,18.0,12.0,2.0,2.0
202696,22401028,1610612741,12.0,5.0,12.0,1.0,10.0,5.0,0.0,0.0
1629632,22401028,1610612741,36.0,2.0,3.0,0.0,17.0,12.0,8.0,6.0
1630581,22401028,1610612741,15.0,17.0,10.0,0.0,11.0,5.0,6.0,4.0
1631207,22401028,1610612741,13.0,4.0,4.0,0.0,12.0,6.0,0.0,0.0
1630172,22401028,1610612741,14.0,3.0,3.0,1.0,8.0,5.0,0.0,0.0
1628380,22401028,1610612741,9.0,4.0,3.0,1.0,4.0,4.0,2.0,1.0
1641763,22401028,1610612741,0.0,1.0,0.0,0.0,1.0,0.0,0.0,0.0
1630188,22401028,1610612741,0.0,2.0,1.0,0.0,1.0,0.0,0.0,0.0
1628975,22401028,1610612741,2.0,0.0,1.0,1.0,1.0,1.0,0.0,0.0
1629659,22401028,1610612741,0.0,0.0,0.0,0.0,1.0,0.0,0.0,0.0
1627827,22401028,1610612747,2.0,1.0,2.0,1.0,4.0,1.0,0.0,0.0
2544,22401028,1610612747,17.0,4.0,6.0,0.0,16.0,7.0,5.0,2.0
1629637,22401028,1610612747,10.0,2.0,4.0,0.0,6.0,5.0,1.0,0.0
1630559,22401028,1610612747,25.0,5.0,2.0,0.0,13.0,9.0,4.0,4.0
1629029,22401028,1610612747,34.0,6.0,8.0,0.0,18.0,10.0,8.0,6.0
1629060,22401028,1610612747,5.0,0.0,2.0,0.0,6.0,2.0,0.0,0.0
1629216,22401028,1610612747,6.0,0.0,3.0,0.0,4.0,2.0,0.0,0.0
1629020,22401028,1610612747,0.0,0.0,2.0,0.0,2.0,0.0,0.0,0.0
1630692,22401028,1610612747,4.0,1.0,3.0,0.0,3.0,1.0,2.0,2.0
1642261,22401028,1610612747,6.0,1.0,1.0,0.0,4.0,2.0,0.0,0.0
1642355,22401028,1610612747,2.0,1.0,0.0,0.0,4.0,0.0,2.0,2.0
1629003,22401028,1610612747,2.0,1.0,1.0,0.0,3.0,1.0,0.0,0.0
203458,22401028,1610612747,0.0,0.0,1.0,0.0,0.0,0.0,0.0,0.0
202693,22401028,1610612747,2.0,1.0,0.0,0.0,2.0,1.0,0.0,0.0
202699,22401019,1610612765,9.0,3.0,6.0,1.0,11.0,4.0,0.0,0.0
1641709,22401019,1610612765,8.0,3.0,3.0,0.0,8.0,3.0,2.0,2.0
1631105,22401019,1610612765,14.0,3.0,9.0,2.0,5.0,5.0,6.0,4.0
203501,22401019,1610612765,0.0,0.0,1.0,0.0,2.0,0.0,0.0,0.0
1630595,22401019,1610612765,35.0,6.0,7.0,0.0,30.0,15.0,5.0,3.0
1627736,22401019,1610612765,16.0,2.0,1.0,1.0,15.0,5.0,1.0,1.0
203471,22401019,1610612765,11.0,4.0,3.0,0.0,7.0,3.0,4.0,3.0
1630191,22401019,1610612765,8.0,2.0,6.0,1.0,6.0,4.0,0.0,0.0
1631323,22401019,1610612765,4.0,0.0,0.0,0.0,5.0,2.0,0.0,0.0
1641842,22401019,1610612765,12.0,1.0,5.0,0.0,9.0,5.0,1.0,1.0
1630230,22401019,1610612742,19.0,5.0,11.0,1.0,12.0,8.0,4.0,2.0
1629023,22401019,1610612742,27.0,0.0,3.0,4.0,16.0,9.0,6.0,4.0
1630539,22401019,1610612742,10.0,3.0,7.0,2.0,6.0,5.0,0.0,0.0
202691,22401019,1610612742,20.0,1.0,5.0,0.0,14.0,6.0,6.0,5.0
203915,22401019,1610612742,31.0,7.0,3.0,0.0,12.0,9.0,13.0,11.0
1631108,22401019,1610612742,5.0,2.0,8.0,0.0,4.0,1.0,2.0,2.0
1630702,22401019,1610612742,0.0,0.0,1.0,0.0,5.0,0.0,0.0,0.0
203939,22401019,1610612742,4.0,2.0,3.0,0.0,2.0,2.0,0.0,0.0
1630314,22401019,1610612742,7.0,5.0,3.0,0.0,9.0,2.0,5.0,3.0
1628971,22401016,1610612740,14,1,2,0,8,5,1,1
203482,22401016,1610612740,10,4,3,0,4,4,2,1
1642274,22401016,1610612740,5,2,10,1,4,1,6,3
203468,22401016,1610612740,15,3,2,0,15,6,2,2
1630631,22401016,1610612740,9,2,1,1,9,3,0,0
1630526,22401016,1610612740,7,0,4,0,6,2,3,2
1641722,22401016,1610612740,10,3,5,0,7,3,4,3
1631255,22401016,1610612740,8,2,1,1,4,3,4,2
1631232,22401016,1610612740,4,2,5,1,3,2,0,0
1641810,22401016,1610612740,11,0,0,0,5,5,0,0
203901,22401016,1610612740,0,1,0,0,3,0,0,0
1630183,22401016,1610612750,17,0,5,0,10,7,1,1
203944,22401016,1610612750,20,5,6,0,11,7,4,4
203497,22401016,1610612750,15,3,11,0,5,4,8,7
204060,22401016,1610612750,0,1,0,0,3,0,0,0
1630162,22401016,1610612750,17,5,3,0,13,6,2,2
1628978,22401016,1610612750,13,3,1,1,10,4,2,2
1629675,22401016,1610612750,15,6,5,0,13,6,0,0
1629638,22401016,1610612750,8,3,2,0,6,3,1,1
1641740,22401016,1610612750,11,1,1,0,5,4,0,0
201144,22401016,1610612750,0,6,1,0,1,0,0,0
1630545,22401016,1610612750,0,2,0,0,2,0,0,0
1630568,22401016,1610612750,9,0,1,0,4,4,0,0
1631169,22401016,1610612750,2,1,0,0,1,0,2,2
1642265,22401016,1610612750,4,2,0,0,4,2,0,0
1630538,22401016,1610612750,3,2,0,0,1,1,0,0
1642377,22401023,1610612763,3.0,2.0,3.0,0.0,4.0,1.0,0.0,0.0
1630583,22401023,1610612763,16.0,7.0,5.0,0.0,11.0,5.0,5.0,3.0
1628991,22401023,1610612763,23.0,1.0,2.0,1.0,24.0,9.0,4.0,2.0
1630217,22401023,1610612763,10.0,4.0,5.0,0.0,7.0,3.0,2.0,2.0
1630590,22401023,1610612763,15.0,5.0,3.0,1.0,9.0,6.0,0.0,0.0
1630643,22401023,1610612763,13.0,0.0,1.0,0.0,7.0,5.0,0.0,0.0
1631246,22401023,1610612763,5.0,3.0,8.0,0.0,11.0,2.0,0.0,0.0
1628379,22401023,1610612763,15.0,4.0,2.0,0.0,9.0,6.0,0.0,0.0
1641744,22401023,1610612763,8.0,2.0,8.0,1.0,9.0,3.0,2.0,2.0
1629723,22401023,1610612763,0.0,0.0,2.0,0.0,2.0,0.0,0.0,0.0
1642285,22401023,1610612763,0.0,0.0,0.0,0.0,0.0,0.0,0.0,0.0
1628963,22401023,1610612763,0.0,0.0,1.0,0.0,2.0,0.0,0.0,0.0
1626181,22401023,1610612746,14.0,3.0,3.0,0.0,8.0,4.0,6.0,5.0
202695,22401023,1610612746,23.0,4.0,10.0,0.0,12.0,9.0,4.0,4.0
1627826,22401023,1610612746,17.0,1.0,10.0,2.0,14.0,8.0,2.0,1.0
1627739,22401023,1610612746,11.0,1.0,3.0,0.0,8.0,4.0,0.0,0.0
201935,22401023,1610612746,30.0,9.0,4.0,2.0,14.0,8.0,10.0,9.0
1627884,22401023,1610612746,5.0,1.0,2.0,1.0,4.0,2.0,0.0,0.0
201587,22401023,1610612746,5.0,2.0,2.0,2.0,4.0,2.0,0.0,0.0
203992,22401023,1610612746,16.0,5.0,3.0,0.0,9.0,6.0,0.0,0.0
1627732,22401023,1610612746,0.0,2.0,2.0,2.0,1.0,0.0,0.0,0.0
1629599,22401023,1610612746,6.0,1.0,2.0,0.0,4.0,2.0,2.0,1.0
1629234,22401023,1610612746,1.0,0.0,2.0,0.0,0.0,0.0,2.0,1.0
1641738,22401023,1610612746,0.0,0.0,0.0,0.0,0.0,0.0,0.0,0.0
1630532,22401014,1610612753,21.0,5.0,8.0,1.0,18.0,9.0,2.0,2.0
1631094,22401014,1610612753,30.0,5.0,8.0,0.0,22.0,11.0,6.0,5.0
1628976,22401014,1610612753,16.0,1.0,12.0,2.0,13.0,7.0,0.0,0.0
203484,22401014,1610612753,11.0,1.0,5.0,1.0,6.0,4.0,1.0,0.0
202709,22401014,1610612753,11.0,1.0,2.0,0.0,6.0,3.0,2.0,2.0
1631216,22401014,1610612753,6.0,2.0,5.0,0.0,4.0,2.0,0.0,0.0
1641710,22401014,1610612753,13.0,6.0,6.0,1.0,7.0,5.0,2.0,2.0
203914,22401014,1610612753,0.0,0.0,2.0,0.0,4.0,0.0,0.0,0.0
1641783,22401014,1610612753,9.0,1.0,5.0,0.0,9.0,4.0,0.0,0.0
1629048,22401014,1610612753,0.0,2.0,1.0,2.0,0.0,0.0,0.0,0.0
1628371,22401014,1610612753,0.0,0.0,1.0,1.0,1.0,0.0,0.0,0.0
1641724,22401014,1610612753,3.0,0.0,0.0,0.0,4.0,1.0,0.0,0.0
1630644,22401014,1610612753,0.0,1.0,0.0,0.0,2.0,0.0,0.0,0.0
1630551,22401014,1610612764,3.0,0.0,6.0,0.0,4.0,1.0,2.0,1.0
203114,22401014,1610612764,9.0,0.0,3.0,0.0,13.0,3.0,0.0,0.0
1642259,22401014,1610612764,19.0,2.0,10.0,0.0,15.0,7.0,4.0,2.0
1642273,22401014,1610612764,7.0,8.0,4.0,1.0,9.0,3.0,0.0,0.0
1629673,22401014,1610612764,18.0,2.0,2.0,0.0,13.0,7.0,0.0,0.0
1642267,22401014,1610612764,2.0,3.0,2.0,1.0,7.0,1.0,0.0,0.0
1630264,22401014,1610612764,10.0,1.0,5.0,0.0,3.0,2.0,7.0,6.0
1641774,22401014,1610612764,17.0,3.0,6.0,1.0,10.0,5.0,3.0,3.0
1642358,22401014,1610612764,14.0,3.0,2.0,0.0,9.0,6.0,0.0,0.0
1641732,22401014,1610612764,4.0,1.0,1.0,0.0,2.0,1.0,3.0,2.0
1630550,22401014,1610612764,2.0,0.0,0.0,1.0,2.0,1.0,0.0,0.0
1629622,22401021,1610612739,9.0,1.0,4.0,0.0,5.0,3.0,0.0,0.0
1630596,22401021,1610612739,16.0,5.0,12.0,2.0,14.0,7.0,2.0,0.0
1628386,22401021,1610612739,6.0,1.0,6.0,2.0,4.0,3.0,0.0,0.0
1628378,22401021,1610612739,7.0,3.0,4.0,0.0,18.0,2.0,4.0,3.0
1629636,22401021,1610612739,18.0,6.0,5.0,0.0,16.0,8.0,0.0,0.0
1629660,22401021,1610612739,16.0,5.0,1.0,1.0,8.0,5.0,4.0,4.0
1629631,22401021,1610612739,17.0,1.0,1.0,0.0,8.0,6.0,2.0,2.0
1630241,22401021,1610612739,4.0,0.0,7.0,0.0,7.0,2.0,0.0,0.0
1629731,22401021,1610612739,6.0,0.0,0.0,0.0,3.0,2.0,0.0,0.0
1630171,22401021,1610612739,10.0,1.0,1.0,0.0,6.0,3.0,2.0,2.0
1629750,22401021,1610612739,3.0,1.0,3.0,0.0,5.0,1.0,0.0,0.0
1642346,22401021,1610612756,10.0,1.0,9.0,1.0,9.0,4.0,0.0,0.0
201142,22401021,1610612756,42.0,8.0,6.0,1.0,29.0,17.0,4.0,4.0
1642345,22401021,1610612756,6.0,4.0,13.0,0.0,7.0,3.0,0.0,0.0
1626164,22401021,1610612756,17.0,10.0,2.0,0.0,17.0,7.0,2.0,2.0
1631221,22401021,1610612756,13.0,4.0,2.0,0.0,6.0,5.0,0.0,0.0
1626220,22401021,1610612756,15.0,2.0,5.0,0.0,8.0,5.0,0.0,0.0
1626145,22401021,1610612756,16.0,3.0,3.0,0.0,11.0,6.0,0.0,0.0
1628998,22401021,1610612756,4.0,1.0,6.0,1.0,5.0,1.0,2.0,2.0
1629610,22401017,1610612766,11.0,1.0,0.0,1.0,10.0,3.0,2.0,2.0
1628970,22401017,1610612766,20.0,4.0,3.0,1.0,12.0,5.0,6.0,6.0
203994,22401017,1610612766,6.0,5.0,9.0,1.0,5.0,2.0,1.0,1.0
1630182,22401017,1610612766,12.0,2.0,1.0,0.0,10.0,5.0,0.0,0.0
1642354,22401017,1610612766,10.0,8.0,1.0,0.0,4.0,2.0,4.0,4.0
1631111,22401017,1610612766,6.0,1.0,5.0,1.0,6.0,2.0,0.0,0.0
1631217,22401017,1610612766,12.0,3.0,7.0,0.0,8.0,6.0,0.0,0.0
1641733,22401017,1610612766,14.0,3.0,0.0,0.0,14.0,5.0,0.0,0.0
203552,22401017,1610612766,11.0,2.0,0.0,0.0,8.0,5.0,0.0,0.0
201959,22401017,1610612766,4.0,0.0,3.0,0.0,3.0,2.0,0.0,0.0
1630598,22401017,1610612760,11.0,1.0,2.0,0.0,9.0,4.0,0.0,0.0
1631096,22401017,1610612760,14.0,1.0,5.0,3.0,12.0,6.0,4.0,1.0
1628392,22401017,1610612760,12.0,4.0,10.0,1.0,13.0,6.0,1.0,0.0
1641717,22401017,1610612760,11.0,5.0,3.0,1.0,8.0,5.0,0.0,0.0
1628983,22401017,1610612760,30.0,9.0,6.0,0.0,18.0,13.0,2.0,2.0
1631119,22401017,1610612760,14.0,4.0,5.0,0.0,7.0,4.0,4.0,3.0
1629026,22401017,1610612760,11.0,0.0,1.0,0.0,4.0,3.0,2.0,2.0
1627936,22401017,1610612760,9.0,0.0,3.0,1.0,3.0,2.0,4.0,4.0
1630198,22401017,1610612760,14.0,0.0,2.0,0.0,10.0,5.0,0.0,0.0
1641794,22401017,1610612760,4.0,1.0,3.0,0.0,4.0,2.0,0.0,0.0
1641745,22401017,1610612760,5.0,4.0,2.0,0.0,3.0,2.0,0.0,0.0
1642382,22401017,1610612760,3.0,0.0,1.0,1.0,2.0,1.0,0.0,0.0
1642505,22401017,1610612760,3.0,0.0,0.0,0.0,1.0,1.0,0.0,0.0
1628415,22401015,1610612745,11.0,0.0,1.0,0.0,11.0,4.0,2.0,2.0
1641708,22401015,1610612745,18.0,5.0,9.0,1.0,14.0,8.0,3.0,2.0
1630578,22401015,1610612745,8.0,2.0,10.0,2.0,15.0,4.0,4.0,0.0
1630224,22401015,1610612745,6.0,1.0,4.0,1.0,13.0,3.0,0.0,0.0
1627832,22401015,1610612745,37.0,3.0,0.0,0.0,17.0,13.0,4.0,2.0
1631106,22401015,1610612745,7.0,2.0,8.0,0.0,6.0,2.0,2.0,2.0
203500,22401015,1610612745,4.0,1.0,8.0,0.0,2.0,2.0,2.0,0.0
1631095,22401015,1610612745,11.0,0.0,6.0,0.0,6.0,3.0,4.0,2.0
203952,22401015,1610612748,30.0,3.0,2.0,1.0,13.0,10.0,9.0,8.0
1628389,22401015,1610612748,16.0,6.0,6.0,0.0,13.0,6.0,3.0,2.0
1642276,22401015,1610612748,16.0,1.0,14.0,2.0,10.0,7.0,0.0,0.0
1631170,22401015,1610612748,4.0,2.0,2.0,1.0,5.0,2.0,0.0,0.0
1629639,22401015,1610612748,8.0,4.0,3.0,0.0,11.0,3.0,2.0,2.0
1630558,22401015,1610612748,12.0,4.0,3.0,1.0,10.0,5.0,0.0,0.0
1629130,22401015,1610612748,4.0,2.0,0.0,0.0,5.0,2.0,0.0,0.0
1629312,22401015,1610612748,8.0,3.0,4.0,0.0,5.0,3.0,0.0,0.0
201567,22401015,1610612748,0.0,0.0,0.0,0.0,0.0,0.0,0.0,0.0
202692,22401015,1610612748,0.0,0.0,0.0,0.0,1.0,0.0,0.0,0.0
1642348,22401018,1610612755,25.0,2.0,5.0,1.0,14.0,9.0,6.0,4.0
1629643,22401018,1610612755,7.0,3.0,3.0,1.0,4.0,3.0,0.0,0.0
1627824,22401018,1610612755,23.0,5.0,9.0,0.0,16.0,11.0,2.0,1.0
1629656,22401018,1610612755,25.0,10.0,2.0,0.0,20.0,10.0,2.0,1.0
1630215,22401018,1610612755,5.0,4.0,3.0,0.0,5.0,2.0,0.0,0.0
1641720,22401018,1610612755,3.0,4.0,1.0,2.0,4.0,0.0,4.0,3.0
1629052,22401018,1610612755,9.0,0.0,1.0,0.0,7.0,4.0,0.0,0.0
1641741,22401018,1610612755,20.0,1.0,8.0,0.0,9.0,6.0,6.0,5.0
1629022,22401018,1610612755,3.0,1.0,0.0,0.0,2.0,1.0,0.0,0.0
1630170,22401018,1610612759,20.0,7.0,5.0,0.0,16.0,7.0,2.0,2.0
203084,22401018,1610612759,14.0,3.0,0.0,1.0,10.0,5.0,2.0,2.0
1631110,22401018,1610612759,23.0,2.0,9.0,0.0,17.0,11.0,2.0,1.0
1642264,22401018,1610612759,17.0,14.0,5.0,1.0,14.0,6.0,5.0,5.0
101108,22401018,1610612759,18.0,3.0,4.0,1.0,7.0,6.0,0.0,0.0
1629640,22401018,1610612759,18.0,3.0,5.0,2.0,10.0,6.0,5.0,4.0
1630572,22401018,1610612759,2.0,1.0,4.0,0.0,4.0,1.0,0.0,0.0
1630577,22401018,1610612759,6.0,0.0,2.0,0.0,6.0,2.0,0.0,0.0
1631104,22401018,1610612759,10.0,3.0,0.0,0.0,5.0,3.0,2.0,1.0
1631128,22401022,1610612743,15.0,2.0,5.0,0.0,8.0,6.0,2.0,2.0
1629008,22401022,1610612743,17.0,3.0,5.0,0.0,10.0,5.0,4.0,4.0
203932,22401022,1610612743,23.0,4.0,3.0,0.0,10.0,6.0,12.0,10.0
201566,22401022,1610612743,18.0,4.0,4.0,0.0,13.0,6.0,8.0,6.0
1627750,22401022,1610612743,10.0,2.0,4.0,1.0,10.0,5.0,0.0,0.0
1631212,22401022,1610612743,12.0,0.0,5.0,0.0,11.0,5.0,0.0,0.0
1630192,22401022,1610612743,0.0,1.0,1.0,1.0,1.0,0.0,0.0,0.0
1629618,22401022,1610612743,5.0,5.0,0.0,0.0,6.0,2.0,0.0,0.0
1642461,22401022,1610612743,2.0,0.0,1.0,0.0,2.0,0.0,2.0,2.0
1641790,22401022,1610612743,4.0,0.0,0.0,0.0,3.0,2.0,0.0,0.0
1641816,22401022,1610612743,3.0,1.0,3.0,0.0,2.0,1.0,0.0,0.0
1628427,22401022,1610612743,0.0,2.0,0.0,0.0,0.0,0.0,0.0,0.0
1630166,22401022,1610612757,36.0,7.0,8.0,1.0,16.0,12.0,9.0,8.0
1631200,22401022,1610612757,3.0,2.0,3.0,1.0,4.0,1.0,0.0,0.0
1641739,22401022,1610612757,16.0,4.0,6.0,0.0,10.0,5.0,6.0,4.0
1631101,22401022,1610612757,23.0,2.0,6.0,1.0,22.0,10.0,2.0,2.0
1630703,22401022,1610612757,16.0,4.0,2.0,0.0,13.0,6.0,2.0,1.0
1641871,22401022,1610612757,12.0,4.0,7.0,0.0,8.0,6.0,0.0,0.0
1630625,22401022,1610612757,19.0,5.0,3.0,3.0,10.0,6.0,6.0,5.0
1629680,22401022,1610612757,3.0,1.0,3.0,0.0,3.0,1.0,0.0,0.0
1631121,22401022,1610612757,0.0,1.0,0.0,0.0,1.0,0.0,0.0,0.0
1631303,22401022,1610612757,0.0,0.0,0.0,0.0,0.0,0.0,0.0,0.0
1641712,22401022,1610612757,0.0,0.0,0.0,0.0,0.0,0.0,0.0,0.0
1628369,22401020,1610612738,26.0,6.0,6.0,0.0,25.0,11.0,1.0,1.0
201143,22401020,1610612738,5.0,2.0,9.0,0.0,7.0,2.0,0.0,0.0
204001,22401020,1610612738,27.0,6.0,10.0,0.0,15.0,9.0,6.0,6.0
1628401,22401020,1610612738,11.0,4.0,5.0,1.0,8.0,3.0,4.0,3.0
201950,22401020,1610612738,8.0,4.0,2.0,0.0,6.0,3.0,2.0,2.0
1630573,22401020,1610612738,14.0,0.0,1.0,0.0,10.0,5.0,0.0,0.0
1628436,22401020,1610612738,4.0,0.0,8.0,3.0,4.0,2.0,0.0,0.0
1631248,22401020,1610612738,0.0,0.0,0.0,0.0,4.0,0.0,0.0,0.0
1630202,22401020,1610612738,18.0,4.0,2.0,0.0,13.0,6.0,3.0,2.0
1628470,22401020,1610612738,0.0,0.0,0.0,0.0,0.0,0.0,0.0,0.0
1631120,22401020,1610612738,4.0,0.0,3.0,0.0,3.0,2.0,0.0,0.0
1641775,22401020,1610612738,4.0,0.0,1.0,0.0,2.0,2.0,0.0,0.0
1629674,22401020,1610612738,0.0,1.0,1.0,0.0,0.0,0.0,0.0,0.0
1641809,22401020,1610612738,0.0,0.0,0.0,0.0,0.0,0.0,0.0,0.0
1629004,22401020,1610612762,4.0,1.0,1.0,0.0,5.0,1.0,2.0,2.0
1642262,22401020,1610612762,4.0,0.0,1.0,1.0,6.0,2.0,0.0,0.0
1631117,22401020,1610612762,8.0,6.0,11.0,1.0,9.0,4.0,0.0,0.0
1629012,22401020,1610612762,30.0,3.0,2.0,0.0,16.0,12.0,3.0,2.0
1642268,22401020,1610612762,5.0,5.0,4.0,0.0,9.0,2.0,2.0,1.0
1641718,22401020,1610612762,19.0,7.0,4.0,0.0,16.0,7.0,0.0,0.0
1642271,22401020,1610612762,4.0,0.0,4.0,0.0,4.0,1.0,2.0,1.0
1630548,22401020,1610612762,11.0,1.0,2.0,0.0,8.0,4.0,1.0,1.0
1630695,22401020,1610612762,7.0,1.0,5.0,0.0,4.0,2.0,2.0,2.0
1641729,22401020,1610612762,7.0,0.0,4.0,0.0,7.0,3.0,0.0,0.0
1642367,22401005,1610612761,5.0,4.0,5.0,0.0,5.0,2.0,1.0,1.0
1630567,22401005,1610612761,29.0,6.0,10.0,1.0,16.0,11.0,8.0,6.0
1627751,22401005,1610612761,18.0,2.0,8.0,2.0,9.0,8.0,2.0,2.0
1630534,22401005,1610612761,9.0,1.0,5.0,1.0,6.0,4.0,0.0,0.0
1630193,22401005,1610612761,21.0,8.0,4.0,0.0,17.0,8.0,3.0,2.0
1642419,22401005,1610612761,14.0,2.0,2.0,0.0,12.0,5.0,0.0,0.0
1630658,22401005,1610612761,7.0,2.0,3.0,0.0,4.0,2.0,4.0,3.0
1642347,22401005,1610612761,11.0,6.0,4.0,0.0,7.0,4.0,1.0,1.0
1630639,22401005,1610612761,0.0,0.0,2.0,0.0,2.0,0.0,0.0,0.0
202066,22401005,1610612761,0.0,1.0,1.0,0.0,0.0,0.0,0.0,0.0
1630541,22401005,1610612744,4.0,2.0,1.0,1.0,5.0,0.0,4.0,4.0
202710,22401005,1610612744,16.0,12.0,11.0,2.0,15.0,4.0,10.0,7.0
203110,22401005,1610612744,21.0,5.0,7.0,0.0,18.0,7.0,2.0,2.0
1641764,22401005,1610612744,15.0,1.0,3.0,0.0,14.0,6.0,0.0,0.0
201939,22401005,1610612744,17.0,1.0,2.0,1.0,8.0,6.0,5.0,3.0
1630611,22401005,1610612744,0.0,2.0,1.0,0.0,0.0,0.0,0.0,0.0
1630228,22401005,1610612744,16.0,3.0,4.0,0.0,15.0,7.0,1.0,1.0
1642366,22401005,1610612744,18.0,0.0,2.0,1.0,10.0,6.0,0.0,0.0
1627741,22401005,1610612744,8.0,4.0,5.0,0.0,4.0,1.0,5.0,5.0
1626172,22401005,1610612744,2.0,0.0,2.0,0.0,1.0,1.0,1.0,0.0
1628989,22401013,1610612741,25.0,7.0,5.0,1.0,16.0,10.0,0.0,0.0
1641824,22401013,1610612741,5.0,0.0,1.0,1.0,5.0,2.0,0.0,0.0
202696,22401013,1610612741,24.0,8.0,14.0,0.0,14.0,9.0,2.0,2.0
1629632,22401013,1610612741,35.0,5.0,1.0,0.0,18.0,10.0,14.0,13.0
1630200,22401013,1610612741,15.0,7.0,4.0,0.0,10.0,6.0,2.0,2.0
1631207,22401013,1610612741,9.0,2.0,5.0,0.0,6.0,2.0,4.0,3.0
1641763,22401013,1610612741,2.0,0.0,6.0,0.0,8.0,1.0,0.0,0.0
1630172,22401013,1610612741,7.0,3.0,1.0,0.0,5.0,2.0,4.0,3.0
1628380,22401013,1610612741,6.0,0.0,3.0,0.0,4.0,3.0,0.0,0.0
201942,22401013,1610612758,22.0,5.0,3.0,0.0,22.0,9.0,4.0,2.0
1631099,22401013,1610612758,10.0,3.0,9.0,2.0,8.0,4.0,0.0,0.0
202685,22401013,1610612758,6.0,1.0,5.0,1.0,7.0,3.0,0.0,0.0
203897,22401013,1610612758,8.0,5.0,1.0,0.0,9.0,2.0,3.0,3.0
1628370,22401013,1610612758,34.0,5.0,1.0,0.0,19.0,12.0,5.0,5.0
1631165,22401013,1610612758,0.0,0.0,2.0,0.0,2.0,0.0,0.0,0.0
1626168,22401013,1610612758,22.0,3.0,6.0,1.0,11.0,6.0,6.0,6.0
1642269,22401013,1610612758,4.0,2.0,2.0,0.0,5.0,2.0,2.0,0.0
1631222,22401013,1610612758,10.0,3.0,7.0,1.0,3.0,3.0,3.0,3.0
1630592,22401011,1610612751,0.0,0.0,1.0,0.0,4.0,0.0,0.0,0.0
1630533,22401011,1610612751,22.0,1.0,5.0,0.0,15.0,8.0,1.0,0.0
1629651,22401011,1610612751,6.0,0.0,14.0,2.0,5.0,3.0,0.0,0.0
1630553,22401011,1610612751,6.0,2.0,3.0,0.0,12.0,2.0,2.0,1.0
1626156,22401011,1610612751,22.0,6.0,1.0,0.0,22.0,7.0,6.0,5.0
1631213,22401011,1610612751,4.0,4.0,4.0,0.0,8.0,1.0,2.0,2.0
1630570,22401011,1610612751,15.0,2.0,5.0,0.0,11.0,6.0,4.0,2.0
1630549,22401011,1610612751,6.0,2.0,9.0,2.0,8.0,3.0,0.0,0.0
1641721,22401011,1610612751,8.0,2.0,2.0,0.0,6.0,3.0,0.0,0.0
1641730,22401011,1610612751,10.0,1.0,3.0,0.0,10.0,3.0,3.0,3.0
1630174,22401011,1610612754,14.0,0.0,6.0,0.0,9.0,4.0,4.0,4.0
1627783,22401011,1610612754,6.0,5.0,6.0,0.0,8.0,2.0,3.0,2.0
1626167,22401011,1610612754,23.0,1.0,10.0,5.0,11.0,8.0,5.0,5.0
1631097,22401011,1610612754,28.0,3.0,16.0,0.0,17.0,10.0,7.0,6.0
1629614,22401011,1610612754,9.0,4.0,3.0,0.0,12.0,4.0,0.0,0.0
1630167,22401011,1610612754,7.0,1.0,3.0,0.0,6.0,2.0,3.0,3.0
1641767,22401011,1610612754,0.0,2.0,8.0,1.0,6.0,0.0,0.0,0.0
1628418,22401011,1610612754,3.0,0.0,3.0,2.0,3.0,1.0,2.0,1.0
204456,22401011,1610612754,7.0,1.0,1.0,0.0,3.0,1.0,6.0,5.0
1641716,22401011,1610612754,8.0,1.0,0.0,0.0,6.0,3.0,1.0,1.0
1631245,22401011,1610612754,0.0,0.0,1.0,0.0,0.0,0.0,0.0,0.0
1628384,22401010,1610612752,25.0,2.0,6.0,1.0,19.0,7.0,8.0,8.0
1628404,22401010,1610612752,13.0,6.0,4.0,0.0,8.0,5.0,0.0,0.0
1626157,22401010,1610612752,24.0,3.0,10.0,0.0,21.0,10.0,2.0,2.0
1628969,22401010,1610612752,16.0,6.0,4.0,0.0,11.0,5.0,8.0,6.0
1630540,22401010,1610612752,9.0,6.0,3.0,1.0,10.0,4.0,0.0,0.0
1630173,22401010,1610612752,2.0,0.0,6.0,0.0,5.0,1.0,2.0,0.0
1629013,22401010,1610612752,0.0,0.0,0.0,0.0,3.0,0.0,0.0,0.0
1626166,22401010,1610612752,5.0,3.0,3.0,0.0,8.0,2.0,0.0,0.0
1641817,22401010,1610612752,2.0,0.0,1.0,0.0,2.0,1.0,0.0,0.0
1642278,22401010,1610612752,0.0,0.0,0.0,0.0,1.0,0.0,0.0,0.0
1630699,22401010,1610612752,2.0,0.0,1.0,0.0,2.0,1.0,0.0,0.0
1630182,22401010,1610612766,5.0,1.0,0.0,0.0,5.0,2.0,0.0,0.0
1628970,22401010,1610612766,15.0,4.0,10.0,0.0,17.0,6.0,1.0,1.0
1631109,22401010,1610612766,19.0,4.0,14.0,3.0,14.0,8.0,3.0,3.0
1629610,22401010,1610612766,14.0,0.0,4.0,0.0,7.0,4.0,4.0,3.0
1630163,22401010,1610612766,25.0,8.0,5.0,0.0,23.0,10.0,0.0,0.0
203552,22401010,1610612766,4.0,3.0,1.0,0.0,3.0,2.0,0.0,0.0
1631111,22401010,1610612766,2.0,2.0,1.0,0.0,2.0,1.0,0.0,0.0
203994,22401010,1610612766,9.0,0.0,7.0,0.0,3.0,3.0,2.0,1.0
1641733,22401010,1610612766,13.0,3.0,4.0,0.0,10.0,4.0,3.0,3.0
1631217,22401010,1610612766,7.0,0.0,5.0,0.0,3.0,2.0,4.0,3.0
201959,22401010,1610612766,2.0,0.0,1.0,0.0,1.0,1.0,0.0,0.0
1628398,22400996,1610612749,20.0,5.0,5.0,0.0,16.0,9.0,5.0,2.0
203507,22400996,1610612749,28.0,4.0,7.0,1.0,15.0,9.0,12.0,10.0
201572,22400996,1610612749,11.0,0.0,7.0,2.0,8.0,4.0,2.0,2.0
1627752,22400996,1610612749,6.0,1.0,2.0,0.0,5.0,2.0,2.0,2.0
1631157,22400996,1610612749,10.0,4.0,5.0,1.0,11.0,3.0,2.0,2.0
1629018,22400996,1610612749,23.0,3.0,3.0,0.0,10.0,6.0,5.0,5.0
1629645,22400996,1610612749,3.0,1.0,4.0,0.0,5.0,1.0,2.0,1.0
1631260,22400996,1610612749,6.0,2.0,3.0,0.0,5.0,2.0,0.0,0.0
1631250,22400996,1610612749,2.0,0.0,0.0,0.0,3.0,1.0,0.0,0.0
1626192,22400996,1610612749,2.0,3.0,2.0,0.0,3.0,1.0,0.0,0.0
1641748,22400996,1610612749,3.0,1.0,2.0,0.0,1.0,1.0,2.0,1.0
1641753,22400996,1610612749,4.0,0.0,1.0,0.0,1.0,1.0,2.0,2.0
1641890,22400996,1610612749,0.0,0.0,0.0,0.0,1.0,0.0,0.0,0.0
1642261,22400996,1610612747,17.0,3.0,4.0,0.0,14.0,5.0,5.0,4.0
202693,22400996,1610612747,9.0,2.0,4.0,1.0,11.0,3.0,2.0,2.0
1629637,22400996,1610612747,9.0,3.0,5.0,0.0,5.0,4.0,2.0,1.0
1630692,22400996,1610612747,8.0,5.0,8.0,2.0,8.0,3.0,0.0,0.0
1629216,22400996,1610612747,9.0,4.0,2.0,0.0,12.0,3.0,2.0,1.0
1629003,22400996,1610612747,4.0,3.0,6.0,0.0,6.0,2.0,0.0,0.0
1641998,22400996,1610612747,4.0,0.0,5.0,0.0,3.0,2.0,0.0,0.0
1642355,22400996,1610612747,17.0,5.0,3.0,1.0,10.0,7.0,1.0,1.0
1629629,22400996,1610612747,2.0,0.0,4.0,0.0,6.0,1.0,0.0,0.0
203458,22400996,1610612747,10.0,1.0,9.0,0.0,7.0,4.0,4.0,1.0
1629627,22401001,1610612740,29.0,8.0,5.0,0.0,16.0,12.0,9.0,5.0
203482,22401001,1610612740,13.0,0.0,4.0,1.0,8.0,6.0,0.0,0.0
1642274,22401001,1610612740,13.0,2.0,7.0,3.0,12.0,6.0,4.0,1.0
203468,22401001,1610612740,18.0,3.0,6.0,0.0,18.0,7.0,2.0,1.0
1630631,22401001,1610612740,8.0,6.0,3.0,0.0,5.0,3.0,0.0,0.0
1628971,22401001,1610612740,15.0,6.0,7.0,0.0,11.0,5.0,2.0,1.0
1631255,22401001,1610612740,5.0,2.0,1.0,1.0,4.0,2.0,1.0,1.0
1641722,22401001,1610612740,13.0,1.0,6.0,1.0,10.0,4.0,4.0,3.0
1630526,22401001,1610612740,5.0,0.0,7.0,0.0,5.0,2.0,0.0,0.0
1630183,22401001,1610612750,5.0,4.0,0.0,2.0,4.0,2.0,0.0,0.0
203944,22401001,1610612750,17.0,3.0,3.0,1.0,10.0,7.0,2.0,1.0
203497,22401001,1610612750,10.0,1.0,9.0,1.0,4.0,3.0,6.0,4.0
1630162,22401001,1610612750,29.0,4.0,6.0,1.0,19.0,5.0,17.0,15.0
201144,22401001,1610612750,16.0,2.0,2.0,0.0,8.0,6.0,0.0,0.0
1629675,22401001,1610612750,9.0,4.0,7.0,1.0,11.0,3.0,2.0,1.0
1628978,22401001,1610612750,11.0,1.0,7.0,0.0,9.0,4.0,2.0,1.0
1629638,22401001,1610612750,9.0,2.0,4.0,0.0,7.0,1.0,7.0,7.0
1641740,22401001,1610612750,9.0,0.0,2.0,0.0,5.0,4.0,0.0,0.0
1630545,22401001,1610612750,0.0,0.0,0.0,0.0,0.0,0.0,0.0,0.0
1629023,22400998,1610612742,26.0,0.0,5.0,0.0,18.0,9.0,10.0,6.0
1630556,22400998,1610612742,9.0,1.0,2.0,0.0,5.0,3.0,0.0,0.0
1630539,22400998,1610612742,18.0,1.0,11.0,0.0,9.0,8.0,2.0,2.0
1630230,22400998,1610612742,20.0,3.0,9.0,0.0,15.0,8.0,7.0,4.0
203915,22400998,1610612742,17.0,12.0,3.0,0.0,16.0,6.0,3.0,3.0
1631108,22400998,1610612742,17.0,1.0,8.0,0.0,11.0,6.0,4.0,4.0
203939,22400998,1610612742,0.0,3.0,1.0,0.0,1.0,0.0,0.0,0.0
1630702,22400998,1610612742,24.0,2.0,2.0,0.0,13.0,8.0,6.0,5.0
1630174,22400998,1610612754,18.0,2.0,5.0,0.0,9.0,6.0,3.0,3.0
1627783,22400998,1610612754,29.0,5.0,1.0,1.0,16.0,11.0,5.0,4.0
1626167,22400998,1610612754,9.0,2.0,6.0,3.0,6.0,3.0,4.0,3.0
1631097,22400998,1610612754,23.0,1.0,7.0,0.0,12.0,6.0,12.0,10.0
1629614,22400998,1610612754,22.0,8.0,3.0,1.0,14.0,7.0,9.0,6.0
1630167,22400998,1610612754,13.0,2.0,4.0,0.0,6.0,4.0,2.0,2.0
1641767,22400998,1610612754,5.0,1.0,6.0,0.0,6.0,2.0,2.0,1.0
1628418,22400998,1610612754,7.0,0.0,3.0,0.0,4.0,3.0,0.0,0.0
204456,22400998,1610612754,3.0,8.0,2.0,0.0,6.0,1.0,0.0,0.0
1641716,22400998,1610612754,3.0,0.0,1.0,0.0,2.0,1.0,0.0,0.0
1628396,22400998,1610612754,3.0,0.0,0.0,0.0,1.0,1.0,0.0,0.0
1628415,22400999,1610612745,15.0,3.0,3.0,0.0,10.0,5.0,2.0,2.0
1631106,22400999,1610612745,16.0,4.0,9.0,1.0,10.0,7.0,2.0,2.0
1630578,22400999,1610612745,22.0,4.0,12.0,0.0,18.0,9.0,3.0,3.0
1630224,22400999,1610612745,26.0,2.0,7.0,0.0,18.0,8.0,10.0,7.0
1627832,22400999,1610612745,19.0,3.0,6.0,0.0,15.0,4.0,8.0,8.0
1631095,22400999,1610612745,13.0,2.0,3.0,2.0,6.0,4.0,4.0,4.0
203500,22400999,1610612745,3.0,0.0,6.0,1.0,2.0,1.0,1.0,1.0
201145,22400999,1610612745,2.0,0.0,0.0,0.0,0.0,0.0,2.0,2.0
1628988,22400999,1610612745,0.0,0.0,0.0,1.0,2.0,0.0,0.0,0.0
1630532,22400999,1610612753,20.0,7.0,8.0,0.0,19.0,8.0,2.0,2.0
1631094,22400999,1610612753,31.0,5.0,6.0,0.0,21.0,10.0,8.0,8.0
1628976,22400999,1610612753,4.0,0.0,6.0,1.0,4.0,1.0,2.0,2.0
203484,22400999,1610612753,10.0,4.0,2.0,0.0,12.0,4.0,0.0,0.0
202709,22400999,1610612753,13.0,2.0,1.0,0.0,9.0,5.0,1.0,1.0
1628371,22400999,1610612753,2.0,0.0,3.0,1.0,6.0,1.0,0.0,0.0
1641710,22400999,1610612753,7.0,3.0,4.0,1.0,7.0,3.0,1.0,1.0
1629048,22400999,1610612753,19.0,0.0,8.0,1.0,10.0,8.0,6.0,3.0
1641783,22400999,1610612753,2.0,2.0,2.0,0.0,3.0,1.0,0.0,0.0
203914,22400999,1610612753,0.0,0.0,1.0,0.0,1.0,0.0,0.0,0.0
1631216,22400999,1610612753,0.0,0.0,0.0,0.0,0.0,0.0,0.0,0.0
1629052,22401002,1610612755,0.0,1.0,6.0,0.0,4.0,0.0,0.0,0.0
1642348,22401002,1610612755,19.0,2.0,2.0,1.0,14.0,7.0,2.0,2.0
1627824,22401002,1610612755,11.0,2.0,4.0,0.0,9.0,4.0,0.0,0.0
1629656,22401002,1610612755,28.0,5.0,2.0,0.0,21.0,10.0,6.0,5.0
1630215,22401002,1610612755,7.0,4.0,2.0,0.0,13.0,3.0,0.0,0.0
1641741,22401002,1610612755,4.0,3.0,4.0,0.0,11.0,1.0,4.0,2.0
1641720,22401002,1610612755,6.0,5.0,1.0,1.0,9.0,2.0,2.0,1.0
1629643,22401002,1610612755,14.0,2.0,15.0,1.0,6.0,5.0,0.0,0.0
1642024,22401002,1610612755,11.0,0.0,5.0,0.0,8.0,3.0,2.0,2.0
1641794,22401002,1610612760,11.0,5.0,5.0,0.0,7.0,3.0,4.0,3.0
1631119,22401002,1610612760,19.0,11.0,17.0,0.0,11.0,7.0,2.0,2.0
1631096,22401002,1610612760,19.0,1.0,7.0,1.0,11.0,6.0,6.0,5.0
1630198,22401002,1610612760,21.0,5.0,3.0,0.0,13.0,7.0,2.0,2.0
1630598,22401002,1610612760,26.0,6.0,4.0,0.0,18.0,10.0,3.0,2.0
1629026,22401002,1610612760,13.0,1.0,5.0,1.0,9.0,5.0,0.0,0.0
1642382,22401002,1610612760,16.0,2.0,6.0,2.0,10.0,6.0,3.0,1.0
1641745,22401002,1610612760,5.0,4.0,4.0,1.0,9.0,2.0,0.0,0.0
1642505,22401002,1610612760,3.0,1.0,4.0,0.0,2.0,1.0,0.0,0.0
1629008,22401006,1610612743,12.0,1.0,4.0,0.0,10.0,5.0,1.0,1.0
1631212,22401006,1610612743,12.0,2.0,2.0,1.0,8.0,5.0,4.0,1.0
203932,22401006,1610612743,26.0,0.0,11.0,0.0,14.0,9.0,4.0,3.0
1631128,22401006,1610612743,10.0,3.0,4.0,0.0,6.0,4.0,4.0,2.0
201566,22401006,1610612743,12.0,9.0,4.0,0.0,14.0,4.0,5.0,3.0
1642461,22401006,1610612743,9.0,0.0,3.0,1.0,8.0,4.0,1.0,1.0
1628427,22401006,1610612743,2.0,3.0,8.0,0.0,4.0,1.0,0.0,0.0
1630192,22401006,1610612743,0.0,0.0,2.0,0.0,6.0,0.0,0.0,0.0
1629618,22401006,1610612743,14.0,5.0,4.0,0.0,9.0,5.0,0.0,0.0
1641816,22401006,1610612743,6.0,1.0,1.0,0.0,6.0,2.0,2.0,2.0
1641790,22401006,1610612743,5.0,1.0,2.0,2.0,2.0,2.0,0.0,0.0
1630692,22401006,1610612747,8.0,3.0,3.0,0.0,7.0,2.0,4.0,4.0
1627827,22401006,1610612747,14.0,4.0,4.0,0.0,7.0,5.0,2.0,1.0
1629637,22401006,1610612747,6.0,0.0,7.0,1.0,4.0,3.0,2.0,0.0
1630559,22401006,1610612747,22.0,8.0,5.0,1.0,16.0,8.0,4.0,4.0
1629029,22401006,1610612747,31.0,7.0,8.0,1.0,21.0,10.0,10.0,7.0
1629216,22401006,1610612747,12.0,1.0,0.0,0.0,6.0,4.0,0.0,0.0
1629020,22401006,1610612747,10.0,1.0,2.0,0.0,6.0,4.0,2.0,2.0
1642261,22401006,1610612747,12.0,1.0,3.0,0.0,10.0,4.0,2.0,1.0
1631132,22401006,1610612747,4.0,0.0,5.0,0.0,2.0,2.0,0.0,0.0
1629003,22401006,1610612747,1.0,0.0,1.0,0.0,4.0,0.0,2.0,1.0
1642355,22401006,1610612747,0.0,0.0,0.0,0.0,0.0,0.0,0.0,0.0
1642377,22401008,1610612763,2.0,0.0,1.0,0.0,7.0,1.0,0.0,0.0
1628991,22401008,1610612763,14.0,2.0,5.0,0.0,18.0,5.0,2.0,2.0
1641744,22401008,1610612763,6.0,2.0,3.0,0.0,4.0,2.0,2.0,2.0
1630217,22401008,1610612763,20.0,4.0,7.0,0.0,16.0,7.0,5.0,4.0
1628379,22401008,1610612763,6.0,3.0,3.0,0.0,7.0,3.0,0.0,0.0
1630590,22401008,1610612763,18.0,4.0,6.0,0.0,17.0,7.0,5.0,4.0
1629634,22401008,1610612763,0.0,0.0,1.0,0.0,1.0,0.0,0.0,0.0
1630583,22401008,1610612763,16.0,1.0,5.0,0.0,10.0,6.0,3.0,2.0
1631246,22401008,1610612763,4.0,3.0,2.0,1.0,4.0,2.0,0.0,0.0
1629723,22401008,1610612763,3.0,2.0,3.0,1.0,3.0,1.0,0.0,0.0
1630643,22401008,1610612763,8.0,2.0,3.0,2.0,4.0,2.0,4.0,3.0
1642285,22401008,1610612763,0.0,0.0,0.0,0.0,0.0,0.0,0.0,0.0
1628963,22401008,1610612763,2.0,0.0,1.0,0.0,1.0,1.0,0.0,0.0
1630166,22401008,1610612757,31.0,8.0,16.0,2.0,18.0,9.0,9.0,8.0
1641739,22401008,1610612757,15.0,3.0,2.0,0.0,11.0,6.0,2.0,0.0
1642270,22401008,1610612757,7.0,0.0,11.0,3.0,4.0,2.0,2.0,2.0
1631101,22401008,1610612757,17.0,5.0,7.0,0.0,13.0,6.0,2.0,2.0
1629014,22401008,1610612757,22.0,3.0,5.0,0.0,24.0,8.0,4.0,4.0
1630703,22401008,1610612757,5.0,5.0,3.0,0.0,10.0,2.0,0.0,0.0
1641871,22401008,1610612757,13.0,0.0,9.0,1.0,9.0,5.0,0.0,0.0
1631200,22401008,1610612757,2.0,0.0,4.0,0.0,3.0,1.0,0.0,0.0
1629680,22401008,1610612757,3.0,1.0,6.0,0.0,3.0,1.0,2.0,1.0
1630625,22401008,1610612757,0.0,0.0,0.0,0.0,0.0,0.0,0.0,0.0
1631303,22401008,1610612757,0.0,0.0,1.0,0.0,0.0,0.0,0.0,0.0
1631121,22401008,1610612757,0.0,0.0,1.0,0.0,1.0,0.0,0.0,0.0
1641712,22401008,1610612757,0.0,0.0,0.0,0.0,0.0,0.0,0.0,0.0
1629731,22401009,1610612739,12.0,1.0,7.0,0.0,8.0,4.0,0.0,0.0
1630596,22401009,1610612739,31.0,2.0,10.0,0.0,18.0,13.0,1.0,1.0
1628386,22401009,1610612739,10.0,2.0,5.0,0.0,5.0,4.0,4.0,2.0
1629622,22401009,1610612739,12.0,2.0,4.0,0.0,10.0,5.0,2.0,1.0
1628378,22401009,1610612739,26.0,4.0,5.0,0.0,17.0,8.0,9.0,9.0
1629631,22401009,1610612739,8.0,3.0,4.0,0.0,8.0,3.0,0.0,0.0
1629660,22401009,1610612739,14.0,6.0,1.0,0.0,15.0,7.0,0.0,0.0
1630241,22401009,1610612739,0.0,4.0,1.0,0.0,0.0,0.0,0.0,0.0
1630171,22401009,1610612739,5.0,0.0,0.0,1.0,3.0,2.0,0.0,0.0
1641854,22401009,1610612739,1.0,0.0,0.0,0.0,0.0,0.0,2.0,1.0
201942,22401009,1610612758,27.0,4.0,1.0,0.0,19.0,10.0,6.0,5.0
1631099,22401009,1610612758,13.0,3.0,4.0,0.0,11.0,5.0,0.0,0.0
202685,22401009,1610612758,12.0,2.0,13.0,0.0,11.0,5.0,2.0,2.0
1631165,22401009,1610612758,13.0,2.0,4.0,0.0,5.0,4.0,2.0,2.0
1628370,22401009,1610612758,22.0,8.0,6.0,1.0,18.0,8.0,2.0,2.0
1642269,22401009,1610612758,16.0,3.0,5.0,0.0,11.0,6.0,2.0,2.0
1626168,22401009,1610612758,13.0,5.0,7.0,0.0,9.0,5.0,2.0,2.0
1628365,22401009,1610612758,5.0,1.0,0.0,0.0,6.0,2.0,0.0,0.0
1642403,22401009,1610612758,2.0,0.0,1.0,0.0,1.0,1.0,0.0,0.0
1641709,22401000,1610612765,14.0,1.0,6.0,1.0,10.0,7.0,0.0,0.0
202699,22401000,1610612765,13.0,2.0,5.0,4.0,9.0,6.0,2.0,1.0
1631105,22401000,1610612765,15.0,1.0,11.0,0.0,9.0,6.0,4.0,3.0
203501,22401000,1610612765,10.0,1.0,2.0,1.0,8.0,3.0,3.0,3.0
1630595,22401000,1610612765,25.0,11.0,12.0,2.0,25.0,11.0,0.0,0.0
1630191,22401000,1610612765,6.0,2.0,6.0,0.0,4.0,3.0,0.0,0.0
1627736,22401000,1610612765,16.0,3.0,1.0,0.0,11.0,5.0,2.0,1.0
203471,22401000,1610612765,8.0,3.0,1.0,1.0,8.0,1.0,6.0,6.0
1631323,22401000,1610612765,2.0,0.0,2.0,0.0,3.0,1.0,0.0,0.0
1641842,22401000,1610612765,7.0,1.0,1.0,1.0,4.0,3.0,1.0,1.0
1631170,22401000,1610612748,7.0,2.0,4.0,0.0,10.0,3.0,2.0,1.0
1628389,22401000,1610612748,30.0,8.0,9.0,1.0,24.0,12.0,4.0,4.0
1642276,22401000,1610612748,14.0,0.0,12.0,3.0,10.0,7.0,0.0,0.0
1629130,22401000,1610612748,14.0,1.0,1.0,0.0,10.0,5.0,2.0,1.0
1629639,22401000,1610612748,29.0,3.0,4.0,0.0,20.0,10.0,6.0,6.0
1630558,22401000,1610612748,12.0,4.0,1.0,0.0,6.0,5.0,3.0,2.0
1629312,22401000,1610612748,3.0,3.0,3.0,1.0,4.0,1.0,0.0,0.0
202692,22401000,1610612748,4.0,2.0,3.0,0.0,4.0,1.0,1.0,1.0
1641796,22401000,1610612748,0.0,1.0,0.0,0.0,2.0,0.0,0.0,0.0
1628384,22401003,1610612752,14.0,1.0,5.0,2.0,15.0,5.0,3.0,2.0
1628404,22401003,1610612752,2.0,7.0,7.0,2.0,4.0,1.0,0.0,0.0
1626157,22401003,1610612752,32.0,2.0,9.0,0.0,21.0,11.0,9.0,8.0
1628969,22401003,1610612752,14.0,7.0,5.0,0.0,13.0,5.0,3.0,3.0
1630540,22401003,1610612752,11.0,5.0,3.0,0.0,14.0,4.0,0.0,0.0
1629011,22401003,1610612752,13.0,0.0,11.0,2.0,6.0,5.0,6.0,3.0
1629013,22401003,1610612752,2.0,0.0,2.0,0.0,6.0,1.0,0.0,0.0
1626166,22401003,1610612752,11.0,4.0,0.0,1.0,9.0,4.0,0.0,0.0
1630173,22401003,1610612752,4.0,0.0,2.0,0.0,3.0,2.0,0.0,0.0
200782,22401003,1610612752,0.0,0.0,0.0,0.0,0.0,0.0,0.0,0.0
1642278,22401003,1610612752,2.0,1.0,0.0,0.0,1.0,1.0,0.0,0.0
1626153,22401003,1610612752,0.0,1.0,0.0,0.0,0.0,0.0,0.0,0.0
1641817,22401003,1610612752,0.0,0.0,0.0,0.0,0.0,0.0,0.0,0.0
1630170,22401003,1610612759,10.0,3.0,4.0,4.0,9.0,3.0,4.0,3.0
203084,22401003,1610612759,11.0,1.0,4.0,1.0,8.0,4.0,2.0,1.0
1631110,22401003,1610612759,10.0,3.0,6.0,0.0,14.0,5.0,0.0,0.0
1642264,22401003,1610612759,22.0,3.0,3.0,1.0,16.0,8.0,6.0,4.0
101108,22401003,1610612759,12.0,9.0,6.0,1.0,8.0,5.0,0.0,0.0
1629640,22401003,1610612759,6.0,1.0,10.0,0.0,9.0,2.0,2.0,1.0
202687,22401003,1610612759,4.0,0.0,4.0,0.0,3.0,2.0,0.0,0.0
1630577,22401003,1610612759,5.0,2.0,4.0,0.0,4.0,1.0,2.0,2.0
1631104,22401003,1610612759,6.0,3.0,2.0,0.0,5.0,2.0,3.0,2.0
1630572,22401003,1610612759,34.0,3.0,9.0,0.0,14.0,13.0,1.0,1.0
1628989,22401007,1610612741,15.0,4.0,2.0,1.0,11.0,6.0,0.0,0.0
1641824,22401007,1610612741,5.0,1.0,0.0,0.0,6.0,1.0,3.0,3.0
202696,22401007,1610612741,24.0,2.0,6.0,3.0,17.0,10.0,2.0,0.0
1629632,22401007,1610612741,24.0,5.0,6.0,0.0,18.0,9.0,4.0,3.0
1630200,22401007,1610612741,12.0,9.0,6.0,1.0,7.0,5.0,2.0,2.0
1630581,22401007,1610612741,22.0,7.0,7.0,1.0,15.0,10.0,0.0,0.0
1641763,22401007,1610612741,6.0,0.0,2.0,0.0,4.0,2.0,0.0,0.0
1630172,22401007,1610612741,5.0,0.0,2.0,1.0,5.0,2.0,1.0,0.0
1628380,22401007,1610612741,8.0,1.0,7.0,1.0,6.0,4.0,0.0,0.0
1631207,22401007,1610612741,0.0,0.0,2.0,0.0,1.0,0.0,0.0,0.0
1642346,22401007,1610612756,16.0,0.0,5.0,1.0,11.0,7.0,1.0,0.0
201142,22401007,1610612756,26.0,8.0,4.0,0.0,15.0,8.0,8.0,7.0
1630208,22401007,1610612756,18.0,2.0,9.0,3.0,16.0,8.0,2.0,2.0
1626164,22401007,1610612756,41.0,7.0,4.0,0.0,26.0,14.0,7.0,7.0
1631221,22401007,1610612756,4.0,7.0,5.0,0.0,6.0,1.0,2.0,2.0
1626220,22401007,1610612756,5.0,5.0,10.0,1.0,7.0,2.0,0.0,0.0
1626145,22401007,1610612756,6.0,2.0,1.0,0.0,7.0,2.0,0.0,0.0
1642345,22401007,1610612756,4.0,3.0,6.0,0.0,2.0,2.0,0.0,0.0
1628998,22401007,1610612756,7.0,0.0,2.0,1.0,6.0,3.0,0.0,0.0
1642267,22400627,1610612764,6.0,4.0,5.0,1.0,5.0,3.0,0.0,0.0
1641774,22400627,1610612764,17.0,0.0,5.0,2.0,11.0,8.0,2.0,0.0
1642259,22400627,1610612764,22.0,2.0,9.0,0.0,14.0,7.0,4.0,4.0
1642358,22400627,1610612764,12.0,6.0,1.0,0.0,10.0,5.0,1.0,1.0
1629673,22400627,1610612764,2.0,5.0,2.0,0.0,11.0,1.0,0.0,0.0
1630550,22400627,1610612764,8.0,3.0,3.0,0.0,8.0,3.0,2.0,2.0
1641798,22400627,1610612764,11.0,1.0,7.0,0.0,11.0,4.0,2.0,2.0
1641732,22400627,1610612764,24.0,3.0,4.0,0.0,11.0,9.0,3.0,2.0
1630264,22400627,1610612764,10.0,2.0,1.0,0.0,6.0,3.0,4.0,3.0
203935,22400627,1610612764,0.0,4.0,0.0,1.0,6.0,0.0,0.0,0.0
1642262,22400627,1610612762,2.0,1.0,1.0,0.0,7.0,1.0,0.0,0.0
1642271,22400627,1610612762,21.0,2.0,4.0,0.0,11.0,8.0,4.0,1.0
1631117,22400627,1610612762,7.0,2.0,5.0,1.0,8.0,3.0,0.0,0.0
1629012,22400627,1610612762,18.0,5.0,3.0,0.0,8.0,7.0,4.0,2.0
1642268,22400627,1610612762,16.0,6.0,3.0,0.0,10.0,7.0,0.0,0.0
1631131,22400627,1610612762,4.0,2.0,10.0,0.0,3.0,1.0,2.0,2.0
1630695,22400627,1610612762,0.0,1.0,3.0,0.0,1.0,0.0,0.0,0.0
1641718,22400627,1610612762,20.0,4.0,4.0,0.0,12.0,7.0,4.0,3.0
203903,22400627,1610612762,14.0,4.0,3.0,0.0,11.0,5.0,4.0,3.0
1641729,22400627,1610612762,17.0,1.0,0.0,0.0,11.0,7.0,0.0,0.0
1630548,22400627,1610612762,9.0,2.0,6.0,0.0,7.0,4.0,0.0,0.0
1642258,22400993,1610612737,21.0,2.0,8.0,1.0,15.0,7.0,2.0,2.0
1631243,22400993,1610612737,4.0,1.0,3.0,0.0,6.0,1.0,2.0,1.0
1630168,22400993,1610612737,15.0,3.0,10.0,0.0,10.0,5.0,2.0,2.0
1630700,22400993,1610612737,22.0,7.0,7.0,1.0,12.0,10.0,3.0,1.0
1629027,22400993,1610612737,31.0,8.0,2.0,0.0,20.0,11.0,4.0,4.0
1630249,22400993,1610612737,5.0,2.0,4.0,1.0,4.0,1.0,2.0,2.0
1629611,22400993,1610612737,12.0,2.0,4.0,1.0,8.0,5.0,0.0,0.0
1627777,22400993,1610612737,6.0,0.0,0.0,1.0,4.0,2.0,0.0,0.0
1631230,22400993,1610612737,12.0,1.0,6.0,2.0,11.0,6.0,0.0,0.0
1629726,22400993,1610612737,6.0,1.0,2.0,1.0,3.0,2.0,0.0,0.0
1630182,22400993,1610612766,2.0,3.0,2.0,0.0,6.0,1.0,0.0,0.0
1629610,22400993,1610612766,19.0,1.0,5.0,2.0,12.0,8.0,0.0,0.0
1631109,22400993,1610612766,4.0,5.0,5.0,2.0,3.0,1.0,2.0,2.0
203552,22400993,1610612766,19.0,1.0,0.0,0.0,11.0,6.0,3.0,3.0
1641878,22400993,1610612766,11.0,5.0,9.0,0.0,11.0,4.0,2.0,2.0
1641733,22400993,1610612766,11.0,4.0,5.0,0.0,13.0,4.0,4.0,3.0
1630585,22400993,1610612766,12.0,3.0,3.0,1.0,10.0,5.0,2.0,1.0
203994,22400993,1610612766,11.0,0.0,2.0,1.0,7.0,4.0,3.0,2.0
1631111,22400993,1610612766,11.0,3.0,6.0,0.0,8.0,4.0,5.0,3.0
1631217,22400993,1610612766,2.0,0.0,2.0,2.0,3.0,1.0,0.0,0.0
1628398,22401012,1610612749,22.0,2.0,2.0,0.0,16.0,7.0,3.0,3.0
203507,22401012,1610612749,20.0,7.0,9.0,2.0,16.0,5.0,15.0,10.0
201572,22401012,1610612749,16.0,1.0,4.0,0.0,10.0,7.0,0.0,0.0
1627752,22401012,1610612749,6.0,1.0,8.0,0.0,4.0,2.0,0.0,0.0
203081,22401012,1610612749,16.0,4.0,3.0,1.0,18.0,6.0,4.0,2.0
1629645,22401012,1610612749,2.0,2.0,5.0,0.0,4.0,1.0,0.0,0.0
1629018,22401012,1610612749,10.0,0.0,1.0,1.0,9.0,3.0,3.0,3.0
1631260,22401012,1610612749,1.0,0.0,2.0,0.0,2.0,0.0,2.0,1.0
1631157,22401012,1610612749,0.0,2.0,0.0,0.0,0.0,0.0,0.0,0.0
202710,22401012,1610612744,24.0,10.0,8.0,0.0,13.0,6.0,11.0,11.0
203110,22401012,1610612744,3.0,4.0,10.0,4.0,6.0,1.0,2.0,1.0
1642366,22401012,1610612744,14.0,3.0,4.0,0.0,10.0,5.0,0.0,0.0
1630541,22401012,1610612744,7.0,3.0,7.0,0.0,9.0,2.0,2.0,2.0
1641764,22401012,1610612744,17.0,1.0,7.0,0.0,10.0,6.0,2.0,1.0
1630611,22401012,1610612744,3.0,1.0,4.0,0.0,1.0,1.0,0.0,0.0
1630228,22401012,1610612744,10.0,2.0,2.0,0.0,10.0,2.0,6.0,6.0
1627741,22401012,1610612744,15.0,0.0,6.0,0.0,7.0,5.0,1.0,1.0
1627780,22401012,1610612744,8.0,1.0,0.0,0.0,7.0,3.0,0.0,0.0
1626172,22401012,1610612744,0.0,0.0,1.0,2.0,1.0,0.0,0.0,0.0
1630311,22401012,1610612744,2.0,0.0,2.0,0.0,2.0,1.0,0.0,0.0
1631218,22401012,1610612744,1.0,0.0,1.0,0.0,1.0,0.0,2.0,1.0
1629661,22400994,1610612751,11.0,4.0,2.0,1.0,9.0,4.0,3.0,2.0
1630533,22400994,1610612751,15.0,0.0,4.0,0.0,11.0,5.0,2.0,2.0
1629651,22400994,1610612751,6.0,2.0,9.0,0.0,6.0,3.0,0.0,0.0
1630553,22400994,1610612751,13.0,1.0,3.0,0.0,12.0,5.0,0.0,0.0
1626156,22400994,1610612751,18.0,7.0,5.0,0.0,18.0,6.0,3.0,2.0
1631213,22400994,1610612751,9.0,1.0,3.0,0.0,5.0,3.0,2.0,2.0
1630549,22400994,1610612751,9.0,1.0,7.0,1.0,6.0,4.0,0.0,0.0
1641721,22400994,1610612751,3.0,0.0,4.0,0.0,4.0,1.0,2.0,1.0
1641730,22400994,1610612751,1.0,1.0,2.0,0.0,5.0,0.0,2.0,1.0
1630570,22400994,1610612751,11.0,4.0,0.0,0.0,9.0,5.0,3.0,1.0
1630592,22400994,1610612751,0.0,0.0,0.0,0.0,3.0,0.0,0.0,0.0
1630573,22400994,1610612738,8.0,0.0,7.0,0.0,8.0,3.0,0.0,0.0
201143,22400994,1610612738,4.0,6.0,5.0,0.0,5.0,1.0,2.0,1.0
204001,22400994,1610612738,25.0,3.0,13.0,3.0,13.0,9.0,8.0,6.0
1628401,22400994,1610612738,18.0,4.0,5.0,1.0,19.0,6.0,3.0,3.0
201950,22400994,1610612738,12.0,8.0,6.0,1.0,14.0,5.0,2.0,2.0
1630202,22400994,1610612738,10.0,2.0,4.0,0.0,9.0,3.0,1.0,1.0
1628436,22400994,1610612738,1.0,0.0,1.0,0.0,0.0,0.0,2.0,1.0
1631248,22400994,1610612738,20.0,1.0,3.0,0.0,8.0,7.0,0.0,0.0
1628470,22400994,1610612738,2.0,0.0,2.0,0.0,2.0,0.0,2.0,2.0
1629674,22400994,1610612738,4.0,0.0,2.0,0.0,1.0,1.0,2.0,2.0
1629622,22400997,1610612739,24.0,1.0,4.0,0.0,12.0,8.0,3.0,3.0
1630596,22400997,1610612739,17.0,1.0,3.0,0.0,12.0,7.0,6.0,3.0
1628386,22400997,1610612739,8.0,1.0,8.0,0.0,7.0,4.0,2.0,0.0
1628378,22400997,1610612739,18.0,11.0,4.0,0.0,18.0,5.0,6.0,6.0
1629636,22400997,1610612739,17.0,8.0,5.0,0.0,14.0,6.0,3.0,3.0
1629660,22400997,1610612739,10.0,4.0,0.0,0.0,9.0,4.0,5.0,2.0
1629631,22400997,1610612739,17.0,0.0,1.0,0.0,10.0,7.0,1.0,0.0
1630241,22400997,1610612739,3.0,0.0,1.0,0.0,3.0,1.0,0.0,0.0
1629731,22400997,1610612739,2.0,1.0,3.0,0.0,1.0,1.0,0.0,0.0
1630171,22400997,1610612739,3.0,2.0,0.0,0.0,4.0,1.0,0.0,0.0
1642281,22400997,1610612739,0.0,0.0,0.0,0.0,0.0,0.0,0.0,0.0
1641854,22400997,1610612739,0.0,0.0,0.0,0.0,0.0,0.0,0.0,0.0
1629750,22400997,1610612739,0.0,0.0,0.0,0.0,0.0,0.0,0.0,0.0
1626181,22400997,1610612746,11.0,1.0,1.0,0.0,6.0,3.0,4.0,4.0
202695,22400997,1610612746,33.0,4.0,7.0,0.0,19.0,12.0,4.0,4.0
1627826,22400997,1610612746,28.0,1.0,20.0,1.0,18.0,13.0,5.0,2.0
1627739,22400997,1610612746,2.0,0.0,1.0,1.0,2.0,0.0,2.0,2.0
201935,22400997,1610612746,22.0,9.0,4.0,1.0,18.0,5.0,11.0,10.0
203992,22400997,1610612746,20.0,7.0,4.0,0.0,8.0,8.0,0.0,0.0
1627884,22400997,1610612746,10.0,0.0,3.0,2.0,6.0,3.0,2.0,2.0
201587,22400997,1610612746,3.0,3.0,5.0,0.0,2.0,1.0,0.0,0.0
1627732,22400997,1610612746,0.0,2.0,2.0,0.0,1.0,0.0,0.0,0.0
1629599,22400997,1610612746,3.0,1.0,2.0,0.0,4.0,1.0,0.0,0.0
1641709,22400987,1610612765,9,3,4,2,4,3,4,3
202699,22400987,1610612765,9,0,6,0,8,3,4,3
1631105,22400987,1610612765,9,6,7,2,6,4,2,1
203501,22400987,1610612765,8,0,3,0,8,3,0,0
1630595,22400987,1610612765,24,8,4,0,16,10,4,3
1627736,22400987,1610612765,11,3,4,0,14,4,0,0
203471,22400987,1610612765,12,5,0,0,4,2,9,8
1630191,22400987,1610612765,6,1,5,2,3,3,0,0
1631323,22400987,1610612765,23,0,7,0,10,9,0,0
1641842,22400987,1610612765,10,3,2,1,4,3,6,4
1630194,22400987,1610612765,3,1,4,0,2,1,0,0
1631204,22400987,1610612765,3,1,2,0,3,1,0,0
1630322,22400987,1610612765,0,2,2,0,2,0,0,0
1629627,22400987,1610612740,30,3,6,2,18,9,15,12
203482,22400987,1610612740,9,3,3,1,6,3,2,2
1642274,22400987,1610612740,12,0,10,2,7,4,6,4
1630530,22400987,1610612740,0,0,0,0,0,0,0,0
203468,22400987,1610612740,3,5,4,0,15,1,5,1
1641722,22400987,1610612740,6,1,2,1,11,2,0,0
1630631,22400987,1610612740,3,4,1,0,10,1,1,0
1628971,22400987,1610612740,2,0,1,0,4,1,0,0
1631255,22400987,1610612740,7,0,7,0,4,3,1,1
1630526,22400987,1610612740,6,1,1,0,4,3,0,0
1641810,22400987,1610612740,3,0,0,0,6,1,0,0
1628964,22400987,1610612740,0,1,4,0,1,0,0,0
1642367,22400991,1610612761,2.0,2.0,6.0,0.0,7.0,1.0,0.0,0.0
1630567,22400991,1610612761,16.0,3.0,4.0,0.0,13.0,5.0,8.0,5.0
1630658,22400991,1610612761,10.0,0.0,6.0,2.0,4.0,3.0,6.0,4.0
1642419,22400991,1610612761,14.0,1.0,3.0,0.0,14.0,5.0,0.0,0.0
1630193,22400991,1610612761,15.0,7.0,7.0,0.0,14.0,5.0,4.0,3.0
1630639,22400991,1610612761,12.0,0.0,3.0,0.0,9.0,4.0,2.0,2.0
1642347,22400991,1610612761,3.0,4.0,1.0,0.0,8.0,1.0,1.0,1.0
1631115,22400991,1610612761,12.0,3.0,8.0,0.0,12.0,6.0,0.0,0.0
202066,22400991,1610612761,5.0,0.0,2.0,0.0,6.0,1.0,2.0,2.0
1642346,22400991,1610612756,17.0,0.0,6.0,1.0,16.0,7.0,0.0,0.0
201142,22400991,1610612756,14.0,3.0,3.0,0.0,7.0,5.0,3.0,3.0
1630208,22400991,1610612756,10.0,1.0,4.0,0.0,8.0,4.0,2.0,2.0
1626164,22400991,1610612756,27.0,6.0,4.0,0.0,15.0,8.0,8.0,8.0
1631221,22400991,1610612756,3.0,2.0,2.0,1.0,4.0,1.0,0.0,0.0
203486,22400991,1610612756,0.0,0.0,4.0,0.0,0.0,0.0,0.0,0.0
1626145,22400991,1610612756,15.0,4.0,3.0,0.0,12.0,5.0,1.0,1.0
1626220,22400991,1610612756,11.0,3.0,10.0,1.0,8.0,4.0,0.0,0.0
1628998,22400991,1610612756,2.0,6.0,5.0,0.0,6.0,1.0,0.0,0.0
1642345,22400991,1610612756,9.0,4.0,9.0,1.0,6.0,4.0,1.0,1.0
1631102,22400991,1610612756,3.0,3.0,0.0,0.0,2.0,1.0,0.0,0.0
1627814,22400991,1610612756,2.0,1.0,0.0,0.0,1.0,1.0,0.0,0.0
1628420,22400991,1610612756,12.0,0.0,1.0,0.0,5.0,4.0,0.0,0.0
203995,22400991,1610612756,0.0,0.0,2.0,0.0,0.0,0.0,0.0,0.0
1629626,22400991,1610612756,4.0,1.0,1.0,0.0,2.0,2.0,0.0,0.0
1630170,22400537,1610612759,17.0,2.0,8.0,1.0,13.0,6.0,2.0,2.0
203084,22400537,1610612759,7.0,3.0,2.0,0.0,6.0,3.0,0.0,0.0
202687,22400537,1610612759,4.0,1.0,4.0,0.0,3.0,2.0,0.0,0.0
1642264,22400537,1610612759,23.0,3.0,8.0,0.0,19.0,8.0,6.0,4.0
101108,22400537,1610612759,9.0,8.0,6.0,0.0,7.0,3.0,1.0,1.0
1629640,22400537,1610612759,11.0,2.0,4.0,2.0,10.0,4.0,3.0,3.0
1631110,22400537,1610612759,15.0,1.0,3.0,0.0,9.0,7.0,0.0,0.0
1630577,22400537,1610612759,6.0,5.0,4.0,1.0,8.0,2.0,0.0,0.0
1630572,22400537,1610612759,10.0,0.0,2.0,0.0,6.0,3.0,2.0,2.0
1631104,22400537,1610612759,7.0,5.0,3.0,1.0,7.0,3.0,0.0,0.0
1630692,22400537,1610612747,15.0,3.0,4.0,1.0,9.0,6.0,0.0,0.0
1627827,22400537,1610612747,15.0,1.0,3.0,0.0,12.0,5.0,2.0,1.0
1629637,22400537,1610612747,9.0,3.0,11.0,1.0,5.0,3.0,4.0,3.0
1630559,22400537,1610612747,30.0,6.0,7.0,0.0,21.0,12.0,1.0,1.0
1629029,22400537,1610612747,21.0,14.0,9.0,1.0,20.0,5.0,13.0,10.0
1629216,22400537,1610612747,11.0,1.0,2.0,0.0,6.0,4.0,0.0,0.0
1642261,22400537,1610612747,13.0,3.0,3.0,1.0,10.0,4.0,4.0,3.0
1631132,22400537,1610612747,4.0,1.0,2.0,0.0,2.0,2.0,0.0,0.0
1629020,22400537,1610612747,2.0,1.0,1.0,0.0,2.0,1.0,0.0,0.0
1629003,22400537,1610612747,2.0,1.0,0.0,0.0,1.0,1.0,0.0,0.0
1642355,22400537,1610612747,3.0,0.0,0.0,0.0,2.0,1.0,0.0,0.0
1642377,22400992,1610612763,14.0,2.0,4.0,0.0,11.0,4.0,3.0,3.0
1628991,22400992,1610612763,12.0,3.0,3.0,0.0,11.0,5.0,2.0,2.0
1641744,22400992,1610612763,12.0,1.0,8.0,4.0,11.0,6.0,0.0,0.0
1630217,22400992,1610612763,44.0,4.0,6.0,0.0,25.0,15.0,7.0,7.0
1628379,22400992,1610612763,8.0,8.0,2.0,0.0,11.0,4.0,0.0,0.0
1631246,22400992,1610612763,2.0,0.0,3.0,1.0,3.0,0.0,2.0,2.0
1629634,22400992,1610612763,15.0,3.0,8.0,1.0,8.0,6.0,3.0,3.0
1642285,22400992,1610612763,7.0,2.0,3.0,0.0,5.0,2.0,2.0,2.0
1630205,22400992,1610612763,0.0,0.0,1.0,0.0,2.0,0.0,0.0,0.0
1630643,22400992,1610612763,0.0,0.0,2.0,0.0,1.0,0.0,0.0,0.0
1629723,22400992,1610612763,8.0,1.0,8.0,1.0,2.0,2.0,2.0,2.0
201942,22400992,1610612758,22.0,8.0,6.0,1.0,19.0,7.0,7.0,5.0
1631099,22400992,1610612758,16.0,1.0,9.0,0.0,14.0,6.0,1.0,1.0
1627734,22400992,1610612758,6.0,4.0,1.0,0.0,4.0,3.0,1.0,0.0
203897,22400992,1610612758,23.0,6.0,2.0,0.0,11.0,7.0,5.0,4.0
1628370,22400992,1610612758,28.0,7.0,3.0,3.0,17.0,10.0,4.0,4.0
202685,22400992,1610612758,8.0,3.0,5.0,3.0,5.0,4.0,0.0,0.0
1631165,22400992,1610612758,9.0,3.0,0.0,0.0,6.0,3.0,0.0,0.0
1631222,22400992,1610612758,12.0,1.0,2.0,0.0,7.0,4.0,2.0,2.0
1642269,22400992,1610612758,2.0,2.0,1.0,0.0,1.0,0.0,6.0,2.0
1626168,22400992,1610612758,5.0,0.0,9.0,0.0,4.0,2.0,2.0,1.0
1642384,22400992,1610612758,1.0,0.0,0.0,0.0,0.0,0.0,2.0,1.0
1629312,22400984,1610612748,2.0,2.0,2.0,0.0,5.0,1.0,0.0,0.0
1631170,22400984,1610612748,6.0,7.0,11.0,2.0,8.0,3.0,0.0,0.0
1628389,22400984,1610612748,12.0,4.0,7.0,2.0,12.0,5.0,2.0,2.0
1629639,22400984,1610612748,20.0,1.0,3.0,0.0,18.0,10.0,0.0,0.0
1629130,22400984,1610612748,22.0,2.0,2.0,0.0,12.0,8.0,1.0,1.0
1630558,22400984,1610612748,12.0,5.0,4.0,1.0,10.0,3.0,6.0,6.0
1642276,22400984,1610612748,10.0,0.0,6.0,1.0,6.0,5.0,0.0,0.0
203937,22400984,1610612748,7.0,1.0,1.0,0.0,6.0,3.0,1.0,1.0
1626179,22400984,1610612748,0.0,1.0,0.0,0.0,3.0,0.0,0.0,0.0
1641796,22400984,1610612748,4.0,0.0,3.0,0.0,2.0,1.0,2.0,1.0
1628384,22400984,1610612752,9.0,2.0,1.0,2.0,13.0,3.0,2.0,2.0
1628404,22400984,1610612752,12.0,11.0,13.0,1.0,9.0,5.0,0.0,0.0
1626157,22400984,1610612752,23.0,3.0,7.0,1.0,17.0,10.0,0.0,0.0
1628969,22400984,1610612752,28.0,3.0,1.0,0.0,14.0,10.0,4.0,4.0
1630540,22400984,1610612752,10.0,3.0,2.0,0.0,12.0,4.0,0.0,0.0
1629011,22400984,1610612752,10.0,1.0,9.0,2.0,7.0,5.0,0.0,0.0
1629013,22400984,1610612752,9.0,0.0,3.0,0.0,9.0,3.0,0.0,0.0
1626166,22400984,1610612752,7.0,5.0,2.0,0.0,8.0,3.0,0.0,0.0
1630173,22400984,1610612752,4.0,0.0,3.0,0.0,3.0,2.0,0.0,0.0
1642359,22400984,1610612752,0.0,0.0,0.0,0.0,1.0,0.0,0.0,0.0
1642278,22400984,1610612752,2.0,1.0,0.0,0.0,1.0,1.0,0.0,0.0
1641817,22400984,1610612752,2.0,1.0,0.0,0.0,1.0,1.0,0.0,0.0
1630167,22400986,1610612754,34.0,2.0,10.0,1.0,19.0,12.0,4.0,3.0
1641716,22400986,1610612754,13.0,1.0,5.0,0.0,12.0,5.0,0.0,0.0
1628418,22400986,1610612754,10.0,0.0,7.0,2.0,12.0,4.0,1.0,1.0
1631097,22400986,1610612754,22.0,1.0,3.0,1.0,17.0,6.0,8.0,7.0
1629614,22400986,1610612754,12.0,3.0,2.0,0.0,8.0,5.0,2.0,1.0
1641767,22400986,1610612754,3.0,6.0,6.0,0.0,3.0,1.0,0.0,0.0
1628396,22400986,1610612754,12.0,2.0,9.0,2.0,8.0,6.0,0.0,0.0
1631245,22400986,1610612754,13.0,0.0,2.0,0.0,6.0,4.0,4.0,4.0
204456,22400986,1610612754,11.0,13.0,4.0,0.0,12.0,5.0,2.0,1.0
1642402,22400986,1610612754,2.0,0.0,0.0,0.0,0.0,0.0,2.0,2.0
1630183,22400986,1610612750,13.0,4.0,7.0,1.0,14.0,6.0,0.0,0.0
203944,22400986,1610612750,17.0,4.0,6.0,0.0,11.0,5.0,10.0,6.0
203497,22400986,1610612750,3.0,1.0,7.0,3.0,2.0,1.0,2.0,1.0
1630162,22400986,1610612750,38.0,5.0,3.0,2.0,24.0,9.0,20.0,19.0
201144,22400986,1610612750,9.0,5.0,3.0,0.0,3.0,2.0,4.0,3.0
1628978,22400986,1610612750,19.0,3.0,3.0,0.0,16.0,7.0,0.0,0.0
1629675,22400986,1610612750,21.0,0.0,4.0,1.0,16.0,9.0,0.0,0.0
1629638,22400986,1610612750,8.0,3.0,9.0,0.0,8.0,4.0,0.0,0.0
1641740,22400986,1610612750,2.0,0.0,2.0,0.0,3.0,1.0,0.0,0.0
1628989,22400989,1610612741,17.0,2.0,9.0,1.0,11.0,6.0,0.0,0.0
1641824,22400989,1610612741,17.0,2.0,9.0,1.0,13.0,7.0,0.0,0.0
202696,22400989,1610612741,10.0,4.0,10.0,1.0,15.0,3.0,2.0,2.0
1629632,22400989,1610612741,26.0,4.0,3.0,0.0,19.0,9.0,7.0,6.0
1630200,22400989,1610612741,18.0,12.0,4.0,0.0,10.0,8.0,1.0,1.0
1641763,22400989,1610612741,5.0,1.0,1.0,0.0,3.0,2.0,0.0,0.0
1630172,22400989,1610612741,5.0,2.0,6.0,0.0,10.0,2.0,2.0,1.0
1628380,22400989,1610612741,0.0,1.0,3.0,0.0,6.0,0.0,0.0,0.0
1631207,22400989,1610612741,12.0,1.0,3.0,0.0,7.0,5.0,2.0,2.0
1629659,22400989,1610612741,1.0,0.0,1.0,0.0,3.0,0.0,2.0,1.0
1628374,22400989,1610612762,16.0,1.0,2.0,1.0,16.0,7.0,1.0,1.0
1630695,22400989,1610612762,2.0,1.0,7.0,0.0,2.0,0.0,2.0,2.0
1631117,22400989,1610612762,7.0,1.0,12.0,3.0,11.0,3.0,1.0,1.0
1642262,22400989,1610612762,5.0,2.0,3.0,0.0,8.0,2.0,2.0,0.0
1642268,22400989,1610612762,8.0,8.0,6.0,0.0,10.0,3.0,2.0,2.0
1630548,22400989,1610612762,8.0,0.0,2.0,0.0,6.0,3.0,0.0,0.0
1641718,22400989,1610612762,16.0,2.0,2.0,0.0,7.0,4.0,7.0,7.0
203903,22400989,1610612762,14.0,3.0,3.0,0.0,10.0,5.0,5.0,3.0
1642271,22400989,1610612762,8.0,1.0,5.0,0.0,9.0,4.0,0.0,0.0
1641729,22400989,1610612762,13.0,1.0,6.0,0.0,7.0,4.0,2.0,2.0
1629008,22400990,1610612743,21.0,5.0,10.0,0.0,18.0,7.0,4.0,4.0
1631212,22400990,1610612743,13.0,1.0,5.0,4.0,8.0,5.0,6.0,2.0
203932,22400990,1610612743,38.0,3.0,6.0,0.0,23.0,14.0,6.0,6.0
1641816,22400990,1610612743,9.0,2.0,7.0,0.0,9.0,4.0,0.0,0.0
201566,22400990,1610612743,12.0,16.0,12.0,2.0,18.0,5.0,0.0,0.0
1630192,22400990,1610612743,7.0,0.0,3.0,0.0,2.0,2.0,2.0,2.0
1628427,22400990,1610612743,5.0,2.0,8.0,0.0,4.0,2.0,0.0,0.0
1629618,22400990,1610612743,3.0,2.0,1.0,0.0,6.0,1.0,0.0,0.0
1642461,22400990,1610612743,6.0,1.0,1.0,1.0,4.0,3.0,0.0,0.0
202710,22400990,1610612744,23.0,6.0,8.0,1.0,16.0,8.0,10.0,6.0
203110,22400990,1610612744,10.0,5.0,6.0,5.0,6.0,5.0,1.0,0.0
1642366,22400990,1610612744,4.0,0.0,1.0,0.0,3.0,2.0,0.0,0.0
1630541,22400990,1610612744,9.0,0.0,2.0,1.0,9.0,4.0,0.0,0.0
201939,22400990,1610612744,20.0,7.0,4.0,0.0,21.0,6.0,4.0,4.0
1630228,22400990,1610612744,13.0,4.0,3.0,0.0,11.0,4.0,8.0,5.0
1627741,22400990,1610612744,2.0,1.0,0.0,0.0,4.0,1.0,0.0,0.0
1630611,22400990,1610612744,0.0,0.0,4.0,1.0,1.0,0.0,0.0,0.0
1626172,22400990,1610612744,6.0,0.0,7.0,1.0,3.0,3.0,3.0,0.0
1627780,22400990,1610612744,18.0,1.0,3.0,1.0,10.0,8.0,1.0,0.0
1642358,22400995,1610612764,8.0,4.0,7.0,1.0,8.0,3.0,2.0,1.0
203114,22400995,1610612764,4.0,0.0,3.0,0.0,3.0,2.0,0.0,0.0
1642259,22400995,1610612764,20.0,3.0,4.0,2.0,16.0,7.0,3.0,3.0
1642273,22400995,1610612764,11.0,0.0,3.0,0.0,11.0,5.0,0.0,0.0
1629673,22400995,1610612764,9.0,1.0,1.0,0.0,6.0,3.0,1.0,1.0
1641798,22400995,1610612764,11.0,3.0,6.0,0.0,10.0,5.0,0.0,0.0
1642267,22400995,1610612764,3.0,8.0,4.0,1.0,7.0,1.0,2.0,1.0
1641732,22400995,1610612764,2.0,3.0,4.0,1.0,4.0,1.0,0.0,0.0
1630551,22400995,1610612764,5.0,2.0,5.0,0.0,9.0,2.0,0.0,0.0
1641774,22400995,1610612764,17.0,2.0,8.0,2.0,13.0,6.0,2.0,2.0
1630264,22400995,1610612764,7.0,1.0,4.0,0.0,5.0,3.0,2.0,1.0
1630166,22400995,1610612757,15.0,2.0,6.0,0.0,11.0,5.0,2.0,2.0
1631200,22400995,1610612757,5.0,3.0,10.0,0.0,8.0,2.0,2.0,1.0
1642270,22400995,1610612757,11.0,2.0,13.0,0.0,9.0,5.0,4.0,1.0
1631101,22400995,1610612757,16.0,2.0,5.0,0.0,14.0,6.0,4.0,2.0
1629014,22400995,1610612757,30.0,2.0,1.0,0.0,17.0,10.0,5.0,5.0
1630703,22400995,1610612757,11.0,3.0,5.0,0.0,14.0,5.0,0.0,0.0
1641871,22400995,1610612757,15.0,3.0,4.0,1.0,11.0,5.0,2.0,2.0
1629680,22400995,1610612757,9.0,3.0,4.0,1.0,9.0,4.0,0.0,0.0
1630625,22400995,1610612757,0.0,5.0,1.0,1.0,2.0,0.0,0.0,0.0
1631121,22400995,1610612757,0.0,0.0,1.0,0.0,4.0,0.0,0.0,0.0
1631303,22400995,1610612757,0.0,0.0,0.0,0.0,0.0,0.0,0.0,0.0
1641741,22400985,1610612755,10.0,2.0,1.0,0.0,6.0,3.0,1.0,1.0
1642348,22400985,1610612755,18.0,4.0,3.0,0.0,15.0,7.0,0.0,0.0
1629052,22400985,1610612755,11.0,2.0,5.0,2.0,9.0,4.0,5.0,2.0
1629656,22400985,1610612755,46.0,4.0,13.0,1.0,27.0,15.0,13.0,8.0
1630215,22400985,1610612755,21.0,5.0,2.0,1.0,15.0,7.0,6.0,6.0
1642024,22400985,1610612755,6.0,0.0,1.0,0.0,4.0,2.0,0.0,0.0
1641720,22400985,1610612755,12.0,1.0,4.0,0.0,9.0,5.0,0.0,0.0
1630288,22400985,1610612755,11.0,2.0,3.0,0.0,8.0,4.0,0.0,0.0
1629643,22400985,1610612755,2.0,1.0,3.0,0.0,2.0,1.0,0.0,0.0
1631106,22400985,1610612745,21.0,1.0,8.0,1.0,19.0,8.0,4.0,3.0
1628415,22400985,1610612745,25.0,5.0,6.0,1.0,19.0,8.0,4.0,4.0
1630578,22400985,1610612745,13.0,5.0,11.0,0.0,9.0,5.0,5.0,3.0
1630224,22400985,1610612745,30.0,13.0,7.0,1.0,26.0,10.0,5.0,5.0
1627832,22400985,1610612745,3.0,5.0,7.0,2.0,6.0,1.0,0.0,0.0
1631095,22400985,1610612745,30.0,3.0,8.0,0.0,17.0,11.0,4.0,3.0
1629111,22400985,1610612745,7.0,1.0,3.0,0.0,3.0,3.0,0.0,0.0
1628988,22400985,1610612745,8.0,1.0,1.0,0.0,3.0,2.0,2.0,2.0
1630256,22400985,1610612745,7.0,1.0,7.0,0.0,5.0,3.0,0.0,0.0
203500,22400985,1610612745,0.0,0.0,0.0,0.0,0.0,0.0,0.0,0.0
1630182,22400538,1610612766,8.0,2.0,1.0,1.0,8.0,3.0,2.0,2.0
1628970,22400538,1610612766,7.0,3.0,4.0,1.0,10.0,3.0,0.0,0.0
1631109,22400538,1610612766,18.0,7.0,15.0,1.0,15.0,9.0,0.0,0.0
1629610,22400538,1610612766,5.0,3.0,5.0,2.0,11.0,2.0,0.0,0.0
1630163,22400538,1610612766,16.0,5.0,2.0,0.0,18.0,5.0,5.0,4.0
1641733,22400538,1610612766,9.0,1.0,1.0,0.0,9.0,4.0,0.0,0.0
203994,22400538,1610612766,4.0,0.0,5.0,0.0,6.0,2.0,0.0,0.0
203552,22400538,1610612766,0.0,1.0,1.0,0.0,3.0,0.0,0.0,0.0
1630585,22400538,1610612766,7.0,2.0,1.0,0.0,5.0,3.0,0.0,0.0
1631111,22400538,1610612766,8.0,2.0,6.0,0.0,5.0,4.0,0.0,0.0
1631217,22400538,1610612766,6.0,1.0,3.0,0.0,4.0,2.0,2.0,2.0
202695,22400538,1610612746,23.0,5.0,6.0,1.0,16.0,9.0,2.0,2.0
1627884,22400538,1610612746,12.0,0.0,3.0,0.0,7.0,5.0,2.0,1.0
1627826,22400538,1610612746,17.0,8.0,14.0,2.0,14.0,7.0,4.0,3.0
1626181,22400538,1610612746,7.0,0.0,1.0,0.0,13.0,3.0,0.0,0.0
201935,22400538,1610612746,31.0,7.0,10.0,0.0,15.0,9.0,9.0,9.0
203992,22400538,1610612746,7.0,1.0,4.0,0.0,4.0,3.0,0.0,0.0
1629599,22400538,1610612746,9.0,1.0,3.0,0.0,13.0,4.0,0.0,0.0
1627732,22400538,1610612746,0.0,3.0,2.0,1.0,3.0,0.0,0.0,0.0
201587,22400538,1610612746,3.0,1.0,5.0,0.0,1.0,1.0,0.0,0.0
1629234,22400538,1610612746,7.0,1.0,9.0,1.0,3.0,2.0,4.0,3.0
1641738,22400538,1610612746,2.0,1.0,1.0,0.0,1.0,1.0,0.0,0.0
201988,22400538,1610612746,5.0,0.0,0.0,0.0,1.0,1.0,2.0,2.0
1642353,22400538,1610612746,0.0,2.0,0.0,0.0,2.0,0.0,0.0,0.0
1642262,22400981,1610612762,2.0,1.0,1.0,0.0,4.0,1.0,0.0,0.0
1628374,22400981,1610612762,16.0,2.0,1.0,0.0,12.0,5.0,2.0,2.0
1631117,22400981,1610612762,15.0,0.0,19.0,0.0,15.0,6.0,2.0,2.0
1629012,22400981,1610612762,22.0,4.0,4.0,0.0,18.0,9.0,5.0,3.0
1642268,22400981,1610612762,11.0,6.0,6.0,0.0,9.0,4.0,3.0,3.0
1630548,22400981,1610612762,12.0,3.0,1.0,0.0,14.0,5.0,1.0,1.0
1641729,22400981,1610612762,6.0,2.0,5.0,0.0,4.0,2.0,2.0,1.0
1642271,22400981,1610612762,10.0,3.0,4.0,0.0,7.0,4.0,0.0,0.0
1629004,22400981,1610612762,8.0,2.0,3.0,0.0,7.0,3.0,0.0,0.0
1630183,22400981,1610612750,20.0,2.0,12.0,2.0,13.0,8.0,2.0,2.0
203944,22400981,1610612750,11.0,4.0,3.0,0.0,9.0,4.0,4.0,2.0
203497,22400981,1610612750,7.0,0.0,6.0,2.0,5.0,3.0,2.0,1.0
1630162,22400981,1610612750,41.0,2.0,2.0,0.0,27.0,16.0,6.0,4.0
1628978,22400981,1610612750,11.0,7.0,1.0,0.0,9.0,4.0,0.0,0.0
1629638,22400981,1610612750,9.0,3.0,6.0,1.0,6.0,3.0,2.0,2.0
1629675,22400981,1610612750,5.0,3.0,9.0,1.0,10.0,2.0,2.0,1.0
1641740,22400981,1610612750,8.0,4.0,3.0,0.0,2.0,1.0,8.0,6.0
1630545,22400981,1610612750,4.0,1.0,4.0,0.0,4.0,2.0,0.0,0.0
1631169,22400981,1610612750,5.0,1.0,2.0,0.0,2.0,2.0,0.0,0.0
1642265,22400981,1610612750,2.0,0.0,1.0,0.0,3.0,1.0,0.0,0.0
1630568,22400981,1610612750,3.0,2.0,0.0,0.0,5.0,1.0,0.0,0.0
1630538,22400981,1610612750,2.0,1.0,0.0,0.0,2.0,1.0,0.0,0.0
1641741,22400976,1610612755,13.0,0.0,10.0,1.0,8.0,4.0,4.0,4.0
1642348,22400976,1610612755,10.0,0.0,4.0,1.0,10.0,5.0,0.0,0.0
1627824,22400976,1610612755,14.0,1.0,6.0,0.0,10.0,5.0,2.0,2.0
1629656,22400976,1610612755,28.0,6.0,2.0,0.0,19.0,10.0,9.0,6.0
1630215,22400976,1610612755,8.0,7.0,1.0,0.0,7.0,2.0,4.0,4.0
1641720,22400976,1610612755,19.0,1.0,2.0,1.0,11.0,6.0,2.0,2.0
1629052,22400976,1610612755,13.0,1.0,5.0,0.0,9.0,6.0,0.0,0.0
1630288,22400976,1610612755,14.0,3.0,3.0,0.0,12.0,6.0,3.0,2.0
1642024,22400976,1610612755,6.0,1.0,2.0,0.0,2.0,2.0,0.0,0.0
1629643,22400976,1610612755,5.0,1.0,4.0,0.0,4.0,2.0,0.0,0.0
1630230,22400976,1610612742,21.0,6.0,8.0,0.0,20.0,8.0,6.0,4.0
1629023,22400976,1610612742,29.0,2.0,12.0,0.0,17.0,11.0,9.0,7.0
1630556,22400976,1610612742,5.0,1.0,7.0,1.0,3.0,2.0,0.0,0.0
202691,22400976,1610612742,21.0,2.0,3.0,0.0,15.0,9.0,0.0,0.0
1630314,22400976,1610612742,11.0,2.0,2.0,1.0,8.0,3.0,5.0,5.0
203915,22400976,1610612742,18.0,7.0,4.0,0.0,15.0,6.0,6.0,5.0
203939,22400976,1610612742,2.0,3.0,1.0,0.0,1.0,1.0,0.0,0.0
1631108,22400976,1610612742,18.0,3.0,8.0,1.0,8.0,6.0,4.0,2.0
1642258,22400978,1610612737,16.0,0.0,2.0,0.0,13.0,7.0,0.0,0.0
1631243,22400978,1610612737,2.0,1.0,2.0,3.0,4.0,1.0,0.0,0.0
1630168,22400978,1610612737,21.0,1.0,15.0,3.0,11.0,7.0,7.0,6.0
1630700,22400978,1610612737,14.0,7.0,6.0,1.0,11.0,6.0,4.0,1.0
1629027,22400978,1610612737,28.0,12.0,6.0,0.0,18.0,9.0,8.0,7.0
1630249,22400978,1610612737,8.0,2.0,1.0,1.0,6.0,3.0,0.0,0.0
1629611,22400978,1610612737,13.0,1.0,1.0,0.0,12.0,5.0,3.0,3.0
1627777,22400978,1610612737,12.0,1.0,4.0,0.0,14.0,4.0,2.0,2.0
1631230,22400978,1610612737,0.0,2.0,1.0,3.0,1.0,0.0,0.0,0.0
1629661,22400978,1610612751,28.0,7.0,4.0,0.0,16.0,7.0,10.0,10.0
1630592,22400978,1610612751,13.0,6.0,4.0,0.0,11.0,5.0,1.0,1.0
1629651,22400978,1610612751,7.0,2.0,6.0,1.0,6.0,3.0,4.0,1.0
1630553,22400978,1610612751,22.0,5.0,8.0,1.0,20.0,8.0,2.0,2.0
1631213,22400978,1610612751,16.0,3.0,6.0,0.0,13.0,6.0,2.0,1.0
1630570,22400978,1610612751,13.0,5.0,1.0,1.0,8.0,4.0,4.0,4.0
1641721,22400978,1610612751,10.0,2.0,1.0,0.0,7.0,4.0,0.0,0.0
1630549,22400978,1610612751,8.0,2.0,7.0,2.0,7.0,4.0,0.0,0.0
1641736,22400978,1610612751,5.0,1.0,3.0,0.0,2.0,2.0,0.0,0.0
1642346,22400977,1610612756,13.0,1.0,3.0,2.0,12.0,5.0,2.0,1.0
201142,22400977,1610612756,21.0,2.0,9.0,0.0,17.0,6.0,10.0,7.0
1630208,22400977,1610612756,11.0,0.0,6.0,1.0,6.0,5.0,1.0,1.0
203078,22400977,1610612756,4.0,0.0,2.0,0.0,6.0,2.0,0.0,0.0
1626164,22400977,1610612756,19.0,11.0,6.0,0.0,17.0,6.0,7.0,7.0
203486,22400977,1610612756,0.0,0.0,3.0,0.0,0.0,0.0,0.0,0.0
1626220,22400977,1610612756,10.0,1.0,5.0,0.0,11.0,4.0,0.0,0.0
1631221,22400977,1610612756,3.0,3.0,7.0,0.0,7.0,1.0,0.0,0.0
1626145,22400977,1610612756,8.0,5.0,0.0,0.0,7.0,3.0,0.0,0.0
1642345,22400977,1610612756,4.0,2.0,4.0,0.0,3.0,2.0,0.0,0.0
1628998,22400977,1610612756,3.0,0.0,6.0,1.0,3.0,1.0,1.0,1.0
1630692,22400977,1610612747,2.0,1.0,3.0,2.0,5.0,1.0,0.0,0.0
1627827,22400977,1610612747,10.0,3.0,6.0,1.0,7.0,3.0,4.0,2.0
1629637,22400977,1610612747,19.0,3.0,6.0,1.0,10.0,8.0,7.0,3.0
1630559,22400977,1610612747,28.0,6.0,4.0,1.0,21.0,10.0,5.0,4.0
1629029,22400977,1610612747,33.0,8.0,11.0,0.0,20.0,8.0,14.0,13.0
1629216,22400977,1610612747,9.0,1.0,1.0,0.0,7.0,3.0,0.0,0.0
1631132,22400977,1610612747,3.0,0.0,4.0,0.0,5.0,1.0,2.0,1.0
1629020,22400977,1610612747,0.0,0.0,3.0,0.0,1.0,0.0,0.0,0.0
1642261,22400977,1610612747,3.0,0.0,2.0,0.0,5.0,1.0,0.0,0.0
1630532,22400979,1610612753,22.0,2.0,8.0,0.0,19.0,8.0,6.0,5.0
1631094,22400979,1610612753,24.0,7.0,11.0,1.0,22.0,6.0,11.0,9.0
1628976,22400979,1610612753,16.0,1.0,14.0,0.0,13.0,6.0,3.0,2.0
203484,22400979,1610612753,15.0,3.0,2.0,0.0,9.0,5.0,2.0,2.0
202709,22400979,1610612753,3.0,4.0,3.0,0.0,4.0,1.0,0.0,0.0
1631216,22400979,1610612753,2.0,0.0,0.0,0.0,1.0,1.0,0.0,0.0
1630175,22400979,1610612753,2.0,0.0,1.0,0.0,1.0,0.0,2.0,2.0
1641710,22400979,1610612753,17.0,2.0,3.0,0.0,7.0,5.0,6.0,4.0
1628371,22400979,1610612753,2.0,0.0,1.0,1.0,2.0,1.0,0.0,0.0
1641783,22400979,1610612753,0.0,0.0,1.0,0.0,2.0,0.0,0.0,0.0
203914,22400979,1610612753,2.0,1.0,3.0,0.0,1.0,1.0,0.0,0.0
1629048,22400979,1610612753,3.0,1.0,0.0,1.0,0.0,0.0,4.0,3.0
1629622,22400979,1610612739,10.0,5.0,6.0,0.0,8.0,4.0,2.0,1.0
1629631,22400979,1610612739,9.0,1.0,5.0,0.0,11.0,2.0,4.0,4.0
1628386,22400979,1610612739,20.0,2.0,12.0,1.0,11.0,8.0,6.0,4.0
1628378,22400979,1610612739,23.0,5.0,6.0,0.0,28.0,9.0,2.0,2.0
1629636,22400979,1610612739,19.0,4.0,6.0,0.0,16.0,8.0,2.0,1.0
1629660,22400979,1610612739,12.0,1.0,1.0,0.0,9.0,5.0,4.0,1.0
1629731,22400979,1610612739,3.0,0.0,6.0,0.0,2.0,1.0,0.0,0.0
1630241,22400979,1610612739,5.0,2.0,1.0,0.0,8.0,2.0,0.0,0.0
202684,22400979,1610612739,0.0,1.0,3.0,0.0,1.0,0.0,0.0,0.0
1630171,22400979,1610612739,2.0,0.0,2.0,0.0,2.0,1.0,0.0,0.0
1629026,22400982,1610612760,0.0,5.0,6.0,0.0,3.0,0.0,0.0,0.0
1631096,22400982,1610612760,16.0,3.0,8.0,0.0,9.0,6.0,4.0,2.0
1628392,22400982,1610612760,24.0,3.0,12.0,0.0,15.0,11.0,3.0,2.0
1641717,22400982,1610612760,9.0,1.0,4.0,0.0,7.0,4.0,0.0,0.0
1628983,22400982,1610612760,31.0,8.0,2.0,1.0,27.0,11.0,11.0,9.0
1641794,22400982,1610612760,0.0,0.0,3.0,0.0,0.0,0.0,0.0,0.0
1631119,22400982,1610612760,3.0,0.0,1.0,0.0,1.0,1.0,0.0,0.0
1627936,22400982,1610612760,10.0,5.0,3.0,1.0,6.0,4.0,3.0,2.0
1630198,22400982,1610612760,19.0,2.0,6.0,0.0,12.0,6.0,2.0,2.0
1630598,22400982,1610612760,9.0,3.0,4.0,1.0,8.0,3.0,2.0,2.0
1641745,22400982,1610612760,0.0,0.0,1.0,0.0,1.0,0.0,0.0,0.0
1628398,22400982,1610612749,10.0,2.0,1.0,1.0,11.0,4.0,0.0,0.0
203507,22400982,1610612749,21.0,10.0,12.0,2.0,15.0,7.0,12.0,7.0
201572,22400982,1610612749,8.0,0.0,5.0,2.0,8.0,3.0,2.0,2.0
1627752,22400982,1610612749,6.0,1.0,1.0,0.0,6.0,3.0,1.0,0.0
203081,22400982,1610612749,19.0,2.0,1.0,0.0,9.0,3.0,11.0,11.0
1629645,22400982,1610612749,11.0,1.0,4.0,0.0,9.0,3.0,2.0,2.0
1629018,22400982,1610612749,12.0,2.0,1.0,0.0,11.0,4.0,2.0,1.0
1630579,22400982,1610612749,0.0,1.0,4.0,1.0,2.0,0.0,0.0,0.0
1631260,22400982,1610612749,8.0,1.0,2.0,0.0,5.0,3.0,0.0,0.0
1641748,22400982,1610612749,2.0,0.0,2.0,0.0,2.0,1.0,0.0,0.0
1626192,22400982,1610612749,2.0,1.0,0.0,0.0,1.0,0.0,2.0,2.0
1631157,22400982,1610612749,6.0,0.0,1.0,2.0,3.0,2.0,1.0,1.0
1641890,22400982,1610612749,0.0,0.0,0.0,0.0,1.0,0.0,0.0,0.0
1641753,22400982,1610612749,0.0,0.0,0.0,0.0,0.0,0.0,0.0,0.0
1642419,22400980,1610612761,9.0,1.0,2.0,0.0,7.0,3.0,0.0,0.0
1630567,22400980,1610612761,16.0,6.0,6.0,0.0,11.0,4.0,9.0,8.0
1627751,22400980,1610612761,19.0,3.0,8.0,0.0,13.0,9.0,2.0,0.0
1630534,22400980,1610612761,19.0,2.0,3.0,0.0,15.0,7.0,3.0,3.0
1642347,22400980,1610612761,10.0,6.0,2.0,0.0,5.0,3.0,2.0,1.0
1630639,22400980,1610612761,9.0,6.0,8.0,0.0,14.0,4.0,0.0,0.0
1630658,22400980,1610612761,8.0,2.0,12.0,0.0,10.0,3.0,2.0,2.0
202066,22400980,1610612761,2.0,1.0,2.0,0.0,7.0,1.0,0.0,0.0
1631115,22400980,1610612761,10.0,2.0,4.0,0.0,12.0,4.0,2.0,2.0
1630166,22400980,1610612757,19.0,6.0,6.0,0.0,8.0,4.0,9.0,8.0
1641739,22400980,1610612757,21.0,3.0,7.0,2.0,16.0,8.0,0.0,0.0
1642270,22400980,1610612757,5.0,1.0,14.0,3.0,6.0,2.0,2.0,1.0
1631101,22400980,1610612757,17.0,1.0,4.0,0.0,16.0,7.0,2.0,2.0
1629014,22400980,1610612757,22.0,4.0,1.0,0.0,15.0,7.0,3.0,2.0
1630703,22400980,1610612757,5.0,5.0,5.0,0.0,12.0,2.0,0.0,0.0
1641871,22400980,1610612757,9.0,0.0,5.0,1.0,8.0,3.0,2.0,2.0
1631200,22400980,1610612757,7.0,1.0,7.0,0.0,7.0,3.0,0.0,0.0
1630625,22400980,1610612757,0.0,0.0,0.0,0.0,0.0,0.0,0.0,0.0
1629680,22400980,1610612757,0.0,0.0,2.0,1.0,0.0,0.0,0.0,0.0
1628989,22400970,1610612741,9.0,4.0,1.0,0.0,11.0,4.0,0.0,0.0
1641824,22400970,1610612741,10.0,1.0,3.0,2.0,10.0,4.0,0.0,0.0
202696,22400970,1610612741,15.0,3.0,7.0,0.0,10.0,6.0,0.0,0.0
1629632,22400970,1610612741,23.0,4.0,7.0,0.0,21.0,7.0,8.0,8.0
1630200,22400970,1610612741,19.0,6.0,2.0,0.0,13.0,8.0,2.0,1.0
1641763,22400970,1610612741,8.0,1.0,1.0,0.0,6.0,2.0,3.0,3.0
1631207,22400970,1610612741,11.0,3.0,1.0,1.0,5.0,4.0,0.0,0.0
1628380,22400970,1610612741,5.0,0.0,5.0,1.0,5.0,2.0,1.0,1.0
1630172,22400970,1610612741,10.0,1.0,3.0,1.0,5.0,4.0,2.0,1.0
1630188,22400970,1610612741,4.0,1.0,6.0,0.0,7.0,2.0,0.0,0.0
1628415,22400970,1610612745,13.0,3.0,5.0,0.0,12.0,6.0,0.0,0.0
1631095,22400970,1610612745,12.0,1.0,9.0,0.0,11.0,4.0,4.0,3.0
1630578,22400970,1610612745,24.0,4.0,15.0,2.0,18.0,9.0,8.0,6.0
1630224,22400970,1610612745,28.0,3.0,6.0,1.0,25.0,11.0,2.0,1.0
1627832,22400970,1610612745,23.0,7.0,4.0,1.0,20.0,8.0,4.0,2.0
1630256,22400970,1610612745,7.0,1.0,4.0,2.0,3.0,2.0,2.0,2.0
203500,22400970,1610612745,4.0,3.0,9.0,0.0,4.0,2.0,4.0,0.0
201145,22400970,1610612745,2.0,2.0,1.0,0.0,2.0,1.0,0.0,0.0
1628988,22400970,1610612745,4.0,0.0,1.0,0.0,3.0,1.0,2.0,1.0
1628404,22400974,1610612752,0.0,7.0,7.0,1.0,7.0,0.0,0.0,0.0
1628384,22400974,1610612752,23.0,2.0,9.0,1.0,15.0,7.0,9.0,7.0
1626157,22400974,1610612752,29.0,3.0,12.0,1.0,21.0,12.0,2.0,2.0
1628969,22400974,1610612752,19.0,3.0,6.0,0.0,14.0,8.0,2.0,2.0
1630540,22400974,1610612752,19.0,4.0,5.0,1.0,17.0,8.0,0.0,0.0
1629011,22400974,1610612752,2.0,0.0,5.0,1.0,3.0,1.0,0.0,0.0
1629013,22400974,1610612752,2.0,0.0,3.0,0.0,4.0,1.0,0.0,0.0
1626166,22400974,1610612752,0.0,1.0,1.0,1.0,4.0,0.0,0.0,0.0
1630173,22400974,1610612752,0.0,0.0,1.0,0.0,1.0,0.0,0.0,0.0
202710,22400974,1610612744,11.0,7.0,6.0,0.0,11.0,3.0,4.0,4.0
1630611,22400974,1610612744,5.0,0.0,7.0,0.0,4.0,2.0,1.0,0.0
203110,22400974,1610612744,9.0,3.0,4.0,1.0,9.0,3.0,2.0,2.0
1630541,22400974,1610612744,18.0,1.0,1.0,0.0,14.0,7.0,0.0,0.0
201939,22400974,1610612744,28.0,5.0,7.0,1.0,20.0,8.0,9.0,8.0
1630228,22400974,1610612744,10.0,5.0,5.0,1.0,8.0,3.0,6.0,4.0
1642366,22400974,1610612744,5.0,2.0,6.0,1.0,4.0,2.0,0.0,0.0
1627741,22400974,1610612744,3.0,0.0,2.0,0.0,7.0,1.0,0.0,0.0
1627780,22400974,1610612744,6.0,2.0,4.0,1.0,5.0,3.0,0.0,0.0
1626172,22400974,1610612744,2.0,0.0,3.0,0.0,1.0,1.0,0.0,0.0
1629652,22400969,1610612760,7.0,1.0,7.0,1.0,6.0,3.0,0.0,0.0
1629026,22400969,1610612760,10.0,1.0,5.0,0.0,9.0,5.0,0.0,0.0
1628392,22400969,1610612760,12.0,5.0,10.0,3.0,9.0,5.0,4.0,2.0
1641717,22400969,1610612760,20.0,0.0,5.0,0.0,15.0,9.0,0.0,0.0
1628983,22400969,1610612760,48.0,6.0,4.0,1.0,26.0,17.0,10.0,10.0
1631119,22400969,1610612760,2.0,1.0,8.0,2.0,5.0,0.0,4.0,2.0
1627936,22400969,1610612760,3.0,1.0,0.0,1.0,4.0,0.0,4.0,3.0
1630198,22400969,1610612760,11.0,1.0,4.0,0.0,13.0,4.0,0.0,0.0
1641794,22400969,1610612760,0.0,1.0,1.0,0.0,1.0,0.0,0.0,0.0
1631172,22400969,1610612760,0.0,0.0,0.0,0.0,1.0,0.0,0.0,0.0
1641745,22400969,1610612760,0.0,0.0,0.0,0.0,0.0,0.0,0.0,0.0
1641709,22400969,1610612765,8.0,1.0,4.0,0.0,7.0,3.0,2.0,1.0
202699,22400969,1610612765,18.0,0.0,7.0,0.0,12.0,6.0,4.0,4.0
1631105,22400969,1610612765,8.0,2.0,5.0,0.0,6.0,3.0,4.0,2.0
203501,22400969,1610612765,11.0,0.0,1.0,0.0,10.0,4.0,0.0,0.0
1630595,22400969,1610612765,11.0,9.0,7.0,0.0,18.0,5.0,1.0,1.0
1627736,22400969,1610612765,15.0,2.0,0.0,0.0,11.0,6.0,0.0,0.0
203471,22400969,1610612765,17.0,11.0,3.0,0.0,12.0,6.0,2.0,1.0
1630191,22400969,1610612765,9.0,0.0,7.0,3.0,4.0,4.0,0.0,0.0
1631323,22400969,1610612765,4.0,2.0,2.0,0.0,4.0,2.0,0.0,0.0
1641842,22400969,1610612765,6.0,2.0,3.0,0.0,4.0,3.0,0.0,0.0
1630573,22400968,1610612738,11.0,1.0,2.0,0.0,7.0,4.0,0.0,0.0
1628369,22400968,1610612738,20.0,8.0,8.0,0.0,19.0,8.0,3.0,3.0
204001,22400968,1610612738,24.0,0.0,2.0,1.0,16.0,9.0,6.0,5.0
1627759,22400968,1610612738,8.0,3.0,6.0,2.0,8.0,3.0,2.0,1.0
201950,22400968,1610612738,11.0,12.0,5.0,2.0,12.0,5.0,0.0,0.0
1630202,22400968,1610612738,22.0,3.0,6.0,0.0,11.0,7.0,4.0,3.0
1628436,22400968,1610612738,10.0,1.0,8.0,2.0,7.0,5.0,1.0,0.0
1631248,22400968,1610612738,3.0,1.0,0.0,0.0,2.0,1.0,0.0,0.0
1629674,22400968,1610612738,6.0,0.0,1.0,0.0,2.0,2.0,3.0,2.0
1629661,22400968,1610612751,23.0,6.0,10.0,1.0,19.0,9.0,3.0,3.0
1630533,22400968,1610612751,14.0,2.0,5.0,1.0,9.0,5.0,0.0,0.0
1630549,22400968,1610612751,9.0,5.0,16.0,0.0,10.0,4.0,2.0,1.0
1630553,22400968,1610612751,21.0,2.0,6.0,0.0,15.0,8.0,0.0,0.0
1626156,22400968,1610612751,11.0,8.0,3.0,0.0,8.0,3.0,6.0,4.0
1630592,22400968,1610612751,15.0,1.0,0.0,0.0,11.0,5.0,2.0,1.0
1631213,22400968,1610612751,5.0,6.0,1.0,0.0,6.0,2.0,0.0,0.0
1641736,22400968,1610612751,0.0,3.0,2.0,0.0,5.0,0.0,0.0,0.0
1641721,22400968,1610612751,15.0,1.0,2.0,1.0,7.0,6.0,0.0,0.0
203952,22400971,1610612748,8.0,1.0,0.0,0.0,8.0,3.0,1.0,1.0
1628389,22400971,1610612748,18.0,0.0,6.0,2.0,15.0,7.0,2.0,2.0
1642276,22400971,1610612748,19.0,1.0,11.0,0.0,14.0,8.0,3.0,1.0
1629130,22400971,1610612748,0.0,1.0,0.0,0.0,3.0,0.0,0.0,0.0
1629639,22400971,1610612748,8.0,7.0,2.0,1.0,12.0,3.0,1.0,1.0
203937,22400971,1610612748,13.0,5.0,6.0,0.0,8.0,5.0,2.0,2.0
1630558,22400971,1610612748,3.0,2.0,2.0,1.0,4.0,1.0,0.0,0.0
1631170,22400971,1610612748,13.0,3.0,5.0,0.0,10.0,4.0,6.0,5.0
1626179,22400971,1610612748,5.0,2.0,3.0,0.0,9.0,2.0,0.0,0.0
1641796,22400971,1610612748,4.0,2.0,2.0,0.0,5.0,2.0,0.0,0.0
1642377,22400971,1610612763,8.0,2.0,3.0,0.0,9.0,3.0,2.0,1.0
1628991,22400971,1610612763,31.0,1.0,6.0,2.0,18.0,13.0,4.0,4.0
1641744,22400971,1610612763,12.0,1.0,8.0,2.0,9.0,5.0,2.0,2.0
1630217,22400971,1610612763,22.0,8.0,10.0,0.0,16.0,9.0,0.0,0.0
1628379,22400971,1610612763,11.0,4.0,4.0,0.0,8.0,5.0,0.0,0.0
1630590,22400971,1610612763,11.0,11.0,6.0,1.0,10.0,4.0,1.0,1.0
1629634,22400971,1610612763,12.0,0.0,2.0,0.0,7.0,6.0,0.0,0.0
1630205,22400971,1610612763,7.0,1.0,5.0,1.0,6.0,3.0,1.0,1.0
1642285,22400971,1610612763,6.0,3.0,2.0,0.0,5.0,2.0,0.0,0.0
1641713,22400971,1610612763,5.0,0.0,2.0,0.0,4.0,1.0,2.0,2.0
1629723,22400971,1610612763,0.0,0.0,2.0,0.0,0.0,0.0,0.0,0.0
1628963,22400971,1610612763,0.0,0.0,1.0,0.0,0.0,0.0,0.0,0.0
1642273,22400975,1610612764,19.0,5.0,7.0,1.0,11.0,6.0,4.0,3.0
1630551,22400975,1610612764,16.0,2.0,13.0,0.0,10.0,6.0,2.0,2.0
1642259,22400975,1610612764,34.0,5.0,6.0,1.0,28.0,12.0,5.0,5.0
203114,22400975,1610612764,10.0,4.0,4.0,0.0,10.0,4.0,0.0,0.0
1629673,22400975,1610612764,19.0,6.0,0.0,1.0,11.0,7.0,2.0,1.0
1630557,22400975,1610612764,4.0,1.0,2.0,0.0,5.0,2.0,0.0,0.0
1626158,22400975,1610612764,6.0,0.0,6.0,1.0,4.0,2.0,2.0,2.0
1642267,22400975,1610612764,9.0,7.0,4.0,0.0,12.0,4.0,0.0,0.0
1642358,22400975,1610612764,9.0,4.0,2.0,0.0,4.0,3.0,2.0,2.0
1631128,22400975,1610612743,9.0,4.0,3.0,0.0,4.0,4.0,0.0,0.0
1629008,22400975,1610612743,20.0,1.0,11.0,1.0,16.0,7.0,4.0,3.0
203999,22400975,1610612743,40.0,9.0,13.0,2.0,30.0,16.0,7.0,7.0
201566,22400975,1610612743,22.0,11.0,4.0,0.0,19.0,9.0,0.0,0.0
1627750,22400975,1610612743,24.0,7.0,6.0,0.0,16.0,9.0,3.0,3.0
1629618,22400975,1610612743,0.0,3.0,1.0,0.0,1.0,0.0,0.0,0.0
1630192,22400975,1610612743,6.0,2.0,1.0,3.0,5.0,2.0,3.0,2.0
1631212,22400975,1610612743,2.0,3.0,3.0,2.0,3.0,1.0,0.0,0.0
1628427,22400975,1610612743,0.0,0.0,0.0,0.0,1.0,0.0,0.0,0.0
1630174,22400972,1610612754,30.0,2.0,4.0,0.0,16.0,11.0,2.0,2.0
1627783,22400972,1610612754,26.0,2.0,7.0,2.0,22.0,12.0,1.0,0.0
1626167,22400972,1610612754,14.0,2.0,4.0,0.0,13.0,4.0,4.0,4.0
1629614,22400972,1610612754,7.0,2.0,3.0,1.0,7.0,3.0,0.0,0.0
1630169,22400972,1610612754,24.0,15.0,6.0,0.0,16.0,9.0,5.0,4.0
1631097,22400972,1610612754,6.0,0.0,1.0,0.0,3.0,2.0,0.0,0.0
1630167,22400972,1610612754,8.0,3.0,3.0,1.0,9.0,3.0,1.0,0.0
204456,22400972,1610612754,4.0,2.0,1.0,0.0,8.0,2.0,0.0,0.0
1641767,22400972,1610612754,0.0,1.0,2.0,0.0,1.0,0.0,0.0,0.0
1628418,22400972,1610612754,0.0,0.0,1.0,0.0,1.0,0.0,0.0,0.0
1628398,22400972,1610612749,8.0,0.0,8.0,0.0,11.0,4.0,0.0,0.0
203507,22400972,1610612749,34.0,7.0,10.0,3.0,19.0,14.0,6.0,6.0
201572,22400972,1610612749,10.0,1.0,2.0,0.0,5.0,4.0,1.0,1.0
1627752,22400972,1610612749,14.0,1.0,3.0,1.0,6.0,4.0,4.0,4.0
203081,22400972,1610612749,25.0,8.0,10.0,0.0,15.0,7.0,5.0,5.0
1629018,22400972,1610612749,13.0,3.0,4.0,0.0,9.0,5.0,0.0,0.0
1629645,22400972,1610612749,16.0,4.0,6.0,0.0,7.0,3.0,9.0,9.0
1630579,22400972,1610612749,0.0,1.0,1.0,0.0,0.0,0.0,0.0,0.0
1641748,22400972,1610612749,0.0,0.0,0.0,0.0,0.0,0.0,0.0,0.0
1631260,22400972,1610612749,6.0,3.0,1.0,0.0,7.0,2.0,1.0,0.0
1630530,22400973,1610612740,20.0,3.0,6.0,1.0,16.0,7.0,2.0,2.0
203482,22400973,1610612740,14.0,7.0,6.0,0.0,12.0,7.0,0.0,0.0
1631255,22400973,1610612740,12.0,0.0,11.0,0.0,10.0,6.0,0.0,0.0
1628971,22400973,1610612740,19.0,6.0,6.0,0.0,13.0,8.0,2.0,2.0
203468,22400973,1610612740,26.0,9.0,7.0,0.0,22.0,10.0,1.0,1.0
1641722,22400973,1610612740,0.0,2.0,1.0,1.0,5.0,0.0,0.0,0.0
1630631,22400973,1610612740,7.0,5.0,0.0,0.0,8.0,3.0,0.0,0.0
1628964,22400973,1610612740,8.0,0.0,6.0,1.0,3.0,3.0,2.0,2.0
1630526,22400973,1610612740,6.0,2.0,8.0,0.0,2.0,1.0,4.0,4.0
1641810,22400973,1610612740,3.0,0.0,1.0,0.0,1.0,1.0,0.0,0.0
1630170,22400973,1610612759,22.0,1.0,5.0,0.0,17.0,6.0,7.0,6.0
203084,22400973,1610612759,19.0,0.0,4.0,0.0,9.0,6.0,4.0,4.0
202687,22400973,1610612759,2.0,1.0,2.0,0.0,1.0,0.0,2.0,2.0
1642264,22400973,1610612759,17.0,7.0,1.0,0.0,15.0,5.0,8.0,7.0
101108,22400973,1610612759,4.0,6.0,3.0,0.0,5.0,2.0,0.0,0.0
1629640,22400973,1610612759,19.0,2.0,5.0,0.0,12.0,7.0,3.0,2.0
1630577,22400973,1610612759,12.0,3.0,4.0,1.0,7.0,3.0,4.0,3.0
1631110,22400973,1610612759,14.0,4.0,5.0,1.0,8.0,6.0,3.0,1.0
1631104,22400973,1610612759,0.0,1.0,1.0,0.0,3.0,0.0,2.0,0.0
1630572,22400973,1610612759,10.0,1.0,7.0,0.0,7.0,4.0,0.0,0.0
1630532,22400963,1610612753,16.0,4.0,4.0,0.0,16.0,4.0,8.0,8.0
1631094,22400963,1610612753,43.0,3.0,10.0,0.0,32.0,16.0,11.0,9.0
1628976,22400963,1610612753,4.0,2.0,2.0,1.0,5.0,2.0,0.0,0.0
1641783,22400963,1610612753,8.0,0.0,3.0,0.0,6.0,3.0,0.0,0.0
202709,22400963,1610612753,8.0,3.0,3.0,1.0,6.0,4.0,1.0,0.0
1629048,22400963,1610612753,0.0,1.0,1.0,1.0,0.0,0.0,0.0,0.0
203914,22400963,1610612753,3.0,1.0,1.0,2.0,2.0,1.0,0.0,0.0
1641710,22400963,1610612753,6.0,2.0,4.0,0.0,8.0,2.0,2.0,2.0
1628371,22400963,1610612753,3.0,1.0,1.0,0.0,3.0,1.0,0.0,0.0
1641724,22400963,1610612753,2.0,0.0,1.0,0.0,2.0,1.0,0.0,0.0
1631216,22400963,1610612753,18.0,1.0,1.0,0.0,9.0,6.0,0.0,0.0
1630183,22400963,1610612750,11.0,2.0,8.0,2.0,6.0,4.0,2.0,1.0
203944,22400963,1610612750,22.0,5.0,7.0,0.0,13.0,7.0,8.0,7.0
203497,22400963,1610612750,12.0,1.0,12.0,0.0,7.0,5.0,4.0,2.0
1630162,22400963,1610612750,28.0,5.0,4.0,1.0,19.0,9.0,8.0,7.0
201144,22400963,1610612750,9.0,3.0,1.0,0.0,6.0,3.0,0.0,0.0
1628978,22400963,1610612750,14.0,5.0,3.0,1.0,11.0,6.0,0.0,0.0
1629675,22400963,1610612750,8.0,3.0,7.0,2.0,9.0,3.0,2.0,0.0
1629638,22400963,1610612750,12.0,1.0,3.0,0.0,8.0,4.0,4.0,3.0
1641740,22400963,1610612750,2.0,1.0,0.0,0.0,1.0,1.0,0.0,0.0
1629628,22400966,1610612761,17.0,5.0,2.0,0.0,14.0,7.0,3.0,2.0
1630567,22400966,1610612761,20.0,3.0,10.0,0.0,16.0,8.0,6.0,3.0
1630658,22400966,1610612761,13.0,2.0,7.0,0.0,5.0,5.0,2.0,2.0
1642419,22400966,1610612761,7.0,0.0,6.0,2.0,11.0,3.0,0.0,0.0
1630193,22400966,1610612761,20.0,5.0,5.0,0.0,13.0,6.0,6.0,6.0
1642347,22400966,1610612761,11.0,5.0,2.0,2.0,9.0,4.0,0.0,0.0
1631115,22400966,1610612761,14.0,5.0,10.0,2.0,10.0,4.0,8.0,6.0
1630639,22400966,1610612761,18.0,0.0,5.0,0.0,10.0,6.0,6.0,4.0
202066,22400966,1610612761,6.0,3.0,4.0,0.0,3.0,1.0,4.0,3.0
1628374,22400966,1610612762,16.0,0.0,5.0,0.0,14.0,5.0,2.0,2.0
1642262,22400966,1610612762,6.0,0.0,4.0,0.0,5.0,2.0,0.0,0.0
1642271,22400966,1610612762,18.0,3.0,11.0,1.0,11.0,5.0,6.0,5.0
1629012,22400966,1610612762,8.0,2.0,1.0,0.0,13.0,3.0,3.0,2.0
1642268,22400966,1610612762,16.0,8.0,5.0,0.0,11.0,6.0,5.0,4.0
203903,22400966,1610612762,19.0,3.0,2.0,0.0,9.0,5.0,9.0,7.0
1630231,22400966,1610612762,2.0,3.0,1.0,0.0,3.0,1.0,0.0,0.0
1641729,22400966,1610612762,13.0,0.0,1.0,0.0,7.0,5.0,0.0,0.0
1630548,22400966,1610612762,14.0,1.0,4.0,0.0,12.0,5.0,2.0,2.0
1630531,22400966,1610612762,6.0,3.0,1.0,1.0,4.0,2.0,4.0,2.0
202695,22400960,1610612746,25.0,2.0,6.0,0.0,21.0,11.0,4.0,2.0
201587,22400960,1610612746,11.0,2.0,7.0,1.0,8.0,4.0,0.0,0.0
1627826,22400960,1610612746,18.0,2.0,6.0,0.0,9.0,8.0,3.0,2.0
1627739,22400960,1610612746,0.0,1.0,3.0,1.0,4.0,0.0,0.0,0.0
201935,22400960,1610612746,25.0,7.0,8.0,2.0,14.0,8.0,6.0,5.0
1627884,22400960,1610612746,14.0,0.0,2.0,1.0,10.0,5.0,5.0,4.0
1629599,22400960,1610612746,12.0,3.0,1.0,0.0,9.0,5.0,0.0,0.0
203992,22400960,1610612746,12.0,3.0,3.0,0.0,6.0,4.0,2.0,2.0
1627732,22400960,1610612746,2.0,4.0,2.0,0.0,4.0,1.0,0.0,0.0
1642353,22400960,1610612746,2.0,1.0,1.0,0.0,1.0,1.0,0.0,0.0
1629234,22400960,1610612746,0.0,0.0,0.0,0.0,0.0,0.0,0.0,0.0
1641738,22400960,1610612746,0.0,1.0,1.0,0.0,0.0,0.0,0.0,0.0
201988,22400960,1610612746,0.0,1.0,0.0,0.0,0.0,0.0,0.0,0.0
1642258,22400960,1610612737,15.0,1.0,7.0,0.0,10.0,6.0,2.0,2.0
1631243,22400960,1610612737,5.0,0.0,4.0,1.0,4.0,2.0,0.0,0.0
1630168,22400960,1610612737,18.0,3.0,10.0,3.0,10.0,6.0,6.0,6.0
1630700,22400960,1610612737,6.0,5.0,6.0,0.0,12.0,2.0,2.0,2.0
1629027,22400960,1610612737,17.0,7.0,4.0,0.0,18.0,6.0,4.0,3.0
1627777,22400960,1610612737,0.0,1.0,0.0,0.0,5.0,0.0,0.0,0.0
1631230,22400960,1610612737,10.0,0.0,4.0,0.0,8.0,5.0,1.0,0.0
1627747,22400960,1610612737,12.0,2.0,4.0,1.0,9.0,4.0,2.0,2.0
1629611,22400960,1610612737,9.0,4.0,3.0,0.0,8.0,4.0,0.0,0.0
1630249,22400960,1610612737,6.0,2.0,2.0,1.0,4.0,2.0,0.0,0.0
1630174,22400959,1610612754,16.0,2.0,3.0,0.0,11.0,6.0,2.0,1.0
1627783,22400959,1610612754,27.0,4.0,7.0,2.0,20.0,12.0,3.0,2.0
1626167,22400959,1610612754,18.0,1.0,7.0,1.0,13.0,7.0,2.0,2.0
1629614,22400959,1610612754,5.0,7.0,2.0,0.0,6.0,1.0,2.0,2.0
1630169,22400959,1610612754,14.0,10.0,5.0,0.0,13.0,5.0,3.0,2.0
1630167,22400959,1610612754,11.0,3.0,8.0,0.0,7.0,4.0,4.0,3.0
1628418,22400959,1610612754,6.0,1.0,6.0,1.0,4.0,3.0,0.0,0.0
204456,22400959,1610612754,8.0,0.0,2.0,0.0,4.0,4.0,0.0,0.0
1631097,22400959,1610612754,5.0,1.0,1.0,0.0,7.0,1.0,2.0,2.0
1641767,22400959,1610612754,2.0,1.0,4.0,0.0,4.0,1.0,0.0,0.0
1631245,22400959,1610612754,0.0,1.0,0.0,0.0,0.0,0.0,0.0,0.0
1642277,22400959,1610612754,0.0,0.0,0.0,0.0,0.0,0.0,0.0,0.0
1628396,22400959,1610612754,0.0,0.0,0.0,0.0,0.0,0.0,0.0,0.0
1641741,22400959,1610612755,14.0,0.0,4.0,3.0,14.0,5.0,3.0,2.0
1627824,22400959,1610612755,5.0,2.0,15.0,0.0,6.0,1.0,4.0,2.0
1641737,22400959,1610612755,16.0,0.0,9.0,1.0,8.0,5.0,7.0,6.0
1630288,22400959,1610612755,24.0,4.0,5.0,1.0,20.0,11.0,1.0,1.0
1630215,22400959,1610612755,17.0,4.0,3.0,1.0,13.0,6.0,2.0,2.0
1641720,22400959,1610612755,5.0,3.0,3.0,0.0,8.0,2.0,2.0,1.0
1642024,22400959,1610612755,5.0,0.0,3.0,2.0,5.0,2.0,0.0,0.0
1629052,22400959,1610612755,14.0,0.0,1.0,1.0,8.0,5.0,3.0,1.0
201942,22400967,1610612758,23.0,1.0,0.0,0.0,13.0,9.0,3.0,2.0
1631099,22400967,1610612758,14.0,2.0,8.0,0.0,13.0,6.0,0.0,0.0
1627734,22400967,1610612758,12.0,12.0,11.0,1.0,11.0,4.0,4.0,4.0
203897,22400967,1610612758,21.0,2.0,3.0,0.0,13.0,7.0,6.0,5.0
1628370,22400967,1610612758,18.0,5.0,8.0,0.0,18.0,8.0,2.0,2.0
1631165,22400967,1610612758,7.0,1.0,1.0,0.0,2.0,2.0,3.0,3.0
202685,22400967,1610612758,6.0,2.0,5.0,0.0,5.0,2.0,2.0,2.0
1631222,22400967,1610612758,3.0,0.0,2.0,0.0,4.0,1.0,0.0,0.0
1642269,22400967,1610612758,0.0,0.0,1.0,0.0,0.0,0.0,0.0,0.0
1642403,22400967,1610612758,2.0,0.0,1.0,0.0,1.0,1.0,0.0,0.0
1642384,22400967,1610612758,0.0,0.0,0.0,0.0,0.0,0.0,0.0,0.0
1628365,22400967,1610612758,0.0,0.0,0.0,0.0,1.0,0.0,0.0,0.0
1642346,22400967,1610612756,16.0,3.0,5.0,0.0,16.0,6.0,2.0,2.0
201142,22400967,1610612756,22.0,6.0,4.0,2.0,15.0,7.0,4.0,4.0
203486,22400967,1610612756,2.0,1.0,5.0,0.0,3.0,1.0,0.0,0.0
203078,22400967,1610612756,15.0,2.0,3.0,0.0,9.0,5.0,3.0,1.0
1626164,22400967,1610612756,22.0,13.0,4.0,0.0,17.0,8.0,2.0,2.0
1642345,22400967,1610612756,11.0,1.0,6.0,1.0,5.0,4.0,4.0,3.0
1631221,22400967,1610612756,5.0,2.0,1.0,0.0,3.0,1.0,2.0,2.0
1626220,22400967,1610612756,9.0,1.0,3.0,0.0,4.0,3.0,0.0,0.0
1626145,22400967,1610612756,20.0,4.0,2.0,0.0,7.0,6.0,2.0,2.0
1631102,22400967,1610612756,0.0,0.0,0.0,0.0,0.0,0.0,0.0,0.0
1629626,22400967,1610612756,0.0,0.0,1.0,0.0,0.0,0.0,0.0,0.0
1630171,22400962,1610612739,7,2,3,0,4,3,0,0
1630596,22400962,1610612739,22,3,11,2,16,9,2,1
1628386,22400962,1610612739,16,3,6,1,7,6,8,4
1629622,22400962,1610612739,9,5,4,0,4,2,3,3
1629636,22400962,1610612739,20,9,2,0,17,7,3,3
1629631,22400962,1610612739,18,1,5,0,6,4,8,7
1629660,22400962,1610612739,12,5,2,0,8,4,3,3
1630241,22400962,1610612739,14,2,1,0,7,5,0,0
1629731,22400962,1610612739,2,0,4,0,4,1,0,0
1629750,22400962,1610612739,10,2,4,0,10,3,2,2
202684,22400962,1610612739,0,0,0,0,0,0,0,0
1641854,22400962,1610612739,1,0,0,1,1,0,2,1
1642281,22400962,1610612739,2,0,1,0,4,0,2,2
1642377,22400962,1610612763,7,0,0,0,5,3,1,1
1628991,22400962,1610612763,13,0,3,2,10,4,2,2
1641744,22400962,1610612763,6,1,3,0,4,2,2,2
1630217,22400962,1610612763,12,3,6,0,16,5,1,0
1629630,22400962,1610612763,44,7,8,0,22,17,10,9
1631246,22400962,1610612763,3,2,3,0,2,1,0,0
1629634,22400962,1610612763,13,1,5,0,7,5,5,3
1630590,22400962,1610612763,8,6,3,1,6,3,0,0
1628379,22400962,1610612763,0,0,1,0,5,0,0,0
1641713,22400962,1610612763,4,1,6,0,9,2,0,0
1630643,22400962,1610612763,2,0,0,0,1,1,0,0
1630205,22400962,1610612763,7,1,5,0,4,3,0,0
1642285,22400962,1610612763,3,2,0,0,4,1,0,0
1628963,22400962,1610612763,0,0,1,0,1,0,0,0
1629723,22400962,1610612763,2,1,1,0,1,1,0,0
1630182,22400964,1610612766,20.0,3.0,1.0,0.0,11.0,7.0,0.0,0.0
1628970,22400964,1610612766,21.0,8.0,7.0,1.0,14.0,7.0,7.0,5.0
1631109,22400964,1610612766,14.0,3.0,10.0,0.0,6.0,5.0,4.0,4.0
1629610,22400964,1610612766,13.0,1.0,1.0,0.0,9.0,5.0,0.0,0.0
1630163,22400964,1610612766,27.0,15.0,3.0,0.0,13.0,9.0,2.0,2.0
1630585,22400964,1610612766,5.0,3.0,1.0,1.0,6.0,1.0,2.0,2.0
1641733,22400964,1610612766,26.0,5.0,3.0,0.0,12.0,9.0,2.0,2.0
203994,22400964,1610612766,14.0,1.0,3.0,0.0,7.0,6.0,2.0,2.0
203552,22400964,1610612766,5.0,2.0,2.0,0.0,4.0,2.0,0.0,0.0
1631111,22400964,1610612766,0.0,1.0,1.0,0.0,1.0,0.0,0.0,0.0
1631217,22400964,1610612766,0.0,0.0,2.0,0.0,2.0,0.0,0.0,0.0
1630170,22400964,1610612759,22.0,3.0,3.0,1.0,16.0,9.0,1.0,1.0
203084,22400964,1610612759,10.0,1.0,1.0,0.0,9.0,4.0,1.0,0.0
202687,22400964,1610612759,0.0,4.0,2.0,1.0,0.0,0.0,0.0,0.0
1642264,22400964,1610612759,26.0,1.0,3.0,1.0,17.0,10.0,4.0,3.0
101108,22400964,1610612759,3.0,3.0,1.0,0.0,3.0,1.0,0.0,0.0
1630577,22400964,1610612759,12.0,2.0,5.0,0.0,8.0,4.0,1.0,1.0
1629640,22400964,1610612759,12.0,3.0,5.0,0.0,11.0,4.0,3.0,3.0
1631110,22400964,1610612759,14.0,2.0,4.0,0.0,9.0,4.0,6.0,5.0
1630572,22400964,1610612759,13.0,1.0,3.0,2.0,12.0,5.0,0.0,0.0
1631104,22400964,1610612759,10.0,3.0,4.0,0.0,6.0,3.0,4.0,3.0
1631127,22400964,1610612759,2.0,1.0,3.0,0.0,1.0,1.0,0.0,0.0
1631103,22400964,1610612759,7.0,1.0,0.0,0.0,2.0,2.0,2.0,1.0
1629162,22400964,1610612759,3.0,2.0,2.0,0.0,1.0,1.0,0.0,0.0
1630230,22400961,1610612742,21.0,3.0,5.0,1.0,15.0,8.0,4.0,4.0
1630556,22400961,1610612742,12.0,0.0,6.0,4.0,10.0,4.0,2.0,2.0
203939,22400961,1610612742,1.0,2.0,2.0,1.0,1.0,0.0,2.0,1.0
202691,22400961,1610612742,5.0,3.0,9.0,0.0,16.0,2.0,1.0,1.0
203957,22400961,1610612742,2.0,0.0,0.0,0.0,3.0,1.0,0.0,0.0
1631108,22400961,1610612742,2.0,0.0,4.0,0.0,13.0,1.0,0.0,0.0
203915,22400961,1610612742,20.0,2.0,3.0,0.0,15.0,9.0,1.0,0.0
1628997,22400961,1610612742,8.0,2.0,1.0,0.0,7.0,3.0,1.0,1.0
1630314,22400961,1610612742,25.0,2.0,4.0,0.0,14.0,11.0,1.0,1.0
1631106,22400961,1610612745,30.0,2.0,8.0,2.0,15.0,11.0,6.0,6.0
1628415,22400961,1610612745,12.0,3.0,2.0,0.0,13.0,5.0,0.0,0.0
1630578,22400961,1610612745,16.0,4.0,15.0,0.0,16.0,7.0,3.0,2.0
1630224,22400961,1610612745,23.0,5.0,9.0,2.0,19.0,9.0,2.0,1.0
1627832,22400961,1610612745,8.0,3.0,7.0,0.0,8.0,3.0,0.0,0.0
1631095,22400961,1610612745,13.0,2.0,8.0,2.0,10.0,6.0,1.0,1.0
1629111,22400961,1610612745,6.0,0.0,5.0,0.0,4.0,3.0,0.0,0.0
201145,22400961,1610612745,0.0,1.0,4.0,0.0,0.0,0.0,0.0,0.0
1628988,22400961,1610612745,13.0,4.0,3.0,0.0,9.0,5.0,0.0,0.0
1630256,22400961,1610612745,2.0,1.0,5.0,0.0,3.0,1.0,0.0,0.0
1631466,22400961,1610612745,0.0,1.0,1.0,0.0,2.0,0.0,0.0,0.0
1641715,22400961,1610612745,10.0,1.0,0.0,0.0,6.0,4.0,0.0,0.0
1628369,22400958,1610612738,28.0,5.0,4.0,0.0,21.0,8.0,7.0,7.0
201143,22400958,1610612738,9.0,5.0,9.0,1.0,7.0,3.0,2.0,2.0
1628436,22400958,1610612738,4.0,1.0,4.0,0.0,3.0,2.0,0.0,0.0
1628401,22400958,1610612738,18.0,4.0,5.0,0.0,18.0,7.0,2.0,1.0
201950,22400958,1610612738,25.0,3.0,4.0,2.0,15.0,10.0,0.0,0.0
1630202,22400958,1610612738,11.0,0.0,3.0,0.0,12.0,4.0,0.0,0.0
1630573,22400958,1610612738,6.0,0.0,3.0,0.0,4.0,2.0,0.0,0.0
1629674,22400958,1610612738,2.0,0.0,8.0,1.0,2.0,0.0,2.0,2.0
1641775,22400958,1610612738,0.0,0.0,1.0,0.0,1.0,0.0,0.0,0.0
203952,22400958,1610612748,23.0,3.0,4.0,0.0,21.0,9.0,4.0,2.0
1631170,22400958,1610612748,13.0,3.0,5.0,0.0,10.0,5.0,3.0,1.0
1628389,22400958,1610612748,9.0,2.0,9.0,1.0,7.0,3.0,3.0,3.0
1629130,22400958,1610612748,6.0,0.0,3.0,0.0,6.0,2.0,0.0,0.0
1629639,22400958,1610612748,19.0,6.0,5.0,2.0,15.0,7.0,2.0,2.0
1630558,22400958,1610612748,12.0,4.0,9.0,0.0,8.0,4.0,3.0,1.0
1629312,22400958,1610612748,0.0,0.0,0.0,0.0,2.0,0.0,0.0,0.0
1642276,22400958,1610612748,7.0,0.0,3.0,1.0,4.0,3.0,2.0,1.0
1641796,22400958,1610612748,2.0,0.0,0.0,0.0,2.0,1.0,0.0,0.0
1642261,22400965,1610612747,32.0,1.0,2.0,0.0,27.0,13.0,2.0,1.0
1629020,22400965,1610612747,9.0,7.0,7.0,0.0,6.0,3.0,4.0,2.0
203458,22400965,1610612747,2.0,1.0,5.0,0.0,2.0,1.0,0.0,0.0
1630559,22400965,1610612747,37.0,13.0,8.0,0.0,26.0,13.0,7.0,7.0
1630692,22400965,1610612747,10.0,2.0,6.0,1.0,8.0,4.0,0.0,0.0
1631132,22400965,1610612747,8.0,2.0,7.0,1.0,7.0,4.0,0.0,0.0
1629003,22400965,1610612747,16.0,3.0,5.0,0.0,11.0,7.0,1.0,1.0
202693,22400965,1610612747,7.0,3.0,5.0,0.0,11.0,3.0,0.0,0.0
1642355,22400965,1610612747,5.0,0.0,2.0,0.0,5.0,1.0,2.0,2.0
1629629,22400965,1610612747,0.0,0.0,0.0,0.0,2.0,0.0,0.0,0.0
1629008,22400965,1610612743,13.0,2.0,4.0,0.0,11.0,5.0,2.0,2.0
203932,22400965,1610612743,17.0,4.0,7.0,1.0,6.0,3.0,10.0,9.0
203999,22400965,1610612743,28.0,5.0,7.0,1.0,16.0,8.0,17.0,12.0
1631128,22400965,1610612743,22.0,6.0,5.0,0.0,10.0,9.0,2.0,2.0
1627750,22400965,1610612743,26.0,5.0,4.0,1.0,16.0,9.0,3.0,3.0
201566,22400965,1610612743,17.0,7.0,6.0,0.0,16.0,7.0,0.0,0.0
1630192,22400965,1610612743,4.0,0.0,5.0,1.0,5.0,2.0,0.0,0.0
1631212,22400965,1610612743,4.0,1.0,1.0,1.0,5.0,1.0,4.0,2.0
1629618,22400965,1610612743,0.0,0.0,0.0,0.0,0.0,0.0,0.0,0.0
1629661,22400956,1610612751,16.0,1.0,6.0,1.0,12.0,7.0,0.0,0.0
1630533,22400956,1610612751,11.0,1.0,4.0,0.0,7.0,5.0,0.0,0.0
1629651,22400956,1610612751,18.0,5.0,14.0,0.0,13.0,8.0,4.0,2.0
1630560,22400956,1610612751,24.0,10.0,6.0,1.0,23.0,8.0,6.0,5.0
1626156,22400956,1610612751,4.0,4.0,3.0,1.0,9.0,2.0,0.0,0.0
1631213,22400956,1610612751,19.0,3.0,4.0,0.0,13.0,7.0,0.0,0.0
1630570,22400956,1610612751,7.0,3.0,3.0,0.0,7.0,1.0,6.0,5.0
1630592,22400956,1610612751,2.0,0.0,2.0,0.0,3.0,1.0,0.0,0.0
1630553,22400956,1610612751,2.0,2.0,2.0,2.0,4.0,1.0,0.0,0.0
1630549,22400956,1610612751,7.0,3.0,6.0,2.0,5.0,3.0,2.0,1.0
1628989,22400956,1610612741,18.0,3.0,9.0,0.0,16.0,7.0,2.0,2.0
1641824,22400956,1610612741,6.0,1.0,3.0,0.0,7.0,2.0,2.0,2.0
202696,22400956,1610612741,7.0,3.0,3.0,0.0,6.0,3.0,2.0,1.0
1629632,22400956,1610612741,31.0,4.0,7.0,0.0,24.0,12.0,4.0,4.0
1630200,22400956,1610612741,18.0,6.0,6.0,0.0,12.0,6.0,6.0,5.0
1641763,22400956,1610612741,16.0,5.0,7.0,1.0,10.0,5.0,4.0,4.0
1630172,22400956,1610612741,10.0,1.0,2.0,0.0,8.0,4.0,0.0,0.0
1628380,22400956,1610612741,9.0,1.0,9.0,3.0,4.0,2.0,4.0,4.0
1631207,22400956,1610612741,1.0,0.0,1.0,0.0,3.0,0.0,2.0,1.0
1629659,22400956,1610612741,0.0,0.0,0.0,0.0,0.0,0.0,0.0,0.0
1630551,22400954,1610612764,17.0,1.0,9.0,0.0,9.0,6.0,2.0,2.0
203114,22400954,1610612764,16.0,8.0,7.0,0.0,13.0,6.0,3.0,3.0
1642259,22400954,1610612764,19.0,3.0,5.0,4.0,12.0,7.0,2.0,2.0
1642273,22400954,1610612764,9.0,1.0,4.0,0.0,8.0,3.0,0.0,0.0
1629673,22400954,1610612764,17.0,4.0,6.0,0.0,13.0,4.0,6.0,5.0
1630557,22400954,1610612764,14.0,2.0,2.0,0.0,7.0,4.0,4.0,4.0
1642267,22400954,1610612764,16.0,3.0,4.0,0.0,12.0,6.0,3.0,3.0
203935,22400954,1610612764,15.0,7.0,4.0,0.0,13.0,5.0,4.0,2.0
1626158,22400954,1610612764,6.0,1.0,6.0,1.0,3.0,2.0,3.0,2.0
1630264,22400954,1610612764,0.0,0.0,0.0,0.0,0.0,0.0,0.0,0.0
1641709,22400954,1610612765,10.0,1.0,4.0,1.0,6.0,4.0,2.0,1.0
202699,22400954,1610612765,14.0,3.0,6.0,1.0,12.0,5.0,3.0,2.0
1631105,22400954,1610612765,18.0,0.0,14.0,1.0,10.0,8.0,2.0,2.0
203501,22400954,1610612765,10.0,1.0,3.0,0.0,11.0,3.0,3.0,2.0
1630595,22400954,1610612765,38.0,10.0,3.0,2.0,25.0,9.0,21.0,20.0
1627736,22400954,1610612765,8.0,2.0,2.0,0.0,5.0,2.0,4.0,2.0
1630191,22400954,1610612765,4.0,2.0,1.0,1.0,1.0,1.0,2.0,2.0
203471,22400954,1610612765,11.0,3.0,2.0,0.0,6.0,3.0,4.0,4.0
1631323,22400954,1610612765,9.0,1.0,2.0,0.0,5.0,3.0,1.0,1.0
1641842,22400954,1610612765,3.0,0.0,4.0,0.0,4.0,1.0,1.0,1.0
1630532,22401141,1610612753,27.0,5.0,6.0,0.0,17.0,11.0,4.0,4.0
1631094,22401141,1610612753,34.0,4.0,11.0,1.0,22.0,14.0,2.0,2.0
1628976,22401141,1610612753,8.0,2.0,4.0,1.0,7.0,3.0,2.0,2.0
203484,22401141,1610612753,12.0,3.0,3.0,1.0,10.0,5.0,0.0,0.0
202709,22401141,1610612753,12.0,3.0,6.0,0.0,9.0,4.0,2.0,2.0
1628371,22401141,1610612753,8.0,1.0,3.0,2.0,3.0,2.0,8.0,4.0
1641724,22401141,1610612753,0.0,1.0,1.0,0.0,4.0,0.0,0.0,0.0
1641710,22401141,1610612753,6.0,2.0,1.0,1.0,4.0,2.0,0.0,0.0
1641783,22401141,1610612753,3.0,1.0,2.0,1.0,5.0,1.0,0.0,0.0
1631216,22401141,1610612753,3.0,1.0,1.0,0.0,2.0,1.0,0.0,0.0
1629048,22401141,1610612753,0.0,2.0,1.0,0.0,0.0,0.0,0.0,0.0
1630243,22401141,1610612753,0.0,0.0,0.0,0.0,0.0,0.0,0.0,0.0
1630530,22401141,1610612740,17.0,2.0,5.0,0.0,12.0,5.0,6.0,6.0
1629627,22401141,1610612740,20.0,5.0,8.0,0.0,15.0,8.0,6.0,4.0
1631255,22401141,1610612740,8.0,1.0,6.0,2.0,8.0,4.0,0.0,0.0
1628971,22401141,1610612740,0.0,2.0,0.0,1.0,3.0,0.0,0.0,0.0
203468,22401141,1610612740,9.0,4.0,2.0,0.0,10.0,3.0,2.0,2.0
1641722,22401141,1610612740,11.0,1.0,0.0,0.0,8.0,4.0,2.0,2.0
1628964,22401141,1610612740,2.0,1.0,8.0,1.0,3.0,1.0,0.0,0.0
1630631,22401141,1610612740,12.0,4.0,2.0,0.0,10.0,5.0,1.0,0.0
1630526,22401141,1610612740,11.0,3.0,6.0,0.0,7.0,4.0,2.0,1.0
1641810,22401141,1610612740,3.0,0.0,3.0,0.0,3.0,1.0,2.0,1.0
1631288,22401141,1610612740,0.0,0.0,0.0,0.0,0.0,0.0,0.0,0.0
1629216,22400955,1610612747,6.0,1.0,1.0,0.0,10.0,3.0,0.0,0.0
1627827,22400955,1610612747,5.0,0.0,1.0,0.0,8.0,2.0,0.0,0.0
203458,22400955,1610612747,2.0,1.0,3.0,0.0,3.0,1.0,0.0,0.0
1630559,22400955,1610612747,28.0,3.0,8.0,0.0,17.0,10.0,4.0,4.0
1629029,22400955,1610612747,45.0,3.0,11.0,1.0,27.0,14.0,12.0,10.0
1642261,22400955,1610612747,10.0,3.0,5.0,0.0,7.0,4.0,0.0,0.0
1630692,22400955,1610612747,0.0,3.0,4.0,1.0,2.0,0.0,0.0,0.0
1631132,22400955,1610612747,2.0,1.0,0.0,2.0,3.0,1.0,0.0,0.0
1629020,22400955,1610612747,4.0,1.0,3.0,0.0,4.0,2.0,0.0,0.0
202693,22400955,1610612747,4.0,2.0,1.0,0.0,4.0,1.0,2.0,1.0
1629003,22400955,1610612747,0.0,0.0,1.0,0.0,2.0,0.0,0.0,0.0
1628398,22400955,1610612749,5.0,0.0,4.0,0.0,9.0,2.0,0.0,0.0
203507,22400955,1610612749,24.0,9.0,12.0,1.0,17.0,8.0,13.0,8.0
201572,22400955,1610612749,23.0,5.0,4.0,4.0,9.0,8.0,5.0,4.0
1627752,22400955,1610612749,7.0,1.0,4.0,1.0,6.0,3.0,0.0,0.0
203081,22400955,1610612749,22.0,10.0,6.0,0.0,14.0,6.0,8.0,8.0
1629645,22400955,1610612749,22.0,1.0,3.0,2.0,10.0,5.0,7.0,7.0
1629018,22400955,1610612749,16.0,1.0,0.0,0.0,14.0,6.0,0.0,0.0
1630579,22400955,1610612749,4.0,1.0,11.0,0.0,2.0,2.0,0.0,0.0
1631260,22400955,1610612749,3.0,2.0,0.0,0.0,2.0,1.0,0.0,0.0
1631157,22400955,1610612749,0.0,0.0,2.0,0.0,0.0,0.0,0.0,0.0
1641748,22400955,1610612749,0.0,0.0,1.0,0.0,0.0,0.0,0.0,0.0
1641753,22400955,1610612749,0.0,0.0,1.0,0.0,3.0,0.0,0.0,0.0
1631250,22400955,1610612749,0.0,0.0,0.0,0.0,0.0,0.0,0.0,0.0
201942,22400957,1610612758,23.0,7.0,5.0,0.0,13.0,8.0,8.0,7.0
1631099,22400957,1610612758,6.0,2.0,4.0,2.0,10.0,2.0,0.0,0.0
202685,22400957,1610612758,5.0,0.0,9.0,1.0,7.0,2.0,2.0,1.0
203897,22400957,1610612758,14.0,3.0,1.0,0.0,6.0,5.0,0.0,0.0
1628370,22400957,1610612758,7.0,6.0,4.0,1.0,13.0,3.0,3.0,1.0
1631165,22400957,1610612758,18.0,4.0,0.0,0.0,12.0,7.0,2.0,1.0
1631222,22400957,1610612758,13.0,1.0,0.0,0.0,7.0,5.0,2.0,1.0
1626168,22400957,1610612758,11.0,0.0,5.0,0.0,6.0,4.0,1.0,1.0
1642269,22400957,1610612758,5.0,2.0,1.0,0.0,1.0,1.0,2.0,2.0
203926,22400957,1610612758,0.0,0.0,0.0,0.0,1.0,0.0,0.0,0.0
1642403,22400957,1610612758,2.0,0.0,1.0,0.0,0.0,0.0,2.0,2.0
1628365,22400957,1610612758,0.0,0.0,0.0,0.0,2.0,0.0,0.0,0.0
1642384,22400957,1610612758,0.0,0.0,0.0,0.0,1.0,0.0,0.0,0.0
202710,22400957,1610612744,6.0,7.0,5.0,0.0,5.0,2.0,2.0,2.0
203110,22400957,1610612744,23.0,4.0,4.0,1.0,14.0,8.0,4.0,3.0
1642366,22400957,1610612744,10.0,0.0,4.0,1.0,7.0,3.0,2.0,1.0
1630541,22400957,1610612744,17.0,6.0,4.0,1.0,7.0,4.0,6.0,5.0
201939,22400957,1610612744,11.0,5.0,2.0,1.0,9.0,4.0,1.0,1.0
1630228,22400957,1610612744,18.0,1.0,3.0,0.0,10.0,7.0,6.0,4.0
1627741,22400957,1610612744,16.0,5.0,4.0,0.0,10.0,6.0,1.0,0.0
1627780,22400957,1610612744,11.0,2.0,4.0,0.0,6.0,4.0,0.0,0.0
1626172,22400957,1610612744,6.0,1.0,6.0,1.0,3.0,2.0,2.0,2.0
1630611,22400957,1610612744,10.0,3.0,5.0,0.0,4.0,4.0,0.0,0.0
1630311,22400957,1610612744,2.0,0.0,0.0,0.0,3.0,1.0,0.0,0.0
1631218,22400957,1610612744,0.0,1.0,2.0,0.0,0.0,0.0,0.0,0.0
203992,22400948,1610612746,30.0,4.0,10.0,0.0,16.0,11.0,4.0,4.0
201587,22400948,1610612746,6.0,2.0,2.0,0.0,6.0,2.0,0.0,0.0
1627826,22400948,1610612746,26.0,1.0,14.0,0.0,16.0,12.0,3.0,2.0
1627739,22400948,1610612746,4.0,3.0,2.0,0.0,3.0,2.0,0.0,0.0
201935,22400948,1610612746,24.0,11.0,8.0,0.0,20.0,6.0,13.0,9.0
1627884,22400948,1610612746,8.0,0.0,4.0,0.0,3.0,3.0,4.0,1.0
1629599,22400948,1610612746,13.0,1.0,2.0,0.0,7.0,5.0,0.0,0.0
1629234,22400948,1610612746,6.0,1.0,2.0,0.0,3.0,3.0,0.0,0.0
201988,22400948,1610612746,0.0,0.0,0.0,0.0,0.0,0.0,0.0,0.0
1641738,22400948,1610612746,0.0,0.0,1.0,0.0,1.0,0.0,0.0,0.0
1641757,22400948,1610612746,2.0,1.0,0.0,0.0,1.0,1.0,0.0,0.0
203952,22400948,1610612748,22.0,5.0,3.0,3.0,17.0,9.0,5.0,2.0
1628389,22400948,1610612748,6.0,7.0,7.0,0.0,7.0,2.0,2.0,2.0
1642276,22400948,1610612748,4.0,2.0,7.0,0.0,4.0,2.0,0.0,0.0
1629639,22400948,1610612748,31.0,7.0,6.0,0.0,23.0,13.0,3.0,3.0
1630558,22400948,1610612748,6.0,0.0,0.0,0.0,4.0,2.0,2.0,1.0
1629312,22400948,1610612748,0.0,1.0,3.0,0.0,3.0,0.0,0.0,0.0
1629130,22400948,1610612748,15.0,0.0,1.0,0.0,9.0,5.0,0.0,0.0
1626179,22400948,1610612748,7.0,4.0,1.0,0.0,8.0,3.0,0.0,0.0
1631170,22400948,1610612748,3.0,0.0,1.0,0.0,1.0,1.0,0.0,0.0
1641796,22400948,1610612748,10.0,1.0,0.0,0.0,8.0,3.0,2.0,2.0
1626220,22400949,1610612756,2.0,8.0,4.0,1.0,6.0,1.0,0.0,0.0
201142,22400949,1610612756,19.0,0.0,7.0,1.0,12.0,8.0,2.0,1.0
203486,22400949,1610612756,4.0,0.0,6.0,0.0,2.0,2.0,0.0,0.0
203078,22400949,1610612756,25.0,3.0,0.0,0.0,14.0,9.0,7.0,7.0
1626164,22400949,1610612756,19.0,4.0,3.0,0.0,15.0,7.0,5.0,3.0
1629626,22400949,1610612756,7.0,1.0,3.0,0.0,7.0,2.0,2.0,2.0
1626145,22400949,1610612756,11.0,4.0,4.0,0.0,8.0,4.0,0.0,0.0
1642345,22400949,1610612756,8.0,0.0,6.0,4.0,4.0,4.0,0.0,0.0
1642346,22400949,1610612756,4.0,0.0,2.0,2.0,3.0,1.0,2.0,1.0
1631221,22400949,1610612756,2.0,2.0,2.0,0.0,0.0,0.0,2.0,2.0
1631102,22400949,1610612756,0.0,0.0,0.0,0.0,1.0,0.0,0.0,0.0
1627814,22400949,1610612756,3.0,0.0,0.0,0.0,1.0,1.0,0.0,0.0
1631106,22400949,1610612745,15.0,1.0,10.0,2.0,13.0,6.0,2.0,1.0
1628415,22400949,1610612745,19.0,4.0,1.0,0.0,14.0,8.0,3.0,1.0
1630578,22400949,1610612745,20.0,7.0,4.0,0.0,7.0,7.0,6.0,5.0
1630224,22400949,1610612745,29.0,4.0,7.0,0.0,16.0,8.0,11.0,10.0
1627832,22400949,1610612745,10.0,4.0,2.0,0.0,9.0,4.0,0.0,0.0
1631095,22400949,1610612745,8.0,3.0,4.0,0.0,12.0,4.0,0.0,0.0
203500,22400949,1610612745,1.0,1.0,4.0,0.0,1.0,0.0,2.0,1.0
201145,22400949,1610612745,0.0,0.0,1.0,0.0,2.0,0.0,0.0,0.0
1628988,22400949,1610612745,6.0,0.0,1.0,1.0,6.0,2.0,0.0,0.0
1641715,22400949,1610612745,0.0,0.0,1.0,0.0,5.0,0.0,0.0,0.0
1629111,22400949,1610612745,3.0,1.0,3.0,0.0,3.0,1.0,1.0,1.0
1630256,22400949,1610612745,0.0,0.0,0.0,0.0,0.0,0.0,0.0,0.0
1631466,22400949,1610612745,0.0,0.0,0.0,0.0,0.0,0.0,0.0,0.0
1629652,22400946,1610612760,13.0,0.0,4.0,0.0,12.0,5.0,2.0,0.0
1630598,22400946,1610612760,0.0,1.0,3.0,0.0,9.0,0.0,0.0,0.0
1631096,22400946,1610612760,23.0,2.0,15.0,1.0,14.0,8.0,7.0,4.0
1641717,22400946,1610612760,14.0,3.0,4.0,1.0,6.0,5.0,4.0,3.0
1628983,22400946,1610612760,34.0,7.0,5.0,0.0,20.0,11.0,11.0,10.0
1628392,22400946,1610612760,11.0,3.0,6.0,0.0,7.0,4.0,4.0,3.0
1629026,22400946,1610612760,10.0,1.0,4.0,0.0,6.0,3.0,4.0,2.0
1630198,22400946,1610612760,11.0,2.0,2.0,0.0,7.0,3.0,3.0,3.0
1631172,22400946,1610612760,2.0,0.0,1.0,0.0,1.0,1.0,0.0,0.0
1627759,22400946,1610612738,10.0,2.0,5.0,1.0,15.0,5.0,0.0,0.0
1628369,22400946,1610612738,33.0,8.0,8.0,0.0,23.0,12.0,5.0,5.0
201143,22400946,1610612738,18.0,6.0,10.0,2.0,14.0,6.0,0.0,0.0
1628401,22400946,1610612738,22.0,5.0,8.0,3.0,14.0,7.0,3.0,2.0
201950,22400946,1610612738,9.0,2.0,3.0,0.0,10.0,4.0,0.0,0.0
1630202,22400946,1610612738,8.0,1.0,1.0,0.0,10.0,3.0,0.0,0.0
1628470,22400946,1610612738,0.0,0.0,0.0,0.0,1.0,0.0,0.0,0.0
1630573,22400946,1610612738,3.0,1.0,2.0,0.0,4.0,1.0,0.0,0.0
1628436,22400946,1610612738,9.0,0.0,4.0,0.0,3.0,3.0,4.0,3.0
202691,22400951,1610612742,12.0,7.0,4.0,0.0,9.0,5.0,0.0,0.0
1630230,22400951,1610612742,15.0,3.0,3.0,0.0,15.0,7.0,1.0,0.0
1630556,22400951,1610612742,15.0,0.0,3.0,0.0,8.0,6.0,2.0,1.0
1631108,22400951,1610612742,6.0,4.0,4.0,0.0,6.0,2.0,0.0,0.0
203957,22400951,1610612742,17.0,3.0,3.0,0.0,7.0,6.0,3.0,3.0
203915,22400951,1610612742,14.0,4.0,4.0,0.0,10.0,5.0,2.0,2.0
203939,22400951,1610612742,11.0,0.0,4.0,0.0,6.0,5.0,1.0,1.0
1630314,22400951,1610612742,19.0,6.0,3.0,0.0,12.0,6.0,6.0,5.0
1628997,22400951,1610612742,7.0,3.0,3.0,0.0,8.0,3.0,2.0,1.0
1630170,22400951,1610612759,16.0,6.0,10.0,1.0,14.0,6.0,2.0,2.0
203084,22400951,1610612759,14.0,1.0,3.0,0.0,7.0,6.0,2.0,1.0
202687,22400951,1610612759,4.0,0.0,6.0,1.0,2.0,2.0,0.0,0.0
1628368,22400951,1610612759,32.0,11.0,9.0,0.0,25.0,12.0,6.0,6.0
101108,22400951,1610612759,9.0,9.0,2.0,0.0,6.0,3.0,0.0,0.0
1642264,22400951,1610612759,8.0,1.0,2.0,0.0,7.0,3.0,1.0,1.0
1629640,22400951,1610612759,18.0,2.0,5.0,0.0,9.0,7.0,4.0,4.0
1630572,22400951,1610612759,0.0,0.0,1.0,0.0,2.0,0.0,0.0,0.0
1631110,22400951,1610612759,18.0,2.0,7.0,0.0,13.0,8.0,0.0,0.0
1630577,22400951,1610612759,7.0,0.0,2.0,0.0,9.0,3.0,1.0,1.0
1630182,22400945,1610612766,2.0,0.0,3.0,0.0,5.0,1.0,0.0,0.0
1628970,22400945,1610612766,31.0,5.0,11.0,4.0,19.0,11.0,6.0,4.0
1631109,22400945,1610612766,14.0,2.0,14.0,2.0,9.0,6.0,2.0,2.0
1629610,22400945,1610612766,20.0,1.0,0.0,2.0,15.0,8.0,0.0,0.0
1630163,22400945,1610612766,25.0,9.0,2.0,1.0,21.0,6.0,10.0,10.0
1630585,22400945,1610612766,4.0,5.0,1.0,0.0,6.0,2.0,0.0,0.0
203994,22400945,1610612766,2.0,0.0,5.0,0.0,2.0,1.0,0.0,0.0
1641733,22400945,1610612766,7.0,2.0,3.0,0.0,7.0,3.0,0.0,0.0
203552,22400945,1610612766,0.0,1.0,1.0,0.0,1.0,0.0,0.0,0.0
1631111,22400945,1610612766,3.0,2.0,2.0,0.0,2.0,1.0,0.0,0.0
1631217,22400945,1610612766,2.0,2.0,5.0,0.0,1.0,1.0,0.0,0.0
1642258,22400945,1610612737,8.0,0.0,4.0,1.0,7.0,3.0,0.0,0.0
1631243,22400945,1610612737,6.0,1.0,3.0,2.0,3.0,2.0,2.0,1.0
1630168,22400945,1610612737,7.0,1.0,10.0,0.0,12.0,3.0,0.0,0.0
1630700,22400945,1610612737,10.0,3.0,5.0,2.0,14.0,5.0,0.0,0.0
1629027,22400945,1610612737,35.0,12.0,7.0,0.0,20.0,7.0,21.0,21.0
1627747,22400945,1610612737,15.0,2.0,4.0,0.0,9.0,5.0,1.0,1.0
1627777,22400945,1610612737,12.0,3.0,4.0,0.0,5.0,3.0,4.0,4.0
1631230,22400945,1610612737,9.0,2.0,3.0,1.0,6.0,2.0,6.0,5.0
1629611,22400945,1610612737,10.0,2.0,2.0,0.0,8.0,4.0,2.0,1.0
1630249,22400945,1610612737,11.0,0.0,1.0,0.0,4.0,3.0,3.0,2.0
1630183,22400952,1610612750,16.0,1.0,8.0,1.0,13.0,7.0,0.0,0.0
203944,22400952,1610612750,25.0,3.0,4.0,0.0,12.0,9.0,6.0,4.0
203497,22400952,1610612750,11.0,3.0,10.0,1.0,8.0,4.0,4.0,3.0
1630162,22400952,1610612750,29.0,6.0,4.0,0.0,22.0,10.0,5.0,4.0
201144,22400952,1610612750,8.0,5.0,1.0,0.0,5.0,3.0,1.0,1.0
1629675,22400952,1610612750,8.0,2.0,5.0,1.0,7.0,3.0,0.0,0.0
1628978,22400952,1610612750,10.0,6.0,6.0,2.0,10.0,4.0,0.0,0.0
1629638,22400952,1610612750,3.0,4.0,3.0,0.0,3.0,1.0,0.0,0.0
1641740,22400952,1610612750,0.0,0.0,0.0,0.0,2.0,0.0,0.0,0.0
1630568,22400952,1610612750,5.0,0.0,2.0,0.0,5.0,2.0,0.0,0.0
1630545,22400952,1610612750,0.0,1.0,0.0,0.0,0.0,0.0,0.0,0.0
1642265,22400952,1610612750,0.0,0.0,2.0,0.0,1.0,0.0,0.0,0.0
1631169,22400952,1610612750,0.0,0.0,3.0,0.0,2.0,0.0,0.0,0.0
1631128,22400952,1610612743,6.0,0.0,4.0,0.0,10.0,3.0,2.0,0.0
1629008,22400952,1610612743,10.0,2.0,9.0,0.0,10.0,3.0,5.0,4.0
203999,22400952,1610612743,34.0,4.0,8.0,0.0,23.0,13.0,8.0,6.0
201566,22400952,1610612743,19.0,1.0,4.0,0.0,12.0,8.0,2.0,2.0
1627750,22400952,1610612743,12.0,8.0,5.0,0.0,15.0,4.0,3.0,3.0
1630192,22400952,1610612743,0.0,0.0,3.0,2.0,1.0,0.0,0.0,0.0
1629618,22400952,1610612743,3.0,2.0,2.0,0.0,5.0,1.0,0.0,0.0
1631212,22400952,1610612743,0.0,1.0,3.0,1.0,4.0,0.0,0.0,0.0
1628427,22400952,1610612743,0.0,0.0,2.0,0.0,0.0,0.0,0.0,0.0
1641725,22400952,1610612743,1.0,1.0,0.0,0.0,2.0,0.0,2.0,1.0
1641816,22400952,1610612743,8.0,0.0,0.0,0.0,5.0,3.0,0.0,0.0
1642461,22400952,1610612743,0.0,1.0,1.0,1.0,1.0,0.0,0.0,0.0
1641790,22400952,1610612743,2.0,0.0,1.0,0.0,1.0,1.0,0.0,0.0
1628374,22400950,1610612762,14.0,0.0,6.0,0.0,14.0,5.0,1.0,1.0
1628381,22400950,1610612762,22.0,0.0,7.0,0.0,12.0,8.0,7.0,5.0
1631117,22400950,1610612762,9.0,5.0,14.0,6.0,5.0,4.0,2.0,1.0
1629012,22400950,1610612762,22.0,7.0,8.0,0.0,17.0,9.0,5.0,3.0
1642268,22400950,1610612762,11.0,6.0,4.0,0.0,8.0,4.0,4.0,2.0
203903,22400950,1610612762,12.0,2.0,4.0,0.0,10.0,3.0,5.0,4.0
1642262,22400950,1610612762,5.0,0.0,6.0,1.0,5.0,2.0,0.0,0.0
1642271,22400950,1610612762,9.0,3.0,8.0,0.0,7.0,3.0,4.0,3.0
1630231,22400950,1610612762,0.0,0.0,0.0,0.0,3.0,0.0,0.0,0.0
1641729,22400950,1610612762,11.0,1.0,3.0,1.0,9.0,4.0,0.0,0.0
1642377,22400950,1610612763,3.0,2.0,4.0,0.0,7.0,1.0,0.0,0.0
1641713,22400950,1610612763,8.0,0.0,4.0,0.0,6.0,3.0,0.0,0.0
1641744,22400950,1610612763,8.0,0.0,4.0,1.0,7.0,4.0,1.0,0.0
1630217,22400950,1610612763,17.0,9.0,5.0,1.0,14.0,6.0,2.0,2.0
1629630,22400950,1610612763,28.0,7.0,1.0,0.0,17.0,8.0,11.0,8.0
1630643,22400950,1610612763,5.0,1.0,4.0,1.0,6.0,2.0,0.0,0.0
1628379,22400950,1610612763,30.0,1.0,4.0,1.0,14.0,11.0,1.0,1.0
1630590,22400950,1610612763,11.0,6.0,0.0,1.0,8.0,3.0,4.0,3.0
1631246,22400950,1610612763,2.0,3.0,3.0,0.0,5.0,1.0,0.0,0.0
1630205,22400950,1610612763,2.0,0.0,6.0,1.0,3.0,0.0,2.0,2.0
1629634,22400950,1610612763,8.0,1.0,4.0,0.0,7.0,4.0,0.0,0.0
1642348,22400947,1610612755,4.0,2.0,1.0,1.0,8.0,2.0,0.0,0.0
1626162,22400947,1610612755,13.0,0.0,5.0,1.0,12.0,5.0,6.0,3.0
203083,22400947,1610612755,4.0,1.0,6.0,2.0,6.0,2.0,0.0,0.0
1629656,22400947,1610612755,29.0,3.0,4.0,2.0,23.0,11.0,6.0,5.0
1630215,22400947,1610612755,9.0,8.0,6.0,0.0,9.0,3.0,2.0,1.0
1629022,22400947,1610612755,0.0,0.0,1.0,0.0,0.0,0.0,0.0,0.0
1641741,22400947,1610612755,11.0,1.0,3.0,0.0,14.0,3.0,4.0,4.0
1630288,22400947,1610612755,20.0,3.0,2.0,0.0,14.0,9.0,0.0,0.0
1641737,22400947,1610612755,13.0,1.0,9.0,2.0,7.0,5.0,4.0,3.0
1642024,22400947,1610612755,2.0,0.0,3.0,3.0,3.0,1.0,0.0,0.0
1631197,22400947,1610612761,25.0,5.0,12.0,0.0,19.0,9.0,4.0,3.0
1630658,22400947,1610612761,7.0,2.0,14.0,3.0,8.0,3.0,1.0,1.0
1627751,22400947,1610612761,9.0,2.0,5.0,2.0,6.0,4.0,1.0,1.0
1642419,22400947,1610612761,11.0,1.0,8.0,0.0,15.0,4.0,0.0,0.0
1642347,22400947,1610612761,5.0,5.0,0.0,0.0,6.0,2.0,0.0,0.0
1630639,22400947,1610612761,28.0,4.0,6.0,0.0,20.0,10.0,6.0,4.0
1631115,22400947,1610612761,25.0,6.0,12.0,0.0,19.0,9.0,6.0,5.0
202066,22400947,1610612761,8.0,8.0,2.0,0.0,7.0,3.0,0.0,0.0
1628404,22400953,1610612752,11.0,9.0,11.0,0.0,14.0,4.0,2.0,1.0
1628384,22400953,1610612752,23.0,3.0,7.0,1.0,20.0,8.0,6.0,4.0
1626157,22400953,1610612752,21.0,4.0,7.0,1.0,12.0,8.0,4.0,3.0
1628969,22400953,1610612752,33.0,4.0,4.0,1.0,21.0,13.0,6.0,5.0
1630540,22400953,1610612752,11.0,5.0,1.0,2.0,12.0,4.0,0.0,0.0
1629013,22400953,1610612752,6.0,0.0,2.0,0.0,6.0,3.0,0.0,0.0
1629011,22400953,1610612752,3.0,1.0,4.0,2.0,1.0,1.0,2.0,1.0
1626166,22400953,1610612752,6.0,1.0,0.0,0.0,6.0,3.0,0.0,0.0
1630173,22400953,1610612752,0.0,0.0,2.0,0.0,2.0,0.0,0.0,0.0
1630166,22400953,1610612757,27.0,5.0,15.0,0.0,18.0,8.0,11.0,7.0
1641739,22400953,1610612757,14.0,4.0,3.0,0.0,10.0,6.0,0.0,0.0
1642270,22400953,1610612757,6.0,1.0,12.0,3.0,7.0,3.0,0.0,0.0
1631101,22400953,1610612757,21.0,2.0,9.0,0.0,18.0,8.0,2.0,2.0
1629014,22400953,1610612757,6.0,5.0,4.0,0.0,11.0,2.0,0.0,0.0
1630703,22400953,1610612757,30.0,2.0,3.0,0.0,16.0,10.0,10.0,6.0
1641871,22400953,1610612757,6.0,1.0,2.0,3.0,6.0,2.0,0.0,0.0
1631133,22400953,1610612757,0.0,0.0,2.0,0.0,1.0,0.0,0.0,0.0
1631200,22400953,1610612757,3.0,0.0,2.0,0.0,3.0,1.0,2.0,1.0
1628398,22400942,1610612749,9.0,2.0,4.0,0.0,9.0,4.0,2.0,1.0
203507,22400942,1610612749,19.0,7.0,17.0,1.0,14.0,9.0,3.0,1.0
201572,22400942,1610612749,23.0,1.0,7.0,0.0,11.0,9.0,3.0,3.0
1627752,22400942,1610612749,18.0,3.0,6.0,0.0,16.0,7.0,0.0,0.0
203081,22400942,1610612749,15.0,11.0,3.0,0.0,14.0,4.0,6.0,5.0
1629645,22400942,1610612749,9.0,4.0,2.0,0.0,5.0,2.0,5.0,4.0
1631260,22400942,1610612749,6.0,4.0,1.0,0.0,5.0,2.0,0.0,0.0
1630579,22400942,1610612749,6.0,0.0,3.0,1.0,3.0,3.0,0.0,0.0
1629018,22400942,1610612749,9.0,0.0,1.0,0.0,7.0,3.0,0.0,0.0
1630174,22400942,1610612754,9.0,1.0,4.0,0.0,11.0,4.0,0.0,0.0
1627783,22400942,1610612754,25.0,5.0,12.0,0.0,15.0,10.0,3.0,2.0
1626167,22400942,1610612754,13.0,2.0,6.0,2.0,12.0,5.0,3.0,2.0
1629614,22400942,1610612754,12.0,3.0,2.0,0.0,6.0,4.0,3.0,2.0
1630169,22400942,1610612754,14.0,10.0,3.0,0.0,12.0,5.0,2.0,2.0
1628418,22400942,1610612754,10.0,0.0,3.0,0.0,7.0,4.0,2.0,1.0
1631097,22400942,1610612754,17.0,1.0,4.0,0.0,12.0,5.0,4.0,4.0
204456,22400942,1610612754,12.0,7.0,2.0,1.0,9.0,6.0,0.0,0.0
1641767,22400942,1610612754,0.0,1.0,1.0,0.0,1.0,0.0,0.0,0.0
1630167,22400942,1610612754,3.0,0.0,0.0,0.0,2.0,1.0,1.0,1.0
1628396,22400942,1610612754,0.0,0.0,1.0,0.0,0.0,0.0,0.0,0.0
202695,22400943,1610612746,29.0,3.0,8.0,1.0,20.0,12.0,3.0,1.0
201587,22400943,1610612746,8.0,0.0,2.0,2.0,9.0,3.0,0.0,0.0
1627826,22400943,1610612746,19.0,5.0,11.0,4.0,12.0,9.0,2.0,1.0
1627739,22400943,1610612746,11.0,5.0,3.0,0.0,11.0,5.0,0.0,0.0
201935,22400943,1610612746,25.0,17.0,4.0,0.0,15.0,6.0,9.0,9.0
203992,22400943,1610612746,8.0,1.0,2.0,0.0,9.0,3.0,1.0,1.0
1629599,22400943,1610612746,9.0,1.0,1.0,0.0,8.0,4.0,0.0,0.0
1627884,22400943,1610612746,11.0,1.0,3.0,1.0,7.0,4.0,3.0,2.0
1641738,22400943,1610612746,0.0,1.0,0.0,0.0,1.0,0.0,0.0,0.0
1630530,22400943,1610612740,21.0,3.0,4.0,0.0,19.0,8.0,2.0,2.0
1629627,22400943,1610612740,22.0,12.0,10.0,1.0,13.0,8.0,6.0,6.0
1642274,22400943,1610612740,9.0,1.0,8.0,2.0,6.0,3.0,5.0,3.0
1628971,22400943,1610612740,12.0,5.0,5.0,0.0,9.0,5.0,1.0,1.0
203468,22400943,1610612740,23.0,7.0,3.0,0.0,16.0,8.0,2.0,2.0
1641722,22400943,1610612740,11.0,1.0,3.0,1.0,7.0,4.0,0.0,0.0
1631255,22400943,1610612740,15.0,1.0,4.0,2.0,7.0,6.0,2.0,2.0
1628964,22400943,1610612740,0.0,0.0,7.0,1.0,2.0,0.0,0.0,0.0
1630631,22400943,1610612740,14.0,4.0,2.0,0.0,6.0,5.0,0.0,0.0
1630551,22400941,1610612764,5.0,1.0,8.0,1.0,8.0,2.0,0.0,0.0
203114,22400941,1610612764,8.0,0.0,3.0,0.0,9.0,3.0,2.0,2.0
1642259,22400941,1610612764,8.0,2.0,7.0,1.0,9.0,2.0,6.0,3.0
1642273,22400941,1610612764,12.0,2.0,5.0,1.0,9.0,4.0,2.0,2.0
1629673,22400941,1610612764,15.0,3.0,5.0,0.0,15.0,5.0,2.0,2.0
1630557,22400941,1610612764,10.0,3.0,6.0,0.0,9.0,3.0,3.0,3.0
1642267,22400941,1610612764,15.0,3.0,3.0,0.0,11.0,6.0,0.0,0.0
1626158,22400941,1610612764,14.0,2.0,8.0,0.0,10.0,6.0,2.0,2.0
203935,22400941,1610612764,16.0,2.0,2.0,1.0,10.0,6.0,3.0,2.0
1630264,22400941,1610612764,0.0,2.0,0.0,0.0,1.0,0.0,0.0,0.0
1641732,22400941,1610612764,0.0,0.0,0.0,0.0,0.0,0.0,0.0,0.0
1641798,22400941,1610612764,0.0,0.0,0.0,0.0,1.0,0.0,0.0,0.0
1641709,22400941,1610612765,8.0,1.0,5.0,2.0,8.0,3.0,2.0,2.0
202699,22400941,1610612765,12.0,1.0,8.0,0.0,12.0,5.0,0.0,0.0
1631105,22400941,1610612765,15.0,0.0,13.0,2.0,11.0,7.0,2.0,1.0
203501,22400941,1610612765,11.0,1.0,4.0,0.0,8.0,3.0,3.0,2.0
1630595,22400941,1610612765,27.0,10.0,8.0,0.0,23.0,11.0,5.0,4.0
1627736,22400941,1610612765,14.0,2.0,4.0,0.0,10.0,5.0,0.0,0.0
203471,22400941,1610612765,11.0,4.0,1.0,1.0,11.0,4.0,2.0,1.0
1631323,22400941,1610612765,8.0,2.0,5.0,0.0,5.0,3.0,0.0,0.0
1630191,22400941,1610612765,7.0,4.0,7.0,0.0,6.0,3.0,1.0,1.0
1641842,22400941,1610612765,4.0,2.0,4.0,0.0,7.0,2.0,0.0,0.0
1631204,22400941,1610612765,0.0,1.0,0.0,0.0,0.0,0.0,0.0,0.0
1630194,22400941,1610612765,0.0,0.0,2.0,0.0,1.0,0.0,0.0,0.0
1630322,22400941,1610612765,6.0,1.0,0.0,0.0,2.0,2.0,0.0,0.0
1629661,22400940,1610612751,17.0,5.0,5.0,1.0,10.0,6.0,2.0,2.0
1630533,22400940,1610612751,14.0,3.0,6.0,0.0,11.0,5.0,0.0,0.0
1629651,22400940,1610612751,9.0,4.0,4.0,2.0,8.0,4.0,2.0,1.0
1630560,22400940,1610612751,27.0,3.0,1.0,0.0,22.0,10.0,3.0,3.0
1630553,22400940,1610612751,1.0,2.0,7.0,0.0,4.0,0.0,2.0,1.0
1630570,22400940,1610612751,2.0,6.0,5.0,0.0,3.0,1.0,0.0,0.0
1630549,22400940,1610612751,8.0,2.0,7.0,0.0,6.0,4.0,0.0,0.0
1631213,22400940,1610612751,5.0,2.0,2.0,0.0,8.0,2.0,0.0,0.0
1630592,22400940,1610612751,9.0,3.0,0.0,0.0,5.0,3.0,3.0,2.0
1641730,22400940,1610612751,12.0,1.0,1.0,0.0,7.0,4.0,2.0,1.0
1630171,22400940,1610612739,6.0,0.0,5.0,0.0,10.0,3.0,2.0,0.0
1630596,22400940,1610612739,21.0,6.0,9.0,1.0,13.0,9.0,2.0,2.0
1628386,22400940,1610612739,23.0,1.0,13.0,3.0,12.0,7.0,11.0,9.0
1629622,22400940,1610612739,10.0,4.0,5.0,0.0,10.0,2.0,4.0,4.0
1629636,22400940,1610612739,30.0,8.0,4.0,0.0,24.0,11.0,5.0,5.0
1630241,22400940,1610612739,6.0,0.0,6.0,0.0,7.0,2.0,1.0,1.0
1629731,22400940,1610612739,3.0,1.0,1.0,0.0,4.0,1.0,0.0,0.0
1641854,22400940,1610612739,7.0,3.0,4.0,0.0,6.0,3.0,0.0,0.0
1629750,22400940,1610612739,3.0,0.0,1.0,0.0,3.0,1.0,0.0,0.0
1628404,22400939,1610612752,18.0,3.0,6.0,0.0,11.0,6.0,2.0,2.0
1628384,22400939,1610612752,24.0,8.0,7.0,0.0,15.0,7.0,8.0,7.0
1626157,22400939,1610612752,26.0,3.0,9.0,1.0,15.0,8.0,9.0,7.0
1628969,22400939,1610612752,15.0,8.0,3.0,0.0,10.0,6.0,2.0,2.0
1630540,22400939,1610612752,21.0,7.0,3.0,0.0,11.0,7.0,5.0,3.0
1629011,22400939,1610612752,2.0,1.0,5.0,0.0,1.0,1.0,0.0,0.0
1629013,22400939,1610612752,13.0,0.0,3.0,0.0,7.0,5.0,0.0,0.0
1630173,22400939,1610612752,2.0,0.0,0.0,0.0,2.0,1.0,0.0,0.0
1626166,22400939,1610612752,6.0,3.0,0.0,0.0,3.0,2.0,0.0,0.0
1626153,22400939,1610612752,3.0,0.0,2.0,0.0,1.0,1.0,0.0,0.0
1642278,22400939,1610612752,0.0,0.0,0.0,0.0,2.0,0.0,0.0,0.0
1630699,22400939,1610612752,3.0,0.0,2.0,0.0,3.0,1.0,0.0,0.0
1641817,22400939,1610612752,0.0,1.0,0.0,0.0,3.0,0.0,0.0,0.0
201942,22400939,1610612758,11.0,5.0,1.0,0.0,10.0,4.0,3.0,3.0
1631099,22400939,1610612758,9.0,0.0,2.0,0.0,11.0,4.0,0.0,0.0
202685,22400939,1610612758,10.0,1.0,13.0,1.0,8.0,4.0,2.0,2.0
203897,22400939,1610612758,17.0,3.0,4.0,1.0,10.0,5.0,5.0,5.0
1628370,22400939,1610612758,21.0,3.0,1.0,0.0,18.0,7.0,6.0,4.0
1631165,22400939,1610612758,9.0,0.0,3.0,1.0,7.0,4.0,0.0,0.0
1626168,22400939,1610612758,3.0,1.0,1.0,0.0,4.0,1.0,0.0,0.0
1642403,22400939,1610612758,12.0,2.0,5.0,0.0,5.0,3.0,6.0,5.0
1642269,22400939,1610612758,3.0,1.0,4.0,0.0,2.0,1.0,2.0,1.0
203926,22400939,1610612758,0.0,0.0,0.0,0.0,2.0,0.0,0.0,0.0
1628365,22400939,1610612758,2.0,2.0,0.0,0.0,4.0,1.0,0.0,0.0
1627746,22400939,1610612758,0.0,0.0,2.0,0.0,2.0,0.0,0.0,0.0
1642384,22400939,1610612758,5.0,0.0,1.0,0.0,2.0,2.0,0.0,0.0
1630222,22400939,1610612758,2.0,0.0,0.0,1.0,1.0,0.0,2.0,2.0
201142,22400935,1610612756,35.0,5.0,5.0,1.0,24.0,11.0,6.0,6.0
1629626,22400935,1610612756,7.0,0.0,0.0,1.0,7.0,3.0,0.0,0.0
1630208,22400935,1610612756,10.0,2.0,12.0,0.0,9.0,5.0,0.0,0.0
1626145,22400935,1610612756,12.0,7.0,3.0,0.0,9.0,4.0,0.0,0.0
1626164,22400935,1610612756,26.0,6.0,9.0,0.0,21.0,9.0,6.0,5.0
1626220,22400935,1610612756,9.0,2.0,4.0,0.0,6.0,3.0,0.0,0.0
1628960,22400935,1610612756,9.0,3.0,1.0,0.0,5.0,2.0,4.0,3.0
203486,22400935,1610612756,10.0,1.0,8.0,0.0,5.0,4.0,6.0,2.0
1631221,22400935,1610612756,0.0,5.0,4.0,0.0,4.0,0.0,0.0,0.0
1642346,22400935,1610612756,0.0,0.0,0.0,0.0,0.0,0.0,0.0,0.0
1642377,22400935,1610612763,2.0,2.0,6.0,0.0,9.0,1.0,0.0,0.0
1641713,22400935,1610612763,14.0,3.0,4.0,0.0,12.0,6.0,0.0,0.0
1630643,22400935,1610612763,14.0,0.0,3.0,2.0,11.0,5.0,0.0,0.0
1630217,22400935,1610612763,10.0,3.0,7.0,1.0,11.0,4.0,2.0,1.0
1629630,22400935,1610612763,29.0,12.0,4.0,0.0,13.0,9.0,10.0,10.0
1628963,22400935,1610612763,9.0,0.0,5.0,2.0,7.0,3.0,4.0,3.0
1629723,22400935,1610612763,0.0,0.0,1.0,0.0,0.0,0.0,0.0,0.0
1630590,22400935,1610612763,13.0,2.0,1.0,1.0,7.0,3.0,7.0,6.0
1630205,22400935,1610612763,13.0,3.0,5.0,1.0,7.0,4.0,2.0,1.0
1642285,22400935,1610612763,16.0,1.0,3.0,0.0,9.0,5.0,2.0,2.0
1629022,22400928,1610612755,11.0,5.0,5.0,0.0,14.0,4.0,3.0,1.0
1642348,22400928,1610612755,6.0,1.0,1.0,1.0,6.0,2.0,2.0,1.0
1627824,22400928,1610612755,7.0,4.0,3.0,0.0,5.0,2.0,4.0,3.0
1629656,22400928,1610612755,35.0,5.0,7.0,1.0,25.0,14.0,2.0,2.0
1630215,22400928,1610612755,11.0,6.0,3.0,0.0,9.0,4.0,0.0,0.0
1641741,22400928,1610612755,19.0,3.0,4.0,0.0,13.0,7.0,4.0,4.0
1641737,22400928,1610612755,12.0,1.0,2.0,1.0,5.0,5.0,2.0,2.0
1630288,22400928,1610612755,17.0,4.0,3.0,0.0,9.0,6.0,1.0,1.0
1642024,22400928,1610612755,5.0,0.0,3.0,0.0,5.0,2.0,2.0,1.0
1642258,22400928,1610612737,22.0,2.0,8.0,0.0,16.0,9.0,1.0,1.0
1631243,22400928,1610612737,14.0,2.0,7.0,2.0,8.0,4.0,4.0,4.0
1630168,22400928,1610612737,15.0,3.0,5.0,0.0,9.0,6.0,0.0,0.0
1630700,22400928,1610612737,25.0,9.0,6.0,0.0,14.0,10.0,5.0,4.0
1630811,22400928,1610612737,7.0,6.0,2.0,0.0,11.0,3.0,0.0,0.0
1627777,22400928,1610612737,18.0,3.0,4.0,0.0,16.0,7.0,3.0,1.0
1629611,22400928,1610612737,19.0,4.0,6.0,1.0,13.0,9.0,1.0,1.0
203991,22400928,1610612737,4.0,1.0,9.0,2.0,5.0,2.0,0.0,0.0
1630249,22400928,1610612737,8.0,4.0,1.0,1.0,6.0,3.0,0.0,0.0
1630182,22400931,1610612766,3.0,2.0,6.0,0.0,4.0,1.0,0.0,0.0
1628970,22400931,1610612766,35.0,5.0,5.0,2.0,19.0,12.0,6.0,6.0
1631109,22400931,1610612766,24.0,2.0,10.0,2.0,13.0,9.0,7.0,6.0
1629610,22400931,1610612766,8.0,1.0,3.0,2.0,7.0,2.0,2.0,2.0
1630163,22400931,1610612766,15.0,10.0,6.0,0.0,21.0,5.0,3.0,3.0
203994,22400931,1610612766,6.0,0.0,2.0,0.0,3.0,2.0,2.0,2.0
1630201,22400931,1610612766,5.0,4.0,2.0,0.0,5.0,1.0,3.0,3.0
1641733,22400931,1610612766,4.0,1.0,1.0,0.0,6.0,2.0,0.0,0.0
1631111,22400931,1610612766,3.0,0.0,0.0,0.0,2.0,1.0,0.0,0.0
203552,22400931,1610612766,0.0,1.0,1.0,0.0,3.0,0.0,0.0,0.0
1631217,22400931,1610612766,2.0,0.0,0.0,0.0,3.0,1.0,0.0,0.0
203952,22400931,1610612748,19.0,2.0,7.0,1.0,17.0,8.0,2.0,2.0
1628389,22400931,1610612748,23.0,8.0,14.0,0.0,16.0,8.0,7.0,5.0
1642276,22400931,1610612748,2.0,3.0,5.0,1.0,6.0,1.0,0.0,0.0
1629639,22400931,1610612748,21.0,2.0,3.0,0.0,17.0,9.0,4.0,2.0
1630558,22400931,1610612748,7.0,3.0,3.0,0.0,6.0,3.0,0.0,0.0
1629312,22400931,1610612748,7.0,2.0,4.0,0.0,4.0,3.0,0.0,0.0
1629130,22400931,1610612748,14.0,1.0,0.0,0.0,9.0,4.0,3.0,3.0
1631170,22400931,1610612748,5.0,1.0,4.0,1.0,5.0,2.0,2.0,1.0
1626179,22400931,1610612748,4.0,1.0,6.0,0.0,5.0,1.0,2.0,1.0
1641796,22400931,1610612748,0.0,1.0,0.0,0.0,0.0,0.0,0.0,0.0
203937,22400931,1610612748,0.0,0.0,0.0,0.0,0.0,0.0,0.0,0.0
1641731,22400932,1610612764,4.0,1.0,2.0,0.0,1.0,1.0,3.0,2.0
1642273,22400932,1610612764,13.0,3.0,3.0,5.0,8.0,4.0,2.0,2.0
1642259,22400932,1610612764,16.0,2.0,11.0,3.0,19.0,5.0,5.0,4.0
1629673,22400932,1610612764,16.0,1.0,3.0,0.0,12.0,6.0,2.0,2.0
1642267,22400932,1610612764,5.0,5.0,4.0,0.0,11.0,2.0,0.0,0.0
1630551,22400932,1610612764,6.0,2.0,9.0,2.0,9.0,3.0,0.0,0.0
1630557,22400932,1610612764,13.0,2.0,1.0,1.0,12.0,5.0,0.0,0.0
1642358,22400932,1610612764,3.0,6.0,3.0,0.0,7.0,1.0,1.0,1.0
1641774,22400932,1610612764,15.0,2.0,7.0,1.0,15.0,6.0,1.0,1.0
1630264,22400932,1610612764,5.0,1.0,3.0,0.0,3.0,2.0,1.0,0.0
1630550,22400932,1610612764,3.0,0.0,5.0,0.0,3.0,1.0,0.0,0.0
1641798,22400932,1610612764,5.0,0.0,3.0,0.0,5.0,2.0,0.0,0.0
1629628,22400932,1610612761,14.0,8.0,10.0,0.0,18.0,6.0,4.0,1.0
1630567,22400932,1610612761,14.0,2.0,13.0,0.0,19.0,6.0,4.0,2.0
1631115,22400932,1610612761,13.0,4.0,11.0,1.0,9.0,5.0,2.0,2.0
1631197,22400932,1610612761,11.0,0.0,3.0,0.0,9.0,3.0,2.0,2.0
1630193,22400932,1610612761,15.0,6.0,6.0,0.0,12.0,5.0,4.0,2.0
1630639,22400932,1610612761,32.0,0.0,12.0,0.0,21.0,9.0,11.0,7.0
1642419,22400932,1610612761,5.0,0.0,3.0,0.0,6.0,2.0,0.0,0.0
1642347,22400932,1610612761,8.0,1.0,4.0,1.0,9.0,4.0,0.0,0.0
1630658,22400932,1610612761,7.0,3.0,9.0,0.0,5.0,3.0,2.0,1.0
202066,22400932,1610612761,0.0,2.0,2.0,0.0,1.0,0.0,0.0,0.0
1630548,22400929,1610612762,4.0,0.0,4.0,0.0,5.0,2.0,0.0,0.0
1628381,22400929,1610612762,28.0,2.0,10.0,0.0,30.0,12.0,2.0,2.0
1631117,22400929,1610612762,11.0,1.0,10.0,2.0,7.0,4.0,5.0,3.0
1629012,22400929,1610612762,16.0,13.0,3.0,0.0,16.0,6.0,2.0,2.0
1642268,22400929,1610612762,8.0,4.0,1.0,0.0,5.0,3.0,2.0,1.0
1629004,22400929,1610612762,8.0,2.0,4.0,0.0,8.0,3.0,0.0,0.0
1642271,22400929,1610612762,6.0,0.0,5.0,1.0,8.0,3.0,0.0,0.0
1641729,22400929,1610612762,22.0,5.0,4.0,0.0,11.0,8.0,1.0,1.0
1630231,22400929,1610612762,0.0,1.0,3.0,0.0,1.0,0.0,0.0,0.0
1642262,22400929,1610612762,5.0,1.0,4.0,1.0,4.0,2.0,0.0,0.0
1627759,22400929,1610612738,26.0,7.0,8.0,1.0,20.0,8.0,11.0,10.0
1630573,22400929,1610612738,33.0,1.0,6.0,0.0,23.0,11.0,2.0,2.0
1628436,22400929,1610612738,5.0,0.0,8.0,1.0,4.0,2.0,2.0,1.0
1628401,22400929,1610612738,18.0,10.0,5.0,3.0,16.0,6.0,3.0,3.0
201950,22400929,1610612738,10.0,4.0,6.0,1.0,9.0,4.0,0.0,0.0
1630202,22400929,1610612738,8.0,3.0,1.0,0.0,11.0,3.0,0.0,0.0
1628470,22400929,1610612738,6.0,0.0,3.0,1.0,5.0,2.0,0.0,0.0
1631248,22400929,1610612738,0.0,2.0,2.0,0.0,1.0,0.0,0.0,0.0
1629674,22400929,1610612738,8.0,1.0,8.0,1.0,4.0,4.0,0.0,0.0
202691,22400937,1610612742,26.0,3.0,2.0,0.0,14.0,8.0,7.0,7.0
1630230,22400937,1610612742,23.0,3.0,5.0,0.0,16.0,8.0,6.0,6.0
1630556,22400937,1610612742,22.0,3.0,11.0,0.0,12.0,9.0,4.0,4.0
1631108,22400937,1610612742,12.0,5.0,4.0,0.0,15.0,4.0,2.0,2.0
203957,22400937,1610612742,10.0,1.0,2.0,0.0,9.0,4.0,0.0,0.0
203915,22400937,1610612742,28.0,6.0,7.0,0.0,16.0,9.0,6.0,6.0
1628997,22400937,1610612742,3.0,1.0,3.0,1.0,1.0,1.0,2.0,1.0
203939,22400937,1610612742,9.0,3.0,6.0,1.0,5.0,4.0,3.0,1.0
1630170,22400937,1610612759,24.0,3.0,4.0,0.0,22.0,10.0,1.0,1.0
203084,22400937,1610612759,29.0,0.0,8.0,1.0,14.0,12.0,3.0,1.0
202687,22400937,1610612759,3.0,1.0,5.0,1.0,1.0,1.0,2.0,1.0
1628368,22400937,1610612759,14.0,8.0,4.0,0.0,13.0,6.0,2.0,1.0
101108,22400937,1610612759,6.0,9.0,2.0,0.0,5.0,2.0,1.0,1.0
1629640,22400937,1610612759,28.0,0.0,5.0,0.0,16.0,10.0,5.0,4.0
1642264,22400937,1610612759,14.0,6.0,5.0,0.0,12.0,4.0,8.0,4.0
1631104,22400937,1610612759,3.0,0.0,0.0,0.0,2.0,1.0,0.0,0.0
1630577,22400937,1610612759,5.0,0.0,1.0,0.0,6.0,2.0,0.0,0.0
1630572,22400937,1610612759,3.0,2.0,4.0,0.0,3.0,1.0,2.0,1.0
1630174,22400933,1610612754,9.0,2.0,5.0,1.0,9.0,3.0,0.0,0.0
1627783,22400933,1610612754,13.0,4.0,1.0,0.0,12.0,6.0,2.0,0.0
1626167,22400933,1610612754,15.0,2.0,4.0,1.0,12.0,5.0,4.0,3.0
1631097,22400933,1610612754,5.0,3.0,2.0,0.0,9.0,2.0,1.0,1.0
1629614,22400933,1610612754,8.0,3.0,3.0,0.0,7.0,3.0,2.0,2.0
204456,22400933,1610612754,6.0,1.0,0.0,0.0,6.0,3.0,0.0,0.0
1630167,22400933,1610612754,10.0,1.0,3.0,0.0,8.0,4.0,2.0,2.0
1628418,22400933,1610612754,2.0,0.0,1.0,1.0,3.0,0.0,2.0,2.0
1641767,22400933,1610612754,12.0,3.0,2.0,0.0,7.0,4.0,2.0,2.0
1642277,22400933,1610612754,4.0,0.0,8.0,0.0,5.0,2.0,0.0,0.0
1631245,22400933,1610612754,5.0,5.0,3.0,0.0,8.0,2.0,0.0,0.0
1641716,22400933,1610612754,6.0,2.0,2.0,0.0,5.0,2.0,2.0,1.0
1628396,22400933,1610612754,6.0,1.0,2.0,1.0,3.0,3.0,2.0,0.0
1642484,22400933,1610612754,2.0,3.0,2.0,0.0,5.0,1.0,0.0,0.0
201949,22400933,1610612754,0.0,0.0,1.0,0.0,2.0,0.0,0.0,0.0
1630581,22400933,1610612741,29.0,4.0,10.0,1.0,18.0,11.0,5.0,5.0
1641824,22400933,1610612741,8.0,1.0,4.0,1.0,9.0,4.0,0.0,0.0
1628380,22400933,1610612741,7.0,6.0,9.0,1.0,4.0,3.0,0.0,0.0
1629632,22400933,1610612741,29.0,4.0,7.0,0.0,20.0,11.0,5.0,4.0
1630200,22400933,1610612741,8.0,8.0,3.0,1.0,12.0,4.0,0.0,0.0
1628989,22400933,1610612741,13.0,1.0,4.0,1.0,15.0,5.0,0.0,0.0
202696,22400933,1610612741,11.0,1.0,11.0,0.0,8.0,5.0,0.0,0.0
1630172,22400933,1610612741,2.0,1.0,3.0,0.0,3.0,1.0,2.0,0.0
1641763,22400933,1610612741,9.0,1.0,4.0,1.0,5.0,3.0,2.0,2.0
1631207,22400933,1610612741,0.0,2.0,0.0,0.0,1.0,0.0,0.0,0.0
1629659,22400933,1610612741,0.0,0.0,1.0,0.0,0.0,0.0,0.0,0.0
1628975,22400933,1610612741,5.0,1.0,0.0,0.0,3.0,2.0,0.0,0.0
1629216,22400930,1610612747,24.0,3.0,0.0,0.0,12.0,8.0,2.0,2.0
1642261,22400930,1610612747,19.0,1.0,4.0,0.0,18.0,8.0,2.0,0.0
203458,22400930,1610612747,0.0,2.0,2.0,1.0,1.0,0.0,0.0,0.0
1630559,22400930,1610612747,17.0,10.0,8.0,1.0,14.0,3.0,11.0,10.0
1629029,22400930,1610612747,22.0,12.0,12.0,0.0,26.0,8.0,4.0,3.0
1641998,22400930,1610612747,2.0,0.0,3.0,2.0,3.0,1.0,0.0,0.0
1629020,22400930,1610612747,7.0,2.0,6.0,0.0,3.0,3.0,0.0,0.0
1630692,22400930,1610612747,17.0,0.0,8.0,0.0,8.0,6.0,0.0,0.0
1629003,22400930,1610612747,0.0,1.0,0.0,0.0,0.0,0.0,0.0,0.0
1629661,22400930,1610612751,18.0,5.0,7.0,0.0,14.0,6.0,8.0,4.0
1630533,22400930,1610612751,7.0,2.0,9.0,2.0,10.0,2.0,2.0,2.0
1629651,22400930,1610612751,12.0,1.0,6.0,1.0,7.0,6.0,0.0,0.0
1630553,22400930,1610612751,18.0,3.0,3.0,0.0,10.0,6.0,6.0,3.0
1626156,22400930,1610612751,8.0,7.0,3.0,1.0,9.0,2.0,4.0,2.0
1641736,22400930,1610612751,3.0,0.0,1.0,0.0,3.0,1.0,0.0,0.0
1631213,22400930,1610612751,14.0,3.0,3.0,1.0,14.0,5.0,0.0,0.0
1641730,22400930,1610612751,19.0,0.0,5.0,1.0,11.0,5.0,7.0,6.0
1630549,22400930,1610612751,8.0,1.0,7.0,0.0,7.0,3.0,2.0,1.0
1630592,22400930,1610612751,4.0,0.0,3.0,0.0,5.0,1.0,1.0,1.0
1630166,22400938,1610612757,34.0,6.0,16.0,0.0,15.0,11.0,7.0,7.0
1641739,22400938,1610612757,7.0,2.0,1.0,1.0,9.0,3.0,0.0,0.0
1642270,22400938,1610612757,15.0,6.0,9.0,4.0,9.0,6.0,4.0,2.0
1631101,22400938,1610612757,9.0,8.0,7.0,0.0,10.0,3.0,3.0,2.0
1629014,22400938,1610612757,32.0,2.0,2.0,0.0,21.0,12.0,2.0,2.0
1641871,22400938,1610612757,2.0,2.0,3.0,0.0,5.0,1.0,0.0,0.0
1630703,22400938,1610612757,12.0,4.0,2.0,0.0,13.0,5.0,1.0,1.0
1631133,22400938,1610612757,9.0,1.0,2.0,0.0,4.0,3.0,0.0,0.0
1630625,22400938,1610612757,0.0,0.0,1.0,0.0,5.0,0.0,0.0,0.0
202710,22400938,1610612744,15.0,10.0,10.0,0.0,10.0,4.0,8.0,7.0
203110,22400938,1610612744,4.0,7.0,4.0,0.0,3.0,1.0,2.0,1.0
1642366,22400938,1610612744,11.0,2.0,7.0,3.0,10.0,4.0,0.0,0.0
1630541,22400938,1610612744,20.0,0.0,2.0,0.0,10.0,7.0,4.0,4.0
201939,22400938,1610612744,24.0,3.0,2.0,0.0,14.0,6.0,7.0,7.0
1627741,22400938,1610612744,20.0,7.0,2.0,1.0,10.0,7.0,0.0,0.0
1627780,22400938,1610612744,26.0,1.0,2.0,1.0,16.0,11.0,0.0,0.0
1626172,22400938,1610612744,6.0,3.0,6.0,0.0,6.0,3.0,0.0,0.0
1630611,22400938,1610612744,4.0,2.0,5.0,0.0,6.0,2.0,0.0,0.0
1630532,22400934,1610612753,15.0,5.0,7.0,0.0,17.0,6.0,4.0,3.0
1631094,22400934,1610612753,25.0,3.0,5.0,1.0,23.0,10.0,4.0,3.0
1628976,22400934,1610612753,8.0,1.0,12.0,1.0,8.0,2.0,3.0,3.0
203484,22400934,1610612753,0.0,0.0,1.0,0.0,0.0,0.0,0.0,0.0
1630175,22400934,1610612753,9.0,3.0,4.0,0.0,13.0,4.0,0.0,0.0
1641710,22400934,1610612753,3.0,2.0,2.0,0.0,4.0,0.0,4.0,3.0
1631216,22400934,1610612753,5.0,0.0,0.0,0.0,2.0,1.0,3.0,3.0
1629048,22400934,1610612753,4.0,0.0,2.0,2.0,2.0,1.0,2.0,1.0
203914,22400934,1610612753,3.0,1.0,1.0,0.0,3.0,1.0,0.0,0.0
1641783,22400934,1610612753,0.0,0.0,1.0,0.0,3.0,0.0,0.0,0.0
1628371,22400934,1610612753,8.0,0.0,3.0,1.0,4.0,2.0,2.0,2.0
1630243,22400934,1610612753,4.0,0.0,3.0,0.0,4.0,1.0,2.0,2.0
1641724,22400934,1610612753,0.0,0.0,1.0,0.0,3.0,0.0,0.0,0.0
1631106,22400934,1610612745,6.0,2.0,7.0,1.0,12.0,3.0,0.0,0.0
1631095,22400934,1610612745,20.0,0.0,7.0,1.0,13.0,5.0,7.0,5.0
1630578,22400934,1610612745,14.0,4.0,14.0,1.0,9.0,5.0,4.0,3.0
1628415,22400934,1610612745,17.0,1.0,4.0,0.0,21.0,7.0,0.0,0.0
1630224,22400934,1610612745,15.0,8.0,7.0,0.0,18.0,6.0,0.0,0.0
201145,22400934,1610612745,9.0,0.0,4.0,0.0,7.0,3.0,0.0,0.0
203500,22400934,1610612745,11.0,1.0,17.0,0.0,6.0,5.0,3.0,1.0
1628988,22400934,1610612745,5.0,4.0,1.0,0.0,3.0,1.0,4.0,2.0
1630256,22400934,1610612745,0.0,0.0,0.0,1.0,0.0,0.0,0.0,0.0
1631466,22400934,1610612745,0.0,0.0,0.0,0.0,0.0,0.0,0.0,0.0
1641715,22400934,1610612745,0.0,0.0,1.0,0.0,0.0,0.0,0.0,0.0
1629111,22400934,1610612745,0.0,0.0,1.0,0.0,0.0,0.0,0.0,0.0
1631128,22400936,1610612743,14.0,5.0,5.0,1.0,11.0,4.0,4.0,4.0
1629008,22400936,1610612743,17.0,2.0,6.0,0.0,12.0,7.0,0.0,0.0
203999,22400936,1610612743,35.0,8.0,18.0,1.0,20.0,15.0,5.0,4.0
201566,22400936,1610612743,16.0,7.0,5.0,1.0,10.0,6.0,2.0,1.0
1627750,22400936,1610612743,34.0,6.0,4.0,0.0,22.0,11.0,9.0,9.0
1631212,22400936,1610612743,16.0,0.0,1.0,2.0,7.0,6.0,0.0,0.0
1630192,22400936,1610612743,0.0,3.0,3.0,0.0,0.0,0.0,0.0,0.0
1629618,22400936,1610612743,8.0,1.0,1.0,0.0,4.0,3.0,0.0,0.0
1631114,22400936,1610612760,12.0,6.0,2.0,0.0,10.0,5.0,2.0,1.0
1631096,22400936,1610612760,8.0,1.0,4.0,2.0,11.0,3.0,3.0,2.0
1628392,22400936,1610612760,20.0,2.0,7.0,0.0,16.0,8.0,4.0,4.0
1629652,22400936,1610612760,26.0,0.0,7.0,1.0,16.0,9.0,0.0,0.0
1628983,22400936,1610612760,25.0,7.0,3.0,2.0,14.0,8.0,6.0,6.0
1630598,22400936,1610612760,8.0,1.0,4.0,0.0,8.0,3.0,0.0,0.0
1641717,22400936,1610612760,12.0,8.0,3.0,1.0,8.0,5.0,0.0,0.0
1627936,22400936,1610612760,13.0,0.0,1.0,0.0,8.0,5.0,1.0,1.0
1631119,22400936,1610612760,0.0,0.0,3.0,0.0,4.0,0.0,0.0,0.0
1630198,22400936,1610612760,3.0,3.0,2.0,0.0,5.0,1.0,0.0,0.0
1641794,22400936,1610612760,0.0,0.0,0.0,0.0,0.0,0.0,0.0,0.0
1631172,22400936,1610612760,0.0,1.0,1.0,0.0,0.0,0.0,0.0,0.0
1642377,22400923,1610612763,9.0,2.0,7.0,1.0,12.0,3.0,2.0,0.0
1631246,22400923,1610612763,7.0,2.0,4.0,1.0,12.0,3.0,0.0,0.0
1641744,22400923,1610612763,6.0,2.0,12.0,1.0,7.0,3.0,0.0,0.0
1630217,22400923,1610612763,30.0,8.0,9.0,0.0,23.0,13.0,2.0,2.0
1629630,22400923,1610612763,32.0,6.0,4.0,0.0,23.0,11.0,11.0,7.0
1630590,22400923,1610612763,12.0,2.0,6.0,1.0,6.0,4.0,2.0,2.0
1629634,22400923,1610612763,2.0,0.0,5.0,1.0,4.0,1.0,0.0,0.0
1641713,22400923,1610612763,0.0,0.0,1.0,0.0,4.0,0.0,0.0,0.0
1630205,22400923,1610612763,1.0,0.0,2.0,0.0,1.0,0.0,2.0,1.0
1629723,22400923,1610612763,0.0,0.0,3.0,0.0,0.0,0.0,0.0,0.0
1630643,22400923,1610612763,8.0,2.0,4.0,1.0,7.0,3.0,0.0,0.0
1630530,22400923,1610612740,27.0,2.0,5.0,2.0,21.0,9.0,9.0,7.0
203482,22400923,1610612740,12.0,4.0,4.0,0.0,7.0,4.0,6.0,4.0
1642274,22400923,1610612740,10.0,0.0,9.0,1.0,8.0,4.0,3.0,2.0
1641722,22400923,1610612740,12.0,0.0,5.0,0.0,10.0,5.0,0.0,0.0
1630631,22400923,1610612740,11.0,11.0,0.0,2.0,14.0,3.0,2.0,2.0
1628971,22400923,1610612740,5.0,2.0,1.0,0.0,7.0,1.0,3.0,3.0
1631255,22400923,1610612740,13.0,1.0,11.0,1.0,7.0,5.0,2.0,1.0
1630526,22400923,1610612740,0.0,1.0,1.0,0.0,3.0,0.0,0.0,0.0
1641810,22400923,1610612740,11.0,3.0,2.0,0.0,5.0,3.0,2.0,2.0
1631288,22400923,1610612740,3.0,0.0,1.0,0.0,3.0,1.0,0.0,0.0
202699,22400926,1610612765,20.0,2.0,9.0,2.0,13.0,9.0,2.0,1.0
1641709,22400926,1610612765,5.0,2.0,6.0,0.0,5.0,2.0,4.0,1.0
1631105,22400926,1610612765,18.0,2.0,12.0,0.0,10.0,7.0,4.0,4.0
203501,22400926,1610612765,13.0,2.0,7.0,0.0,11.0,5.0,0.0,0.0
1630595,22400926,1610612765,28.0,5.0,4.0,0.0,17.0,9.0,9.0,8.0
1627736,22400926,1610612765,10.0,0.0,2.0,0.0,11.0,4.0,0.0,0.0
203471,22400926,1610612765,12.0,4.0,4.0,0.0,10.0,3.0,6.0,6.0
1630191,22400926,1610612765,5.0,2.0,6.0,5.0,6.0,2.0,4.0,1.0
1631323,22400926,1610612765,5.0,2.0,3.0,0.0,1.0,1.0,2.0,2.0
1641842,22400926,1610612765,3.0,1.0,1.0,1.0,3.0,1.0,1.0,1.0
203924,22400926,1610612757,25.0,1.0,2.0,0.0,12.0,6.0,7.0,7.0
1641739,22400926,1610612757,7.0,5.0,5.0,2.0,6.0,2.0,4.0,2.0
1642270,22400926,1610612757,3.0,3.0,9.0,2.0,3.0,1.0,3.0,1.0
1631101,22400926,1610612757,12.0,1.0,4.0,0.0,11.0,4.0,5.0,4.0
1629014,22400926,1610612757,34.0,1.0,2.0,0.0,26.0,14.0,2.0,2.0
1630703,22400926,1610612757,15.0,2.0,5.0,0.0,14.0,4.0,7.0,6.0
1641871,22400926,1610612757,5.0,1.0,3.0,0.0,9.0,1.0,2.0,2.0
1631133,22400926,1610612757,9.0,1.0,9.0,0.0,8.0,3.0,2.0,1.0
1630625,22400926,1610612757,2.0,2.0,2.0,0.0,4.0,1.0,0.0,0.0
1629008,22400920,1610612743,24.0,0.0,15.0,1.0,19.0,10.0,2.0,1.0
203932,22400920,1610612743,5.0,0.0,2.0,0.0,3.0,2.0,1.0,0.0
203999,22400920,1610612743,24.0,9.0,13.0,3.0,23.0,10.0,6.0,2.0
1631128,22400920,1610612743,19.0,2.0,3.0,0.0,15.0,8.0,1.0,0.0
1627750,22400920,1610612743,17.0,4.0,2.0,0.0,17.0,6.0,4.0,4.0
201566,22400920,1610612743,4.0,5.0,11.0,1.0,9.0,1.0,2.0,1.0
1630192,22400920,1610612743,3.0,0.0,1.0,1.0,1.0,0.0,4.0,3.0
1631212,22400920,1610612743,0.0,0.0,0.0,0.0,1.0,0.0,0.0,0.0
1629618,22400920,1610612743,7.0,2.0,1.0,0.0,8.0,3.0,0.0,0.0
1642461,22400920,1610612743,0.0,0.0,0.0,0.0,1.0,0.0,0.0,0.0
1641816,22400920,1610612743,0.0,0.0,0.0,0.0,0.0,0.0,0.0,0.0
1628427,22400920,1610612743,0.0,0.0,0.0,0.0,0.0,0.0,0.0,0.0
1641725,22400920,1610612743,0.0,0.0,0.0,0.0,0.0,0.0,0.0,0.0
1631114,22400920,1610612760,26.0,8.0,9.0,1.0,14.0,7.0,11.0,10.0
1631096,22400920,1610612760,14.0,1.0,8.0,4.0,10.0,6.0,1.0,1.0
1628392,22400920,1610612760,10.0,1.0,11.0,0.0,6.0,5.0,0.0,0.0
1629652,22400920,1610612760,6.0,3.0,6.0,1.0,8.0,2.0,0.0,0.0
1628983,22400920,1610612760,40.0,5.0,8.0,3.0,32.0,15.0,8.0,8.0
1630198,22400920,1610612760,5.0,2.0,0.0,0.0,4.0,2.0,0.0,0.0
1631119,22400920,1610612760,9.0,1.0,5.0,0.0,5.0,3.0,2.0,0.0
1641717,22400920,1610612760,5.0,1.0,0.0,3.0,5.0,1.0,2.0,2.0
1630598,22400920,1610612760,4.0,1.0,7.0,0.0,5.0,2.0,0.0,0.0
1627936,22400920,1610612760,8.0,2.0,2.0,2.0,5.0,3.0,1.0,1.0
1629026,22400920,1610612760,0.0,0.0,0.0,0.0,0.0,0.0,0.0,0.0
1631172,22400920,1610612760,0.0,0.0,0.0,0.0,0.0,0.0,0.0,0.0
1629622,22400922,1610612739,17,2,9,0,11,6,0,0
1630596,22400922,1610612739,13,2,7,1,10,5,2,1
1628386,22400922,1610612739,11,3,6,1,6,5,2,1
1628378,22400922,1610612739,15,6,5,0,15,4,7,6
1629636,22400922,1610612739,13,5,5,0,13,4,4,4
1629631,22400922,1610612739,6,2,3,0,6,2,2,1
1629660,22400922,1610612739,9,1,1,0,9,3,2,2
1630241,22400922,1610612739,9,1,2,0,6,3,0,0
1629731,22400922,1610612739,9,1,3,0,3,3,0,0
1630171,22400922,1610612739,5,1,1,0,3,2,0,0
1642281,22400922,1610612739,0,1,0,0,1,0,0,0
202684,22400922,1610612739,2,0,2,0,3,1,0,0
1629750,22400922,1610612739,3,0,0,0,2,1,0,0
1641854,22400922,1610612739,0,0,0,0,0,0,0,0
1628398,22400922,1610612749,14,1,6,0,13,6,0,0
203507,22400922,1610612749,30,3,9,0,24,13,8,4
201572,22400922,1610612749,7,0,9,2,5,2,2,2
1627752,22400922,1610612749,6,3,2,0,7,2,0,0
203081,22400922,1610612749,22,4,5,0,19,8,6,5
1631260,22400922,1610612749,2,0,3,0,3,1,0,0
1629018,22400922,1610612749,5,0,1,0,9,1,2,2
1630579,22400922,1610612749,0,3,10,0,1,0,0,0
1629645,22400922,1610612749,2,2,2,0,3,1,0,0
1641890,22400922,1610612749,0,0,0,0,1,0,0,0
1641748,22400922,1610612749,0,1,2,0,0,0,0,0
1631157,22400922,1610612749,10,0,1,0,5,4,0,0
1641753,22400922,1610612749,2,0,0,0,1,1,0,0
1641729,22400924,1610612762,14.0,4.0,5.0,0.0,12.0,5.0,0.0,0.0
1630231,22400924,1610612762,14.0,3.0,7.0,2.0,8.0,5.0,3.0,3.0
1642271,22400924,1610612762,25.0,3.0,7.0,0.0,16.0,8.0,7.0,5.0
1630548,22400924,1610612762,15.0,1.0,7.0,0.0,12.0,5.0,2.0,2.0
1642268,22400924,1610612762,13.0,10.0,5.0,0.0,10.0,4.0,5.0,5.0
1641718,22400924,1610612762,25.0,3.0,6.0,0.0,20.0,7.0,10.0,8.0
1642262,22400924,1610612762,7.0,0.0,4.0,1.0,4.0,2.0,2.0,2.0
1629004,22400924,1610612762,0.0,1.0,1.0,0.0,2.0,0.0,0.0,0.0
1630695,22400924,1610612762,9.0,0.0,2.0,1.0,9.0,3.0,2.0,1.0
1642348,22400924,1610612755,11.0,2.0,4.0,0.0,13.0,3.0,4.0,4.0
1627824,22400924,1610612755,0.0,0.0,2.0,0.0,3.0,0.0,0.0,0.0
203083,22400924,1610612755,6.0,0.0,2.0,1.0,6.0,2.0,2.0,2.0
1626162,22400924,1610612755,6.0,2.0,2.0,0.0,7.0,3.0,0.0,0.0
1629656,22400924,1610612755,25.0,6.0,1.0,1.0,13.0,6.0,9.0,9.0
1629022,22400924,1610612755,25.0,5.0,11.0,0.0,18.0,8.0,6.0,6.0
1630215,22400924,1610612755,15.0,9.0,0.0,1.0,8.0,5.0,2.0,2.0
1641737,22400924,1610612755,14.0,1.0,15.0,5.0,13.0,7.0,0.0,0.0
1641741,22400924,1610612755,8.0,2.0,3.0,0.0,7.0,3.0,0.0,0.0
1642024,22400924,1610612755,6.0,0.0,9.0,1.0,3.0,2.0,2.0,1.0
1630288,22400924,1610612755,10.0,0.0,1.0,0.0,5.0,4.0,0.0,0.0
1630170,22400925,1610612759,13.0,2.0,4.0,1.0,8.0,4.0,2.0,2.0
203084,22400925,1610612759,15.0,1.0,2.0,0.0,8.0,4.0,5.0,5.0
202687,22400925,1610612759,10.0,0.0,4.0,0.0,5.0,5.0,0.0,0.0
1628368,22400925,1610612759,22.0,3.0,2.0,0.0,12.0,8.0,2.0,2.0
101108,22400925,1610612759,7.0,7.0,1.0,1.0,5.0,3.0,0.0,0.0
1631110,22400925,1610612759,5.0,0.0,3.0,0.0,5.0,2.0,2.0,1.0
1642264,22400925,1610612759,20.0,4.0,7.0,0.0,15.0,7.0,9.0,6.0
1629640,22400925,1610612759,13.0,2.0,4.0,0.0,10.0,6.0,2.0,1.0
1630577,22400925,1610612759,4.0,1.0,5.0,0.0,7.0,1.0,2.0,2.0
1630572,22400925,1610612759,8.0,2.0,3.0,1.0,5.0,4.0,0.0,0.0
1631104,22400925,1610612759,2.0,3.0,1.0,0.0,2.0,1.0,0.0,0.0
1629162,22400925,1610612759,5.0,1.0,0.0,0.0,3.0,2.0,0.0,0.0
1630183,22400925,1610612750,16.0,7.0,4.0,0.0,12.0,7.0,0.0,0.0
203944,22400925,1610612750,14.0,10.0,7.0,1.0,14.0,5.0,2.0,2.0
203497,22400925,1610612750,16.0,2.0,8.0,0.0,8.0,7.0,2.0,2.0
1630162,22400925,1610612750,25.0,3.0,3.0,0.0,15.0,10.0,3.0,3.0
201144,22400925,1610612750,13.0,5.0,5.0,0.0,8.0,4.0,2.0,2.0
1628978,22400925,1610612750,17.0,3.0,2.0,0.0,10.0,6.0,2.0,1.0
1629675,22400925,1610612750,20.0,4.0,7.0,2.0,15.0,8.0,0.0,0.0
1629638,22400925,1610612750,10.0,2.0,2.0,0.0,6.0,3.0,2.0,2.0
1641740,22400925,1610612750,3.0,1.0,1.0,0.0,1.0,1.0,0.0,0.0
1630545,22400925,1610612750,0.0,0.0,2.0,0.0,1.0,0.0,0.0,0.0
1642265,22400925,1610612750,0.0,1.0,0.0,0.0,1.0,0.0,0.0,0.0
1630568,22400925,1610612750,4.0,0.0,1.0,0.0,2.0,1.0,2.0,2.0
1631169,22400925,1610612750,3.0,0.0,0.0,1.0,2.0,1.0,0.0,0.0
201142,22400921,1610612756,21.0,8.0,9.0,1.0,15.0,8.0,4.0,4.0
1629626,22400921,1610612756,6.0,1.0,5.0,0.0,5.0,3.0,0.0,0.0
1630208,22400921,1610612756,14.0,0.0,9.0,1.0,7.0,6.0,2.0,2.0
203078,22400921,1610612756,19.0,6.0,3.0,0.0,10.0,7.0,2.0,2.0
1626164,22400921,1610612756,24.0,6.0,3.0,0.0,21.0,10.0,4.0,4.0
203486,22400921,1610612756,13.0,1.0,5.0,0.0,6.0,5.0,4.0,3.0
1626220,22400921,1610612756,6.0,3.0,8.0,0.0,4.0,2.0,0.0,0.0
1628960,22400921,1610612756,17.0,4.0,1.0,2.0,10.0,6.0,2.0,2.0
1626145,22400921,1610612756,2.0,4.0,2.0,0.0,4.0,1.0,0.0,0.0
1631221,22400921,1610612756,3.0,0.0,0.0,0.0,2.0,1.0,0.0,0.0
1642346,22400921,1610612756,0.0,0.0,1.0,0.0,0.0,0.0,0.0,0.0
202691,22400921,1610612742,26.0,4.0,5.0,0.0,20.0,8.0,5.0,5.0
1630230,22400921,1610612742,34.0,10.0,9.0,0.0,22.0,13.0,6.0,5.0
1630556,22400921,1610612742,10.0,2.0,3.0,1.0,10.0,4.0,0.0,0.0
1631108,22400921,1610612742,12.0,2.0,3.0,0.0,5.0,4.0,0.0,0.0
1630314,22400921,1610612742,13.0,5.0,5.0,0.0,10.0,5.0,2.0,2.0
203915,22400921,1610612742,4.0,2.0,1.0,0.0,6.0,2.0,2.0,0.0
203939,22400921,1610612742,2.0,0.0,3.0,1.0,1.0,1.0,0.0,0.0
1628997,22400921,1610612742,3.0,2.0,1.0,0.0,6.0,1.0,1.0,1.0
203957,22400921,1610612742,12.0,2.0,2.0,0.0,8.0,5.0,0.0,0.0
201942,22400927,1610612758,31.0,10.0,7.0,0.0,20.0,9.0,12.0,12.0
1631099,22400927,1610612758,15.0,2.0,6.0,0.0,12.0,6.0,0.0,0.0
202685,22400927,1610612758,9.0,7.0,17.0,1.0,10.0,3.0,4.0,3.0
203897,22400927,1610612758,30.0,2.0,7.0,0.0,22.0,12.0,5.0,5.0
1631165,22400927,1610612758,8.0,2.0,0.0,0.0,9.0,3.0,0.0,0.0
1631222,22400927,1610612758,7.0,2.0,3.0,0.0,5.0,3.0,0.0,0.0
1626168,22400927,1610612758,2.0,1.0,5.0,0.0,4.0,1.0,0.0,0.0
1628365,22400927,1610612758,0.0,0.0,0.0,0.0,1.0,0.0,0.0,0.0
1642269,22400927,1610612758,8.0,1.0,3.0,0.0,4.0,3.0,4.0,1.0
202695,22400927,1610612746,17.0,2.0,4.0,1.0,19.0,7.0,4.0,2.0
201587,22400927,1610612746,9.0,0.0,4.0,1.0,3.0,3.0,0.0,0.0
1627826,22400927,1610612746,22.0,2.0,14.0,1.0,14.0,9.0,8.0,4.0
1627739,22400927,1610612746,4.0,4.0,2.0,1.0,7.0,2.0,0.0,0.0
201935,22400927,1610612746,29.0,11.0,9.0,0.0,19.0,10.0,8.0,6.0
1627884,22400927,1610612746,17.0,0.0,3.0,0.0,9.0,7.0,3.0,1.0
203992,22400927,1610612746,9.0,4.0,2.0,1.0,5.0,3.0,2.0,2.0
1629599,22400927,1610612746,2.0,0.0,0.0,0.0,4.0,1.0,0.0,0.0
1641738,22400927,1610612746,2.0,0.0,0.0,0.0,1.0,1.0,0.0,0.0
1630532,22400917,1610612753,18.0,5.0,7.0,0.0,17.0,8.0,1.0,1.0
1631094,22400917,1610612753,29.0,2.0,6.0,0.0,16.0,9.0,10.0,7.0
1628976,22400917,1610612753,7.0,0.0,4.0,0.0,7.0,3.0,1.0,1.0
203484,22400917,1610612753,9.0,1.0,3.0,1.0,8.0,3.0,2.0,2.0
1630175,22400917,1610612753,22.0,9.0,4.0,3.0,13.0,8.0,2.0,2.0
1628371,22400917,1610612753,4.0,0.0,1.0,0.0,2.0,2.0,0.0,0.0
1641710,22400917,1610612753,11.0,0.0,2.0,1.0,9.0,5.0,0.0,0.0
1631216,22400917,1610612753,3.0,0.0,0.0,0.0,4.0,1.0,0.0,0.0
1641783,22400917,1610612753,5.0,1.0,3.0,0.0,4.0,2.0,1.0,1.0
203914,22400917,1610612753,0.0,1.0,2.0,0.0,1.0,0.0,0.0,0.0
1629048,22400917,1610612753,3.0,0.0,2.0,0.0,1.0,1.0,2.0,1.0
1628398,22400917,1610612749,11.0,0.0,8.0,0.0,10.0,3.0,8.0,5.0
203507,22400917,1610612749,37.0,4.0,11.0,0.0,23.0,15.0,11.0,7.0
201572,22400917,1610612749,8.0,0.0,2.0,1.0,4.0,3.0,0.0,0.0
1627752,22400917,1610612749,13.0,3.0,4.0,0.0,10.0,5.0,0.0,0.0
203081,22400917,1610612749,26.0,4.0,7.0,0.0,18.0,9.0,4.0,4.0
1631260,22400917,1610612749,0.0,4.0,2.0,0.0,3.0,0.0,0.0,0.0
1629645,22400917,1610612749,12.0,2.0,2.0,0.0,6.0,5.0,0.0,0.0
1630579,22400917,1610612749,2.0,0.0,2.0,3.0,1.0,1.0,0.0,0.0
1629627,22400913,1610612740,20.0,3.0,2.0,0.0,19.0,10.0,2.0,0.0
203482,22400913,1610612740,0.0,6.0,6.0,2.0,5.0,0.0,0.0,0.0
1642274,22400913,1610612740,14.0,4.0,6.0,0.0,7.0,6.0,2.0,2.0
1630530,22400913,1610612740,13.0,2.0,5.0,1.0,12.0,6.0,2.0,1.0
203468,22400913,1610612740,17.0,2.0,5.0,0.0,13.0,6.0,2.0,1.0
1641722,22400913,1610612740,13.0,1.0,2.0,0.0,12.0,4.0,2.0,1.0
1631255,22400913,1610612740,11.0,1.0,7.0,0.0,5.0,5.0,1.0,1.0
1630526,22400913,1610612740,7.0,1.0,4.0,0.0,6.0,3.0,0.0,0.0
1630631,22400913,1610612740,17.0,7.0,4.0,0.0,16.0,7.0,1.0,1.0
1631288,22400913,1610612740,5.0,2.0,3.0,0.0,4.0,1.0,4.0,2.0
1628415,22400913,1610612745,27.0,3.0,4.0,0.0,14.0,9.0,2.0,2.0
1631106,22400913,1610612745,12.0,1.0,2.0,0.0,11.0,6.0,0.0,0.0
1630578,22400913,1610612745,20.0,6.0,5.0,2.0,11.0,7.0,7.0,6.0
1630224,22400913,1610612745,14.0,3.0,7.0,0.0,15.0,5.0,2.0,2.0
1641708,22400913,1610612745,15.0,11.0,9.0,1.0,11.0,7.0,2.0,1.0
1631095,22400913,1610612745,14.0,1.0,5.0,0.0,9.0,6.0,0.0,0.0
203500,22400913,1610612745,6.0,2.0,8.0,2.0,5.0,3.0,0.0,0.0
1628988,22400913,1610612745,20.0,2.0,4.0,0.0,14.0,7.0,2.0,2.0
201145,22400913,1610612745,3.0,1.0,2.0,1.0,1.0,1.0,0.0,0.0
1641715,22400913,1610612745,8.0,2.0,0.0,0.0,3.0,2.0,4.0,4.0
1631466,22400913,1610612745,3.0,0.0,0.0,1.0,4.0,1.0,0.0,0.0
1629111,22400913,1610612745,0.0,0.0,1.0,0.0,0.0,0.0,0.0,0.0
1630256,22400913,1610612745,4.0,0.0,1.0,0.0,1.0,1.0,2.0,2.0
1630174,22400914,1610612754,14.0,2.0,1.0,0.0,12.0,6.0,0.0,0.0
1627783,22400914,1610612754,23.0,3.0,7.0,1.0,19.0,8.0,6.0,6.0
1626167,22400914,1610612754,14.0,2.0,6.0,2.0,10.0,4.0,7.0,6.0
1641767,22400914,1610612754,5.0,0.0,4.0,0.0,5.0,2.0,1.0,1.0
1629614,22400914,1610612754,11.0,12.0,5.0,0.0,11.0,5.0,0.0,0.0
1631097,22400914,1610612754,30.0,5.0,8.0,0.0,20.0,9.0,10.0,8.0
204456,22400914,1610612754,0.0,0.0,0.0,0.0,0.0,0.0,0.0,0.0
1630167,22400914,1610612754,9.0,1.0,3.0,1.0,6.0,3.0,4.0,3.0
1641716,22400914,1610612754,0.0,0.0,0.0,0.0,0.0,0.0,0.0,0.0
1628418,22400914,1610612754,10.0,1.0,5.0,2.0,7.0,3.0,2.0,2.0
1631245,22400914,1610612754,2.0,3.0,2.0,0.0,4.0,1.0,0.0,0.0
1642258,22400914,1610612737,6.0,0.0,1.0,2.0,7.0,3.0,0.0,0.0
1631243,22400914,1610612737,6.0,2.0,0.0,2.0,5.0,2.0,2.0,2.0
1630168,22400914,1610612737,16.0,2.0,16.0,3.0,12.0,7.0,2.0,2.0
1630700,22400914,1610612737,10.0,4.0,6.0,0.0,10.0,4.0,0.0,0.0
1629027,22400914,1610612737,36.0,8.0,4.0,0.0,24.0,11.0,12.0,11.0
1627747,22400914,1610612737,26.0,1.0,3.0,2.0,17.0,10.0,2.0,2.0
1627777,22400914,1610612737,6.0,1.0,4.0,1.0,6.0,2.0,1.0,1.0
203991,22400914,1610612737,8.0,1.0,9.0,0.0,9.0,4.0,0.0,0.0
1629611,22400914,1610612737,6.0,4.0,5.0,0.0,7.0,2.0,2.0,2.0
1630811,22400914,1610612737,0.0,0.0,0.0,0.0,0.0,0.0,0.0,0.0
1627827,22400918,1610612747,8.0,0.0,4.0,0.0,8.0,3.0,0.0,0.0
2544,22400918,1610612747,22.0,9.0,14.0,0.0,23.0,11.0,3.0,0.0
1629020,22400918,1610612747,4.0,2.0,8.0,0.0,5.0,2.0,1.0,0.0
1630559,22400918,1610612747,16.0,2.0,3.0,0.0,12.0,5.0,2.0,2.0
1629029,22400918,1610612747,34.0,3.0,8.0,0.0,22.0,11.0,8.0,7.0
1629216,22400918,1610612747,2.0,1.0,0.0,0.0,4.0,1.0,0.0,0.0
1642261,22400918,1610612747,9.0,1.0,5.0,1.0,6.0,4.0,0.0,0.0
1630692,22400918,1610612747,6.0,0.0,3.0,0.0,6.0,2.0,0.0,0.0
1641998,22400918,1610612747,0.0,0.0,0.0,0.0,1.0,0.0,0.0,0.0
1627759,22400918,1610612738,31.0,2.0,6.0,0.0,25.0,13.0,4.0,2.0
1628369,22400918,1610612738,40.0,8.0,12.0,1.0,28.0,12.0,12.0,10.0
201143,22400918,1610612738,14.0,4.0,9.0,1.0,9.0,5.0,4.0,3.0
1628401,22400918,1610612738,10.0,7.0,5.0,1.0,7.0,3.0,3.0,3.0
201950,22400918,1610612738,7.0,1.0,5.0,0.0,6.0,3.0,0.0,0.0
1630202,22400918,1610612738,3.0,2.0,2.0,2.0,5.0,1.0,0.0,0.0
1628436,22400918,1610612738,6.0,0.0,4.0,0.0,3.0,3.0,2.0,0.0
1630573,22400918,1610612738,0.0,0.0,0.0,0.0,1.0,0.0,0.0,0.0
202699,22400919,1610612765,15.0,2.0,12.0,0.0,11.0,4.0,8.0,7.0
1641709,22400919,1610612765,6.0,0.0,5.0,1.0,6.0,2.0,2.0,2.0
1631105,22400919,1610612765,13.0,2.0,13.0,0.0,11.0,6.0,3.0,1.0
203501,22400919,1610612765,6.0,2.0,2.0,0.0,9.0,2.0,2.0,1.0
1630595,22400919,1610612765,31.0,5.0,4.0,2.0,17.0,10.0,10.0,9.0
1627736,22400919,1610612765,17.0,1.0,2.0,1.0,14.0,6.0,6.0,3.0
1631323,22400919,1610612765,0.0,0.0,2.0,0.0,1.0,0.0,0.0,0.0
1630191,22400919,1610612765,7.0,1.0,3.0,0.0,3.0,2.0,3.0,3.0
203471,22400919,1610612765,11.0,4.0,0.0,0.0,8.0,5.0,2.0,1.0
1641842,22400919,1610612765,4.0,0.0,1.0,0.0,5.0,2.0,0.0,0.0
202710,22400919,1610612744,26.0,5.0,9.0,0.0,17.0,9.0,7.0,6.0
203110,22400919,1610612744,12.0,7.0,9.0,1.0,7.0,3.0,6.0,4.0
1642366,22400919,1610612744,6.0,1.0,2.0,0.0,10.0,3.0,0.0,0.0
1630541,22400919,1610612744,12.0,3.0,7.0,0.0,11.0,3.0,4.0,4.0
201939,22400919,1610612744,32.0,4.0,3.0,0.0,22.0,8.0,12.0,12.0
1627741,22400919,1610612744,8.0,2.0,4.0,1.0,7.0,3.0,2.0,1.0
1627780,22400919,1610612744,2.0,1.0,2.0,0.0,1.0,0.0,2.0,2.0
1626172,22400919,1610612744,2.0,1.0,4.0,0.0,1.0,1.0,0.0,0.0
1630611,22400919,1610612744,15.0,1.0,6.0,1.0,8.0,5.0,6.0,4.0
1631218,22400919,1610612744,0.0,1.0,0.0,1.0,0.0,0.0,2.0,0.0
1630311,22400919,1610612744,0.0,0.0,0.0,0.0,0.0,0.0,0.0,0.0
1630581,22400916,1610612741,26.0,12.0,10.0,1.0,15.0,9.0,6.0,5.0
1641824,22400916,1610612741,13.0,1.0,5.0,0.0,9.0,4.0,4.0,4.0
1628380,22400916,1610612741,18.0,3.0,15.0,0.0,11.0,6.0,2.0,2.0
1629632,22400916,1610612741,21.0,3.0,3.0,0.0,16.0,6.0,9.0,9.0
1630200,22400916,1610612741,15.0,5.0,5.0,1.0,11.0,7.0,0.0,0.0
1628989,22400916,1610612741,11.0,0.0,3.0,0.0,13.0,4.0,4.0,2.0
1631207,22400916,1610612741,3.0,0.0,1.0,0.0,1.0,1.0,1.0,1.0
1630188,22400916,1610612741,7.0,1.0,4.0,2.0,9.0,3.0,0.0,0.0
1641763,22400916,1610612741,0.0,0.0,3.0,0.0,2.0,0.0,0.0,0.0
1629659,22400916,1610612741,0.0,2.0,2.0,0.0,1.0,0.0,0.0,0.0
203952,22400916,1610612748,22.0,1.0,3.0,1.0,17.0,9.0,2.0,1.0
1628389,22400916,1610612748,22.0,2.0,6.0,0.0,17.0,8.0,6.0,5.0
1642276,22400916,1610612748,7.0,0.0,12.0,2.0,7.0,3.0,2.0,1.0
1629639,22400916,1610612748,21.0,6.0,8.0,2.0,19.0,8.0,3.0,3.0
1630558,22400916,1610612748,4.0,8.0,3.0,0.0,5.0,2.0,2.0,0.0
1629312,22400916,1610612748,2.0,2.0,3.0,0.0,5.0,0.0,2.0,2.0
1629130,22400916,1610612748,12.0,4.0,1.0,0.0,15.0,4.0,2.0,2.0
1626179,22400916,1610612748,15.0,0.0,4.0,0.0,9.0,5.0,0.0,0.0
1631170,22400916,1610612748,4.0,2.0,4.0,0.0,3.0,2.0,0.0,0.0
1642273,22400915,1610612764,5.0,3.0,6.0,3.0,6.0,2.0,0.0,0.0
203114,22400915,1610612764,12.0,2.0,3.0,0.0,9.0,4.0,4.0,3.0
1642259,22400915,1610612764,10.0,3.0,14.0,1.0,16.0,5.0,2.0,0.0
1641731,22400915,1610612764,18.0,4.0,10.0,0.0,15.0,7.0,4.0,3.0
1629673,22400915,1610612764,34.0,5.0,2.0,1.0,20.0,12.0,3.0,3.0
1642267,22400915,1610612764,8.0,3.0,2.0,0.0,9.0,3.0,0.0,0.0
1630557,22400915,1610612764,12.0,1.0,1.0,0.0,7.0,4.0,4.0,3.0
1626158,22400915,1610612764,10.0,4.0,11.0,1.0,11.0,5.0,0.0,0.0
203935,22400915,1610612764,9.0,4.0,1.0,0.0,7.0,2.0,6.0,5.0
1630551,22400915,1610612764,0.0,0.0,0.0,1.0,0.0,0.0,0.0,0.0
1629628,22400915,1610612761,23.0,3.0,9.0,1.0,17.0,7.0,5.0,5.0
1630567,22400915,1610612761,18.0,4.0,2.0,0.0,16.0,4.0,10.0,9.0
1627751,22400915,1610612761,21.0,5.0,5.0,0.0,13.0,9.0,3.0,3.0
1630639,22400915,1610612761,7.0,2.0,3.0,0.0,11.0,2.0,2.0,2.0
1642347,22400915,1610612761,11.0,9.0,5.0,0.0,12.0,5.0,0.0,0.0
1630658,22400915,1610612761,6.0,0.0,6.0,2.0,6.0,3.0,0.0,0.0
1631197,22400915,1610612761,13.0,0.0,4.0,1.0,8.0,4.0,6.0,5.0
1631115,22400915,1610612761,7.0,1.0,7.0,2.0,5.0,2.0,4.0,3.0
1642419,22400915,1610612761,11.0,0.0,8.0,0.0,7.0,4.0,0.0,0.0
1630553,22400912,1610612751,1.0,2.0,3.0,1.0,2.0,0.0,2.0,1.0
1630533,22400912,1610612751,19.0,1.0,3.0,2.0,11.0,6.0,3.0,3.0
1629651,22400912,1610612751,8.0,2.0,6.0,2.0,5.0,4.0,0.0,0.0
1630560,22400912,1610612751,16.0,3.0,2.0,0.0,18.0,7.0,1.0,1.0
1626156,22400912,1610612751,28.0,7.0,6.0,1.0,18.0,10.0,6.0,4.0
1631213,22400912,1610612751,7.0,1.0,5.0,1.0,5.0,3.0,0.0,0.0
1630592,22400912,1610612751,7.0,0.0,1.0,0.0,4.0,2.0,1.0,1.0
1630570,22400912,1610612751,12.0,2.0,4.0,1.0,11.0,5.0,0.0,0.0
1641730,22400912,1610612751,0.0,1.0,4.0,0.0,5.0,0.0,0.0,0.0
1630549,22400912,1610612751,4.0,1.0,3.0,2.0,3.0,1.0,2.0,2.0
1630182,22400912,1610612766,0.0,5.0,4.0,0.0,5.0,0.0,0.0,0.0
1628970,22400912,1610612766,26.0,5.0,12.0,1.0,20.0,9.0,6.0,6.0
1631217,22400912,1610612766,16.0,2.0,15.0,0.0,12.0,8.0,0.0,0.0
1641733,22400912,1610612766,19.0,2.0,2.0,0.0,16.0,6.0,4.0,4.0
1641878,22400912,1610612766,14.0,4.0,2.0,0.0,17.0,6.0,1.0,0.0
1642275,22400912,1610612766,9.0,2.0,3.0,0.0,8.0,3.0,2.0,2.0
1630201,22400912,1610612766,9.0,1.0,5.0,0.0,7.0,3.0,3.0,2.0
1629610,22400912,1610612766,3.0,1.0,0.0,0.0,5.0,1.0,0.0,0.0
201959,22400912,1610612766,4.0,1.0,2.0,0.0,4.0,2.0,0.0,0.0
1631111,22400912,1610612766,5.0,2.0,5.0,1.0,4.0,2.0,0.0,0.0
201142,22400909,1610612756,29.0,5.0,9.0,0.0,16.0,10.0,7.0,6.0
1629626,22400909,1610612756,5.0,1.0,5.0,0.0,6.0,2.0,0.0,0.0
1630208,22400909,1610612756,18.0,0.0,5.0,1.0,13.0,9.0,1.0,0.0
203078,22400909,1610612756,11.0,9.0,1.0,0.0,13.0,5.0,2.0,1.0
1626164,22400909,1610612756,34.0,7.0,6.0,0.0,19.0,10.0,9.0,9.0
1628960,22400909,1610612756,11.0,4.0,0.0,0.0,4.0,3.0,5.0,3.0
203486,22400909,1610612756,18.0,0.0,11.0,1.0,8.0,7.0,5.0,4.0
1626145,22400909,1610612756,6.0,5.0,1.0,0.0,7.0,2.0,0.0,0.0
1626220,22400909,1610612756,6.0,5.0,1.0,0.0,4.0,2.0,0.0,0.0
1631221,22400909,1610612756,3.0,0.0,0.0,0.0,1.0,1.0,0.0,0.0
1629008,22400909,1610612743,16.0,3.0,2.0,1.0,13.0,7.0,2.0,1.0
203932,22400909,1610612743,27.0,1.0,3.0,0.0,15.0,9.0,2.0,2.0
203999,22400909,1610612743,31.0,22.0,21.0,0.0,22.0,13.0,3.0,2.0
1631128,22400909,1610612743,25.0,5.0,5.0,1.0,11.0,8.0,6.0,5.0
1627750,22400909,1610612743,19.0,8.0,1.0,0.0,14.0,8.0,2.0,2.0
201566,22400909,1610612743,14.0,4.0,3.0,0.0,11.0,6.0,1.0,1.0
1631212,22400909,1610612743,11.0,2.0,2.0,1.0,7.0,4.0,0.0,0.0
1630192,22400909,1610612743,6.0,0.0,1.0,0.0,4.0,2.0,2.0,1.0
1642377,22400906,1610612763,5.0,1.0,5.0,1.0,4.0,2.0,0.0,0.0
1630583,22400906,1610612763,6.0,3.0,5.0,0.0,6.0,3.0,0.0,0.0
1641744,22400906,1610612763,8.0,0.0,12.0,3.0,11.0,4.0,0.0,0.0
1630217,22400906,1610612763,27.0,6.0,16.0,2.0,24.0,11.0,3.0,3.0
1629630,22400906,1610612763,31.0,8.0,4.0,0.0,29.0,13.0,5.0,4.0
1631246,22400906,1610612763,12.0,1.0,4.0,0.0,6.0,4.0,2.0,2.0
1630590,22400906,1610612763,4.0,4.0,2.0,0.0,5.0,2.0,0.0,0.0
1629634,22400906,1610612763,17.0,2.0,8.0,4.0,10.0,6.0,6.0,5.0
1628379,22400906,1610612763,7.0,3.0,1.0,1.0,7.0,3.0,0.0,0.0
1641713,22400906,1610612763,5.0,0.0,2.0,1.0,4.0,2.0,0.0,0.0
202691,22400906,1610612742,15.0,1.0,4.0,3.0,19.0,6.0,0.0,0.0
1630230,22400906,1610612742,29.0,2.0,17.0,0.0,23.0,10.0,9.0,8.0
1630556,22400906,1610612742,13.0,3.0,3.0,1.0,9.0,4.0,2.0,2.0
1631108,22400906,1610612742,8.0,3.0,5.0,1.0,11.0,3.0,0.0,0.0
203957,22400906,1610612742,3.0,1.0,2.0,0.0,6.0,1.0,0.0,0.0
1630314,22400906,1610612742,31.0,6.0,5.0,0.0,15.0,10.0,8.0,7.0
203915,22400906,1610612742,10.0,4.0,3.0,1.0,12.0,2.0,5.0,5.0
203939,22400906,1610612742,0.0,1.0,2.0,0.0,0.0,0.0,0.0,0.0
1628997,22400906,1610612742,2.0,3.0,4.0,1.0,1.0,1.0,0.0,0.0
1629622,22400904,1610612739,3.0,1.0,3.0,0.0,3.0,0.0,3.0,3.0
1630596,22400904,1610612739,19.0,4.0,10.0,2.0,13.0,6.0,7.0,6.0
1628386,22400904,1610612739,14.0,0.0,11.0,1.0,10.0,4.0,6.0,6.0
1628378,22400904,1610612739,24.0,1.0,3.0,1.0,19.0,6.0,18.0,12.0
1629636,22400904,1610612739,20.0,2.0,1.0,0.0,10.0,4.0,9.0,9.0
1629660,22400904,1610612739,6.0,3.0,5.0,0.0,4.0,2.0,2.0,2.0
1629631,22400904,1610612739,15.0,4.0,6.0,0.0,6.0,4.0,6.0,5.0
1630241,22400904,1610612739,12.0,0.0,1.0,0.0,4.0,4.0,0.0,0.0
1629731,22400904,1610612739,0.0,1.0,3.0,0.0,3.0,0.0,0.0,0.0
1630171,22400904,1610612739,5.0,0.0,2.0,0.0,4.0,2.0,0.0,0.0
1629610,22400904,1610612766,6.0,1.0,2.0,1.0,3.0,2.0,2.0,1.0
1628970,22400904,1610612766,46.0,2.0,8.0,0.0,32.0,15.0,13.0,12.0
203994,22400904,1610612766,12.0,5.0,15.0,1.0,11.0,6.0,2.0,0.0
1630182,22400904,1610612766,3.0,1.0,3.0,0.0,4.0,1.0,2.0,1.0
1630163,22400904,1610612766,13.0,7.0,1.0,0.0,13.0,4.0,2.0,2.0
1641878,22400904,1610612766,6.0,4.0,1.0,0.0,7.0,3.0,0.0,0.0
1641733,22400904,1610612766,9.0,2.0,2.0,0.0,9.0,4.0,0.0,0.0
1631217,22400904,1610612766,6.0,2.0,3.0,1.0,5.0,3.0,0.0,0.0
203552,22400904,1610612766,5.0,1.0,2.0,0.0,2.0,2.0,0.0,0.0
201959,22400904,1610612766,2.0,1.0,0.0,0.0,1.0,1.0,0.0,0.0
1642275,22400904,1610612766,9.0,3.0,6.0,0.0,5.0,3.0,0.0,0.0
1630170,22400910,1610612759,10.0,3.0,2.0,2.0,13.0,4.0,0.0,0.0
203084,22400910,1610612759,12.0,0.0,2.0,0.0,6.0,4.0,2.0,0.0
202687,22400910,1610612759,5.0,1.0,4.0,1.0,4.0,2.0,4.0,1.0
1628368,22400910,1610612759,16.0,8.0,4.0,0.0,17.0,6.0,5.0,4.0
101108,22400910,1610612759,9.0,6.0,4.0,0.0,7.0,3.0,0.0,0.0
1642264,22400910,1610612759,25.0,3.0,2.0,0.0,17.0,10.0,3.0,3.0
1629640,22400910,1610612759,11.0,1.0,4.0,1.0,8.0,4.0,0.0,0.0
1631110,22400910,1610612759,9.0,2.0,8.0,0.0,9.0,4.0,4.0,1.0
1630577,22400910,1610612759,1.0,1.0,4.0,0.0,2.0,0.0,1.0,1.0
1630572,22400910,1610612759,7.0,1.0,2.0,0.0,3.0,2.0,2.0,1.0
1631103,22400910,1610612759,0.0,0.0,0.0,0.0,0.0,0.0,0.0,0.0
1629162,22400910,1610612759,2.0,0.0,0.0,0.0,0.0,0.0,2.0,2.0
1631104,22400910,1610612759,2.0,1.0,0.0,0.0,1.0,1.0,0.0,0.0
201942,22400910,1610612758,22.0,7.0,9.0,0.0,19.0,8.0,6.0,5.0
1631099,22400910,1610612758,19.0,1.0,9.0,2.0,14.0,7.0,2.0,2.0
202685,22400910,1610612758,15.0,6.0,12.0,1.0,8.0,7.0,2.0,1.0
203897,22400910,1610612758,36.0,3.0,4.0,0.0,22.0,14.0,1.0,1.0
1631165,22400910,1610612758,10.0,4.0,3.0,1.0,9.0,4.0,0.0,0.0
1628365,22400910,1610612758,0.0,0.0,1.0,0.0,2.0,0.0,0.0,0.0
1626168,22400910,1610612758,6.0,5.0,3.0,0.0,5.0,2.0,4.0,1.0
1631222,22400910,1610612758,6.0,3.0,8.0,0.0,9.0,2.0,2.0,1.0
1642269,22400910,1610612758,8.0,2.0,2.0,0.0,5.0,3.0,2.0,1.0
1642384,22400910,1610612758,0.0,0.0,0.0,0.0,0.0,0.0,0.0,0.0
1627746,22400910,1610612758,5.0,0.0,0.0,0.0,2.0,2.0,0.0,0.0
1642403,22400910,1610612758,0.0,0.0,0.0,0.0,0.0,0.0,0.0,0.0
1630222,22400910,1610612758,0.0,0.0,0.0,0.0,1.0,0.0,0.0,0.0
1628404,22400911,1610612752,14.0,6.0,20.0,0.0,13.0,6.0,2.0,1.0
1628384,22400911,1610612752,11.0,1.0,8.0,1.0,15.0,4.0,1.0,1.0
1626157,22400911,1610612752,23.0,2.0,10.0,0.0,21.0,8.0,4.0,4.0
1628969,22400911,1610612752,22.0,5.0,4.0,1.0,12.0,8.0,6.0,6.0
1630540,22400911,1610612752,7.0,6.0,2.0,0.0,13.0,2.0,2.0,1.0
1629013,22400911,1610612752,4.0,0.0,2.0,0.0,4.0,1.0,2.0,2.0
1630173,22400911,1610612752,9.0,2.0,5.0,1.0,6.0,4.0,1.0,1.0
1626166,22400911,1610612752,5.0,3.0,2.0,1.0,7.0,2.0,0.0,0.0
202695,22400911,1610612746,20.0,6.0,7.0,0.0,18.0,6.0,8.0,7.0
201587,22400911,1610612746,17.0,1.0,4.0,2.0,9.0,6.0,0.0,0.0
1627826,22400911,1610612746,16.0,3.0,14.0,1.0,18.0,8.0,0.0,0.0
1627739,22400911,1610612746,2.0,3.0,2.0,2.0,3.0,1.0,0.0,0.0
201935,22400911,1610612746,27.0,7.0,3.0,2.0,20.0,7.0,9.0,8.0
203992,22400911,1610612746,8.0,3.0,12.0,0.0,9.0,4.0,0.0,0.0
1627884,22400911,1610612746,9.0,0.0,3.0,1.0,5.0,3.0,2.0,1.0
1629599,22400911,1610612746,6.0,0.0,1.0,0.0,4.0,2.0,0.0,0.0
1629234,22400911,1610612746,0.0,0.0,1.0,0.0,2.0,0.0,0.0,0.0
1641729,22400905,1610612762,11.0,0.0,4.0,0.0,9.0,4.0,0.0,0.0
1630231,22400905,1610612762,5.0,1.0,3.0,1.0,5.0,2.0,1.0,1.0
1631117,22400905,1610612762,18.0,0.0,25.0,8.0,11.0,8.0,7.0,2.0
1629012,22400905,1610612762,17.0,3.0,2.0,1.0,15.0,6.0,8.0,5.0
1642268,22400905,1610612762,6.0,6.0,3.0,0.0,4.0,1.0,6.0,4.0
1642271,22400905,1610612762,17.0,3.0,5.0,0.0,10.0,7.0,2.0,1.0
1630548,22400905,1610612762,5.0,0.0,2.0,0.0,5.0,2.0,2.0,1.0
1630695,22400905,1610612762,2.0,0.0,4.0,0.0,3.0,1.0,0.0,0.0
1641718,22400905,1610612762,18.0,8.0,6.0,0.0,14.0,4.0,13.0,9.0
1642262,22400905,1610612762,10.0,0.0,2.0,0.0,8.0,4.0,0.0,0.0
1630639,22400905,1610612761,6.0,1.0,3.0,0.0,13.0,2.0,2.0,1.0
1630567,22400905,1610612761,22.0,6.0,12.0,3.0,19.0,8.0,8.0,6.0
1631115,22400905,1610612761,7.0,2.0,7.0,1.0,10.0,3.0,0.0,0.0
1642266,22400905,1610612761,14.0,2.0,5.0,0.0,12.0,5.0,2.0,2.0
1630193,22400905,1610612761,34.0,5.0,5.0,0.0,20.0,10.0,8.0,8.0
1630658,22400905,1610612761,2.0,5.0,7.0,0.0,3.0,1.0,0.0,0.0
1642419,22400905,1610612761,11.0,0.0,1.0,1.0,6.0,4.0,0.0,0.0
1642347,22400905,1610612761,8.0,5.0,2.0,0.0,9.0,3.0,2.0,2.0
1631197,22400905,1610612761,14.0,1.0,5.0,0.0,10.0,4.0,6.0,5.0
202066,22400905,1610612761,0.0,0.0,1.0,0.0,2.0,0.0,0.0,0.0
1641739,22400908,1610612757,7.0,2.0,10.0,2.0,13.0,2.0,4.0,2.0
203924,22400908,1610612757,4.0,0.0,5.0,0.0,10.0,2.0,0.0,0.0
1642270,22400908,1610612757,8.0,1.0,12.0,1.0,6.0,3.0,2.0,2.0
1631101,22400908,1610612757,19.0,2.0,3.0,0.0,14.0,7.0,3.0,3.0
1629014,22400908,1610612757,14.0,5.0,5.0,0.0,16.0,5.0,3.0,3.0
1630703,22400908,1610612757,22.0,3.0,4.0,0.0,15.0,8.0,5.0,4.0
1631200,22400908,1610612757,2.0,0.0,1.0,0.0,4.0,1.0,0.0,0.0
1641871,22400908,1610612757,8.0,2.0,3.0,1.0,6.0,3.0,0.0,0.0
1631133,22400908,1610612757,5.0,0.0,9.0,0.0,8.0,2.0,1.0,1.0
1631321,22400908,1610612757,0.0,0.0,1.0,0.0,0.0,0.0,0.0,0.0
1631121,22400908,1610612757,0.0,0.0,0.0,0.0,1.0,0.0,0.0,0.0
1641712,22400908,1610612757,0.0,0.0,0.0,0.0,1.0,0.0,0.0,0.0
1631303,22400908,1610612757,0.0,0.0,0.0,0.0,1.0,0.0,0.0,0.0
1629026,22400908,1610612760,10.0,1.0,6.0,1.0,9.0,3.0,4.0,3.0
1631172,22400908,1610612760,16.0,1.0,6.0,0.0,10.0,6.0,0.0,0.0
1631119,22400908,1610612760,10.0,11.0,11.0,2.0,7.0,4.0,0.0,0.0
1630198,22400908,1610612760,16.0,6.0,6.0,1.0,12.0,4.0,5.0,5.0
1630598,22400908,1610612760,30.0,3.0,5.0,1.0,26.0,13.0,2.0,2.0
1641794,22400908,1610612760,6.0,1.0,4.0,0.0,7.0,3.0,0.0,0.0
1627936,22400908,1610612760,17.0,1.0,1.0,1.0,8.0,6.0,4.0,3.0
1642382,22400908,1610612760,2.0,1.0,3.0,2.0,4.0,0.0,2.0,2.0
1641745,22400908,1610612760,0.0,0.0,1.0,0.0,1.0,0.0,0.0,0.0
1630183,22400907,1610612750,13.0,4.0,6.0,0.0,12.0,6.0,0.0,0.0
203944,22400907,1610612750,13.0,9.0,10.0,0.0,9.0,4.0,6.0,5.0
1629675,22400907,1610612750,15.0,3.0,4.0,2.0,13.0,6.0,0.0,0.0
1630162,22400907,1610612750,13.0,6.0,13.0,0.0,10.0,4.0,4.0,2.0
201144,22400907,1610612750,15.0,2.0,2.0,1.0,9.0,6.0,0.0,0.0
1628978,22400907,1610612750,15.0,4.0,6.0,1.0,13.0,6.0,2.0,0.0
1629638,22400907,1610612750,12.0,0.0,2.0,2.0,11.0,4.0,2.0,1.0
1630545,22400907,1610612750,6.0,0.0,0.0,0.0,2.0,2.0,0.0,0.0
1641740,22400907,1610612750,4.0,0.0,0.0,0.0,2.0,2.0,0.0,0.0
204060,22400907,1610612750,0.0,0.0,0.0,0.0,0.0,0.0,0.0,0.0
1641796,22400907,1610612748,5.0,1.0,4.0,0.0,8.0,2.0,1.0,1.0
201567,22400907,1610612748,6.0,1.0,2.0,0.0,4.0,2.0,0.0,0.0
1628389,22400907,1610612748,29.0,4.0,13.0,0.0,21.0,11.0,7.0,6.0
1629639,22400907,1610612748,22.0,7.0,6.0,2.0,21.0,9.0,1.0,0.0
1630558,22400907,1610612748,7.0,10.0,4.0,0.0,9.0,3.0,0.0,0.0
1629312,22400907,1610612748,9.0,4.0,5.0,0.0,7.0,4.0,0.0,0.0
1629130,22400907,1610612748,15.0,1.0,4.0,0.0,9.0,5.0,2.0,1.0
203937,22400907,1610612748,2.0,1.0,0.0,0.0,3.0,1.0,0.0,0.0
1631170,22400907,1610612748,4.0,0.0,1.0,0.0,4.0,2.0,0.0,0.0
1626179,22400907,1610612748,5.0,0.0,2.0,0.0,3.0,2.0,0.0,0.0
1628404,22400903,1610612752,18.0,2.0,10.0,0.0,13.0,6.0,7.0,4.0
1628384,22400903,1610612752,20.0,1.0,4.0,1.0,18.0,7.0,3.0,2.0
1626157,22400903,1610612752,12.0,1.0,14.0,0.0,13.0,3.0,7.0,5.0
1628969,22400903,1610612752,6.0,3.0,3.0,0.0,6.0,3.0,0.0,0.0
1628973,22400903,1610612752,39.0,10.0,4.0,0.0,26.0,13.0,13.0,12.0
1629011,22400903,1610612752,6.0,0.0,4.0,0.0,3.0,2.0,2.0,2.0
1630540,22400903,1610612752,0.0,2.0,5.0,1.0,6.0,0.0,0.0,0.0
1629013,22400903,1610612752,5.0,0.0,0.0,0.0,3.0,2.0,0.0,0.0
1626166,22400903,1610612752,3.0,1.0,2.0,0.0,6.0,1.0,0.0,0.0
1627827,22400903,1610612747,2.0,0.0,5.0,0.0,5.0,1.0,0.0,0.0
2544,22400903,1610612747,31.0,8.0,12.0,1.0,23.0,11.0,8.0,7.0
1629637,22400903,1610612747,8.0,3.0,5.0,2.0,5.0,3.0,2.0,2.0
1630559,22400903,1610612747,8.0,0.0,6.0,0.0,13.0,2.0,4.0,3.0
1629029,22400903,1610612747,32.0,12.0,7.0,0.0,23.0,9.0,12.0,10.0
1629020,22400903,1610612747,2.0,0.0,5.0,1.0,3.0,1.0,0.0,0.0
1642261,22400903,1610612747,11.0,1.0,4.0,0.0,8.0,4.0,0.0,0.0
1629216,22400903,1610612747,12.0,1.0,1.0,0.0,5.0,4.0,0.0,0.0
1641998,22400903,1610612747,7.0,0.0,4.0,0.0,4.0,3.0,2.0,1.0
1630541,22400901,1610612744,10.0,2.0,5.0,0.0,7.0,4.0,0.0,0.0
202710,22400901,1610612744,25.0,6.0,2.0,0.0,13.0,7.0,10.0,10.0
203110,22400901,1610612744,7.0,10.0,7.0,0.0,5.0,2.0,3.0,3.0
1641764,22400901,1610612744,0.0,0.0,0.0,0.0,0.0,0.0,0.0,0.0
201939,22400901,1610612744,40.0,4.0,4.0,0.0,20.0,12.0,9.0,9.0
1627741,22400901,1610612744,0.0,1.0,1.0,0.0,8.0,0.0,0.0,0.0
1627780,22400901,1610612744,16.0,1.0,9.0,0.0,12.0,7.0,2.0,2.0
1630611,22400901,1610612744,6.0,3.0,3.0,1.0,4.0,2.0,2.0,2.0
1626172,22400901,1610612744,5.0,1.0,5.0,1.0,4.0,1.0,4.0,3.0
1630311,22400901,1610612744,2.0,1.0,2.0,0.0,1.0,1.0,0.0,0.0
1642366,22400901,1610612744,10.0,2.0,7.0,2.0,8.0,4.0,2.0,0.0
1630553,22400901,1610612751,12.0,2.0,1.0,0.0,7.0,5.0,0.0,0.0
1629661,22400901,1610612751,26.0,4.0,6.0,0.0,16.0,9.0,6.0,5.0
1629651,22400901,1610612751,8.0,10.0,9.0,2.0,7.0,4.0,0.0,0.0
1630560,22400901,1610612751,23.0,7.0,3.0,0.0,18.0,8.0,6.0,5.0
1626156,22400901,1610612751,7.0,4.0,0.0,1.0,7.0,3.0,0.0,0.0
1630592,22400901,1610612751,9.0,0.0,3.0,0.0,3.0,1.0,6.0,6.0
1631213,22400901,1610612751,17.0,1.0,2.0,0.0,12.0,7.0,0.0,0.0
1630533,22400901,1610612751,10.0,1.0,1.0,0.0,8.0,4.0,0.0,0.0
1630549,22400901,1610612751,2.0,0.0,5.0,2.0,4.0,1.0,0.0,0.0
1630570,22400901,1610612751,5.0,1.0,2.0,0.0,5.0,2.0,0.0,0.0
1630581,22400944,1610612741,19.0,9.0,13.0,0.0,14.0,6.0,8.0,7.0
1641824,22400944,1610612741,11.0,2.0,5.0,3.0,8.0,4.0,1.0,1.0
1628380,22400944,1610612741,3.0,0.0,2.0,1.0,1.0,0.0,4.0,3.0
1629632,22400944,1610612741,44.0,1.0,5.0,0.0,28.0,16.0,6.0,5.0
1630200,22400944,1610612741,20.0,4.0,5.0,0.0,12.0,7.0,5.0,5.0
1630188,22400944,1610612741,3.0,3.0,9.0,1.0,6.0,1.0,2.0,1.0
1628989,22400944,1610612741,13.0,3.0,5.0,0.0,9.0,4.0,2.0,2.0
1629659,22400944,1610612741,3.0,1.0,1.0,0.0,2.0,1.0,2.0,0.0
1641763,22400944,1610612741,4.0,1.0,1.0,1.0,2.0,2.0,0.0,0.0
1631207,22400944,1610612741,5.0,1.0,2.0,1.0,4.0,2.0,0.0,0.0
1630532,22400944,1610612753,18.0,6.0,2.0,1.0,17.0,6.0,7.0,6.0
1631094,22400944,1610612753,20.0,3.0,9.0,0.0,15.0,5.0,11.0,10.0
1628976,22400944,1610612753,17.0,2.0,5.0,1.0,9.0,5.0,6.0,5.0
203484,22400944,1610612753,19.0,2.0,4.0,0.0,10.0,8.0,2.0,1.0
1630175,22400944,1610612753,20.0,3.0,4.0,1.0,12.0,6.0,6.0,6.0
1629048,22400944,1610612753,8.0,3.0,1.0,1.0,3.0,3.0,2.0,2.0
1641724,22400944,1610612753,4.0,0.0,0.0,0.0,6.0,2.0,0.0,0.0
1641710,22400944,1610612753,8.0,2.0,3.0,1.0,4.0,3.0,2.0,0.0
1641783,22400944,1610612753,6.0,3.0,2.0,0.0,7.0,1.0,4.0,4.0
202709,22400944,1610612753,0.0,2.0,1.0,0.0,2.0,0.0,0.0,0.0
1631216,22400944,1610612753,3.0,0.0,2.0,0.0,2.0,1.0,0.0,0.0
1641716,22400899,1610612754,8.0,1.0,7.0,1.0,9.0,4.0,0.0,0.0
1627783,22400899,1610612754,35.0,3.0,9.0,0.0,18.0,12.0,9.0,8.0
1626167,22400899,1610612754,17.0,1.0,9.0,2.0,8.0,6.0,4.0,4.0
1630174,22400899,1610612754,21.0,2.0,3.0,2.0,15.0,8.0,1.0,1.0
1629614,22400899,1610612754,15.0,10.0,1.0,0.0,13.0,5.0,3.0,3.0
1630167,22400899,1610612754,3.0,3.0,2.0,0.0,5.0,1.0,0.0,0.0
204456,22400899,1610612754,9.0,6.0,4.0,0.0,10.0,4.0,0.0,0.0
1641767,22400899,1610612754,8.0,1.0,2.0,0.0,8.0,3.0,0.0,0.0
1628418,22400899,1610612754,2.0,0.0,5.0,0.0,5.0,1.0,0.0,0.0
1642258,22400899,1610612737,11.0,2.0,4.0,1.0,9.0,4.0,0.0,0.0
1631243,22400899,1610612737,4.0,0.0,5.0,1.0,7.0,2.0,0.0,0.0
1630168,22400899,1610612737,20.0,2.0,13.0,1.0,8.0,7.0,7.0,6.0
1630700,22400899,1610612737,17.0,5.0,4.0,0.0,12.0,8.0,0.0,0.0
1629027,22400899,1610612737,22.0,16.0,3.0,0.0,17.0,7.0,7.0,7.0
1627747,22400899,1610612737,8.0,4.0,2.0,1.0,11.0,4.0,2.0,0.0
1627777,22400899,1610612737,24.0,3.0,6.0,0.0,15.0,10.0,0.0,0.0
203991,22400899,1610612737,6.0,0.0,5.0,0.0,6.0,3.0,0.0,0.0
1629611,22400899,1610612737,12.0,0.0,1.0,0.0,9.0,5.0,2.0,1.0
1642348,22400900,1610612755,14.0,2.0,4.0,1.0,7.0,5.0,2.0,2.0
1627824,22400900,1610612755,4.0,4.0,4.0,0.0,7.0,2.0,0.0,0.0
203083,22400900,1610612755,9.0,2.0,10.0,0.0,10.0,4.0,0.0,0.0
1626162,22400900,1610612755,27.0,6.0,5.0,0.0,20.0,9.0,7.0,6.0
1629656,22400900,1610612755,6.0,5.0,8.0,0.0,11.0,2.0,2.0,1.0
1629022,22400900,1610612755,17.0,3.0,1.0,0.0,13.0,6.0,0.0,0.0
1630215,22400900,1610612755,5.0,1.0,5.0,0.0,5.0,2.0,0.0,0.0
1630288,22400900,1610612755,10.0,2.0,1.0,1.0,6.0,4.0,0.0,0.0
1641737,22400900,1610612755,6.0,1.0,2.0,1.0,5.0,3.0,0.0,0.0
1642024,22400900,1610612755,3.0,1.0,3.0,2.0,4.0,1.0,1.0,1.0
1641741,22400900,1610612755,4.0,2.0,2.0,0.0,7.0,2.0,0.0,0.0
1628369,22400900,1610612738,35.0,2.0,7.0,0.0,23.0,14.0,2.0,2.0
1629674,22400900,1610612738,8.0,4.0,9.0,2.0,10.0,4.0,0.0,0.0
1628436,22400900,1610612738,9.0,4.0,7.0,4.0,4.0,4.0,2.0,1.0
1641809,22400900,1610612738,0.0,2.0,3.0,0.0,3.0,0.0,0.0,0.0
1628401,22400900,1610612738,12.0,6.0,3.0,0.0,14.0,4.0,2.0,2.0
1630202,22400900,1610612738,19.0,6.0,4.0,0.0,13.0,6.0,3.0,3.0
1631248,22400900,1610612738,15.0,3.0,3.0,0.0,10.0,5.0,2.0,2.0
1641775,22400900,1610612738,5.0,3.0,4.0,0.0,3.0,2.0,0.0,0.0
1628470,22400900,1610612738,12.0,1.0,4.0,0.0,5.0,4.0,2.0,2.0
1631120,22400900,1610612738,3.0,1.0,0.0,0.0,2.0,1.0,0.0,0.0
1630214,22400900,1610612738,5.0,0.0,0.0,0.0,4.0,2.0,0.0,0.0
1641936,22400900,1610612738,0.0,0.0,2.0,0.0,0.0,0.0,0.0,0.0
1628415,22400902,1610612745,14.0,1.0,4.0,0.0,9.0,6.0,2.0,1.0
1631106,22400902,1610612745,20.0,4.0,2.0,1.0,14.0,7.0,2.0,2.0
1630578,22400902,1610612745,22.0,8.0,6.0,1.0,14.0,11.0,3.0,0.0
1630224,22400902,1610612745,9.0,8.0,2.0,1.0,10.0,3.0,1.0,1.0
1641708,22400902,1610612745,21.0,2.0,11.0,1.0,13.0,10.0,4.0,1.0
203500,22400902,1610612745,3.0,6.0,8.0,0.0,2.0,1.0,2.0,1.0
1631095,22400902,1610612745,16.0,1.0,5.0,1.0,13.0,6.0,4.0,2.0
1642263,22400902,1610612745,2.0,3.0,3.0,0.0,5.0,1.0,0.0,0.0
201145,22400902,1610612745,2.0,0.0,0.0,1.0,1.0,1.0,0.0,0.0
1629627,22400902,1610612740,20.0,3.0,10.0,2.0,15.0,5.0,12.0,10.0
203482,22400902,1610612740,8.0,2.0,5.0,1.0,5.0,2.0,4.0,3.0
1642274,22400902,1610612740,10.0,1.0,4.0,0.0,5.0,3.0,6.0,4.0
1630530,22400902,1610612740,26.0,0.0,5.0,2.0,15.0,9.0,5.0,5.0
203468,22400902,1610612740,13.0,2.0,2.0,0.0,15.0,5.0,0.0,0.0
1628971,22400902,1610612740,0.0,2.0,2.0,0.0,2.0,0.0,0.0,0.0
1641722,22400902,1610612740,7.0,0.0,5.0,0.0,8.0,2.0,2.0,2.0
1631255,22400902,1610612740,6.0,3.0,6.0,2.0,9.0,2.0,4.0,2.0
1630631,22400902,1610612740,7.0,4.0,2.0,0.0,9.0,3.0,0.0,0.0
203501,22400898,1610612765,7.0,1.0,4.0,0.0,6.0,3.0,1.0,1.0
1641709,22400898,1610612765,10.0,1.0,6.0,1.0,13.0,5.0,0.0,0.0
1631105,22400898,1610612765,7.0,4.0,3.0,0.0,3.0,2.0,6.0,3.0
1627736,22400898,1610612765,14.0,0.0,0.0,0.0,12.0,5.0,0.0,0.0
1630595,22400898,1610612765,37.0,10.0,7.0,0.0,25.0,15.0,6.0,5.0
203471,22400898,1610612765,21.0,7.0,6.0,0.0,14.0,8.0,0.0,0.0
1630191,22400898,1610612765,10.0,3.0,6.0,1.0,6.0,4.0,2.0,2.0
1631323,22400898,1610612765,2.0,1.0,2.0,0.0,4.0,1.0,0.0,0.0
1641842,22400898,1610612765,7.0,0.0,0.0,0.0,3.0,2.0,4.0,3.0
203992,22400898,1610612746,23.0,3.0,3.0,1.0,16.0,8.0,4.0,4.0
201587,22400898,1610612746,5.0,0.0,3.0,2.0,1.0,1.0,2.0,2.0
1627826,22400898,1610612746,22.0,3.0,11.0,0.0,20.0,11.0,0.0,0.0
1627739,22400898,1610612746,8.0,6.0,4.0,1.0,3.0,3.0,0.0,0.0
201935,22400898,1610612746,50.0,5.0,4.0,1.0,24.0,14.0,20.0,16.0
1629599,22400898,1610612746,7.0,0.0,2.0,0.0,7.0,3.0,0.0,0.0
1629234,22400898,1610612746,2.0,0.0,0.0,0.0,3.0,1.0,0.0,0.0
1641738,22400898,1610612746,4.0,1.0,4.0,1.0,4.0,2.0,0.0,0.0
1641757,22400898,1610612746,2.0,0.0,2.0,0.0,2.0,1.0,0.0,0.0
1629652,22400895,1610612760,3.0,3.0,4.0,0.0,7.0,1.0,0.0,0.0
1631114,22400895,1610612760,20.0,9.0,5.0,1.0,17.0,7.0,5.0,5.0
1628392,22400895,1610612760,10.0,2.0,15.0,1.0,9.0,5.0,0.0,0.0
1641717,22400895,1610612760,4.0,1.0,4.0,0.0,3.0,2.0,0.0,0.0
1628983,22400895,1610612760,41.0,8.0,2.0,0.0,25.0,14.0,10.0,10.0
1630598,22400895,1610612760,16.0,3.0,1.0,0.0,9.0,6.0,2.0,1.0
1631119,22400895,1610612760,13.0,0.0,4.0,2.0,4.0,4.0,2.0,1.0
1630198,22400895,1610612760,8.0,1.0,3.0,0.0,7.0,3.0,0.0,0.0
1629026,22400895,1610612760,0.0,0.0,0.0,0.0,3.0,0.0,0.0,0.0
1631172,22400895,1610612760,5.0,0.0,1.0,0.0,3.0,2.0,0.0,0.0
1641745,22400895,1610612760,0.0,0.0,0.0,0.0,0.0,0.0,0.0,0.0
1642377,22400895,1610612763,3.0,1.0,5.0,0.0,5.0,0.0,4.0,3.0
1631246,22400895,1610612763,12.0,2.0,3.0,0.0,12.0,5.0,1.0,1.0
1641744,22400895,1610612763,6.0,0.0,9.0,0.0,8.0,3.0,0.0,0.0
1630217,22400895,1610612763,15.0,1.0,6.0,1.0,14.0,5.0,5.0,4.0
1629630,22400895,1610612763,24.0,6.0,3.0,0.0,22.0,8.0,6.0,6.0
1628379,22400895,1610612763,2.0,4.0,2.0,0.0,4.0,1.0,0.0,0.0
1629634,22400895,1610612763,13.0,2.0,11.0,0.0,7.0,5.0,3.0,3.0
1628963,22400895,1610612763,3.0,0.0,2.0,0.0,2.0,1.0,0.0,0.0
1630590,22400895,1610612763,15.0,3.0,5.0,0.0,9.0,6.0,1.0,1.0
1641713,22400895,1610612763,6.0,2.0,3.0,0.0,7.0,2.0,0.0,0.0
1630205,22400895,1610612763,2.0,0.0,0.0,0.0,1.0,1.0,0.0,0.0
1630643,22400895,1610612763,0.0,0.0,0.0,0.0,0.0,0.0,0.0,0.0
1642285,22400895,1610612763,2.0,0.0,0.0,0.0,0.0,0.0,2.0,2.0
1630166,22400891,1610612757,12.0,2.0,6.0,2.0,10.0,5.0,2.0,1.0
1641739,22400891,1610612757,12.0,2.0,4.0,0.0,11.0,3.0,5.0,4.0
1642270,22400891,1610612757,2.0,1.0,7.0,1.0,3.0,1.0,0.0,0.0
1631101,22400891,1610612757,25.0,2.0,6.0,0.0,18.0,11.0,0.0,0.0
1629014,22400891,1610612757,30.0,6.0,1.0,0.0,21.0,12.0,3.0,3.0
1630703,22400891,1610612757,13.0,4.0,2.0,0.0,11.0,4.0,5.0,4.0
1641871,22400891,1610612757,0.0,0.0,2.0,0.0,2.0,0.0,0.0,0.0
1631200,22400891,1610612757,2.0,1.0,4.0,0.0,4.0,1.0,0.0,0.0
1631133,22400891,1610612757,22.0,0.0,6.0,0.0,9.0,8.0,2.0,0.0
1630625,22400891,1610612757,0.0,1.0,1.0,0.0,1.0,0.0,0.0,0.0
1630573,22400891,1610612738,5.0,0.0,6.0,0.0,9.0,2.0,0.0,0.0
201143,22400891,1610612738,12.0,4.0,9.0,2.0,9.0,4.0,2.0,2.0
1628436,22400891,1610612738,2.0,4.0,6.0,1.0,4.0,1.0,0.0,0.0
1627759,22400891,1610612738,18.0,8.0,8.0,0.0,23.0,7.0,6.0,4.0
1628401,22400891,1610612738,41.0,2.0,3.0,1.0,26.0,14.0,4.0,4.0
1630202,22400891,1610612738,43.0,5.0,10.0,0.0,20.0,14.0,5.0,5.0
1641775,22400891,1610612738,3.0,1.0,6.0,1.0,1.0,1.0,0.0,0.0
1629674,22400891,1610612738,4.0,0.0,4.0,1.0,5.0,2.0,0.0,0.0
1631120,22400891,1610612738,0.0,0.0,0.0,0.0,0.0,0.0,0.0,0.0
1641809,22400891,1610612738,0.0,0.0,0.0,0.0,0.0,0.0,0.0,0.0
201942,22400896,1610612758,35.0,5.0,6.0,0.0,32.0,14.0,4.0,3.0
1631099,22400896,1610612758,6.0,0.0,3.0,2.0,7.0,3.0,0.0,0.0
202685,22400896,1610612758,19.0,6.0,13.0,0.0,14.0,8.0,4.0,3.0
203897,22400896,1610612758,20.0,6.0,4.0,0.0,16.0,7.0,4.0,3.0
1631165,22400896,1610612758,11.0,3.0,7.0,2.0,9.0,4.0,2.0,2.0
1631222,22400896,1610612758,15.0,1.0,5.0,0.0,10.0,6.0,0.0,0.0
1626168,22400896,1610612758,4.0,1.0,5.0,0.0,6.0,2.0,0.0,0.0
1628365,22400896,1610612758,0.0,0.0,1.0,1.0,2.0,0.0,0.0,0.0
203926,22400896,1610612758,0.0,0.0,1.0,1.0,0.0,0.0,0.0,0.0
1627746,22400896,1610612758,0.0,0.0,0.0,0.0,0.0,0.0,0.0,0.0
1631128,22400896,1610612743,15.0,7.0,2.0,1.0,10.0,5.0,2.0,2.0
1629008,22400896,1610612743,13.0,0.0,12.0,1.0,13.0,5.0,2.0,2.0
203999,22400896,1610612743,22.0,6.0,15.0,0.0,18.0,9.0,6.0,4.0
201566,22400896,1610612743,25.0,3.0,5.0,2.0,20.0,10.0,1.0,1.0
1627750,22400896,1610612743,24.0,8.0,4.0,1.0,10.0,4.0,15.0,14.0
1629618,22400896,1610612743,5.0,3.0,2.0,0.0,5.0,2.0,0.0,0.0
1630192,22400896,1610612743,10.0,0.0,3.0,3.0,7.0,4.0,2.0,1.0
1631212,22400896,1610612743,2.0,1.0,3.0,0.0,4.0,1.0,2.0,0.0
202691,22400897,1610612742,28.0,4.0,4.0,0.0,27.0,11.0,0.0,0.0
1630230,22400897,1610612742,22.0,2.0,11.0,0.0,18.0,10.0,1.0,0.0
203939,22400897,1610612742,6.0,4.0,3.0,1.0,4.0,3.0,0.0,0.0
1631108,22400897,1610612742,13.0,1.0,2.0,0.0,16.0,5.0,1.0,1.0
203915,22400897,1610612742,8.0,6.0,1.0,1.0,7.0,3.0,4.0,1.0
1630314,22400897,1610612742,14.0,8.0,5.0,0.0,15.0,7.0,0.0,0.0
1630556,22400897,1610612742,7.0,3.0,2.0,1.0,4.0,3.0,0.0,0.0
1641765,22400897,1610612742,9.0,2.0,2.0,0.0,7.0,3.0,4.0,2.0
1628398,22400897,1610612749,17.0,0.0,4.0,0.0,9.0,7.0,1.0,1.0
203507,22400897,1610612749,32.0,4.0,15.0,0.0,20.0,13.0,6.0,6.0
201572,22400897,1610612749,2.0,1.0,2.0,2.0,1.0,1.0,0.0,0.0
1627752,22400897,1610612749,3.0,0.0,4.0,0.0,6.0,1.0,0.0,0.0
203081,22400897,1610612749,34.0,5.0,3.0,0.0,15.0,11.0,7.0,7.0
1631260,22400897,1610612749,18.0,2.0,2.0,0.0,9.0,6.0,0.0,0.0
1629645,22400897,1610612749,10.0,14.0,11.0,0.0,11.0,4.0,3.0,2.0
1630579,22400897,1610612749,10.0,0.0,8.0,1.0,5.0,5.0,0.0,0.0
1641748,22400897,1610612749,8.0,0.0,1.0,0.0,7.0,3.0,0.0,0.0
1641753,22400897,1610612749,1.0,1.0,3.0,0.0,1.0,0.0,2.0,1.0
1630649,22400897,1610612749,0.0,1.0,1.0,1.0,3.0,0.0,0.0,0.0
1631123,22400897,1610612749,2.0,1.0,0.0,0.0,1.0,1.0,0.0,0.0
1641890,22400897,1610612749,0.0,0.0,1.0,0.0,1.0,0.0,0.0,0.0
1630183,22400892,1610612750,29.0,4.0,10.0,0.0,21.0,13.0,0.0,0.0
203944,22400892,1610612750,25.0,9.0,10.0,0.0,18.0,8.0,8.0,7.0
1629675,22400892,1610612750,13.0,2.0,10.0,0.0,12.0,5.0,2.0,1.0
1630162,22400892,1610612750,29.0,6.0,3.0,1.0,20.0,9.0,8.0,5.0
1628978,22400892,1610612750,16.0,1.0,5.0,0.0,7.0,5.0,2.0,2.0
1630545,22400892,1610612750,4.0,0.0,0.0,0.0,3.0,1.0,2.0,1.0
1629638,22400892,1610612750,3.0,3.0,4.0,1.0,5.0,1.0,0.0,0.0
1642265,22400892,1610612750,3.0,2.0,0.0,1.0,1.0,1.0,0.0,0.0
1641740,22400892,1610612750,3.0,0.0,1.0,0.0,3.0,1.0,0.0,0.0
1629610,22400892,1610612766,6.0,2.0,2.0,0.0,5.0,3.0,0.0,0.0
1628970,22400892,1610612766,23.0,5.0,9.0,0.0,20.0,9.0,6.0,4.0
1631109,22400892,1610612766,12.0,2.0,8.0,1.0,7.0,5.0,4.0,2.0
1641733,22400892,1610612766,11.0,3.0,4.0,0.0,10.0,4.0,0.0,0.0
1630163,22400892,1610612766,28.0,6.0,10.0,0.0,28.0,11.0,2.0,2.0
203994,22400892,1610612766,2.0,0.0,5.0,0.0,4.0,0.0,2.0,2.0
1641878,22400892,1610612766,4.0,2.0,1.0,0.0,5.0,2.0,0.0,0.0
1642275,22400892,1610612766,4.0,3.0,7.0,0.0,2.0,1.0,2.0,2.0
203552,22400892,1610612766,14.0,2.0,7.0,0.0,11.0,5.0,0.0,0.0
1631217,22400892,1610612766,6.0,1.0,4.0,1.0,3.0,2.0,2.0,2.0
202692,22400893,1610612748,5.0,2.0,5.0,0.0,8.0,2.0,1.0,0.0
201567,22400893,1610612748,10.0,1.0,6.0,2.0,8.0,3.0,4.0,3.0
1628389,22400893,1610612748,34.0,5.0,12.0,0.0,18.0,11.0,9.0,9.0
1626179,22400893,1610612748,12.0,2.0,1.0,0.0,14.0,3.0,5.0,5.0
1630558,22400893,1610612748,9.0,7.0,1.0,0.0,5.0,3.0,2.0,2.0
1629312,22400893,1610612748,13.0,2.0,3.0,0.0,9.0,5.0,2.0,2.0
1629130,22400893,1610612748,14.0,2.0,3.0,0.0,10.0,5.0,0.0,0.0
203937,22400893,1610612748,7.0,7.0,11.0,0.0,8.0,3.0,2.0,1.0
1641796,22400893,1610612748,3.0,1.0,0.0,0.0,3.0,1.0,0.0,0.0
1629622,22400893,1610612739,11.0,2.0,2.0,0.0,8.0,4.0,0.0,0.0
1630596,22400893,1610612739,16.0,3.0,13.0,1.0,10.0,7.0,7.0,2.0
1628386,22400893,1610612739,4.0,1.0,8.0,2.0,6.0,2.0,0.0,0.0
1628378,22400893,1610612739,26.0,5.0,7.0,0.0,17.0,8.0,7.0,6.0
1629636,22400893,1610612739,15.0,10.0,3.0,0.0,12.0,5.0,2.0,2.0
1629660,22400893,1610612739,12.0,1.0,5.0,0.0,12.0,4.0,2.0,2.0
1629631,22400893,1610612739,16.0,2.0,5.0,1.0,12.0,6.0,4.0,4.0
1630241,22400893,1610612739,3.0,0.0,2.0,0.0,3.0,1.0,0.0,0.0
1629731,22400893,1610612739,2.0,1.0,0.0,0.0,2.0,1.0,0.0,0.0
1630171,22400893,1610612739,7.0,1.0,2.0,0.0,5.0,3.0,0.0,0.0
1630231,22400894,1610612762,5.0,1.0,5.0,0.0,6.0,2.0,0.0,0.0
1641729,22400894,1610612762,15.0,3.0,4.0,1.0,15.0,5.0,3.0,3.0
1642271,22400894,1610612762,23.0,0.0,13.0,1.0,17.0,10.0,3.0,2.0
1630548,22400894,1610612762,27.0,2.0,7.0,1.0,15.0,10.0,3.0,2.0
1642268,22400894,1610612762,19.0,6.0,6.0,0.0,14.0,7.0,9.0,5.0
1642262,22400894,1610612762,12.0,2.0,3.0,0.0,9.0,4.0,2.0,2.0
1629004,22400894,1610612762,11.0,6.0,1.0,0.0,15.0,4.0,0.0,0.0
1630695,22400894,1610612762,4.0,1.0,6.0,0.0,4.0,2.0,0.0,0.0
1631131,22400894,1610612762,6.0,0.0,13.0,0.0,6.0,3.0,0.0,0.0
1642273,22400894,1610612764,23.0,2.0,7.0,1.0,17.0,8.0,5.0,4.0
203114,22400894,1610612764,14.0,6.0,6.0,1.0,12.0,5.0,3.0,3.0
1642259,22400894,1610612764,21.0,4.0,5.0,2.0,12.0,8.0,4.0,3.0
1641731,22400894,1610612764,11.0,0.0,5.0,3.0,10.0,5.0,0.0,0.0
1642267,22400894,1610612764,12.0,9.0,5.0,2.0,10.0,4.0,5.0,4.0
1630551,22400894,1610612764,17.0,2.0,3.0,0.0,9.0,5.0,3.0,3.0
1630557,22400894,1610612764,6.0,3.0,3.0,1.0,6.0,1.0,5.0,3.0
1641774,22400894,1610612764,8.0,1.0,7.0,2.0,10.0,2.0,2.0,2.0
203935,22400894,1610612764,13.0,5.0,4.0,0.0,9.0,4.0,2.0,2.0
1630567,22400883,1610612761,17.0,5.0,13.0,1.0,13.0,6.0,5.0,4.0
1629628,22400883,1610612761,21.0,9.0,8.0,1.0,14.0,7.0,9.0,4.0
1627751,22400883,1610612761,17.0,2.0,7.0,1.0,8.0,6.0,5.0,5.0
1642266,22400883,1610612761,17.0,0.0,3.0,1.0,10.0,4.0,8.0,7.0
1630193,22400883,1610612761,15.0,4.0,4.0,0.0,9.0,4.0,7.0,5.0
1642367,22400883,1610612761,0.0,0.0,3.0,0.0,2.0,0.0,0.0,0.0
1631115,22400883,1610612761,2.0,2.0,5.0,1.0,3.0,1.0,0.0,0.0
1642347,22400883,1610612761,8.0,5.0,1.0,0.0,10.0,3.0,1.0,1.0
1630639,22400883,1610612761,13.0,1.0,2.0,2.0,6.0,5.0,0.0,0.0
1631197,22400883,1610612761,4.0,0.0,2.0,1.0,5.0,2.0,0.0,0.0
1630532,22400883,1610612753,28.0,1.0,5.0,0.0,23.0,11.0,4.0,3.0
1631094,22400883,1610612753,41.0,8.0,8.0,1.0,20.0,14.0,10.0,9.0
1628976,22400883,1610612753,2.0,3.0,6.0,0.0,5.0,1.0,0.0,0.0
203484,22400883,1610612753,12.0,3.0,2.0,0.0,11.0,5.0,1.0,1.0
202709,22400883,1610612753,8.0,5.0,1.0,0.0,7.0,3.0,0.0,0.0
1641724,22400883,1610612753,0.0,1.0,0.0,0.0,4.0,0.0,0.0,0.0
1641783,22400883,1610612753,12.0,2.0,3.0,0.0,5.0,4.0,0.0,0.0
1641710,22400883,1610612753,5.0,1.0,2.0,0.0,4.0,1.0,4.0,3.0
1628371,22400883,1610612753,3.0,1.0,3.0,3.0,4.0,1.0,0.0,0.0
1629048,22400883,1610612753,2.0,3.0,5.0,1.0,0.0,0.0,4.0,2.0
1629622,22400886,1610612739,11,5,3,0,7,4,0,0
1629631,22400886,1610612739,6,0,5,1,7,2,2,2
1628386,22400886,1610612739,25,3,17,0,11,10,5,5
1628378,22400886,1610612739,28,5,7,0,17,7,14,13
1629636,22400886,1610612739,19,7,3,0,22,7,0,0
1629660,22400886,1610612739,16,2,3,0,10,3,9,9
1629731,22400886,1610612739,6,0,4,1,7,2,0,0
1630241,22400886,1610612739,11,0,2,2,6,4,0,0
1630171,22400886,1610612739,4,1,1,0,4,2,0,0
1629750,22400886,1610612739,11,2,6,0,5,4,3,1
1642281,22400886,1610612739,2,1,0,0,2,1,0,0
202684,22400886,1610612739,0,1,2,0,0,0,0,0
1641854,22400886,1610612739,0,0,0,0,0,0,0,0
1631207,22400886,1610612741,4,2,1,0,5,2,0,0
1641824,22400886,1610612741,17,3,7,1,17,7,2,2
1628380,22400886,1610612741,20,2,12,1,16,10,0,0
1629632,22400886,1610612741,25,7,4,1,23,9,5,4
1630200,22400886,1610612741,9,7,8,1,9,4,2,0
1629659,22400886,1610612741,22,6,4,0,18,9,2,1
1641763,22400886,1610612741,4,1,0,0,4,1,2,2
1628975,22400886,1610612741,3,3,2,1,5,1,0,0
1630188,22400886,1610612741,13,0,11,1,7,4,4,3
1642443,22400886,1610612741,0,1,1,0,0,0,0,0
1641801,22400886,1610612741,0,0,0,0,0,0,0,0
1630604,22400886,1610612741,0,0,0,0,2,0,0,0
202710,22400885,1610612744,19.0,4.0,4.0,0.0,12.0,6.0,9.0,7.0
1630541,22400885,1610612744,9.0,2.0,4.0,0.0,8.0,4.0,0.0,0.0
203110,22400885,1610612744,8.0,8.0,9.0,0.0,4.0,2.0,4.0,4.0
201939,22400885,1610612744,28.0,9.0,7.0,0.0,21.0,10.0,3.0,3.0
1641764,22400885,1610612744,19.0,4.0,5.0,0.0,16.0,8.0,1.0,1.0
1630611,22400885,1610612744,9.0,2.0,1.0,1.0,6.0,4.0,0.0,0.0
1627741,22400885,1610612744,15.0,0.0,6.0,1.0,13.0,6.0,0.0,0.0
1626172,22400885,1610612744,2.0,0.0,4.0,2.0,1.0,1.0,2.0,0.0
1628995,22400885,1610612744,2.0,1.0,1.0,2.0,3.0,1.0,0.0,0.0
1642366,22400885,1610612744,3.0,0.0,3.0,1.0,4.0,1.0,0.0,0.0
1628384,22400885,1610612752,29.0,3.0,3.0,0.0,19.0,11.0,5.0,3.0
1628404,22400885,1610612752,2.0,3.0,8.0,0.0,8.0,1.0,0.0,0.0
1629011,22400885,1610612752,7.0,0.0,5.0,0.0,6.0,3.0,1.0,1.0
1628969,22400885,1610612752,15.0,4.0,4.0,1.0,15.0,7.0,0.0,0.0
1628973,22400885,1610612752,25.0,7.0,2.0,0.0,18.0,9.0,7.0,6.0
1630173,22400885,1610612752,8.0,0.0,15.0,1.0,10.0,4.0,0.0,0.0
1630540,22400885,1610612752,6.0,5.0,4.0,0.0,7.0,2.0,2.0,2.0
1629013,22400885,1610612752,5.0,0.0,0.0,0.0,3.0,2.0,0.0,0.0
1626166,22400885,1610612752,5.0,4.0,1.0,0.0,6.0,2.0,0.0,0.0
202695,22400889,1610612746,21.0,3.0,4.0,1.0,20.0,9.0,2.0,2.0
203992,22400889,1610612746,13.0,3.0,4.0,0.0,7.0,5.0,0.0,0.0
1627826,22400889,1610612746,35.0,3.0,10.0,1.0,19.0,15.0,6.0,5.0
1627739,22400889,1610612746,2.0,3.0,1.0,0.0,6.0,1.0,0.0,0.0
201935,22400889,1610612746,21.0,15.0,6.0,0.0,14.0,5.0,11.0,9.0
1629599,22400889,1610612746,13.0,0.0,2.0,0.0,8.0,5.0,2.0,2.0
1629234,22400889,1610612746,7.0,0.0,4.0,1.0,4.0,1.0,6.0,5.0
201587,22400889,1610612746,3.0,2.0,3.0,0.0,4.0,1.0,0.0,0.0
1641757,22400889,1610612746,2.0,0.0,3.0,0.0,1.0,1.0,0.0,0.0
201142,22400889,1610612756,34.0,4.0,7.0,2.0,22.0,10.0,10.0,10.0
1629626,22400889,1610612756,2.0,0.0,1.0,0.0,5.0,1.0,0.0,0.0
1630208,22400889,1610612756,16.0,0.0,7.0,0.0,10.0,8.0,0.0,0.0
203078,22400889,1610612756,0.0,2.0,2.0,1.0,4.0,0.0,0.0,0.0
1626164,22400889,1610612756,17.0,8.0,5.0,0.0,11.0,6.0,8.0,4.0
1626220,22400889,1610612756,12.0,3.0,3.0,0.0,9.0,4.0,0.0,0.0
203486,22400889,1610612756,14.0,4.0,6.0,0.0,7.0,4.0,6.0,6.0
1628960,22400889,1610612756,8.0,2.0,3.0,0.0,3.0,3.0,0.0,0.0
1626145,22400889,1610612756,6.0,5.0,1.0,0.0,3.0,1.0,3.0,3.0
1631221,22400889,1610612756,10.0,3.0,2.0,0.0,6.0,4.0,0.0,0.0
1629627,22400890,1610612740,37.0,6.0,4.0,1.0,23.0,17.0,6.0,3.0
203482,22400890,1610612740,11.0,2.0,4.0,1.0,9.0,4.0,2.0,2.0
1642274,22400890,1610612740,2.0,1.0,2.0,0.0,4.0,1.0,2.0,0.0
1630530,22400890,1610612740,19.0,5.0,6.0,0.0,12.0,6.0,7.0,6.0
203468,22400890,1610612740,10.0,5.0,3.0,0.0,11.0,4.0,1.0,1.0
1641722,22400890,1610612740,17.0,1.0,4.0,0.0,14.0,6.0,2.0,1.0
1628971,22400890,1610612740,4.0,1.0,5.0,0.0,5.0,2.0,0.0,0.0
1630631,22400890,1610612740,5.0,3.0,2.0,0.0,8.0,2.0,0.0,0.0
1631255,22400890,1610612740,5.0,3.0,4.0,1.0,4.0,2.0,1.0,1.0
1630526,22400890,1610612740,5.0,0.0,0.0,0.0,3.0,2.0,0.0,0.0
1631288,22400890,1610612740,0.0,2.0,1.0,0.0,0.0,0.0,0.0,0.0
1627827,22400890,1610612747,8.0,0.0,5.0,0.0,10.0,3.0,0.0,0.0
2544,22400890,1610612747,34.0,6.0,8.0,2.0,18.0,10.0,9.0,9.0
1629637,22400890,1610612747,19.0,0.0,10.0,0.0,8.0,8.0,3.0,3.0
1629216,22400890,1610612747,2.0,3.0,0.0,0.0,7.0,1.0,0.0,0.0
1629029,22400890,1610612747,30.0,15.0,8.0,1.0,19.0,9.0,11.0,6.0
1629020,22400890,1610612747,12.0,1.0,8.0,2.0,7.0,4.0,2.0,2.0
1642261,22400890,1610612747,13.0,3.0,4.0,0.0,9.0,5.0,2.0,1.0
1629003,22400890,1610612747,12.0,2.0,2.0,0.0,7.0,5.0,0.0,0.0
1641998,22400890,1610612747,4.0,2.0,5.0,0.0,2.0,2.0,0.0,0.0
203458,22400890,1610612747,0.0,0.0,0.0,0.0,0.0,0.0,0.0,0.0
1642355,22400890,1610612747,2.0,0.0,1.0,0.0,3.0,1.0,0.0,0.0
1628398,22400884,1610612749,17.0,2.0,10.0,0.0,10.0,7.0,3.0,2.0
203507,22400884,1610612749,26.0,10.0,12.0,0.0,18.0,9.0,12.0,8.0
201572,22400884,1610612749,13.0,3.0,13.0,1.0,14.0,5.0,2.0,2.0
1627752,22400884,1610612749,8.0,2.0,2.0,0.0,9.0,3.0,0.0,0.0
203081,22400884,1610612749,23.0,4.0,5.0,0.0,18.0,9.0,3.0,3.0
1631260,22400884,1610612749,8.0,1.0,4.0,0.0,8.0,3.0,0.0,0.0
1629018,22400884,1610612749,15.0,2.0,0.0,0.0,10.0,6.0,1.0,1.0
1630579,22400884,1610612749,2.0,1.0,3.0,0.0,2.0,1.0,0.0,0.0
1629645,22400884,1610612749,15.0,2.0,2.0,0.0,7.0,6.0,2.0,2.0
1642258,22400884,1610612737,7.0,0.0,4.0,0.0,10.0,3.0,1.0,0.0
1631243,22400884,1610612737,15.0,1.0,5.0,1.0,7.0,5.0,2.0,1.0
1630168,22400884,1610612737,6.0,2.0,9.0,2.0,7.0,3.0,0.0,0.0
1630700,22400884,1610612737,16.0,6.0,9.0,0.0,14.0,7.0,2.0,0.0
1629027,22400884,1610612737,28.0,13.0,2.0,0.0,24.0,9.0,9.0,9.0
1627747,22400884,1610612737,21.0,4.0,3.0,0.0,13.0,8.0,3.0,3.0
203991,22400884,1610612737,8.0,1.0,8.0,2.0,8.0,4.0,0.0,0.0
1627777,22400884,1610612737,8.0,2.0,3.0,0.0,11.0,3.0,0.0,0.0
1629611,22400884,1610612737,12.0,4.0,4.0,1.0,7.0,4.0,0.0,0.0
1628415,22400882,1610612745,13.0,2.0,4.0,0.0,16.0,4.0,4.0,3.0
1631095,22400882,1610612745,12.0,0.0,9.0,0.0,11.0,4.0,4.0,2.0
1630578,22400882,1610612745,25.0,7.0,9.0,0.0,19.0,12.0,2.0,1.0
1630224,22400882,1610612745,12.0,2.0,4.0,0.0,13.0,4.0,4.0,2.0
1641708,22400882,1610612745,13.0,4.0,12.0,0.0,13.0,5.0,6.0,3.0
1631106,22400882,1610612745,16.0,4.0,14.0,0.0,14.0,7.0,0.0,0.0
1642263,22400882,1610612745,4.0,2.0,1.0,0.0,6.0,2.0,2.0,0.0
203500,22400882,1610612745,3.0,1.0,3.0,0.0,3.0,1.0,2.0,1.0
1641715,22400882,1610612745,3.0,0.0,1.0,0.0,2.0,1.0,0.0,0.0
1631466,22400882,1610612745,1.0,0.0,0.0,0.0,1.0,0.0,2.0,1.0
1628988,22400882,1610612745,0.0,0.0,0.0,0.0,0.0,0.0,0.0,0.0
1630256,22400882,1610612745,0.0,0.0,1.0,0.0,0.0,0.0,0.0,0.0
1630174,22400882,1610612754,16.0,0.0,5.0,0.0,13.0,7.0,1.0,1.0
1627783,22400882,1610612754,18.0,2.0,2.0,0.0,19.0,8.0,2.0,2.0
1626167,22400882,1610612754,16.0,1.0,4.0,4.0,11.0,6.0,0.0,0.0
1629614,22400882,1610612754,5.0,6.0,6.0,2.0,6.0,2.0,0.0,0.0
1630169,22400882,1610612754,28.0,15.0,3.0,0.0,16.0,9.0,5.0,5.0
1628418,22400882,1610612754,10.0,1.0,5.0,0.0,5.0,4.0,0.0,0.0
1630167,22400882,1610612754,13.0,1.0,5.0,0.0,6.0,4.0,2.0,2.0
204456,22400882,1610612754,2.0,3.0,1.0,0.0,4.0,1.0,0.0,0.0
1641767,22400882,1610612754,5.0,3.0,3.0,0.0,4.0,2.0,0.0,0.0
1641716,22400882,1610612754,2.0,2.0,0.0,0.0,1.0,1.0,0.0,0.0
1642277,22400882,1610612754,0.0,0.0,0.0,0.0,1.0,0.0,0.0,0.0
1628396,22400882,1610612754,0.0,0.0,1.0,0.0,0.0,0.0,0.0,0.0
1629661,22400888,1610612751,17.0,4.0,3.0,0.0,10.0,6.0,2.0,2.0
1630533,22400888,1610612751,7.0,1.0,3.0,0.0,7.0,2.0,2.0,2.0
1629651,22400888,1610612751,6.0,4.0,7.0,0.0,7.0,3.0,2.0,0.0
1630560,22400888,1610612751,24.0,6.0,1.0,0.0,19.0,8.0,4.0,4.0
1626156,22400888,1610612751,12.0,4.0,1.0,1.0,11.0,4.0,2.0,2.0
1630553,22400888,1610612751,8.0,1.0,7.0,0.0,5.0,2.0,3.0,3.0
1631213,22400888,1610612751,9.0,3.0,3.0,0.0,8.0,4.0,0.0,0.0
1630549,22400888,1610612751,2.0,0.0,4.0,1.0,2.0,1.0,0.0,0.0
1630592,22400888,1610612751,13.0,1.0,0.0,0.0,7.0,4.0,2.0,2.0
1630570,22400888,1610612751,12.0,5.0,10.0,0.0,8.0,4.0,4.0,3.0
1641727,22400888,1610612751,3.0,0.0,0.0,0.0,2.0,1.0,0.0,0.0
1641721,22400888,1610612751,0.0,0.0,1.0,0.0,0.0,0.0,0.0,0.0
1630170,22400888,1610612759,37.0,5.0,11.0,1.0,20.0,14.0,1.0,1.0
203084,22400888,1610612759,9.0,3.0,2.0,0.0,6.0,3.0,1.0,1.0
202687,22400888,1610612759,13.0,3.0,14.0,2.0,10.0,6.0,2.0,1.0
1628368,22400888,1610612759,15.0,7.0,3.0,0.0,12.0,7.0,0.0,0.0
101108,22400888,1610612759,11.0,7.0,0.0,0.0,5.0,4.0,0.0,0.0
1642264,22400888,1610612759,17.0,6.0,4.0,0.0,15.0,8.0,4.0,0.0
1629640,22400888,1610612759,15.0,1.0,8.0,0.0,14.0,6.0,2.0,2.0
1631110,22400888,1610612759,2.0,3.0,2.0,1.0,4.0,1.0,0.0,0.0
1630577,22400888,1610612759,8.0,2.0,1.0,0.0,8.0,3.0,0.0,0.0
1630572,22400888,1610612759,0.0,0.0,1.0,0.0,0.0,0.0,0.0,0.0
1631103,22400888,1610612759,0.0,0.0,0.0,0.0,0.0,0.0,0.0,0.0
1631104,22400888,1610612759,0.0,0.0,0.0,0.0,1.0,0.0,0.0,0.0
202331,22400887,1610612755,7.0,6.0,7.0,0.0,11.0,3.0,0.0,0.0
1627824,22400887,1610612755,18.0,0.0,7.0,0.0,14.0,7.0,4.0,3.0
203083,22400887,1610612755,4.0,3.0,7.0,1.0,5.0,1.0,2.0,2.0
1626162,22400887,1610612755,24.0,2.0,3.0,1.0,19.0,11.0,3.0,1.0
1629656,22400887,1610612755,30.0,2.0,3.0,0.0,18.0,12.0,3.0,3.0
1641737,22400887,1610612755,1.0,1.0,1.0,0.0,0.0,0.0,2.0,1.0
1629022,22400887,1610612755,6.0,1.0,2.0,0.0,7.0,2.0,1.0,1.0
1630288,22400887,1610612755,5.0,2.0,3.0,0.0,0.0,0.0,8.0,5.0
1641741,22400887,1610612755,3.0,1.0,0.0,0.0,4.0,1.0,0.0,0.0
1630215,22400887,1610612755,11.0,4.0,3.0,0.0,7.0,4.0,4.0,3.0
1642024,22400887,1610612755,3.0,0.0,0.0,0.0,1.0,1.0,0.0,0.0
1630183,22400887,1610612750,17.0,2.0,3.0,4.0,10.0,7.0,2.0,2.0
203944,22400887,1610612750,16.0,5.0,8.0,0.0,9.0,5.0,6.0,6.0
1629675,22400887,1610612750,23.0,2.0,6.0,1.0,18.0,9.0,0.0,0.0
1630162,22400887,1610612750,18.0,1.0,5.0,0.0,11.0,5.0,7.0,6.0
201144,22400887,1610612750,12.0,6.0,7.0,0.0,6.0,4.0,1.0,1.0
1628978,22400887,1610612750,12.0,8.0,2.0,0.0,9.0,4.0,0.0,0.0
1629638,22400887,1610612750,20.0,3.0,3.0,0.0,11.0,8.0,1.0,1.0
1630545,22400887,1610612750,2.0,0.0,2.0,0.0,1.0,1.0,0.0,0.0
1641740,22400887,1610612750,0.0,1.0,0.0,0.0,1.0,0.0,0.0,0.0
1642265,22400887,1610612750,4.0,0.0,0.0,0.0,4.0,2.0,0.0,0.0
1631169,22400887,1610612750,0.0,0.0,0.0,0.0,0.0,0.0,0.0,0.0
1631159,22400887,1610612750,2.0,0.0,1.0,0.0,1.0,1.0,0.0,0.0
1630568,22400887,1610612750,0.0,0.0,0.0,0.0,0.0,0.0,0.0,0.0
1642399,22400887,1610612750,0.0,1.0,0.0,0.0,0.0,0.0,0.0,0.0
203501,22400881,1610612765,13.0,3.0,7.0,0.0,10.0,4.0,4.0,4.0
1641709,22400881,1610612765,17.0,5.0,6.0,1.0,7.0,7.0,3.0,3.0
1631105,22400881,1610612765,16.0,2.0,12.0,4.0,5.0,5.0,8.0,6.0
1627736,22400881,1610612765,15.0,1.0,1.0,0.0,17.0,6.0,0.0,0.0
1630595,22400881,1610612765,29.0,9.0,1.0,0.0,24.0,12.0,4.0,4.0
203471,22400881,1610612765,7.0,4.0,3.0,1.0,8.0,3.0,1.0,0.0
1631323,22400881,1610612765,10.0,1.0,4.0,1.0,9.0,4.0,2.0,0.0
1641842,22400881,1610612765,8.0,2.0,1.0,0.0,2.0,2.0,6.0,4.0
1631204,22400881,1610612765,5.0,3.0,0.0,0.0,2.0,2.0,0.0,0.0
1630194,22400881,1610612765,6.0,2.0,4.0,1.0,4.0,3.0,0.0,0.0
1630322,22400881,1610612765,8.0,0.0,0.0,0.0,4.0,3.0,0.0,0.0
1630548,22400881,1610612762,8.0,0.0,4.0,0.0,8.0,2.0,2.0,2.0
1630231,22400881,1610612762,5.0,0.0,2.0,0.0,2.0,2.0,3.0,1.0
1631117,22400881,1610612762,14.0,1.0,9.0,1.0,9.0,7.0,0.0,0.0
1629012,22400881,1610612762,16.0,3.0,1.0,0.0,12.0,5.0,6.0,6.0
1642268,22400881,1610612762,11.0,2.0,3.0,0.0,12.0,4.0,4.0,3.0
1641718,22400881,1610612762,12.0,3.0,3.0,0.0,10.0,4.0,1.0,1.0
1630531,22400881,1610612762,0.0,1.0,3.0,0.0,2.0,0.0,0.0,0.0
1642262,22400881,1610612762,6.0,3.0,1.0,0.0,3.0,1.0,5.0,4.0
1642271,22400881,1610612762,25.0,1.0,8.0,0.0,13.0,7.0,8.0,7.0
1641729,22400881,1610612762,0.0,0.0,2.0,0.0,5.0,0.0,0.0,0.0
1631131,22400881,1610612762,1.0,1.0,3.0,0.0,2.0,0.0,2.0,1.0
1629004,22400881,1610612762,8.0,4.0,2.0,0.0,4.0,3.0,1.0,1.0
1630541,22400875,1610612744,5.0,0.0,5.0,0.0,6.0,1.0,3.0,3.0
202710,22400875,1610612744,13.0,4.0,3.0,0.0,7.0,3.0,6.0,6.0
203110,22400875,1610612744,16.0,7.0,12.0,0.0,15.0,6.0,2.0,2.0
1641764,22400875,1610612744,19.0,2.0,11.0,0.0,16.0,6.0,4.0,3.0
201939,22400875,1610612744,21.0,10.0,3.0,1.0,14.0,6.0,8.0,6.0
1627780,22400875,1610612744,9.0,0.0,2.0,1.0,7.0,4.0,0.0,0.0
1627741,22400875,1610612744,22.0,2.0,5.0,0.0,14.0,8.0,1.0,1.0
1626172,22400875,1610612744,4.0,3.0,6.0,1.0,4.0,2.0,0.0,0.0
1630611,22400875,1610612744,0.0,3.0,3.0,0.0,3.0,0.0,0.0,0.0
1642366,22400875,1610612744,6.0,2.0,3.0,1.0,6.0,2.0,0.0,0.0
1631218,22400875,1610612744,0.0,0.0,0.0,0.0,0.0,0.0,0.0,0.0
1628995,22400875,1610612744,2.0,0.0,1.0,0.0,2.0,1.0,0.0,0.0
1630311,22400875,1610612744,2.0,0.0,0.0,0.0,1.0,1.0,0.0,0.0
1630182,22400875,1610612766,2.0,0.0,1.0,0.0,3.0,0.0,3.0,2.0
1628970,22400875,1610612766,35.0,3.0,9.0,2.0,20.0,11.0,9.0,9.0
1631109,22400875,1610612766,12.0,1.0,13.0,2.0,8.0,5.0,4.0,2.0
1641733,22400875,1610612766,6.0,1.0,0.0,0.0,12.0,3.0,0.0,0.0
1630163,22400875,1610612766,25.0,7.0,9.0,1.0,21.0,8.0,8.0,5.0
1641878,22400875,1610612766,6.0,6.0,2.0,0.0,10.0,3.0,0.0,0.0
203552,22400875,1610612766,0.0,0.0,1.0,0.0,1.0,0.0,0.0,0.0
1629610,22400875,1610612766,0.0,0.0,5.0,0.0,5.0,0.0,0.0,0.0
1642275,22400875,1610612766,10.0,0.0,2.0,0.0,3.0,3.0,3.0,1.0
203994,22400875,1610612766,5.0,2.0,5.0,1.0,3.0,1.0,6.0,3.0
1631217,22400875,1610612766,0.0,0.0,0.0,0.0,0.0,0.0,0.0,0.0
1630201,22400875,1610612766,0.0,0.0,0.0,0.0,0.0,0.0,0.0,0.0
1642258,22400878,1610612737,27.0,0.0,1.0,1.0,13.0,11.0,0.0,0.0
1631230,22400878,1610612737,6.0,0.0,2.0,0.0,3.0,2.0,2.0,2.0
1630168,22400878,1610612737,16.0,2.0,12.0,1.0,12.0,8.0,2.0,0.0
1630700,22400878,1610612737,14.0,7.0,3.0,0.0,10.0,6.0,4.0,2.0
1629027,22400878,1610612737,12.0,15.0,2.0,0.0,17.0,5.0,2.0,2.0
1627747,22400878,1610612737,25.0,5.0,3.0,1.0,19.0,11.0,0.0,0.0
1629611,22400878,1610612737,7.0,3.0,2.0,1.0,6.0,3.0,0.0,0.0
203991,22400878,1610612737,11.0,1.0,4.0,1.0,7.0,4.0,6.0,3.0
1629726,22400878,1610612737,11.0,1.0,2.0,2.0,6.0,4.0,1.0,0.0
1630811,22400878,1610612737,3.0,1.0,1.0,0.0,3.0,1.0,0.0,0.0
1642377,22400878,1610612763,12.0,6.0,2.0,0.0,11.0,4.0,2.0,2.0
1628991,22400878,1610612763,0.0,0.0,0.0,0.0,0.0,0.0,0.0,0.0
1641744,22400878,1610612763,15.0,2.0,5.0,1.0,8.0,6.0,2.0,2.0
1630217,22400878,1610612763,35.0,10.0,10.0,0.0,19.0,9.0,14.0,14.0
1628379,22400878,1610612763,17.0,7.0,3.0,0.0,15.0,8.0,0.0,0.0
1641713,22400878,1610612763,11.0,3.0,7.0,1.0,11.0,3.0,4.0,3.0
1631246,22400878,1610612763,15.0,3.0,3.0,0.0,9.0,6.0,0.0,0.0
1629634,22400878,1610612763,11.0,1.0,7.0,1.0,7.0,5.0,2.0,1.0
1630590,22400878,1610612763,9.0,4.0,4.0,0.0,8.0,4.0,1.0,1.0
1629723,22400878,1610612763,5.0,0.0,1.0,0.0,3.0,2.0,0.0,0.0
1630205,22400878,1610612763,0.0,0.0,1.0,0.0,2.0,0.0,0.0,0.0
203114,22400877,1610612764,16.0,3.0,3.0,0.0,9.0,6.0,4.0,3.0
1642273,22400877,1610612764,10.0,5.0,8.0,0.0,14.0,4.0,0.0,0.0
1642259,22400877,1610612764,9.0,3.0,4.0,0.0,12.0,3.0,2.0,2.0
1641731,22400877,1610612764,3.0,0.0,3.0,0.0,6.0,1.0,2.0,1.0
1642267,22400877,1610612764,14.0,7.0,5.0,0.0,15.0,5.0,0.0,0.0
1626158,22400877,1610612764,7.0,2.0,8.0,0.0,6.0,3.0,2.0,1.0
1630551,22400877,1610612764,7.0,1.0,8.0,0.0,5.0,2.0,3.0,3.0
1630557,22400877,1610612764,8.0,0.0,2.0,0.0,8.0,3.0,1.0,1.0
203935,22400877,1610612764,8.0,1.0,1.0,0.0,7.0,2.0,4.0,3.0
1642358,22400877,1610612764,3.0,0.0,0.0,0.0,1.0,1.0,1.0,1.0
1641774,22400877,1610612764,3.0,0.0,0.0,0.0,1.0,1.0,1.0,1.0
1630264,22400877,1610612764,2.0,0.0,1.0,0.0,0.0,0.0,2.0,2.0
202692,22400877,1610612748,9.0,1.0,3.0,0.0,7.0,3.0,0.0,0.0
201567,22400877,1610612748,2.0,1.0,9.0,0.0,4.0,1.0,0.0,0.0
1628389,22400877,1610612748,19.0,5.0,15.0,1.0,16.0,7.0,6.0,5.0
1629639,22400877,1610612748,16.0,6.0,3.0,1.0,10.0,6.0,1.0,1.0
1626179,22400877,1610612748,15.0,5.0,5.0,0.0,12.0,5.0,4.0,4.0
1629130,22400877,1610612748,17.0,1.0,3.0,0.0,13.0,7.0,0.0,0.0
1629312,22400877,1610612748,8.0,2.0,3.0,0.0,5.0,2.0,2.0,2.0
203937,22400877,1610612748,4.0,5.0,3.0,2.0,4.0,2.0,0.0,0.0
1641796,22400877,1610612748,16.0,5.0,4.0,0.0,11.0,6.0,5.0,3.0
201942,22400880,1610612758,20.0,4.0,2.0,0.0,15.0,8.0,4.0,4.0
1631099,22400880,1610612758,18.0,3.0,5.0,0.0,10.0,6.0,2.0,2.0
202685,22400880,1610612758,14.0,3.0,9.0,2.0,15.0,6.0,2.0,2.0
203897,22400880,1610612758,22.0,2.0,3.0,0.0,12.0,8.0,2.0,2.0
1628370,22400880,1610612758,13.0,8.0,1.0,0.0,10.0,5.0,0.0,0.0
1631165,22400880,1610612758,0.0,1.0,2.0,2.0,7.0,0.0,0.0,0.0
1631222,22400880,1610612758,8.0,2.0,4.0,0.0,6.0,2.0,2.0,2.0
1626168,22400880,1610612758,9.0,6.0,9.0,0.0,4.0,4.0,0.0,0.0
1628365,22400880,1610612758,6.0,4.0,1.0,0.0,5.0,3.0,0.0,0.0
1642403,22400880,1610612758,6.0,0.0,0.0,0.0,3.0,3.0,0.0,0.0
203926,22400880,1610612758,6.0,0.0,0.0,0.0,3.0,2.0,0.0,0.0
1627746,22400880,1610612758,0.0,1.0,1.0,0.0,0.0,0.0,0.0,0.0
202691,22400880,1610612742,3.0,0.0,3.0,0.0,4.0,1.0,0.0,0.0
1630556,22400880,1610612742,6.0,4.0,4.0,0.0,3.0,3.0,0.0,0.0
203939,22400880,1610612742,2.0,0.0,2.0,0.0,1.0,1.0,0.0,0.0
203957,22400880,1610612742,5.0,4.0,0.0,0.0,10.0,2.0,0.0,0.0
202681,22400880,1610612742,7.0,1.0,1.0,0.0,4.0,2.0,3.0,3.0
1630539,22400880,1610612742,21.0,0.0,8.0,1.0,10.0,9.0,4.0,3.0
1631108,22400880,1610612742,10.0,4.0,5.0,0.0,11.0,4.0,1.0,1.0
1630230,22400880,1610612742,18.0,6.0,5.0,0.0,13.0,7.0,4.0,4.0
203915,22400880,1610612742,10.0,6.0,3.0,0.0,12.0,2.0,6.0,5.0
1630702,22400880,1610612742,8.0,2.0,2.0,0.0,6.0,3.0,0.0,0.0
1641765,22400880,1610612742,8.0,1.0,4.0,0.0,3.0,1.0,6.0,5.0
1641715,22400879,1610612745,27.0,3.0,11.0,3.0,19.0,10.0,4.0,3.0
1631095,22400879,1610612745,11.0,1.0,8.0,1.0,14.0,5.0,0.0,0.0
1629111,22400879,1610612745,6.0,1.0,3.0,0.0,6.0,3.0,0.0,0.0
1630224,22400879,1610612745,18.0,4.0,6.0,0.0,14.0,6.0,6.0,5.0
1642263,22400879,1610612745,25.0,5.0,2.0,1.0,17.0,10.0,2.0,2.0
1628988,22400879,1610612745,14.0,2.0,1.0,0.0,8.0,5.0,0.0,0.0
201145,22400879,1610612745,3.0,1.0,4.0,0.0,2.0,1.0,0.0,0.0
1631466,22400879,1610612745,6.0,0.0,1.0,0.0,9.0,2.0,2.0,2.0
1630256,22400879,1610612745,2.0,2.0,4.0,0.0,4.0,1.0,0.0,0.0
1642368,22400879,1610612745,10.0,1.0,9.0,2.0,6.0,4.0,3.0,2.0
1629098,22400879,1610612745,6.0,0.0,0.0,0.0,2.0,2.0,0.0,0.0
1631114,22400879,1610612760,24.0,3.0,4.0,1.0,16.0,8.0,6.0,4.0
1631096,22400879,1610612760,11.0,3.0,11.0,3.0,11.0,4.0,4.0,3.0
1628392,22400879,1610612760,8.0,6.0,5.0,1.0,4.0,3.0,2.0,2.0
1629652,22400879,1610612760,11.0,2.0,0.0,0.0,8.0,4.0,0.0,0.0
1628983,22400879,1610612760,51.0,7.0,5.0,1.0,30.0,18.0,10.0,10.0
1627936,22400879,1610612760,0.0,1.0,3.0,0.0,1.0,0.0,0.0,0.0
1630598,22400879,1610612760,8.0,2.0,7.0,0.0,9.0,3.0,0.0,0.0
1641717,22400879,1610612760,14.0,4.0,5.0,0.0,9.0,4.0,4.0,4.0
1631119,22400879,1610612760,3.0,1.0,2.0,0.0,3.0,1.0,1.0,1.0
1629026,22400879,1610612760,7.0,2.0,7.0,0.0,6.0,3.0,0.0,0.0
1630166,22400876,1610612757,9.0,4.0,6.0,0.0,14.0,3.0,6.0,3.0
1641739,22400876,1610612757,11.0,1.0,9.0,0.0,8.0,5.0,0.0,0.0
1642270,22400876,1610612757,13.0,2.0,13.0,3.0,12.0,6.0,2.0,1.0
1631101,22400876,1610612757,20.0,5.0,11.0,0.0,17.0,8.0,3.0,3.0
1629014,22400876,1610612757,34.0,3.0,4.0,0.0,26.0,13.0,2.0,2.0
1630703,22400876,1610612757,7.0,6.0,3.0,0.0,9.0,3.0,2.0,1.0
1641871,22400876,1610612757,13.0,2.0,5.0,2.0,6.0,5.0,0.0,0.0
1631133,22400876,1610612757,6.0,0.0,3.0,1.0,2.0,2.0,2.0,2.0
1630625,22400876,1610612757,2.0,1.0,1.0,0.0,2.0,1.0,0.0,0.0
1631200,22400876,1610612757,4.0,2.0,6.0,0.0,3.0,2.0,2.0,0.0
1631121,22400876,1610612757,0.0,0.0,0.0,0.0,0.0,0.0,0.0,0.0
1641712,22400876,1610612757,0.0,0.0,0.0,0.0,0.0,0.0,0.0,0.0
1631321,22400876,1610612757,0.0,0.0,0.0,0.0,0.0,0.0,0.0,0.0
1642348,22400876,1610612755,16.0,1.0,6.0,0.0,15.0,7.0,0.0,0.0
1627824,22400876,1610612755,9.0,3.0,3.0,0.0,5.0,3.0,2.0,1.0
203083,22400876,1610612755,25.0,1.0,18.0,0.0,19.0,11.0,4.0,2.0
1629656,22400876,1610612755,14.0,9.0,6.0,0.0,15.0,6.0,2.0,2.0
1630178,22400876,1610612755,5.0,6.0,0.0,0.0,13.0,2.0,0.0,0.0
1641741,22400876,1610612755,3.0,2.0,2.0,0.0,6.0,1.0,0.0,0.0
1629022,22400876,1610612755,13.0,2.0,3.0,2.0,8.0,4.0,2.0,2.0
1641737,22400876,1610612755,6.0,0.0,2.0,1.0,3.0,2.0,3.0,2.0
1630288,22400876,1610612755,11.0,2.0,2.0,0.0,9.0,5.0,0.0,0.0
1630215,22400876,1610612755,0.0,1.0,1.0,0.0,2.0,0.0,0.0,0.0
1630183,22400873,1610612750,13.0,4.0,7.0,0.0,9.0,5.0,1.0,1.0
203944,22400873,1610612750,20.0,3.0,6.0,0.0,14.0,8.0,2.0,2.0
1629675,22400873,1610612750,7.0,5.0,10.0,1.0,15.0,3.0,2.0,0.0
1630162,22400873,1610612750,44.0,7.0,5.0,0.0,22.0,12.0,14.0,14.0
201144,22400873,1610612750,3.0,1.0,1.0,0.0,3.0,1.0,0.0,0.0
1629638,22400873,1610612750,0.0,6.0,2.0,1.0,6.0,0.0,0.0,0.0
1628978,22400873,1610612750,24.0,2.0,2.0,0.0,14.0,8.0,0.0,0.0
1630545,22400873,1610612750,0.0,0.0,0.0,0.0,3.0,0.0,0.0,0.0
1641740,22400873,1610612750,3.0,0.0,2.0,0.0,3.0,1.0,0.0,0.0
1642265,22400873,1610612750,0.0,0.0,0.0,0.0,0.0,0.0,2.0,0.0
1631159,22400873,1610612750,2.0,0.0,0.0,0.0,1.0,1.0,0.0,0.0
1631169,22400873,1610612750,0.0,0.0,0.0,0.0,1.0,0.0,0.0,0.0
1630568,22400873,1610612750,0.0,0.0,0.0,0.0,1.0,0.0,0.0,0.0
1642399,22400873,1610612750,0.0,0.0,0.0,0.0,0.0,0.0,0.0,0.0
201142,22400873,1610612756,26.0,4.0,10.0,2.0,23.0,10.0,7.0,3.0
1629626,22400873,1610612756,9.0,3.0,11.0,0.0,9.0,4.0,0.0,0.0
1630208,22400873,1610612756,4.0,2.0,8.0,1.0,0.0,0.0,4.0,4.0
1626164,22400873,1610612756,17.0,5.0,4.0,0.0,12.0,5.0,4.0,4.0
203078,22400873,1610612756,18.0,3.0,4.0,0.0,15.0,8.0,0.0,0.0
203486,22400873,1610612756,4.0,2.0,7.0,0.0,2.0,1.0,2.0,2.0
1626220,22400873,1610612756,0.0,1.0,5.0,1.0,3.0,0.0,0.0,0.0
1626145,22400873,1610612756,10.0,1.0,1.0,0.0,4.0,4.0,0.0,0.0
1628960,22400873,1610612756,5.0,1.0,2.0,2.0,4.0,1.0,2.0,2.0
1642346,22400873,1610612756,5.0,1.0,3.0,1.0,6.0,2.0,0.0,0.0
1627814,22400873,1610612756,0.0,0.0,1.0,0.0,1.0,0.0,0.0,0.0
203995,22400873,1610612756,0.0,0.0,0.0,0.0,0.0,0.0,0.0,0.0
1642345,22400873,1610612756,0.0,1.0,0.0,0.0,0.0,0.0,0.0,0.0
1631221,22400873,1610612756,0.0,0.0,1.0,0.0,1.0,0.0,0.0,0.0
1631128,22400866,1610612743,24.0,3.0,6.0,1.0,22.0,10.0,2.0,2.0
1629008,22400866,1610612743,10.0,2.0,5.0,0.0,9.0,3.0,4.0,2.0
203999,22400866,1610612743,20.0,9.0,14.0,0.0,15.0,9.0,0.0,0.0
201566,22400866,1610612743,12.0,6.0,3.0,1.0,13.0,5.0,1.0,0.0
1627750,22400866,1610612743,26.0,7.0,6.0,0.0,20.0,11.0,2.0,2.0
1631124,22400866,1610612743,4.0,0.0,0.0,0.0,4.0,1.0,2.0,2.0
1630192,22400866,1610612743,3.0,0.0,0.0,0.0,1.0,1.0,0.0,0.0
201599,22400866,1610612743,1.0,0.0,3.0,0.0,1.0,0.0,2.0,1.0
1629618,22400866,1610612743,3.0,0.0,1.0,0.0,1.0,1.0,0.0,0.0
1628369,22400866,1610612738,16.0,7.0,11.0,0.0,15.0,4.0,8.0,7.0
201143,22400866,1610612738,19.0,0.0,8.0,0.0,12.0,7.0,4.0,4.0
1628436,22400866,1610612738,8.0,4.0,1.0,1.0,5.0,3.0,4.0,2.0
1627759,22400866,1610612738,22.0,8.0,5.0,2.0,15.0,6.0,9.0,8.0
1628401,22400866,1610612738,17.0,2.0,3.0,0.0,13.0,6.0,0.0,0.0
1630202,22400866,1610612738,11.0,3.0,1.0,0.0,7.0,4.0,0.0,0.0
1629674,22400866,1610612738,8.0,1.0,10.0,0.0,5.0,4.0,0.0,0.0
1630573,22400866,1610612738,8.0,1.0,3.0,1.0,4.0,3.0,0.0,0.0
1628470,22400866,1610612738,1.0,0.0,3.0,0.0,2.0,0.0,2.0,1.0
1630567,22400870,1610612761,10.0,4.0,3.0,1.0,12.0,5.0,0.0,0.0
1629628,22400870,1610612761,22.0,5.0,5.0,0.0,13.0,7.0,10.0,6.0
1627751,22400870,1610612761,16.0,3.0,11.0,1.0,10.0,6.0,5.0,4.0
1641711,22400870,1610612761,2.0,0.0,1.0,0.0,4.0,1.0,0.0,0.0
1630193,22400870,1610612761,24.0,4.0,2.0,0.0,19.0,8.0,6.0,6.0
1642367,22400870,1610612761,5.0,1.0,5.0,1.0,4.0,2.0,2.0,1.0
1631115,22400870,1610612761,6.0,0.0,7.0,1.0,4.0,2.0,2.0,2.0
1642347,22400870,1610612761,12.0,4.0,2.0,0.0,8.0,4.0,3.0,2.0
1642266,22400870,1610612761,7.0,1.0,4.0,0.0,4.0,2.0,2.0,2.0
1630639,22400870,1610612761,0.0,0.0,0.0,0.0,2.0,0.0,0.0,0.0
1630532,22400870,1610612753,25.0,1.0,4.0,0.0,17.0,9.0,6.0,6.0
1631094,22400870,1610612753,23.0,5.0,4.0,0.0,9.0,5.0,15.0,12.0
1628976,22400870,1610612753,14.0,5.0,9.0,1.0,6.0,3.0,8.0,7.0
203484,22400870,1610612753,12.0,1.0,3.0,0.0,7.0,5.0,1.0,1.0
1630175,22400870,1610612753,7.0,1.0,1.0,1.0,11.0,3.0,0.0,0.0
1641724,22400870,1610612753,5.0,0.0,1.0,1.0,4.0,2.0,0.0,0.0
1641710,22400870,1610612753,7.0,2.0,1.0,0.0,6.0,1.0,6.0,5.0
1629048,22400870,1610612753,1.0,2.0,2.0,1.0,4.0,0.0,2.0,1.0
1628371,22400870,1610612753,1.0,0.0,6.0,0.0,1.0,0.0,2.0,1.0
1641783,22400870,1610612753,2.0,0.0,2.0,1.0,1.0,1.0,0.0,0.0
202709,22400870,1610612753,5.0,0.0,2.0,0.0,1.0,1.0,2.0,2.0
1629627,22400872,1610612740,24.0,9.0,6.0,0.0,18.0,11.0,3.0,2.0
203482,22400872,1610612740,26.0,4.0,9.0,0.0,14.0,10.0,5.0,3.0
1642274,22400872,1610612740,8.0,0.0,7.0,1.0,6.0,4.0,0.0,0.0
1630530,22400872,1610612740,20.0,6.0,6.0,1.0,20.0,8.0,1.0,1.0
203468,22400872,1610612740,25.0,8.0,3.0,1.0,18.0,10.0,0.0,0.0
1641722,22400872,1610612740,8.0,3.0,4.0,0.0,8.0,3.0,0.0,0.0
1631255,22400872,1610612740,6.0,1.0,5.0,2.0,5.0,3.0,2.0,0.0
1628971,22400872,1610612740,8.0,2.0,8.0,0.0,6.0,3.0,2.0,1.0
1630631,22400872,1610612740,3.0,2.0,0.0,0.0,7.0,1.0,0.0,0.0
1630231,22400872,1610612762,5.0,1.0,2.0,0.0,4.0,2.0,0.0,0.0
1630548,22400872,1610612762,8.0,1.0,2.0,0.0,9.0,3.0,1.0,1.0
1642271,22400872,1610612762,12.0,7.0,11.0,0.0,12.0,5.0,1.0,0.0
1641729,22400872,1610612762,21.0,4.0,2.0,0.0,18.0,9.0,0.0,0.0
1642268,22400872,1610612762,11.0,8.0,2.0,2.0,8.0,3.0,5.0,5.0
1642262,22400872,1610612762,5.0,1.0,0.0,0.0,4.0,2.0,0.0,0.0
1641718,22400872,1610612762,28.0,6.0,3.0,0.0,21.0,9.0,6.0,5.0
1630531,22400872,1610612762,7.0,3.0,0.0,1.0,4.0,2.0,4.0,2.0
1631131,22400872,1610612762,16.0,1.0,13.0,0.0,9.0,8.0,0.0,0.0
1630695,22400872,1610612762,8.0,3.0,6.0,1.0,7.0,3.0,0.0,0.0
1630166,22400867,1610612757,30.0,10.0,12.0,0.0,13.0,8.0,13.0,13.0
1641739,22400867,1610612757,19.0,2.0,5.0,0.0,11.0,7.0,2.0,2.0
1642270,22400867,1610612757,4.0,2.0,3.0,0.0,2.0,1.0,4.0,2.0
1631101,22400867,1610612757,18.0,2.0,6.0,0.0,20.0,7.0,3.0,3.0
1629014,22400867,1610612757,27.0,2.0,2.0,0.0,23.0,8.0,7.0,7.0
1630703,22400867,1610612757,15.0,6.0,4.0,0.0,12.0,5.0,4.0,2.0
1631133,22400867,1610612757,2.0,0.0,2.0,0.0,2.0,1.0,0.0,0.0
1630625,22400867,1610612757,7.0,1.0,4.0,0.0,5.0,3.0,0.0,0.0
1631200,22400867,1610612757,0.0,0.0,3.0,0.0,3.0,0.0,0.0,0.0
1641871,22400867,1610612757,7.0,0.0,5.0,1.0,5.0,2.0,2.0,2.0
1629631,22400867,1610612739,32.0,0.0,7.0,0.0,15.0,8.0,12.0,11.0
1630596,22400867,1610612739,20.0,3.0,8.0,1.0,14.0,6.0,10.0,7.0
1628386,22400867,1610612739,12.0,4.0,10.0,2.0,7.0,5.0,2.0,2.0
1629622,22400867,1610612739,14.0,3.0,8.0,0.0,15.0,5.0,0.0,0.0
1629636,22400867,1610612739,13.0,7.0,2.0,0.0,16.0,4.0,4.0,3.0
1629660,22400867,1610612739,25.0,6.0,5.0,0.0,17.0,8.0,7.0,7.0
1629731,22400867,1610612739,5.0,1.0,1.0,0.0,3.0,2.0,0.0,0.0
1630171,22400867,1610612739,3.0,0.0,3.0,1.0,3.0,1.0,0.0,0.0
1630241,22400867,1610612739,9.0,1.0,2.0,0.0,7.0,3.0,0.0,0.0
1641854,22400867,1610612739,0.0,2.0,1.0,1.0,0.0,0.0,0.0,0.0
1629652,22400871,1610612760,9.0,2.0,9.0,0.0,9.0,4.0,0.0,0.0
1631114,22400871,1610612760,41.0,6.0,6.0,1.0,24.0,15.0,7.0,7.0
1628392,22400871,1610612760,10.0,7.0,11.0,1.0,8.0,5.0,0.0,0.0
1641717,22400871,1610612760,19.0,4.0,3.0,0.0,14.0,7.0,1.0,1.0
1628983,22400871,1610612760,31.0,8.0,4.0,2.0,19.0,10.0,9.0,8.0
1631119,22400871,1610612760,2.0,1.0,3.0,0.0,3.0,1.0,0.0,0.0
1629026,22400871,1610612760,0.0,1.0,3.0,0.0,0.0,0.0,0.0,0.0
1627936,22400871,1610612760,10.0,2.0,1.0,1.0,7.0,4.0,1.0,1.0
1630598,22400871,1610612760,17.0,2.0,3.0,0.0,12.0,6.0,2.0,0.0
1631172,22400871,1610612760,7.0,1.0,2.0,1.0,5.0,3.0,0.0,0.0
1642505,22400871,1610612760,0.0,0.0,0.0,0.0,0.0,0.0,0.0,0.0
1641794,22400871,1610612760,0.0,0.0,0.0,0.0,0.0,0.0,0.0,0.0
1630170,22400871,1610612759,15.0,5.0,3.0,1.0,16.0,7.0,0.0,0.0
203084,22400871,1610612759,14.0,2.0,1.0,0.0,9.0,5.0,2.0,1.0
202687,22400871,1610612759,2.0,2.0,4.0,0.0,2.0,1.0,0.0,0.0
1628368,22400871,1610612759,20.0,4.0,4.0,0.0,18.0,8.0,2.0,2.0
101108,22400871,1610612759,6.0,6.0,3.0,1.0,2.0,2.0,0.0,0.0
1642264,22400871,1610612759,32.0,3.0,8.0,0.0,21.0,12.0,7.0,4.0
1629640,22400871,1610612759,7.0,5.0,6.0,0.0,5.0,3.0,0.0,0.0
1631110,22400871,1610612759,17.0,4.0,4.0,1.0,9.0,7.0,2.0,2.0
1630577,22400871,1610612759,8.0,2.0,0.0,0.0,4.0,3.0,0.0,0.0
1631104,22400871,1610612759,0.0,0.0,0.0,0.0,0.0,0.0,0.0,0.0
1630561,22400871,1610612759,0.0,1.0,1.0,0.0,0.0,0.0,0.0,0.0
1629162,22400871,1610612759,3.0,2.0,0.0,0.0,1.0,1.0,1.0,1.0
1631103,22400871,1610612759,3.0,0.0,1.0,0.0,2.0,1.0,0.0,0.0
1630572,22400871,1610612759,5.0,0.0,0.0,0.0,2.0,1.0,2.0,2.0
1628404,22400869,1610612752,14.0,3.0,7.0,1.0,12.0,7.0,0.0,0.0
1628384,22400869,1610612752,23.0,5.0,9.0,3.0,18.0,9.0,2.0,1.0
1626157,22400869,1610612752,19.0,0.0,16.0,1.0,11.0,6.0,7.0,6.0
1628969,22400869,1610612752,5.0,8.0,4.0,0.0,11.0,2.0,0.0,0.0
1628973,22400869,1610612752,31.0,6.0,5.0,0.0,25.0,13.0,4.0,2.0
1630540,22400869,1610612752,12.0,2.0,2.0,0.0,10.0,4.0,2.0,1.0
1629011,22400869,1610612752,2.0,0.0,2.0,1.0,1.0,1.0,0.0,0.0
1629013,22400869,1610612752,5.0,0.0,0.0,0.0,4.0,2.0,0.0,0.0
1626166,22400869,1610612752,5.0,3.0,1.0,0.0,3.0,2.0,0.0,0.0
202692,22400869,1610612748,12.0,3.0,3.0,0.0,5.0,4.0,0.0,0.0
1628389,22400869,1610612748,30.0,4.0,7.0,0.0,16.0,12.0,8.0,6.0
1642276,22400869,1610612748,12.0,0.0,8.0,6.0,7.0,6.0,0.0,0.0
1629639,22400869,1610612748,22.0,7.0,4.0,0.0,24.0,8.0,4.0,4.0
1630558,22400869,1610612748,11.0,5.0,4.0,0.0,9.0,5.0,2.0,0.0
1629312,22400869,1610612748,8.0,1.0,2.0,0.0,5.0,3.0,0.0,0.0
1629130,22400869,1610612748,10.0,5.0,3.0,0.0,10.0,4.0,0.0,0.0
1626179,22400869,1610612748,5.0,3.0,1.0,0.0,6.0,2.0,2.0,1.0
203937,22400869,1610612748,2.0,1.0,2.0,0.0,2.0,1.0,0.0,0.0
1631207,22400868,1610612741,2.0,1.0,1.0,0.0,5.0,1.0,0.0,0.0
1641824,22400868,1610612741,18.0,3.0,6.0,1.0,16.0,8.0,0.0,0.0
1628380,22400868,1610612741,16.0,2.0,5.0,0.0,9.0,6.0,2.0,2.0
1629632,22400868,1610612741,26.0,1.0,7.0,0.0,18.0,10.0,2.0,2.0
1630581,22400868,1610612741,18.0,7.0,9.0,0.0,15.0,5.0,11.0,8.0
1628975,22400868,1610612741,2.0,1.0,1.0,0.0,3.0,1.0,0.0,0.0
1629659,22400868,1610612741,6.0,1.0,3.0,2.0,6.0,3.0,0.0,0.0
1641763,22400868,1610612741,3.0,0.0,4.0,1.0,3.0,1.0,2.0,1.0
1630188,22400868,1610612741,10.0,2.0,6.0,0.0,7.0,4.0,0.0,0.0
1630200,22400868,1610612741,11.0,6.0,0.0,0.0,6.0,5.0,1.0,1.0
1630174,22400868,1610612754,27.0,1.0,5.0,0.0,16.0,9.0,4.0,3.0
1627783,22400868,1610612754,20.0,4.0,6.0,2.0,14.0,8.0,7.0,3.0
1626167,22400868,1610612754,16.0,2.0,6.0,1.0,14.0,6.0,2.0,2.0
1629614,22400868,1610612754,11.0,4.0,2.0,0.0,5.0,4.0,1.0,1.0
1630169,22400868,1610612754,17.0,12.0,5.0,0.0,12.0,7.0,1.0,1.0
1630167,22400868,1610612754,6.0,1.0,5.0,0.0,5.0,3.0,0.0,0.0
1628418,22400868,1610612754,7.0,0.0,2.0,1.0,7.0,3.0,0.0,0.0
1641716,22400868,1610612754,3.0,2.0,0.0,0.0,3.0,1.0,0.0,0.0
204456,22400868,1610612754,11.0,6.0,1.0,0.0,5.0,4.0,3.0,2.0
1641767,22400868,1610612754,9.0,2.0,4.0,0.0,6.0,3.0,0.0,0.0
1642277,22400868,1610612754,0.0,0.0,0.0,0.0,0.0,0.0,0.0,0.0
1628396,22400868,1610612754,0.0,0.0,0.0,0.0,0.0,0.0,0.0,0.0
201949,22400868,1610612754,0.0,0.0,0.0,0.0,0.0,0.0,0.0,0.0
1626181,22400874,1610612746,4.0,1.0,1.0,0.0,5.0,1.0,2.0,2.0
202695,22400874,1610612746,33.0,0.0,10.0,0.0,23.0,13.0,5.0,4.0
1627826,22400874,1610612746,12.0,3.0,10.0,0.0,9.0,5.0,2.0,2.0
1627739,22400874,1610612746,15.0,4.0,2.0,1.0,12.0,7.0,0.0,0.0
201935,22400874,1610612746,13.0,8.0,2.0,0.0,14.0,4.0,4.0,3.0
1629599,22400874,1610612746,3.0,3.0,3.0,0.0,0.0,0.0,4.0,3.0
203992,22400874,1610612746,12.0,3.0,4.0,0.0,16.0,4.0,0.0,0.0
201587,22400874,1610612746,6.0,0.0,1.0,0.0,3.0,2.0,0.0,0.0
1629234,22400874,1610612746,4.0,2.0,5.0,0.0,4.0,2.0,0.0,0.0
1641757,22400874,1610612746,0.0,0.0,1.0,0.0,1.0,0.0,0.0,0.0
1641738,22400874,1610612746,0.0,0.0,1.0,0.0,1.0,0.0,0.0,0.0
1627827,22400874,1610612747,11.0,0.0,4.0,0.0,9.0,4.0,2.0,1.0
2544,22400874,1610612747,17.0,9.0,5.0,1.0,17.0,6.0,4.0,4.0
1629637,22400874,1610612747,6.0,0.0,7.0,2.0,2.0,2.0,3.0,2.0
1629216,22400874,1610612747,9.0,2.0,3.0,1.0,10.0,3.0,0.0,0.0
1629029,22400874,1610612747,29.0,9.0,6.0,0.0,17.0,9.0,9.0,6.0
1629020,22400874,1610612747,8.0,1.0,9.0,2.0,7.0,4.0,0.0,0.0
1641998,22400874,1610612747,3.0,0.0,2.0,0.0,2.0,1.0,2.0,1.0
1642261,22400874,1610612747,19.0,0.0,4.0,0.0,10.0,7.0,0.0,0.0
1629003,22400874,1610612747,6.0,0.0,1.0,0.0,3.0,2.0,0.0,0.0
203114,22400860,1610612764,17.0,6.0,5.0,0.0,9.0,5.0,6.0,6.0
1642273,22400860,1610612764,8.0,8.0,4.0,1.0,10.0,3.0,0.0,0.0
1642259,22400860,1610612764,10.0,2.0,3.0,0.0,11.0,4.0,0.0,0.0
1641731,22400860,1610612764,17.0,3.0,7.0,1.0,18.0,6.0,2.0,2.0
1642267,22400860,1610612764,11.0,4.0,5.0,1.0,11.0,3.0,2.0,2.0
1630557,22400860,1610612764,13.0,4.0,5.0,1.0,8.0,5.0,0.0,0.0
1626158,22400860,1610612764,15.0,3.0,9.0,0.0,6.0,5.0,5.0,5.0
1630551,22400860,1610612764,10.0,2.0,8.0,3.0,6.0,4.0,2.0,1.0
203935,22400860,1610612764,12.0,1.0,2.0,0.0,9.0,5.0,0.0,0.0
1629667,22400860,1610612764,0.0,0.0,0.0,0.0,0.0,0.0,0.0,0.0
1630182,22400860,1610612766,13.0,5.0,4.0,1.0,10.0,5.0,2.0,0.0
1628970,22400860,1610612766,18.0,7.0,7.0,1.0,16.0,7.0,1.0,1.0
1631109,22400860,1610612766,24.0,3.0,12.0,2.0,14.0,11.0,2.0,2.0
1641733,22400860,1610612766,12.0,4.0,4.0,0.0,16.0,5.0,0.0,0.0
1630163,22400860,1610612766,20.0,3.0,7.0,0.0,19.0,7.0,1.0,1.0
1641878,22400860,1610612766,5.0,2.0,5.0,1.0,6.0,2.0,0.0,0.0
1631217,22400860,1610612766,4.0,1.0,2.0,0.0,5.0,2.0,0.0,0.0
1642275,22400860,1610612766,0.0,0.0,2.0,0.0,3.0,0.0,0.0,0.0
1629610,22400860,1610612766,2.0,1.0,1.0,0.0,3.0,1.0,0.0,0.0
1630201,22400860,1610612766,2.0,2.0,0.0,0.0,1.0,1.0,0.0,0.0
201942,22400862,1610612758,21.0,6.0,2.0,0.0,18.0,7.0,7.0,6.0
1631099,22400862,1610612758,13.0,2.0,5.0,0.0,11.0,5.0,1.0,1.0
1627734,22400862,1610612758,1.0,0.0,0.0,0.0,0.0,0.0,2.0,1.0
203897,22400862,1610612758,20.0,4.0,6.0,0.0,16.0,8.0,3.0,2.0
1628370,22400862,1610612758,16.0,4.0,5.0,0.0,13.0,7.0,1.0,1.0
202685,22400862,1610612758,15.0,1.0,14.0,3.0,10.0,7.0,1.0,1.0
1631165,22400862,1610612758,12.0,0.0,5.0,1.0,5.0,4.0,3.0,3.0
1631222,22400862,1610612758,5.0,1.0,4.0,0.0,6.0,2.0,0.0,0.0
1626168,22400862,1610612758,5.0,2.0,5.0,1.0,6.0,2.0,2.0,0.0
1628365,22400862,1610612758,5.0,1.0,0.0,0.0,2.0,2.0,1.0,1.0
1628415,22400862,1610612745,12.0,0.0,1.0,0.0,13.0,4.0,2.0,2.0
1641708,22400862,1610612745,6.0,3.0,11.0,0.0,10.0,3.0,0.0,0.0
1630578,22400862,1610612745,30.0,5.0,10.0,1.0,16.0,10.0,17.0,10.0
1630224,22400862,1610612745,24.0,2.0,2.0,0.0,20.0,9.0,2.0,2.0
1627832,22400862,1610612745,3.0,5.0,5.0,0.0,8.0,1.0,0.0,0.0
1631106,22400862,1610612745,14.0,2.0,4.0,0.0,8.0,5.0,1.0,1.0
1631095,22400862,1610612745,5.0,0.0,7.0,1.0,6.0,2.0,0.0,0.0
203500,22400862,1610612745,2.0,1.0,2.0,0.0,3.0,1.0,0.0,0.0
1628988,22400862,1610612745,7.0,0.0,1.0,0.0,2.0,2.0,1.0,1.0
1630541,22400864,1610612744,10.0,0.0,2.0,1.0,8.0,3.0,3.0,2.0
203110,22400864,1610612744,13.0,8.0,8.0,0.0,13.0,5.0,4.0,3.0
1642366,22400864,1610612744,16.0,1.0,9.0,1.0,15.0,6.0,0.0,0.0
1641764,22400864,1610612744,5.0,2.0,6.0,1.0,8.0,2.0,1.0,1.0
201939,22400864,1610612744,29.0,13.0,5.0,0.0,18.0,10.0,4.0,4.0
1627780,22400864,1610612744,15.0,4.0,7.0,0.0,11.0,7.0,2.0,1.0
1627741,22400864,1610612744,6.0,3.0,2.0,0.0,9.0,3.0,0.0,0.0
1626172,22400864,1610612744,10.0,0.0,4.0,1.0,6.0,4.0,2.0,2.0
1630611,22400864,1610612744,14.0,2.0,4.0,0.0,8.0,6.0,1.0,1.0
1628995,22400864,1610612744,1.0,0.0,1.0,0.0,2.0,0.0,2.0,1.0
1630311,22400864,1610612744,0.0,0.0,1.0,0.0,2.0,0.0,0.0,0.0
1626162,22400864,1610612755,20.0,1.0,2.0,1.0,13.0,6.0,7.0,5.0
202331,22400864,1610612755,17.0,4.0,8.0,1.0,13.0,6.0,2.0,2.0
203083,22400864,1610612755,10.0,2.0,14.0,0.0,5.0,3.0,6.0,4.0
1629656,22400864,1610612755,44.0,1.0,6.0,1.0,24.0,18.0,8.0,2.0
1630178,22400864,1610612755,5.0,11.0,3.0,0.0,14.0,2.0,1.0,1.0
1642348,22400864,1610612755,4.0,0.0,1.0,0.0,3.0,2.0,0.0,0.0
1627824,22400864,1610612755,18.0,5.0,6.0,0.0,8.0,5.0,4.0,3.0
1629022,22400864,1610612755,3.0,0.0,0.0,0.0,2.0,1.0,0.0,0.0
1630288,22400864,1610612755,5.0,3.0,0.0,0.0,3.0,2.0,0.0,0.0
1630170,22400863,1610612759,20.0,3.0,6.0,1.0,19.0,9.0,1.0,0.0
203084,22400863,1610612759,5.0,1.0,0.0,0.0,5.0,2.0,0.0,0.0
202687,22400863,1610612759,6.0,1.0,3.0,1.0,4.0,3.0,0.0,0.0
1628368,22400863,1610612759,20.0,7.0,3.0,1.0,17.0,7.0,5.0,5.0
101108,22400863,1610612759,8.0,8.0,3.0,0.0,5.0,3.0,1.0,0.0
1631110,22400863,1610612759,18.0,3.0,11.0,0.0,9.0,7.0,4.0,3.0
1629640,22400863,1610612759,15.0,1.0,6.0,1.0,13.0,6.0,4.0,1.0
1642264,22400863,1610612759,24.0,7.0,3.0,0.0,16.0,8.0,6.0,6.0
1630577,22400863,1610612759,14.0,2.0,7.0,0.0,8.0,5.0,1.0,1.0
1642377,22400863,1610612763,18.0,3.0,2.0,0.0,14.0,7.0,0.0,0.0
1630583,22400863,1610612763,15.0,11.0,8.0,1.0,16.0,7.0,0.0,0.0
1628991,22400863,1610612763,42.0,2.0,4.0,2.0,25.0,15.0,8.0,7.0
1629723,22400863,1610612763,0.0,2.0,3.0,1.0,3.0,0.0,0.0,0.0
1630590,22400863,1610612763,12.0,7.0,4.0,0.0,12.0,5.0,1.0,1.0
1641744,22400863,1610612763,17.0,0.0,9.0,3.0,7.0,7.0,4.0,3.0
1628379,22400863,1610612763,14.0,5.0,6.0,0.0,9.0,6.0,3.0,2.0
1641713,22400863,1610612763,4.0,1.0,1.0,0.0,2.0,1.0,2.0,2.0
1630643,22400863,1610612763,0.0,0.0,0.0,1.0,0.0,0.0,0.0,0.0
1642285,22400863,1610612763,0.0,0.0,0.0,0.0,1.0,0.0,0.0,0.0
1630205,22400863,1610612763,6.0,0.0,4.0,0.0,6.0,2.0,2.0,2.0
1629661,22400861,1610612751,13.0,0.0,4.0,0.0,20.0,3.0,8.0,7.0
1630533,22400861,1610612751,11.0,1.0,3.0,0.0,14.0,5.0,2.0,1.0
1629651,22400861,1610612751,9.0,2.0,6.0,5.0,9.0,3.0,4.0,3.0
1630553,22400861,1610612751,10.0,2.0,8.0,1.0,15.0,3.0,2.0,2.0
1630165,22400861,1610612751,4.0,3.0,4.0,0.0,6.0,1.0,2.0,2.0
1630592,22400861,1610612751,14.0,3.0,3.0,0.0,5.0,3.0,8.0,7.0
1630549,22400861,1610612751,4.0,6.0,5.0,1.0,6.0,2.0,0.0,0.0
1641736,22400861,1610612751,3.0,1.0,1.0,0.0,5.0,1.0,2.0,1.0
1631213,22400861,1610612751,23.0,1.0,1.0,1.0,11.0,7.0,7.0,7.0
1641721,22400861,1610612751,3.0,0.0,3.0,0.0,4.0,1.0,0.0,0.0
1641709,22400861,1610612765,13.0,3.0,5.0,1.0,9.0,6.0,2.0,1.0
202699,22400861,1610612765,18.0,2.0,9.0,0.0,12.0,6.0,5.0,5.0
1631105,22400861,1610612765,18.0,2.0,11.0,6.0,7.0,6.0,6.0,6.0
203501,22400861,1610612765,9.0,2.0,1.0,0.0,9.0,3.0,0.0,0.0
1630595,22400861,1610612765,15.0,9.0,7.0,2.0,9.0,4.0,6.0,5.0
1627736,22400861,1610612765,18.0,1.0,0.0,0.0,10.0,6.0,2.0,1.0
203471,22400861,1610612765,7.0,5.0,2.0,1.0,5.0,3.0,0.0,0.0
1631323,22400861,1610612765,0.0,3.0,3.0,0.0,2.0,0.0,0.0,0.0
1630191,22400861,1610612765,3.0,1.0,4.0,4.0,4.0,1.0,2.0,1.0
1641842,22400861,1610612765,10.0,2.0,2.0,0.0,4.0,4.0,2.0,2.0
1631204,22400861,1610612765,2.0,1.0,0.0,0.0,0.0,0.0,2.0,2.0
1630322,22400861,1610612765,0.0,0.0,0.0,0.0,1.0,0.0,0.0,0.0
1630194,22400861,1610612765,2.0,0.0,2.0,0.0,0.0,0.0,2.0,2.0
1641752,22400861,1610612765,0.0,0.0,1.0,1.0,0.0,0.0,0.0,0.0
1628398,22400865,1610612749,10.0,2.0,8.0,0.0,10.0,4.0,2.0,1.0
203507,22400865,1610612749,29.0,9.0,9.0,2.0,14.0,9.0,13.0,11.0
201572,22400865,1610612749,13.0,3.0,6.0,2.0,10.0,6.0,0.0,0.0
1627752,22400865,1610612749,9.0,5.0,7.0,1.0,8.0,3.0,1.0,1.0
203081,22400865,1610612749,28.0,6.0,6.0,0.0,17.0,8.0,8.0,8.0
1631260,22400865,1610612749,6.0,1.0,1.0,0.0,3.0,1.0,3.0,3.0
1629018,22400865,1610612749,20.0,2.0,5.0,0.0,16.0,7.0,2.0,2.0
1630579,22400865,1610612749,6.0,2.0,8.0,1.0,3.0,3.0,0.0,0.0
1629645,22400865,1610612749,11.0,3.0,2.0,0.0,6.0,3.0,6.0,5.0
202691,22400865,1610612742,16.0,5.0,2.0,0.0,14.0,5.0,2.0,2.0
1629023,22400865,1610612742,4.0,0.0,5.0,0.0,8.0,2.0,1.0,0.0
1629650,22400865,1610612742,18.0,0.0,9.0,0.0,9.0,8.0,2.0,2.0
1631108,22400865,1610612742,5.0,3.0,2.0,0.0,6.0,2.0,0.0,0.0
202681,22400865,1610612742,31.0,3.0,5.0,0.0,23.0,9.0,11.0,11.0
203939,22400865,1610612742,2.0,3.0,3.0,1.0,1.0,1.0,1.0,0.0
203957,22400865,1610612742,4.0,0.0,1.0,0.0,3.0,1.0,2.0,2.0
1630230,22400865,1610612742,7.0,4.0,4.0,0.0,7.0,3.0,1.0,1.0
203915,22400865,1610612742,12.0,3.0,0.0,0.0,9.0,5.0,5.0,2.0
1630702,22400865,1610612742,16.0,4.0,1.0,0.0,10.0,6.0,0.0,0.0
1641765,22400865,1610612742,2.0,0.0,1.0,0.0,1.0,1.0,0.0,0.0
1629652,22400851,1610612760,20.0,1.0,4.0,0.0,13.0,7.0,0.0,0.0
1631114,22400851,1610612760,20.0,8.0,5.0,0.0,16.0,6.0,4.0,4.0
1631096,22400851,1610612760,7.0,3.0,4.0,0.0,8.0,3.0,2.0,1.0
1641717,22400851,1610612760,8.0,4.0,3.0,0.0,9.0,4.0,0.0,0.0
1628983,22400851,1610612760,31.0,5.0,3.0,0.0,23.0,12.0,4.0,4.0
1630198,22400851,1610612760,12.0,0.0,0.0,0.0,8.0,4.0,0.0,0.0
1628392,22400851,1610612760,13.0,6.0,10.0,1.0,8.0,6.0,2.0,1.0
1629026,22400851,1610612760,5.0,5.0,4.0,0.0,4.0,2.0,0.0,0.0
1630598,22400851,1610612760,13.0,2.0,6.0,0.0,10.0,5.0,0.0,0.0
1631119,22400851,1610612760,3.0,3.0,4.0,0.0,1.0,1.0,0.0,0.0
1641745,22400851,1610612760,3.0,0.0,0.0,0.0,1.0,1.0,0.0,0.0
1642258,22400851,1610612737,12.0,2.0,9.0,0.0,10.0,4.0,4.0,2.0
1631243,22400851,1610612737,2.0,0.0,1.0,2.0,2.0,1.0,0.0,0.0
1630168,22400851,1610612737,23.0,2.0,13.0,1.0,12.0,9.0,4.0,4.0
1630700,22400851,1610612737,10.0,3.0,4.0,2.0,10.0,5.0,2.0,0.0
1629027,22400851,1610612737,19.0,12.0,3.0,0.0,14.0,5.0,7.0,7.0
1627777,22400851,1610612737,14.0,2.0,4.0,0.0,12.0,4.0,4.0,3.0
1627747,22400851,1610612737,23.0,3.0,3.0,0.0,16.0,9.0,2.0,2.0
1629611,22400851,1610612737,13.0,3.0,5.0,0.0,9.0,5.0,0.0,0.0
203991,22400851,1610612737,0.0,0.0,4.0,0.0,2.0,0.0,0.0,0.0
1631230,22400851,1610612737,0.0,0.0,0.0,0.0,0.0,0.0,0.0,0.0
1630811,22400851,1610612737,3.0,0.0,0.0,0.0,1.0,1.0,0.0,0.0
1628404,22400856,1610612752,12.0,6.0,4.0,1.0,6.0,2.0,8.0,7.0
1628384,22400856,1610612752,19.0,3.0,3.0,2.0,17.0,7.0,1.0,1.0
1626157,22400856,1610612752,11.0,2.0,7.0,1.0,11.0,4.0,3.0,2.0
1628969,22400856,1610612752,15.0,3.0,2.0,2.0,14.0,7.0,2.0,1.0
1628973,22400856,1610612752,23.0,6.0,7.0,1.0,23.0,10.0,1.0,1.0
1629011,22400856,1610612752,6.0,1.0,5.0,0.0,4.0,3.0,0.0,0.0
1630540,22400856,1610612752,17.0,3.0,4.0,0.0,11.0,7.0,0.0,0.0
1629013,22400856,1610612752,5.0,2.0,0.0,0.0,2.0,2.0,0.0,0.0
1630173,22400856,1610612752,3.0,0.0,1.0,0.0,2.0,1.0,1.0,1.0
1626166,22400856,1610612752,3.0,3.0,2.0,0.0,5.0,1.0,0.0,0.0
1642377,22400856,1610612763,3.0,2.0,1.0,0.0,3.0,1.0,0.0,0.0
1628991,22400856,1610612763,18.0,1.0,7.0,2.0,16.0,6.0,6.0,5.0
1641744,22400856,1610612763,10.0,1.0,11.0,2.0,5.0,4.0,2.0,2.0
1630217,22400856,1610612763,24.0,4.0,12.0,0.0,17.0,9.0,6.0,6.0
1629630,22400856,1610612763,25.0,7.0,4.0,0.0,22.0,9.0,7.0,7.0
1631246,22400856,1610612763,7.0,4.0,7.0,0.0,6.0,3.0,0.0,0.0
1629634,22400856,1610612763,11.0,2.0,7.0,0.0,5.0,5.0,1.0,1.0
1630583,22400856,1610612763,9.0,2.0,5.0,0.0,11.0,4.0,0.0,0.0
1630590,22400856,1610612763,0.0,0.0,3.0,0.0,2.0,0.0,0.0,0.0
1628379,22400856,1610612763,6.0,3.0,1.0,0.0,7.0,3.0,0.0,0.0
1630192,22400850,1610612743,8.0,2.0,2.0,3.0,2.0,2.0,4.0,2.0
1629008,22400850,1610612743,28.0,1.0,9.0,0.0,15.0,10.0,2.0,2.0
203999,22400850,1610612743,23.0,15.0,17.0,2.0,12.0,6.0,12.0,11.0
1631128,22400850,1610612743,23.0,2.0,6.0,1.0,14.0,10.0,1.0,1.0
1627750,22400850,1610612743,31.0,4.0,3.0,1.0,22.0,10.0,7.0,6.0
201566,22400850,1610612743,8.0,2.0,4.0,1.0,7.0,3.0,2.0,1.0
1631124,22400850,1610612743,6.0,1.0,1.0,0.0,7.0,3.0,1.0,0.0
201599,22400850,1610612743,4.0,0.0,6.0,0.0,3.0,2.0,2.0,0.0
1629618,22400850,1610612743,0.0,1.0,1.0,0.0,0.0,0.0,0.0,0.0
203967,22400850,1610612743,3.0,0.0,0.0,0.0,2.0,1.0,0.0,0.0
1641816,22400850,1610612743,0.0,0.0,0.0,0.0,0.0,0.0,0.0,0.0
1642461,22400850,1610612743,0.0,0.0,1.0,0.0,0.0,0.0,0.0,0.0
1641709,22400850,1610612765,13.0,5.0,4.0,0.0,11.0,6.0,2.0,1.0
202699,22400850,1610612765,12.0,3.0,2.0,0.0,10.0,5.0,0.0,0.0
1631105,22400850,1610612765,8.0,2.0,8.0,0.0,5.0,3.0,4.0,2.0
203501,22400850,1610612765,10.0,2.0,1.0,0.0,11.0,4.0,1.0,1.0
1630595,22400850,1610612765,11.0,5.0,3.0,0.0,12.0,3.0,5.0,5.0
1630191,22400850,1610612765,7.0,0.0,5.0,2.0,2.0,2.0,4.0,2.0
1627736,22400850,1610612765,16.0,3.0,4.0,0.0,18.0,6.0,0.0,0.0
203471,22400850,1610612765,8.0,7.0,6.0,0.0,7.0,3.0,0.0,0.0
1631323,22400850,1610612765,12.0,0.0,0.0,0.0,7.0,4.0,4.0,3.0
1641842,22400850,1610612765,8.0,1.0,4.0,1.0,5.0,3.0,2.0,2.0
1630194,22400850,1610612765,8.0,2.0,4.0,0.0,6.0,4.0,0.0,0.0
1641752,22400850,1610612765,0.0,0.0,1.0,0.0,0.0,0.0,0.0,0.0
1630322,22400850,1610612765,0.0,0.0,0.0,0.0,2.0,0.0,0.0,0.0
1631204,22400850,1610612765,6.0,2.0,0.0,0.0,3.0,2.0,1.0,1.0
1630530,22400857,1610612740,10.0,8.0,3.0,1.0,8.0,3.0,2.0,2.0
203482,22400857,1610612740,11.0,5.0,7.0,0.0,10.0,5.0,0.0,0.0
1642274,22400857,1610612740,24.0,1.0,5.0,1.0,14.0,11.0,3.0,2.0
1641722,22400857,1610612740,24.0,4.0,2.0,1.0,17.0,10.0,2.0,1.0
1628971,22400857,1610612740,10.0,3.0,4.0,0.0,10.0,4.0,2.0,1.0
1630631,22400857,1610612740,3.0,4.0,5.0,0.0,6.0,1.0,2.0,1.0
1631255,22400857,1610612740,2.0,1.0,5.0,0.0,8.0,1.0,0.0,0.0
1641810,22400857,1610612740,11.0,1.0,2.0,0.0,7.0,4.0,1.0,1.0
1630526,22400857,1610612740,9.0,0.0,1.0,0.0,5.0,4.0,1.0,0.0
1631288,22400857,1610612740,4.0,1.0,1.0,0.0,2.0,1.0,2.0,1.0
201142,22400857,1610612756,17.0,6.0,2.0,0.0,10.0,7.0,1.0,1.0
1629626,22400857,1610612756,25.0,2.0,3.0,2.0,12.0,9.0,2.0,2.0
1630208,22400857,1610612756,19.0,2.0,12.0,1.0,11.0,8.0,4.0,3.0
1626164,22400857,1610612756,17.0,9.0,0.0,0.0,13.0,6.0,2.0,2.0
1626145,22400857,1610612756,9.0,6.0,1.0,0.0,11.0,3.0,0.0,0.0
203486,22400857,1610612756,6.0,3.0,9.0,0.0,5.0,2.0,2.0,2.0
1626220,22400857,1610612756,18.0,3.0,3.0,0.0,9.0,6.0,0.0,0.0
1631221,22400857,1610612756,9.0,4.0,2.0,0.0,5.0,4.0,0.0,0.0
1642346,22400857,1610612756,5.0,0.0,2.0,0.0,2.0,2.0,2.0,0.0
1642345,22400857,1610612756,0.0,0.0,1.0,0.0,0.0,0.0,0.0,0.0
1631102,22400857,1610612756,0.0,0.0,0.0,0.0,1.0,0.0,0.0,0.0
1630174,22400854,1610612754,7.0,2.0,6.0,1.0,8.0,3.0,0.0,0.0
1627783,22400854,1610612754,36.0,2.0,6.0,0.0,21.0,13.0,4.0,2.0
1626167,22400854,1610612754,22.0,3.0,3.0,0.0,12.0,7.0,4.0,3.0
1629614,22400854,1610612754,9.0,11.0,3.0,2.0,7.0,4.0,0.0,0.0
1630169,22400854,1610612754,19.0,10.0,2.0,0.0,15.0,8.0,0.0,0.0
1630167,22400854,1610612754,7.0,0.0,1.0,0.0,4.0,3.0,0.0,0.0
1628418,22400854,1610612754,8.0,1.0,5.0,0.0,10.0,4.0,0.0,0.0
1641767,22400854,1610612754,5.0,1.0,4.0,0.0,3.0,2.0,0.0,0.0
204456,22400854,1610612754,7.0,5.0,0.0,0.0,8.0,3.0,0.0,0.0
1641716,22400854,1610612754,0.0,0.0,0.0,0.0,0.0,0.0,0.0,0.0
1631170,22400854,1610612748,11.0,1.0,4.0,0.0,4.0,4.0,2.0,2.0
1628389,22400854,1610612748,18.0,7.0,7.0,0.0,14.0,8.0,0.0,0.0
1642276,22400854,1610612748,8.0,0.0,12.0,0.0,3.0,2.0,4.0,4.0
1629639,22400854,1610612748,29.0,7.0,3.0,1.0,25.0,11.0,5.0,4.0
1630558,22400854,1610612748,10.0,8.0,3.0,1.0,7.0,3.0,2.0,2.0
1629130,22400854,1610612748,20.0,5.0,2.0,0.0,10.0,8.0,0.0,0.0
1629312,22400854,1610612748,9.0,1.0,3.0,2.0,6.0,4.0,0.0,0.0
203937,22400854,1610612748,3.0,1.0,1.0,0.0,1.0,1.0,0.0,0.0
1626179,22400854,1610612748,4.0,3.0,1.0,0.0,5.0,2.0,0.0,0.0
202692,22400854,1610612748,13.0,1.0,3.0,0.0,9.0,5.0,0.0,0.0
1631200,22400853,1610612757,11.0,1.0,2.0,0.0,8.0,5.0,0.0,0.0
1641739,22400853,1610612757,19.0,4.0,3.0,0.0,11.0,6.0,4.0,3.0
1642270,22400853,1610612757,12.0,3.0,7.0,2.0,8.0,5.0,7.0,2.0
1631101,22400853,1610612757,25.0,5.0,4.0,1.0,14.0,9.0,5.0,3.0
1629014,22400853,1610612757,14.0,6.0,3.0,0.0,11.0,6.0,0.0,0.0
1630703,22400853,1610612757,12.0,9.0,3.0,1.0,9.0,4.0,4.0,3.0
1631133,22400853,1610612757,5.0,3.0,6.0,0.0,4.0,2.0,2.0,1.0
1630625,22400853,1610612757,23.0,0.0,8.0,0.0,11.0,8.0,5.0,4.0
1641712,22400853,1610612757,0.0,0.0,0.0,0.0,1.0,0.0,0.0,0.0
1631321,22400853,1610612757,0.0,0.0,0.0,0.0,0.0,0.0,0.0,0.0
1641871,22400853,1610612757,0.0,0.0,0.0,0.0,1.0,0.0,0.0,0.0
1629661,22400853,1610612751,14.0,4.0,4.0,0.0,11.0,4.0,4.0,4.0
1630533,22400853,1610612751,5.0,1.0,0.0,0.0,4.0,2.0,0.0,0.0
1629651,22400853,1610612751,16.0,3.0,5.0,0.0,9.0,6.0,5.0,4.0
1630560,22400853,1610612751,16.0,1.0,2.0,0.0,17.0,7.0,2.0,2.0
1630165,22400853,1610612751,16.0,4.0,4.0,1.0,8.0,5.0,4.0,4.0
1630553,22400853,1610612751,10.0,0.0,6.0,0.0,8.0,3.0,4.0,3.0
1630592,22400853,1610612751,9.0,1.0,5.0,0.0,8.0,2.0,6.0,5.0
1631213,22400853,1610612751,5.0,2.0,4.0,0.0,8.0,2.0,0.0,0.0
1630549,22400853,1610612751,6.0,1.0,7.0,1.0,5.0,3.0,0.0,0.0
1630570,22400853,1610612751,5.0,2.0,3.0,0.0,6.0,2.0,2.0,1.0
1641736,22400853,1610612751,0.0,0.0,2.0,0.0,2.0,0.0,0.0,0.0
1641721,22400853,1610612751,0.0,1.0,3.0,0.0,1.0,0.0,0.0,0.0
1627884,22400859,1610612746,8.0,1.0,4.0,0.0,7.0,3.0,0.0,0.0
202695,22400859,1610612746,21.0,3.0,4.0,0.0,17.0,8.0,6.0,2.0
1627826,22400859,1610612746,27.0,0.0,16.0,1.0,15.0,13.0,2.0,1.0
1627739,22400859,1610612746,14.0,6.0,9.0,0.0,9.0,6.0,0.0,0.0
201935,22400859,1610612746,18.0,9.0,7.0,0.0,22.0,5.0,7.0,7.0
203992,22400859,1610612746,6.0,1.0,0.0,0.0,8.0,2.0,2.0,1.0
1629599,22400859,1610612746,4.0,2.0,1.0,0.0,7.0,1.0,2.0,2.0
1627732,22400859,1610612746,2.0,3.0,3.0,0.0,1.0,1.0,0.0,0.0
201587,22400859,1610612746,2.0,0.0,0.0,0.0,1.0,0.0,2.0,2.0
1627827,22400859,1610612747,7.0,3.0,5.0,0.0,6.0,3.0,0.0,0.0
2544,22400859,1610612747,28.0,3.0,13.0,0.0,21.0,12.0,3.0,2.0
1629637,22400859,1610612747,5.0,2.0,1.0,2.0,3.0,2.0,2.0,1.0
1630559,22400859,1610612747,6.0,0.0,0.0,1.0,4.0,2.0,0.0,0.0
1629029,22400859,1610612747,31.0,5.0,2.0,0.0,22.0,9.0,11.0,10.0
1641998,22400859,1610612747,5.0,0.0,6.0,1.0,3.0,2.0,2.0,1.0
1629020,22400859,1610612747,3.0,0.0,5.0,0.0,1.0,0.0,4.0,3.0
1629216,22400859,1610612747,7.0,3.0,1.0,1.0,7.0,3.0,0.0,0.0
1630692,22400859,1610612747,6.0,2.0,5.0,0.0,7.0,3.0,0.0,0.0
1642261,22400859,1610612747,8.0,1.0,1.0,0.0,6.0,3.0,0.0,0.0
1630567,22400855,1610612761,24.0,6.0,8.0,1.0,19.0,10.0,2.0,2.0
1629628,22400855,1610612761,18.0,8.0,7.0,0.0,19.0,8.0,1.0,1.0
1627751,22400855,1610612761,10.0,3.0,4.0,0.0,7.0,5.0,0.0,0.0
1641711,22400855,1610612761,13.0,1.0,9.0,0.0,11.0,4.0,4.0,2.0
1630193,22400855,1610612761,23.0,5.0,5.0,0.0,16.0,6.0,8.0,7.0
1630534,22400855,1610612761,3.0,0.0,0.0,0.0,1.0,1.0,0.0,0.0
1642347,22400855,1610612761,5.0,2.0,2.0,0.0,8.0,2.0,0.0,0.0
1631115,22400855,1610612761,12.0,3.0,8.0,1.0,11.0,4.0,4.0,3.0
1642367,22400855,1610612761,0.0,1.0,4.0,1.0,4.0,0.0,0.0,0.0
1642266,22400855,1610612761,7.0,1.0,4.0,0.0,7.0,3.0,1.0,1.0
1628366,22400855,1610612741,14.0,2.0,2.0,0.0,13.0,5.0,0.0,0.0
1641824,22400855,1610612741,10.0,3.0,4.0,0.0,8.0,4.0,2.0,2.0
1628380,22400855,1610612741,15.0,5.0,13.0,1.0,10.0,5.0,6.0,5.0
1629632,22400855,1610612741,24.0,3.0,4.0,0.0,19.0,8.0,6.0,6.0
1630581,22400855,1610612741,19.0,12.0,8.0,1.0,17.0,7.0,4.0,3.0
1628989,22400855,1610612741,15.0,2.0,1.0,1.0,10.0,4.0,3.0,3.0
1630245,22400855,1610612741,11.0,2.0,5.0,0.0,9.0,5.0,2.0,1.0
1641763,22400855,1610612741,3.0,0.0,1.0,0.0,1.0,1.0,0.0,0.0
1630188,22400855,1610612741,4.0,1.0,6.0,1.0,7.0,2.0,0.0,0.0
1631207,22400855,1610612741,0.0,0.0,0.0,0.0,1.0,0.0,0.0,0.0
1630200,22400855,1610612741,10.0,2.0,1.0,0.0,6.0,4.0,2.0,2.0
1629622,22400852,1610612739,2.0,2.0,4.0,0.0,3.0,1.0,0.0,0.0
1630596,22400852,1610612739,17.0,3.0,12.0,1.0,12.0,6.0,4.0,3.0
1628386,22400852,1610612739,10.0,1.0,4.0,0.0,4.0,4.0,2.0,2.0
1628378,22400852,1610612739,41.0,5.0,3.0,0.0,26.0,13.0,11.0,10.0
1629636,22400852,1610612739,20.0,7.0,3.0,0.0,23.0,9.0,0.0,0.0
1629660,22400852,1610612739,8.0,3.0,4.0,0.0,10.0,3.0,0.0,0.0
1629631,22400852,1610612739,12.0,1.0,5.0,1.0,6.0,4.0,2.0,1.0
1630241,22400852,1610612739,3.0,0.0,3.0,0.0,1.0,1.0,0.0,0.0
1629731,22400852,1610612739,5.0,1.0,3.0,0.0,5.0,2.0,0.0,0.0
1630171,22400852,1610612739,5.0,0.0,3.0,1.0,4.0,2.0,0.0,0.0
1630573,22400852,1610612738,6.0,1.0,6.0,0.0,8.0,2.0,0.0,0.0
1628369,22400852,1610612738,46.0,9.0,16.0,3.0,37.0,19.0,5.0,4.0
201143,22400852,1610612738,5.0,2.0,7.0,0.0,4.0,2.0,0.0,0.0
1627759,22400852,1610612738,37.0,2.0,5.0,0.0,24.0,13.0,10.0,7.0
1628401,22400852,1610612738,16.0,5.0,1.0,0.0,12.0,5.0,2.0,2.0
1628436,22400852,1610612738,0.0,0.0,5.0,2.0,0.0,0.0,0.0,0.0
1630202,22400852,1610612738,6.0,1.0,0.0,0.0,4.0,2.0,0.0,0.0
1641809,22400852,1610612738,0.0,0.0,0.0,0.0,0.0,0.0,0.0,0.0
1628470,22400852,1610612738,0.0,0.0,0.0,0.0,0.0,0.0,0.0,0.0
1630545,22400858,1610612750,17.0,5.0,4.0,1.0,16.0,7.0,1.0,0.0
1630183,22400858,1610612750,20.0,5.0,10.0,0.0,16.0,9.0,0.0,0.0
1629675,22400858,1610612750,27.0,5.0,11.0,1.0,25.0,10.0,2.0,1.0
1629638,22400858,1610612750,12.0,2.0,2.0,1.0,10.0,4.0,2.0,2.0
201144,22400858,1610612750,3.0,6.0,1.0,0.0,5.0,1.0,0.0,0.0
1641740,22400858,1610612750,5.0,2.0,1.0,0.0,5.0,2.0,0.0,0.0
1630568,22400858,1610612750,16.0,1.0,1.0,0.0,7.0,5.0,9.0,5.0
1628978,22400858,1610612750,12.0,5.0,7.0,1.0,13.0,4.0,0.0,0.0
1642265,22400858,1610612750,4.0,4.0,3.0,0.0,4.0,2.0,0.0,0.0
1630548,22400858,1610612762,2.0,1.0,6.0,0.0,6.0,1.0,0.0,0.0
1628381,22400858,1610612762,29.0,1.0,12.0,1.0,18.0,12.0,3.0,2.0
1631117,22400858,1610612762,9.0,1.0,13.0,2.0,7.0,4.0,2.0,1.0
1629012,22400858,1610612762,13.0,3.0,1.0,0.0,11.0,5.0,1.0,1.0
1642268,22400858,1610612762,11.0,14.0,3.0,0.0,8.0,4.0,4.0,3.0
1641729,22400858,1610612762,17.0,2.0,3.0,0.0,10.0,6.0,0.0,0.0
1642262,22400858,1610612762,9.0,1.0,0.0,0.0,7.0,3.0,0.0,0.0
1641718,22400858,1610612762,5.0,9.0,4.0,0.0,8.0,2.0,1.0,1.0
1630231,22400858,1610612762,11.0,0.0,4.0,1.0,5.0,5.0,2.0,1.0
1642271,22400858,1610612762,11.0,2.0,13.0,0.0,10.0,5.0,1.0,0.0
1630531,22400858,1610612762,0.0,1.0,1.0,0.0,2.0,0.0,0.0,0.0
1629627,22400848,1610612740,27.0,11.0,10.0,2.0,17.0,13.0,4.0,1.0
1631255,22400848,1610612740,17.0,1.0,10.0,0.0,13.0,7.0,0.0,0.0
1642274,22400848,1610612740,11.0,1.0,10.0,0.0,11.0,5.0,3.0,1.0
1630530,22400848,1610612740,18.0,1.0,4.0,1.0,18.0,6.0,1.0,1.0
203468,22400848,1610612740,19.0,2.0,4.0,0.0,18.0,7.0,2.0,2.0
1641722,22400848,1610612740,10.0,3.0,5.0,2.0,9.0,4.0,0.0,0.0
1630526,22400848,1610612740,5.0,1.0,6.0,1.0,5.0,2.0,0.0,0.0
1630631,22400848,1610612740,14.0,5.0,1.0,0.0,9.0,5.0,2.0,2.0
1631288,22400848,1610612740,3.0,0.0,0.0,0.0,4.0,1.0,0.0,0.0
201142,22400848,1610612756,28.0,2.0,5.0,1.0,23.0,12.0,0.0,0.0
1629626,22400848,1610612756,15.0,1.0,6.0,2.0,10.0,6.0,0.0,0.0
1630208,22400848,1610612756,10.0,2.0,16.0,1.0,6.0,5.0,0.0,0.0
1626164,22400848,1610612756,36.0,9.0,7.0,0.0,29.0,13.0,4.0,4.0
1626145,22400848,1610612756,15.0,12.0,5.0,0.0,7.0,5.0,0.0,0.0
203486,22400848,1610612756,4.0,0.0,8.0,1.0,1.0,1.0,4.0,2.0
1626220,22400848,1610612756,6.0,0.0,1.0,0.0,3.0,2.0,0.0,0.0
1628960,22400848,1610612756,0.0,2.0,1.0,0.0,7.0,0.0,0.0,0.0
1631221,22400848,1610612756,2.0,1.0,1.0,0.0,2.0,0.0,2.0,2.0
1642346,22400848,1610612756,0.0,0.0,2.0,1.0,5.0,0.0,0.0,0.0
1631102,22400848,1610612756,0.0,0.0,0.0,0.0,1.0,0.0,0.0,0.0
1630182,22400847,1610612766,7.0,2.0,2.0,0.0,6.0,2.0,2.0,1.0
1628970,22400847,1610612766,20.0,6.0,12.0,1.0,24.0,9.0,0.0,0.0
1631109,22400847,1610612766,26.0,3.0,16.0,1.0,18.0,10.0,7.0,6.0
1641733,22400847,1610612766,12.0,7.0,3.0,0.0,14.0,5.0,0.0,0.0
1642354,22400847,1610612766,11.0,5.0,4.0,0.0,10.0,5.0,0.0,0.0
201959,22400847,1610612766,4.0,0.0,1.0,0.0,2.0,2.0,0.0,0.0
1641878,22400847,1610612766,2.0,2.0,2.0,0.0,8.0,1.0,0.0,0.0
1629610,22400847,1610612766,6.0,0.0,8.0,0.0,8.0,2.0,2.0,2.0
203552,22400847,1610612766,0.0,0.0,2.0,0.0,1.0,0.0,1.0,0.0
1631217,22400847,1610612766,8.0,0.0,6.0,0.0,7.0,4.0,1.0,0.0
202691,22400847,1610612742,18.0,0.0,2.0,2.0,12.0,6.0,3.0,2.0
1630230,22400847,1610612742,3.0,6.0,9.0,0.0,11.0,1.0,2.0,1.0
1629650,22400847,1610612742,20.0,0.0,11.0,2.0,14.0,9.0,3.0,2.0
1631108,22400847,1610612742,8.0,4.0,4.0,0.0,8.0,3.0,0.0,0.0
202681,22400847,1610612742,25.0,5.0,9.0,2.0,24.0,11.0,1.0,1.0
203957,22400847,1610612742,12.0,3.0,3.0,1.0,4.0,3.0,5.0,5.0
203915,22400847,1610612742,8.0,2.0,2.0,0.0,9.0,3.0,2.0,1.0
1641765,22400847,1610612742,0.0,0.0,1.0,0.0,3.0,0.0,0.0,0.0
1630556,22400847,1610612742,3.0,0.0,1.0,0.0,4.0,1.0,0.0,0.0
203939,22400847,1610612742,6.0,3.0,6.0,0.0,6.0,3.0,0.0,0.0
1630702,22400847,1610612742,0.0,0.0,0.0,0.0,2.0,0.0,0.0,0.0
1629008,22400846,1610612743,12.0,3.0,10.0,0.0,22.0,5.0,0.0,0.0
203932,22400846,1610612743,9.0,2.0,5.0,1.0,13.0,4.0,0.0,0.0
203999,22400846,1610612743,32.0,10.0,14.0,0.0,16.0,13.0,7.0,5.0
1631128,22400846,1610612743,13.0,3.0,10.0,0.0,11.0,5.0,3.0,3.0
1627750,22400846,1610612743,20.0,5.0,3.0,0.0,20.0,9.0,0.0,0.0
201566,22400846,1610612743,10.0,5.0,6.0,0.0,13.0,4.0,1.0,1.0
1630192,22400846,1610612743,2.0,0.0,2.0,1.0,1.0,1.0,0.0,0.0
1631124,22400846,1610612743,12.0,0.0,0.0,0.0,8.0,5.0,0.0,0.0
201599,22400846,1610612743,2.0,0.0,5.0,0.0,1.0,1.0,0.0,0.0
1628398,22400846,1610612749,16.0,5.0,9.0,2.0,15.0,5.0,6.0,5.0
203507,22400846,1610612749,28.0,7.0,19.0,1.0,23.0,11.0,8.0,5.0
201572,22400846,1610612749,22.0,3.0,4.0,1.0,16.0,7.0,8.0,7.0
1627752,22400846,1610612749,10.0,1.0,4.0,0.0,7.0,4.0,0.0,0.0
203081,22400846,1610612749,19.0,4.0,4.0,0.0,9.0,5.0,6.0,6.0
1631260,22400846,1610612749,6.0,2.0,1.0,0.0,4.0,2.0,0.0,0.0
1629018,22400846,1610612749,15.0,1.0,2.0,0.0,8.0,6.0,0.0,0.0
1629645,22400846,1610612749,3.0,2.0,1.0,0.0,4.0,1.0,0.0,0.0
1630579,22400846,1610612749,2.0,0.0,4.0,0.0,4.0,1.0,0.0,0.0
202710,22400845,1610612744,5.0,7.0,4.0,1.0,7.0,1.0,4.0,3.0
1630541,22400845,1610612744,10.0,0.0,1.0,1.0,5.0,1.0,7.0,7.0
203110,22400845,1610612744,12.0,4.0,10.0,0.0,8.0,3.0,7.0,5.0
1641764,22400845,1610612744,8.0,7.0,4.0,2.0,12.0,3.0,0.0,0.0
201939,22400845,1610612744,56.0,3.0,4.0,0.0,25.0,16.0,12.0,12.0
1627741,22400845,1610612744,3.0,2.0,1.0,1.0,5.0,1.0,0.0,0.0
1627780,22400845,1610612744,5.0,1.0,1.0,1.0,3.0,2.0,2.0,1.0
1626172,22400845,1610612744,0.0,1.0,7.0,0.0,0.0,0.0,0.0,0.0
1630611,22400845,1610612744,2.0,0.0,0.0,0.0,2.0,1.0,0.0,0.0
1642366,22400845,1610612744,18.0,1.0,5.0,1.0,9.0,7.0,2.0,2.0
1628995,22400845,1610612744,2.0,0.0,1.0,0.0,3.0,1.0,0.0,0.0
1630532,22400845,1610612753,27.0,4.0,2.0,0.0,22.0,11.0,5.0,4.0
1631094,22400845,1610612753,41.0,5.0,6.0,0.0,27.0,16.0,8.0,5.0
1628976,22400845,1610612753,9.0,4.0,14.0,0.0,8.0,4.0,0.0,0.0
203484,22400845,1610612753,0.0,1.0,2.0,1.0,3.0,0.0,0.0,0.0
1630175,22400845,1610612753,11.0,4.0,7.0,3.0,6.0,3.0,4.0,4.0
1641724,22400845,1610612753,6.0,1.0,1.0,0.0,4.0,2.0,0.0,0.0
1629048,22400845,1610612753,7.0,1.0,5.0,0.0,3.0,3.0,1.0,1.0
1641710,22400845,1610612753,5.0,2.0,2.0,0.0,10.0,2.0,0.0,0.0
1628371,22400845,1610612753,7.0,1.0,7.0,0.0,5.0,3.0,0.0,0.0
1641783,22400845,1610612753,2.0,0.0,0.0,0.0,1.0,1.0,0.0,0.0
1641740,22400849,1610612750,3.0,0.0,0.0,0.0,3.0,1.0,0.0,0.0
1630183,22400849,1610612750,15.0,1.0,8.0,0.0,18.0,6.0,3.0,2.0
1629675,22400849,1610612750,3.0,2.0,12.0,0.0,10.0,1.0,2.0,1.0
1630162,22400849,1610612750,18.0,5.0,6.0,0.0,12.0,6.0,4.0,4.0
201144,22400849,1610612750,10.0,4.0,1.0,1.0,5.0,3.0,2.0,2.0
1628978,22400849,1610612750,9.0,6.0,5.0,0.0,6.0,3.0,0.0,0.0
1629638,22400849,1610612750,14.0,2.0,2.0,1.0,10.0,4.0,7.0,4.0
1630545,22400849,1610612750,25.0,2.0,5.0,0.0,15.0,9.0,6.0,6.0
1642265,22400849,1610612750,4.0,2.0,1.0,0.0,5.0,2.0,0.0,0.0
1630568,22400849,1610612750,1.0,1.0,1.0,1.0,0.0,0.0,2.0,1.0
1629060,22400849,1610612747,5.0,2.0,3.0,0.0,6.0,2.0,0.0,0.0
2544,22400849,1610612747,33.0,6.0,17.0,1.0,21.0,11.0,10.0,7.0
1629637,22400849,1610612747,10.0,0.0,7.0,1.0,5.0,3.0,6.0,4.0
1630559,22400849,1610612747,23.0,5.0,6.0,0.0,10.0,5.0,12.0,11.0
1629029,22400849,1610612747,21.0,5.0,13.0,0.0,20.0,6.0,12.0,8.0
1627827,22400849,1610612747,3.0,1.0,1.0,0.0,4.0,1.0,0.0,0.0
1629216,22400849,1610612747,4.0,0.0,1.0,0.0,6.0,1.0,2.0,2.0
1629020,22400849,1610612747,5.0,1.0,2.0,0.0,3.0,2.0,2.0,0.0
1630692,22400849,1610612747,7.0,1.0,1.0,0.0,5.0,3.0,0.0,0.0
1642261,22400849,1610612747,0.0,0.0,1.0,0.0,2.0,0.0,2.0,0.0
1642258,22400841,1610612737,11.0,3.0,3.0,0.0,6.0,4.0,2.0,1.0
1631243,22400841,1610612737,5.0,0.0,1.0,0.0,3.0,2.0,0.0,0.0
1630168,22400841,1610612737,13.0,3.0,9.0,2.0,15.0,6.0,1.0,0.0
1630700,22400841,1610612737,18.0,5.0,5.0,0.0,10.0,8.0,2.0,1.0
1629027,22400841,1610612737,17.0,8.0,2.0,0.0,12.0,4.0,8.0,8.0
1627777,22400841,1610612737,7.0,2.0,4.0,1.0,10.0,3.0,0.0,0.0
1627747,22400841,1610612737,17.0,2.0,2.0,0.0,12.0,6.0,2.0,2.0
1629611,22400841,1610612737,13.0,4.0,4.0,0.0,7.0,4.0,4.0,3.0
203991,22400841,1610612737,8.0,2.0,3.0,0.0,6.0,4.0,0.0,0.0
203952,22400841,1610612748,15.0,6.0,2.0,0.0,9.0,3.0,10.0,8.0
1628389,22400841,1610612748,20.0,3.0,9.0,1.0,12.0,9.0,2.0,1.0
1642276,22400841,1610612748,12.0,2.0,8.0,0.0,6.0,5.0,0.0,0.0
1629639,22400841,1610612748,24.0,10.0,2.0,0.0,16.0,7.0,7.0,6.0
1630558,22400841,1610612748,20.0,6.0,0.0,0.0,8.0,7.0,1.0,1.0
1629130,22400841,1610612748,24.0,6.0,5.0,0.0,16.0,9.0,0.0,0.0
203937,22400841,1610612748,0.0,0.0,0.0,0.0,0.0,0.0,0.0,0.0
202692,22400841,1610612748,0.0,0.0,0.0,0.0,2.0,0.0,0.0,0.0
1629312,22400841,1610612748,14.0,5.0,7.0,1.0,5.0,4.0,2.0,2.0
1631170,22400841,1610612748,2.0,1.0,2.0,0.0,2.0,1.0,0.0,0.0
1641796,22400841,1610612748,0.0,0.0,0.0,0.0,0.0,0.0,0.0,0.0
1630170,22400844,1610612759,9.0,3.0,5.0,0.0,9.0,4.0,1.0,0.0
203084,22400844,1610612759,3.0,1.0,1.0,0.0,4.0,1.0,0.0,0.0
202687,22400844,1610612759,4.0,1.0,3.0,1.0,5.0,2.0,0.0,0.0
1628368,22400844,1610612759,7.0,3.0,3.0,1.0,12.0,3.0,0.0,0.0
101108,22400844,1610612759,4.0,4.0,1.0,0.0,5.0,1.0,2.0,2.0
1629640,22400844,1610612759,22.0,2.0,5.0,0.0,13.0,8.0,6.0,6.0
1642264,22400844,1610612759,22.0,5.0,7.0,0.0,22.0,9.0,4.0,3.0
1630577,22400844,1610612759,11.0,1.0,4.0,3.0,8.0,4.0,2.0,2.0
1631110,22400844,1610612759,7.0,0.0,5.0,0.0,5.0,3.0,2.0,1.0
1630572,22400844,1610612759,12.0,0.0,4.0,0.0,12.0,5.0,0.0,0.0
1631104,22400844,1610612759,5.0,5.0,1.0,0.0,4.0,2.0,4.0,1.0
1631103,22400844,1610612759,0.0,0.0,2.0,0.0,1.0,0.0,0.0,0.0
1629162,22400844,1610612759,0.0,3.0,0.0,0.0,0.0,0.0,0.0,0.0
1628415,22400844,1610612745,19.0,1.0,4.0,0.0,13.0,7.0,0.0,0.0
1631095,22400844,1610612745,9.0,1.0,10.0,0.0,15.0,4.0,2.0,1.0
1630578,22400844,1610612745,9.0,3.0,11.0,1.0,5.0,1.0,8.0,7.0
1630224,22400844,1610612745,21.0,4.0,7.0,0.0,17.0,9.0,0.0,0.0
1641708,22400844,1610612745,25.0,5.0,9.0,2.0,15.0,12.0,0.0,0.0
1630256,22400844,1610612745,7.0,2.0,6.0,0.0,7.0,3.0,0.0,0.0
201145,22400844,1610612745,13.0,0.0,3.0,0.0,12.0,6.0,0.0,0.0
203500,22400844,1610612745,4.0,5.0,5.0,2.0,6.0,2.0,0.0,0.0
1628988,22400844,1610612745,2.0,0.0,1.0,0.0,4.0,1.0,0.0,0.0
1629111,22400844,1610612745,5.0,0.0,3.0,0.0,4.0,2.0,2.0,1.0
1642263,22400844,1610612745,2.0,1.0,1.0,0.0,0.0,0.0,2.0,2.0
1631466,22400844,1610612745,2.0,0.0,0.0,0.0,4.0,1.0,0.0,0.0
1641715,22400844,1610612745,0.0,0.0,0.0,0.0,0.0,0.0,0.0,0.0
203924,22400839,1610612757,15.0,1.0,6.0,1.0,14.0,4.0,7.0,6.0
1641739,22400839,1610612757,11.0,2.0,5.0,0.0,8.0,4.0,4.0,3.0
1642270,22400839,1610612757,4.0,3.0,8.0,0.0,4.0,2.0,0.0,0.0
1630166,22400839,1610612757,5.0,1.0,2.0,0.0,4.0,2.0,2.0,1.0
1629014,22400839,1610612757,16.0,5.0,4.0,0.0,13.0,5.0,3.0,3.0
1630703,22400839,1610612757,16.0,1.0,2.0,0.0,13.0,5.0,2.0,2.0
1631101,22400839,1610612757,36.0,5.0,8.0,1.0,26.0,13.0,10.0,7.0
1631133,22400839,1610612757,12.0,4.0,4.0,0.0,9.0,5.0,3.0,2.0
1631200,22400839,1610612757,12.0,1.0,6.0,2.0,9.0,5.0,2.0,1.0
1630625,22400839,1610612757,2.0,4.0,1.0,0.0,1.0,0.0,2.0,2.0
1642273,22400839,1610612764,7.0,2.0,5.0,2.0,5.0,2.0,2.0,2.0
203114,22400839,1610612764,8.0,5.0,4.0,1.0,9.0,3.0,4.0,2.0
1626158,22400839,1610612764,20.0,2.0,5.0,0.0,7.0,7.0,6.0,6.0
1641731,22400839,1610612764,16.0,3.0,2.0,1.0,9.0,7.0,6.0,2.0
1629673,22400839,1610612764,24.0,3.0,5.0,1.0,17.0,8.0,5.0,5.0
1642267,22400839,1610612764,8.0,4.0,8.0,0.0,6.0,3.0,2.0,1.0
1630557,22400839,1610612764,20.0,1.0,3.0,1.0,13.0,6.0,4.0,3.0
1641774,22400839,1610612764,8.0,1.0,2.0,1.0,7.0,3.0,2.0,1.0
203935,22400839,1610612764,10.0,3.0,2.0,0.0,9.0,4.0,2.0,1.0
1630551,22400839,1610612764,0.0,1.0,5.0,1.0,1.0,0.0,0.0,0.0
1629667,22400839,1610612764,0.0,0.0,0.0,0.0,0.0,0.0,0.0,0.0
1630534,22400837,1610612761,10.0,0.0,4.0,0.0,10.0,4.0,0.0,0.0
1629628,22400837,1610612761,16.0,5.0,2.0,0.0,15.0,5.0,5.0,5.0
1627751,22400837,1610612761,10.0,2.0,5.0,0.0,8.0,4.0,4.0,2.0
1641711,22400837,1610612761,10.0,4.0,5.0,0.0,12.0,4.0,0.0,0.0
1630193,22400837,1610612761,18.0,6.0,2.0,0.0,15.0,8.0,3.0,1.0
1642367,22400837,1610612761,16.0,0.0,6.0,1.0,11.0,7.0,2.0,2.0
1631115,22400837,1610612761,8.0,1.0,3.0,0.0,5.0,4.0,0.0,0.0
1642347,22400837,1610612761,0.0,4.0,1.0,0.0,2.0,0.0,0.0,0.0
1642266,22400837,1610612761,3.0,1.0,8.0,0.0,6.0,1.0,2.0,1.0
1628449,22400837,1610612761,0.0,0.0,4.0,1.0,3.0,0.0,0.0,0.0
1630174,22400837,1610612754,12.0,3.0,5.0,0.0,9.0,5.0,0.0,0.0
1627783,22400837,1610612754,15.0,2.0,8.0,0.0,14.0,7.0,4.0,1.0
1626167,22400837,1610612754,18.0,2.0,10.0,2.0,8.0,6.0,2.0,1.0
1629614,22400837,1610612754,7.0,3.0,0.0,0.0,7.0,3.0,2.0,1.0
1630169,22400837,1610612754,33.0,11.0,3.0,2.0,15.0,12.0,2.0,2.0
1631097,22400837,1610612754,10.0,2.0,4.0,1.0,9.0,3.0,4.0,4.0
1630167,22400837,1610612754,4.0,0.0,1.0,1.0,8.0,2.0,0.0,0.0
1641767,22400837,1610612754,4.0,3.0,5.0,1.0,4.0,2.0,0.0,0.0
1628418,22400837,1610612754,8.0,1.0,4.0,0.0,4.0,3.0,2.0,1.0
1642484,22400837,1610612754,0.0,1.0,1.0,0.0,2.0,0.0,0.0,0.0
1642277,22400837,1610612754,0.0,0.0,0.0,0.0,0.0,0.0,0.0,0.0
1641716,22400837,1610612754,0.0,0.0,0.0,0.0,1.0,0.0,0.0,0.0
1631114,22400840,1610612760,22.0,4.0,5.0,1.0,16.0,8.0,7.0,5.0
1631096,22400840,1610612760,22.0,4.0,17.0,3.0,12.0,7.0,7.0,6.0
1628392,22400840,1610612760,13.0,3.0,2.0,0.0,9.0,6.0,2.0,1.0
1629652,22400840,1610612760,3.0,2.0,1.0,0.0,7.0,1.0,0.0,0.0
1628983,22400840,1610612760,27.0,5.0,6.0,0.0,11.0,7.0,13.0,12.0
1630198,22400840,1610612760,0.0,0.0,2.0,0.0,2.0,0.0,0.0,0.0
1641717,22400840,1610612760,13.0,2.0,3.0,0.0,10.0,6.0,0.0,0.0
1630598,22400840,1610612760,24.0,3.0,5.0,0.0,19.0,11.0,0.0,0.0
1631119,22400840,1610612760,0.0,1.0,2.0,0.0,1.0,0.0,0.0,0.0
1627936,22400840,1610612760,5.0,3.0,2.0,0.0,3.0,2.0,0.0,0.0
1629661,22400840,1610612751,19.0,7.0,3.0,0.0,13.0,6.0,4.0,3.0
1630533,22400840,1610612751,18.0,1.0,10.0,1.0,15.0,6.0,2.0,1.0
1630549,22400840,1610612751,25.0,5.0,15.0,3.0,10.0,8.0,7.0,7.0
1630553,22400840,1610612751,16.0,4.0,3.0,1.0,12.0,4.0,4.0,4.0
1630165,22400840,1610612751,19.0,7.0,2.0,0.0,13.0,7.0,0.0,0.0
1630592,22400840,1610612751,7.0,2.0,1.0,0.0,5.0,2.0,2.0,2.0
1641736,22400840,1610612751,2.0,1.0,2.0,0.0,5.0,1.0,0.0,0.0
1630570,22400840,1610612751,3.0,4.0,5.0,0.0,7.0,1.0,2.0,1.0
1641787,22400840,1610612751,9.0,0.0,3.0,0.0,8.0,2.0,4.0,4.0
1631213,22400840,1610612751,3.0,0.0,2.0,0.0,5.0,1.0,0.0,0.0
1628369,22400836,1610612738,27.0,3.0,6.0,0.0,19.0,10.0,4.0,3.0
201143,22400836,1610612738,9.0,2.0,10.0,1.0,10.0,3.0,0.0,0.0
204001,22400836,1610612738,11.0,1.0,2.0,0.0,11.0,4.0,3.0,1.0
1628401,22400836,1610612738,18.0,3.0,3.0,0.0,12.0,6.0,2.0,1.0
201950,22400836,1610612738,4.0,6.0,2.0,0.0,10.0,2.0,0.0,0.0
1630202,22400836,1610612738,18.0,4.0,3.0,0.0,10.0,6.0,1.0,1.0
1641775,22400836,1610612738,0.0,0.0,2.0,0.0,3.0,0.0,0.0,0.0
1630573,22400836,1610612738,3.0,1.0,1.0,0.0,1.0,1.0,0.0,0.0
1629674,22400836,1610612738,0.0,1.0,1.0,0.0,0.0,0.0,0.0,0.0
1631120,22400836,1610612738,3.0,0.0,0.0,0.0,1.0,0.0,3.0,3.0
1630214,22400836,1610612738,0.0,0.0,2.0,0.0,1.0,0.0,0.0,0.0
1641809,22400836,1610612738,3.0,0.0,0.0,0.0,1.0,1.0,0.0,0.0
1631248,22400836,1610612738,1.0,0.0,0.0,0.0,1.0,0.0,2.0,1.0
1641709,22400836,1610612765,7.0,2.0,6.0,0.0,6.0,3.0,2.0,1.0
202699,22400836,1610612765,16.0,2.0,9.0,2.0,10.0,6.0,2.0,2.0
1631105,22400836,1610612765,13.0,2.0,11.0,0.0,7.0,6.0,2.0,1.0
203501,22400836,1610612765,9.0,2.0,4.0,0.0,8.0,3.0,2.0,2.0
1630595,22400836,1610612765,21.0,11.0,4.0,0.0,21.0,9.0,2.0,2.0
1627736,22400836,1610612765,26.0,2.0,5.0,1.0,15.0,10.0,0.0,0.0
1631204,22400836,1610612765,8.0,3.0,1.0,0.0,8.0,3.0,2.0,0.0
1630191,22400836,1610612765,4.0,1.0,5.0,2.0,2.0,1.0,4.0,2.0
1641842,22400836,1610612765,8.0,3.0,3.0,0.0,8.0,4.0,0.0,0.0
1630322,22400836,1610612765,3.0,0.0,0.0,0.0,1.0,1.0,0.0,0.0
1630194,22400836,1610612765,2.0,1.0,3.0,0.0,3.0,1.0,1.0,0.0
1641752,22400836,1610612765,0.0,0.0,0.0,0.0,0.0,0.0,0.0,0.0
1642450,22400836,1610612765,0.0,0.0,0.0,0.0,0.0,0.0,0.0,0.0
1627884,22400842,1610612746,16.0,1.0,4.0,1.0,9.0,6.0,2.0,2.0
202695,22400842,1610612746,17.0,4.0,8.0,1.0,14.0,6.0,2.0,2.0
1627826,22400842,1610612746,10.0,3.0,10.0,2.0,8.0,5.0,2.0,0.0
1627739,22400842,1610612746,5.0,3.0,4.0,0.0,4.0,1.0,2.0,2.0
201935,22400842,1610612746,30.0,6.0,2.0,1.0,20.0,9.0,5.0,5.0
1629599,22400842,1610612746,20.0,1.0,3.0,0.0,11.0,7.0,4.0,4.0
203992,22400842,1610612746,14.0,6.0,0.0,1.0,7.0,5.0,0.0,0.0
1627732,22400842,1610612746,6.0,8.0,8.0,1.0,8.0,3.0,0.0,0.0
201587,22400842,1610612746,0.0,1.0,2.0,2.0,2.0,0.0,0.0,0.0
1629234,22400842,1610612746,4.0,0.0,3.0,1.0,2.0,2.0,0.0,0.0
1628366,22400842,1610612741,15.0,3.0,4.0,1.0,10.0,6.0,1.0,1.0
1641824,22400842,1610612741,5.0,2.0,4.0,0.0,7.0,2.0,0.0,0.0
1628380,22400842,1610612741,21.0,7.0,17.0,0.0,14.0,8.0,5.0,3.0
1629632,22400842,1610612741,19.0,3.0,1.0,0.0,16.0,7.0,1.0,1.0
1630581,22400842,1610612741,21.0,12.0,8.0,0.0,14.0,8.0,2.0,1.0
1628989,22400842,1610612741,13.0,3.0,2.0,0.0,15.0,5.0,0.0,0.0
1631207,22400842,1610612741,5.0,3.0,1.0,0.0,5.0,2.0,2.0,0.0
1641763,22400842,1610612741,2.0,0.0,2.0,0.0,4.0,1.0,0.0,0.0
1630200,22400842,1610612741,16.0,2.0,2.0,0.0,9.0,7.0,0.0,0.0
201942,22400843,1610612758,19.0,8.0,6.0,1.0,14.0,8.0,2.0,2.0
1631099,22400843,1610612758,26.0,2.0,6.0,2.0,16.0,9.0,4.0,3.0
1627734,22400843,1610612758,12.0,5.0,9.0,1.0,12.0,5.0,2.0,2.0
203897,22400843,1610612758,22.0,3.0,8.0,0.0,18.0,9.0,0.0,0.0
1628370,22400843,1610612758,13.0,6.0,9.0,0.0,12.0,5.0,2.0,2.0
1631165,22400843,1610612758,11.0,2.0,1.0,3.0,5.0,4.0,0.0,0.0
1631222,22400843,1610612758,0.0,0.0,0.0,0.0,3.0,0.0,0.0,0.0
202685,22400843,1610612758,15.0,2.0,7.0,0.0,7.0,6.0,2.0,2.0
1628365,22400843,1610612758,0.0,0.0,1.0,0.0,0.0,0.0,0.0,0.0
1641729,22400843,1610612762,12.0,0.0,4.0,0.0,11.0,5.0,0.0,0.0
1630231,22400843,1610612762,16.0,4.0,5.0,0.0,10.0,6.0,2.0,2.0
1631117,22400843,1610612762,25.0,5.0,14.0,0.0,10.0,10.0,7.0,5.0
203903,22400843,1610612762,2.0,6.0,0.0,0.0,14.0,1.0,0.0,0.0
1642268,22400843,1610612762,9.0,7.0,3.0,0.0,6.0,3.0,4.0,1.0
1641718,22400843,1610612762,11.0,5.0,3.0,1.0,12.0,4.0,0.0,0.0
1642262,22400843,1610612762,3.0,0.0,2.0,0.0,7.0,1.0,0.0,0.0
1630531,22400843,1610612762,5.0,2.0,1.0,0.0,4.0,2.0,0.0,0.0
1642271,22400843,1610612762,9.0,3.0,1.0,0.0,5.0,3.0,2.0,0.0
1630548,22400843,1610612762,9.0,0.0,1.0,1.0,5.0,3.0,2.0,1.0
202331,22400838,1610612755,25.0,7.0,8.0,0.0,20.0,9.0,4.0,3.0
1626162,22400838,1610612755,27.0,1.0,5.0,1.0,14.0,9.0,6.0,5.0
203083,22400838,1610612755,7.0,5.0,9.0,1.0,6.0,3.0,2.0,1.0
1629656,22400838,1610612755,3.0,0.0,1.0,1.0,4.0,1.0,0.0,0.0
1630178,22400838,1610612755,30.0,5.0,4.0,1.0,32.0,12.0,6.0,6.0
1642348,22400838,1610612755,6.0,2.0,1.0,0.0,6.0,2.0,0.0,0.0
1641737,22400838,1610612755,5.0,0.0,5.0,1.0,2.0,2.0,2.0,1.0
1629022,22400838,1610612755,2.0,0.0,1.0,1.0,4.0,1.0,0.0,0.0
1641741,22400838,1610612755,0.0,1.0,1.0,0.0,0.0,0.0,0.0,0.0
1628384,22400838,1610612752,16.0,3.0,9.0,0.0,15.0,5.0,5.0,5.0
1628404,22400838,1610612752,7.0,4.0,17.0,1.0,5.0,3.0,4.0,1.0
1630574,22400838,1610612752,8.0,0.0,2.0,1.0,5.0,4.0,0.0,0.0
1628969,22400838,1610612752,28.0,3.0,2.0,1.0,18.0,12.0,2.0,1.0
1628973,22400838,1610612752,34.0,7.0,3.0,0.0,17.0,8.0,16.0,15.0
1630540,22400838,1610612752,6.0,1.0,2.0,1.0,4.0,3.0,0.0,0.0
1630173,22400838,1610612752,7.0,2.0,6.0,4.0,6.0,3.0,2.0,1.0
1629013,22400838,1610612752,0.0,0.0,1.0,0.0,2.0,0.0,0.0,0.0
1626166,22400838,1610612752,4.0,2.0,1.0,0.0,5.0,2.0,0.0,0.0
201142,22400832,1610612756,26.0,7.0,8.0,0.0,19.0,8.0,7.0,7.0
1629626,22400832,1610612756,23.0,1.0,8.0,2.0,11.0,8.0,6.0,5.0
1630208,22400832,1610612756,6.0,0.0,4.0,1.0,7.0,3.0,0.0,0.0
1626164,22400832,1610612756,28.0,10.0,3.0,0.0,20.0,12.0,2.0,2.0
203078,22400832,1610612756,24.0,11.0,5.0,1.0,20.0,9.0,2.0,2.0
203486,22400832,1610612756,7.0,3.0,7.0,1.0,3.0,3.0,2.0,1.0
1626220,22400832,1610612756,10.0,1.0,4.0,0.0,5.0,3.0,2.0,1.0
1628960,22400832,1610612756,21.0,3.0,3.0,1.0,10.0,6.0,5.0,3.0
1626145,22400832,1610612756,3.0,3.0,3.0,0.0,3.0,1.0,0.0,0.0
1642346,22400832,1610612756,0.0,0.0,1.0,0.0,1.0,0.0,0.0,0.0
1642377,22400832,1610612763,19.0,2.0,5.0,0.0,12.0,7.0,0.0,0.0
1628991,22400832,1610612763,28.0,1.0,6.0,2.0,13.0,11.0,5.0,3.0
1641744,22400832,1610612763,8.0,1.0,8.0,1.0,4.0,3.0,2.0,2.0
1630217,22400832,1610612763,25.0,9.0,3.0,0.0,15.0,8.0,6.0,6.0
1629630,22400832,1610612763,29.0,8.0,4.0,0.0,25.0,7.0,14.0,14.0
1630583,22400832,1610612763,17.0,5.0,6.0,0.0,9.0,6.0,0.0,0.0
1641713,22400832,1610612763,0.0,3.0,1.0,0.0,0.0,0.0,0.0,0.0
1629634,22400832,1610612763,14.0,2.0,5.0,1.0,10.0,6.0,3.0,2.0
1631246,22400832,1610612763,5.0,0.0,0.0,0.0,6.0,2.0,0.0,0.0
1628379,22400832,1610612763,6.0,5.0,0.0,0.0,5.0,2.0,0.0,0.0
1628398,22400831,1610612749,9.0,1.0,6.0,0.0,10.0,4.0,1.0,0.0
203507,22400831,1610612749,27.0,6.0,10.0,1.0,17.0,9.0,12.0,9.0
201572,22400831,1610612749,12.0,3.0,8.0,3.0,10.0,4.0,3.0,3.0
1627752,22400831,1610612749,6.0,5.0,2.0,0.0,5.0,2.0,0.0,0.0
203081,22400831,1610612749,22.0,3.0,1.0,0.0,22.0,7.0,5.0,4.0
1631260,22400831,1610612749,12.0,1.0,5.0,0.0,8.0,4.0,0.0,0.0
1629018,22400831,1610612749,5.0,0.0,2.0,0.0,6.0,2.0,2.0,1.0
1630579,22400831,1610612749,0.0,0.0,3.0,1.0,0.0,0.0,0.0,0.0
1629645,22400831,1610612749,4.0,0.0,0.0,0.0,7.0,2.0,0.0,0.0
1641748,22400831,1610612749,0.0,0.0,0.0,0.0,0.0,0.0,0.0,0.0
1628415,22400831,1610612745,16.0,4.0,8.0,1.0,13.0,6.0,0.0,0.0
1631106,22400831,1610612745,12.0,1.0,6.0,1.0,12.0,5.0,0.0,0.0
1630578,22400831,1610612745,23.0,3.0,11.0,3.0,16.0,8.0,9.0,7.0
1630224,22400831,1610612745,25.0,3.0,8.0,0.0,20.0,9.0,2.0,2.0
1641708,22400831,1610612745,9.0,6.0,9.0,2.0,8.0,4.0,2.0,1.0
1631095,22400831,1610612745,13.0,0.0,8.0,0.0,10.0,4.0,4.0,4.0
201145,22400831,1610612745,2.0,1.0,0.0,1.0,4.0,1.0,0.0,0.0
1629111,22400831,1610612745,0.0,0.0,1.0,0.0,4.0,0.0,0.0,0.0
1628988,22400831,1610612745,0.0,0.0,2.0,1.0,2.0,0.0,1.0,0.0
1630256,22400831,1610612745,0.0,0.0,0.0,0.0,2.0,0.0,0.0,0.0
203500,22400831,1610612745,0.0,0.0,0.0,0.0,0.0,0.0,0.0,0.0
202691,22400835,1610612742,22.0,1.0,8.0,0.0,17.0,8.0,2.0,1.0
1629023,22400835,1610612742,0.0,5.0,10.0,4.0,9.0,0.0,0.0,0.0
1630556,22400835,1610612742,4.0,0.0,3.0,0.0,5.0,2.0,0.0,0.0
1631108,22400835,1610612742,10.0,6.0,1.0,1.0,13.0,4.0,0.0,0.0
202681,22400835,1610612742,35.0,4.0,7.0,2.0,27.0,12.0,6.0,6.0
203915,22400835,1610612742,9.0,3.0,1.0,1.0,8.0,3.0,1.0,1.0
203957,22400835,1610612742,8.0,1.0,3.0,0.0,9.0,3.0,0.0,0.0
1630230,22400835,1610612742,9.0,3.0,5.0,1.0,7.0,2.0,4.0,4.0
1641765,22400835,1610612742,0.0,0.0,2.0,1.0,1.0,0.0,0.0,0.0
203939,22400835,1610612742,2.0,0.0,5.0,1.0,2.0,1.0,0.0,0.0
1629060,22400835,1610612747,15.0,0.0,6.0,2.0,12.0,6.0,2.0,1.0
2544,22400835,1610612747,27.0,3.0,12.0,0.0,17.0,11.0,4.0,3.0
1629637,22400835,1610612747,8.0,0.0,8.0,2.0,5.0,4.0,0.0,0.0
1630559,22400835,1610612747,20.0,5.0,3.0,0.0,12.0,5.0,8.0,7.0
1629029,22400835,1610612747,19.0,12.0,15.0,2.0,17.0,6.0,8.0,6.0
1627827,22400835,1610612747,2.0,2.0,8.0,1.0,6.0,1.0,0.0,0.0
1629216,22400835,1610612747,2.0,0.0,0.0,0.0,6.0,1.0,0.0,0.0
1629020,22400835,1610612747,8.0,2.0,3.0,0.0,5.0,3.0,0.0,0.0
1630692,22400835,1610612747,1.0,0.0,2.0,1.0,2.0,0.0,2.0,1.0
1642261,22400835,1610612747,5.0,0.0,0.0,0.0,5.0,2.0,0.0,0.0
1630573,22400829,1610612738,10.0,0.0,5.0,1.0,6.0,4.0,0.0,0.0
1628369,22400829,1610612738,19.0,11.0,6.0,0.0,18.0,7.0,2.0,2.0
1628470,22400829,1610612738,4.0,0.0,3.0,0.0,7.0,2.0,0.0,0.0
1627759,22400829,1610612738,24.0,4.0,5.0,0.0,18.0,10.0,4.0,4.0
1628401,22400829,1610612738,22.0,5.0,3.0,2.0,15.0,7.0,2.0,2.0
1629674,22400829,1610612738,8.0,0.0,5.0,1.0,6.0,4.0,0.0,0.0
1630202,22400829,1610612738,20.0,2.0,7.0,0.0,17.0,8.0,0.0,0.0
1641775,22400829,1610612738,2.0,1.0,2.0,0.0,1.0,1.0,0.0,0.0
1631248,22400829,1610612738,2.0,0.0,2.0,0.0,4.0,1.0,0.0,0.0
1631120,22400829,1610612738,0.0,1.0,1.0,0.0,1.0,0.0,0.0,0.0
1629628,22400829,1610612761,22.0,3.0,8.0,0.0,16.0,10.0,2.0,1.0
1630567,22400829,1610612761,21.0,6.0,3.0,0.0,14.0,7.0,9.0,7.0
1642367,22400829,1610612761,4.0,2.0,4.0,0.0,4.0,2.0,0.0,0.0
1641711,22400829,1610612761,12.0,1.0,5.0,0.0,10.0,4.0,2.0,2.0
1630193,22400829,1610612761,10.0,7.0,6.0,0.0,13.0,4.0,3.0,2.0
1630534,22400829,1610612761,8.0,1.0,5.0,0.0,5.0,3.0,0.0,0.0
1642347,22400829,1610612761,6.0,6.0,2.0,1.0,5.0,3.0,0.0,0.0
1631115,22400829,1610612761,4.0,1.0,2.0,0.0,2.0,2.0,0.0,0.0
1642266,22400829,1610612761,6.0,0.0,3.0,0.0,8.0,3.0,0.0,0.0
1628449,22400829,1610612761,8.0,0.0,2.0,0.0,6.0,4.0,0.0,0.0
1630170,22400833,1610612759,20.0,3.0,5.0,0.0,16.0,6.0,6.0,6.0
203084,22400833,1610612759,15.0,2.0,5.0,0.0,9.0,4.0,4.0,3.0
202687,22400833,1610612759,10.0,1.0,12.0,0.0,7.0,5.0,0.0,0.0
1628368,22400833,1610612759,15.0,9.0,3.0,0.0,21.0,6.0,3.0,2.0
101108,22400833,1610612759,12.0,10.0,0.0,1.0,7.0,4.0,1.0,1.0
1642264,22400833,1610612759,4.0,0.0,4.0,0.0,4.0,1.0,2.0,1.0
1629640,22400833,1610612759,11.0,0.0,4.0,0.0,7.0,4.0,2.0,1.0
1630572,22400833,1610612759,2.0,1.0,1.0,1.0,6.0,1.0,0.0,0.0
1631110,22400833,1610612759,12.0,2.0,9.0,2.0,11.0,6.0,0.0,0.0
1630577,22400833,1610612759,2.0,1.0,2.0,0.0,5.0,1.0,0.0,0.0
1629627,22400833,1610612740,18.0,3.0,6.0,0.0,15.0,8.0,3.0,2.0
203482,22400833,1610612740,6.0,3.0,12.0,1.0,6.0,1.0,5.0,4.0
1642274,22400833,1610612740,10.0,0.0,11.0,1.0,8.0,4.0,2.0,2.0
1630530,22400833,1610612740,24.0,4.0,4.0,2.0,21.0,9.0,4.0,3.0
203468,22400833,1610612740,13.0,5.0,4.0,0.0,14.0,5.0,2.0,2.0
1628971,22400833,1610612740,8.0,6.0,6.0,0.0,8.0,3.0,3.0,2.0
1641722,22400833,1610612740,12.0,0.0,4.0,1.0,13.0,5.0,1.0,1.0
1630631,22400833,1610612740,7.0,4.0,5.0,0.0,5.0,3.0,1.0,1.0
1631255,22400833,1610612740,8.0,0.0,2.0,0.0,2.0,2.0,4.0,3.0
1641810,22400833,1610612740,3.0,0.0,0.0,1.0,2.0,1.0,0.0,0.0
1629622,22400830,1610612739,17.0,2.0,1.0,0.0,9.0,6.0,0.0,0.0
1630596,22400830,1610612739,17.0,2.0,8.0,2.0,9.0,6.0,6.0,4.0
1628386,22400830,1610612739,8.0,1.0,7.0,1.0,7.0,4.0,0.0,0.0
1630171,22400830,1610612739,8.0,2.0,4.0,1.0,4.0,2.0,2.0,2.0
1628378,22400830,1610612739,11.0,5.0,3.0,0.0,12.0,5.0,0.0,0.0
1629631,22400830,1610612739,17.0,2.0,3.0,0.0,8.0,5.0,4.0,3.0
1630241,22400830,1610612739,5.0,1.0,2.0,0.0,4.0,1.0,2.0,2.0
1629660,22400830,1610612739,20.0,2.0,2.0,0.0,12.0,7.0,2.0,2.0
1629731,22400830,1610612739,5.0,2.0,7.0,0.0,3.0,2.0,0.0,0.0
1641854,22400830,1610612739,2.0,5.0,2.0,1.0,3.0,1.0,0.0,0.0
1642281,22400830,1610612739,4.0,1.0,2.0,0.0,3.0,2.0,0.0,0.0
1629750,22400830,1610612739,4.0,0.0,3.0,0.0,2.0,2.0,0.0,0.0
202684,22400830,1610612739,2.0,0.0,1.0,0.0,1.0,1.0,0.0,0.0
1641772,22400830,1610612739,2.0,0.0,2.0,0.0,3.0,1.0,0.0,0.0
1630532,22400830,1610612753,19.0,4.0,5.0,1.0,21.0,9.0,0.0,0.0
1631094,22400830,1610612753,26.0,4.0,5.0,1.0,22.0,9.0,9.0,7.0
1628976,22400830,1610612753,9.0,1.0,6.0,1.0,10.0,4.0,1.0,1.0
203484,22400830,1610612753,9.0,2.0,0.0,0.0,5.0,4.0,0.0,0.0
1630175,22400830,1610612753,6.0,4.0,5.0,0.0,6.0,2.0,0.0,0.0
203914,22400830,1610612753,0.0,0.0,0.0,0.0,3.0,0.0,0.0,0.0
1641783,22400830,1610612753,0.0,1.0,2.0,1.0,5.0,0.0,0.0,0.0
1641710,22400830,1610612753,2.0,2.0,4.0,1.0,5.0,1.0,0.0,0.0
1628371,22400830,1610612753,2.0,1.0,5.0,0.0,3.0,0.0,2.0,2.0
1629048,22400830,1610612753,1.0,0.0,1.0,1.0,0.0,0.0,2.0,1.0
1641724,22400830,1610612753,2.0,1.0,2.0,1.0,3.0,1.0,0.0,0.0
1630243,22400830,1610612753,4.0,0.0,0.0,1.0,5.0,2.0,0.0,0.0
1631216,22400830,1610612753,2.0,1.0,0.0,0.0,2.0,1.0,0.0,0.0
1630182,22400834,1610612766,6.0,3.0,1.0,1.0,4.0,2.0,0.0,0.0
1628970,22400834,1610612766,9.0,2.0,7.0,0.0,11.0,2.0,6.0,5.0
1631109,22400834,1610612766,12.0,0.0,12.0,3.0,12.0,6.0,0.0,0.0
1641733,22400834,1610612766,9.0,2.0,2.0,1.0,11.0,3.0,2.0,2.0
1642354,22400834,1610612766,16.0,2.0,6.0,0.0,18.0,7.0,1.0,1.0
1631111,22400834,1610612766,12.0,0.0,10.0,0.0,8.0,5.0,0.0,0.0
1641878,22400834,1610612766,9.0,5.0,5.0,0.0,13.0,2.0,4.0,4.0
1631217,22400834,1610612766,5.0,3.0,5.0,2.0,2.0,1.0,4.0,3.0
203552,22400834,1610612766,14.0,1.0,2.0,1.0,10.0,5.0,1.0,0.0
202710,22400834,1610612744,6.0,5.0,8.0,0.0,8.0,3.0,1.0,0.0
1630541,22400834,1610612744,13.0,1.0,1.0,0.0,5.0,4.0,2.0,2.0
203110,22400834,1610612744,15.0,6.0,6.0,2.0,12.0,6.0,2.0,2.0
1641764,22400834,1610612744,10.0,2.0,5.0,0.0,6.0,4.0,2.0,2.0
201939,22400834,1610612744,15.0,6.0,4.0,0.0,14.0,6.0,1.0,1.0
1627780,22400834,1610612744,14.0,4.0,2.0,0.0,9.0,6.0,0.0,0.0
1627741,22400834,1610612744,16.0,1.0,2.0,0.0,11.0,6.0,1.0,0.0
1626172,22400834,1610612744,4.0,1.0,3.0,1.0,3.0,1.0,2.0,2.0
1630611,22400834,1610612744,3.0,6.0,5.0,0.0,5.0,1.0,1.0,1.0
1642366,22400834,1610612744,8.0,2.0,3.0,0.0,8.0,3.0,2.0,1.0
1628995,22400834,1610612744,12.0,3.0,5.0,2.0,7.0,4.0,2.0,2.0
1630311,22400834,1610612744,6.0,0.0,5.0,0.0,9.0,3.0,0.0,0.0
1641879,22400834,1610612744,0.0,3.0,1.0,0.0,0.0,0.0,0.0,0.0
1642050,22400834,1610612744,6.0,0.0,1.0,0.0,3.0,2.0,2.0,2.0
1628366,22400823,1610612741,6.0,1.0,2.0,0.0,2.0,2.0,0.0,0.0
1641824,22400823,1610612741,17.0,5.0,3.0,1.0,17.0,6.0,4.0,4.0
1628380,22400823,1610612741,19.0,1.0,5.0,1.0,10.0,6.0,6.0,6.0
1628989,22400823,1610612741,23.0,4.0,0.0,0.0,12.0,8.0,0.0,0.0
1630581,22400823,1610612741,25.0,6.0,16.0,3.0,11.0,8.0,6.0,6.0
1629632,22400823,1610612741,15.0,6.0,5.0,0.0,13.0,5.0,3.0,3.0
1641763,22400823,1610612741,8.0,0.0,3.0,0.0,8.0,2.0,6.0,4.0
1631207,22400823,1610612741,17.0,3.0,4.0,1.0,8.0,6.0,5.0,5.0
1630200,22400823,1610612741,4.0,5.0,4.0,0.0,1.0,0.0,4.0,4.0
1628975,22400823,1610612741,8.0,0.0,0.0,0.0,4.0,2.0,2.0,2.0
1629659,22400823,1610612741,0.0,1.0,2.0,0.0,3.0,0.0,0.0,0.0
1626162,22400823,1610612755,19.0,1.0,8.0,0.0,13.0,7.0,6.0,5.0
202331,22400823,1610612755,19.0,2.0,2.0,2.0,16.0,8.0,2.0,1.0
1627824,22400823,1610612755,0.0,1.0,1.0,0.0,4.0,0.0,0.0,0.0
1629656,22400823,1610612755,9.0,1.0,3.0,1.0,8.0,3.0,0.0,0.0
1630178,22400823,1610612755,13.0,2.0,0.0,1.0,10.0,3.0,7.0,6.0
203083,22400823,1610612755,10.0,0.0,8.0,0.0,3.0,1.0,8.0,8.0
1629022,22400823,1610612755,5.0,3.0,7.0,0.0,11.0,2.0,0.0,0.0
1641741,22400823,1610612755,12.0,2.0,4.0,0.0,9.0,4.0,4.0,4.0
1641737,22400823,1610612755,4.0,0.0,6.0,1.0,2.0,1.0,2.0,2.0
1631223,22400823,1610612755,12.0,1.0,3.0,0.0,11.0,5.0,0.0,0.0
1630215,22400823,1610612755,7.0,5.0,4.0,0.0,5.0,3.0,0.0,0.0
1630288,22400823,1610612755,0.0,1.0,1.0,0.0,3.0,0.0,0.0,0.0
203992,22400821,1610612746,13.0,5.0,4.0,0.0,19.0,6.0,0.0,0.0
201587,22400821,1610612746,9.0,1.0,3.0,0.0,5.0,3.0,0.0,0.0
1627826,22400821,1610612746,13.0,5.0,15.0,3.0,11.0,6.0,3.0,1.0
1627739,22400821,1610612746,13.0,4.0,5.0,0.0,10.0,6.0,0.0,0.0
201935,22400821,1610612746,18.0,5.0,12.0,0.0,22.0,5.0,8.0,5.0
1629599,22400821,1610612746,10.0,3.0,4.0,0.0,8.0,3.0,3.0,3.0
1629234,22400821,1610612746,0.0,0.0,2.0,0.0,2.0,0.0,0.0,0.0
1627884,22400821,1610612746,15.0,1.0,3.0,0.0,11.0,6.0,5.0,3.0
201988,22400821,1610612746,6.0,0.0,0.0,0.0,4.0,2.0,0.0,0.0
1641738,22400821,1610612746,0.0,0.0,0.0,0.0,0.0,0.0,0.0,0.0
1641709,22400821,1610612765,10.0,3.0,3.0,2.0,7.0,5.0,0.0,0.0
202699,22400821,1610612765,20.0,2.0,5.0,0.0,13.0,9.0,1.0,0.0
1631105,22400821,1610612765,12.0,2.0,19.0,1.0,9.0,4.0,6.0,4.0
203501,22400821,1610612765,6.0,2.0,2.0,1.0,7.0,2.0,2.0,2.0
1630595,22400821,1610612765,32.0,7.0,9.0,0.0,22.0,9.0,12.0,10.0
1627736,22400821,1610612765,9.0,1.0,0.0,0.0,10.0,3.0,0.0,0.0
1630191,22400821,1610612765,3.0,1.0,4.0,2.0,2.0,1.0,2.0,1.0
203471,22400821,1610612765,7.0,4.0,2.0,1.0,6.0,1.0,8.0,5.0
1641842,22400821,1610612765,7.0,0.0,2.0,0.0,3.0,2.0,5.0,3.0
203924,22400827,1610612757,20.0,3.0,4.0,1.0,15.0,6.0,4.0,3.0
1641739,22400827,1610612757,8.0,3.0,8.0,1.0,11.0,4.0,0.0,0.0
1642270,22400827,1610612757,7.0,1.0,13.0,2.0,4.0,2.0,4.0,3.0
1630166,22400827,1610612757,18.0,5.0,14.0,0.0,15.0,5.0,11.0,7.0
1629014,22400827,1610612757,28.0,6.0,2.0,0.0,23.0,10.0,5.0,5.0
1630703,22400827,1610612757,17.0,6.0,5.0,0.0,15.0,7.0,0.0,0.0
1631133,22400827,1610612757,4.0,1.0,2.0,0.0,2.0,2.0,0.0,0.0
1631101,22400827,1610612757,12.0,0.0,2.0,0.0,13.0,5.0,0.0,0.0
1630625,22400827,1610612757,0.0,1.0,1.0,1.0,0.0,0.0,0.0,0.0
1631200,22400827,1610612757,0.0,0.0,0.0,1.0,0.0,0.0,0.0,0.0
1630548,22400827,1610612762,5.0,0.0,0.0,0.0,7.0,2.0,0.0,0.0
1630231,22400827,1610612762,9.0,2.0,5.0,1.0,8.0,4.0,1.0,1.0
1642271,22400827,1610612762,20.0,5.0,11.0,1.0,11.0,6.0,6.0,4.0
1641729,22400827,1610612762,21.0,1.0,4.0,0.0,12.0,7.0,3.0,3.0
1642268,22400827,1610612762,6.0,4.0,3.0,0.0,9.0,2.0,2.0,1.0
1642262,22400827,1610612762,8.0,5.0,8.0,0.0,9.0,4.0,0.0,0.0
1630695,22400827,1610612762,12.0,1.0,7.0,0.0,6.0,4.0,2.0,2.0
1641718,22400827,1610612762,21.0,5.0,5.0,0.0,22.0,6.0,5.0,5.0
1629004,22400827,1610612762,10.0,1.0,2.0,0.0,14.0,4.0,0.0,0.0
1630182,22400828,1610612766,3.0,1.0,0.0,0.0,5.0,1.0,2.0,1.0
1628970,22400828,1610612766,23.0,1.0,6.0,1.0,19.0,9.0,2.0,1.0
203994,22400828,1610612766,12.0,3.0,9.0,1.0,6.0,4.0,4.0,3.0
1641733,22400828,1610612766,13.0,2.0,1.0,0.0,15.0,5.0,0.0,0.0
1630163,22400828,1610612766,13.0,9.0,6.0,0.0,13.0,3.0,6.0,6.0
203901,22400828,1610612766,0.0,3.0,2.0,1.0,2.0,0.0,0.0,0.0
1642275,22400828,1610612766,4.0,0.0,3.0,1.0,5.0,1.0,2.0,2.0
1631217,22400828,1610612766,12.0,0.0,7.0,0.0,10.0,5.0,4.0,2.0
1641878,22400828,1610612766,4.0,4.0,2.0,0.0,8.0,1.0,2.0,1.0
1631111,22400828,1610612766,4.0,1.0,1.0,0.0,2.0,1.0,2.0,2.0
201942,22400828,1610612758,18.0,3.0,7.0,0.0,12.0,4.0,8.0,8.0
1631099,22400828,1610612758,10.0,0.0,5.0,0.0,9.0,4.0,0.0,0.0
1627734,22400828,1610612758,7.0,7.0,10.0,0.0,7.0,3.0,2.0,1.0
203897,22400828,1610612758,42.0,2.0,3.0,0.0,19.0,16.0,3.0,2.0
1628370,22400828,1610612758,13.0,10.0,4.0,2.0,14.0,5.0,1.0,1.0
1631165,22400828,1610612758,6.0,0.0,0.0,0.0,2.0,2.0,0.0,0.0
202685,22400828,1610612758,6.0,1.0,8.0,1.0,4.0,2.0,2.0,2.0
1631222,22400828,1610612758,0.0,5.0,2.0,0.0,0.0,0.0,0.0,0.0
1628365,22400828,1610612758,5.0,1.0,3.0,0.0,7.0,2.0,0.0,0.0
1626168,22400828,1610612758,8.0,1.0,4.0,0.0,3.0,3.0,0.0,0.0
203926,22400828,1610612758,0.0,0.0,0.0,0.0,0.0,0.0,0.0,0.0
1642269,22400828,1610612758,9.0,0.0,1.0,0.0,5.0,3.0,2.0,2.0
1642384,22400828,1610612758,2.0,0.0,2.0,1.0,2.0,1.0,0.0,0.0
1630222,22400828,1610612758,4.0,0.0,0.0,0.0,3.0,2.0,0.0,0.0
1629008,22400822,1610612743,19.0,3.0,11.0,0.0,16.0,9.0,0.0,0.0
203932,22400822,1610612743,25.0,2.0,5.0,0.0,17.0,11.0,1.0,1.0
203999,22400822,1610612743,18.0,19.0,9.0,1.0,14.0,9.0,0.0,0.0
1631128,22400822,1610612743,17.0,1.0,8.0,0.0,11.0,7.0,3.0,3.0
1627750,22400822,1610612743,16.0,6.0,1.0,0.0,12.0,6.0,0.0,0.0
201566,22400822,1610612743,7.0,5.0,3.0,0.0,8.0,2.0,4.0,3.0
1630192,22400822,1610612743,14.0,0.0,3.0,2.0,8.0,6.0,2.0,1.0
1631124,22400822,1610612743,4.0,2.0,1.0,0.0,4.0,1.0,2.0,2.0
201599,22400822,1610612743,1.0,0.0,5.0,1.0,1.0,0.0,2.0,1.0
1629618,22400822,1610612743,4.0,1.0,0.0,0.0,3.0,2.0,0.0,0.0
1630174,22400822,1610612754,17.0,0.0,4.0,2.0,10.0,5.0,5.0,5.0
1627783,22400822,1610612754,19.0,2.0,9.0,0.0,18.0,7.0,6.0,3.0
1626167,22400822,1610612754,23.0,2.0,2.0,1.0,18.0,7.0,8.0,7.0
1629614,22400822,1610612754,6.0,5.0,2.0,0.0,5.0,3.0,0.0,0.0
1630169,22400822,1610612754,19.0,15.0,1.0,0.0,11.0,6.0,2.0,2.0
1628418,22400822,1610612754,6.0,0.0,1.0,0.0,4.0,2.0,2.0,1.0
1630167,22400822,1610612754,11.0,2.0,3.0,0.0,8.0,4.0,2.0,2.0
1641767,22400822,1610612754,7.0,1.0,7.0,0.0,4.0,3.0,0.0,0.0
1631097,22400822,1610612754,8.0,2.0,3.0,0.0,7.0,3.0,2.0,2.0
203952,22400825,1610612748,23.0,1.0,4.0,3.0,14.0,6.0,7.0,7.0
1628389,22400825,1610612748,14.0,1.0,5.0,0.0,13.0,5.0,4.0,4.0
1642276,22400825,1610612748,8.0,3.0,15.0,1.0,7.0,4.0,1.0,0.0
1629639,22400825,1610612748,11.0,3.0,6.0,0.0,19.0,4.0,3.0,3.0
1630558,22400825,1610612748,6.0,2.0,1.0,0.0,6.0,3.0,0.0,0.0
1629130,22400825,1610612748,3.0,2.0,3.0,0.0,6.0,1.0,0.0,0.0
203937,22400825,1610612748,14.0,2.0,5.0,0.0,4.0,2.0,10.0,9.0
202692,22400825,1610612748,5.0,1.0,5.0,0.0,12.0,1.0,2.0,2.0
1631170,22400825,1610612748,2.0,0.0,1.0,0.0,3.0,1.0,0.0,0.0
1642258,22400825,1610612737,2.0,1.0,3.0,0.0,8.0,1.0,0.0,0.0
1631243,22400825,1610612737,9.0,3.0,3.0,1.0,6.0,4.0,0.0,0.0
1630168,22400825,1610612737,17.0,3.0,8.0,0.0,10.0,7.0,2.0,1.0
1630700,22400825,1610612737,10.0,2.0,11.0,0.0,12.0,5.0,0.0,0.0
1629027,22400825,1610612737,11.0,14.0,3.0,1.0,14.0,4.0,3.0,3.0
1627777,22400825,1610612737,11.0,1.0,5.0,0.0,9.0,4.0,0.0,0.0
1627747,22400825,1610612737,15.0,2.0,4.0,0.0,12.0,5.0,4.0,4.0
1629611,22400825,1610612737,15.0,2.0,2.0,0.0,9.0,6.0,3.0,1.0
203991,22400825,1610612737,8.0,1.0,11.0,0.0,8.0,4.0,0.0,0.0
1629661,22400824,1610612751,17.0,1.0,4.0,1.0,13.0,5.0,5.0,5.0
1630533,22400824,1610612751,19.0,0.0,5.0,0.0,10.0,6.0,2.0,2.0
1629651,22400824,1610612751,8.0,2.0,5.0,1.0,8.0,4.0,0.0,0.0
1630553,22400824,1610612751,9.0,5.0,2.0,1.0,11.0,4.0,0.0,0.0
1630165,22400824,1610612751,7.0,8.0,3.0,1.0,7.0,2.0,2.0,2.0
1630592,22400824,1610612751,6.0,2.0,2.0,0.0,9.0,2.0,1.0,0.0
1630549,22400824,1610612751,7.0,2.0,6.0,0.0,4.0,2.0,6.0,3.0
1641736,22400824,1610612751,0.0,1.0,0.0,0.0,1.0,0.0,0.0,0.0
1630570,22400824,1610612751,11.0,3.0,7.0,0.0,8.0,4.0,4.0,3.0
1631213,22400824,1610612751,15.0,1.0,5.0,0.0,13.0,4.0,4.0,4.0
203114,22400824,1610612764,7.0,5.0,3.0,1.0,6.0,2.0,2.0,2.0
1642273,22400824,1610612764,12.0,5.0,3.0,3.0,9.0,4.0,2.0,2.0
1626158,22400824,1610612764,11.0,4.0,6.0,3.0,3.0,3.0,5.0,5.0
1641731,22400824,1610612764,20.0,2.0,5.0,0.0,14.0,7.0,3.0,3.0
1629673,22400824,1610612764,26.0,2.0,4.0,0.0,13.0,8.0,5.0,5.0
1642267,22400824,1610612764,5.0,2.0,1.0,0.0,8.0,2.0,0.0,0.0
1630557,22400824,1610612764,4.0,3.0,3.0,0.0,3.0,1.0,2.0,2.0
1641774,22400824,1610612764,6.0,0.0,4.0,1.0,3.0,2.0,2.0,2.0
203935,22400824,1610612764,10.0,2.0,1.0,0.0,6.0,4.0,2.0,2.0
1630551,22400824,1610612764,6.0,1.0,7.0,0.0,5.0,2.0,2.0,1.0
1629667,22400824,1610612764,0.0,0.0,0.0,0.0,0.0,0.0,0.0,0.0
1641740,22400826,1610612750,5.0,2.0,1.0,0.0,3.0,1.0,2.0,2.0
1630183,22400826,1610612750,27.0,4.0,10.0,0.0,16.0,9.0,9.0,9.0
1629675,22400826,1610612750,22.0,3.0,11.0,0.0,21.0,7.0,6.0,6.0
1630162,22400826,1610612750,17.0,8.0,13.0,1.0,15.0,5.0,10.0,6.0
201144,22400826,1610612750,8.0,1.0,0.0,0.0,5.0,3.0,0.0,0.0
1629638,22400826,1610612750,21.0,3.0,5.0,1.0,12.0,7.0,6.0,5.0
1630568,22400826,1610612750,2.0,0.0,0.0,1.0,4.0,1.0,0.0,0.0
1642265,22400826,1610612750,12.0,5.0,4.0,0.0,10.0,4.0,3.0,3.0
1630545,22400826,1610612750,17.0,1.0,10.0,2.0,10.0,7.0,3.0,3.0
204060,22400826,1610612750,0.0,2.0,0.0,0.0,1.0,0.0,0.0,0.0
1629652,22400826,1610612760,5.0,1.0,3.0,1.0,10.0,2.0,2.0,0.0
1631114,22400826,1610612760,27.0,6.0,6.0,1.0,23.0,10.0,6.0,5.0
1628392,22400826,1610612760,4.0,2.0,5.0,1.0,4.0,1.0,2.0,2.0
1641717,22400826,1610612760,12.0,1.0,6.0,0.0,11.0,5.0,0.0,0.0
1628983,22400826,1610612760,39.0,8.0,10.0,0.0,20.0,11.0,17.0,14.0
1630598,22400826,1610612760,19.0,0.0,7.0,1.0,16.0,8.0,2.0,2.0
1631119,22400826,1610612760,6.0,2.0,6.0,1.0,3.0,2.0,0.0,0.0
1630198,22400826,1610612760,9.0,2.0,3.0,1.0,7.0,3.0,0.0,0.0
1627936,22400826,1610612760,5.0,4.0,4.0,2.0,8.0,2.0,0.0,0.0
1629026,22400826,1610612760,2.0,1.0,3.0,0.0,4.0,1.0,0.0,0.0
1630551,22400815,1610612764,6.0,0.0,6.0,1.0,7.0,1.0,3.0,3.0
1642273,22400815,1610612764,9.0,3.0,2.0,1.0,10.0,3.0,2.0,0.0
1626158,22400815,1610612764,11.0,1.0,10.0,2.0,6.0,5.0,2.0,1.0
1641731,22400815,1610612764,11.0,6.0,2.0,0.0,11.0,4.0,3.0,3.0
1629673,22400815,1610612764,16.0,4.0,3.0,0.0,16.0,6.0,2.0,1.0
1642267,22400815,1610612764,13.0,4.0,5.0,0.0,9.0,5.0,3.0,3.0
1630557,22400815,1610612764,9.0,1.0,1.0,0.0,12.0,3.0,3.0,2.0
1641774,22400815,1610612764,12.0,2.0,5.0,0.0,6.0,4.0,4.0,3.0
1630264,22400815,1610612764,3.0,0.0,2.0,0.0,1.0,1.0,0.0,0.0
1629667,22400815,1610612764,0.0,1.0,0.0,0.0,0.0,0.0,0.0,0.0
1630532,22400815,1610612753,23.0,5.0,7.0,0.0,22.0,11.0,0.0,0.0
1631094,22400815,1610612753,19.0,5.0,5.0,1.0,12.0,5.0,9.0,8.0
1628976,22400815,1610612753,11.0,2.0,9.0,1.0,7.0,5.0,1.0,0.0
203484,22400815,1610612753,5.0,1.0,1.0,1.0,6.0,2.0,1.0,1.0
1630175,22400815,1610612753,5.0,1.0,1.0,0.0,9.0,1.0,2.0,2.0
203914,22400815,1610612753,0.0,1.0,2.0,0.0,3.0,0.0,0.0,0.0
1629048,22400815,1610612753,11.0,3.0,9.0,0.0,5.0,4.0,4.0,3.0
1641710,22400815,1610612753,23.0,3.0,7.0,1.0,12.0,7.0,5.0,5.0
1628371,22400815,1610612753,0.0,1.0,4.0,0.0,2.0,0.0,0.0,0.0
1641783,22400815,1610612753,3.0,0.0,0.0,0.0,2.0,1.0,0.0,0.0
1631216,22400815,1610612753,3.0,0.0,1.0,0.0,1.0,1.0,0.0,0.0
1641724,22400815,1610612753,5.0,3.0,1.0,0.0,5.0,2.0,0.0,0.0
202709,22400815,1610612753,0.0,0.0,0.0,0.0,1.0,0.0,0.0,0.0
1630243,22400815,1610612753,2.0,0.0,0.0,1.0,3.0,1.0,0.0,0.0
203952,22400817,1610612748,20.0,4.0,6.0,1.0,20.0,7.0,7.0,5.0
1628389,22400817,1610612748,24.0,1.0,7.0,0.0,16.0,10.0,3.0,2.0
1642276,22400817,1610612748,12.0,4.0,12.0,1.0,10.0,6.0,0.0,0.0
1629639,22400817,1610612748,40.0,11.0,7.0,0.0,27.0,12.0,14.0,13.0
1630558,22400817,1610612748,5.0,5.0,4.0,1.0,4.0,2.0,0.0,0.0
1631107,22400817,1610612748,7.0,0.0,2.0,0.0,4.0,3.0,0.0,0.0
1629130,22400817,1610612748,3.0,0.0,4.0,0.0,3.0,1.0,0.0,0.0
1626179,22400817,1610612748,2.0,0.0,2.0,0.0,4.0,0.0,2.0,2.0
203937,22400817,1610612748,0.0,0.0,2.0,0.0,0.0,0.0,0.0,0.0
1628398,22400817,1610612749,16.0,3.0,3.0,0.0,12.0,5.0,5.0,4.0
203507,22400817,1610612749,23.0,7.0,16.0,1.0,18.0,11.0,0.0,0.0
201572,22400817,1610612749,17.0,1.0,4.0,2.0,11.0,6.0,3.0,3.0
1627752,22400817,1610612749,2.0,0.0,1.0,0.0,4.0,1.0,0.0,0.0
203081,22400817,1610612749,28.0,8.0,3.0,0.0,17.0,9.0,6.0,5.0
1631260,22400817,1610612749,5.0,2.0,1.0,0.0,6.0,2.0,0.0,0.0
1629018,22400817,1610612749,16.0,0.0,4.0,0.0,9.0,5.0,4.0,3.0
1630579,22400817,1610612749,2.0,1.0,4.0,0.0,2.0,1.0,0.0,0.0
1629645,22400817,1610612749,11.0,2.0,3.0,0.0,7.0,4.0,4.0,3.0
1641748,22400817,1610612749,0.0,1.0,1.0,0.0,0.0,0.0,0.0,0.0
1631157,22400817,1610612749,0.0,0.0,0.0,0.0,0.0,0.0,0.0,0.0
1631114,22400820,1610612760,18.0,9.0,3.0,1.0,14.0,6.0,4.0,3.0
1631096,22400820,1610612760,19.0,1.0,4.0,3.0,11.0,8.0,0.0,0.0
1628392,22400820,1610612760,12.0,5.0,9.0,0.0,8.0,6.0,0.0,0.0
1629652,22400820,1610612760,4.0,2.0,3.0,0.0,4.0,2.0,0.0,0.0
1628983,22400820,1610612760,37.0,8.0,8.0,3.0,24.0,13.0,11.0,8.0
1627936,22400820,1610612760,11.0,2.0,7.0,0.0,8.0,4.0,0.0,0.0
1630598,22400820,1610612760,15.0,0.0,0.0,1.0,6.0,4.0,4.0,3.0
1629026,22400820,1610612760,2.0,1.0,0.0,0.0,1.0,1.0,0.0,0.0
1641717,22400820,1610612760,6.0,2.0,2.0,0.0,5.0,2.0,1.0,1.0
1630198,22400820,1610612760,6.0,2.0,1.0,0.0,5.0,2.0,0.0,0.0
1641740,22400820,1610612750,14.0,0.0,1.0,0.0,7.0,6.0,0.0,0.0
1630183,22400820,1610612750,17.0,1.0,13.0,1.0,15.0,5.0,6.0,6.0
1629675,22400820,1610612750,22.0,2.0,11.0,4.0,18.0,6.0,7.0,7.0
1630162,22400820,1610612750,29.0,7.0,10.0,0.0,21.0,8.0,10.0,9.0
201144,22400820,1610612750,9.0,5.0,2.0,0.0,6.0,3.0,0.0,0.0
1629638,22400820,1610612750,18.0,2.0,2.0,0.0,12.0,6.0,2.0,2.0
1630545,22400820,1610612750,7.0,2.0,1.0,0.0,7.0,3.0,1.0,1.0
1642265,22400820,1610612750,0.0,3.0,0.0,0.0,1.0,0.0,0.0,0.0
1630568,22400820,1610612750,7.0,1.0,4.0,0.0,2.0,2.0,2.0,2.0
1631169,22400820,1610612750,0.0,0.0,0.0,0.0,0.0,0.0,0.0,0.0
202691,22400812,1610612742,11.0,2.0,2.0,0.0,8.0,3.0,2.0,2.0
1629023,22400812,1610612742,17.0,3.0,4.0,0.0,11.0,7.0,1.0,0.0
1630556,22400812,1610612742,6.0,1.0,8.0,1.0,7.0,3.0,0.0,0.0
203957,22400812,1610612742,5.0,5.0,0.0,0.0,4.0,2.0,0.0,0.0
202681,22400812,1610612742,17.0,4.0,5.0,2.0,18.0,7.0,2.0,2.0
1631108,22400812,1610612742,2.0,2.0,4.0,0.0,5.0,1.0,0.0,0.0
1630230,22400812,1610612742,9.0,2.0,5.0,0.0,8.0,3.0,2.0,2.0
1641765,22400812,1610612742,7.0,0.0,1.0,0.0,4.0,2.0,4.0,2.0
203915,22400812,1610612742,3.0,2.0,2.0,0.0,1.0,1.0,0.0,0.0
1629650,22400812,1610612742,7.0,0.0,7.0,0.0,4.0,3.0,1.0,1.0
1630702,22400812,1610612742,11.0,1.0,1.0,0.0,7.0,4.0,5.0,2.0
1630314,22400812,1610612742,5.0,1.0,1.0,1.0,3.0,1.0,2.0,2.0
1630283,22400812,1610612742,2.0,1.0,1.0,0.0,2.0,1.0,0.0,0.0
1630541,22400812,1610612744,14.0,1.0,4.0,1.0,10.0,5.0,4.0,3.0
202710,22400812,1610612744,18.0,5.0,3.0,0.0,9.0,5.0,8.0,8.0
203110,22400812,1610612744,13.0,6.0,4.0,0.0,10.0,5.0,4.0,3.0
1641764,22400812,1610612744,17.0,2.0,13.0,1.0,15.0,7.0,0.0,0.0
201939,22400812,1610612744,30.0,7.0,4.0,0.0,20.0,12.0,3.0,3.0
1627780,22400812,1610612744,3.0,1.0,3.0,0.0,2.0,1.0,0.0,0.0
1627741,22400812,1610612744,3.0,2.0,2.0,1.0,4.0,1.0,0.0,0.0
1626172,22400812,1610612744,7.0,0.0,3.0,1.0,5.0,3.0,2.0,1.0
1630611,22400812,1610612744,5.0,1.0,8.0,2.0,5.0,2.0,0.0,0.0
1642366,22400812,1610612744,10.0,3.0,6.0,0.0,9.0,3.0,2.0,2.0
1628995,22400812,1610612744,4.0,0.0,1.0,0.0,4.0,2.0,0.0,0.0
1630311,22400812,1610612744,0.0,1.0,1.0,0.0,2.0,0.0,0.0,0.0
1641879,22400812,1610612744,2.0,1.0,2.0,0.0,3.0,1.0,0.0,0.0
1630170,22400818,1610612759,5.0,1.0,3.0,0.0,9.0,1.0,2.0,2.0
203084,22400818,1610612759,13.0,2.0,4.0,1.0,11.0,4.0,4.0,2.0
202687,22400818,1610612759,10.0,0.0,10.0,4.0,6.0,4.0,5.0,2.0
1628368,22400818,1610612759,13.0,5.0,7.0,1.0,16.0,3.0,7.0,6.0
101108,22400818,1610612759,4.0,7.0,3.0,0.0,10.0,1.0,1.0,1.0
1631110,22400818,1610612759,4.0,3.0,8.0,1.0,6.0,2.0,2.0,0.0
1642264,22400818,1610612759,2.0,2.0,0.0,0.0,10.0,1.0,0.0,0.0
1629646,22400818,1610612759,4.0,1.0,3.0,0.0,3.0,2.0,0.0,0.0
1629640,22400818,1610612759,18.0,3.0,2.0,0.0,9.0,7.0,2.0,2.0
1630577,22400818,1610612759,18.0,4.0,4.0,0.0,13.0,6.0,0.0,0.0
1630572,22400818,1610612759,2.0,0.0,1.0,0.0,2.0,0.0,2.0,2.0
1629162,22400818,1610612759,3.0,0.0,0.0,0.0,1.0,1.0,0.0,0.0
1631103,22400818,1610612759,0.0,0.0,1.0,0.0,1.0,0.0,0.0,0.0
1631104,22400818,1610612759,0.0,1.0,0.0,0.0,0.0,0.0,0.0,0.0
1629627,22400818,1610612740,22.0,3.0,9.0,2.0,17.0,8.0,10.0,6.0
203482,22400818,1610612740,14.0,2.0,15.0,0.0,7.0,4.0,6.0,5.0
1642274,22400818,1610612740,6.0,1.0,15.0,0.0,9.0,3.0,2.0,0.0
1630530,22400818,1610612740,15.0,5.0,7.0,0.0,16.0,6.0,0.0,0.0
203468,22400818,1610612740,12.0,7.0,3.0,0.0,11.0,4.0,2.0,2.0
1641722,22400818,1610612740,10.0,0.0,3.0,0.0,9.0,3.0,2.0,2.0
1628971,22400818,1610612740,2.0,0.0,0.0,0.0,5.0,1.0,0.0,0.0
1631255,22400818,1610612740,19.0,1.0,6.0,1.0,9.0,8.0,2.0,2.0
1630631,22400818,1610612740,12.0,8.0,9.0,0.0,8.0,4.0,2.0,2.0
1641810,22400818,1610612740,2.0,0.0,0.0,0.0,2.0,1.0,0.0,0.0
1630526,22400818,1610612740,0.0,0.0,2.0,0.0,1.0,0.0,0.0,0.0
1626220,22400816,1610612756,5.0,2.0,4.0,1.0,8.0,2.0,0.0,0.0
201142,22400816,1610612756,15.0,4.0,4.0,3.0,15.0,5.0,7.0,5.0
1630208,22400816,1610612756,10.0,0.0,8.0,1.0,6.0,4.0,2.0,2.0
1626164,22400816,1610612756,31.0,8.0,4.0,1.0,25.0,12.0,4.0,4.0
203078,22400816,1610612756,30.0,1.0,4.0,0.0,15.0,12.0,7.0,5.0
1642346,22400816,1610612756,0.0,0.0,1.0,1.0,3.0,0.0,0.0,0.0
1628960,22400816,1610612756,9.0,1.0,4.0,0.0,6.0,4.0,0.0,0.0
203486,22400816,1610612756,4.0,2.0,3.0,0.0,2.0,2.0,2.0,0.0
1626145,22400816,1610612756,0.0,3.0,1.0,0.0,1.0,0.0,0.0,0.0
1629626,22400816,1610612756,5.0,1.0,3.0,0.0,2.0,2.0,0.0,0.0
1631221,22400816,1610612756,0.0,0.0,0.0,0.0,0.0,0.0,0.0,0.0
1631102,22400816,1610612756,0.0,0.0,0.0,0.0,2.0,0.0,0.0,0.0
1642345,22400816,1610612756,0.0,0.0,1.0,0.0,0.0,0.0,0.0,0.0
1629628,22400816,1610612761,23.0,7.0,6.0,0.0,15.0,6.0,12.0,8.0
1630567,22400816,1610612761,20.0,4.0,9.0,0.0,14.0,8.0,2.0,2.0
1631115,22400816,1610612761,10.0,2.0,7.0,0.0,6.0,3.0,4.0,4.0
1641711,22400816,1610612761,9.0,3.0,2.0,0.0,6.0,3.0,2.0,0.0
1630193,22400816,1610612761,23.0,8.0,6.0,1.0,15.0,7.0,5.0,4.0
1630534,22400816,1610612761,5.0,0.0,2.0,0.0,5.0,2.0,0.0,0.0
1642347,22400816,1610612761,6.0,2.0,1.0,0.0,3.0,2.0,0.0,0.0
1642367,22400816,1610612761,2.0,2.0,1.0,0.0,5.0,1.0,0.0,0.0
1642266,22400816,1610612761,6.0,0.0,4.0,0.0,6.0,2.0,2.0,2.0
1628449,22400816,1610612761,23.0,2.0,10.0,0.0,12.0,9.0,3.0,1.0
1631197,22400816,1610612761,0.0,0.0,0.0,0.0,1.0,0.0,0.0,0.0
1630639,22400816,1610612761,0.0,0.0,1.0,0.0,0.0,0.0,0.0,0.0
1627884,22400813,1610612746,6.0,0.0,0.0,0.0,9.0,3.0,0.0,0.0
1629599,22400813,1610612746,14.0,1.0,3.0,0.0,9.0,4.0,6.0,5.0
1627826,22400813,1610612746,22.0,2.0,6.0,0.0,11.0,8.0,6.0,6.0
1627739,22400813,1610612746,4.0,1.0,5.0,1.0,7.0,2.0,0.0,0.0
201935,22400813,1610612746,31.0,11.0,7.0,2.0,17.0,9.0,9.0,7.0
203992,22400813,1610612746,11.0,2.0,1.0,0.0,13.0,4.0,3.0,2.0
1629234,22400813,1610612746,2.0,1.0,1.0,0.0,3.0,1.0,0.0,0.0
1627732,22400813,1610612746,8.0,4.0,3.0,0.0,7.0,3.0,3.0,2.0
201587,22400813,1610612746,0.0,0.0,2.0,0.0,0.0,0.0,0.0,0.0
1630699,22400813,1610612746,9.0,1.0,3.0,0.0,5.0,3.0,4.0,2.0
1641738,22400813,1610612746,0.0,0.0,1.0,0.0,2.0,0.0,0.0,0.0
201988,22400813,1610612746,4.0,0.0,0.0,0.0,2.0,1.0,2.0,1.0
1630174,22400813,1610612754,19.0,1.0,6.0,0.0,11.0,7.0,3.0,3.0
1627783,22400813,1610612754,12.0,2.0,12.0,1.0,12.0,4.0,6.0,4.0
1626167,22400813,1610612754,17.0,4.0,6.0,2.0,11.0,5.0,3.0,3.0
1629614,22400813,1610612754,12.0,1.0,5.0,0.0,11.0,5.0,2.0,2.0
1630169,22400813,1610612754,29.0,12.0,1.0,0.0,14.0,9.0,7.0,7.0
1631097,22400813,1610612754,8.0,1.0,1.0,1.0,6.0,3.0,2.0,2.0
1630167,22400813,1610612754,10.0,6.0,5.0,0.0,9.0,5.0,0.0,0.0
1628418,22400813,1610612754,7.0,1.0,3.0,0.0,3.0,3.0,0.0,0.0
204456,22400813,1610612754,13.0,1.0,2.0,1.0,5.0,5.0,2.0,2.0
1641767,22400813,1610612754,2.0,0.0,4.0,0.0,2.0,0.0,2.0,2.0
1641716,22400813,1610612754,0.0,2.0,1.0,0.0,0.0,0.0,0.0,0.0
1642277,22400813,1610612754,0.0,0.0,0.0,0.0,0.0,0.0,0.0,0.0
1641709,22400814,1610612765,14.0,2.0,2.0,0.0,8.0,7.0,1.0,0.0
202699,22400814,1610612765,12.0,3.0,4.0,0.0,12.0,5.0,2.0,2.0
1631105,22400814,1610612765,13.0,6.0,5.0,0.0,6.0,6.0,2.0,1.0
203501,22400814,1610612765,18.0,2.0,1.0,0.0,11.0,6.0,0.0,0.0
1630595,22400814,1610612765,38.0,12.0,7.0,3.0,24.0,14.0,3.0,3.0
1630191,22400814,1610612765,6.0,2.0,5.0,2.0,5.0,3.0,0.0,0.0
1627736,22400814,1610612765,24.0,3.0,7.0,0.0,12.0,7.0,8.0,4.0
1631323,22400814,1610612765,2.0,1.0,1.0,0.0,3.0,1.0,0.0,0.0
203471,22400814,1610612765,16.0,7.0,4.0,0.0,10.0,5.0,5.0,5.0
1641842,22400814,1610612765,4.0,1.0,1.0,0.0,2.0,1.0,2.0,2.0
1630194,22400814,1610612765,1.0,0.0,0.0,0.0,0.0,0.0,2.0,1.0
1642258,22400814,1610612737,19.0,3.0,6.0,2.0,10.0,5.0,5.0,5.0
1631243,22400814,1610612737,2.0,0.0,2.0,0.0,4.0,1.0,0.0,0.0
1630168,22400814,1610612737,16.0,6.0,9.0,0.0,10.0,5.0,8.0,6.0
1630700,22400814,1610612737,24.0,6.0,5.0,1.0,14.0,10.0,2.0,1.0
1629027,22400814,1610612737,38.0,13.0,2.0,0.0,24.0,10.0,15.0,12.0
1627777,22400814,1610612737,27.0,1.0,5.0,1.0,20.0,10.0,0.0,0.0
1627747,22400814,1610612737,7.0,1.0,1.0,0.0,10.0,3.0,0.0,0.0
1629611,22400814,1610612737,2.0,0.0,3.0,0.0,1.0,1.0,2.0,0.0
203991,22400814,1610612737,8.0,0.0,7.0,2.0,3.0,3.0,4.0,2.0
1642377,22400819,1610612763,14.0,0.0,4.0,0.0,10.0,5.0,2.0,0.0
1628991,22400819,1610612763,22.0,4.0,3.0,1.0,18.0,9.0,6.0,3.0
1641744,22400819,1610612763,6.0,0.0,9.0,1.0,5.0,2.0,4.0,2.0
1630217,22400819,1610612763,7.0,8.0,5.0,1.0,13.0,2.0,3.0,3.0
1629630,22400819,1610612763,21.0,10.0,2.0,0.0,13.0,6.0,7.0,7.0
1629634,22400819,1610612763,6.0,1.0,2.0,1.0,6.0,3.0,0.0,0.0
1630583,22400819,1610612763,15.0,1.0,6.0,1.0,11.0,6.0,0.0,0.0
1641713,22400819,1610612763,0.0,1.0,0.0,0.0,2.0,0.0,0.0,0.0
1631246,22400819,1610612763,10.0,1.0,1.0,0.0,5.0,2.0,5.0,5.0
1628379,22400819,1610612763,19.0,2.0,4.0,0.0,8.0,6.0,4.0,4.0
1630590,22400819,1610612763,3.0,0.0,1.0,0.0,1.0,1.0,0.0,0.0
1629622,22400819,1610612739,11.0,3.0,8.0,1.0,8.0,3.0,2.0,2.0
1630596,22400819,1610612739,25.0,8.0,13.0,3.0,20.0,10.0,6.0,4.0
1628386,22400819,1610612739,13.0,1.0,10.0,0.0,8.0,6.0,4.0,1.0
1630171,22400819,1610612739,6.0,0.0,4.0,1.0,5.0,2.0,2.0,1.0
1628378,22400819,1610612739,33.0,6.0,2.0,0.0,23.0,11.0,11.0,7.0
1629631,22400819,1610612739,12.0,2.0,8.0,0.0,10.0,4.0,4.0,4.0
1630241,22400819,1610612739,3.0,1.0,1.0,0.0,4.0,1.0,0.0,0.0
1629660,22400819,1610612739,26.0,4.0,5.0,0.0,16.0,9.0,6.0,5.0
1629731,22400819,1610612739,0.0,0.0,6.0,0.0,3.0,0.0,0.0,0.0
1641854,22400819,1610612739,0.0,0.0,0.0,0.0,2.0,0.0,0.0,0.0
1628404,22400811,1610612752,20.0,9.0,11.0,0.0,14.0,8.0,4.0,4.0
1628384,22400811,1610612752,10.0,2.0,2.0,0.0,7.0,2.0,4.0,4.0
1626157,22400811,1610612752,24.0,0.0,18.0,0.0,20.0,9.0,3.0,3.0
1628969,22400811,1610612752,14.0,1.0,0.0,0.0,13.0,6.0,0.0,0.0
1628973,22400811,1610612752,22.0,4.0,3.0,0.0,19.0,9.0,0.0,0.0
1630540,22400811,1610612752,2.0,2.0,2.0,1.0,7.0,1.0,0.0,0.0
1630173,22400811,1610612752,0.0,3.0,1.0,0.0,2.0,0.0,0.0,0.0
1626166,22400811,1610612752,7.0,0.0,1.0,0.0,6.0,3.0,0.0,0.0
1629013,22400811,1610612752,6.0,0.0,2.0,0.0,4.0,2.0,0.0,0.0
1627759,22400811,1610612738,24.0,2.0,8.0,0.0,21.0,10.0,2.0,2.0
1628369,22400811,1610612738,25.0,9.0,10.0,0.0,20.0,8.0,6.0,6.0
204001,22400811,1610612738,15.0,2.0,7.0,3.0,15.0,6.0,1.0,1.0
1628401,22400811,1610612738,19.0,7.0,9.0,0.0,10.0,7.0,0.0,0.0
201950,22400811,1610612738,14.0,2.0,4.0,1.0,9.0,6.0,0.0,0.0
1630202,22400811,1610612738,3.0,2.0,4.0,1.0,5.0,1.0,0.0,0.0
1630573,22400811,1610612738,6.0,0.0,1.0,0.0,4.0,2.0,0.0,0.0
1628436,22400811,1610612738,8.0,2.0,3.0,0.0,4.0,3.0,2.0,2.0
201143,22400811,1610612738,4.0,1.0,3.0,0.0,3.0,2.0,0.0,0.0
1629661,22400807,1610612751,23.0,4.0,4.0,0.0,17.0,7.0,8.0,8.0
1630533,22400807,1610612751,11.0,2.0,7.0,0.0,9.0,4.0,1.0,1.0
1629651,22400807,1610612751,16.0,3.0,9.0,5.0,11.0,7.0,3.0,2.0
1630553,22400807,1610612751,11.0,4.0,4.0,1.0,11.0,5.0,0.0,0.0
1630165,22400807,1610612751,3.0,6.0,4.0,1.0,3.0,1.0,2.0,1.0
1630592,22400807,1610612751,8.0,1.0,2.0,0.0,3.0,2.0,2.0,2.0
1631213,22400807,1610612751,5.0,0.0,1.0,0.0,5.0,2.0,0.0,0.0
1630549,22400807,1610612751,10.0,1.0,7.0,1.0,6.0,5.0,0.0,0.0
1630570,22400807,1610612751,16.0,6.0,1.0,0.0,13.0,7.0,3.0,2.0
1641736,22400807,1610612751,2.0,0.0,0.0,0.0,3.0,1.0,0.0,0.0
1626162,22400807,1610612755,14.0,1.0,5.0,0.0,16.0,7.0,0.0,0.0
202331,22400807,1610612755,15.0,2.0,7.0,1.0,10.0,5.0,5.0,4.0
203954,22400807,1610612755,14.0,5.0,7.0,1.0,13.0,4.0,6.0,6.0
1629656,22400807,1610612755,16.0,5.0,7.0,0.0,12.0,6.0,1.0,1.0
1630178,22400807,1610612755,31.0,5.0,2.0,1.0,23.0,10.0,6.0,6.0
1629022,22400807,1610612755,0.0,0.0,2.0,0.0,3.0,0.0,0.0,0.0
1631223,22400807,1610612755,2.0,0.0,1.0,0.0,1.0,1.0,0.0,0.0
203083,22400807,1610612755,6.0,0.0,3.0,0.0,2.0,2.0,4.0,2.0
1627824,22400807,1610612755,5.0,1.0,8.0,2.0,4.0,1.0,2.0,2.0
1641741,22400807,1610612755,0.0,2.0,1.0,0.0,1.0,0.0,0.0,0.0
1626220,22400806,1610612756,2.0,2.0,5.0,0.0,7.0,1.0,0.0,0.0
201142,22400806,1610612756,27.0,5.0,10.0,1.0,15.0,9.0,6.0,6.0
1630208,22400806,1610612756,15.0,0.0,10.0,0.0,9.0,5.0,5.0,5.0
1626164,22400806,1610612756,29.0,8.0,4.0,0.0,20.0,10.0,6.0,5.0
203078,22400806,1610612756,25.0,4.0,6.0,0.0,19.0,10.0,2.0,2.0
1628960,22400806,1610612756,3.0,4.0,3.0,0.0,4.0,1.0,2.0,1.0
203486,22400806,1610612756,10.0,0.0,6.0,1.0,5.0,4.0,3.0,2.0
1629626,22400806,1610612756,8.0,0.0,2.0,1.0,5.0,3.0,2.0,2.0
1626145,22400806,1610612756,2.0,6.0,3.0,0.0,5.0,0.0,2.0,2.0
1628366,22400806,1610612741,3.0,1.0,3.0,1.0,9.0,1.0,0.0,0.0
1641824,22400806,1610612741,15.0,1.0,3.0,1.0,10.0,5.0,2.0,2.0
202696,22400806,1610612741,16.0,1.0,11.0,0.0,16.0,6.0,2.0,2.0
1629632,22400806,1610612741,20.0,8.0,4.0,0.0,14.0,7.0,4.0,4.0
1630581,22400806,1610612741,24.0,10.0,8.0,1.0,14.0,6.0,9.0,9.0
1628989,22400806,1610612741,14.0,2.0,2.0,0.0,12.0,5.0,0.0,0.0
1641763,22400806,1610612741,9.0,1.0,3.0,1.0,7.0,3.0,0.0,0.0
1630200,22400806,1610612741,4.0,3.0,1.0,0.0,6.0,2.0,0.0,0.0
1628380,22400806,1610612741,8.0,1.0,10.0,0.0,7.0,4.0,0.0,0.0
1631207,22400806,1610612741,4.0,1.0,0.0,0.0,3.0,2.0,0.0,0.0
1629060,22400808,1610612747,21.0,4.0,0.0,0.0,12.0,7.0,4.0,3.0
2544,22400808,1610612747,25.0,5.0,9.0,3.0,19.0,11.0,3.0,2.0
1629637,22400808,1610612747,4.0,1.0,4.0,1.0,3.0,2.0,0.0,0.0
1630559,22400808,1610612747,23.0,7.0,4.0,1.0,13.0,7.0,6.0,5.0
1629029,22400808,1610612747,32.0,7.0,10.0,1.0,22.0,10.0,8.0,8.0
1627827,22400808,1610612747,3.0,0.0,4.0,0.0,5.0,1.0,0.0,0.0
1629216,22400808,1610612747,3.0,1.0,2.0,0.0,4.0,1.0,0.0,0.0
1629020,22400808,1610612747,1.0,2.0,1.0,0.0,0.0,0.0,2.0,1.0
1630692,22400808,1610612747,5.0,0.0,1.0,1.0,3.0,2.0,0.0,0.0
1642261,22400808,1610612747,4.0,0.0,1.0,1.0,3.0,1.0,2.0,2.0
203458,22400808,1610612747,0.0,0.0,1.0,0.0,0.0,0.0,0.0,0.0
1641998,22400808,1610612747,2.0,0.0,1.0,1.0,2.0,1.0,0.0,0.0
1629003,22400808,1610612747,0.0,0.0,1.0,0.0,0.0,0.0,0.0,0.0
1629008,22400808,1610612743,13.0,1.0,8.0,0.0,14.0,5.0,2.0,2.0
203932,22400808,1610612743,24.0,4.0,5.0,0.0,15.0,9.0,2.0,2.0
203999,22400808,1610612743,12.0,10.0,13.0,0.0,7.0,2.0,10.0,8.0
1631128,22400808,1610612743,10.0,3.0,3.0,0.0,7.0,3.0,4.0,3.0
1627750,22400808,1610612743,19.0,6.0,3.0,0.0,13.0,6.0,1.0,1.0
201566,22400808,1610612743,17.0,1.0,4.0,0.0,17.0,7.0,2.0,0.0
1631124,22400808,1610612743,2.0,2.0,0.0,0.0,4.0,1.0,0.0,0.0
1630192,22400808,1610612743,0.0,0.0,2.0,0.0,1.0,0.0,0.0,0.0
201599,22400808,1610612743,0.0,1.0,2.0,0.0,0.0,0.0,0.0,0.0
1641816,22400808,1610612743,0.0,0.0,1.0,0.0,2.0,0.0,0.0,0.0
1641790,22400808,1610612743,0.0,0.0,2.0,1.0,2.0,0.0,0.0,0.0
1642461,22400808,1610612743,0.0,0.0,1.0,0.0,1.0,0.0,0.0,0.0
1629618,22400808,1610612743,3.0,0.0,1.0,0.0,2.0,1.0,0.0,0.0
1628415,22400809,1610612745,9.0,5.0,9.0,0.0,11.0,4.0,0.0,0.0
1631095,22400809,1610612745,3.0,1.0,2.0,0.0,8.0,1.0,0.0,0.0
1630578,22400809,1610612745,27.0,7.0,12.0,1.0,24.0,11.0,8.0,4.0
1630224,22400809,1610612745,25.0,10.0,3.0,0.0,21.0,9.0,3.0,1.0
1641708,22400809,1610612745,22.0,2.0,9.0,0.0,15.0,9.0,3.0,2.0
1628988,22400809,1610612745,5.0,3.0,3.0,1.0,5.0,2.0,0.0,0.0
201145,22400809,1610612745,16.0,2.0,1.0,0.0,8.0,6.0,0.0,0.0
1629111,22400809,1610612745,4.0,1.0,1.0,0.0,3.0,1.0,2.0,2.0
1641715,22400809,1610612745,1.0,2.0,1.0,0.0,1.0,0.0,2.0,1.0
1642263,22400809,1610612745,3.0,0.0,0.0,0.0,4.0,1.0,0.0,0.0
1628374,22400809,1610612762,23.0,0.0,10.0,0.0,19.0,8.0,4.0,4.0
1630231,22400809,1610612762,11.0,1.0,4.0,0.0,9.0,5.0,2.0,0.0
1631117,22400809,1610612762,11.0,3.0,17.0,2.0,5.0,5.0,3.0,1.0
1641729,22400809,1610612762,12.0,3.0,3.0,0.0,15.0,5.0,0.0,0.0
1642268,22400809,1610612762,12.0,10.0,4.0,0.0,13.0,4.0,6.0,3.0
1641718,22400809,1610612762,30.0,6.0,8.0,0.0,17.0,10.0,10.0,5.0
1642262,22400809,1610612762,9.0,1.0,6.0,1.0,7.0,4.0,0.0,0.0
1630548,22400809,1610612762,6.0,1.0,3.0,0.0,6.0,3.0,0.0,0.0
1642271,22400809,1610612762,8.0,3.0,2.0,0.0,6.0,4.0,2.0,0.0
1630531,22400809,1610612762,2.0,0.0,1.0,0.0,1.0,1.0,0.0,0.0
1630182,22400810,1610612766,4.0,2.0,2.0,0.0,6.0,1.0,1.0,1.0
1628970,22400810,1610612766,17.0,3.0,3.0,1.0,14.0,6.0,2.0,2.0
1631109,22400810,1610612766,10.0,0.0,5.0,0.0,8.0,3.0,5.0,4.0
1641733,22400810,1610612766,14.0,2.0,2.0,0.0,18.0,6.0,2.0,2.0
1630163,22400810,1610612766,5.0,2.0,4.0,1.0,10.0,1.0,4.0,3.0
203994,22400810,1610612766,11.0,5.0,8.0,1.0,9.0,5.0,1.0,0.0
203901,22400810,1610612766,2.0,1.0,1.0,1.0,4.0,1.0,0.0,0.0
1631111,22400810,1610612766,8.0,0.0,2.0,0.0,10.0,4.0,1.0,0.0
203552,22400810,1610612766,6.0,1.0,1.0,0.0,9.0,3.0,0.0,0.0
1642275,22400810,1610612766,6.0,1.0,2.0,2.0,8.0,2.0,3.0,2.0
1631217,22400810,1610612766,5.0,2.0,7.0,1.0,2.0,2.0,2.0,1.0
203924,22400810,1610612757,8.0,4.0,9.0,0.0,10.0,3.0,0.0,0.0
1641739,22400810,1610612757,20.0,6.0,10.0,2.0,9.0,7.0,2.0,2.0
1642270,22400810,1610612757,8.0,0.0,5.0,1.0,4.0,4.0,0.0,0.0
1630166,22400810,1610612757,15.0,4.0,4.0,0.0,10.0,6.0,5.0,2.0
1629014,22400810,1610612757,25.0,4.0,3.0,0.0,16.0,8.0,4.0,4.0
1630703,22400810,1610612757,13.0,5.0,1.0,0.0,7.0,4.0,4.0,2.0
1631133,22400810,1610612757,20.0,2.0,14.0,0.0,10.0,6.0,10.0,7.0
1631101,22400810,1610612757,20.0,5.0,3.0,2.0,12.0,8.0,0.0,0.0
1631200,22400810,1610612757,2.0,1.0,1.0,1.0,2.0,1.0,0.0,0.0
1630625,22400810,1610612757,0.0,2.0,0.0,0.0,0.0,0.0,0.0,0.0
1641871,22400810,1610612757,8.0,2.0,4.0,1.0,6.0,4.0,0.0,0.0
1641712,22400810,1610612757,2.0,2.0,3.0,0.0,1.0,0.0,2.0,2.0
1642377,22400798,1610612763,7.0,1.0,3.0,0.0,7.0,3.0,2.0,1.0
1628991,22400798,1610612763,16.0,1.0,4.0,3.0,13.0,3.0,11.0,10.0
1641744,22400798,1610612763,2.0,0.0,6.0,2.0,2.0,1.0,0.0,0.0
1630217,22400798,1610612763,16.0,2.0,7.0,0.0,13.0,5.0,5.0,4.0
1629630,22400798,1610612763,23.0,5.0,4.0,0.0,24.0,10.0,2.0,2.0
1629634,22400798,1610612763,13.0,2.0,11.0,0.0,10.0,6.0,2.0,1.0
1628379,22400798,1610612763,5.0,4.0,2.0,0.0,6.0,2.0,1.0,1.0
1630583,22400798,1610612763,9.0,4.0,11.0,2.0,9.0,4.0,2.0,0.0
1630590,22400798,1610612763,2.0,3.0,3.0,0.0,3.0,0.0,2.0,2.0
1641713,22400798,1610612763,12.0,0.0,2.0,0.0,5.0,4.0,2.0,1.0
1630532,22400798,1610612753,25.0,3.0,6.0,2.0,19.0,9.0,6.0,5.0
1631094,22400798,1610612753,21.0,2.0,6.0,1.0,21.0,5.0,13.0,10.0
1628976,22400798,1610612753,10.0,0.0,11.0,0.0,12.0,5.0,0.0,0.0
203484,22400798,1610612753,9.0,3.0,2.0,1.0,7.0,3.0,2.0,2.0
1630175,22400798,1610612753,17.0,7.0,9.0,1.0,12.0,6.0,4.0,3.0
203914,22400798,1610612753,7.0,0.0,1.0,0.0,2.0,2.0,2.0,2.0
1641710,22400798,1610612753,0.0,2.0,6.0,0.0,3.0,0.0,2.0,0.0
1629048,22400798,1610612753,4.0,0.0,5.0,4.0,2.0,2.0,0.0,0.0
1641783,22400798,1610612753,8.0,3.0,2.0,0.0,7.0,3.0,2.0,1.0
1641724,22400798,1610612753,3.0,3.0,2.0,0.0,3.0,1.0,2.0,0.0
1630541,22400805,1610612744,22.0,4.0,2.0,1.0,11.0,8.0,1.0,1.0
202710,22400805,1610612744,17.0,7.0,3.0,0.0,10.0,5.0,7.0,7.0
203110,22400805,1610612744,6.0,9.0,8.0,2.0,7.0,3.0,0.0,0.0
1641764,22400805,1610612744,21.0,5.0,3.0,0.0,20.0,9.0,1.0,1.0
201939,22400805,1610612744,20.0,6.0,1.0,0.0,13.0,7.0,2.0,2.0
1627741,22400805,1610612744,22.0,2.0,3.0,0.0,11.0,8.0,1.0,1.0
1627780,22400805,1610612744,4.0,1.0,0.0,0.0,2.0,2.0,0.0,0.0
1626172,22400805,1610612744,2.0,1.0,5.0,0.0,5.0,1.0,0.0,0.0
1630611,22400805,1610612744,0.0,3.0,3.0,0.0,3.0,0.0,0.0,0.0
1642366,22400805,1610612744,9.0,0.0,5.0,0.0,5.0,3.0,0.0,0.0
1628995,22400805,1610612744,5.0,0.0,1.0,0.0,3.0,2.0,0.0,0.0
1630311,22400805,1610612744,0.0,2.0,0.0,0.0,1.0,0.0,0.0,0.0
1631218,22400805,1610612744,4.0,0.0,1.0,0.0,2.0,2.0,0.0,0.0
201942,22400805,1610612758,34.0,6.0,4.0,0.0,14.0,10.0,10.0,10.0
1631099,22400805,1610612758,13.0,0.0,5.0,1.0,10.0,5.0,0.0,0.0
1627734,22400805,1610612758,14.0,9.0,14.0,0.0,10.0,6.0,2.0,1.0
203897,22400805,1610612758,13.0,3.0,5.0,0.0,12.0,5.0,1.0,1.0
1628370,22400805,1610612758,13.0,4.0,0.0,1.0,11.0,6.0,0.0,0.0
1631165,22400805,1610612758,2.0,1.0,2.0,1.0,6.0,0.0,2.0,2.0
1631222,22400805,1610612758,0.0,0.0,4.0,0.0,5.0,0.0,0.0,0.0
202685,22400805,1610612758,6.0,1.0,2.0,0.0,4.0,2.0,2.0,2.0
1626168,22400805,1610612758,0.0,0.0,2.0,0.0,0.0,0.0,0.0,0.0
1628365,22400805,1610612758,8.0,1.0,0.0,0.0,5.0,4.0,0.0,0.0
1642384,22400805,1610612758,2.0,0.0,1.0,0.0,1.0,1.0,0.0,0.0
1630222,22400805,1610612758,3.0,1.0,0.0,0.0,1.0,1.0,1.0,1.0
1642269,22400805,1610612758,0.0,0.0,0.0,0.0,0.0,0.0,0.0,0.0
1629627,22400803,1610612740,29.0,3.0,7.0,0.0,15.0,11.0,11.0,7.0
203482,22400803,1610612740,4.0,3.0,3.0,0.0,6.0,2.0,0.0,0.0
1642274,22400803,1610612740,6.0,1.0,10.0,4.0,8.0,3.0,0.0,0.0
1630530,22400803,1610612740,20.0,6.0,6.0,0.0,19.0,7.0,2.0,2.0
203468,22400803,1610612740,16.0,5.0,6.0,1.0,16.0,6.0,4.0,2.0
1641722,22400803,1610612740,5.0,1.0,5.0,0.0,7.0,1.0,2.0,2.0
1628971,22400803,1610612740,6.0,0.0,4.0,0.0,7.0,2.0,2.0,2.0
1631255,22400803,1610612740,9.0,1.0,5.0,1.0,6.0,3.0,3.0,3.0
1630631,22400803,1610612740,8.0,4.0,7.0,0.0,8.0,3.0,1.0,1.0
1641810,22400803,1610612740,0.0,1.0,0.0,0.0,0.0,0.0,0.0,0.0
202691,22400803,1610612742,12.0,3.0,3.0,0.0,11.0,4.0,0.0,0.0
1629023,22400803,1610612742,24.0,3.0,7.0,1.0,17.0,8.0,8.0,5.0
1630556,22400803,1610612742,2.0,1.0,4.0,0.0,2.0,1.0,0.0,0.0
203957,22400803,1610612742,4.0,4.0,2.0,1.0,7.0,1.0,2.0,1.0
202681,22400803,1610612742,35.0,4.0,2.0,1.0,22.0,11.0,8.0,8.0
1641765,22400803,1610612742,1.0,1.0,7.0,0.0,3.0,0.0,2.0,1.0
203915,22400803,1610612742,0.0,7.0,4.0,0.0,7.0,0.0,0.0,0.0
1630230,22400803,1610612742,15.0,1.0,10.0,0.0,8.0,5.0,5.0,4.0
1631108,22400803,1610612742,16.0,2.0,4.0,0.0,7.0,6.0,2.0,2.0
1629650,22400803,1610612742,2.0,2.0,4.0,1.0,2.0,1.0,0.0,0.0
1641709,22400802,1610612765,8,4,7,0,12,4,0,0
202699,22400802,1610612765,22,2,7,0,10,8,4,4
1631105,22400802,1610612765,21,5,15,1,14,10,1,1
203501,22400802,1610612765,9,2,1,1,9,3,0,0
1630595,22400802,1610612765,25,12,1,0,15,10,4,3
1627736,22400802,1610612765,16,1,0,0,7,4,4,4
1631323,22400802,1610612765,2,0,5,0,4,1,0,0
1630191,22400802,1610612765,5,1,8,3,3,2,2,1
203471,22400802,1610612765,9,3,1,0,10,3,2,2
1641842,22400802,1610612765,4,0,5,0,4,1,3,2
1631204,22400802,1610612765,0,1,1,0,3,0,0,0
1630322,22400802,1610612765,0,0,1,0,1,0,0,0
1630194,22400802,1610612765,4,0,1,0,2,1,2,2
1630170,22400802,1610612759,6,0,1,1,7,2,2,2
203084,22400802,1610612759,0,3,3,0,3,0,0,0
202687,22400802,1610612759,2,1,2,1,2,1,2,0
1628368,22400802,1610612759,27,5,5,0,18,11,2,2
101108,22400802,1610612759,3,2,0,0,3,1,0,0
1631110,22400802,1610612759,8,3,3,0,7,3,0,0
1642264,22400802,1610612759,12,1,3,0,9,4,5,4
1629646,22400802,1610612759,6,2,2,0,3,3,0,0
1629640,22400802,1610612759,28,5,4,0,13,11,9,5
1630577,22400802,1610612759,1,1,1,2,4,0,2,1
1630572,22400802,1610612759,10,2,7,1,10,4,0,0
1629162,22400802,1610612759,0,2,0,0,0,0,0,0
1631104,22400802,1610612759,3,0,0,0,1,1,0,0
1630561,22400802,1610612759,2,0,0,0,2,1,0,0
1631103,22400802,1610612759,2,0,1,0,2,1,0,0
1630173,22400797,1610612752,7.0,1.0,10.0,0.0,10.0,3.0,2.0,1.0
1628384,22400797,1610612752,5.0,0.0,0.0,0.0,6.0,2.0,0.0,0.0
1626157,22400797,1610612752,23.0,4.0,7.0,1.0,15.0,10.0,3.0,2.0
1628969,22400797,1610612752,14.0,5.0,1.0,0.0,13.0,6.0,0.0,0.0
1628973,22400797,1610612752,26.0,4.0,4.0,0.0,17.0,10.0,4.0,4.0
1630540,22400797,1610612752,5.0,0.0,3.0,0.0,5.0,2.0,0.0,0.0
1630574,22400797,1610612752,4.0,3.0,2.0,1.0,2.0,2.0,2.0,0.0
1629013,22400797,1610612752,2.0,0.0,2.0,0.0,2.0,1.0,0.0,0.0
1626166,22400797,1610612752,5.0,4.0,0.0,0.0,7.0,1.0,2.0,2.0
1642359,22400797,1610612752,7.0,0.0,1.0,0.0,7.0,3.0,1.0,0.0
1626153,22400797,1610612752,4.0,2.0,1.0,1.0,2.0,1.0,4.0,2.0
1630346,22400797,1610612752,3.0,2.0,1.0,0.0,3.0,1.0,0.0,0.0
1629622,22400797,1610612739,5.0,8.0,2.0,0.0,4.0,2.0,0.0,0.0
1630596,22400797,1610612739,21.0,4.0,8.0,1.0,11.0,9.0,2.0,2.0
1628386,22400797,1610612739,10.0,0.0,3.0,0.0,6.0,5.0,0.0,0.0
1628378,22400797,1610612739,27.0,5.0,3.0,1.0,15.0,10.0,3.0,2.0
1629636,22400797,1610612739,9.0,5.0,4.0,0.0,12.0,2.0,6.0,4.0
1629660,22400797,1610612739,19.0,2.0,3.0,0.0,11.0,7.0,3.0,2.0
1629631,22400797,1610612739,16.0,1.0,0.0,0.0,7.0,6.0,0.0,0.0
1630241,22400797,1610612739,5.0,4.0,4.0,0.0,4.0,2.0,0.0,0.0
1629731,22400797,1610612739,2.0,2.0,2.0,0.0,2.0,1.0,0.0,0.0
1630171,22400797,1610612739,6.0,1.0,5.0,0.0,6.0,3.0,0.0,0.0
1641854,22400797,1610612739,13.0,3.0,6.0,0.0,6.0,5.0,0.0,0.0
1642281,22400797,1610612739,4.0,3.0,0.0,0.0,3.0,2.0,0.0,0.0
1641772,22400797,1610612739,5.0,0.0,3.0,0.0,4.0,2.0,1.0,1.0
202684,22400797,1610612739,0.0,0.0,4.0,0.0,1.0,0.0,0.0,0.0
1631114,22400804,1610612760,18.0,4.0,9.0,1.0,14.0,6.0,2.0,2.0
1631096,22400804,1610612760,20.0,1.0,7.0,3.0,15.0,7.0,6.0,5.0
1628392,22400804,1610612760,8.0,4.0,13.0,1.0,10.0,4.0,0.0,0.0
1629652,22400804,1610612760,6.0,1.0,2.0,0.0,8.0,3.0,0.0,0.0
1628983,22400804,1610612760,21.0,8.0,2.0,3.0,16.0,7.0,6.0,6.0
1627936,22400804,1610612760,8.0,6.0,3.0,0.0,4.0,3.0,0.0,0.0
1630598,22400804,1610612760,12.0,5.0,3.0,1.0,7.0,3.0,4.0,4.0
1641717,22400804,1610612760,10.0,5.0,3.0,0.0,6.0,4.0,0.0,0.0
1629026,22400804,1610612760,6.0,0.0,1.0,0.0,3.0,2.0,0.0,0.0
1630198,22400804,1610612760,15.0,2.0,5.0,1.0,9.0,5.0,2.0,2.0
1631172,22400804,1610612760,0.0,1.0,2.0,0.0,1.0,0.0,0.0,0.0
1641794,22400804,1610612760,3.0,1.0,1.0,0.0,3.0,1.0,0.0,0.0
1642382,22400804,1610612760,3.0,0.0,0.0,0.0,1.0,1.0,0.0,0.0
1642505,22400804,1610612760,0.0,0.0,0.0,0.0,0.0,0.0,0.0,0.0
1628374,22400804,1610612762,5.0,1.0,4.0,0.0,14.0,2.0,0.0,0.0
1628381,22400804,1610612762,26.0,1.0,3.0,0.0,19.0,11.0,7.0,3.0
1631117,22400804,1610612762,4.0,1.0,19.0,1.0,4.0,2.0,2.0,0.0
203903,22400804,1610612762,19.0,2.0,4.0,0.0,16.0,7.0,1.0,1.0
1642268,22400804,1610612762,9.0,12.0,3.0,0.0,10.0,4.0,0.0,0.0
1641718,22400804,1610612762,20.0,6.0,3.0,0.0,12.0,7.0,3.0,1.0
1630531,22400804,1610612762,7.0,2.0,1.0,0.0,2.0,2.0,2.0,2.0
1642271,22400804,1610612762,12.0,2.0,3.0,0.0,6.0,4.0,2.0,2.0
1642262,22400804,1610612762,3.0,0.0,3.0,0.0,4.0,1.0,1.0,1.0
1630231,22400804,1610612762,2.0,0.0,0.0,1.0,3.0,1.0,0.0,0.0
203952,22400800,1610612748,25.0,1.0,8.0,0.0,19.0,9.0,6.0,5.0
1628389,22400800,1610612748,19.0,1.0,12.0,0.0,13.0,8.0,4.0,3.0
1642276,22400800,1610612748,4.0,1.0,6.0,1.0,7.0,2.0,0.0,0.0
1629639,22400800,1610612748,28.0,7.0,3.0,1.0,18.0,10.0,4.0,4.0
1630558,22400800,1610612748,16.0,1.0,2.0,0.0,9.0,6.0,2.0,1.0
1629130,22400800,1610612748,14.0,0.0,3.0,0.0,9.0,5.0,2.0,2.0
1631107,22400800,1610612748,7.0,5.0,5.0,1.0,7.0,3.0,0.0,0.0
1626179,22400800,1610612748,5.0,1.0,2.0,0.0,4.0,2.0,0.0,0.0
202692,22400800,1610612748,0.0,0.0,1.0,0.0,0.0,0.0,0.0,0.0
203937,22400800,1610612748,2.0,3.0,2.0,0.0,4.0,1.0,0.0,0.0
1629628,22400800,1610612761,29.0,4.0,3.0,0.0,17.0,11.0,4.0,3.0
1630567,22400800,1610612761,13.0,3.0,6.0,1.0,12.0,4.0,4.0,4.0
1631115,22400800,1610612761,9.0,4.0,5.0,0.0,8.0,4.0,0.0,0.0
1641711,22400800,1610612761,9.0,1.0,10.0,0.0,7.0,2.0,4.0,3.0
1630193,22400800,1610612761,23.0,3.0,7.0,0.0,21.0,8.0,3.0,2.0
1630534,22400800,1610612761,2.0,2.0,3.0,0.0,4.0,1.0,0.0,0.0
1642266,22400800,1610612761,8.0,0.0,4.0,0.0,5.0,3.0,0.0,0.0
1642347,22400800,1610612761,9.0,5.0,2.0,0.0,8.0,3.0,2.0,2.0
1642367,22400800,1610612761,5.0,0.0,1.0,1.0,4.0,2.0,2.0,0.0
1628449,22400800,1610612761,4.0,3.0,5.0,0.0,5.0,0.0,4.0,4.0
1629638,22400801,1610612750,16.0,3.0,5.0,1.0,11.0,6.0,0.0,0.0
1630183,22400801,1610612750,21.0,3.0,6.0,1.0,15.0,7.0,7.0,6.0
1629675,22400801,1610612750,22.0,3.0,8.0,3.0,16.0,9.0,2.0,2.0
1630162,22400801,1610612750,37.0,3.0,4.0,1.0,32.0,13.0,10.0,7.0
201144,22400801,1610612750,5.0,5.0,2.0,0.0,2.0,0.0,5.0,5.0
1641740,22400801,1610612750,0.0,2.0,1.0,0.0,0.0,0.0,0.0,0.0
1630545,22400801,1610612750,6.0,2.0,3.0,0.0,7.0,3.0,0.0,0.0
1630568,22400801,1610612750,6.0,1.0,4.0,0.0,5.0,2.0,2.0,2.0
1642265,22400801,1610612750,2.0,0.0,2.0,0.0,4.0,1.0,0.0,0.0
1628415,22400801,1610612745,8.0,2.0,6.0,0.0,5.0,3.0,1.0,0.0
1631106,22400801,1610612745,12.0,1.0,3.0,2.0,10.0,5.0,2.0,2.0
1630578,22400801,1610612745,24.0,2.0,13.0,0.0,21.0,8.0,10.0,8.0
1630224,22400801,1610612745,35.0,4.0,5.0,0.0,24.0,12.0,9.0,6.0
1641708,22400801,1610612745,17.0,6.0,10.0,3.0,9.0,7.0,3.0,3.0
1631095,22400801,1610612745,15.0,2.0,9.0,1.0,9.0,5.0,2.0,1.0
1630256,22400801,1610612745,0.0,0.0,1.0,0.0,0.0,0.0,0.0,0.0
1628988,22400801,1610612745,10.0,1.0,1.0,0.0,6.0,2.0,5.0,4.0
203500,22400801,1610612745,0.0,0.0,0.0,0.0,0.0,0.0,0.0,0.0
1628398,22400799,1610612749,19.0,5.0,8.0,0.0,19.0,8.0,2.0,1.0
203507,22400799,1610612749,18.0,3.0,6.0,1.0,9.0,6.0,11.0,6.0
201572,22400799,1610612749,18.0,2.0,9.0,2.0,8.0,5.0,8.0,6.0
1631157,22400799,1610612749,15.0,4.0,4.0,1.0,10.0,6.0,1.0,1.0
1631260,22400799,1610612749,9.0,3.0,3.0,1.0,9.0,3.0,0.0,0.0
1629018,22400799,1610612749,9.0,2.0,6.0,0.0,13.0,4.0,1.0,1.0
1626192,22400799,1610612749,4.0,1.0,0.0,0.0,3.0,2.0,0.0,0.0
1629645,22400799,1610612749,12.0,3.0,3.0,0.0,10.0,5.0,3.0,2.0
1630579,22400799,1610612749,0.0,1.0,5.0,1.0,0.0,0.0,0.0,0.0
1641748,22400799,1610612749,0.0,0.0,0.0,0.0,1.0,0.0,0.0,0.0
1642273,22400799,1610612764,4.0,5.0,9.0,2.0,11.0,1.0,2.0,1.0
1641731,22400799,1610612764,7.0,4.0,5.0,0.0,7.0,3.0,1.0,1.0
1642259,22400799,1610612764,22.0,1.0,7.0,1.0,19.0,8.0,6.0,2.0
203114,22400799,1610612764,12.0,2.0,5.0,0.0,10.0,4.0,3.0,3.0
1629673,22400799,1610612764,11.0,5.0,2.0,0.0,11.0,3.0,6.0,5.0
1642267,22400799,1610612764,8.0,2.0,3.0,0.0,7.0,3.0,2.0,2.0
1630557,22400799,1610612764,16.0,2.0,2.0,0.0,11.0,6.0,0.0,0.0
203935,22400799,1610612764,5.0,1.0,1.0,0.0,3.0,2.0,0.0,0.0
1626158,22400799,1610612764,7.0,3.0,6.0,1.0,4.0,2.0,4.0,3.0
1630551,22400799,1610612764,5.0,0.0,1.0,0.0,3.0,2.0,1.0,0.0
1641774,22400799,1610612764,4.0,0.0,1.0,0.0,1.0,1.0,2.0,2.0
1629599,22400793,1610612746,8.0,0.0,2.0,0.0,7.0,3.0,2.0,2.0
202695,22400793,1610612746,25.0,4.0,4.0,0.0,22.0,9.0,3.0,3.0
1627826,22400793,1610612746,20.0,1.0,15.0,4.0,13.0,8.0,5.0,4.0
1627739,22400793,1610612746,5.0,5.0,7.0,1.0,5.0,2.0,0.0,0.0
201935,22400793,1610612746,24.0,8.0,5.0,1.0,21.0,8.0,7.0,6.0
1627884,22400793,1610612746,4.0,0.0,2.0,0.0,4.0,2.0,0.0,0.0
1627732,22400793,1610612746,6.0,4.0,5.0,1.0,3.0,3.0,0.0,0.0
203992,22400793,1610612746,15.0,5.0,2.0,0.0,10.0,5.0,2.0,1.0
201587,22400793,1610612746,3.0,1.0,1.0,0.0,3.0,1.0,0.0,0.0
1628398,22400793,1610612749,13.0,1.0,7.0,0.0,10.0,4.0,3.0,2.0
203507,22400793,1610612749,23.0,4.0,8.0,1.0,14.0,10.0,5.0,3.0
201572,22400793,1610612749,22.0,2.0,7.0,4.0,14.0,8.0,2.0,2.0
1627752,22400793,1610612749,14.0,1.0,7.0,0.0,9.0,4.0,2.0,2.0
203081,22400793,1610612749,15.0,7.0,7.0,0.0,12.0,2.0,10.0,9.0
1629018,22400793,1610612749,7.0,3.0,0.0,0.0,6.0,2.0,2.0,2.0
1631260,22400793,1610612749,9.0,2.0,3.0,0.0,8.0,3.0,0.0,0.0
1630579,22400793,1610612749,0.0,0.0,2.0,0.0,0.0,0.0,0.0,0.0
1629645,22400793,1610612749,13.0,2.0,0.0,0.0,7.0,5.0,3.0,3.0
1642377,22400788,1610612763,17.0,0.0,4.0,0.0,8.0,4.0,8.0,8.0
1628991,22400788,1610612763,18.0,4.0,7.0,2.0,14.0,7.0,4.0,3.0
1641744,22400788,1610612763,5.0,1.0,11.0,1.0,6.0,2.0,0.0,0.0
1630217,22400788,1610612763,23.0,7.0,5.0,2.0,16.0,9.0,2.0,2.0
1629630,22400788,1610612763,12.0,6.0,0.0,0.0,15.0,4.0,5.0,4.0
1630583,22400788,1610612763,10.0,3.0,7.0,1.0,14.0,4.0,0.0,0.0
1631246,22400788,1610612763,7.0,2.0,6.0,0.0,7.0,3.0,0.0,0.0
1629634,22400788,1610612763,4.0,1.0,0.0,0.0,3.0,2.0,1.0,0.0
1628379,22400788,1610612763,6.0,3.0,2.0,0.0,5.0,2.0,0.0,0.0
1641713,22400788,1610612763,9.0,0.0,4.0,1.0,10.0,3.0,2.0,2.0
1628963,22400788,1610612763,0.0,0.0,0.0,0.0,0.0,0.0,0.0,0.0
1630590,22400788,1610612763,2.0,1.0,0.0,0.0,1.0,1.0,0.0,0.0
1630643,22400788,1610612763,0.0,0.0,0.0,0.0,0.0,0.0,0.0,0.0
1629723,22400788,1610612763,0.0,0.0,0.0,0.0,0.0,0.0,0.0,0.0
1630174,22400788,1610612754,13.0,1.0,7.0,1.0,8.0,4.0,2.0,2.0
1627783,22400788,1610612754,16.0,2.0,4.0,0.0,12.0,6.0,5.0,3.0
1626167,22400788,1610612754,17.0,2.0,10.0,7.0,17.0,6.0,2.0,2.0
1629614,22400788,1610612754,11.0,4.0,3.0,0.0,9.0,4.0,2.0,2.0
1630169,22400788,1610612754,22.0,9.0,5.0,1.0,17.0,9.0,0.0,0.0
1631097,22400788,1610612754,16.0,1.0,4.0,1.0,9.0,6.0,3.0,3.0
1630167,22400788,1610612754,12.0,1.0,5.0,0.0,6.0,4.0,3.0,2.0
1628418,22400788,1610612754,6.0,1.0,5.0,1.0,4.0,2.0,3.0,2.0
204456,22400788,1610612754,7.0,7.0,2.0,1.0,3.0,2.0,2.0,2.0
1641767,22400788,1610612754,7.0,0.0,1.0,0.0,6.0,3.0,0.0,0.0
1641716,22400788,1610612754,0.0,1.0,0.0,0.0,0.0,0.0,0.0,0.0
1642277,22400788,1610612754,0.0,0.0,0.0,0.0,0.0,0.0,0.0,0.0
1630532,22400790,1610612753,25.0,5.0,7.0,0.0,18.0,9.0,11.0,7.0
1631094,22400790,1610612753,36.0,5.0,10.0,0.0,25.0,11.0,16.0,11.0
1628976,22400790,1610612753,9.0,0.0,15.0,1.0,8.0,4.0,2.0,1.0
203484,22400790,1610612753,6.0,0.0,4.0,0.0,5.0,2.0,3.0,1.0
1630175,22400790,1610612753,17.0,3.0,5.0,1.0,13.0,7.0,2.0,2.0
203914,22400790,1610612753,0.0,0.0,2.0,1.0,2.0,0.0,0.0,0.0
1628371,22400790,1610612753,2.0,0.0,1.0,0.0,2.0,0.0,2.0,2.0
1641710,22400790,1610612753,10.0,0.0,2.0,2.0,7.0,4.0,2.0,2.0
1641783,22400790,1610612753,3.0,1.0,1.0,0.0,2.0,1.0,0.0,0.0
1629048,22400790,1610612753,6.0,1.0,6.0,2.0,3.0,3.0,0.0,0.0
1642258,22400790,1610612737,11.0,1.0,12.0,1.0,15.0,4.0,0.0,0.0
1631243,22400790,1610612737,2.0,0.0,2.0,1.0,2.0,1.0,0.0,0.0
1630168,22400790,1610612737,11.0,3.0,7.0,1.0,8.0,4.0,4.0,3.0
1630700,22400790,1610612737,10.0,4.0,11.0,0.0,15.0,3.0,6.0,4.0
1629027,22400790,1610612737,38.0,6.0,3.0,0.0,28.0,13.0,10.0,8.0
1627747,22400790,1610612737,13.0,0.0,4.0,0.0,13.0,6.0,4.0,1.0
1627777,22400790,1610612737,8.0,2.0,6.0,0.0,6.0,2.0,2.0,2.0
1629611,22400790,1610612737,7.0,3.0,0.0,0.0,5.0,3.0,0.0,0.0
203991,22400790,1610612737,3.0,1.0,4.0,1.0,6.0,1.0,2.0,1.0
1631230,22400790,1610612737,5.0,0.0,2.0,0.0,2.0,2.0,0.0,0.0
1627759,22400789,1610612738,20,6,6,0,13,7,4,4
1628369,22400789,1610612738,15,10,11,0,13,5,3,3
204001,22400789,1610612738,17,1,4,1,11,5,5,4
1628401,22400789,1610612738,16,2,10,0,10,5,3,3
201950,22400789,1610612738,8,2,1,0,6,3,0,0
201143,22400789,1610612738,11,1,4,0,7,4,0,0
1630202,22400789,1610612738,28,4,0,0,18,10,0,0
1630573,22400789,1610612738,3,2,2,0,6,1,0,0
1628436,22400789,1610612738,6,4,7,2,4,3,0,0
1628470,22400789,1610612738,0,1,2,3,0,0,0,0
1641775,22400789,1610612738,0,0,0,0,0,0,0,0
1629674,22400789,1610612738,0,0,2,0,1,0,0,0
1631248,22400789,1610612738,0,0,0,0,0,0,0,0
1626162,22400789,1610612755,16,0,4,0,14,6,3,3
202331,22400789,1610612755,17,2,2,0,14,7,0,0
203954,22400789,1610612755,15,4,3,0,9,3,9,9
1629656,22400789,1610612755,12,3,7,0,12,5,1,1
1630178,22400789,1610612755,16,7,5,0,10,6,3,3
1627824,22400789,1610612755,4,0,8,0,6,2,0,0
1641741,22400789,1610612755,10,2,1,0,10,4,0,0
203083,22400789,1610612755,8,1,7,0,6,4,1,0
1630215,22400789,1610612755,0,0,0,0,4,0,0,0
1631223,22400789,1610612755,4,2,5,0,7,2,0,0
1630288,22400789,1610612755,2,2,2,0,1,1,0,0
1641737,22400789,1610612755,0,0,0,0,0,0,0,0
1629060,22400796,1610612747,6.0,1.0,12.0,1.0,7.0,3.0,0.0,0.0
2544,22400796,1610612747,40.0,4.0,8.0,1.0,24.0,14.0,8.0,8.0
1629637,22400796,1610612747,9.0,4.0,7.0,1.0,7.0,4.0,2.0,1.0
1627827,22400796,1610612747,10.0,0.0,6.0,1.0,7.0,4.0,0.0,0.0
1630559,22400796,1610612747,32.0,7.0,1.0,2.0,21.0,9.0,13.0,12.0
1629216,22400796,1610612747,7.0,1.0,1.0,0.0,7.0,2.0,2.0,2.0
1630692,22400796,1610612747,0.0,1.0,5.0,0.0,1.0,0.0,0.0,0.0
1641998,22400796,1610612747,6.0,0.0,4.0,0.0,5.0,3.0,0.0,0.0
1642261,22400796,1610612747,0.0,2.0,2.0,0.0,2.0,0.0,0.0,0.0
1629003,22400796,1610612747,0.0,0.0,2.0,0.0,1.0,0.0,0.0,0.0
203924,22400796,1610612757,3.0,2.0,2.0,1.0,12.0,1.0,2.0,0.0
1641739,22400796,1610612757,19.0,3.0,7.0,0.0,8.0,7.0,2.0,2.0
1642270,22400796,1610612757,6.0,0.0,6.0,3.0,4.0,3.0,0.0,0.0
1630166,22400796,1610612757,28.0,5.0,4.0,0.0,14.0,9.0,10.0,8.0
1629014,22400796,1610612757,8.0,7.0,4.0,0.0,13.0,3.0,5.0,2.0
1630703,22400796,1610612757,12.0,5.0,2.0,0.0,13.0,4.0,2.0,2.0
1631101,22400796,1610612757,11.0,2.0,1.0,0.0,11.0,4.0,0.0,0.0
1629057,22400796,1610612757,8.0,1.0,6.0,2.0,5.0,4.0,0.0,0.0
1631200,22400796,1610612757,0.0,0.0,1.0,0.0,1.0,0.0,0.0,0.0
1630625,22400796,1610612757,7.0,2.0,0.0,1.0,5.0,3.0,0.0,0.0
1628366,22400792,1610612741,14.0,4.0,4.0,0.0,13.0,4.0,5.0,3.0
1641824,22400792,1610612741,5.0,1.0,7.0,1.0,8.0,2.0,0.0,0.0
202696,22400792,1610612741,21.0,1.0,9.0,1.0,21.0,9.0,0.0,0.0
1630581,22400792,1610612741,27.0,4.0,16.0,1.0,18.0,11.0,1.0,1.0
1629632,22400792,1610612741,11.0,6.0,2.0,1.0,11.0,5.0,0.0,0.0
1630245,22400792,1610612741,5.0,3.0,5.0,0.0,8.0,2.0,0.0,0.0
1628989,22400792,1610612741,9.0,1.0,1.0,0.0,9.0,3.0,0.0,0.0
1630188,22400792,1610612741,0.0,1.0,1.0,0.0,1.0,0.0,0.0,0.0
1641763,22400792,1610612741,12.0,0.0,6.0,0.0,5.0,3.0,4.0,4.0
1628380,22400792,1610612741,2.0,3.0,1.0,1.0,4.0,0.0,2.0,2.0
1630200,22400792,1610612741,5.0,0.0,1.0,1.0,5.0,2.0,0.0,0.0
1628969,22400792,1610612752,13.0,5.0,10.0,2.0,16.0,6.0,0.0,0.0
1630173,22400792,1610612752,11.0,0.0,9.0,0.0,11.0,5.0,0.0,0.0
1626157,22400792,1610612752,32.0,2.0,18.0,0.0,30.0,14.0,4.0,2.0
1628973,22400792,1610612752,22.0,12.0,3.0,1.0,21.0,8.0,4.0,4.0
1630540,22400792,1610612752,23.0,3.0,6.0,3.0,19.0,9.0,0.0,0.0
1629013,22400792,1610612752,7.0,1.0,1.0,0.0,4.0,2.0,2.0,1.0
1626166,22400792,1610612752,3.0,5.0,2.0,0.0,5.0,1.0,0.0,0.0
1630574,22400792,1610612752,2.0,0.0,5.0,1.0,1.0,1.0,0.0,0.0
1626153,22400792,1610612752,0.0,0.0,0.0,0.0,0.0,0.0,0.0,0.0
1629622,22400791,1610612739,5.0,1.0,2.0,0.0,10.0,2.0,0.0,0.0
1630596,22400791,1610612739,18.0,1.0,13.0,3.0,12.0,6.0,5.0,5.0
1628386,22400791,1610612739,16.0,0.0,20.0,1.0,9.0,8.0,2.0,0.0
1628378,22400791,1610612739,26.0,2.0,5.0,0.0,21.0,8.0,10.0,7.0
1629636,22400791,1610612739,18.0,9.0,2.0,0.0,12.0,6.0,4.0,4.0
1629660,22400791,1610612739,6.0,3.0,1.0,0.0,4.0,2.0,2.0,1.0
1629631,22400791,1610612739,9.0,1.0,4.0,1.0,10.0,3.0,2.0,1.0
1630241,22400791,1610612739,2.0,0.0,1.0,0.0,6.0,1.0,0.0,0.0
1630171,22400791,1610612739,5.0,1.0,1.0,0.0,4.0,2.0,0.0,0.0
1641854,22400791,1610612739,2.0,1.0,0.0,0.0,2.0,1.0,0.0,0.0
1641772,22400791,1610612739,3.0,0.0,1.0,0.0,1.0,1.0,2.0,1.0
202684,22400791,1610612739,0.0,0.0,0.0,0.0,0.0,0.0,0.0,0.0
1642281,22400791,1610612739,0.0,0.0,0.0,0.0,1.0,0.0,0.0,0.0
1631247,22400791,1610612739,0.0,0.0,2.0,0.0,2.0,0.0,0.0,0.0
1629661,22400791,1610612751,18.0,2.0,3.0,0.0,11.0,6.0,4.0,3.0
1630533,22400791,1610612751,10.0,2.0,7.0,1.0,9.0,3.0,3.0,3.0
1629651,22400791,1610612751,8.0,4.0,9.0,3.0,10.0,4.0,4.0,0.0
1630553,22400791,1610612751,16.0,1.0,4.0,1.0,19.0,8.0,0.0,0.0
1626156,22400791,1610612751,3.0,5.0,0.0,0.0,7.0,1.0,0.0,0.0
1630165,22400791,1610612751,5.0,3.0,1.0,1.0,6.0,2.0,2.0,1.0
1630592,22400791,1610612751,10.0,2.0,5.0,0.0,7.0,4.0,0.0,0.0
1631213,22400791,1610612751,7.0,0.0,1.0,0.0,4.0,3.0,1.0,0.0
1630570,22400791,1610612751,13.0,3.0,4.0,0.0,11.0,4.0,5.0,4.0
1630549,22400791,1610612751,7.0,3.0,10.0,4.0,10.0,3.0,0.0,0.0
1641721,22400791,1610612751,0.0,0.0,1.0,0.0,1.0,0.0,0.0,0.0
1626220,22400795,1610612756,27.0,3.0,6.0,0.0,16.0,10.0,2.0,1.0
201142,22400795,1610612756,22.0,2.0,5.0,0.0,13.0,9.0,2.0,1.0
1630208,22400795,1610612756,3.0,0.0,6.0,0.0,2.0,1.0,1.0,1.0
1626164,22400795,1610612756,17.0,8.0,2.0,1.0,14.0,4.0,8.0,7.0
1626145,22400795,1610612756,3.0,3.0,2.0,1.0,9.0,1.0,0.0,0.0
203078,22400795,1610612756,19.0,6.0,9.0,0.0,14.0,8.0,3.0,3.0
1628960,22400795,1610612756,11.0,3.0,2.0,1.0,10.0,3.0,2.0,2.0
1629626,22400795,1610612756,5.0,0.0,4.0,1.0,3.0,2.0,0.0,0.0
203486,22400795,1610612756,2.0,3.0,3.0,0.0,0.0,0.0,2.0,2.0
1642346,22400795,1610612756,0.0,0.0,0.0,0.0,0.0,0.0,0.0,0.0
1630170,22400795,1610612759,13.0,0.0,2.0,1.0,14.0,5.0,2.0,2.0
203084,22400795,1610612759,8.0,1.0,4.0,0.0,10.0,3.0,0.0,0.0
202687,22400795,1610612759,8.0,2.0,3.0,0.0,4.0,4.0,0.0,0.0
1628368,22400795,1610612759,26.0,7.0,9.0,2.0,19.0,8.0,9.0,7.0
101108,22400795,1610612759,13.0,10.0,5.0,0.0,10.0,4.0,2.0,2.0
1642264,22400795,1610612759,10.0,2.0,10.0,0.0,12.0,4.0,4.0,2.0
1631110,22400795,1610612759,12.0,4.0,5.0,0.0,8.0,5.0,2.0,1.0
1630577,22400795,1610612759,15.0,2.0,2.0,0.0,7.0,5.0,2.0,2.0
1629640,22400795,1610612759,15.0,2.0,4.0,0.0,9.0,6.0,1.0,1.0
1630182,22400794,1610612766,19.0,2.0,3.0,0.0,13.0,7.0,0.0,0.0
1628970,22400794,1610612766,36.0,7.0,13.0,1.0,23.0,12.0,7.0,7.0
203994,22400794,1610612766,9.0,7.0,10.0,1.0,11.0,4.0,1.0,1.0
1641733,22400794,1610612766,16.0,3.0,1.0,0.0,16.0,7.0,0.0,0.0
203901,22400794,1610612766,0.0,3.0,2.0,0.0,3.0,0.0,0.0,0.0
1641878,22400794,1610612766,14.0,6.0,0.0,0.0,7.0,6.0,0.0,0.0
1642275,22400794,1610612766,3.0,0.0,8.0,0.0,6.0,1.0,2.0,1.0
1631217,22400794,1610612766,11.0,0.0,6.0,0.0,10.0,3.0,7.0,5.0
203552,22400794,1610612766,7.0,0.0,1.0,0.0,6.0,3.0,0.0,0.0
1631111,22400794,1610612766,0.0,0.0,1.0,0.0,4.0,0.0,0.0,0.0
1629008,22400794,1610612743,6.0,3.0,11.0,0.0,11.0,2.0,2.0,2.0
203932,22400794,1610612743,18.0,2.0,7.0,0.0,13.0,8.0,2.0,1.0
203999,22400794,1610612743,29.0,9.0,17.0,1.0,22.0,11.0,2.0,1.0
1631128,22400794,1610612743,10.0,2.0,2.0,0.0,9.0,4.0,3.0,2.0
1627750,22400794,1610612743,34.0,4.0,1.0,2.0,18.0,12.0,4.0,3.0
201566,22400794,1610612743,8.0,7.0,3.0,0.0,10.0,3.0,1.0,1.0
1631124,22400794,1610612743,16.0,2.0,4.0,0.0,10.0,5.0,2.0,2.0
1630192,22400794,1610612743,4.0,0.0,3.0,0.0,3.0,2.0,0.0,0.0
201599,22400794,1610612743,4.0,0.0,7.0,0.0,2.0,2.0,0.0,0.0
1630182,22400524,1610612766,4.0,1.0,3.0,0.0,6.0,2.0,0.0,0.0
1628970,22400524,1610612766,29.0,0.0,6.0,1.0,22.0,9.0,7.0,6.0
1631109,22400524,1610612766,10.0,2.0,9.0,0.0,7.0,3.0,4.0,4.0
1641733,22400524,1610612766,12.0,1.0,2.0,0.0,13.0,4.0,0.0,0.0
1630163,22400524,1610612766,27.0,6.0,5.0,0.0,19.0,9.0,4.0,4.0
203901,22400524,1610612766,0.0,2.0,3.0,0.0,2.0,0.0,0.0,0.0
203994,22400524,1610612766,0.0,7.0,8.0,2.0,3.0,0.0,0.0,0.0
203552,22400524,1610612766,10.0,0.0,5.0,0.0,8.0,3.0,2.0,2.0
1629610,22400524,1610612766,5.0,1.0,0.0,1.0,6.0,2.0,0.0,0.0
1642275,22400524,1610612766,3.0,0.0,6.0,0.0,5.0,1.0,0.0,0.0
1629060,22400524,1610612747,17.0,3.0,8.0,0.0,16.0,7.0,4.0,2.0
2544,22400524,1610612747,26.0,11.0,7.0,2.0,22.0,10.0,2.0,2.0
1629637,22400524,1610612747,8.0,0.0,4.0,0.0,5.0,4.0,0.0,0.0
1630559,22400524,1610612747,8.0,2.0,2.0,2.0,9.0,3.0,0.0,0.0
1629029,22400524,1610612747,14.0,8.0,11.0,0.0,18.0,5.0,4.0,3.0
1627827,22400524,1610612747,12.0,3.0,5.0,0.0,7.0,4.0,0.0,0.0
1629216,22400524,1610612747,6.0,2.0,3.0,0.0,7.0,2.0,0.0,0.0
203458,22400524,1610612747,0.0,0.0,1.0,0.0,0.0,0.0,0.0,0.0
1629020,22400524,1610612747,3.0,0.0,4.0,0.0,1.0,1.0,2.0,1.0
1642261,22400524,1610612747,3.0,0.0,5.0,0.0,5.0,1.0,0.0,0.0
201942,22400785,1610612758,20.0,5.0,4.0,0.0,16.0,5.0,9.0,9.0
1631099,22400785,1610612758,13.0,3.0,8.0,0.0,11.0,5.0,0.0,0.0
1627734,22400785,1610612758,22.0,5.0,28.0,0.0,16.0,10.0,2.0,1.0
203897,22400785,1610612758,32.0,10.0,2.0,0.0,24.0,12.0,3.0,3.0
1628370,22400785,1610612758,24.0,9.0,6.0,1.0,24.0,8.0,4.0,4.0
1631165,22400785,1610612758,7.0,1.0,3.0,0.0,10.0,3.0,0.0,0.0
202685,22400785,1610612758,4.0,2.0,2.0,0.0,3.0,2.0,2.0,0.0
1631222,22400785,1610612758,3.0,0.0,1.0,0.0,4.0,1.0,0.0,0.0
1626168,22400785,1610612758,8.0,3.0,4.0,0.0,4.0,3.0,1.0,1.0
1629750,22400785,1610612740,9.0,2.0,7.0,1.0,7.0,4.0,0.0,0.0
1630530,22400785,1610612740,18.0,11.0,9.0,0.0,17.0,4.0,12.0,9.0
1642274,22400785,1610612740,2.0,0.0,2.0,1.0,2.0,1.0,0.0,0.0
203468,22400785,1610612740,43.0,2.0,7.0,0.0,25.0,16.0,6.0,4.0
1630631,22400785,1610612740,18.0,8.0,5.0,0.0,12.0,6.0,2.0,2.0
1641722,22400785,1610612740,16.0,4.0,2.0,2.0,8.0,5.0,4.0,3.0
1628971,22400785,1610612740,5.0,2.0,4.0,0.0,5.0,1.0,4.0,3.0
1631255,22400785,1610612740,13.0,2.0,5.0,3.0,6.0,5.0,2.0,2.0
1641810,22400785,1610612740,0.0,0.0,2.0,0.0,3.0,0.0,0.0,0.0
1630526,22400785,1610612740,16.0,1.0,2.0,0.0,7.0,4.0,4.0,4.0
1630541,22400784,1610612744,10.0,1.0,6.0,2.0,9.0,4.0,2.0,1.0
202710,22400784,1610612744,19.0,4.0,8.0,0.0,15.0,6.0,6.0,6.0
203110,22400784,1610612744,13.0,8.0,4.0,1.0,8.0,5.0,2.0,2.0
1641764,22400784,1610612744,18.0,4.0,5.0,1.0,17.0,7.0,2.0,2.0
201939,22400784,1610612744,27.0,3.0,5.0,0.0,17.0,7.0,9.0,8.0
1627741,22400784,1610612744,2.0,0.0,1.0,1.0,5.0,1.0,0.0,0.0
1630311,22400784,1610612744,6.0,1.0,1.0,1.0,7.0,2.0,2.0,2.0
1626172,22400784,1610612744,5.0,2.0,9.0,0.0,4.0,2.0,2.0,1.0
1630611,22400784,1610612744,5.0,2.0,2.0,0.0,4.0,1.0,2.0,2.0
1642366,22400784,1610612744,0.0,1.0,1.0,0.0,3.0,0.0,0.0,0.0
1641708,22400784,1610612745,4.0,5.0,9.0,2.0,7.0,2.0,0.0,0.0
1628415,22400784,1610612745,7.0,1.0,0.0,0.0,6.0,2.0,2.0,1.0
1630578,22400784,1610612745,10.0,4.0,13.0,0.0,10.0,4.0,4.0,2.0
1630224,22400784,1610612745,9.0,1.0,0.0,0.0,10.0,3.0,3.0,1.0
1628988,22400784,1610612745,25.0,4.0,8.0,0.0,20.0,10.0,3.0,3.0
1630256,22400784,1610612745,3.0,3.0,5.0,1.0,5.0,1.0,2.0,0.0
1641715,22400784,1610612745,6.0,1.0,1.0,0.0,7.0,2.0,2.0,1.0
203500,22400784,1610612745,0.0,0.0,3.0,0.0,0.0,0.0,0.0,0.0
201145,22400784,1610612745,10.0,1.0,3.0,0.0,10.0,3.0,2.0,2.0
1642263,22400784,1610612745,0.0,0.0,0.0,0.0,0.0,0.0,0.0,0.0
1631466,22400784,1610612745,11.0,3.0,2.0,2.0,9.0,5.0,0.0,0.0
1629111,22400784,1610612745,13.0,1.0,8.0,0.0,9.0,6.0,0.0,0.0
1631114,22400787,1610612760,20,5,3,1,17,8,5,4
1631096,22400787,1610612760,11,2,12,2,7,3,6,4
1628392,22400787,1610612760,10,1,12,2,6,5,0,0
1629652,22400787,1610612760,14,0,3,0,10,6,0,0
1628983,22400787,1610612760,24,9,8,0,21,6,11,11
1641794,22400787,1610612760,0,2,3,0,0,0,0,0
1630598,22400787,1610612760,10,1,3,1,8,4,0,0
1631119,22400787,1610612760,0,1,1,0,1,0,0,0
1630198,22400787,1610612760,1,3,1,0,5,0,2,1
1629026,22400787,1610612760,9,1,3,0,9,4,0,0
1641745,22400787,1610612760,2,0,0,1,3,1,0,0
1642505,22400787,1610612760,0,0,0,0,1,0,0,0
1641740,22400787,1610612750,4,1,3,0,6,1,2,2
1630183,22400787,1610612750,21,5,6,0,18,9,3,2
1629675,22400787,1610612750,27,7,14,1,18,11,2,2
1630162,22400787,1610612750,23,7,7,0,18,5,11,10
1629638,22400787,1610612750,14,2,6,0,11,5,0,0
1630545,22400787,1610612750,13,1,6,0,10,4,4,4
1642265,22400787,1610612750,6,5,3,0,7,3,0,0
1630568,22400787,1610612750,8,0,8,0,7,4,0,0
1631169,22400787,1610612750,0,0,1,1,2,0,0,0
204060,22400787,1610612750,0,0,0,0,1,0,0,0
1641803,22400787,1610612750,0,0,0,0,1,0,0,0
1631159,22400787,1610612750,0,0,0,0,0,0,0,0
1631170,22400786,1610612748,6.0,3.0,6.0,0.0,7.0,3.0,0.0,0.0
203937,22400786,1610612748,15.0,3.0,10.0,2.0,10.0,6.0,6.0,3.0
1642276,22400786,1610612748,17.0,1.0,9.0,1.0,14.0,8.0,2.0,1.0
1629639,22400786,1610612748,40.0,3.0,8.0,0.0,30.0,15.0,9.0,7.0
1630558,22400786,1610612748,5.0,4.0,0.0,1.0,4.0,1.0,2.0,2.0
1631107,22400786,1610612748,6.0,1.0,1.0,0.0,11.0,3.0,0.0,0.0
202692,22400786,1610612748,12.0,4.0,7.0,0.0,7.0,3.0,7.0,4.0
1629130,22400786,1610612748,9.0,4.0,1.0,0.0,7.0,3.0,0.0,0.0
1641796,22400786,1610612748,3.0,0.0,0.0,0.0,1.0,1.0,0.0,0.0
1631108,22400786,1610612742,19.0,5.0,5.0,1.0,19.0,8.0,0.0,0.0
1641765,22400786,1610612742,10.0,0.0,3.0,0.0,9.0,5.0,0.0,0.0
1630556,22400786,1610612742,15.0,3.0,9.0,0.0,12.0,6.0,0.0,0.0
203957,22400786,1610612742,27.0,4.0,3.0,1.0,13.0,11.0,3.0,3.0
203915,22400786,1610612742,18.0,6.0,3.0,0.0,13.0,6.0,5.0,5.0
1630230,22400786,1610612742,12.0,4.0,9.0,0.0,7.0,4.0,2.0,2.0
1630702,22400786,1610612742,2.0,3.0,5.0,0.0,8.0,0.0,4.0,2.0
1630314,22400786,1610612742,11.0,3.0,1.0,0.0,7.0,4.0,2.0,1.0
1630283,22400786,1610612742,4.0,0.0,2.0,0.0,2.0,2.0,0.0,0.0
1626181,22401004,1610612746,41.0,1.0,3.0,0.0,26.0,13.0,13.0,10.0
1627884,22401004,1610612746,8.0,0.0,2.0,0.0,9.0,3.0,2.0,1.0
1627826,22401004,1610612746,10.0,0.0,8.0,1.0,12.0,4.0,2.0,2.0
1627739,22401004,1610612746,4.0,6.0,7.0,0.0,6.0,2.0,0.0,0.0
201935,22401004,1610612746,32.0,7.0,10.0,2.0,19.0,8.0,15.0,11.0
203992,22401004,1610612746,7.0,2.0,1.0,0.0,10.0,3.0,0.0,0.0
1627732,22401004,1610612746,12.0,6.0,7.0,1.0,5.0,4.0,4.0,4.0
201587,22401004,1610612746,6.0,0.0,5.0,1.0,5.0,2.0,0.0,0.0
1641738,22401004,1610612746,0.0,0.0,0.0,0.0,2.0,0.0,0.0,0.0
1628374,22401004,1610612762,20.0,1.0,6.0,0.0,16.0,8.0,2.0,2.0
1628381,22401004,1610612762,17.0,1.0,7.0,1.0,11.0,5.0,6.0,5.0
1642271,22401004,1610612762,20.0,0.0,10.0,0.0,12.0,8.0,1.0,1.0
1629004,22401004,1610612762,7.0,1.0,3.0,0.0,6.0,2.0,2.0,2.0
1642268,22401004,1610612762,16.0,8.0,4.0,0.0,9.0,5.0,4.0,3.0
1630695,22401004,1610612762,3.0,0.0,9.0,0.0,1.0,1.0,1.0,1.0
1641718,22401004,1610612762,13.0,9.0,4.0,0.0,12.0,3.0,6.0,5.0
1642262,22401004,1610612762,2.0,0.0,0.0,0.0,1.0,0.0,2.0,2.0
1641729,22401004,1610612762,10.0,2.0,1.0,0.0,5.0,3.0,2.0,1.0
1630548,22401004,1610612762,8.0,1.0,3.0,0.0,5.0,3.0,0.0,0.0
201942,22400777,1610612758,24.0,6.0,4.0,0.0,17.0,9.0,4.0,3.0
1631099,22400777,1610612758,6.0,5.0,7.0,1.0,5.0,1.0,4.0,3.0
1627734,22400777,1610612758,16.0,5.0,15.0,0.0,13.0,8.0,0.0,0.0
203897,22400777,1610612758,23.0,7.0,3.0,0.0,14.0,5.0,11.0,11.0
1628370,22400777,1610612758,17.0,4.0,4.0,2.0,14.0,6.0,2.0,2.0
1631165,22400777,1610612758,27.0,1.0,5.0,2.0,14.0,10.0,0.0,0.0
202685,22400777,1610612758,5.0,0.0,4.0,2.0,3.0,2.0,2.0,1.0
1631222,22400777,1610612758,0.0,0.0,4.0,0.0,2.0,0.0,4.0,0.0
1626168,22400777,1610612758,1.0,0.0,2.0,0.0,5.0,0.0,2.0,1.0
1630530,22400777,1610612740,19.0,5.0,4.0,1.0,16.0,6.0,6.0,6.0
1629627,22400777,1610612740,33.0,7.0,9.0,0.0,18.0,13.0,9.0,6.0
1642274,22400777,1610612740,8.0,0.0,9.0,1.0,9.0,4.0,0.0,0.0
203468,22400777,1610612740,14.0,3.0,3.0,0.0,17.0,7.0,0.0,0.0
1630631,22400777,1610612740,18.0,9.0,3.0,1.0,15.0,7.0,1.0,1.0
1628971,22400777,1610612740,4.0,1.0,3.0,0.0,7.0,2.0,0.0,0.0
1641722,22400777,1610612740,5.0,1.0,0.0,0.0,4.0,1.0,2.0,2.0
1631255,22400777,1610612740,0.0,0.0,1.0,2.0,0.0,0.0,0.0,0.0
1641810,22400777,1610612740,8.0,2.0,6.0,0.0,5.0,3.0,0.0,0.0
1629750,22400777,1610612740,2.0,0.0,2.0,0.0,3.0,1.0,0.0,0.0
1629622,22400774,1610612739,14.0,6.0,5.0,0.0,11.0,4.0,2.0,2.0
1630596,22400774,1610612739,12.0,5.0,15.0,2.0,11.0,6.0,2.0,0.0
1628386,22400774,1610612739,13.0,3.0,10.0,2.0,6.0,5.0,3.0,3.0
1628378,22400774,1610612739,21.0,5.0,6.0,0.0,16.0,6.0,8.0,7.0
1629636,22400774,1610612739,15.0,8.0,2.0,0.0,15.0,7.0,0.0,0.0
1630241,22400774,1610612739,16.0,0.0,2.0,0.0,13.0,6.0,0.0,0.0
1629631,22400774,1610612739,18.0,0.0,5.0,0.0,12.0,6.0,2.0,2.0
1642281,22400774,1610612739,8.0,1.0,0.0,0.0,3.0,3.0,0.0,0.0
1641854,22400774,1610612739,7.0,5.0,4.0,0.0,5.0,2.0,3.0,3.0
1641734,22400774,1610612739,3.0,0.0,0.0,0.0,2.0,1.0,0.0,0.0
1631247,22400774,1610612739,0.0,0.0,3.0,0.0,1.0,0.0,0.0,0.0
202684,22400774,1610612739,4.0,1.0,1.0,0.0,4.0,2.0,0.0,0.0
1629628,22400774,1610612761,27.0,4.0,4.0,0.0,18.0,11.0,7.0,3.0
1630567,22400774,1610612761,16.0,7.0,11.0,3.0,15.0,7.0,3.0,2.0
1642367,22400774,1610612761,8.0,4.0,5.0,0.0,6.0,2.0,4.0,3.0
1641711,22400774,1610612761,2.0,1.0,2.0,0.0,7.0,1.0,0.0,0.0
1630193,22400774,1610612761,15.0,3.0,2.0,0.0,11.0,5.0,3.0,3.0
1630534,22400774,1610612761,15.0,0.0,3.0,1.0,11.0,5.0,4.0,3.0
1642347,22400774,1610612761,2.0,2.0,0.0,0.0,5.0,1.0,0.0,0.0
1642266,22400774,1610612761,6.0,2.0,4.0,0.0,4.0,3.0,0.0,0.0
1631115,22400774,1610612761,6.0,2.0,4.0,0.0,6.0,3.0,0.0,0.0
1642419,22400774,1610612761,11.0,1.0,4.0,1.0,8.0,4.0,0.0,0.0
1630174,22400771,1610612754,8.0,1.0,1.0,1.0,6.0,3.0,0.0,0.0
1627783,22400771,1610612754,15.0,5.0,5.0,1.0,16.0,5.0,7.0,5.0
1628418,22400771,1610612754,9.0,5.0,11.0,0.0,7.0,4.0,1.0,1.0
1629614,22400771,1610612754,9.0,4.0,3.0,0.0,6.0,2.0,4.0,4.0
1630169,22400771,1610612754,20.0,7.0,2.0,0.0,18.0,8.0,0.0,0.0
1630167,22400771,1610612754,31.0,2.0,10.0,1.0,19.0,11.0,3.0,3.0
1631097,22400771,1610612754,28.0,4.0,5.0,0.0,19.0,11.0,3.0,3.0
204456,22400771,1610612754,10.0,9.0,1.0,0.0,12.0,5.0,0.0,0.0
1641767,22400771,1610612754,4.0,1.0,2.0,0.0,4.0,1.0,2.0,2.0
1642277,22400771,1610612754,0.0,0.0,2.0,2.0,0.0,0.0,0.0,0.0
1641731,22400771,1610612764,3.0,8.0,5.0,0.0,8.0,1.0,2.0,0.0
1642273,22400771,1610612764,14.0,1.0,9.0,0.0,10.0,5.0,1.0,1.0
1642259,22400771,1610612764,9.0,4.0,6.0,2.0,13.0,3.0,2.0,1.0
1629673,22400771,1610612764,42.0,5.0,5.0,1.0,29.0,15.0,6.0,6.0
1642267,22400771,1610612764,18.0,5.0,8.0,1.0,11.0,6.0,2.0,2.0
1626158,22400771,1610612764,5.0,0.0,7.0,2.0,2.0,2.0,1.0,1.0
1630557,22400771,1610612764,21.0,0.0,4.0,0.0,10.0,8.0,0.0,0.0
1630551,22400771,1610612764,0.0,0.0,0.0,0.0,2.0,0.0,0.0,0.0
1627763,22400771,1610612764,12.0,6.0,0.0,0.0,9.0,5.0,2.0,2.0
1642358,22400771,1610612764,3.0,0.0,0.0,0.0,2.0,1.0,0.0,0.0
1641774,22400771,1610612764,3.0,0.0,2.0,1.0,1.0,1.0,0.0,0.0
1630170,22400769,1610612759,8.0,3.0,2.0,0.0,12.0,4.0,0.0,0.0
203084,22400769,1610612759,14.0,3.0,7.0,0.0,13.0,5.0,2.0,2.0
1641705,22400769,1610612759,17.0,4.0,13.0,2.0,16.0,7.0,2.0,2.0
1628368,22400769,1610612759,23.0,5.0,3.0,0.0,16.0,10.0,3.0,2.0
101108,22400769,1610612759,5.0,8.0,2.0,0.0,8.0,2.0,1.0,0.0
1631110,22400769,1610612759,4.0,0.0,3.0,0.0,3.0,2.0,0.0,0.0
1630577,22400769,1610612759,7.0,1.0,3.0,0.0,6.0,3.0,0.0,0.0
1629640,22400769,1610612759,5.0,3.0,1.0,0.0,5.0,2.0,0.0,0.0
1642264,22400769,1610612759,20.0,3.0,4.0,0.0,16.0,7.0,4.0,4.0
1629162,22400769,1610612759,0.0,0.0,0.0,0.0,0.0,0.0,0.0,0.0
1631104,22400769,1610612759,0.0,0.0,0.0,0.0,1.0,0.0,0.0,0.0
202687,22400769,1610612759,0.0,0.0,0.0,0.0,0.0,0.0,0.0,0.0
1631103,22400769,1610612759,0.0,0.0,0.0,0.0,0.0,0.0,0.0,0.0
1630572,22400769,1610612759,0.0,0.0,0.0,0.0,0.0,0.0,0.0,0.0
1628369,22400769,1610612738,32.0,7.0,14.0,1.0,25.0,12.0,8.0,4.0
201143,22400769,1610612738,6.0,3.0,10.0,2.0,10.0,2.0,0.0,0.0
204001,22400769,1610612738,29.0,1.0,6.0,1.0,16.0,10.0,9.0,6.0
1630573,22400769,1610612738,12.0,0.0,7.0,0.0,9.0,4.0,2.0,2.0
1628401,22400769,1610612738,19.0,9.0,7.0,0.0,16.0,7.0,2.0,2.0
1630202,22400769,1610612738,10.0,3.0,7.0,0.0,12.0,4.0,0.0,0.0
1628436,22400769,1610612738,2.0,1.0,4.0,0.0,1.0,1.0,0.0,0.0
1628470,22400769,1610612738,6.0,1.0,0.0,1.0,2.0,2.0,0.0,0.0
1631248,22400769,1610612738,0.0,0.0,1.0,0.0,0.0,0.0,0.0,0.0
1641775,22400769,1610612738,0.0,0.0,0.0,0.0,0.0,0.0,0.0,0.0
1629674,22400769,1610612738,0.0,0.0,0.0,0.0,0.0,0.0,0.0,0.0
203952,22400778,1610612748,13.0,3.0,4.0,1.0,12.0,4.0,6.0,4.0
1628389,22400778,1610612748,27.0,4.0,15.0,1.0,19.0,11.0,2.0,2.0
1642276,22400778,1610612748,7.0,0.0,6.0,2.0,3.0,2.0,4.0,3.0
1629639,22400778,1610612748,14.0,6.0,2.0,0.0,12.0,5.0,4.0,3.0
1630558,22400778,1610612748,14.0,3.0,1.0,0.0,10.0,6.0,0.0,0.0
1631107,22400778,1610612748,11.0,4.0,3.0,0.0,12.0,4.0,2.0,1.0
202692,22400778,1610612748,11.0,1.0,9.0,1.0,8.0,3.0,5.0,4.0
1629312,22400778,1610612748,1.0,3.0,2.0,0.0,1.0,0.0,2.0,1.0
1641796,22400778,1610612748,3.0,0.0,3.0,0.0,2.0,1.0,0.0,0.0
1629652,22400778,1610612760,17.0,1.0,2.0,1.0,10.0,7.0,1.0,1.0
1631114,22400778,1610612760,18.0,3.0,6.0,0.0,15.0,7.0,5.0,3.0
1628392,22400778,1610612760,8.0,1.0,8.0,1.0,7.0,4.0,0.0,0.0
1630598,22400778,1610612760,11.0,2.0,5.0,0.0,14.0,5.0,0.0,0.0
1628983,22400778,1610612760,32.0,9.0,5.0,0.0,22.0,11.0,9.0,6.0
1631119,22400778,1610612760,3.0,3.0,5.0,1.0,2.0,1.0,0.0,0.0
1627936,22400778,1610612760,2.0,2.0,1.0,0.0,1.0,0.0,2.0,2.0
1630198,22400778,1610612760,10.0,1.0,3.0,0.0,8.0,3.0,2.0,1.0
1641794,22400778,1610612760,0.0,0.0,2.0,0.0,1.0,0.0,0.0,0.0
1629026,22400778,1610612760,14.0,0.0,4.0,0.0,8.0,5.0,1.0,1.0
1626162,22400772,1610612755,30.0,0.0,3.0,0.0,16.0,10.0,8.0,8.0
202331,22400772,1610612755,2.0,4.0,6.0,3.0,7.0,1.0,0.0,0.0
1627824,22400772,1610612755,5.0,1.0,2.0,0.0,5.0,2.0,0.0,0.0
1629656,22400772,1610612755,30.0,4.0,9.0,1.0,18.0,10.0,9.0,6.0
1630215,22400772,1610612755,8.0,9.0,2.0,2.0,9.0,2.0,5.0,4.0
203083,22400772,1610612755,4.0,1.0,8.0,2.0,5.0,2.0,0.0,0.0
1642348,22400772,1610612755,13.0,3.0,5.0,0.0,13.0,6.0,0.0,0.0
1630288,22400772,1610612755,2.0,3.0,1.0,0.0,5.0,1.0,0.0,0.0
1641741,22400772,1610612755,0.0,0.0,0.0,0.0,1.0,0.0,0.0,0.0
1641737,22400772,1610612755,2.0,0.0,2.0,1.0,2.0,1.0,0.0,0.0
1629661,22400772,1610612751,16.0,3.0,6.0,1.0,14.0,6.0,4.0,3.0
1630533,22400772,1610612751,6.0,1.0,3.0,0.0,6.0,2.0,1.0,1.0
1629651,22400772,1610612751,13.0,3.0,11.0,5.0,12.0,5.0,4.0,3.0
1630553,22400772,1610612751,6.0,3.0,5.0,0.0,9.0,3.0,0.0,0.0
1626156,22400772,1610612751,22.0,4.0,5.0,0.0,15.0,9.0,2.0,1.0
1630592,22400772,1610612751,6.0,2.0,4.0,0.0,4.0,2.0,0.0,0.0
1630570,22400772,1610612751,18.0,2.0,1.0,1.0,8.0,7.0,4.0,4.0
1630549,22400772,1610612751,8.0,2.0,9.0,0.0,6.0,4.0,0.0,0.0
1641787,22400772,1610612751,2.0,2.0,2.0,0.0,6.0,1.0,0.0,0.0
1631213,22400772,1610612751,3.0,1.0,3.0,0.0,5.0,1.0,0.0,0.0
1641727,22400772,1610612751,0.0,0.0,1.0,0.0,0.0,0.0,0.0,0.0
1641721,22400772,1610612751,0.0,0.0,0.0,0.0,0.0,0.0,0.0,0.0
1641736,22400772,1610612751,0.0,0.0,0.0,0.0,0.0,0.0,0.0,0.0
1642377,22400783,1610612763,18,1,3,0,11,7,2,1
1628991,22400783,1610612763,13,2,6,2,12,5,5,3
1641744,22400783,1610612763,4,0,5,0,4,2,0,0
1628379,22400783,1610612763,12,2,2,0,10,5,0,0
1630217,22400783,1610612763,23,4,6,0,17,8,2,1
1630590,22400783,1610612763,8,4,3,0,5,3,3,2
1630583,22400783,1610612763,14,7,5,1,10,5,0,0
1641713,22400783,1610612763,15,3,8,0,11,6,3,1
1629634,22400783,1610612763,4,0,2,0,6,2,0,0
1629723,22400783,1610612763,3,0,0,0,1,1,0,0
1630643,22400783,1610612763,0,1,0,1,1,0,0,0
1642530,22400783,1610612763,0,0,0,0,0,0,0,0
1642389,22400783,1610612763,0,0,0,0,1,0,0,0
1626181,22400783,1610612746,18,2,5,0,14,7,4,3
202695,22400783,1610612746,25,4,5,0,19,9,5,5
1627826,22400783,1610612746,12,3,13,1,7,5,2,2
1627739,22400783,1610612746,14,5,3,0,6,5,0,0
201935,22400783,1610612746,18,10,8,1,18,6,4,4
1629599,22400783,1610612746,15,1,3,0,9,4,7,7
203992,22400783,1610612746,7,1,2,0,4,3,0,0
1627884,22400783,1610612746,9,0,2,0,7,4,0,0
201587,22400783,1610612746,3,0,3,0,4,1,0,0
201988,22400783,1610612746,0,1,0,0,0,0,0,0
1630699,22400783,1610612746,0,0,0,0,1,0,0,0
1630539,22400783,1610612746,2,0,1,0,1,1,0,0
1642353,22400783,1610612746,5,0,0,0,3,2,0,0
1641738,22400783,1610612746,0,2,1,0,0,0,0,0
1629060,22400781,1610612747,19.0,1.0,3.0,0.0,15.0,8.0,1.0,0.0
2544,22400781,1610612747,18.0,7.0,6.0,0.0,13.0,6.0,4.0,2.0
1629637,22400781,1610612747,4.0,1.0,2.0,1.0,2.0,2.0,0.0,0.0
1630559,22400781,1610612747,15.0,11.0,5.0,0.0,15.0,4.0,8.0,6.0
1629029,22400781,1610612747,16.0,4.0,4.0,1.0,13.0,6.0,5.0,1.0
1629020,22400781,1610612747,3.0,0.0,6.0,0.0,3.0,1.0,2.0,0.0
203458,22400781,1610612747,4.0,2.0,7.0,1.0,5.0,2.0,0.0,0.0
1629003,22400781,1610612747,9.0,1.0,4.0,0.0,5.0,3.0,2.0,2.0
1642261,22400781,1610612747,10.0,0.0,0.0,0.0,7.0,3.0,2.0,1.0
1630692,22400781,1610612747,3.0,2.0,4.0,0.0,4.0,1.0,0.0,0.0
1631132,22400781,1610612747,4.0,0.0,4.0,0.0,1.0,1.0,2.0,2.0
1642355,22400781,1610612747,9.0,1.0,0.0,0.0,4.0,3.0,2.0,1.0
202693,22400781,1610612747,5.0,1.0,0.0,0.0,5.0,1.0,2.0,2.0
1628374,22400781,1610612762,32.0,0.0,5.0,0.0,18.0,11.0,4.0,4.0
1628381,22400781,1610612762,17.0,1.0,8.0,2.0,9.0,5.0,7.0,7.0
1631117,22400781,1610612762,16.0,1.0,8.0,6.0,8.0,8.0,0.0,0.0
203903,22400781,1610612762,21.0,7.0,9.0,0.0,17.0,7.0,8.0,4.0
1642268,22400781,1610612762,10.0,9.0,7.0,0.0,6.0,4.0,2.0,1.0
1641718,22400781,1610612762,20.0,10.0,7.0,0.0,12.0,7.0,4.0,3.0
1641729,22400781,1610612762,2.0,0.0,1.0,0.0,3.0,0.0,2.0,2.0
1642271,22400781,1610612762,3.0,1.0,3.0,0.0,4.0,1.0,2.0,1.0
1630548,22400781,1610612762,3.0,0.0,0.0,0.0,7.0,1.0,0.0,0.0
1642262,22400781,1610612762,7.0,1.0,0.0,0.0,2.0,1.0,4.0,4.0
1631200,22400780,1610612757,6.0,3.0,3.0,0.0,6.0,2.0,2.0,0.0
1641739,22400780,1610612757,13.0,2.0,2.0,3.0,10.0,4.0,4.0,4.0
1642270,22400780,1610612757,17.0,2.0,20.0,3.0,12.0,7.0,5.0,3.0
1630166,22400780,1610612757,14.0,1.0,5.0,0.0,12.0,5.0,4.0,3.0
1629014,22400780,1610612757,26.0,6.0,3.0,0.0,19.0,9.0,5.0,5.0
1630625,22400780,1610612757,14.0,5.0,1.0,0.0,13.0,5.0,3.0,1.0
1631101,22400780,1610612757,14.0,7.0,4.0,0.0,15.0,5.0,4.0,3.0
1631133,22400780,1610612757,17.0,1.0,7.0,0.0,7.0,6.0,2.0,2.0
1641712,22400780,1610612757,0.0,0.0,0.0,0.0,0.0,0.0,0.0,0.0
1631128,22400780,1610612743,21.0,6.0,10.0,1.0,13.0,7.0,7.0,5.0
1630192,22400780,1610612743,16.0,1.0,5.0,4.0,9.0,6.0,4.0,2.0
203999,22400780,1610612743,26.0,10.0,15.0,0.0,20.0,11.0,4.0,4.0
1631124,22400780,1610612743,11.0,1.0,5.0,1.0,10.0,4.0,0.0,0.0
1627750,22400780,1610612743,55.0,5.0,4.0,0.0,36.0,20.0,9.0,8.0
1629618,22400780,1610612743,3.0,1.0,3.0,0.0,5.0,1.0,0.0,0.0
203967,22400780,1610612743,0.0,0.0,2.0,0.0,0.0,0.0,0.0,0.0
201599,22400780,1610612743,0.0,2.0,5.0,1.0,1.0,0.0,0.0,0.0
1641816,22400780,1610612743,0.0,0.0,0.0,0.0,2.0,0.0,0.0,0.0
202710,22400782,1610612744,21.0,7.0,9.0,1.0,17.0,8.0,6.0,5.0
203110,22400782,1610612744,13.0,5.0,5.0,2.0,10.0,5.0,3.0,3.0
1642366,22400782,1610612744,5.0,0.0,4.0,0.0,3.0,2.0,0.0,0.0
1627741,22400782,1610612744,3.0,0.0,3.0,0.0,9.0,1.0,0.0,0.0
201939,22400782,1610612744,25.0,8.0,5.0,0.0,23.0,9.0,4.0,3.0
1627780,22400782,1610612744,14.0,0.0,2.0,0.0,9.0,6.0,0.0,0.0
1626172,22400782,1610612744,4.0,2.0,8.0,1.0,3.0,1.0,2.0,2.0
1630541,22400782,1610612744,14.0,0.0,5.0,2.0,13.0,5.0,3.0,2.0
1641764,22400782,1610612744,8.0,5.0,2.0,0.0,9.0,4.0,0.0,0.0
1630611,22400782,1610612744,0.0,2.0,7.0,0.0,0.0,0.0,0.0,0.0
202691,22400782,1610612742,17.0,2.0,7.0,2.0,19.0,6.0,0.0,0.0
1641765,22400782,1610612742,6.0,6.0,3.0,0.0,9.0,3.0,0.0,0.0
1630556,22400782,1610612742,4.0,6.0,6.0,3.0,5.0,2.0,0.0,0.0
1631108,22400782,1610612742,17.0,4.0,5.0,0.0,12.0,6.0,4.0,4.0
202681,22400782,1610612742,42.0,0.0,7.0,0.0,25.0,15.0,5.0,5.0
203915,22400782,1610612742,3.0,1.0,2.0,0.0,1.0,1.0,2.0,1.0
1630230,22400782,1610612742,10.0,1.0,8.0,1.0,10.0,5.0,0.0,0.0
1630283,22400782,1610612742,0.0,0.0,0.0,0.0,0.0,0.0,0.0,0.0
1630702,22400782,1610612742,0.0,0.0,0.0,0.0,0.0,0.0,2.0,0.0
1630314,22400782,1610612742,12.0,0.0,1.0,1.0,6.0,4.0,2.0,2.0
1630182,22400770,1610612766,16.0,1.0,0.0,0.0,12.0,7.0,0.0,0.0
1628970,22400770,1610612766,19.0,4.0,8.0,0.0,23.0,6.0,5.0,5.0
203994,22400770,1610612766,9.0,1.0,8.0,1.0,5.0,3.0,4.0,3.0
1641733,22400770,1610612766,2.0,3.0,1.0,0.0,5.0,1.0,0.0,0.0
203901,22400770,1610612766,4.0,7.0,4.0,1.0,6.0,2.0,0.0,0.0
201959,22400770,1610612766,10.0,0.0,12.0,1.0,6.0,4.0,2.0,2.0
1641878,22400770,1610612766,16.0,3.0,5.0,0.0,8.0,5.0,4.0,4.0
1631209,22400770,1610612766,7.0,1.0,0.0,0.0,7.0,3.0,0.0,0.0
1642275,22400770,1610612766,3.0,1.0,3.0,0.0,5.0,1.0,0.0,0.0
1629610,22400770,1610612766,0.0,0.0,2.0,1.0,4.0,0.0,0.0,0.0
1630532,22400770,1610612753,16.0,2.0,7.0,0.0,11.0,6.0,5.0,4.0
1631094,22400770,1610612753,24.0,6.0,8.0,1.0,20.0,8.0,5.0,4.0
1629048,22400770,1610612753,1.0,2.0,7.0,4.0,4.0,0.0,2.0,1.0
203484,22400770,1610612753,2.0,0.0,3.0,0.0,5.0,1.0,0.0,0.0
1630175,22400770,1610612753,13.0,1.0,6.0,0.0,11.0,5.0,0.0,0.0
1628976,22400770,1610612753,11.0,0.0,11.0,0.0,8.0,4.0,4.0,3.0
203914,22400770,1610612753,0.0,0.0,0.0,1.0,0.0,0.0,0.0,0.0
1641724,22400770,1610612753,6.0,5.0,2.0,1.0,8.0,2.0,0.0,0.0
1641710,22400770,1610612753,18.0,3.0,4.0,2.0,13.0,8.0,1.0,0.0
1641783,22400770,1610612753,0.0,2.0,1.0,0.0,2.0,0.0,0.0,0.0
1631216,22400770,1610612753,6.0,0.0,1.0,0.0,3.0,2.0,0.0,0.0
1630243,22400770,1610612753,2.0,1.0,2.0,0.0,4.0,0.0,2.0,2.0
202709,22400770,1610612753,3.0,0.0,0.0,0.0,1.0,1.0,0.0,0.0
1641709,22400775,1610612765,19.0,7.0,5.0,0.0,10.0,8.0,7.0,3.0
202699,22400775,1610612765,19.0,0.0,5.0,1.0,11.0,6.0,7.0,6.0
1631105,22400775,1610612765,16.0,5.0,14.0,2.0,7.0,6.0,5.0,4.0
203501,22400775,1610612765,5.0,2.0,4.0,0.0,8.0,2.0,0.0,0.0
1630595,22400775,1610612765,29.0,7.0,5.0,1.0,19.0,9.0,10.0,9.0
1627736,22400775,1610612765,14.0,1.0,3.0,0.0,10.0,5.0,0.0,0.0
1631323,22400775,1610612765,6.0,2.0,5.0,0.0,3.0,1.0,4.0,4.0
1630191,22400775,1610612765,12.0,1.0,3.0,2.0,8.0,5.0,2.0,2.0
203471,22400775,1610612765,8.0,4.0,2.0,0.0,9.0,3.0,0.0,0.0
1641842,22400775,1610612765,0.0,1.0,1.0,0.0,3.0,0.0,0.0,0.0
1630245,22400775,1610612741,23.0,6.0,3.0,0.0,16.0,9.0,6.0,5.0
1641824,22400775,1610612741,11.0,1.0,1.0,0.0,12.0,5.0,0.0,0.0
202696,22400775,1610612741,21.0,5.0,14.0,0.0,12.0,7.0,6.0,6.0
1629632,22400775,1610612741,7.0,3.0,4.0,2.0,14.0,2.0,1.0,1.0
1630581,22400775,1610612741,17.0,3.0,2.0,2.0,8.0,4.0,8.0,6.0
1630172,22400775,1610612741,3.0,1.0,1.0,1.0,2.0,1.0,0.0,0.0
1628989,22400775,1610612741,2.0,2.0,4.0,0.0,8.0,1.0,0.0,0.0
1630188,22400775,1610612741,11.0,0.0,5.0,1.0,7.0,3.0,4.0,4.0
1630200,22400775,1610612741,15.0,2.0,2.0,0.0,7.0,5.0,5.0,5.0
1641763,22400775,1610612741,0.0,0.0,1.0,1.0,0.0,0.0,0.0,0.0
1627752,22400776,1610612749,11.0,2.0,4.0,0.0,9.0,4.0,0.0,0.0
1628398,22400776,1610612749,19.0,4.0,13.0,0.0,17.0,7.0,8.0,5.0
201572,22400776,1610612749,11.0,2.0,7.0,1.0,5.0,3.0,4.0,4.0
1631157,22400776,1610612749,4.0,3.0,5.0,0.0,12.0,2.0,0.0,0.0
1641748,22400776,1610612749,9.0,1.0,3.0,0.0,6.0,4.0,0.0,0.0
1626171,22400776,1610612749,8.0,4.0,6.0,0.0,10.0,4.0,0.0,0.0
1629018,22400776,1610612749,21.0,2.0,1.0,0.0,12.0,8.0,2.0,2.0
1631260,22400776,1610612749,9.0,1.0,1.0,0.0,8.0,3.0,0.0,0.0
1629645,22400776,1610612749,11.0,5.0,8.0,0.0,9.0,4.0,2.0,2.0
1630183,22400776,1610612750,10.0,2.0,8.0,3.0,11.0,4.0,0.0,0.0
1629675,22400776,1610612750,22.0,2.0,13.0,1.0,17.0,7.0,7.0,7.0
203497,22400776,1610612750,20.0,4.0,14.0,1.0,14.0,10.0,0.0,0.0
1630162,22400776,1610612750,28.0,4.0,7.0,0.0,33.0,10.0,5.0,4.0
1629638,22400776,1610612750,5.0,5.0,5.0,0.0,6.0,2.0,0.0,0.0
1641740,22400776,1610612750,0.0,0.0,2.0,0.0,6.0,0.0,0.0,0.0
1642265,22400776,1610612750,2.0,0.0,1.0,0.0,5.0,1.0,1.0,0.0
1630545,22400776,1610612750,11.0,6.0,5.0,1.0,7.0,4.0,2.0,2.0
204060,22400776,1610612750,3.0,4.0,4.0,0.0,4.0,1.0,0.0,0.0
1631243,22400773,1610612737,2.0,1.0,3.0,1.0,6.0,0.0,2.0,2.0
1642258,22400773,1610612737,16.0,1.0,2.0,1.0,11.0,6.0,2.0,2.0
1630168,22400773,1610612737,21.0,5.0,14.0,3.0,10.0,9.0,8.0,3.0
1630700,22400773,1610612737,23.0,4.0,4.0,0.0,15.0,10.0,2.0,1.0
1629027,22400773,1610612737,38.0,19.0,1.0,0.0,29.0,11.0,14.0,12.0
1627777,22400773,1610612737,21.0,3.0,4.0,2.0,16.0,8.0,1.0,1.0
1627747,22400773,1610612737,20.0,7.0,10.0,3.0,13.0,8.0,4.0,2.0
1629611,22400773,1610612737,1.0,2.0,6.0,0.0,4.0,0.0,2.0,1.0
1631230,22400773,1610612737,6.0,1.0,3.0,0.0,6.0,3.0,0.0,0.0
1630173,22400773,1610612752,26.0,1.0,8.0,2.0,16.0,12.0,3.0,2.0
1628404,22400773,1610612752,18.0,6.0,10.0,1.0,13.0,5.0,8.0,8.0
1626157,22400773,1610612752,44.0,3.0,10.0,0.0,25.0,14.0,11.0,9.0
1628969,22400773,1610612752,11.0,4.0,3.0,2.0,8.0,5.0,0.0,0.0
1628973,22400773,1610612752,36.0,8.0,3.0,0.0,21.0,13.0,10.0,7.0
1630540,22400773,1610612752,0.0,1.0,0.0,0.0,1.0,0.0,0.0,0.0
1630574,22400773,1610612752,0.0,0.0,1.0,0.0,0.0,0.0,0.0,0.0
1626166,22400773,1610612752,10.0,4.0,3.0,0.0,7.0,3.0,5.0,4.0
1629013,22400773,1610612752,4.0,1.0,1.0,0.0,3.0,2.0,0.0,0.0
201142,22400779,1610612756,37.0,9.0,5.0,0.0,22.0,15.0,5.0,5.0
1629626,22400779,1610612756,15.0,0.0,4.0,2.0,18.0,7.0,0.0,0.0
1630208,22400779,1610612756,11.0,0.0,13.0,2.0,6.0,5.0,2.0,1.0
1626220,22400779,1610612756,14.0,0.0,4.0,0.0,9.0,5.0,0.0,0.0
1626145,22400779,1610612756,10.0,6.0,5.0,0.0,11.0,4.0,2.0,1.0
1642346,22400779,1610612756,0.0,0.0,2.0,0.0,2.0,0.0,0.0,0.0
203486,22400779,1610612756,4.0,4.0,5.0,0.0,3.0,2.0,0.0,0.0
1631102,22400779,1610612756,11.0,3.0,4.0,0.0,10.0,4.0,2.0,2.0
1631221,22400779,1610612756,9.0,3.0,1.0,1.0,8.0,4.0,0.0,0.0
1628415,22400779,1610612745,18.0,3.0,2.0,0.0,13.0,5.0,4.0,4.0
1631106,22400779,1610612745,25.0,4.0,9.0,0.0,16.0,11.0,1.0,0.0
1630578,22400779,1610612745,17.0,5.0,13.0,1.0,12.0,7.0,6.0,3.0
1630224,22400779,1610612745,22.0,5.0,3.0,1.0,21.0,8.0,3.0,2.0
1641708,22400779,1610612745,18.0,11.0,10.0,2.0,13.0,7.0,7.0,4.0
1630256,22400779,1610612745,5.0,0.0,1.0,0.0,5.0,2.0,0.0,0.0
1641715,22400779,1610612745,4.0,3.0,2.0,0.0,10.0,2.0,0.0,0.0
203500,22400779,1610612745,5.0,0.0,6.0,0.0,5.0,2.0,3.0,1.0
1642263,22400779,1610612745,5.0,1.0,1.0,0.0,2.0,2.0,0.0,0.0
1628404,22400765,1610612752,30.0,5.0,10.0,0.0,16.0,12.0,7.0,5.0
1630173,22400765,1610612752,9.0,2.0,12.0,1.0,8.0,3.0,4.0,3.0
1626157,22400765,1610612752,40.0,5.0,12.0,0.0,23.0,14.0,9.0,9.0
1628969,22400765,1610612752,6.0,5.0,5.0,0.0,7.0,3.0,0.0,0.0
1628973,22400765,1610612752,8.0,7.0,2.0,0.0,11.0,4.0,0.0,0.0
1630574,22400765,1610612752,0.0,0.0,2.0,0.0,1.0,0.0,0.0,0.0
1630540,22400765,1610612752,15.0,1.0,3.0,0.0,7.0,4.0,3.0,3.0
1626166,22400765,1610612752,9.0,8.0,1.0,1.0,8.0,4.0,0.0,0.0
1629013,22400765,1610612752,11.0,4.0,1.0,0.0,9.0,5.0,0.0,0.0
1642278,22400765,1610612752,0.0,0.0,0.0,0.0,0.0,0.0,0.0,0.0
1630346,22400765,1610612752,0.0,0.0,0.0,0.0,1.0,0.0,0.0,0.0
1630174,22400765,1610612754,0.0,3.0,0.0,0.0,3.0,0.0,0.0,0.0
1627783,22400765,1610612754,24.0,1.0,5.0,1.0,18.0,9.0,3.0,3.0
1628418,22400765,1610612754,18.0,4.0,9.0,1.0,12.0,8.0,1.0,1.0
1629614,22400765,1610612754,8.0,2.0,1.0,0.0,8.0,3.0,2.0,2.0
1630169,22400765,1610612754,16.0,8.0,5.0,0.0,15.0,7.0,0.0,0.0
1631097,22400765,1610612754,18.0,4.0,3.0,1.0,10.0,4.0,11.0,9.0
1630167,22400765,1610612754,9.0,1.0,3.0,0.0,8.0,4.0,2.0,1.0
204456,22400765,1610612754,7.0,6.0,1.0,0.0,5.0,3.0,4.0,1.0
1641767,22400765,1610612754,12.0,0.0,0.0,0.0,5.0,4.0,2.0,2.0
1641716,22400765,1610612754,3.0,1.0,3.0,0.0,3.0,1.0,1.0,1.0
1626143,22400765,1610612754,0.0,1.0,1.0,0.0,0.0,0.0,0.0,0.0
1642277,22400765,1610612754,0.0,1.0,5.0,0.0,2.0,0.0,0.0,0.0
1630534,22400764,1610612761,11.0,1.0,4.0,0.0,10.0,5.0,0.0,0.0
1630567,22400764,1610612761,33.0,3.0,10.0,2.0,16.0,10.0,15.0,12.0
1642367,22400764,1610612761,4.0,5.0,5.0,0.0,4.0,2.0,0.0,0.0
1641711,22400764,1610612761,17.0,0.0,4.0,1.0,13.0,6.0,3.0,2.0
1630193,22400764,1610612761,23.0,5.0,3.0,0.0,11.0,7.0,5.0,5.0
1642347,22400764,1610612761,6.0,5.0,3.0,0.0,5.0,3.0,0.0,0.0
1628449,22400764,1610612761,0.0,1.0,8.0,0.0,6.0,0.0,0.0,0.0
1631115,22400764,1610612761,4.0,2.0,4.0,0.0,4.0,2.0,0.0,0.0
1642266,22400764,1610612761,5.0,1.0,5.0,0.0,8.0,2.0,0.0,0.0
1642279,22400764,1610612761,0.0,0.0,2.0,1.0,2.0,0.0,0.0,0.0
1642419,22400764,1610612761,3.0,0.0,1.0,0.0,3.0,1.0,0.0,0.0
1642348,22400764,1610612755,9.0,0.0,2.0,0.0,7.0,4.0,0.0,0.0
202331,22400764,1610612755,14.0,2.0,3.0,0.0,12.0,5.0,2.0,2.0
203954,22400764,1610612755,27.0,4.0,12.0,1.0,19.0,8.0,13.0,10.0
1626162,22400764,1610612755,12.0,3.0,7.0,1.0,12.0,6.0,0.0,0.0
1630178,22400764,1610612755,5.0,3.0,5.0,0.0,9.0,1.0,2.0,2.0
1629656,22400764,1610612755,13.0,4.0,7.0,0.0,12.0,5.0,3.0,2.0
1627824,22400764,1610612755,8.0,2.0,6.0,0.0,9.0,2.0,2.0,2.0
1641741,22400764,1610612755,0.0,0.0,0.0,0.0,1.0,0.0,0.0,0.0
1630215,22400764,1610612755,15.0,4.0,4.0,0.0,10.0,6.0,2.0,2.0
1642377,22400767,1610612763,8.0,1.0,4.0,0.0,8.0,3.0,0.0,0.0
1628991,22400767,1610612763,17.0,1.0,6.0,1.0,17.0,6.0,8.0,5.0
1641744,22400767,1610612763,4.0,0.0,9.0,2.0,6.0,2.0,0.0,0.0
1630217,22400767,1610612763,20.0,4.0,8.0,0.0,13.0,6.0,7.0,6.0
1629630,22400767,1610612763,26.0,6.0,7.0,0.0,19.0,8.0,12.0,10.0
1629634,22400767,1610612763,14.0,2.0,7.0,0.0,11.0,7.0,0.0,0.0
1630583,22400767,1610612763,14.0,1.0,5.0,0.0,10.0,5.0,0.0,0.0
1641713,22400767,1610612763,3.0,1.0,0.0,0.0,3.0,1.0,0.0,0.0
1628379,22400767,1610612763,0.0,3.0,4.0,0.0,1.0,0.0,0.0,0.0
1631246,22400767,1610612763,7.0,1.0,9.0,0.0,9.0,3.0,0.0,0.0
1630590,22400767,1610612763,6.0,2.0,1.0,0.0,3.0,2.0,0.0,0.0
201142,22400767,1610612756,34.0,3.0,3.0,5.0,18.0,12.0,10.0,7.0
1629626,22400767,1610612756,18.0,2.0,14.0,4.0,16.0,7.0,2.0,1.0
1630208,22400767,1610612756,6.0,1.0,4.0,0.0,4.0,2.0,2.0,2.0
1626164,22400767,1610612756,17.0,9.0,2.0,0.0,13.0,6.0,5.0,5.0
1626145,22400767,1610612756,11.0,9.0,3.0,0.0,11.0,4.0,1.0,1.0
1626220,22400767,1610612756,11.0,4.0,6.0,0.0,12.0,4.0,0.0,0.0
1631102,22400767,1610612756,2.0,3.0,3.0,0.0,8.0,1.0,0.0,0.0
203486,22400767,1610612756,4.0,1.0,6.0,0.0,3.0,2.0,0.0,0.0
1628960,22400767,1610612756,9.0,3.0,0.0,0.0,7.0,3.0,2.0,2.0
1642346,22400767,1610612756,0.0,0.0,1.0,0.0,0.0,0.0,0.0,0.0
1641709,22400766,1610612765,16,4,3,2,8,7,2,2
202699,22400766,1610612765,18,0,3,1,13,8,0,0
1631105,22400766,1610612765,4,5,11,1,5,2,0,0
203501,22400766,1610612765,3,3,3,0,6,1,0,0
1630595,22400766,1610612765,20,7,6,1,14,9,1,1
1627736,22400766,1610612765,24,0,2,0,12,8,1,1
1631323,22400766,1610612765,8,1,10,1,8,2,3,3
1630191,22400766,1610612765,14,3,6,0,8,6,0,0
203471,22400766,1610612765,4,4,2,0,6,1,2,2
1641842,22400766,1610612765,2,1,3,0,4,0,2,2
1631204,22400766,1610612765,14,0,0,0,5,5,0,0
1630194,22400766,1610612765,5,1,6,2,4,2,2,1
1630322,22400766,1610612765,0,1,0,0,3,0,0,0
1630245,22400766,1610612741,8,2,1,0,6,3,2,1
1641824,22400766,1610612741,12,1,1,0,7,5,0,0
202696,22400766,1610612741,8,1,7,1,15,4,1,0
1629632,22400766,1610612741,5,2,3,0,13,2,2,1
1630581,22400766,1610612741,11,4,6,1,10,5,0,0
1630172,22400766,1610612741,5,0,3,0,8,2,0,0
1630200,22400766,1610612741,8,1,2,0,6,3,2,2
1630188,22400766,1610612741,5,3,3,0,6,2,0,0
1628989,22400766,1610612741,5,4,5,0,7,2,2,1
1641763,22400766,1610612741,7,0,1,0,4,2,3,2
1628380,22400766,1610612741,5,0,5,0,2,1,2,2
1628975,22400766,1610612741,3,4,2,0,5,1,0,0
1631207,22400766,1610612741,6,0,3,0,6,2,2,1
1629659,22400766,1610612741,4,0,2,0,5,1,3,2
1630170,22400757,1610612759,7.0,1.0,3.0,0.0,9.0,2.0,1.0,1.0
203084,22400757,1610612759,12.0,0.0,5.0,0.0,9.0,4.0,2.0,2.0
1641705,22400757,1610612759,31.0,4.0,15.0,3.0,21.0,12.0,4.0,2.0
1628368,22400757,1610612759,30.0,6.0,4.0,0.0,14.0,7.0,18.0,15.0
101108,22400757,1610612759,8.0,9.0,5.0,0.0,6.0,2.0,2.0,2.0
1630577,22400757,1610612759,6.0,1.0,0.0,0.0,3.0,2.0,1.0,1.0
1631110,22400757,1610612759,14.0,3.0,5.0,0.0,7.0,6.0,1.0,1.0
1642264,22400757,1610612759,16.0,2.0,1.0,1.0,9.0,7.0,0.0,0.0
1629640,22400757,1610612759,4.0,1.0,4.0,0.0,8.0,2.0,0.0,0.0
1630572,22400757,1610612759,3.0,1.0,1.0,0.0,2.0,1.0,0.0,0.0
1641731,22400757,1610612764,10.0,4.0,3.0,0.0,9.0,4.0,0.0,0.0
1642273,22400757,1610612764,11.0,3.0,7.0,0.0,10.0,3.0,5.0,4.0
1626158,22400757,1610612764,17.0,0.0,4.0,1.0,9.0,8.0,2.0,1.0
1629673,22400757,1610612764,16.0,4.0,6.0,0.0,18.0,4.0,6.0,6.0
1642267,22400757,1610612764,10.0,5.0,4.0,0.0,10.0,4.0,0.0,0.0
1630557,22400757,1610612764,14.0,2.0,2.0,0.0,11.0,5.0,1.0,1.0
1641774,22400757,1610612764,18.0,2.0,6.0,1.0,10.0,7.0,2.0,2.0
1627763,22400757,1610612764,11.0,5.0,5.0,0.0,10.0,5.0,1.0,1.0
1630551,22400757,1610612764,14.0,1.0,5.0,1.0,6.0,5.0,2.0,2.0
201942,22400762,1610612758,42.0,3.0,7.0,0.0,22.0,15.0,8.0,8.0
1631099,22400762,1610612758,11.0,3.0,5.0,1.0,11.0,5.0,0.0,0.0
1627734,22400762,1610612758,16.0,8.0,15.0,0.0,10.0,7.0,5.0,2.0
203897,22400762,1610612758,17.0,4.0,4.0,0.0,18.0,8.0,0.0,0.0
1628370,22400762,1610612758,17.0,8.0,3.0,1.0,17.0,7.0,4.0,3.0
1631165,22400762,1610612758,8.0,1.0,6.0,1.0,5.0,3.0,0.0,0.0
1631222,22400762,1610612758,2.0,1.0,1.0,0.0,1.0,1.0,0.0,0.0
1626168,22400762,1610612758,3.0,0.0,1.0,0.0,3.0,1.0,0.0,0.0
202685,22400762,1610612758,13.0,0.0,8.0,0.0,9.0,6.0,2.0,1.0
202691,22400762,1610612742,19.0,1.0,2.0,1.0,15.0,7.0,0.0,0.0
1630556,22400762,1610612742,6.0,1.0,1.0,2.0,5.0,3.0,0.0,0.0
1629655,22400762,1610612742,4.0,2.0,3.0,0.0,2.0,2.0,0.0,0.0
203957,22400762,1610612742,5.0,6.0,2.0,0.0,5.0,2.0,4.0,0.0
202681,22400762,1610612742,30.0,7.0,9.0,0.0,25.0,11.0,7.0,6.0
1641765,22400762,1610612742,16.0,1.0,4.0,0.0,10.0,6.0,4.0,4.0
203915,22400762,1610612742,20.0,5.0,2.0,0.0,16.0,8.0,3.0,1.0
1631108,22400762,1610612742,15.0,3.0,4.0,1.0,10.0,5.0,2.0,2.0
1630230,22400762,1610612742,9.0,5.0,6.0,0.0,4.0,3.0,4.0,2.0
1630702,22400762,1610612742,4.0,0.0,0.0,0.0,3.0,2.0,0.0,0.0
1630283,22400762,1610612742,0.0,0.0,0.0,0.0,0.0,0.0,0.0,0.0
1630166,22400763,1610612757,16.0,8.0,6.0,0.0,12.0,5.0,6.0,4.0
1641739,22400763,1610612757,6.0,2.0,6.0,1.0,7.0,2.0,0.0,0.0
1629028,22400763,1610612757,10.0,0.0,0.0,1.0,9.0,5.0,0.0,0.0
1629014,22400763,1610612757,17.0,4.0,0.0,0.0,13.0,5.0,4.0,4.0
1630703,22400763,1610612757,6.0,3.0,2.0,0.0,5.0,2.0,1.0,1.0
1631101,22400763,1610612757,11.0,1.0,3.0,0.0,11.0,5.0,0.0,0.0
1630625,22400763,1610612757,22.0,6.0,1.0,1.0,16.0,6.0,9.0,7.0
1631133,22400763,1610612757,5.0,1.0,5.0,0.0,4.0,1.0,2.0,2.0
1642270,22400763,1610612757,21.0,0.0,7.0,1.0,8.0,8.0,4.0,4.0
1641712,22400763,1610612757,0.0,0.0,3.0,0.0,1.0,0.0,0.0,0.0
1641871,22400763,1610612757,3.0,0.0,0.0,0.0,2.0,1.0,0.0,0.0
1631128,22400763,1610612743,26.0,2.0,6.0,1.0,14.0,12.0,2.0,2.0
203932,22400763,1610612743,9.0,7.0,2.0,0.0,5.0,3.0,2.0,2.0
203999,22400763,1610612743,40.0,8.0,7.0,1.0,22.0,15.0,8.0,8.0
1631124,22400763,1610612743,18.0,3.0,4.0,0.0,14.0,8.0,0.0,0.0
1627750,22400763,1610612743,17.0,8.0,2.0,0.0,10.0,7.0,3.0,2.0
1629618,22400763,1610612743,14.0,9.0,3.0,0.0,10.0,6.0,1.0,1.0
1630192,22400763,1610612743,11.0,3.0,5.0,0.0,5.0,4.0,2.0,2.0
201599,22400763,1610612743,5.0,2.0,2.0,0.0,2.0,2.0,2.0,1.0
1641816,22400763,1610612743,0.0,1.0,3.0,0.0,3.0,0.0,0.0,0.0
1641725,22400763,1610612743,4.0,0.0,4.0,0.0,4.0,2.0,0.0,0.0
1642461,22400763,1610612743,0.0,0.0,0.0,0.0,1.0,0.0,0.0,0.0
1641790,22400763,1610612743,2.0,1.0,0.0,0.0,1.0,1.0,0.0,0.0
1630183,22400755,1610612750,10,1,3,0,8,4,0,0
1629675,22400755,1610612750,10,4,6,2,12,4,2,1
203497,22400755,1610612750,12,1,8,2,6,4,5,4
1630162,22400755,1610612750,44,1,6,0,28,13,13,10
1629638,22400755,1610612750,6,2,6,1,6,2,2,2
1642265,22400755,1610612750,13,3,2,0,14,5,2,2
1641740,22400755,1610612750,4,0,0,0,4,2,0,0
1630545,22400755,1610612750,2,1,2,0,4,1,0,0
204060,22400755,1610612750,0,2,1,0,1,0,0,0
1630568,22400755,1610612750,0,0,0,0,1,0,2,0
1631169,22400755,1610612750,2,1,3,0,1,0,2,2
1641803,22400755,1610612750,0,1,3,0,1,0,0,0
1631159,22400755,1610612750,4,0,1,1,4,1,2,2
1629631,22400755,1610612739,12,0,1,0,7,3,4,3
1630596,22400755,1610612739,28,6,10,4,19,12,5,3
1628386,22400755,1610612739,14,3,13,0,8,6,2,2
1628378,22400755,1610612739,23,8,3,0,14,10,3,1
1629636,22400755,1610612739,17,3,1,0,14,6,1,1
1630241,22400755,1610612739,9,0,6,0,8,3,0,0
1629660,22400755,1610612739,15,4,2,0,8,4,5,5
1642281,22400755,1610612739,5,1,5,0,4,2,0,0
1631247,22400755,1610612739,0,0,1,0,1,0,0,0
1641854,22400755,1610612739,2,1,2,0,6,1,0,0
202684,22400755,1610612739,0,1,5,1,0,0,0,0
1641734,22400755,1610612739,3,0,0,0,5,1,0,0
1630182,22400758,1610612766,5.0,1.0,2.0,0.0,5.0,2.0,0.0,0.0
1628970,22400758,1610612766,7.0,3.0,7.0,2.0,11.0,3.0,2.0,1.0
1631217,22400758,1610612766,21.0,0.0,10.0,2.0,11.0,9.0,6.0,3.0
1641733,22400758,1610612766,13.0,5.0,1.0,0.0,12.0,4.0,4.0,4.0
1630163,22400758,1610612766,5.0,3.0,1.0,0.0,5.0,2.0,0.0,0.0
1642275,22400758,1610612766,16.0,0.0,5.0,1.0,10.0,4.0,9.0,6.0
1629610,22400758,1610612766,7.0,1.0,1.0,1.0,6.0,3.0,2.0,1.0
203552,22400758,1610612766,4.0,1.0,1.0,0.0,4.0,1.0,2.0,1.0
201959,22400758,1610612766,2.0,0.0,3.0,1.0,2.0,1.0,0.0,0.0
1642354,22400758,1610612766,9.0,4.0,9.0,0.0,12.0,3.0,3.0,3.0
1629661,22400758,1610612751,14.0,3.0,5.0,1.0,9.0,5.0,2.0,2.0
1630533,22400758,1610612751,11.0,3.0,5.0,0.0,8.0,3.0,4.0,3.0
1629651,22400758,1610612751,16.0,1.0,4.0,2.0,13.0,8.0,0.0,0.0
1630553,22400758,1610612751,5.0,1.0,4.0,1.0,12.0,2.0,0.0,0.0
1626156,22400758,1610612751,11.0,4.0,3.0,0.0,12.0,4.0,2.0,2.0
1630570,22400758,1610612751,13.0,4.0,2.0,0.0,8.0,4.0,2.0,2.0
1630592,22400758,1610612751,2.0,2.0,6.0,1.0,7.0,1.0,0.0,0.0
1631213,22400758,1610612751,4.0,3.0,3.0,0.0,4.0,1.0,2.0,2.0
1630549,22400758,1610612751,14.0,2.0,9.0,1.0,12.0,7.0,0.0,0.0
1641787,22400758,1610612751,7.0,1.0,6.0,0.0,7.0,2.0,2.0,2.0
1641736,22400758,1610612751,0.0,0.0,0.0,0.0,1.0,0.0,0.0,0.0
1642258,22400756,1610612737,11.0,4.0,2.0,0.0,6.0,3.0,4.0,4.0
1631243,22400756,1610612737,9.0,2.0,1.0,1.0,6.0,2.0,4.0,3.0
1630168,22400756,1610612737,9.0,2.0,7.0,1.0,7.0,3.0,3.0,3.0
1630700,22400756,1610612737,10.0,4.0,6.0,1.0,8.0,5.0,0.0,0.0
1629027,22400756,1610612737,19.0,8.0,5.0,0.0,17.0,6.0,7.0,6.0
1630249,22400756,1610612737,8.0,4.0,1.0,0.0,5.0,3.0,1.0,1.0
1627747,22400756,1610612737,18.0,2.0,8.0,0.0,11.0,6.0,4.0,3.0
1626204,22400756,1610612737,8.0,1.0,3.0,0.0,6.0,4.0,0.0,0.0
1627777,22400756,1610612737,8.0,1.0,4.0,0.0,7.0,2.0,4.0,3.0
1629611,22400756,1610612737,12.0,1.0,2.0,0.0,4.0,4.0,1.0,1.0
1630532,22400756,1610612753,37.0,3.0,7.0,0.0,29.0,15.0,4.0,4.0
1631094,22400756,1610612753,31.0,4.0,6.0,1.0,22.0,10.0,8.0,7.0
1629048,22400756,1610612753,0.0,0.0,3.0,4.0,1.0,0.0,0.0,0.0
203484,22400756,1610612753,6.0,1.0,2.0,0.0,4.0,1.0,3.0,3.0
1630175,22400756,1610612753,7.0,4.0,1.0,1.0,5.0,3.0,0.0,0.0
203914,22400756,1610612753,0.0,4.0,3.0,0.0,1.0,0.0,0.0,0.0
1628976,22400756,1610612753,4.0,1.0,2.0,0.0,2.0,2.0,2.0,0.0
1641710,22400756,1610612753,6.0,5.0,6.0,0.0,6.0,2.0,3.0,2.0
1641783,22400756,1610612753,9.0,0.0,2.0,1.0,5.0,2.0,4.0,4.0
1628371,22400756,1610612753,6.0,0.0,4.0,1.0,3.0,2.0,0.0,0.0
1628374,22400768,1610612762,17.0,1.0,3.0,1.0,18.0,8.0,0.0,0.0
1628381,22400768,1610612762,17.0,0.0,11.0,1.0,10.0,5.0,7.0,6.0
1631117,22400768,1610612762,13.0,2.0,12.0,1.0,7.0,5.0,3.0,3.0
203903,22400768,1610612762,16.0,4.0,1.0,0.0,15.0,6.0,2.0,1.0
1642268,22400768,1610612762,13.0,10.0,4.0,0.0,12.0,6.0,0.0,0.0
1641718,22400768,1610612762,11.0,8.0,2.0,0.0,9.0,2.0,6.0,6.0
1630695,22400768,1610612762,2.0,0.0,0.0,0.0,0.0,0.0,2.0,2.0
1641729,22400768,1610612762,1.0,2.0,1.0,0.0,1.0,0.0,2.0,1.0
1630548,22400768,1610612762,14.0,2.0,4.0,0.0,8.0,4.0,4.0,3.0
1642271,22400768,1610612762,9.0,0.0,1.0,0.0,4.0,3.0,1.0,1.0
1641989,22400768,1610612762,0.0,0.0,0.0,0.0,0.0,0.0,0.0,0.0
1629060,22400768,1610612747,21.0,0.0,6.0,0.0,14.0,8.0,2.0,2.0
2544,22400768,1610612747,24.0,8.0,7.0,0.0,17.0,10.0,2.0,1.0
1629637,22400768,1610612747,12.0,2.0,2.0,1.0,6.0,6.0,0.0,0.0
1630559,22400768,1610612747,22.0,4.0,9.0,1.0,10.0,6.0,7.0,7.0
1629029,22400768,1610612747,14.0,4.0,5.0,0.0,14.0,5.0,3.0,3.0
1627827,22400768,1610612747,4.0,1.0,4.0,0.0,4.0,1.0,2.0,2.0
1629216,22400768,1610612747,11.0,4.0,0.0,0.0,9.0,4.0,0.0,0.0
1629020,22400768,1610612747,0.0,1.0,2.0,0.0,3.0,0.0,0.0,0.0
1630692,22400768,1610612747,17.0,1.0,8.0,0.0,11.0,8.0,0.0,0.0
1629003,22400768,1610612747,2.0,1.0,1.0,0.0,2.0,0.0,2.0,2.0
1641998,22400768,1610612747,2.0,0.0,0.0,0.0,1.0,1.0,0.0,0.0
202693,22400768,1610612747,3.0,2.0,0.0,0.0,1.0,1.0,0.0,0.0
1629627,22400761,1610612740,17.0,5.0,2.0,0.0,11.0,6.0,9.0,5.0
1631255,22400761,1610612740,8.0,2.0,9.0,3.0,9.0,3.0,1.0,1.0
1642274,22400761,1610612740,11.0,2.0,8.0,0.0,9.0,4.0,5.0,3.0
1630530,22400761,1610612740,23.0,5.0,7.0,0.0,15.0,7.0,5.0,5.0
1630631,22400761,1610612740,9.0,0.0,0.0,0.0,9.0,4.0,0.0,0.0
1641722,22400761,1610612740,12.0,3.0,5.0,0.0,12.0,5.0,0.0,0.0
1629750,22400761,1610612740,5.0,0.0,2.0,0.0,4.0,2.0,0.0,0.0
1641810,22400761,1610612740,4.0,1.0,1.0,1.0,6.0,2.0,0.0,0.0
1630526,22400761,1610612740,8.0,0.0,4.0,0.0,4.0,2.0,4.0,3.0
1631288,22400761,1610612740,0.0,0.0,1.0,0.0,1.0,0.0,0.0,0.0
1631232,22400761,1610612740,4.0,1.0,3.0,0.0,2.0,1.0,4.0,2.0
1631114,22400761,1610612760,16.0,5.0,5.0,0.0,11.0,6.0,2.0,1.0
1631096,22400761,1610612760,12.0,0.0,6.0,5.0,10.0,4.0,4.0,2.0
1628392,22400761,1610612760,6.0,2.0,13.0,0.0,6.0,3.0,0.0,0.0
1629652,22400761,1610612760,6.0,2.0,3.0,0.0,7.0,2.0,0.0,0.0
1628983,22400761,1610612760,31.0,2.0,1.0,1.0,20.0,10.0,8.0,7.0
1630598,22400761,1610612760,24.0,0.0,2.0,0.0,13.0,9.0,2.0,2.0
1627936,22400761,1610612760,12.0,5.0,2.0,0.0,7.0,4.0,0.0,0.0
1641794,22400761,1610612760,8.0,5.0,1.0,0.0,6.0,3.0,0.0,0.0
1631119,22400761,1610612760,0.0,3.0,10.0,1.0,3.0,0.0,0.0,0.0
1629026,22400761,1610612760,11.0,4.0,0.0,1.0,4.0,4.0,0.0,0.0
1642382,22400761,1610612760,3.0,0.0,0.0,0.0,1.0,1.0,0.0,0.0
1641745,22400761,1610612760,5.0,0.0,0.0,0.0,5.0,2.0,0.0,0.0
1642505,22400761,1610612760,3.0,1.0,2.0,0.0,2.0,1.0,0.0,0.0
1628369,22400759,1610612738,33.0,2.0,8.0,1.0,26.0,13.0,3.0,3.0
201143,22400759,1610612738,16.0,0.0,10.0,2.0,11.0,6.0,0.0,0.0
204001,22400759,1610612738,17.0,2.0,9.0,2.0,15.0,8.0,0.0,0.0
1630573,22400759,1610612738,15.0,2.0,4.0,0.0,8.0,5.0,0.0,0.0
1628401,22400759,1610612738,13.0,7.0,4.0,0.0,10.0,3.0,5.0,5.0
1628436,22400759,1610612738,0.0,2.0,3.0,0.0,2.0,0.0,0.0,0.0
1630202,22400759,1610612738,5.0,8.0,10.0,0.0,9.0,2.0,0.0,0.0
1631248,22400759,1610612738,0.0,1.0,3.0,0.0,2.0,0.0,0.0,0.0
1629674,22400759,1610612738,4.0,0.0,1.0,0.0,2.0,2.0,0.0,0.0
203952,22400759,1610612748,11.0,5.0,5.0,1.0,12.0,3.0,3.0,3.0
1628389,22400759,1610612748,22.0,4.0,12.0,0.0,17.0,6.0,10.0,9.0
1642276,22400759,1610612748,8.0,2.0,7.0,1.0,12.0,4.0,0.0,0.0
202692,22400759,1610612748,13.0,0.0,7.0,0.0,7.0,5.0,0.0,0.0
1630558,22400759,1610612748,4.0,4.0,3.0,0.0,8.0,2.0,0.0,0.0
1631107,22400759,1610612748,10.0,0.0,8.0,0.0,11.0,4.0,0.0,0.0
1629130,22400759,1610612748,5.0,5.0,2.0,0.0,3.0,2.0,0.0,0.0
203937,22400759,1610612748,0.0,0.0,3.0,0.0,5.0,0.0,0.0,0.0
1626179,22400759,1610612748,9.0,1.0,3.0,0.0,12.0,4.0,0.0,0.0
1641796,22400759,1610612748,3.0,0.0,1.0,0.0,5.0,1.0,0.0,0.0
1630541,22400760,1610612744,13.0,1.0,3.0,1.0,10.0,5.0,2.0,2.0
202710,22400760,1610612744,20.0,6.0,9.0,0.0,12.0,4.0,15.0,12.0
203110,22400760,1610612744,6.0,5.0,3.0,1.0,7.0,2.0,4.0,2.0
1627741,22400760,1610612744,16.0,1.0,7.0,0.0,15.0,7.0,0.0,0.0
201939,22400760,1610612744,38.0,4.0,6.0,0.0,24.0,12.0,9.0,8.0
1627780,22400760,1610612744,4.0,3.0,0.0,0.0,2.0,2.0,0.0,0.0
1641764,22400760,1610612744,9.0,3.0,9.0,0.0,10.0,3.0,4.0,2.0
1626172,22400760,1610612744,4.0,2.0,5.0,0.0,5.0,1.0,2.0,2.0
1630611,22400760,1610612744,0.0,0.0,0.0,0.0,1.0,0.0,0.0,0.0
1642366,22400760,1610612744,13.0,1.0,4.0,0.0,5.0,4.0,2.0,2.0
1631218,22400760,1610612744,0.0,0.0,0.0,0.0,0.0,0.0,0.0,0.0
1642050,22400760,1610612744,2.0,0.0,0.0,0.0,2.0,1.0,0.0,0.0
1630311,22400760,1610612744,0.0,1.0,2.0,0.0,0.0,0.0,0.0,0.0
1627752,22400760,1610612749,19.0,2.0,8.0,0.0,9.0,6.0,2.0,2.0
1628398,22400760,1610612749,21.0,0.0,6.0,0.0,9.0,6.0,13.0,9.0
201572,22400760,1610612749,6.0,3.0,4.0,3.0,4.0,2.0,2.0,2.0
1641748,22400760,1610612749,4.0,1.0,1.0,0.0,5.0,2.0,0.0,0.0
203081,22400760,1610612749,38.0,7.0,5.0,0.0,20.0,12.0,13.0,11.0
1629018,22400760,1610612749,7.0,1.0,2.0,1.0,7.0,3.0,2.0,0.0
1626171,22400760,1610612749,7.0,1.0,7.0,0.0,11.0,3.0,2.0,1.0
1631157,22400760,1610612749,2.0,0.0,1.0,0.0,2.0,1.0,0.0,0.0
1631260,22400760,1610612749,5.0,0.0,2.0,0.0,8.0,2.0,0.0,0.0
1629645,22400760,1610612749,2.0,2.0,1.0,0.0,1.0,1.0,0.0,0.0
1626192,22400760,1610612749,0.0,1.0,0.0,0.0,0.0,0.0,0.0,0.0
1629610,22400752,1610612766,0.0,2.0,3.0,0.0,2.0,0.0,0.0,0.0
1628970,22400752,1610612766,30.0,3.0,9.0,0.0,20.0,10.0,7.0,5.0
1631217,22400752,1610612766,5.0,0.0,1.0,0.0,2.0,2.0,2.0,1.0
203552,22400752,1610612766,26.0,2.0,4.0,1.0,17.0,10.0,1.0,1.0
1642354,22400752,1610612766,10.0,6.0,4.0,0.0,7.0,3.0,3.0,2.0
1631209,22400752,1610612766,17.0,1.0,2.0,0.0,9.0,6.0,2.0,2.0
1642275,22400752,1610612766,8.0,4.0,7.0,0.0,12.0,1.0,6.0,6.0
203901,22400752,1610612766,0.0,4.0,1.0,0.0,4.0,0.0,0.0,0.0
201959,22400752,1610612766,6.0,3.0,6.0,0.0,5.0,2.0,2.0,2.0
1641709,22400752,1610612765,16.0,4.0,8.0,0.0,9.0,7.0,5.0,2.0
202699,22400752,1610612765,20.0,1.0,4.0,0.0,13.0,9.0,1.0,1.0
1631105,22400752,1610612765,16.0,6.0,12.0,0.0,10.0,6.0,4.0,4.0
203501,22400752,1610612765,8.0,1.0,2.0,0.0,6.0,3.0,0.0,0.0
1630595,22400752,1610612765,19.0,12.0,10.0,1.0,17.0,7.0,4.0,4.0
1627736,22400752,1610612765,17.0,0.0,2.0,0.0,16.0,6.0,0.0,0.0
1631323,22400752,1610612765,0.0,1.0,3.0,0.0,3.0,0.0,0.0,0.0
1630191,22400752,1610612765,2.0,1.0,3.0,0.0,3.0,1.0,0.0,0.0
203471,22400752,1610612765,5.0,3.0,0.0,0.0,4.0,1.0,2.0,2.0
1641842,22400752,1610612765,9.0,2.0,2.0,0.0,9.0,4.0,0.0,0.0
1630534,22400753,1610612761,11.0,2.0,5.0,0.0,8.0,5.0,2.0,1.0
1630567,22400753,1610612761,15.0,7.0,9.0,1.0,19.0,6.0,4.0,3.0
1642367,22400753,1610612761,10.0,3.0,6.0,4.0,10.0,3.0,5.0,4.0
1641711,22400753,1610612761,0.0,0.0,1.0,0.0,4.0,0.0,0.0,0.0
1630193,22400753,1610612761,20.0,3.0,8.0,0.0,15.0,6.0,6.0,5.0
1642347,22400753,1610612761,14.0,2.0,0.0,0.0,9.0,6.0,0.0,0.0
1628449,22400753,1610612761,4.0,2.0,7.0,0.0,7.0,2.0,0.0,0.0
1631115,22400753,1610612761,3.0,0.0,9.0,1.0,5.0,1.0,0.0,0.0
1642266,22400753,1610612761,10.0,0.0,3.0,0.0,10.0,4.0,0.0,0.0
1642419,22400753,1610612761,0.0,0.0,0.0,0.0,3.0,0.0,0.0,0.0
1641708,22400753,1610612745,8.0,5.0,10.0,1.0,7.0,3.0,2.0,1.0
1628415,22400753,1610612745,19.0,2.0,7.0,0.0,16.0,5.0,9.0,7.0
1630578,22400753,1610612745,0.0,0.0,3.0,0.0,3.0,0.0,0.0,0.0
1630224,22400753,1610612745,18.0,3.0,9.0,1.0,19.0,7.0,4.0,2.0
1628988,22400753,1610612745,6.0,3.0,4.0,0.0,8.0,2.0,1.0,1.0
201145,22400753,1610612745,14.0,1.0,5.0,0.0,7.0,4.0,7.0,6.0
1641715,22400753,1610612745,11.0,1.0,6.0,0.0,11.0,4.0,0.0,0.0
1642263,22400753,1610612745,2.0,1.0,0.0,0.0,5.0,1.0,0.0,0.0
1630256,22400753,1610612745,5.0,0.0,4.0,0.0,2.0,1.0,2.0,2.0
1629111,22400753,1610612745,11.0,1.0,10.0,1.0,8.0,4.0,3.0,3.0
1642348,22400754,1610612755,4.0,1.0,4.0,0.0,5.0,1.0,2.0,1.0
202331,22400754,1610612755,12.0,6.0,5.0,1.0,8.0,4.0,3.0,2.0
203954,22400754,1610612755,27.0,6.0,12.0,1.0,14.0,7.0,10.0,9.0
1626162,22400754,1610612755,10.0,1.0,5.0,1.0,11.0,5.0,0.0,0.0
1630178,22400754,1610612755,39.0,5.0,4.0,1.0,23.0,16.0,3.0,2.0
1629656,22400754,1610612755,10.0,5.0,7.0,1.0,11.0,4.0,0.0,0.0
201569,22400754,1610612755,0.0,1.0,0.0,0.0,0.0,0.0,0.0,0.0
1627824,22400754,1610612755,18.0,1.0,2.0,0.0,10.0,7.0,1.0,1.0
200768,22400754,1610612755,0.0,1.0,1.0,0.0,0.0,0.0,0.0,0.0
1630215,22400754,1610612755,7.0,1.0,2.0,0.0,7.0,3.0,0.0,0.0
1641741,22400754,1610612755,0.0,0.0,0.0,0.0,0.0,0.0,0.0,0.0
1627752,22400754,1610612749,10.0,2.0,4.0,0.0,8.0,3.0,2.0,2.0
1628398,22400754,1610612749,13.0,5.0,8.0,1.0,13.0,5.0,2.0,2.0
201572,22400754,1610612749,15.0,0.0,8.0,2.0,14.0,6.0,1.0,1.0
1641748,22400754,1610612749,0.0,1.0,2.0,0.0,1.0,0.0,0.0,0.0
203081,22400754,1610612749,43.0,8.0,7.0,0.0,27.0,14.0,7.0,7.0
1626171,22400754,1610612749,18.0,5.0,13.0,0.0,14.0,7.0,2.0,2.0
1629018,22400754,1610612749,23.0,3.0,6.0,0.0,20.0,7.0,3.0,2.0
1631260,22400754,1610612749,11.0,2.0,4.0,0.0,7.0,3.0,3.0,3.0
1631157,22400754,1610612749,2.0,3.0,1.0,0.0,1.0,1.0,0.0,0.0
201143,22400748,1610612738,5.0,1.0,8.0,1.0,4.0,1.0,2.0,2.0
1628369,22400748,1610612738,40.0,4.0,6.0,0.0,26.0,13.0,9.0,7.0
1628436,22400748,1610612738,14.0,1.0,12.0,3.0,7.0,7.0,0.0,0.0
1627759,22400748,1610612738,12.0,5.0,3.0,1.0,14.0,5.0,2.0,2.0
1628401,22400748,1610612738,17.0,4.0,3.0,1.0,9.0,5.0,3.0,3.0
1629674,22400748,1610612738,11.0,0.0,8.0,1.0,7.0,4.0,4.0,3.0
1630202,22400748,1610612738,25.0,4.0,4.0,0.0,13.0,9.0,2.0,1.0
1630214,22400748,1610612738,0.0,0.0,0.0,0.0,1.0,0.0,0.0,0.0
1630573,22400748,1610612738,5.0,0.0,3.0,0.0,4.0,2.0,0.0,0.0
1631248,22400748,1610612738,0.0,2.0,1.0,0.0,0.0,0.0,0.0,0.0
1641775,22400748,1610612738,2.0,0.0,0.0,0.0,0.0,0.0,2.0,2.0
1630173,22400748,1610612752,3.0,2.0,4.0,0.0,4.0,1.0,2.0,1.0
1628404,22400748,1610612752,17.0,3.0,8.0,0.0,16.0,7.0,4.0,2.0
1626157,22400748,1610612752,9.0,1.0,9.0,1.0,8.0,3.0,2.0,1.0
1628969,22400748,1610612752,11.0,2.0,3.0,0.0,15.0,5.0,0.0,0.0
1628973,22400748,1610612752,36.0,5.0,0.0,0.0,18.0,10.0,13.0,13.0
1630540,22400748,1610612752,8.0,1.0,1.0,0.0,8.0,1.0,5.0,5.0
1630574,22400748,1610612752,0.0,0.0,4.0,0.0,2.0,0.0,0.0,0.0
1626166,22400748,1610612752,14.0,1.0,1.0,0.0,10.0,6.0,2.0,2.0
1629013,22400748,1610612752,6.0,1.0,0.0,0.0,2.0,2.0,1.0,1.0
1626153,22400748,1610612752,0.0,0.0,0.0,0.0,0.0,0.0,0.0,0.0
1631114,22400746,1610612760,25.0,6.0,6.0,1.0,20.0,12.0,0.0,0.0
1627936,22400746,1610612760,14.0,2.0,3.0,0.0,10.0,5.0,2.0,2.0
1628392,22400746,1610612760,12.0,4.0,14.0,2.0,9.0,5.0,2.0,2.0
1630598,22400746,1610612760,26.0,2.0,11.0,0.0,18.0,9.0,0.0,0.0
1628983,22400746,1610612760,32.0,8.0,0.0,2.0,26.0,8.0,16.0,13.0
1631119,22400746,1610612760,5.0,3.0,8.0,0.0,5.0,2.0,0.0,0.0
1629026,22400746,1610612760,6.0,4.0,8.0,0.0,6.0,2.0,0.0,0.0
1630198,22400746,1610612760,3.0,0.0,4.0,0.0,7.0,1.0,0.0,0.0
1641794,22400746,1610612760,2.0,0.0,1.0,0.0,3.0,1.0,1.0,0.0
1641745,22400746,1610612760,0.0,0.0,0.0,0.0,0.0,0.0,0.0,0.0
1642382,22400746,1610612760,0.0,0.0,0.0,0.0,1.0,0.0,0.0,0.0
1642377,22400746,1610612763,2.0,0.0,3.0,0.0,4.0,1.0,0.0,0.0
1628991,22400746,1610612763,19.0,2.0,3.0,3.0,14.0,7.0,6.0,3.0
1641744,22400746,1610612763,5.0,0.0,2.0,1.0,3.0,2.0,1.0,1.0
1630217,22400746,1610612763,20.0,5.0,9.0,0.0,15.0,7.0,3.0,3.0
1629630,22400746,1610612763,16.0,7.0,5.0,2.0,19.0,6.0,4.0,2.0
1630583,22400746,1610612763,18.0,4.0,6.0,0.0,8.0,6.0,5.0,5.0
1629634,22400746,1610612763,5.0,1.0,7.0,1.0,3.0,1.0,4.0,3.0
1641713,22400746,1610612763,11.0,0.0,1.0,0.0,7.0,3.0,6.0,3.0
1630590,22400746,1610612763,6.0,0.0,2.0,2.0,2.0,1.0,5.0,4.0
1628379,22400746,1610612763,3.0,1.0,2.0,0.0,3.0,1.0,0.0,0.0
1631246,22400746,1610612763,7.0,1.0,0.0,0.0,3.0,1.0,5.0,4.0
1630643,22400746,1610612763,0.0,0.0,0.0,0.0,0.0,0.0,0.0,0.0
1629723,22400746,1610612763,0.0,0.0,0.0,0.0,0.0,0.0,0.0,0.0
1642389,22400746,1610612763,0.0,0.0,0.0,0.0,0.0,0.0,0.0,0.0
1631097,22400742,1610612754,16.0,0.0,5.0,0.0,12.0,5.0,5.0,5.0
1627783,22400742,1610612754,23.0,4.0,6.0,0.0,15.0,6.0,11.0,11.0
1628418,22400742,1610612754,13.0,4.0,8.0,0.0,10.0,6.0,0.0,0.0
1629614,22400742,1610612754,2.0,3.0,0.0,0.0,1.0,0.0,2.0,2.0
1630169,22400742,1610612754,19.0,9.0,2.0,1.0,15.0,7.0,1.0,1.0
1630167,22400742,1610612754,14.0,3.0,5.0,0.0,8.0,4.0,4.0,3.0
1630174,22400742,1610612754,6.0,2.0,5.0,0.0,9.0,3.0,0.0,0.0
204456,22400742,1610612754,12.0,1.0,1.0,0.0,6.0,3.0,6.0,6.0
1641767,22400742,1610612754,10.0,1.0,3.0,1.0,6.0,3.0,1.0,1.0
1641716,22400742,1610612754,2.0,0.0,3.0,0.0,5.0,0.0,2.0,2.0
1627827,22400742,1610612747,7.0,6.0,3.0,1.0,8.0,3.0,0.0,0.0
1629060,22400742,1610612747,24.0,0.0,9.0,0.0,13.0,8.0,6.0,6.0
1629637,22400742,1610612747,9.0,2.0,12.0,2.0,4.0,4.0,2.0,1.0
1629216,22400742,1610612747,12.0,7.0,0.0,0.0,13.0,5.0,0.0,0.0
1630559,22400742,1610612747,45.0,7.0,7.0,0.0,26.0,14.0,13.0,13.0
1629020,22400742,1610612747,4.0,1.0,6.0,0.0,4.0,2.0,0.0,0.0
1629003,22400742,1610612747,2.0,4.0,3.0,0.0,4.0,1.0,1.0,0.0
1641998,22400742,1610612747,8.0,1.0,1.0,0.0,5.0,4.0,0.0,0.0
1630692,22400742,1610612747,10.0,1.0,4.0,0.0,7.0,4.0,1.0,1.0
202693,22400742,1610612747,3.0,0.0,1.0,0.0,4.0,1.0,0.0,0.0
1629004,22400751,1610612762,10.0,0.0,3.0,1.0,12.0,4.0,0.0,0.0
1630695,22400751,1610612762,8.0,2.0,4.0,0.0,5.0,3.0,0.0,0.0
1642271,22400751,1610612762,13.0,5.0,8.0,0.0,7.0,5.0,3.0,2.0
203903,22400751,1610612762,24.0,3.0,3.0,1.0,19.0,8.0,2.0,2.0
1642268,22400751,1610612762,5.0,9.0,5.0,2.0,5.0,1.0,4.0,3.0
1641718,22400751,1610612762,21.0,4.0,4.0,0.0,14.0,7.0,5.0,5.0
1631131,22400751,1610612762,2.0,1.0,3.0,0.0,0.0,0.0,2.0,2.0
1642262,22400751,1610612762,2.0,1.0,2.0,0.0,3.0,1.0,0.0,0.0
1630548,22400751,1610612762,19.0,1.0,4.0,0.0,11.0,7.0,2.0,1.0
1641729,22400751,1610612762,6.0,0.0,2.0,0.0,7.0,3.0,0.0,0.0
202695,22400751,1610612746,10.0,3.0,5.0,0.0,9.0,4.0,2.0,2.0
1627884,22400751,1610612746,11.0,1.0,3.0,0.0,8.0,5.0,4.0,1.0
1627826,22400751,1610612746,26.0,5.0,15.0,1.0,16.0,13.0,0.0,0.0
1626181,22400751,1610612746,26.0,3.0,1.0,0.0,18.0,9.0,6.0,6.0
201935,22400751,1610612746,23.0,17.0,2.0,0.0,18.0,7.0,8.0,7.0
1629599,22400751,1610612746,17.0,1.0,1.0,0.0,11.0,6.0,0.0,0.0
201587,22400751,1610612746,0.0,0.0,2.0,0.0,1.0,0.0,0.0,0.0
1627739,22400751,1610612746,3.0,2.0,4.0,0.0,1.0,1.0,0.0,0.0
1629234,22400751,1610612746,4.0,0.0,3.0,1.0,2.0,2.0,0.0,0.0
1641738,22400751,1610612746,7.0,0.0,1.0,0.0,3.0,3.0,1.0,1.0
1630699,22400751,1610612746,3.0,1.0,0.0,0.0,1.0,1.0,0.0,0.0
1641757,22400751,1610612746,0.0,2.0,0.0,0.0,0.0,0.0,0.0,0.0
201988,22400751,1610612746,0.0,1.0,0.0,0.0,0.0,0.0,0.0,0.0
1642258,22400744,1610612737,18.0,1.0,1.0,0.0,12.0,8.0,0.0,0.0
1627777,22400744,1610612737,16.0,3.0,6.0,0.0,10.0,6.0,0.0,0.0
1630168,22400744,1610612737,6.0,3.0,5.0,1.0,6.0,2.0,2.0,2.0
1630700,22400744,1610612737,11.0,4.0,9.0,3.0,13.0,4.0,4.0,3.0
1629027,22400744,1610612737,35.0,14.0,2.0,0.0,26.0,13.0,4.0,4.0
1627747,22400744,1610612737,9.0,0.0,3.0,0.0,6.0,2.0,4.0,4.0
1629611,22400744,1610612737,4.0,3.0,1.0,0.0,5.0,2.0,2.0,0.0
1626204,22400744,1610612737,14.0,1.0,6.0,1.0,11.0,6.0,1.0,0.0
1630249,22400744,1610612737,12.0,7.0,8.0,2.0,8.0,4.0,0.0,0.0
1641731,22400744,1610612764,17.0,0.0,7.0,1.0,20.0,6.0,4.0,4.0
1630551,22400744,1610612764,10.0,0.0,8.0,0.0,8.0,4.0,2.0,2.0
1626158,22400744,1610612764,10.0,2.0,8.0,1.0,6.0,4.0,2.0,2.0
1629673,22400744,1610612764,21.0,6.0,5.0,0.0,17.0,8.0,4.0,4.0
1642267,22400744,1610612764,23.0,7.0,4.0,0.0,13.0,9.0,0.0,0.0
1630557,22400744,1610612764,13.0,5.0,7.0,0.0,13.0,6.0,0.0,0.0
1641774,22400744,1610612764,8.0,1.0,8.0,0.0,6.0,3.0,2.0,1.0
1627763,22400744,1610612764,7.0,4.0,3.0,0.0,6.0,0.0,7.0,7.0
1642358,22400744,1610612764,2.0,1.0,1.0,0.0,2.0,1.0,0.0,0.0
1641798,22400744,1610612764,0.0,0.0,2.0,0.0,2.0,0.0,0.0,0.0
1631128,22400749,1610612743,18.0,6.0,7.0,1.0,13.0,6.0,6.0,5.0
203932,22400749,1610612743,9.0,4.0,10.0,0.0,9.0,2.0,4.0,4.0
203999,22400749,1610612743,26.0,9.0,11.0,0.0,13.0,11.0,3.0,3.0
1631124,22400749,1610612743,18.0,0.0,6.0,0.0,15.0,6.0,2.0,2.0
1627750,22400749,1610612743,30.0,5.0,3.0,1.0,23.0,12.0,0.0,0.0
1629618,22400749,1610612743,6.0,1.0,1.0,1.0,6.0,2.0,0.0,0.0
1630192,22400749,1610612743,4.0,1.0,5.0,0.0,4.0,1.0,2.0,2.0
201599,22400749,1610612743,4.0,1.0,11.0,1.0,5.0,2.0,0.0,0.0
1641816,22400749,1610612743,5.0,0.0,0.0,0.0,2.0,2.0,0.0,0.0
1641725,22400749,1610612743,0.0,1.0,1.0,0.0,1.0,0.0,0.0,0.0
1641790,22400749,1610612743,2.0,0.0,1.0,0.0,1.0,1.0,0.0,0.0
1642461,22400749,1610612743,0.0,0.0,0.0,0.0,0.0,0.0,0.0,0.0
1642346,22400749,1610612756,8.0,1.0,2.0,0.0,7.0,3.0,0.0,0.0
1626220,22400749,1610612756,9.0,2.0,2.0,0.0,9.0,3.0,0.0,0.0
1630208,22400749,1610612756,5.0,0.0,9.0,1.0,4.0,1.0,4.0,3.0
1626164,22400749,1610612756,24.0,3.0,7.0,0.0,19.0,8.0,5.0,5.0
1626145,22400749,1610612756,15.0,10.0,3.0,0.0,17.0,6.0,0.0,0.0
1629626,22400749,1610612756,19.0,1.0,7.0,4.0,17.0,8.0,0.0,0.0
203486,22400749,1610612756,2.0,3.0,5.0,1.0,2.0,1.0,0.0,0.0
1628420,22400749,1610612756,0.0,1.0,2.0,0.0,5.0,0.0,0.0,0.0
1627814,22400749,1610612756,11.0,0.0,0.0,0.0,7.0,3.0,4.0,3.0
1631102,22400749,1610612756,7.0,2.0,4.0,0.0,8.0,3.0,2.0,1.0
1631221,22400749,1610612756,5.0,1.0,1.0,0.0,3.0,2.0,0.0,0.0
1642345,22400749,1610612756,0.0,1.0,1.0,0.0,0.0,0.0,0.0,0.0
1628415,22400741,1610612745,9.0,3.0,3.0,1.0,9.0,3.0,2.0,1.0
1631106,22400741,1610612745,8.0,1.0,6.0,0.0,9.0,3.0,2.0,2.0
1630578,22400741,1610612745,30.0,3.0,8.0,1.0,19.0,11.0,10.0,7.0
1641708,22400741,1610612745,20.0,5.0,7.0,3.0,14.0,9.0,0.0,0.0
1630224,22400741,1610612745,24.0,6.0,3.0,0.0,21.0,10.0,2.0,1.0
1641715,22400741,1610612745,7.0,1.0,4.0,0.0,8.0,1.0,5.0,5.0
203500,22400741,1610612745,2.0,1.0,12.0,0.0,9.0,1.0,0.0,0.0
1630256,22400741,1610612745,0.0,1.0,1.0,0.0,2.0,0.0,0.0,0.0
1642263,22400741,1610612745,3.0,0.0,3.0,0.0,6.0,1.0,1.0,1.0
1628988,22400741,1610612745,2.0,0.0,1.0,0.0,3.0,1.0,0.0,0.0
1629023,22400741,1610612742,6.0,1.0,3.0,3.0,4.0,1.0,4.0,4.0
203076,22400741,1610612742,26.0,7.0,16.0,3.0,18.0,10.0,6.0,4.0
1629655,22400741,1610612742,5.0,1.0,9.0,6.0,4.0,2.0,4.0,1.0
202691,22400741,1610612742,13.0,1.0,4.0,1.0,14.0,6.0,0.0,0.0
202681,22400741,1610612742,13.0,6.0,2.0,2.0,15.0,4.0,6.0,5.0
203957,22400741,1610612742,4.0,3.0,2.0,0.0,3.0,1.0,2.0,2.0
1631108,22400741,1610612742,23.0,2.0,2.0,1.0,10.0,5.0,10.0,9.0
203915,22400741,1610612742,10.0,1.0,0.0,1.0,5.0,3.0,2.0,1.0
1630230,22400741,1610612742,16.0,0.0,4.0,1.0,10.0,7.0,0.0,0.0
1641765,22400741,1610612742,0.0,0.0,1.0,0.0,0.0,0.0,0.0,0.0
1630556,22400741,1610612742,0.0,0.0,0.0,0.0,0.0,0.0,0.0,0.0
202710,22400745,1610612744,25.0,4.0,2.0,1.0,12.0,7.0,13.0,11.0
203110,22400745,1610612744,6.0,7.0,4.0,2.0,2.0,1.0,4.0,4.0
1642366,22400745,1610612744,18.0,2.0,3.0,1.0,10.0,7.0,0.0,0.0
1627741,22400745,1610612744,14.0,3.0,5.0,0.0,13.0,5.0,0.0,0.0
201939,22400745,1610612744,34.0,6.0,4.0,1.0,19.0,10.0,8.0,6.0
1627780,22400745,1610612744,2.0,0.0,2.0,0.0,3.0,1.0,0.0,0.0
1630541,22400745,1610612744,4.0,2.0,0.0,0.0,11.0,2.0,0.0,0.0
1641764,22400745,1610612744,16.0,7.0,5.0,0.0,11.0,7.0,0.0,0.0
1626172,22400745,1610612744,2.0,1.0,7.0,0.0,2.0,1.0,0.0,0.0
1630611,22400745,1610612744,7.0,0.0,8.0,0.0,3.0,2.0,2.0,2.0
1631218,22400745,1610612744,2.0,0.0,3.0,2.0,1.0,1.0,0.0,0.0
1642050,22400745,1610612744,2.0,1.0,1.0,0.0,2.0,1.0,0.0,0.0
1630311,22400745,1610612744,0.0,1.0,0.0,0.0,1.0,0.0,0.0,0.0
1630245,22400745,1610612741,10.0,4.0,1.0,0.0,6.0,4.0,1.0,1.0
1641824,22400745,1610612741,16.0,5.0,4.0,1.0,10.0,6.0,4.0,3.0
202696,22400745,1610612741,10.0,1.0,4.0,0.0,11.0,4.0,2.0,2.0
1629632,22400745,1610612741,27.0,4.0,4.0,0.0,12.0,7.0,7.0,7.0
1630581,22400745,1610612741,11.0,4.0,6.0,3.0,11.0,3.0,4.0,3.0
1628989,22400745,1610612741,4.0,1.0,4.0,0.0,7.0,1.0,2.0,1.0
1630172,22400745,1610612741,8.0,0.0,2.0,0.0,6.0,2.0,4.0,3.0
1630200,22400745,1610612741,0.0,3.0,2.0,0.0,3.0,0.0,0.0,0.0
1630188,22400745,1610612741,15.0,0.0,3.0,0.0,7.0,5.0,2.0,1.0
1631207,22400745,1610612741,7.0,0.0,0.0,0.0,2.0,2.0,5.0,3.0
1641763,22400745,1610612741,3.0,1.0,0.0,0.0,1.0,1.0,0.0,0.0
1628975,22400745,1610612741,0.0,1.0,1.0,0.0,3.0,0.0,0.0,0.0
203924,22400747,1610612757,14.0,1.0,2.0,1.0,15.0,5.0,4.0,4.0
1641739,22400747,1610612757,8.0,0.0,7.0,0.0,9.0,4.0,0.0,0.0
1629028,22400747,1610612757,6.0,2.0,14.0,1.0,6.0,2.0,4.0,2.0
1630166,22400747,1610612757,8.0,4.0,3.0,1.0,8.0,1.0,6.0,6.0
1629014,22400747,1610612757,21.0,5.0,3.0,0.0,21.0,9.0,0.0,0.0
1630703,22400747,1610612757,12.0,3.0,1.0,0.0,9.0,4.0,2.0,2.0
1631101,22400747,1610612757,14.0,3.0,3.0,0.0,14.0,6.0,2.0,1.0
1629057,22400747,1610612757,6.0,0.0,4.0,0.0,5.0,3.0,0.0,0.0
1631200,22400747,1610612757,9.0,0.0,3.0,0.0,4.0,3.0,4.0,2.0
1642270,22400747,1610612757,0.0,0.0,5.0,3.0,1.0,0.0,0.0,0.0
1630183,22400747,1610612750,30.0,4.0,10.0,0.0,17.0,12.0,7.0,6.0
1629675,22400747,1610612750,23.0,2.0,8.0,0.0,16.0,9.0,2.0,0.0
203497,22400747,1610612750,15.0,1.0,11.0,1.0,6.0,4.0,10.0,7.0
1629638,22400747,1610612750,21.0,6.0,5.0,1.0,13.0,7.0,3.0,3.0
1642265,22400747,1610612750,8.0,6.0,0.0,0.0,12.0,4.0,0.0,0.0
1641740,22400747,1610612750,11.0,0.0,3.0,0.0,6.0,4.0,4.0,2.0
1630545,22400747,1610612750,4.0,1.0,0.0,0.0,4.0,2.0,2.0,0.0
1630568,22400747,1610612750,0.0,2.0,4.0,0.0,4.0,0.0,0.0,0.0
204060,22400747,1610612750,2.0,1.0,2.0,0.0,4.0,1.0,0.0,0.0
1630170,22400743,1610612759,25.0,3.0,2.0,0.0,14.0,11.0,0.0,0.0
203084,22400743,1610612759,21.0,1.0,8.0,0.0,11.0,7.0,0.0,0.0
1641705,22400743,1610612759,18.0,4.0,9.0,4.0,11.0,5.0,8.0,7.0
1628368,22400743,1610612759,9.0,9.0,3.0,0.0,11.0,3.0,4.0,3.0
101108,22400743,1610612759,6.0,5.0,2.0,0.0,6.0,3.0,0.0,0.0
1631110,22400743,1610612759,7.0,3.0,2.0,2.0,5.0,3.0,0.0,0.0
1630577,22400743,1610612759,0.0,0.0,1.0,0.0,1.0,0.0,0.0,0.0
1642264,22400743,1610612759,15.0,2.0,3.0,1.0,12.0,5.0,7.0,5.0
1629640,22400743,1610612759,10.0,0.0,4.0,0.0,6.0,4.0,1.0,1.0
1630532,22400743,1610612753,33.0,5.0,12.0,0.0,28.0,14.0,6.0,3.0
1631094,22400743,1610612753,17.0,6.0,7.0,1.0,17.0,7.0,4.0,3.0
1629048,22400743,1610612753,2.0,0.0,9.0,0.0,2.0,1.0,2.0,0.0
203484,22400743,1610612753,3.0,1.0,3.0,0.0,4.0,1.0,0.0,0.0
1630175,22400743,1610612753,13.0,2.0,0.0,0.0,11.0,5.0,3.0,2.0
203914,22400743,1610612753,0.0,0.0,1.0,0.0,1.0,0.0,0.0,0.0
1641710,22400743,1610612753,20.0,1.0,1.0,0.0,9.0,8.0,1.0,1.0
1628976,22400743,1610612753,7.0,3.0,2.0,0.0,7.0,2.0,4.0,3.0
1641783,22400743,1610612753,3.0,1.0,2.0,0.0,2.0,1.0,0.0,0.0
1628371,22400743,1610612753,14.0,0.0,8.0,0.0,7.0,6.0,0.0,0.0
1630530,22400750,1610612740,20.0,7.0,6.0,0.0,18.0,7.0,4.0,3.0
1629627,22400750,1610612740,40.0,4.0,4.0,0.0,21.0,16.0,11.0,8.0
1642274,22400750,1610612740,2.0,1.0,13.0,4.0,6.0,1.0,0.0,0.0
203468,22400750,1610612740,31.0,3.0,6.0,2.0,19.0,10.0,6.0,5.0
1630631,22400750,1610612740,5.0,9.0,3.0,0.0,6.0,2.0,0.0,0.0
1629750,22400750,1610612740,0.0,1.0,2.0,0.0,2.0,0.0,0.0,0.0
1641722,22400750,1610612740,0.0,0.0,0.0,0.0,4.0,0.0,0.0,0.0
1631255,22400750,1610612740,6.0,0.0,2.0,1.0,3.0,3.0,0.0,0.0
1630527,22400750,1610612740,11.0,0.0,2.0,1.0,8.0,3.0,4.0,2.0
1641810,22400750,1610612740,3.0,2.0,1.0,0.0,3.0,1.0,0.0,0.0
201942,22400750,1610612758,11.0,4.0,6.0,1.0,12.0,4.0,4.0,3.0
1631099,22400750,1610612758,19.0,0.0,8.0,3.0,15.0,7.0,3.0,3.0
1627734,22400750,1610612758,27.0,2.0,16.0,0.0,18.0,10.0,10.0,6.0
203897,22400750,1610612758,22.0,5.0,4.0,0.0,14.0,7.0,7.0,7.0
1628370,22400750,1610612758,13.0,7.0,4.0,0.0,14.0,5.0,1.0,1.0
1631165,22400750,1610612758,13.0,2.0,4.0,0.0,6.0,4.0,4.0,2.0
1626168,22400750,1610612758,5.0,1.0,2.0,0.0,6.0,2.0,0.0,0.0
202685,22400750,1610612758,6.0,1.0,5.0,1.0,2.0,1.0,4.0,4.0
1631222,22400750,1610612758,7.0,2.0,2.0,2.0,4.0,3.0,0.0,0.0
1642348,22400738,1610612755,11.0,1.0,3.0,0.0,6.0,4.0,0.0,0.0
202331,22400738,1610612755,14.0,0.0,1.0,0.0,10.0,6.0,0.0,0.0
203954,22400738,1610612755,23.0,6.0,7.0,2.0,18.0,7.0,10.0,8.0
1626162,22400738,1610612755,14.0,2.0,11.0,1.0,11.0,7.0,0.0,0.0
1630178,22400738,1610612755,27.0,7.0,3.0,0.0,20.0,9.0,6.0,5.0
1629656,22400738,1610612755,14.0,2.0,2.0,1.0,9.0,5.0,2.0,2.0
1641737,22400738,1610612755,2.0,0.0,1.0,1.0,1.0,1.0,0.0,0.0
200768,22400738,1610612755,2.0,3.0,2.0,1.0,1.0,0.0,2.0,2.0
201569,22400738,1610612755,0.0,2.0,3.0,0.0,4.0,0.0,0.0,0.0
203083,22400738,1610612755,2.0,2.0,4.0,1.0,2.0,1.0,0.0,0.0
1629643,22400738,1610612755,0.0,0.0,1.0,0.0,0.0,0.0,0.0,0.0
1641741,22400738,1610612755,3.0,1.0,0.0,0.0,1.0,1.0,0.0,0.0
1641709,22400738,1610612765,14.0,6.0,8.0,0.0,7.0,5.0,6.0,4.0
202699,22400738,1610612765,22.0,3.0,9.0,0.0,16.0,8.0,6.0,6.0
1631105,22400738,1610612765,13.0,7.0,13.0,0.0,7.0,5.0,3.0,3.0
203501,22400738,1610612765,6.0,3.0,5.0,1.0,9.0,2.0,0.0,0.0
1627736,22400738,1610612765,36.0,1.0,3.0,0.0,23.0,13.0,3.0,1.0
1631204,22400738,1610612765,9.0,5.0,0.0,0.0,9.0,3.0,2.0,1.0
1631323,22400738,1610612765,10.0,2.0,5.0,1.0,10.0,3.0,2.0,2.0
1630191,22400738,1610612765,10.0,2.0,8.0,1.0,7.0,3.0,4.0,3.0
1641842,22400738,1610612765,3.0,2.0,1.0,0.0,5.0,1.0,0.0,0.0
1630194,22400738,1610612765,2.0,1.0,4.0,1.0,4.0,1.0,0.0,0.0
1642450,22400738,1610612765,0.0,0.0,0.0,0.0,0.0,0.0,0.0,0.0
1630170,22400734,1610612759,15.0,1.0,4.0,0.0,13.0,5.0,2.0,1.0
203084,22400734,1610612759,8.0,2.0,4.0,0.0,9.0,4.0,0.0,0.0
1641705,22400734,1610612759,16.0,3.0,11.0,5.0,20.0,7.0,1.0,1.0
1628368,22400734,1610612759,22.0,6.0,2.0,0.0,17.0,9.0,4.0,2.0
101108,22400734,1610612759,6.0,7.0,1.0,0.0,4.0,2.0,0.0,0.0
1630577,22400734,1610612759,3.0,2.0,0.0,0.0,3.0,1.0,1.0,1.0
1631110,22400734,1610612759,11.0,2.0,12.0,0.0,8.0,4.0,3.0,3.0
1642264,22400734,1610612759,33.0,2.0,4.0,0.0,15.0,10.0,11.0,10.0
1629640,22400734,1610612759,2.0,0.0,0.0,0.0,3.0,0.0,2.0,2.0
1629610,22400734,1610612766,4.0,5.0,5.0,1.0,9.0,2.0,0.0,0.0
1628970,22400734,1610612766,25.0,2.0,7.0,1.0,18.0,10.0,2.0,2.0
1631217,22400734,1610612766,9.0,6.0,15.0,0.0,10.0,4.0,1.0,1.0
1641733,22400734,1610612766,19.0,5.0,6.0,0.0,13.0,8.0,1.0,1.0
1630163,22400734,1610612766,24.0,10.0,4.0,0.0,26.0,9.0,2.0,2.0
203552,22400734,1610612766,12.0,2.0,4.0,0.0,8.0,4.0,0.0,0.0
1642354,22400734,1610612766,12.0,3.0,3.0,0.0,9.0,5.0,0.0,0.0
201959,22400734,1610612766,4.0,0.0,4.0,1.0,4.0,2.0,0.0,0.0
1642275,22400734,1610612766,8.0,0.0,5.0,1.0,4.0,3.0,0.0,0.0
1629312,22400737,1610612748,0.0,1.0,3.0,1.0,2.0,0.0,0.0,0.0
1628389,22400737,1610612748,18.0,1.0,8.0,2.0,14.0,7.0,4.0,3.0
1642276,22400737,1610612748,10.0,4.0,14.0,1.0,12.0,4.0,2.0,2.0
1629130,22400737,1610612748,10.0,1.0,0.0,0.0,11.0,4.0,0.0,0.0
1629639,22400737,1610612748,15.0,6.0,4.0,0.0,22.0,6.0,1.0,1.0
1631107,22400737,1610612748,8.0,4.0,1.0,0.0,8.0,3.0,0.0,0.0
1631170,22400737,1610612748,5.0,3.0,3.0,0.0,6.0,2.0,0.0,0.0
1626179,22400737,1610612748,20.0,2.0,4.0,1.0,15.0,6.0,5.0,4.0
1641796,22400737,1610612748,0.0,1.0,2.0,0.0,0.0,0.0,0.0,0.0
1629661,22400737,1610612751,18.0,3.0,6.0,1.0,12.0,6.0,4.0,3.0
1630533,22400737,1610612751,8.0,3.0,9.0,0.0,6.0,3.0,0.0,0.0
1629651,22400737,1610612751,12.0,1.0,10.0,4.0,12.0,6.0,0.0,0.0
1630553,22400737,1610612751,11.0,1.0,8.0,2.0,12.0,4.0,2.0,2.0
1626156,22400737,1610612751,17.0,1.0,2.0,1.0,15.0,5.0,5.0,4.0
1630592,22400737,1610612751,8.0,0.0,4.0,0.0,8.0,3.0,2.0,1.0
1630570,22400737,1610612751,12.0,3.0,4.0,1.0,11.0,6.0,0.0,0.0
1641787,22400737,1610612751,5.0,2.0,3.0,2.0,6.0,1.0,4.0,3.0
1631213,22400737,1610612751,2.0,1.0,5.0,0.0,5.0,1.0,0.0,0.0
1630549,22400737,1610612751,9.0,2.0,6.0,2.0,6.0,4.0,1.0,1.0
1630534,22400739,1610612761,8.0,1.0,8.0,0.0,10.0,2.0,4.0,3.0
1630567,22400739,1610612761,21.0,4.0,5.0,4.0,20.0,8.0,2.0,1.0
1642367,22400739,1610612761,10.0,3.0,4.0,0.0,8.0,4.0,0.0,0.0
1641711,22400739,1610612761,17.0,1.0,7.0,1.0,9.0,5.0,6.0,5.0
1630193,22400739,1610612761,6.0,10.0,4.0,0.0,5.0,2.0,2.0,1.0
1642347,22400739,1610612761,7.0,6.0,3.0,0.0,10.0,3.0,2.0,0.0
1628449,22400739,1610612761,11.0,0.0,2.0,0.0,9.0,4.0,0.0,0.0
1631115,22400739,1610612761,6.0,4.0,5.0,0.0,6.0,2.0,2.0,2.0
1642266,22400739,1610612761,12.0,1.0,2.0,1.0,9.0,5.0,1.0,0.0
1642419,22400739,1610612761,11.0,1.0,2.0,0.0,5.0,4.0,0.0,0.0
1631114,22400739,1610612760,27.0,4.0,5.0,0.0,19.0,9.0,10.0,8.0
1631096,22400739,1610612760,4.0,1.0,5.0,4.0,5.0,2.0,0.0,0.0
1628392,22400739,1610612760,12.0,2.0,6.0,0.0,7.0,6.0,2.0,0.0
1630598,22400739,1610612760,18.0,2.0,3.0,1.0,14.0,7.0,3.0,3.0
1628983,22400739,1610612760,25.0,6.0,4.0,0.0,12.0,5.0,14.0,14.0
1631119,22400739,1610612760,4.0,3.0,6.0,1.0,5.0,2.0,0.0,0.0
1630198,22400739,1610612760,16.0,1.0,2.0,0.0,7.0,6.0,0.0,0.0
1641794,22400739,1610612760,1.0,1.0,2.0,0.0,2.0,0.0,2.0,1.0
1627936,22400739,1610612760,12.0,4.0,6.0,1.0,7.0,5.0,0.0,0.0
1629026,22400739,1610612760,0.0,2.0,3.0,0.0,5.0,0.0,0.0,0.0
1642505,22400739,1610612760,0.0,0.0,1.0,0.0,0.0,0.0,0.0,0.0
1642382,22400739,1610612760,2.0,0.0,1.0,0.0,1.0,1.0,0.0,0.0
1641745,22400739,1610612760,0.0,0.0,0.0,0.0,0.0,0.0,0.0,0.0
1628381,22400740,1610612762,21.0,2.0,6.0,2.0,18.0,7.0,4.0,4.0
1628374,22400740,1610612762,20.0,1.0,7.0,0.0,16.0,7.0,4.0,4.0
1631117,22400740,1610612762,19.0,4.0,22.0,3.0,17.0,9.0,1.0,1.0
1629004,22400740,1610612762,9.0,3.0,3.0,0.0,9.0,2.0,4.0,3.0
1642268,22400740,1610612762,15.0,13.0,4.0,0.0,15.0,7.0,0.0,0.0
1641718,22400740,1610612762,18.0,4.0,3.0,1.0,16.0,6.0,4.0,4.0
1630695,22400740,1610612762,3.0,1.0,3.0,0.0,2.0,1.0,0.0,0.0
1642271,22400740,1610612762,11.0,1.0,11.0,1.0,10.0,5.0,1.0,0.0
1630548,22400740,1610612762,7.0,0.0,1.0,0.0,9.0,3.0,0.0,0.0
1641729,22400740,1610612762,4.0,0.0,3.0,0.0,5.0,1.0,2.0,2.0
1628960,22400740,1610612756,21.0,6.0,7.0,1.0,19.0,7.0,0.0,0.0
1626220,22400740,1610612756,12.0,4.0,3.0,4.0,11.0,4.0,0.0,0.0
1630208,22400740,1610612756,12.0,0.0,14.0,4.0,7.0,4.0,4.0,4.0
1626164,22400740,1610612756,47.0,11.0,6.0,0.0,33.0,18.0,9.0,8.0
1626145,22400740,1610612756,16.0,6.0,6.0,1.0,13.0,4.0,4.0,4.0
203486,22400740,1610612756,2.0,1.0,6.0,1.0,1.0,0.0,2.0,2.0
1642346,22400740,1610612756,6.0,0.0,3.0,1.0,4.0,2.0,2.0,1.0
1629626,22400740,1610612756,12.0,1.0,3.0,3.0,8.0,5.0,0.0,0.0
1628420,22400740,1610612756,5.0,2.0,0.0,0.0,5.0,2.0,0.0,0.0
1627814,22400740,1610612756,2.0,0.0,1.0,0.0,3.0,1.0,0.0,0.0
1629622,22400735,1610612739,17.0,3.0,5.0,0.0,11.0,6.0,0.0,0.0
1630596,22400735,1610612739,27.0,1.0,7.0,1.0,16.0,10.0,8.0,7.0
1628386,22400735,1610612739,12.0,4.0,12.0,2.0,7.0,4.0,4.0,4.0
1628378,22400735,1610612739,33.0,5.0,1.0,0.0,26.0,12.0,5.0,5.0
1629636,22400735,1610612739,23.0,5.0,5.0,0.0,15.0,8.0,3.0,2.0
1642281,22400735,1610612739,7.0,3.0,5.0,0.0,2.0,2.0,3.0,3.0
1629660,22400735,1610612739,13.0,3.0,5.0,0.0,12.0,5.0,1.0,1.0
1641854,22400735,1610612739,2.0,5.0,4.0,0.0,3.0,1.0,0.0,0.0
202684,22400735,1610612739,0.0,1.0,2.0,0.0,0.0,0.0,0.0,0.0
1641734,22400735,1610612739,0.0,2.0,0.0,0.0,2.0,0.0,0.0,0.0
1641731,22400735,1610612764,16.0,4.0,6.0,0.0,12.0,6.0,6.0,2.0
1642273,22400735,1610612764,17.0,2.0,5.0,0.0,11.0,6.0,2.0,1.0
1626158,22400735,1610612764,12.0,3.0,12.0,1.0,7.0,4.0,6.0,4.0
1629673,22400735,1610612764,45.0,5.0,4.0,0.0,32.0,16.0,11.0,9.0
1642267,22400735,1610612764,13.0,3.0,4.0,0.0,9.0,5.0,0.0,0.0
1630557,22400735,1610612764,10.0,0.0,4.0,0.0,10.0,4.0,0.0,0.0
1641774,22400735,1610612764,7.0,4.0,4.0,0.0,7.0,3.0,0.0,0.0
1630264,22400735,1610612764,2.0,0.0,0.0,1.0,2.0,1.0,0.0,0.0
1642358,22400735,1610612764,2.0,4.0,1.0,0.0,4.0,1.0,0.0,0.0
1627752,22400736,1610612749,9.0,1.0,1.0,0.0,7.0,4.0,0.0,0.0
1626171,22400736,1610612749,26.0,6.0,15.0,1.0,20.0,10.0,2.0,2.0
201572,22400736,1610612749,16.0,2.0,2.0,2.0,15.0,7.0,1.0,1.0
1641748,22400736,1610612749,0.0,2.0,4.0,0.0,1.0,0.0,0.0,0.0
203081,22400736,1610612749,23.0,10.0,9.0,0.0,19.0,7.0,5.0,5.0
1631260,22400736,1610612749,2.0,1.0,1.0,0.0,5.0,1.0,0.0,0.0
1628398,22400736,1610612749,12.0,1.0,7.0,0.0,13.0,4.0,2.0,1.0
1629018,22400736,1610612749,19.0,4.0,0.0,0.0,12.0,7.0,0.0,0.0
1631157,22400736,1610612749,3.0,1.0,4.0,0.0,4.0,1.0,0.0,0.0
1642258,22400736,1610612737,13.0,0.0,3.0,0.0,10.0,6.0,0.0,0.0
1631230,22400736,1610612737,7.0,0.0,4.0,1.0,4.0,3.0,0.0,0.0
1630168,22400736,1610612737,14.0,2.0,12.0,0.0,12.0,6.0,2.0,2.0
1630700,22400736,1610612737,15.0,10.0,6.0,0.0,12.0,5.0,7.0,4.0
1629027,22400736,1610612737,24.0,7.0,3.0,0.0,22.0,9.0,5.0,4.0
1630811,22400736,1610612737,3.0,3.0,1.0,1.0,4.0,1.0,0.0,0.0
1626204,22400736,1610612737,11.0,4.0,1.0,0.0,8.0,4.0,0.0,0.0
1630249,22400736,1610612737,11.0,3.0,10.0,0.0,7.0,4.0,2.0,0.0
1631243,22400736,1610612737,15.0,0.0,12.0,4.0,11.0,6.0,2.0,2.0
1629726,22400736,1610612737,2.0,0.0,0.0,0.0,2.0,1.0,0.0,0.0
202691,22400728,1610612742,25.0,4.0,3.0,0.0,17.0,11.0,0.0,0.0
1630556,22400728,1610612742,3.0,3.0,3.0,1.0,1.0,1.0,1.0,1.0
1629655,22400728,1610612742,8.0,5.0,15.0,2.0,4.0,3.0,3.0,2.0
203957,22400728,1610612742,15.0,5.0,0.0,0.0,8.0,5.0,2.0,1.0
202681,22400728,1610612742,19.0,4.0,3.0,0.0,17.0,7.0,2.0,2.0
203915,22400728,1610612742,22.0,2.0,2.0,0.0,10.0,7.0,5.0,5.0
1631108,22400728,1610612742,15.0,4.0,6.0,1.0,13.0,6.0,5.0,3.0
1630230,22400728,1610612742,20.0,3.0,2.0,0.0,15.0,9.0,0.0,0.0
1641765,22400728,1610612742,0.0,2.0,1.0,0.0,3.0,0.0,0.0,0.0
1628369,22400728,1610612738,17.0,4.0,4.0,1.0,12.0,5.0,5.0,4.0
201143,22400728,1610612738,3.0,1.0,5.0,0.0,4.0,1.0,0.0,0.0
204001,22400728,1610612738,17.0,1.0,5.0,2.0,13.0,7.0,3.0,2.0
1627759,22400728,1610612738,25.0,2.0,5.0,0.0,16.0,9.0,4.0,4.0
1628401,22400728,1610612738,13.0,3.0,3.0,1.0,10.0,5.0,1.0,1.0
1628436,22400728,1610612738,7.0,5.0,5.0,1.0,5.0,3.0,2.0,1.0
1630202,22400728,1610612738,21.0,6.0,6.0,1.0,15.0,9.0,0.0,0.0
1630573,22400728,1610612738,6.0,2.0,1.0,0.0,5.0,2.0,0.0,0.0
1641809,22400728,1610612738,3.0,3.0,1.0,0.0,1.0,1.0,0.0,0.0
1641775,22400728,1610612738,2.0,2.0,3.0,0.0,2.0,1.0,0.0,0.0
1629674,22400728,1610612738,6.0,1.0,2.0,0.0,6.0,3.0,0.0,0.0
1631097,22400733,1610612754,25.0,4.0,6.0,0.0,13.0,8.0,12.0,8.0
1627783,22400733,1610612754,33.0,2.0,11.0,0.0,19.0,13.0,2.0,2.0
1626167,22400733,1610612754,0.0,0.0,0.0,0.0,4.0,0.0,0.0,0.0
1629614,22400733,1610612754,4.0,2.0,3.0,0.0,9.0,2.0,0.0,0.0
1630169,22400733,1610612754,14.0,8.0,3.0,1.0,13.0,5.0,2.0,2.0
1628418,22400733,1610612754,12.0,4.0,10.0,1.0,10.0,4.0,2.0,2.0
1630167,22400733,1610612754,10.0,2.0,6.0,0.0,9.0,4.0,2.0,2.0
1630174,22400733,1610612754,4.0,3.0,3.0,0.0,3.0,0.0,4.0,4.0
204456,22400733,1610612754,5.0,6.0,3.0,0.0,8.0,2.0,0.0,0.0
1641767,22400733,1610612754,12.0,0.0,1.0,1.0,7.0,5.0,0.0,0.0
202695,22400733,1610612746,19.0,4.0,4.0,1.0,16.0,7.0,2.0,2.0
1627884,22400733,1610612746,12.0,1.0,4.0,0.0,10.0,5.0,0.0,0.0
1627826,22400733,1610612746,18.0,2.0,15.0,0.0,11.0,8.0,2.0,2.0
1626181,22400733,1610612746,22.0,3.0,4.0,0.0,20.0,8.0,5.0,2.0
201935,22400733,1610612746,22.0,10.0,6.0,0.0,14.0,7.0,5.0,4.0
1629599,22400733,1610612746,14.0,0.0,2.0,1.0,7.0,4.0,2.0,2.0
1627739,22400733,1610612746,1.0,5.0,6.0,1.0,5.0,0.0,2.0,1.0
1629234,22400733,1610612746,4.0,0.0,5.0,0.0,3.0,2.0,0.0,0.0
201587,22400733,1610612746,0.0,0.0,2.0,1.0,2.0,0.0,0.0,0.0
1630532,22400730,1610612753,14.0,4.0,4.0,1.0,17.0,6.0,2.0,2.0
1631094,22400730,1610612753,18.0,4.0,8.0,3.0,14.0,6.0,8.0,5.0
1629048,22400730,1610612753,4.0,0.0,3.0,1.0,2.0,2.0,0.0,0.0
203484,22400730,1610612753,7.0,3.0,4.0,0.0,6.0,2.0,2.0,2.0
1630175,22400730,1610612753,5.0,3.0,2.0,0.0,8.0,2.0,2.0,1.0
1628976,22400730,1610612753,19.0,0.0,4.0,0.0,9.0,7.0,5.0,4.0
1641710,22400730,1610612753,8.0,4.0,1.0,0.0,6.0,2.0,5.0,4.0
1628371,22400730,1610612753,0.0,0.0,4.0,2.0,3.0,0.0,0.0,0.0
1641783,22400730,1610612753,7.0,0.0,2.0,1.0,6.0,2.0,2.0,2.0
1641724,22400730,1610612753,3.0,1.0,2.0,0.0,4.0,1.0,0.0,0.0
1630243,22400730,1610612753,4.0,2.0,5.0,0.0,8.0,1.0,2.0,2.0
1631216,22400730,1610612753,1.0,0.0,1.0,0.0,1.0,0.0,2.0,1.0
1629008,22400730,1610612743,30.0,1.0,7.0,1.0,16.0,11.0,5.0,3.0
203932,22400730,1610612743,11.0,7.0,3.0,1.0,6.0,3.0,7.0,4.0
203999,22400730,1610612743,28.0,12.0,10.0,0.0,16.0,11.0,6.0,4.0
1631128,22400730,1610612743,16.0,4.0,8.0,0.0,12.0,8.0,1.0,0.0
1631124,22400730,1610612743,2.0,3.0,3.0,0.0,8.0,1.0,0.0,0.0
1629618,22400730,1610612743,5.0,5.0,3.0,1.0,6.0,2.0,0.0,0.0
1630192,22400730,1610612743,3.0,0.0,6.0,1.0,7.0,1.0,0.0,0.0
1641816,22400730,1610612743,7.0,0.0,2.0,0.0,4.0,2.0,2.0,1.0
201599,22400730,1610612743,8.0,1.0,7.0,0.0,4.0,4.0,0.0,0.0
1642461,22400730,1610612743,0.0,0.0,1.0,0.0,1.0,0.0,0.0,0.0
1641790,22400730,1610612743,0.0,0.0,2.0,0.0,2.0,0.0,0.0,0.0
1641725,22400730,1610612743,2.0,0.0,0.0,0.0,1.0,1.0,0.0,0.0
201942,22400732,1610612758,22.0,7.0,4.0,3.0,16.0,9.0,4.0,3.0
1631099,22400732,1610612758,12.0,1.0,7.0,0.0,10.0,5.0,0.0,0.0
1627734,22400732,1610612758,10.0,4.0,14.0,1.0,6.0,2.0,6.0,5.0
203897,22400732,1610612758,22.0,1.0,4.0,1.0,19.0,8.0,4.0,3.0
1628370,22400732,1610612758,21.0,4.0,7.0,1.0,20.0,8.0,4.0,3.0
1631165,22400732,1610612758,7.0,0.0,3.0,0.0,4.0,2.0,2.0,2.0
1626168,22400732,1610612758,2.0,1.0,2.0,0.0,3.0,1.0,0.0,0.0
202685,22400732,1610612758,6.0,3.0,5.0,0.0,8.0,2.0,2.0,2.0
1642269,22400732,1610612758,0.0,0.0,1.0,0.0,2.0,0.0,0.0,0.0
203924,22400732,1610612757,12.0,2.0,4.0,3.0,11.0,4.0,2.0,2.0
1641739,22400732,1610612757,4.0,2.0,14.0,1.0,13.0,2.0,0.0,0.0
1629028,22400732,1610612757,18.0,4.0,8.0,2.0,14.0,7.0,4.0,4.0
1630166,22400732,1610612757,9.0,0.0,4.0,0.0,6.0,3.0,2.0,1.0
1629014,22400732,1610612757,30.0,6.0,2.0,0.0,16.0,9.0,4.0,4.0
1630703,22400732,1610612757,5.0,8.0,1.0,0.0,5.0,2.0,0.0,0.0
1631101,22400732,1610612757,24.0,1.0,4.0,0.0,18.0,9.0,4.0,3.0
1642270,22400732,1610612757,2.0,1.0,7.0,1.0,2.0,1.0,2.0,0.0
1631200,22400732,1610612757,0.0,1.0,0.0,0.0,2.0,0.0,0.0,0.0
1630625,22400732,1610612757,4.0,0.0,3.0,0.0,3.0,2.0,0.0,0.0
1628415,22400729,1610612745,15.0,1.0,3.0,1.0,13.0,6.0,0.0,0.0
1631106,22400729,1610612745,10.0,2.0,4.0,3.0,5.0,4.0,2.0,2.0
1630578,22400729,1610612745,16.0,7.0,10.0,0.0,11.0,6.0,4.0,3.0
1630224,22400729,1610612745,28.0,5.0,6.0,0.0,22.0,9.0,10.0,7.0
1641708,22400729,1610612745,16.0,5.0,3.0,2.0,10.0,6.0,6.0,4.0
1641715,22400729,1610612745,16.0,0.0,3.0,0.0,13.0,5.0,5.0,3.0
1642263,22400729,1610612745,3.0,2.0,2.0,1.0,5.0,1.0,0.0,0.0
1629111,22400729,1610612745,10.0,1.0,5.0,0.0,4.0,4.0,1.0,1.0
1630256,22400729,1610612745,0.0,3.0,3.0,0.0,1.0,0.0,0.0,0.0
1630183,22400729,1610612750,12.0,4.0,8.0,1.0,15.0,6.0,0.0,0.0
1629675,22400729,1610612750,15.0,4.0,11.0,2.0,16.0,6.0,1.0,1.0
203497,22400729,1610612750,13.0,0.0,10.0,1.0,8.0,5.0,4.0,3.0
1630162,22400729,1610612750,41.0,6.0,7.0,1.0,25.0,11.0,15.0,14.0
201144,22400729,1610612750,16.0,5.0,3.0,1.0,8.0,6.0,0.0,0.0
1642265,22400729,1610612750,6.0,0.0,0.0,0.0,5.0,3.0,0.0,0.0
1629638,22400729,1610612750,2.0,2.0,3.0,0.0,4.0,1.0,0.0,0.0
1641740,22400729,1610612750,17.0,1.0,3.0,0.0,9.0,5.0,4.0,3.0
1630568,22400729,1610612750,0.0,0.0,2.0,0.0,0.0,0.0,0.0,0.0
1630545,22400729,1610612750,5.0,1.0,0.0,0.0,4.0,2.0,0.0,0.0
1627741,22400731,1610612744,14.0,5.0,5.0,0.0,13.0,5.0,0.0,0.0
203110,22400731,1610612744,13.0,4.0,5.0,1.0,7.0,5.0,3.0,1.0
1642366,22400731,1610612744,6.0,2.0,2.0,0.0,5.0,2.0,0.0,0.0
1641764,22400731,1610612744,8.0,7.0,8.0,0.0,10.0,3.0,6.0,2.0
201939,22400731,1610612744,37.0,4.0,7.0,1.0,35.0,13.0,5.0,5.0
1627780,22400731,1610612744,3.0,1.0,1.0,0.0,4.0,1.0,1.0,1.0
1626172,22400731,1610612744,4.0,2.0,3.0,0.0,3.0,2.0,0.0,0.0
1630541,22400731,1610612744,14.0,2.0,5.0,0.0,10.0,4.0,4.0,4.0
1630311,22400731,1610612744,13.0,0.0,3.0,0.0,9.0,6.0,1.0,1.0
1642050,22400731,1610612744,0.0,2.0,1.0,0.0,5.0,0.0,0.0,0.0
1631218,22400731,1610612744,0.0,0.0,0.0,0.0,0.0,0.0,0.0,0.0
1629060,22400731,1610612747,11.0,3.0,4.0,0.0,9.0,4.0,4.0,2.0
2544,22400731,1610612747,42.0,8.0,17.0,1.0,25.0,14.0,10.0,8.0
1629637,22400731,1610612747,11.0,2.0,3.0,1.0,6.0,4.0,4.0,3.0
1627827,22400731,1610612747,7.0,3.0,1.0,0.0,6.0,3.0,0.0,0.0
1630559,22400731,1610612747,23.0,4.0,3.0,1.0,17.0,4.0,16.0,15.0
1629216,22400731,1610612747,15.0,1.0,0.0,0.0,8.0,5.0,0.0,0.0
1629020,22400731,1610612747,5.0,3.0,14.0,1.0,2.0,2.0,2.0,1.0
1631132,22400731,1610612747,4.0,0.0,2.0,0.0,2.0,2.0,0.0,0.0
1629003,22400731,1610612747,2.0,2.0,3.0,1.0,3.0,1.0,0.0,0.0
1641764,22400725,1610612744,29.0,4.0,6.0,0.0,18.0,8.0,13.0,10.0
203110,22400725,1610612744,7.0,9.0,4.0,0.0,7.0,2.0,4.0,3.0
1642366,22400725,1610612744,10.0,3.0,7.0,0.0,9.0,5.0,0.0,0.0
1627741,22400725,1610612744,18.0,2.0,3.0,1.0,14.0,7.0,0.0,0.0
201939,22400725,1610612744,32.0,7.0,1.0,1.0,31.0,12.0,2.0,2.0
1627780,22400725,1610612744,9.0,1.0,1.0,1.0,6.0,4.0,0.0,0.0
1626172,22400725,1610612744,6.0,3.0,10.0,1.0,5.0,2.0,2.0,2.0
1630611,22400725,1610612744,4.0,0.0,0.0,0.0,1.0,1.0,2.0,1.0
1630311,22400725,1610612744,7.0,4.0,4.0,0.0,6.0,3.0,2.0,1.0
1642050,22400725,1610612744,6.0,0.0,5.0,0.0,3.0,2.0,2.0,0.0
1629004,22400725,1610612762,10.0,4.0,5.0,0.0,8.0,3.0,3.0,2.0
1628381,22400725,1610612762,19.0,2.0,5.0,2.0,15.0,7.0,6.0,5.0
1631117,22400725,1610612762,15.0,2.0,18.0,3.0,9.0,7.0,2.0,1.0
203903,22400725,1610612762,31.0,5.0,4.0,0.0,19.0,10.0,6.0,6.0
1642268,22400725,1610612762,20.0,11.0,6.0,0.0,18.0,9.0,2.0,2.0
1641729,22400725,1610612762,0.0,0.0,0.0,0.0,3.0,0.0,0.0,0.0
1641718,22400725,1610612762,26.0,6.0,3.0,0.0,13.0,8.0,8.0,6.0
1630695,22400725,1610612762,3.0,0.0,4.0,0.0,2.0,1.0,0.0,0.0
1642271,22400725,1610612762,4.0,0.0,3.0,0.0,2.0,2.0,0.0,0.0
1630548,22400725,1610612762,3.0,0.0,0.0,0.0,3.0,1.0,0.0,0.0
1630170,22400719,1610612759,20.0,4.0,3.0,0.0,18.0,9.0,0.0,0.0
203084,22400719,1610612759,13.0,1.0,6.0,0.0,10.0,6.0,0.0,0.0
1641705,22400719,1610612759,24.0,2.0,12.0,1.0,15.0,8.0,8.0,6.0
1628368,22400719,1610612759,24.0,13.0,5.0,0.0,22.0,11.0,0.0,0.0
101108,22400719,1610612759,11.0,9.0,4.0,0.0,9.0,4.0,0.0,0.0
1630577,22400719,1610612759,5.0,2.0,3.0,1.0,6.0,2.0,0.0,0.0
1631110,22400719,1610612759,15.0,2.0,4.0,0.0,8.0,7.0,2.0,1.0
1642264,22400719,1610612759,11.0,3.0,2.0,1.0,9.0,3.0,6.0,5.0
1629640,22400719,1610612759,3.0,0.0,2.0,0.0,4.0,1.0,0.0,0.0
1642258,22400719,1610612737,6.0,0.0,1.0,0.0,8.0,3.0,0.0,0.0
1629631,22400719,1610612737,22.0,5.0,10.0,0.0,15.0,8.0,0.0,0.0
1630168,22400719,1610612737,30.0,5.0,12.0,1.0,16.0,13.0,2.0,1.0
1630700,22400719,1610612737,19.0,7.0,8.0,0.0,14.0,8.0,2.0,2.0
1629027,22400719,1610612737,32.0,12.0,2.0,0.0,21.0,10.0,11.0,9.0
1630811,22400719,1610612737,5.0,0.0,0.0,1.0,3.0,2.0,0.0,0.0
1626204,22400719,1610612737,1.0,1.0,3.0,0.0,1.0,0.0,2.0,1.0
1630249,22400719,1610612737,5.0,2.0,5.0,0.0,4.0,2.0,0.0,0.0
1629726,22400719,1610612737,0.0,1.0,1.0,0.0,3.0,0.0,0.0,0.0
1631230,22400719,1610612737,5.0,0.0,3.0,3.0,6.0,2.0,1.0,0.0
1630245,22400723,1610612741,11.0,4.0,0.0,0.0,10.0,5.0,0.0,0.0
1641824,22400723,1610612741,14.0,1.0,5.0,3.0,10.0,4.0,9.0,6.0
202696,22400723,1610612741,10.0,4.0,11.0,0.0,11.0,5.0,0.0,0.0
1629632,22400723,1610612741,20.0,4.0,0.0,0.0,11.0,5.0,6.0,6.0
1630581,22400723,1610612741,19.0,4.0,4.0,0.0,14.0,7.0,2.0,2.0
1630172,22400723,1610612741,8.0,1.0,3.0,1.0,10.0,3.0,5.0,2.0
1628975,22400723,1610612741,10.0,6.0,2.0,0.0,7.0,4.0,0.0,0.0
1641763,22400723,1610612741,2.0,0.0,4.0,1.0,2.0,1.0,0.0,0.0
1630188,22400723,1610612741,14.0,1.0,5.0,0.0,8.0,6.0,0.0,0.0
1630183,22400723,1610612750,12.0,2.0,8.0,1.0,10.0,5.0,0.0,0.0
1629675,22400723,1610612750,22.0,6.0,10.0,2.0,19.0,8.0,2.0,2.0
203497,22400723,1610612750,10.0,1.0,15.0,3.0,7.0,4.0,6.0,2.0
1630162,22400723,1610612750,49.0,3.0,9.0,1.0,28.0,13.0,18.0,17.0
201144,22400723,1610612750,8.0,9.0,5.0,0.0,10.0,2.0,2.0,2.0
1629638,22400723,1610612750,12.0,3.0,5.0,0.0,10.0,4.0,0.0,0.0
1641740,22400723,1610612750,5.0,0.0,1.0,1.0,2.0,2.0,0.0,0.0
1642265,22400723,1610612750,3.0,3.0,3.0,0.0,6.0,1.0,0.0,0.0
1630568,22400723,1610612750,4.0,0.0,1.0,0.0,4.0,2.0,0.0,0.0
1630545,22400723,1610612750,0.0,0.0,0.0,0.0,1.0,0.0,0.0,0.0
1631169,22400723,1610612750,0.0,0.0,1.0,0.0,0.0,0.0,0.0,0.0
1631159,22400723,1610612750,2.0,0.0,1.0,0.0,1.0,1.0,0.0,0.0
1627752,22400717,1610612749,11.0,0.0,2.0,0.0,6.0,4.0,0.0,0.0
1626171,22400717,1610612749,23.0,5.0,17.0,3.0,21.0,10.0,1.0,1.0
201572,22400717,1610612749,14.0,0.0,3.0,0.0,8.0,4.0,2.0,2.0
1641748,22400717,1610612749,2.0,1.0,1.0,0.0,1.0,1.0,0.0,0.0
203081,22400717,1610612749,29.0,12.0,4.0,0.0,18.0,9.0,9.0,8.0
1626192,22400717,1610612749,4.0,3.0,6.0,0.0,6.0,2.0,0.0,0.0
1631260,22400717,1610612749,8.0,1.0,2.0,1.0,7.0,3.0,0.0,0.0
1631157,22400717,1610612749,6.0,4.0,2.0,0.0,5.0,2.0,1.0,1.0
1629018,22400717,1610612749,13.0,0.0,6.0,0.0,8.0,5.0,0.0,0.0
1641890,22400717,1610612749,2.0,0.0,0.0,0.0,1.0,1.0,0.0,0.0
1641753,22400717,1610612749,0.0,0.0,0.0,0.0,0.0,0.0,0.0,0.0
1630699,22400717,1610612749,0.0,0.0,1.0,0.0,0.0,0.0,0.0,0.0
1630182,22400717,1610612766,5.0,0.0,3.0,0.0,6.0,2.0,2.0,1.0
1628970,22400717,1610612766,15.0,6.0,6.0,0.0,17.0,7.0,0.0,0.0
1631109,22400717,1610612766,6.0,2.0,5.0,0.0,8.0,2.0,2.0,2.0
1641733,22400717,1610612766,23.0,2.0,2.0,0.0,15.0,9.0,2.0,1.0
1642354,22400717,1610612766,15.0,3.0,0.0,0.0,12.0,6.0,0.0,0.0
1629610,22400717,1610612766,9.0,2.0,6.0,0.0,7.0,3.0,1.0,1.0
1631217,22400717,1610612766,10.0,2.0,13.0,0.0,2.0,2.0,8.0,6.0
1631209,22400717,1610612766,6.0,2.0,0.0,0.0,6.0,3.0,0.0,0.0
203552,22400717,1610612766,3.0,1.0,2.0,0.0,7.0,1.0,1.0,1.0
1642275,22400717,1610612766,10.0,1.0,4.0,1.0,8.0,3.0,4.0,3.0
1641731,22400720,1610612764,11.0,11.0,10.0,1.0,9.0,5.0,1.0,1.0
1642273,22400720,1610612764,17.0,3.0,7.0,1.0,8.0,6.0,0.0,0.0
1626158,22400720,1610612764,9.0,3.0,5.0,1.0,5.0,4.0,1.0,1.0
1629673,22400720,1610612764,19.0,8.0,3.0,0.0,15.0,6.0,4.0,4.0
1642267,22400720,1610612764,16.0,10.0,4.0,0.0,8.0,5.0,2.0,2.0
1630557,22400720,1610612764,17.0,3.0,2.0,0.0,13.0,7.0,0.0,0.0
1627763,22400720,1610612764,7.0,1.0,1.0,0.0,6.0,3.0,0.0,0.0
1641774,22400720,1610612764,12.0,1.0,6.0,0.0,9.0,4.0,4.0,2.0
1630551,22400720,1610612764,11.0,0.0,2.0,0.0,8.0,4.0,2.0,1.0
1631098,22400720,1610612764,0.0,0.0,0.0,0.0,0.0,0.0,0.0,0.0
1630264,22400720,1610612764,0.0,0.0,0.0,0.0,0.0,0.0,0.0,0.0
1629661,22400720,1610612751,17.0,2.0,3.0,0.0,13.0,5.0,4.0,4.0
1630533,22400720,1610612751,4.0,0.0,3.0,0.0,8.0,1.0,2.0,2.0
1629651,22400720,1610612751,5.0,2.0,6.0,2.0,3.0,2.0,2.0,1.0
1630553,22400720,1610612751,25.0,3.0,6.0,0.0,18.0,9.0,3.0,3.0
1626156,22400720,1610612751,5.0,2.0,0.0,0.0,7.0,2.0,2.0,1.0
1627732,22400720,1610612751,4.0,6.0,5.0,0.0,5.0,2.0,0.0,0.0
1630592,22400720,1610612751,7.0,4.0,3.0,0.0,4.0,2.0,2.0,1.0
1630549,22400720,1610612751,11.0,2.0,4.0,0.0,7.0,5.0,0.0,0.0
1641787,22400720,1610612751,15.0,1.0,5.0,1.0,11.0,6.0,4.0,2.0
1631213,22400720,1610612751,8.0,2.0,2.0,0.0,5.0,2.0,2.0,2.0
1641736,22400720,1610612751,1.0,2.0,0.0,0.0,2.0,0.0,2.0,1.0
1628960,22400724,1610612756,9.0,3.0,2.0,0.0,9.0,3.0,0.0,0.0
1626220,22400724,1610612756,18.0,1.0,5.0,0.0,10.0,6.0,0.0,0.0
1630208,22400724,1610612756,6.0,0.0,6.0,0.0,3.0,3.0,0.0,0.0
1626164,22400724,1610612756,19.0,3.0,2.0,0.0,9.0,3.0,15.0,13.0
1626145,22400724,1610612756,10.0,3.0,0.0,0.0,9.0,4.0,0.0,0.0
203078,22400724,1610612756,25.0,6.0,3.0,0.0,11.0,7.0,10.0,10.0
203486,22400724,1610612756,0.0,2.0,5.0,0.0,1.0,0.0,0.0,0.0
1642346,22400724,1610612756,2.0,0.0,5.0,0.0,4.0,1.0,0.0,0.0
1627814,22400724,1610612756,4.0,1.0,2.0,0.0,5.0,1.0,2.0,2.0
1631221,22400724,1610612756,6.0,2.0,1.0,0.0,2.0,1.0,5.0,4.0
1641779,22400724,1610612756,3.0,0.0,0.0,0.0,1.0,1.0,0.0,0.0
1629626,22400724,1610612756,3.0,1.0,1.0,0.0,4.0,1.0,0.0,0.0
1642345,22400724,1610612756,4.0,2.0,3.0,2.0,2.0,2.0,1.0,0.0
1629652,22400724,1610612760,7.0,1.0,2.0,1.0,7.0,3.0,0.0,0.0
1631114,22400724,1610612760,13.0,4.0,3.0,0.0,12.0,6.0,0.0,0.0
1628392,22400724,1610612760,9.0,4.0,4.0,0.0,6.0,3.0,4.0,3.0
1630598,22400724,1610612760,17.0,1.0,6.0,0.0,8.0,6.0,4.0,4.0
1628983,22400724,1610612760,50.0,5.0,8.0,1.0,29.0,18.0,12.0,11.0
1631119,22400724,1610612760,4.0,3.0,12.0,1.0,9.0,0.0,4.0,4.0
1631172,22400724,1610612760,5.0,0.0,0.0,0.0,4.0,2.0,0.0,0.0
1627936,22400724,1610612760,5.0,2.0,1.0,1.0,6.0,2.0,0.0,0.0
1630198,22400724,1610612760,12.0,1.0,3.0,0.0,8.0,5.0,0.0,0.0
1629026,22400724,1610612760,5.0,1.0,3.0,0.0,3.0,2.0,0.0,0.0
1641794,22400724,1610612760,6.0,2.0,2.0,0.0,4.0,2.0,3.0,2.0
1642505,22400724,1610612760,0.0,0.0,2.0,0.0,2.0,0.0,0.0,0.0
1641745,22400724,1610612760,7.0,0.0,0.0,0.0,4.0,3.0,0.0,0.0
1630532,22400727,1610612753,31.0,3.0,5.0,0.0,22.0,12.0,2.0,2.0
1631094,22400727,1610612753,23.0,9.0,0.0,0.0,15.0,9.0,5.0,4.0
1629048,22400727,1610612753,14.0,2.0,7.0,2.0,7.0,7.0,0.0,0.0
203484,22400727,1610612753,8.0,1.0,2.0,0.0,6.0,3.0,0.0,0.0
1630175,22400727,1610612753,14.0,3.0,2.0,1.0,9.0,5.0,2.0,2.0
203914,22400727,1610612753,0.0,1.0,3.0,0.0,1.0,0.0,0.0,0.0
1628976,22400727,1610612753,8.0,3.0,8.0,0.0,4.0,3.0,0.0,0.0
1628371,22400727,1610612753,0.0,2.0,3.0,0.0,1.0,0.0,0.0,0.0
1641710,22400727,1610612753,15.0,3.0,1.0,0.0,10.0,4.0,6.0,6.0
1641783,22400727,1610612753,11.0,3.0,2.0,0.0,5.0,5.0,0.0,0.0
1641724,22400727,1610612753,3.0,0.0,0.0,0.0,2.0,1.0,0.0,0.0
1630243,22400727,1610612753,0.0,0.0,1.0,0.0,2.0,0.0,0.0,0.0
1631216,22400727,1610612753,3.0,0.0,1.0,0.0,3.0,1.0,0.0,0.0
202709,22400727,1610612753,0.0,0.0,0.0,0.0,1.0,0.0,0.0,0.0
201942,22400727,1610612758,19.0,2.0,2.0,0.0,11.0,6.0,7.0,6.0
1631099,22400727,1610612758,5.0,1.0,6.0,1.0,6.0,2.0,0.0,0.0
1627734,22400727,1610612758,21.0,3.0,13.0,0.0,10.0,8.0,5.0,4.0
203897,22400727,1610612758,13.0,3.0,1.0,0.0,13.0,4.0,6.0,5.0
1628370,22400727,1610612758,10.0,3.0,0.0,1.0,11.0,4.0,1.0,1.0
1631165,22400727,1610612758,12.0,3.0,3.0,1.0,6.0,5.0,0.0,0.0
1626168,22400727,1610612758,8.0,0.0,0.0,0.0,5.0,2.0,2.0,2.0
1642403,22400727,1610612758,4.0,2.0,4.0,0.0,4.0,2.0,1.0,0.0
1642269,22400727,1610612758,9.0,4.0,3.0,0.0,5.0,3.0,4.0,2.0
203458,22400727,1610612758,0.0,0.0,0.0,0.0,0.0,0.0,0.0,0.0
1630222,22400727,1610612758,9.0,0.0,1.0,0.0,7.0,4.0,0.0,0.0
1641732,22400727,1610612758,0.0,2.0,3.0,1.0,1.0,0.0,0.0,0.0
1642384,22400727,1610612758,1.0,0.0,1.0,0.0,1.0,0.0,2.0,1.0
1629312,22400721,1610612748,3.0,0.0,1.0,0.0,5.0,1.0,0.0,0.0
1628389,22400721,1610612748,18.0,4.0,13.0,0.0,16.0,8.0,2.0,1.0
1642276,22400721,1610612748,0.0,1.0,13.0,0.0,3.0,0.0,0.0,0.0
1629130,22400721,1610612748,0.0,1.0,0.0,0.0,4.0,0.0,0.0,0.0
1629639,22400721,1610612748,30.0,7.0,7.0,0.0,20.0,11.0,4.0,3.0
1631107,22400721,1610612748,23.0,7.0,5.0,1.0,9.0,8.0,5.0,4.0
201567,22400721,1610612748,0.0,0.0,2.0,0.0,0.0,0.0,0.0,0.0
1631170,22400721,1610612748,9.0,2.0,6.0,1.0,7.0,2.0,5.0,5.0
1626179,22400721,1610612748,20.0,2.0,5.0,0.0,17.0,8.0,2.0,1.0
1641796,22400721,1610612748,5.0,1.0,2.0,2.0,2.0,1.0,2.0,2.0
1642348,22400721,1610612755,8.0,3.0,4.0,0.0,8.0,3.0,2.0,1.0
202331,22400721,1610612755,9.0,2.0,1.0,1.0,11.0,3.0,0.0,0.0
1627824,22400721,1610612755,9.0,2.0,9.0,1.0,8.0,3.0,2.0,2.0
1626162,22400721,1610612755,15.0,0.0,11.0,1.0,16.0,6.0,4.0,2.0
1630178,22400721,1610612755,31.0,5.0,3.0,0.0,28.0,11.0,6.0,6.0
201569,22400721,1610612755,5.0,5.0,3.0,1.0,9.0,2.0,0.0,0.0
1641737,22400721,1610612755,11.0,0.0,5.0,0.0,5.0,4.0,4.0,3.0
202704,22400721,1610612755,10.0,1.0,1.0,0.0,4.0,4.0,0.0,0.0
200768,22400721,1610612755,3.0,4.0,2.0,0.0,5.0,1.0,2.0,1.0
1641741,22400721,1610612755,0.0,0.0,0.0,0.0,2.0,0.0,0.0,0.0
1631255,22400726,1610612740,10.0,1.0,9.0,2.0,6.0,3.0,3.0,3.0
1629627,22400726,1610612740,28.0,4.0,6.0,0.0,19.0,11.0,9.0,6.0
1642274,22400726,1610612740,12.0,2.0,6.0,0.0,8.0,6.0,0.0,0.0
1630530,22400726,1610612740,25.0,9.0,5.0,1.0,16.0,9.0,5.0,5.0
203468,22400726,1610612740,19.0,3.0,1.0,0.0,14.0,6.0,4.0,4.0
1641722,22400726,1610612740,15.0,2.0,3.0,0.0,15.0,5.0,3.0,3.0
1629750,22400726,1610612740,3.0,2.0,3.0,0.0,3.0,1.0,0.0,0.0
1641810,22400726,1610612740,3.0,2.0,0.0,0.0,3.0,1.0,0.0,0.0
1631288,22400726,1610612740,2.0,1.0,2.0,0.0,5.0,0.0,2.0,2.0
1630526,22400726,1610612740,2.0,0.0,3.0,0.0,4.0,1.0,0.0,0.0
1631232,22400726,1610612740,0.0,0.0,0.0,0.0,0.0,0.0,0.0,0.0
1629008,22400726,1610612743,39.0,4.0,12.0,0.0,23.0,16.0,2.0,2.0
203932,22400726,1610612743,7.0,12.0,4.0,1.0,9.0,2.0,2.0,2.0
203999,22400726,1610612743,38.0,10.0,8.0,1.0,28.0,15.0,3.0,3.0
1631128,22400726,1610612743,23.0,3.0,9.0,1.0,12.0,8.0,6.0,6.0
1627750,22400726,1610612743,10.0,6.0,2.0,0.0,7.0,5.0,0.0,0.0
1630192,22400726,1610612743,4.0,0.0,5.0,1.0,3.0,2.0,0.0,0.0
1631124,22400726,1610612743,10.0,1.0,2.0,0.0,10.0,4.0,0.0,0.0
1629618,22400726,1610612743,4.0,2.0,2.0,0.0,3.0,2.0,0.0,0.0
201599,22400726,1610612743,2.0,2.0,4.0,0.0,1.0,1.0,0.0,0.0
1641816,22400726,1610612743,4.0,0.0,2.0,0.0,2.0,1.0,2.0,1.0
1641725,22400726,1610612743,0.0,0.0,0.0,0.0,0.0,0.0,0.0,0.0
1641790,22400726,1610612743,0.0,0.0,1.0,0.0,0.0,0.0,0.0,0.0
1642461,22400726,1610612743,3.0,0.0,0.0,0.0,2.0,1.0,0.0,0.0
1642377,22400722,1610612763,7.0,1.0,4.0,0.0,6.0,3.0,0.0,0.0
1628991,22400722,1610612763,32.0,4.0,5.0,1.0,16.0,10.0,9.0,8.0
1641744,22400722,1610612763,13.0,2.0,15.0,2.0,5.0,5.0,4.0,3.0
1628379,22400722,1610612763,5.0,3.0,4.0,0.0,6.0,1.0,2.0,2.0
1629630,22400722,1610612763,26.0,4.0,5.0,0.0,14.0,9.0,6.0,5.0
1629634,22400722,1610612763,13.0,0.0,5.0,1.0,6.0,5.0,4.0,3.0
1630583,22400722,1610612763,6.0,2.0,4.0,0.0,7.0,2.0,3.0,1.0
1641713,22400722,1610612763,17.0,1.0,6.0,0.0,8.0,5.0,7.0,6.0
203935,22400722,1610612763,0.0,2.0,1.0,0.0,6.0,0.0,0.0,0.0
1630590,22400722,1610612763,12.0,0.0,5.0,0.0,6.0,4.0,0.0,0.0
1631246,22400722,1610612763,4.0,2.0,4.0,0.0,5.0,2.0,1.0,0.0
1631222,22400722,1610612763,0.0,0.0,0.0,1.0,1.0,0.0,2.0,0.0
1630643,22400722,1610612763,3.0,0.0,1.0,0.0,2.0,1.0,0.0,0.0
1629723,22400722,1610612763,0.0,0.0,2.0,0.0,0.0,0.0,0.0,0.0
1642530,22400722,1610612763,0.0,1.0,0.0,0.0,1.0,0.0,0.0,0.0
1642266,22400722,1610612761,14.0,3.0,3.0,0.0,11.0,5.0,3.0,3.0
1630567,22400722,1610612761,11.0,9.0,2.0,3.0,18.0,4.0,3.0,3.0
203482,22400722,1610612761,9.0,2.0,7.0,0.0,11.0,3.0,2.0,2.0
1641711,22400722,1610612761,13.0,0.0,7.0,0.0,17.0,5.0,2.0,2.0
1642347,22400722,1610612761,14.0,4.0,0.0,0.0,10.0,5.0,2.0,2.0
1630558,22400722,1610612761,10.0,5.0,1.0,0.0,5.0,4.0,1.0,1.0
1630534,22400722,1610612761,14.0,2.0,3.0,0.0,7.0,5.0,2.0,1.0
1642367,22400722,1610612761,10.0,2.0,6.0,0.0,8.0,4.0,0.0,0.0
1628971,22400722,1610612761,8.0,1.0,3.0,0.0,9.0,3.0,2.0,2.0
1642419,22400722,1610612761,3.0,0.0,2.0,0.0,2.0,1.0,0.0,0.0
1631115,22400722,1610612761,1.0,0.0,0.0,0.0,0.0,0.0,2.0,1.0
1629622,22400718,1610612739,15.0,2.0,6.0,1.0,12.0,5.0,2.0,2.0
1630596,22400718,1610612739,30.0,7.0,9.0,4.0,16.0,10.0,8.0,7.0
1628386,22400718,1610612739,6.0,6.0,13.0,1.0,4.0,2.0,3.0,2.0
1627747,22400718,1610612739,0.0,0.0,2.0,0.0,8.0,0.0,0.0,0.0
1629636,22400718,1610612739,25.0,5.0,3.0,1.0,18.0,8.0,6.0,5.0
1627777,22400718,1610612739,7.0,1.0,5.0,0.0,7.0,3.0,0.0,0.0
1630241,22400718,1610612739,6.0,0.0,2.0,0.0,4.0,2.0,0.0,0.0
1629660,22400718,1610612739,13.0,5.0,4.0,0.0,7.0,5.0,3.0,3.0
1642281,22400718,1610612739,0.0,1.0,2.0,0.0,2.0,0.0,0.0,0.0
1641854,22400718,1610612739,16.0,1.0,0.0,0.0,7.0,6.0,2.0,1.0
1641709,22400718,1610612765,12.0,3.0,8.0,0.0,10.0,4.0,7.0,4.0
202699,22400718,1610612765,8.0,1.0,2.0,1.0,9.0,3.0,2.0,2.0
1631105,22400718,1610612765,8.0,0.0,10.0,1.0,8.0,4.0,0.0,0.0
203501,22400718,1610612765,20.0,1.0,3.0,0.0,12.0,6.0,2.0,2.0
1630595,22400718,1610612765,38.0,9.0,7.0,0.0,29.0,11.0,13.0,13.0
1630191,22400718,1610612765,8.0,1.0,6.0,2.0,4.0,3.0,2.0,2.0
1627736,22400718,1610612765,2.0,1.0,0.0,0.0,8.0,1.0,0.0,0.0
1631323,22400718,1610612765,3.0,0.0,1.0,0.0,4.0,1.0,0.0,0.0
1641842,22400718,1610612765,9.0,1.0,1.0,0.0,7.0,3.0,2.0,2.0
1631204,22400718,1610612765,0.0,4.0,1.0,0.0,1.0,0.0,0.0,0.0
1630194,22400718,1610612765,7.0,1.0,6.0,1.0,6.0,3.0,0.0,0.0
202691,22400712,1610612742,12.0,1.0,5.0,0.0,11.0,4.0,1.0,1.0
1630556,22400712,1610612742,0.0,0.0,4.0,1.0,3.0,0.0,0.0,0.0
1629655,22400712,1610612742,12.0,0.0,6.0,2.0,10.0,5.0,2.0,2.0
203957,22400712,1610612742,14.0,4.0,1.0,0.0,10.0,6.0,2.0,2.0
202681,22400712,1610612742,34.0,4.0,9.0,1.0,21.0,11.0,11.0,10.0
203915,22400712,1610612742,7.0,7.0,1.0,0.0,6.0,2.0,2.0,1.0
1631108,22400712,1610612742,15.0,3.0,9.0,0.0,8.0,5.0,2.0,1.0
1630230,22400712,1610612742,19.0,5.0,4.0,0.0,13.0,6.0,9.0,7.0
1630283,22400712,1610612742,1.0,0.0,1.0,0.0,0.0,0.0,2.0,1.0
1641765,22400712,1610612742,2.0,0.0,4.0,0.0,3.0,1.0,0.0,0.0
1642348,22400712,1610612755,16.0,2.0,2.0,1.0,13.0,6.0,0.0,0.0
1627824,22400712,1610612755,19.0,4.0,8.0,0.0,8.0,7.0,5.0,5.0
203954,22400712,1610612755,29.0,10.0,11.0,0.0,23.0,12.0,9.0,4.0
1626162,22400712,1610612755,9.0,3.0,6.0,1.0,9.0,4.0,0.0,0.0
1630178,22400712,1610612755,33.0,13.0,4.0,0.0,22.0,13.0,5.0,4.0
1641741,22400712,1610612755,8.0,3.0,2.0,1.0,6.0,3.0,0.0,0.0
202704,22400712,1610612755,2.0,1.0,0.0,0.0,3.0,1.0,0.0,0.0
1641737,22400712,1610612755,2.0,1.0,1.0,1.0,1.0,1.0,0.0,0.0
1630288,22400712,1610612755,0.0,0.0,0.0,0.0,1.0,0.0,0.0,0.0
1629312,22400714,1610612748,5.0,2.0,2.0,1.0,3.0,1.0,2.0,2.0
1628389,22400714,1610612748,23.0,4.0,8.0,0.0,17.0,10.0,5.0,2.0
1642276,22400714,1610612748,17.0,1.0,12.0,0.0,12.0,8.0,0.0,0.0
1629130,22400714,1610612748,8.0,1.0,2.0,0.0,5.0,3.0,0.0,0.0
1629639,22400714,1610612748,23.0,9.0,8.0,0.0,15.0,5.0,11.0,10.0
1626179,22400714,1610612748,5.0,3.0,2.0,0.0,12.0,2.0,0.0,0.0
1631107,22400714,1610612748,20.0,2.0,2.0,0.0,10.0,7.0,2.0,1.0
1631170,22400714,1610612748,14.0,5.0,4.0,1.0,8.0,4.0,6.0,6.0
202692,22400714,1610612748,9.0,2.0,4.0,1.0,8.0,3.0,0.0,0.0
1630245,22400714,1610612741,21.0,9.0,2.0,1.0,11.0,8.0,3.0,3.0
1630581,22400714,1610612741,24.0,7.0,5.0,0.0,14.0,8.0,8.0,6.0
202696,22400714,1610612741,12.0,2.0,11.0,0.0,13.0,5.0,2.0,0.0
1629632,22400714,1610612741,22.0,7.0,3.0,0.0,16.0,7.0,4.0,4.0
1628366,22400714,1610612741,5.0,2.0,5.0,0.0,9.0,2.0,0.0,0.0
1630172,22400714,1610612741,10.0,4.0,7.0,0.0,8.0,3.0,2.0,2.0
1641824,22400714,1610612741,24.0,0.0,2.0,2.0,10.0,10.0,0.0,0.0
1630188,22400714,1610612741,8.0,4.0,8.0,0.0,6.0,3.0,0.0,0.0
1628975,22400714,1610612741,2.0,0.0,0.0,0.0,3.0,1.0,0.0,0.0
1641763,22400714,1610612741,5.0,0.0,0.0,0.0,1.0,1.0,3.0,3.0
1631097,22400716,1610612754,12.0,2.0,7.0,0.0,9.0,4.0,5.0,3.0
1627783,22400716,1610612754,16.0,1.0,6.0,1.0,14.0,6.0,4.0,4.0
1626167,22400716,1610612754,9.0,1.0,2.0,0.0,8.0,3.0,2.0,1.0
1629614,22400716,1610612754,17.0,2.0,6.0,1.0,10.0,6.0,6.0,5.0
1630169,22400716,1610612754,0.0,6.0,2.0,2.0,3.0,0.0,0.0,0.0
1630167,22400716,1610612754,0.0,0.0,2.0,1.0,2.0,0.0,0.0,0.0
1630174,22400716,1610612754,5.0,2.0,0.0,0.0,5.0,2.0,0.0,0.0
1628418,22400716,1610612754,5.0,2.0,3.0,0.0,5.0,1.0,4.0,3.0
204456,22400716,1610612754,14.0,4.0,4.0,0.0,11.0,7.0,0.0,0.0
1641767,22400716,1610612754,9.0,2.0,4.0,1.0,10.0,4.0,0.0,0.0
1641716,22400716,1610612754,2.0,1.0,1.0,0.0,3.0,1.0,0.0,0.0
1642402,22400716,1610612754,0.0,1.0,1.0,0.0,0.0,0.0,0.0,0.0
201949,22400716,1610612754,0.0,1.0,1.0,0.0,1.0,0.0,0.0,0.0
1642277,22400716,1610612754,0.0,0.0,0.0,0.0,0.0,0.0,0.0,0.0
203924,22400716,1610612757,20.0,1.0,2.0,0.0,14.0,6.0,5.0,5.0
1641739,22400716,1610612757,13.0,2.0,7.0,1.0,7.0,5.0,2.0,2.0
1629028,22400716,1610612757,8.0,2.0,9.0,1.0,8.0,4.0,0.0,0.0
1630166,22400716,1610612757,6.0,1.0,4.0,0.0,9.0,2.0,2.0,1.0
1629014,22400716,1610612757,22.0,7.0,3.0,0.0,16.0,8.0,2.0,2.0
1629057,22400716,1610612757,4.0,3.0,11.0,2.0,5.0,2.0,0.0,0.0
1631101,22400716,1610612757,17.0,1.0,4.0,0.0,17.0,6.0,4.0,4.0
1630703,22400716,1610612757,17.0,5.0,8.0,0.0,13.0,7.0,0.0,0.0
1631200,22400716,1610612757,0.0,0.0,1.0,0.0,0.0,0.0,0.0,0.0
1641712,22400716,1610612757,0.0,0.0,1.0,0.0,1.0,0.0,0.0,0.0
1630625,22400716,1610612757,0.0,0.0,1.0,0.0,0.0,0.0,0.0,0.0
1631133,22400716,1610612757,0.0,1.0,0.0,0.0,0.0,0.0,0.0,0.0
1641871,22400716,1610612757,5.0,0.0,0.0,0.0,2.0,1.0,2.0,2.0
1629060,22400715,1610612747,20.0,2.0,6.0,0.0,14.0,7.0,2.0,2.0
2544,22400715,1610612747,26.0,9.0,8.0,0.0,13.0,8.0,11.0,8.0
1629637,22400715,1610612747,6.0,4.0,6.0,2.0,6.0,3.0,1.0,0.0
1627827,22400715,1610612747,7.0,2.0,4.0,0.0,7.0,3.0,0.0,0.0
1630559,22400715,1610612747,20.0,9.0,6.0,1.0,13.0,7.0,3.0,3.0
1629216,22400715,1610612747,12.0,2.0,3.0,0.0,10.0,4.0,0.0,0.0
1629020,22400715,1610612747,6.0,0.0,6.0,0.0,3.0,2.0,2.0,1.0
1642261,22400715,1610612747,14.0,1.0,4.0,0.0,9.0,6.0,0.0,0.0
1629003,22400715,1610612747,4.0,3.0,2.0,0.0,3.0,2.0,0.0,0.0
1642355,22400715,1610612747,3.0,1.0,0.0,0.0,1.0,1.0,2.0,0.0
1642422,22400715,1610612747,2.0,0.0,1.0,0.0,1.0,1.0,0.0,0.0
1641998,22400715,1610612747,2.0,0.0,4.0,0.0,1.0,1.0,2.0,0.0
202695,22400715,1610612746,11.0,2.0,6.0,3.0,11.0,4.0,2.0,2.0
1627884,22400715,1610612746,17.0,2.0,2.0,0.0,10.0,6.0,2.0,2.0
1627826,22400715,1610612746,8.0,3.0,10.0,0.0,7.0,2.0,4.0,4.0
1626181,22400715,1610612746,20.0,3.0,2.0,1.0,15.0,7.0,4.0,3.0
201935,22400715,1610612746,7.0,9.0,3.0,0.0,12.0,2.0,3.0,3.0
1627739,22400715,1610612746,2.0,4.0,5.0,0.0,5.0,1.0,0.0,0.0
1629599,22400715,1610612746,8.0,0.0,0.0,1.0,5.0,3.0,2.0,1.0
201587,22400715,1610612746,3.0,1.0,2.0,0.0,4.0,1.0,0.0,0.0
1629645,22400715,1610612746,7.0,2.0,3.0,0.0,7.0,3.0,0.0,0.0
1629611,22400715,1610612746,0.0,1.0,1.0,0.0,4.0,0.0,0.0,0.0
201988,22400715,1610612746,0.0,1.0,0.0,0.0,3.0,0.0,0.0,0.0
1641738,22400715,1610612746,0.0,2.0,1.0,0.0,0.0,0.0,0.0,0.0
1630538,22400715,1610612746,12.0,0.0,0.0,0.0,5.0,4.0,2.0,2.0
1629234,22400715,1610612746,2.0,0.0,1.0,0.0,1.0,1.0,0.0,0.0
1627759,22400710,1610612738,16.0,6.0,9.0,0.0,12.0,7.0,2.0,2.0
1628369,22400710,1610612738,22.0,7.0,4.0,2.0,23.0,7.0,6.0,5.0
204001,22400710,1610612738,19.0,2.0,7.0,2.0,20.0,7.0,4.0,4.0
1628401,22400710,1610612738,20.0,2.0,5.0,1.0,14.0,7.0,2.0,0.0
201950,22400710,1610612738,6.0,1.0,6.0,0.0,6.0,1.0,4.0,4.0
201143,22400710,1610612738,13.0,2.0,10.0,1.0,12.0,5.0,0.0,0.0
1630202,22400710,1610612738,9.0,3.0,6.0,0.0,7.0,3.0,0.0,0.0
1628436,22400710,1610612738,4.0,3.0,3.0,0.0,2.0,2.0,0.0,0.0
1630573,22400710,1610612738,3.0,0.0,3.0,0.0,2.0,1.0,0.0,0.0
1629622,22400710,1610612739,2.0,1.0,6.0,0.0,4.0,1.0,0.0,0.0
1630596,22400710,1610612739,7.0,2.0,5.0,0.0,14.0,3.0,2.0,1.0
1628386,22400710,1610612739,17.0,2.0,18.0,1.0,11.0,6.0,5.0,5.0
1628378,22400710,1610612739,31.0,6.0,10.0,0.0,25.0,12.0,3.0,3.0
1629636,22400710,1610612739,25.0,3.0,1.0,0.0,20.0,8.0,8.0,6.0
1627747,22400710,1610612739,0.0,3.0,3.0,0.0,5.0,0.0,0.0,0.0
1627777,22400710,1610612739,6.0,0.0,2.0,0.0,3.0,1.0,4.0,3.0
1629660,22400710,1610612739,5.0,0.0,4.0,0.0,4.0,2.0,1.0,1.0
1630241,22400710,1610612739,12.0,1.0,2.0,0.0,5.0,3.0,3.0,3.0
1630173,22400713,1610612752,17.0,2.0,8.0,2.0,11.0,7.0,2.0,2.0
1628404,22400713,1610612752,15.0,6.0,7.0,0.0,17.0,7.0,0.0,0.0
1626157,22400713,1610612752,27.0,2.0,20.0,1.0,19.0,10.0,5.0,5.0
1628969,22400713,1610612752,17.0,2.0,2.0,0.0,13.0,7.0,2.0,2.0
1628973,22400713,1610612752,28.0,5.0,1.0,1.0,21.0,10.0,8.0,6.0
1630574,22400713,1610612752,6.0,2.0,5.0,0.0,3.0,3.0,1.0,0.0
1630540,22400713,1610612752,4.0,1.0,0.0,0.0,5.0,2.0,0.0,0.0
1626166,22400713,1610612752,7.0,6.0,0.0,0.0,5.0,1.0,5.0,4.0
1630579,22400713,1610612752,0.0,0.0,0.0,0.0,0.0,0.0,0.0,0.0
1642266,22400713,1610612761,13.0,0.0,1.0,0.0,7.0,5.0,0.0,0.0
1630567,22400713,1610612761,23.0,5.0,3.0,1.0,23.0,8.0,6.0,6.0
1627751,22400713,1610612761,5.0,2.0,2.0,0.0,4.0,2.0,1.0,1.0
1641711,22400713,1610612761,14.0,1.0,3.0,1.0,8.0,4.0,4.0,4.0
1630193,22400713,1610612761,9.0,5.0,1.0,0.0,5.0,3.0,2.0,2.0
1628971,22400713,1610612761,9.0,1.0,3.0,0.0,6.0,3.0,2.0,2.0
1642347,22400713,1610612761,16.0,9.0,3.0,0.0,12.0,7.0,1.0,1.0
1630534,22400713,1610612761,7.0,0.0,3.0,1.0,5.0,3.0,0.0,0.0
203482,22400713,1610612761,11.0,3.0,9.0,0.0,7.0,5.0,0.0,0.0
1642367,22400713,1610612761,4.0,1.0,3.0,1.0,3.0,2.0,1.0,0.0
1631115,22400713,1610612761,4.0,0.0,3.0,0.0,2.0,1.0,2.0,2.0
1641708,22400711,1610612745,7.0,8.0,6.0,2.0,6.0,3.0,2.0,1.0
1628415,22400711,1610612745,16.0,1.0,3.0,0.0,11.0,4.0,6.0,5.0
1630578,22400711,1610612745,24.0,4.0,20.0,0.0,18.0,8.0,14.0,8.0
1630224,22400711,1610612745,13.0,5.0,3.0,1.0,14.0,5.0,1.0,0.0
1628988,22400711,1610612745,0.0,3.0,0.0,0.0,1.0,0.0,0.0,0.0
1641715,22400711,1610612745,12.0,1.0,3.0,1.0,11.0,5.0,0.0,0.0
1630256,22400711,1610612745,5.0,0.0,2.0,0.0,4.0,2.0,1.0,1.0
203500,22400711,1610612745,4.0,1.0,1.0,0.0,4.0,2.0,0.0,0.0
1642263,22400711,1610612745,16.0,0.0,7.0,2.0,14.0,5.0,3.0,3.0
1630592,22400711,1610612751,7.0,1.0,2.0,0.0,5.0,3.0,1.0,0.0
1630533,22400711,1610612751,8.0,1.0,7.0,2.0,5.0,2.0,2.0,2.0
1629651,22400711,1610612751,14.0,2.0,4.0,2.0,10.0,7.0,1.0,0.0
1630553,22400711,1610612751,22.0,2.0,4.0,1.0,16.0,7.0,6.0,5.0
1626156,22400711,1610612751,10.0,5.0,4.0,1.0,15.0,3.0,3.0,2.0
1641736,22400711,1610612751,2.0,4.0,2.0,0.0,4.0,1.0,0.0,0.0
1630549,22400711,1610612751,8.0,4.0,3.0,3.0,4.0,3.0,2.0,2.0
1631213,22400711,1610612751,10.0,1.0,6.0,0.0,6.0,3.0,2.0,2.0
1641787,22400711,1610612751,14.0,4.0,4.0,0.0,11.0,7.0,0.0,0.0
1630570,22400711,1610612751,4.0,2.0,3.0,0.0,6.0,2.0,0.0,0.0
1642258,22400701,1610612737,17.0,2.0,3.0,0.0,9.0,5.0,6.0,5.0
1629631,22400701,1610612737,20.0,0.0,0.0,0.0,14.0,7.0,2.0,2.0
1630168,22400701,1610612737,12.0,1.0,8.0,2.0,7.0,5.0,2.0,2.0
1630700,22400701,1610612737,19.0,7.0,6.0,3.0,10.0,6.0,10.0,6.0
1629027,22400701,1610612737,34.0,9.0,0.0,0.0,16.0,9.0,14.0,12.0
1630811,22400701,1610612737,2.0,4.0,0.0,0.0,2.0,0.0,2.0,2.0
1626204,22400701,1610612737,12.0,2.0,10.0,0.0,8.0,5.0,0.0,0.0
1630249,22400701,1610612737,13.0,2.0,4.0,1.0,9.0,5.0,0.0,0.0
1629726,22400701,1610612737,3.0,0.0,4.0,0.0,5.0,0.0,3.0,3.0
1631230,22400701,1610612737,0.0,0.0,2.0,1.0,1.0,0.0,0.0,0.0
1641709,22400701,1610612765,13.0,4.0,4.0,0.0,6.0,4.0,6.0,5.0
202699,22400701,1610612765,22.0,2.0,4.0,0.0,13.0,8.0,7.0,6.0
1631105,22400701,1610612765,18.0,1.0,9.0,2.0,10.0,8.0,2.0,2.0
203501,22400701,1610612765,7.0,4.0,2.0,0.0,7.0,2.0,2.0,2.0
1630595,22400701,1610612765,30.0,14.0,6.0,0.0,23.0,8.0,13.0,13.0
1627736,22400701,1610612765,18.0,2.0,5.0,0.0,11.0,6.0,0.0,0.0
1630191,22400701,1610612765,10.0,1.0,5.0,0.0,6.0,4.0,3.0,2.0
1631323,22400701,1610612765,4.0,0.0,0.0,0.0,3.0,1.0,2.0,2.0
1631204,22400701,1610612765,2.0,2.0,3.0,0.0,1.0,0.0,2.0,2.0
1641842,22400701,1610612765,6.0,1.0,3.0,0.0,3.0,2.0,1.0,1.0
1630532,22400708,1610612753,21.0,5.0,3.0,0.0,19.0,9.0,3.0,2.0
1631094,22400708,1610612753,18.0,3.0,6.0,0.0,24.0,9.0,1.0,0.0
1629048,22400708,1610612753,6.0,1.0,14.0,1.0,8.0,2.0,5.0,2.0
203484,22400708,1610612753,9.0,1.0,6.0,0.0,9.0,4.0,0.0,0.0
1641710,22400708,1610612753,0.0,1.0,1.0,0.0,0.0,0.0,0.0,0.0
203914,22400708,1610612753,6.0,0.0,0.0,0.0,4.0,2.0,0.0,0.0
1630175,22400708,1610612753,26.0,3.0,5.0,1.0,21.0,11.0,1.0,1.0
1628976,22400708,1610612753,6.0,7.0,9.0,0.0,4.0,3.0,0.0,0.0
1641783,22400708,1610612753,2.0,1.0,2.0,0.0,2.0,1.0,0.0,0.0
1628371,22400708,1610612753,2.0,1.0,6.0,0.0,7.0,1.0,0.0,0.0
1641724,22400708,1610612753,3.0,0.0,0.0,0.0,1.0,1.0,0.0,0.0
203952,22400708,1610612744,25.0,2.0,2.0,0.0,14.0,7.0,15.0,10.0
203110,22400708,1610612744,4.0,5.0,7.0,0.0,4.0,2.0,2.0,0.0
1642366,22400708,1610612744,7.0,3.0,7.0,0.0,5.0,2.0,2.0,2.0
1627741,22400708,1610612744,4.0,0.0,1.0,0.0,4.0,1.0,3.0,2.0
201939,22400708,1610612744,24.0,5.0,1.0,0.0,21.0,7.0,8.0,8.0
1626172,22400708,1610612744,2.0,6.0,15.0,0.0,5.0,1.0,0.0,0.0
1627780,22400708,1610612744,4.0,1.0,2.0,0.0,4.0,2.0,0.0,0.0
203471,22400708,1610612744,9.0,1.0,2.0,0.0,6.0,3.0,0.0,0.0
1641764,22400708,1610612744,8.0,2.0,5.0,0.0,6.0,3.0,0.0,0.0
1630541,22400708,1610612744,17.0,0.0,1.0,0.0,9.0,6.0,4.0,2.0
1630611,22400708,1610612744,0.0,0.0,1.0,0.0,0.0,0.0,0.0,0.0
1631097,22400707,1610612754,9.0,0.0,1.0,1.0,11.0,4.0,0.0,0.0
1627783,22400707,1610612754,22.0,4.0,6.0,2.0,14.0,8.0,6.0,6.0
1628418,22400707,1610612754,9.0,1.0,6.0,1.0,12.0,4.0,1.0,1.0
1629614,22400707,1610612754,10.0,8.0,3.0,0.0,5.0,4.0,0.0,0.0
1630169,22400707,1610612754,18.0,6.0,3.0,2.0,15.0,6.0,4.0,3.0
1630174,22400707,1610612754,13.0,2.0,7.0,1.0,6.0,4.0,5.0,4.0
1630167,22400707,1610612754,13.0,0.0,3.0,0.0,10.0,5.0,0.0,0.0
204456,22400707,1610612754,4.0,6.0,2.0,1.0,7.0,2.0,0.0,0.0
1641767,22400707,1610612754,5.0,4.0,3.0,0.0,5.0,2.0,1.0,1.0
1641716,22400707,1610612754,9.0,1.0,3.0,2.0,6.0,4.0,3.0,1.0
1628374,22400707,1610612762,16.0,1.0,7.0,0.0,11.0,5.0,5.0,3.0
1628381,22400707,1610612762,21.0,0.0,12.0,1.0,18.0,9.0,2.0,2.0
1631117,22400707,1610612762,9.0,1.0,13.0,3.0,5.0,3.0,7.0,3.0
1629012,22400707,1610612762,2.0,0.0,1.0,0.0,3.0,1.0,0.0,0.0
1642268,22400707,1610612762,11.0,10.0,1.0,0.0,12.0,5.0,0.0,0.0
1641718,22400707,1610612762,16.0,11.0,8.0,0.0,15.0,5.0,4.0,2.0
1630695,22400707,1610612762,3.0,0.0,3.0,0.0,1.0,0.0,4.0,3.0
203903,22400707,1610612762,21.0,3.0,4.0,0.0,17.0,8.0,2.0,2.0
1642271,22400707,1610612762,10.0,2.0,7.0,0.0,5.0,2.0,6.0,5.0
1641729,22400707,1610612762,2.0,3.0,4.0,0.0,4.0,1.0,0.0,0.0
1642273,22400700,1610612764,6.0,1.0,4.0,1.0,4.0,2.0,0.0,0.0
1628398,22400700,1610612764,22.0,2.0,4.0,0.0,21.0,8.0,3.0,3.0
202685,22400700,1610612764,14.0,4.0,17.0,0.0,14.0,6.0,3.0,2.0
1641731,22400700,1610612764,26.0,3.0,5.0,0.0,16.0,9.0,5.0,4.0
1629673,22400700,1610612764,6.0,6.0,3.0,2.0,11.0,2.0,0.0,0.0
1630557,22400700,1610612764,25.0,4.0,4.0,0.0,13.0,9.0,2.0,2.0
1642267,22400700,1610612764,4.0,1.0,1.0,0.0,6.0,2.0,0.0,0.0
1626158,22400700,1610612764,0.0,1.0,10.0,0.0,2.0,0.0,0.0,0.0
1627763,22400700,1610612764,16.0,7.0,4.0,0.0,9.0,4.0,10.0,8.0
1630551,22400700,1610612764,5.0,0.0,2.0,2.0,3.0,2.0,0.0,0.0
1630182,22400700,1610612766,11.0,1.0,3.0,0.0,7.0,4.0,3.0,2.0
1628970,22400700,1610612766,24.0,10.0,10.0,0.0,21.0,9.0,4.0,4.0
1631109,22400700,1610612766,23.0,2.0,14.0,1.0,12.0,7.0,10.0,9.0
1641733,22400700,1610612766,24.0,2.0,4.0,0.0,16.0,9.0,2.0,2.0
203995,22400700,1610612766,13.0,5.0,3.0,0.0,14.0,4.0,2.0,2.0
1642354,22400700,1610612766,9.0,1.0,4.0,0.0,10.0,3.0,3.0,3.0
203552,22400700,1610612766,0.0,2.0,0.0,0.0,1.0,0.0,0.0,0.0
1631217,22400700,1610612766,5.0,1.0,7.0,0.0,2.0,1.0,4.0,3.0
1629610,22400700,1610612766,2.0,1.0,1.0,0.0,4.0,1.0,0.0,0.0
1631209,22400700,1610612766,3.0,1.0,0.0,0.0,2.0,1.0,0.0,0.0
1630530,22400706,1610612740,41.0,3.0,3.0,1.0,21.0,13.0,7.0,7.0
1629627,22400706,1610612740,14.0,5.0,6.0,1.0,13.0,5.0,6.0,4.0
1642274,22400706,1610612740,8.0,3.0,6.0,0.0,9.0,4.0,0.0,0.0
1629750,22400706,1610612740,4.0,2.0,4.0,0.0,5.0,1.0,2.0,1.0
203468,22400706,1610612740,30.0,5.0,6.0,1.0,22.0,10.0,5.0,5.0
1641722,22400706,1610612740,0.0,1.0,2.0,0.0,4.0,0.0,0.0,0.0
1631255,22400706,1610612740,5.0,4.0,11.0,1.0,5.0,1.0,2.0,2.0
1630526,22400706,1610612740,0.0,0.0,1.0,0.0,1.0,0.0,0.0,0.0
1630631,22400706,1610612740,8.0,4.0,2.0,0.0,7.0,3.0,0.0,0.0
1641810,22400706,1610612740,3.0,0.0,0.0,0.0,1.0,1.0,0.0,0.0
1629008,22400706,1610612743,36.0,2.0,7.0,1.0,22.0,12.0,5.0,5.0
1630192,22400706,1610612743,12.0,0.0,5.0,1.0,9.0,5.0,0.0,0.0
203999,22400706,1610612743,27.0,10.0,14.0,2.0,13.0,9.0,10.0,8.0
1631128,22400706,1610612743,11.0,4.0,6.0,0.0,14.0,5.0,2.0,1.0
1627750,22400706,1610612743,20.0,8.0,5.0,0.0,17.0,7.0,5.0,5.0
1631124,22400706,1610612743,15.0,2.0,3.0,0.0,10.0,6.0,4.0,2.0
1641816,22400706,1610612743,0.0,0.0,2.0,1.0,0.0,0.0,0.0,0.0
1629618,22400706,1610612743,0.0,2.0,1.0,0.0,4.0,0.0,0.0,0.0
201599,22400706,1610612743,4.0,0.0,3.0,1.0,3.0,2.0,0.0,0.0
1642461,22400706,1610612743,0.0,0.0,0.0,0.0,0.0,0.0,0.0,0.0
1642264,22400703,1610612759,21,5,6,0,17,9,3,1
203084,22400703,1610612759,4,0,5,0,3,2,0,0
1641705,22400703,1610612759,27,5,10,2,20,10,7,5
1630170,22400703,1610612759,11,3,3,0,15,5,0,0
101108,22400703,1610612759,3,8,4,0,4,1,0,0
1631110,22400703,1610612759,14,3,8,0,9,6,0,0
1629640,22400703,1610612759,7,3,2,0,8,1,4,4
1630577,22400703,1610612759,5,0,5,0,6,2,0,0
1631104,22400703,1610612759,4,3,0,0,1,1,2,2
1629646,22400703,1610612759,4,1,2,0,3,1,2,2
1631127,22400703,1610612759,0,0,1,0,1,0,0,0
1630572,22400703,1610612759,9,0,0,0,3,3,2,1
1630561,22400703,1610612759,0,0,2,0,1,0,0,0
1631103,22400703,1610612759,0,0,0,0,0,0,0,0
1642377,22400703,1610612763,2,1,1,0,3,1,0,0
1628991,22400703,1610612763,31,3,6,3,21,10,9,8
1641744,22400703,1610612763,16,1,14,1,12,7,2,2
1628379,22400703,1610612763,2,3,1,0,6,1,0,0
1629630,22400703,1610612763,25,11,3,0,18,9,3,3
1630583,22400703,1610612763,6,1,6,0,6,2,0,0
1641713,22400703,1610612763,27,1,4,0,20,11,1,1
1630590,22400703,1610612763,11,5,1,1,8,4,3,3
1631222,22400703,1610612763,6,3,7,0,4,2,2,1
1629723,22400703,1610612763,2,3,3,0,1,1,0,0
1642530,22400703,1610612763,0,1,1,0,0,0,0,0
1642389,22400703,1610612763,0,0,0,0,0,0,0,0
1630643,22400703,1610612763,0,0,0,0,0,0,0,0
1642346,22400709,1610612756,0.0,0.0,4.0,0.0,1.0,0.0,0.0,0.0
201142,22400709,1610612756,27.0,5.0,5.0,2.0,21.0,10.0,6.0,5.0
1630208,22400709,1610612756,2.0,2.0,7.0,1.0,4.0,1.0,0.0,0.0
1626164,22400709,1610612756,34.0,4.0,3.0,0.0,18.0,9.0,14.0,13.0
1626145,22400709,1610612756,0.0,3.0,0.0,0.0,3.0,0.0,0.0,0.0
203078,22400709,1610612756,25.0,3.0,5.0,1.0,17.0,8.0,6.0,6.0
1628960,22400709,1610612756,11.0,2.0,3.0,1.0,9.0,4.0,0.0,0.0
203486,22400709,1610612756,6.0,4.0,12.0,0.0,4.0,3.0,2.0,0.0
1626220,22400709,1610612756,14.0,5.0,4.0,0.0,8.0,5.0,0.0,0.0
203924,22400709,1610612757,14.0,4.0,5.0,0.0,13.0,5.0,2.0,1.0
1641739,22400709,1610612757,17.0,1.0,5.0,1.0,8.0,6.0,0.0,0.0
1629028,22400709,1610612757,25.0,2.0,20.0,1.0,22.0,9.0,8.0,7.0
1630166,22400709,1610612757,24.0,5.0,8.0,0.0,12.0,8.0,5.0,5.0
1629014,22400709,1610612757,13.0,10.0,2.0,0.0,16.0,4.0,4.0,3.0
1630703,22400709,1610612757,15.0,6.0,2.0,0.0,9.0,4.0,5.0,5.0
1631101,22400709,1610612757,9.0,2.0,1.0,0.0,5.0,2.0,4.0,4.0
1642270,22400709,1610612757,4.0,0.0,5.0,0.0,4.0,2.0,2.0,0.0
1628415,22400702,1610612745,11.0,1.0,6.0,0.0,12.0,4.0,2.0,2.0
1631106,22400702,1610612745,12.0,1.0,6.0,3.0,11.0,5.0,1.0,1.0
1630256,22400702,1610612745,8.0,6.0,1.0,0.0,7.0,4.0,0.0,0.0
1630224,22400702,1610612745,21.0,5.0,5.0,0.0,22.0,9.0,2.0,2.0
1641708,22400702,1610612745,25.0,11.0,11.0,1.0,17.0,9.0,7.0,7.0
203500,22400702,1610612745,8.0,1.0,13.0,1.0,9.0,4.0,0.0,0.0
1628988,22400702,1610612745,15.0,0.0,2.0,0.0,10.0,6.0,0.0,0.0
1641715,22400702,1610612745,18.0,1.0,5.0,1.0,14.0,7.0,3.0,2.0
1642263,22400702,1610612745,0.0,1.0,1.0,0.0,2.0,0.0,0.0,0.0
1630173,22400702,1610612752,7.0,0.0,9.0,0.0,3.0,2.0,4.0,3.0
1628404,22400702,1610612752,19.0,5.0,8.0,1.0,12.0,8.0,3.0,3.0
1626157,22400702,1610612752,22.0,2.0,9.0,1.0,20.0,9.0,5.0,3.0
1628969,22400702,1610612752,22.0,4.0,3.0,2.0,18.0,9.0,4.0,2.0
1628973,22400702,1610612752,42.0,10.0,6.0,0.0,27.0,14.0,14.0,13.0
1630574,22400702,1610612752,0.0,0.0,2.0,1.0,0.0,0.0,0.0,0.0
1630540,22400702,1610612752,7.0,1.0,1.0,0.0,7.0,3.0,0.0,0.0
1629013,22400702,1610612752,0.0,0.0,1.0,0.0,1.0,0.0,0.0,0.0
1626166,22400702,1610612752,5.0,2.0,1.0,0.0,5.0,2.0,0.0,0.0
1630579,22400702,1610612752,0.0,0.0,0.0,0.0,0.0,0.0,0.0,0.0
1641748,22400705,1610612749,10.0,2.0,4.0,1.0,8.0,4.0,2.0,1.0
1627752,22400705,1610612749,8.0,2.0,2.0,0.0,7.0,3.0,0.0,0.0
1641753,22400705,1610612749,10.0,0.0,6.0,0.0,10.0,4.0,4.0,2.0
1631157,22400705,1610612749,16.0,1.0,0.0,1.0,9.0,5.0,4.0,4.0
1631260,22400705,1610612749,2.0,3.0,1.0,0.0,4.0,1.0,0.0,0.0
1629018,22400705,1610612749,10.0,1.0,1.0,0.0,11.0,4.0,2.0,1.0
1641890,22400705,1610612749,12.0,3.0,7.0,0.0,15.0,4.0,2.0,1.0
1642358,22400705,1610612749,13.0,4.0,4.0,0.0,12.0,5.0,2.0,1.0
1626192,22400705,1610612749,8.0,1.0,3.0,0.0,6.0,3.0,1.0,1.0
1626153,22400705,1610612749,1.0,3.0,3.0,1.0,4.0,0.0,2.0,1.0
1630699,22400705,1610612749,6.0,4.0,6.0,0.0,7.0,2.0,2.0,1.0
1629652,22400705,1610612760,12.0,0.0,2.0,0.0,4.0,4.0,2.0,2.0
1629026,22400705,1610612760,4.0,4.0,3.0,0.0,9.0,2.0,0.0,0.0
1628392,22400705,1610612760,6.0,3.0,12.0,2.0,7.0,3.0,0.0,0.0
1630598,22400705,1610612760,13.0,4.0,1.0,0.0,9.0,6.0,0.0,0.0
1628983,22400705,1610612760,34.0,6.0,3.0,0.0,19.0,15.0,3.0,2.0
1631172,22400705,1610612760,21.0,5.0,8.0,0.0,13.0,9.0,0.0,0.0
1631119,22400705,1610612760,13.0,0.0,7.0,3.0,9.0,5.0,0.0,0.0
1630198,22400705,1610612760,18.0,2.0,3.0,0.0,9.0,5.0,3.0,3.0
1641794,22400705,1610612760,0.0,4.0,9.0,0.0,3.0,0.0,0.0,0.0
1642505,22400705,1610612760,2.0,0.0,7.0,0.0,6.0,1.0,0.0,0.0
1641745,22400705,1610612760,2.0,0.0,0.0,0.0,11.0,1.0,0.0,0.0
201942,22400704,1610612758,33.0,7.0,5.0,0.0,25.0,14.0,4.0,3.0
1631099,22400704,1610612758,19.0,1.0,7.0,0.0,11.0,7.0,4.0,3.0
1627734,22400704,1610612758,14.0,3.0,11.0,1.0,15.0,5.0,6.0,4.0
1631165,22400704,1610612758,13.0,2.0,3.0,2.0,8.0,5.0,0.0,0.0
1628370,22400704,1610612758,26.0,5.0,8.0,1.0,23.0,10.0,4.0,4.0
1642269,22400704,1610612758,2.0,1.0,5.0,0.0,4.0,1.0,0.0,0.0
1626168,22400704,1610612758,5.0,3.0,8.0,2.0,4.0,2.0,0.0,0.0
1642403,22400704,1610612758,4.0,1.0,0.0,0.0,2.0,1.0,2.0,2.0
203926,22400704,1610612758,0.0,0.0,0.0,0.0,0.0,0.0,0.0,0.0
1630183,22400704,1610612750,22.0,2.0,7.0,3.0,17.0,8.0,4.0,4.0
1629675,22400704,1610612750,30.0,3.0,5.0,2.0,19.0,12.0,1.0,1.0
203497,22400704,1610612750,19.0,3.0,13.0,2.0,9.0,8.0,3.0,3.0
1630162,22400704,1610612750,21.0,4.0,6.0,1.0,21.0,7.0,4.0,4.0
201144,22400704,1610612750,5.0,9.0,3.0,0.0,8.0,2.0,0.0,0.0
1642265,22400704,1610612750,4.0,4.0,0.0,0.0,5.0,2.0,0.0,0.0
1629638,22400704,1610612750,2.0,2.0,1.0,0.0,5.0,1.0,0.0,0.0
1630568,22400704,1610612750,4.0,0.0,1.0,0.0,5.0,1.0,2.0,2.0
1641740,22400704,1610612750,7.0,1.0,0.0,0.0,5.0,2.0,2.0,2.0
204060,22400704,1610612750,0.0,0.0,0.0,0.0,0.0,0.0,0.0,0.0
202691,22400696,1610612742,2.0,3.0,5.0,0.0,10.0,1.0,0.0,0.0
1641765,22400696,1610612742,10.0,4.0,6.0,0.0,15.0,4.0,2.0,2.0
1630283,22400696,1610612742,12.0,1.0,11.0,1.0,6.0,5.0,2.0,2.0
203915,22400696,1610612742,5.0,2.0,1.0,1.0,6.0,2.0,2.0,1.0
203957,22400696,1610612742,14.0,3.0,2.0,0.0,14.0,5.0,4.0,3.0
1630556,22400696,1610612742,8.0,1.0,7.0,0.0,5.0,3.0,0.0,0.0
1630230,22400696,1610612742,12.0,2.0,6.0,0.0,10.0,5.0,2.0,2.0
1629656,22400696,1610612742,11.0,3.0,3.0,1.0,14.0,5.0,1.0,0.0
1630702,22400696,1610612742,21.0,2.0,3.0,0.0,19.0,8.0,2.0,2.0
1630314,22400696,1610612742,6.0,1.0,1.0,0.0,4.0,2.0,0.0,0.0
1629622,22400696,1610612739,9.0,4.0,3.0,1.0,5.0,3.0,2.0,1.0
1630596,22400696,1610612739,22.0,3.0,11.0,4.0,12.0,8.0,5.0,4.0
1628386,22400696,1610612739,14.0,0.0,9.0,2.0,8.0,6.0,2.0,2.0
1628378,22400696,1610612739,12.0,6.0,6.0,0.0,9.0,4.0,2.0,2.0
1629636,22400696,1610612739,17.0,10.0,3.0,0.0,8.0,6.0,2.0,2.0
1629660,22400696,1610612739,12.0,5.0,3.0,0.0,12.0,5.0,0.0,0.0
1627747,22400696,1610612739,10.0,5.0,0.0,0.0,8.0,4.0,0.0,0.0
1627777,22400696,1610612739,13.0,1.0,2.0,1.0,7.0,5.0,0.0,0.0
1630241,22400696,1610612739,27.0,0.0,1.0,0.0,14.0,9.0,0.0,0.0
1642281,22400696,1610612739,8.0,2.0,4.0,0.0,7.0,3.0,1.0,1.0
202684,22400696,1610612739,0.0,3.0,9.0,0.0,3.0,0.0,2.0,0.0
1627759,22400698,1610612738,21.0,6.0,10.0,0.0,17.0,9.0,2.0,1.0
1628369,22400698,1610612738,35.0,11.0,7.0,1.0,20.0,13.0,5.0,4.0
204001,22400698,1610612738,18.0,3.0,7.0,5.0,14.0,5.0,6.0,5.0
1628401,22400698,1610612738,17.0,9.0,1.0,1.0,11.0,6.0,0.0,0.0
201950,22400698,1610612738,9.0,5.0,5.0,1.0,8.0,3.0,1.0,1.0
201143,22400698,1610612738,4.0,0.0,2.0,0.0,4.0,1.0,2.0,2.0
1630531,22400698,1610612738,0.0,0.0,0.0,0.0,2.0,0.0,0.0,0.0
1630573,22400698,1610612738,12.0,0.0,4.0,0.0,7.0,4.0,0.0,0.0
1628436,22400698,1610612738,2.0,0.0,2.0,0.0,1.0,1.0,0.0,0.0
1641741,22400698,1610612755,11.0,8.0,7.0,0.0,11.0,5.0,2.0,0.0
1642348,22400698,1610612755,12.0,1.0,7.0,1.0,6.0,4.0,2.0,2.0
1627824,22400698,1610612755,21.0,0.0,6.0,0.0,13.0,8.0,3.0,3.0
1626162,22400698,1610612755,18.0,2.0,13.0,0.0,17.0,6.0,8.0,4.0
1630178,22400698,1610612755,34.0,6.0,3.0,0.0,21.0,9.0,11.0,11.0
202704,22400698,1610612755,6.0,1.0,2.0,0.0,9.0,2.0,2.0,1.0
200768,22400698,1610612755,6.0,2.0,3.0,0.0,4.0,2.0,0.0,0.0
1641737,22400698,1610612755,2.0,0.0,5.0,1.0,1.0,1.0,0.0,0.0
1642377,22400699,1610612763,6.0,4.0,2.0,0.0,6.0,3.0,0.0,0.0
1628991,22400699,1610612763,37.0,2.0,5.0,1.0,26.0,12.0,10.0,6.0
1641744,22400699,1610612763,14.0,3.0,11.0,1.0,10.0,6.0,2.0,2.0
1628379,22400699,1610612763,8.0,8.0,3.0,0.0,8.0,3.0,0.0,0.0
1630217,22400699,1610612763,22.0,3.0,9.0,0.0,15.0,9.0,3.0,3.0
1630583,22400699,1610612763,23.0,3.0,8.0,1.0,17.0,9.0,2.0,2.0
1629634,22400699,1610612763,6.0,1.0,4.0,0.0,7.0,3.0,0.0,0.0
1641713,22400699,1610612763,5.0,2.0,8.0,1.0,7.0,2.0,0.0,0.0
1630590,22400699,1610612763,9.0,10.0,5.0,1.0,8.0,4.0,5.0,1.0
1631222,22400699,1610612763,2.0,1.0,6.0,0.0,3.0,1.0,0.0,0.0
1627752,22400699,1610612749,13.0,5.0,7.0,0.0,8.0,4.0,2.0,2.0
203507,22400699,1610612749,30.0,7.0,11.0,1.0,21.0,14.0,6.0,0.0
201572,22400699,1610612749,15.0,2.0,2.0,2.0,15.0,6.0,0.0,0.0
1641748,22400699,1610612749,5.0,1.0,4.0,0.0,4.0,2.0,0.0,0.0
203081,22400699,1610612749,15.0,9.0,3.0,0.0,15.0,4.0,6.0,5.0
203114,22400699,1610612749,20.0,4.0,2.0,1.0,10.0,7.0,2.0,2.0
1631157,22400699,1610612749,4.0,1.0,0.0,1.0,5.0,1.0,2.0,1.0
1631260,22400699,1610612749,14.0,1.0,3.0,0.0,8.0,5.0,1.0,1.0
1629018,22400699,1610612749,0.0,2.0,4.0,0.0,4.0,0.0,0.0,0.0
1626192,22400699,1610612749,3.0,0.0,0.0,0.0,1.0,1.0,0.0,0.0
1628366,22400695,1610612741,13.0,2.0,4.0,0.0,8.0,3.0,4.0,4.0
1630245,22400695,1610612741,14.0,5.0,3.0,1.0,9.0,6.0,0.0,0.0
202696,22400695,1610612741,20.0,10.0,11.0,2.0,10.0,8.0,0.0,0.0
1629632,22400695,1610612741,22.0,3.0,3.0,0.0,17.0,5.0,9.0,9.0
1630581,22400695,1610612741,20.0,4.0,10.0,0.0,17.0,7.0,4.0,3.0
1641824,22400695,1610612741,12.0,1.0,3.0,0.0,9.0,5.0,0.0,0.0
1630172,22400695,1610612741,11.0,0.0,3.0,1.0,8.0,4.0,3.0,2.0
1641763,22400695,1610612741,0.0,1.0,2.0,0.0,0.0,0.0,0.0,0.0
1631207,22400695,1610612741,2.0,1.0,1.0,0.0,4.0,1.0,0.0,0.0
1628975,22400695,1610612741,5.0,0.0,4.0,0.0,6.0,2.0,0.0,0.0
1630537,22400695,1610612741,0.0,1.0,0.0,0.0,1.0,0.0,0.0,0.0
1641709,22400695,1610612765,12.0,3.0,7.0,0.0,9.0,6.0,0.0,0.0
202699,22400695,1610612765,16.0,2.0,6.0,2.0,15.0,8.0,1.0,0.0
1631105,22400695,1610612765,21.0,4.0,13.0,0.0,11.0,9.0,4.0,3.0
203501,22400695,1610612765,12.0,0.0,1.0,1.0,10.0,5.0,1.0,1.0
1630595,22400695,1610612765,22.0,15.0,3.0,1.0,23.0,10.0,1.0,0.0
1627736,22400695,1610612765,19.0,5.0,2.0,0.0,13.0,7.0,1.0,0.0
1631323,22400695,1610612765,11.0,0.0,4.0,1.0,6.0,3.0,3.0,3.0
1631204,22400695,1610612765,2.0,5.0,2.0,0.0,4.0,1.0,0.0,0.0
1630191,22400695,1610612765,4.0,2.0,4.0,0.0,3.0,2.0,0.0,0.0
1641842,22400695,1610612765,8.0,2.0,0.0,0.0,5.0,3.0,2.0,2.0
1627884,22400697,1610612746,8.0,1.0,3.0,2.0,7.0,3.0,2.0,2.0
202695,22400697,1610612746,14.0,3.0,6.0,0.0,18.0,6.0,4.0,1.0
1627826,22400697,1610612746,18.0,1.0,8.0,3.0,11.0,7.0,4.0,4.0
1629599,22400697,1610612746,8.0,2.0,2.0,0.0,8.0,3.0,0.0,0.0
201935,22400697,1610612746,25.0,7.0,5.0,1.0,20.0,7.0,9.0,9.0
201587,22400697,1610612746,11.0,2.0,4.0,1.0,5.0,4.0,0.0,0.0
1629611,22400697,1610612746,7.0,0.0,6.0,0.0,6.0,3.0,0.0,0.0
1629645,22400697,1610612746,17.0,5.0,7.0,0.0,13.0,8.0,2.0,1.0
1641738,22400697,1610612746,0.0,0.0,0.0,0.0,0.0,0.0,0.0,0.0
1629628,22400697,1610612761,20.0,7.0,6.0,0.0,21.0,9.0,0.0,0.0
1630567,22400697,1610612761,15.0,5.0,7.0,1.0,12.0,6.0,2.0,1.0
1627751,22400697,1610612761,10.0,3.0,10.0,1.0,9.0,4.0,2.0,2.0
1641711,22400697,1610612761,18.0,1.0,3.0,0.0,9.0,7.0,2.0,2.0
1630193,22400697,1610612761,11.0,6.0,0.0,0.0,5.0,3.0,4.0,4.0
1630534,22400697,1610612761,12.0,3.0,5.0,3.0,5.0,5.0,0.0,0.0
1628971,22400697,1610612761,6.0,2.0,3.0,0.0,4.0,1.0,4.0,4.0
203482,22400697,1610612761,4.0,2.0,1.0,0.0,4.0,2.0,0.0,0.0
1642266,22400697,1610612761,10.0,2.0,4.0,0.0,11.0,4.0,0.0,0.0
1628449,22400697,1610612761,9.0,0.0,4.0,1.0,5.0,3.0,2.0,1.0
1630532,22400687,1610612753,37.0,1.0,6.0,1.0,21.0,8.0,20.0,18.0
1631094,22400687,1610612753,9.0,6.0,6.0,1.0,19.0,4.0,3.0,1.0
1629048,22400687,1610612753,3.0,3.0,8.0,2.0,2.0,1.0,2.0,1.0
1641710,22400687,1610612753,4.0,3.0,4.0,0.0,7.0,1.0,1.0,1.0
1641783,22400687,1610612753,9.0,0.0,4.0,0.0,6.0,3.0,2.0,2.0
1628976,22400687,1610612753,6.0,1.0,5.0,0.0,10.0,3.0,0.0,0.0
203914,22400687,1610612753,0.0,0.0,0.0,0.0,2.0,0.0,0.0,0.0
1628371,22400687,1610612753,3.0,0.0,3.0,1.0,3.0,1.0,0.0,0.0
1630175,22400687,1610612753,23.0,4.0,7.0,1.0,11.0,7.0,7.0,7.0
1641724,22400687,1610612753,5.0,1.0,0.0,1.0,10.0,2.0,0.0,0.0
1628374,22400687,1610612762,12.0,0.0,11.0,3.0,12.0,4.0,0.0,0.0
1628381,22400687,1610612762,19.0,0.0,6.0,2.0,9.0,8.0,1.0,1.0
1631117,22400687,1610612762,8.0,2.0,15.0,1.0,3.0,3.0,4.0,2.0
1629012,22400687,1610612762,22.0,8.0,5.0,0.0,15.0,6.0,9.0,9.0
1642268,22400687,1610612762,12.0,6.0,4.0,0.0,9.0,5.0,2.0,1.0
1641718,22400687,1610612762,12.0,4.0,4.0,0.0,11.0,4.0,4.0,4.0
1630695,22400687,1610612762,3.0,0.0,1.0,0.0,1.0,1.0,0.0,0.0
1642271,22400687,1610612762,0.0,4.0,1.0,1.0,4.0,0.0,0.0,0.0
1641729,22400687,1610612762,9.0,0.0,3.0,0.0,8.0,4.0,0.0,0.0
203903,22400687,1610612762,16.0,2.0,1.0,0.0,12.0,4.0,4.0,4.0
1642258,22400686,1610612737,17.0,2.0,5.0,0.0,11.0,6.0,4.0,2.0
1631230,22400686,1610612737,10.0,0.0,3.0,2.0,9.0,5.0,1.0,0.0
1630168,22400686,1610612737,12.0,3.0,11.0,0.0,7.0,6.0,2.0,0.0
1630700,22400686,1610612737,23.0,4.0,4.0,1.0,15.0,8.0,6.0,5.0
1629027,22400686,1610612737,34.0,17.0,3.0,0.0,26.0,11.0,7.0,7.0
1629631,22400686,1610612737,4.0,2.0,8.0,1.0,5.0,1.0,4.0,2.0
1630811,22400686,1610612737,4.0,2.0,2.0,0.0,4.0,2.0,0.0,0.0
1626204,22400686,1610612737,4.0,1.0,5.0,0.0,5.0,2.0,0.0,0.0
1630249,22400686,1610612737,5.0,0.0,0.0,0.0,3.0,1.0,2.0,2.0
1629726,22400686,1610612737,14.0,0.0,3.0,0.0,5.0,3.0,6.0,5.0
1631097,22400686,1610612754,17.0,0.0,2.0,1.0,10.0,6.0,5.0,5.0
1627783,22400686,1610612754,20.0,5.0,9.0,1.0,16.0,8.0,3.0,3.0
1626167,22400686,1610612754,15.0,3.0,6.0,0.0,12.0,6.0,1.0,1.0
1629614,22400686,1610612754,19.0,5.0,1.0,0.0,11.0,7.0,4.0,4.0
1630169,22400686,1610612754,17.0,9.0,4.0,1.0,12.0,5.0,5.0,4.0
1630174,22400686,1610612754,13.0,1.0,2.0,0.0,8.0,4.0,3.0,3.0
1641767,22400686,1610612754,6.0,4.0,5.0,0.0,3.0,2.0,2.0,1.0
1630167,22400686,1610612754,18.0,0.0,9.0,1.0,11.0,8.0,2.0,1.0
204456,22400686,1610612754,2.0,6.0,1.0,0.0,3.0,1.0,0.0,0.0
1628418,22400686,1610612754,5.0,2.0,2.0,1.0,4.0,2.0,0.0,0.0
1629312,22400693,1610612748,7.0,1.0,3.0,0.0,9.0,3.0,0.0,0.0
1628389,22400693,1610612748,30.0,9.0,12.0,3.0,21.0,13.0,2.0,2.0
1642276,22400693,1610612748,6.0,2.0,12.0,2.0,6.0,3.0,0.0,0.0
1629130,22400693,1610612748,8.0,1.0,1.0,0.0,6.0,2.0,2.0,2.0
1629639,22400693,1610612748,11.0,8.0,4.0,0.0,15.0,4.0,5.0,3.0
1631107,22400693,1610612748,14.0,4.0,7.0,0.0,10.0,5.0,2.0,1.0
1626179,22400693,1610612748,19.0,4.0,7.0,0.0,14.0,7.0,2.0,0.0
1631170,22400693,1610612748,10.0,1.0,6.0,0.0,7.0,4.0,4.0,2.0
1641796,22400693,1610612748,0.0,0.0,0.0,0.0,1.0,0.0,0.0,0.0
1642264,22400693,1610612759,10.0,6.0,6.0,0.0,10.0,4.0,0.0,0.0
203084,22400693,1610612759,12.0,1.0,2.0,1.0,7.0,4.0,3.0,2.0
1629646,22400693,1610612759,9.0,1.0,15.0,1.0,8.0,4.0,2.0,1.0
1630170,22400693,1610612759,18.0,1.0,3.0,0.0,22.0,8.0,1.0,1.0
101108,22400693,1610612759,12.0,7.0,4.0,0.0,9.0,4.0,2.0,2.0
1628380,22400693,1610612759,2.0,1.0,2.0,0.0,2.0,1.0,0.0,0.0
1629640,22400693,1610612759,19.0,1.0,5.0,0.0,14.0,5.0,10.0,7.0
1630577,22400693,1610612759,6.0,2.0,2.0,1.0,5.0,2.0,0.0,0.0
1631110,22400693,1610612759,2.0,3.0,5.0,0.0,5.0,1.0,0.0,0.0
1630200,22400693,1610612759,3.0,4.0,2.0,0.0,3.0,1.0,2.0,1.0
1630572,22400693,1610612759,10.0,0.0,2.0,0.0,6.0,4.0,1.0,1.0
1642273,22400690,1610612764,11.0,2.0,6.0,0.0,8.0,3.0,3.0,3.0
1628398,22400690,1610612764,31.0,2.0,8.0,0.0,24.0,13.0,0.0,0.0
202685,22400690,1610612764,13.0,2.0,10.0,0.0,11.0,6.0,1.0,1.0
1641731,22400690,1610612764,14.0,5.0,4.0,2.0,9.0,4.0,5.0,4.0
1629673,22400690,1610612764,19.0,3.0,4.0,2.0,13.0,6.0,4.0,3.0
1630557,22400690,1610612764,8.0,1.0,4.0,1.0,8.0,3.0,0.0,0.0
1642267,22400690,1610612764,0.0,4.0,0.0,0.0,1.0,0.0,0.0,0.0
1627763,22400690,1610612764,3.0,4.0,5.0,0.0,6.0,1.0,2.0,1.0
1626158,22400690,1610612764,6.0,3.0,3.0,1.0,3.0,2.0,2.0,2.0
1630264,22400690,1610612764,0.0,0.0,0.0,0.0,0.0,0.0,0.0,0.0
1630551,22400690,1610612764,0.0,0.0,0.0,0.0,0.0,0.0,0.0,0.0
1630183,22400690,1610612750,23.0,4.0,12.0,1.0,16.0,8.0,5.0,4.0
1629675,22400690,1610612750,8.0,0.0,3.0,0.0,10.0,3.0,0.0,0.0
203497,22400690,1610612750,16.0,4.0,16.0,2.0,12.0,7.0,3.0,2.0
1629638,22400690,1610612750,14.0,5.0,3.0,0.0,14.0,4.0,4.0,4.0
201144,22400690,1610612750,16.0,5.0,3.0,0.0,12.0,5.0,4.0,4.0
1642265,22400690,1610612750,7.0,7.0,3.0,0.0,8.0,3.0,2.0,1.0
1641740,22400690,1610612750,9.0,0.0,4.0,0.0,9.0,4.0,0.0,0.0
1630568,22400690,1610612750,0.0,1.0,2.0,0.0,6.0,0.0,0.0,0.0
204060,22400690,1610612750,10.0,3.0,1.0,0.0,6.0,4.0,0.0,0.0
1642346,22400694,1610612756,2.0,1.0,5.0,0.0,2.0,1.0,0.0,0.0
201142,22400694,1610612756,22.0,3.0,1.0,0.0,18.0,9.0,3.0,3.0
1630208,22400694,1610612756,1.0,0.0,10.0,1.0,4.0,0.0,4.0,1.0
1626164,22400694,1610612756,37.0,5.0,4.0,0.0,18.0,11.0,14.0,13.0
1626145,22400694,1610612756,9.0,2.0,0.0,0.0,9.0,3.0,0.0,0.0
203078,22400694,1610612756,13.0,3.0,0.0,0.0,8.0,4.0,4.0,4.0
1628960,22400694,1610612756,3.0,2.0,4.0,0.0,3.0,1.0,0.0,0.0
203486,22400694,1610612756,2.0,1.0,7.0,0.0,4.0,1.0,0.0,0.0
1626220,22400694,1610612756,5.0,1.0,3.0,0.0,5.0,2.0,0.0,0.0
1627814,22400694,1610612756,7.0,0.0,0.0,0.0,5.0,3.0,1.0,1.0
1642345,22400694,1610612756,2.0,0.0,0.0,0.0,1.0,1.0,0.0,0.0
1628420,22400694,1610612756,3.0,1.0,0.0,0.0,3.0,1.0,0.0,0.0
1631221,22400694,1610612756,0.0,1.0,2.0,1.0,1.0,0.0,0.0,0.0
1629626,22400694,1610612756,2.0,1.0,1.0,0.0,3.0,1.0,0.0,0.0
203924,22400694,1610612757,20.0,3.0,1.0,2.0,10.0,5.0,9.0,9.0
1641739,22400694,1610612757,18.0,0.0,10.0,0.0,11.0,7.0,2.0,2.0
1629028,22400694,1610612757,24.0,2.0,7.0,1.0,12.0,11.0,3.0,2.0
1630166,22400694,1610612757,10.0,3.0,5.0,0.0,7.0,3.0,3.0,3.0
1629014,22400694,1610612757,16.0,7.0,4.0,1.0,15.0,6.0,4.0,3.0
1631101,22400694,1610612757,16.0,0.0,1.0,0.0,12.0,5.0,4.0,3.0
1630703,22400694,1610612757,13.0,9.0,3.0,0.0,12.0,5.0,2.0,2.0
1642270,22400694,1610612757,2.0,0.0,4.0,1.0,2.0,1.0,0.0,0.0
1631200,22400694,1610612757,2.0,0.0,4.0,0.0,3.0,1.0,2.0,0.0
1641871,22400694,1610612757,2.0,0.0,1.0,0.0,2.0,1.0,0.0,0.0
1631133,22400694,1610612757,0.0,0.0,3.0,0.0,1.0,0.0,0.0,0.0
1641712,22400694,1610612757,0.0,0.0,0.0,0.0,0.0,0.0,0.0,0.0
1631121,22400694,1610612757,4.0,0.0,0.0,0.0,2.0,1.0,2.0,2.0
1630592,22400689,1610612751,13.0,2.0,7.0,0.0,9.0,5.0,3.0,2.0
1630533,22400689,1610612751,21.0,1.0,8.0,2.0,15.0,8.0,3.0,3.0
1629651,22400689,1610612751,17.0,2.0,5.0,1.0,14.0,8.0,2.0,1.0
1630553,22400689,1610612751,13.0,5.0,9.0,1.0,9.0,3.0,7.0,5.0
1626156,22400689,1610612751,18.0,3.0,1.0,2.0,14.0,6.0,4.0,3.0
1627732,22400689,1610612751,2.0,4.0,5.0,1.0,4.0,1.0,0.0,0.0
1641787,22400689,1610612751,7.0,4.0,2.0,0.0,6.0,3.0,0.0,0.0
1630549,22400689,1610612751,13.0,2.0,4.0,1.0,8.0,6.0,0.0,0.0
1630570,22400689,1610612751,6.0,1.0,5.0,0.0,8.0,3.0,2.0,0.0
1628415,22400689,1610612745,16.0,2.0,9.0,0.0,14.0,7.0,0.0,0.0
1641708,22400689,1610612745,8.0,7.0,10.0,1.0,16.0,4.0,1.0,0.0
203500,22400689,1610612745,11.0,0.0,7.0,3.0,5.0,4.0,6.0,3.0
1630224,22400689,1610612745,29.0,2.0,3.0,0.0,24.0,11.0,4.0,4.0
1627832,22400689,1610612745,3.0,2.0,0.0,0.0,4.0,1.0,0.0,0.0
1641715,22400689,1610612745,4.0,0.0,2.0,0.0,4.0,1.0,2.0,1.0
1631106,22400689,1610612745,12.0,1.0,9.0,1.0,9.0,5.0,0.0,0.0
1629111,22400689,1610612745,2.0,2.0,2.0,0.0,4.0,1.0,0.0,0.0
1630256,22400689,1610612745,2.0,0.0,0.0,0.0,1.0,0.0,2.0,2.0
1628988,22400689,1610612745,3.0,1.0,0.0,0.0,6.0,1.0,0.0,0.0
201145,22400689,1610612745,2.0,0.0,0.0,0.0,2.0,1.0,0.0,0.0
1642263,22400689,1610612745,6.0,1.0,2.0,1.0,6.0,2.0,0.0,0.0
201942,22400691,1610612758,17.0,2.0,1.0,0.0,15.0,5.0,8.0,7.0
1631099,22400691,1610612758,14.0,1.0,5.0,1.0,10.0,5.0,0.0,0.0
1627734,22400691,1610612758,16.0,5.0,7.0,0.0,13.0,5.0,7.0,5.0
1628370,22400691,1610612758,19.0,7.0,4.0,3.0,18.0,9.0,0.0,0.0
1628368,22400691,1610612758,20.0,4.0,4.0,0.0,16.0,8.0,1.0,1.0
1628989,22400691,1610612758,3.0,2.0,2.0,0.0,2.0,1.0,0.0,0.0
1631165,22400691,1610612758,3.0,0.0,3.0,1.0,8.0,1.0,1.0,1.0
1626168,22400691,1610612758,0.0,0.0,3.0,0.0,4.0,0.0,0.0,0.0
1642403,22400691,1610612758,7.0,1.0,3.0,0.0,3.0,3.0,3.0,1.0
1642269,22400691,1610612758,5.0,1.0,2.0,0.0,5.0,1.0,2.0,2.0
203926,22400691,1610612758,0.0,0.0,0.0,0.0,1.0,0.0,0.0,0.0
1630222,22400691,1610612758,5.0,2.0,3.0,0.0,3.0,2.0,2.0,1.0
1629162,22400691,1610612758,1.0,0.0,0.0,0.0,2.0,0.0,2.0,1.0
1629652,22400691,1610612760,20.0,2.0,7.0,2.0,12.0,7.0,0.0,0.0
1630598,22400691,1610612760,41.0,3.0,14.0,0.0,30.0,16.0,4.0,3.0
1628392,22400691,1610612760,16.0,6.0,15.0,0.0,12.0,8.0,0.0,0.0
1641717,22400691,1610612760,2.0,0.0,0.0,0.0,4.0,1.0,0.0,0.0
1628983,22400691,1610612760,29.0,9.0,6.0,2.0,20.0,10.0,10.0,8.0
1631172,22400691,1610612760,0.0,3.0,3.0,1.0,4.0,0.0,0.0,0.0
1631119,22400691,1610612760,6.0,8.0,13.0,1.0,4.0,3.0,0.0,0.0
1630198,22400691,1610612760,6.0,3.0,1.0,0.0,8.0,2.0,2.0,0.0
1629026,22400691,1610612760,18.0,3.0,11.0,0.0,10.0,8.0,0.0,0.0
1641745,22400691,1610612760,0.0,0.0,0.0,0.0,1.0,0.0,0.0,0.0
1642505,22400691,1610612760,6.0,0.0,0.0,0.0,2.0,2.0,0.0,0.0
1629060,22400692,1610612747,21.0,2.0,3.0,1.0,12.0,8.0,2.0,2.0
2544,22400692,1610612747,33.0,12.0,11.0,0.0,26.0,14.0,4.0,2.0
1629637,22400692,1610612747,4.0,1.0,2.0,1.0,2.0,2.0,0.0,0.0
1631108,22400692,1610612747,15.0,2.0,3.0,1.0,10.0,6.0,3.0,2.0
1630559,22400692,1610612747,27.0,6.0,5.0,0.0,12.0,7.0,9.0,9.0
1627827,22400692,1610612747,15.0,1.0,2.0,0.0,6.0,5.0,0.0,0.0
1629020,22400692,1610612747,0.0,1.0,8.0,0.0,3.0,0.0,0.0,0.0
1629216,22400692,1610612747,9.0,1.0,1.0,1.0,6.0,3.0,0.0,0.0
1642261,22400692,1610612747,2.0,0.0,0.0,0.0,3.0,1.0,0.0,0.0
1642355,22400692,1610612747,2.0,0.0,0.0,0.0,1.0,1.0,0.0,0.0
1631132,22400692,1610612747,0.0,0.0,0.0,0.0,0.0,0.0,0.0,0.0
1641998,22400692,1610612747,0.0,0.0,2.0,0.0,0.0,0.0,0.0,0.0
1628384,22400692,1610612752,13.0,1.0,1.0,2.0,7.0,5.0,0.0,0.0
1628404,22400692,1610612752,26.0,11.0,13.0,0.0,16.0,11.0,4.0,3.0
1626157,22400692,1610612752,11.0,3.0,6.0,0.0,12.0,3.0,4.0,4.0
1628969,22400692,1610612752,16.0,3.0,2.0,1.0,14.0,7.0,0.0,0.0
1628973,22400692,1610612752,17.0,7.0,2.0,0.0,18.0,7.0,7.0,3.0
1630173,22400692,1610612752,15.0,3.0,15.0,0.0,12.0,6.0,3.0,3.0
1629013,22400692,1610612752,0.0,0.0,0.0,0.0,2.0,0.0,0.0,0.0
1630540,22400692,1610612752,12.0,1.0,3.0,0.0,9.0,4.0,1.0,1.0
1626166,22400692,1610612752,0.0,3.0,1.0,0.0,2.0,0.0,0.0,0.0
1642278,22400692,1610612752,0.0,1.0,0.0,0.0,0.0,0.0,0.0,0.0
1631210,22400692,1610612752,0.0,0.0,1.0,0.0,1.0,0.0,0.0,0.0
1630346,22400692,1610612752,0.0,0.0,0.0,0.0,1.0,0.0,0.0,0.0
1630579,22400692,1610612752,0.0,0.0,0.0,0.0,0.0,0.0,0.0,0.0
1630574,22400692,1610612752,2.0,0.0,0.0,0.0,1.0,1.0,0.0,0.0
1629008,22400688,1610612743,15.0,2.0,10.0,1.0,14.0,6.0,4.0,3.0
203932,22400688,1610612743,6.0,2.0,3.0,1.0,10.0,3.0,0.0,0.0
203999,22400688,1610612743,28.0,17.0,13.0,1.0,17.0,9.0,9.0,8.0
1631128,22400688,1610612743,24.0,2.0,11.0,0.0,15.0,9.0,4.0,4.0
1627750,22400688,1610612743,20.0,5.0,1.0,0.0,16.0,8.0,3.0,3.0
1631124,22400688,1610612743,5.0,1.0,1.0,1.0,8.0,2.0,0.0,0.0
1630192,22400688,1610612743,6.0,0.0,3.0,5.0,4.0,3.0,0.0,0.0
1629618,22400688,1610612743,3.0,0.0,1.0,0.0,4.0,1.0,0.0,0.0
1630182,22400688,1610612766,6.0,5.0,1.0,0.0,6.0,3.0,0.0,0.0
1628970,22400688,1610612766,24.0,2.0,12.0,1.0,23.0,10.0,4.0,3.0
1631109,22400688,1610612766,20.0,3.0,15.0,3.0,17.0,8.0,4.0,4.0
1641733,22400688,1610612766,19.0,2.0,1.0,0.0,12.0,7.0,0.0,0.0
203995,22400688,1610612766,0.0,2.0,3.0,0.0,5.0,0.0,0.0,0.0
1642354,22400688,1610612766,8.0,8.0,6.0,0.0,9.0,2.0,4.0,4.0
1629610,22400688,1610612766,5.0,1.0,0.0,1.0,3.0,1.0,2.0,2.0
203552,22400688,1610612766,10.0,2.0,3.0,0.0,5.0,4.0,0.0,0.0
1631217,22400688,1610612766,12.0,3.0,7.0,1.0,9.0,6.0,3.0,0.0
1631209,22400688,1610612766,0.0,3.0,3.0,0.0,6.0,0.0,0.0,0.0
1642346,22400685,1610612756,4.0,2.0,1.0,0.0,5.0,2.0,0.0,0.0
201142,22400685,1610612756,19.0,3.0,6.0,1.0,13.0,6.0,4.0,2.0
1630208,22400685,1610612756,14.0,1.0,16.0,2.0,8.0,6.0,2.0,2.0
1626164,22400685,1610612756,31.0,11.0,5.0,0.0,23.0,12.0,3.0,2.0
1626145,22400685,1610612756,6.0,6.0,0.0,0.0,5.0,2.0,1.0,1.0
203078,22400685,1610612756,21.0,2.0,2.0,0.0,12.0,9.0,1.0,0.0
1628960,22400685,1610612756,11.0,7.0,6.0,0.0,6.0,4.0,0.0,0.0
1626220,22400685,1610612756,6.0,4.0,2.0,0.0,4.0,2.0,0.0,0.0
203486,22400685,1610612756,10.0,3.0,6.0,4.0,5.0,4.0,3.0,2.0
1627814,22400685,1610612756,0.0,0.0,1.0,0.0,2.0,0.0,0.0,0.0
1629626,22400685,1610612756,4.0,1.0,1.0,0.0,1.0,1.0,2.0,2.0
1628420,22400685,1610612756,0.0,0.0,0.0,0.0,3.0,0.0,0.0,0.0
1642345,22400685,1610612756,2.0,1.0,1.0,0.0,1.0,1.0,0.0,0.0
1631221,22400685,1610612756,2.0,0.0,1.0,0.0,1.0,1.0,0.0,0.0
203952,22400685,1610612744,17.0,6.0,8.0,1.0,20.0,6.0,5.0,4.0
1627780,22400685,1610612744,3.0,0.0,3.0,0.0,6.0,1.0,2.0,1.0
1642366,22400685,1610612744,9.0,2.0,8.0,1.0,9.0,3.0,1.0,1.0
1627741,22400685,1610612744,13.0,2.0,3.0,1.0,7.0,5.0,0.0,0.0
201939,22400685,1610612744,14.0,3.0,3.0,2.0,14.0,5.0,3.0,3.0
1626172,22400685,1610612744,2.0,1.0,4.0,0.0,2.0,1.0,1.0,0.0
1630611,22400685,1610612744,5.0,2.0,1.0,0.0,3.0,1.0,4.0,3.0
1630541,22400685,1610612744,17.0,1.0,6.0,0.0,10.0,5.0,5.0,3.0
203471,22400685,1610612744,5.0,5.0,6.0,1.0,8.0,2.0,2.0,0.0
1641764,22400685,1610612744,14.0,3.0,3.0,0.0,9.0,5.0,0.0,0.0
203937,22400685,1610612744,4.0,1.0,2.0,0.0,3.0,2.0,0.0,0.0
1631218,22400685,1610612744,2.0,0.0,1.0,0.0,2.0,0.0,2.0,2.0
1630322,22400685,1610612744,0.0,0.0,1.0,0.0,3.0,0.0,0.0,0.0
1629008,22400681,1610612743,24.0,0.0,6.0,1.0,14.0,10.0,2.0,2.0
203932,22400681,1610612743,11.0,3.0,3.0,0.0,6.0,4.0,2.0,2.0
203999,22400681,1610612743,28.0,13.0,9.0,0.0,16.0,11.0,5.0,4.0
1627750,22400681,1610612743,31.0,11.0,6.0,1.0,22.0,12.0,7.0,7.0
201566,22400681,1610612743,4.0,7.0,0.0,0.0,3.0,2.0,0.0,0.0
1631128,22400681,1610612743,15.0,2.0,5.0,0.0,10.0,6.0,0.0,0.0
1631212,22400681,1610612743,6.0,3.0,4.0,0.0,4.0,3.0,0.0,0.0
1631124,22400681,1610612743,18.0,0.0,2.0,0.0,7.0,6.0,2.0,2.0
1642348,22400681,1610612755,9.0,4.0,5.0,1.0,8.0,3.0,0.0,0.0
1626162,22400681,1610612755,27.0,5.0,7.0,1.0,16.0,9.0,7.0,7.0
1627824,22400681,1610612755,28.0,2.0,7.0,0.0,17.0,12.0,0.0,0.0
201569,22400681,1610612755,11.0,2.0,0.0,0.0,4.0,4.0,0.0,0.0
1630178,22400681,1610612755,42.0,9.0,2.0,0.0,26.0,15.0,8.0,6.0
202704,22400681,1610612755,2.0,2.0,2.0,0.0,4.0,1.0,0.0,0.0
200768,22400681,1610612755,3.0,4.0,1.0,0.0,3.0,1.0,0.0,0.0
1641737,22400681,1610612755,2.0,0.0,1.0,1.0,2.0,1.0,0.0,0.0
1641741,22400681,1610612755,10.0,1.0,2.0,0.0,10.0,4.0,1.0,0.0
1627752,22400684,1610612749,13.0,3.0,5.0,1.0,14.0,5.0,0.0,0.0
203507,22400684,1610612749,35.0,6.0,14.0,1.0,23.0,13.0,14.0,9.0
201572,22400684,1610612749,6.0,3.0,5.0,1.0,8.0,3.0,0.0,0.0
1641748,22400684,1610612749,7.0,0.0,4.0,1.0,7.0,3.0,1.0,0.0
203081,22400684,1610612749,22.0,7.0,3.0,1.0,17.0,6.0,7.0,7.0
1631260,22400684,1610612749,0.0,0.0,2.0,0.0,3.0,0.0,0.0,0.0
203114,22400684,1610612749,21.0,2.0,4.0,1.0,9.0,8.0,2.0,2.0
1629018,22400684,1610612749,2.0,0.0,2.0,0.0,7.0,1.0,0.0,0.0
1631157,22400684,1610612749,0.0,2.0,1.0,0.0,5.0,0.0,0.0,0.0
1626192,22400684,1610612749,8.0,1.0,2.0,2.0,3.0,3.0,0.0,0.0
1630699,22400684,1610612749,0.0,0.0,1.0,0.0,1.0,0.0,0.0,0.0
1641753,22400684,1610612749,2.0,0.0,3.0,0.0,1.0,0.0,2.0,2.0
1630649,22400684,1610612749,2.0,0.0,1.0,0.0,2.0,1.0,0.0,0.0
1642264,22400684,1610612759,20.0,6.0,8.0,0.0,14.0,5.0,10.0,7.0
203084,22400684,1610612759,16.0,2.0,6.0,1.0,12.0,6.0,2.0,2.0
1641705,22400684,1610612759,30.0,1.0,14.0,6.0,20.0,9.0,7.0,7.0
1630170,22400684,1610612759,12.0,3.0,2.0,1.0,13.0,5.0,0.0,0.0
101108,22400684,1610612759,12.0,9.0,5.0,0.0,8.0,4.0,3.0,2.0
1629640,22400684,1610612759,24.0,2.0,4.0,0.0,15.0,10.0,0.0,0.0
1631110,22400684,1610612759,2.0,2.0,7.0,1.0,4.0,1.0,0.0,0.0
1630200,22400684,1610612759,9.0,7.0,0.0,0.0,5.0,3.0,3.0,2.0
1630577,22400684,1610612759,6.0,1.0,5.0,0.0,5.0,2.0,0.0,0.0
1631104,22400684,1610612759,2.0,3.0,0.0,0.0,1.0,1.0,0.0,0.0
1628380,22400684,1610612759,3.0,1.0,0.0,1.0,1.0,1.0,0.0,0.0
1630572,22400684,1610612759,5.0,0.0,0.0,1.0,3.0,2.0,0.0,0.0
1631321,22400684,1610612759,0.0,0.0,0.0,0.0,0.0,0.0,0.0,0.0
1631103,22400684,1610612759,3.0,0.0,2.0,0.0,1.0,1.0,0.0,0.0
202691,22400680,1610612742,13.0,4.0,4.0,1.0,10.0,5.0,0.0,0.0
1629023,22400680,1610612742,22.0,1.0,13.0,2.0,17.0,8.0,2.0,2.0
1629655,22400680,1610612742,16.0,3.0,10.0,5.0,8.0,6.0,6.0,4.0
203915,22400680,1610612742,5.0,4.0,1.0,0.0,7.0,2.0,2.0,1.0
202681,22400680,1610612742,28.0,3.0,6.0,0.0,23.0,9.0,7.0,7.0
1641765,22400680,1610612742,4.0,2.0,3.0,2.0,3.0,1.0,2.0,2.0
1630230,22400680,1610612742,7.0,1.0,3.0,1.0,9.0,3.0,0.0,0.0
1629656,22400680,1610612742,0.0,0.0,0.0,0.0,1.0,0.0,0.0,0.0
1630556,22400680,1610612742,0.0,1.0,1.0,1.0,2.0,0.0,0.0,0.0
203957,22400680,1610612742,3.0,1.0,2.0,0.0,2.0,1.0,2.0,1.0
1630283,22400680,1610612742,4.0,0.0,2.0,1.0,3.0,2.0,0.0,0.0
1630702,22400680,1610612742,0.0,0.0,1.0,0.0,2.0,0.0,0.0,0.0
1641709,22400680,1610612765,2.0,0.0,4.0,3.0,4.0,1.0,0.0,0.0
202699,22400680,1610612765,17.0,1.0,3.0,3.0,12.0,7.0,2.0,2.0
1631105,22400680,1610612765,16.0,5.0,13.0,0.0,8.0,6.0,5.0,4.0
203501,22400680,1610612765,9.0,1.0,5.0,0.0,10.0,3.0,2.0,1.0
1630595,22400680,1610612765,40.0,4.0,6.0,0.0,30.0,17.0,3.0,3.0
1627736,22400680,1610612765,9.0,0.0,2.0,0.0,9.0,3.0,0.0,0.0
1631323,22400680,1610612765,4.0,1.0,2.0,0.0,6.0,1.0,2.0,2.0
1631204,22400680,1610612765,10.0,4.0,2.0,0.0,10.0,4.0,2.0,2.0
1630194,22400680,1610612765,6.0,2.0,7.0,0.0,7.0,3.0,0.0,0.0
1641842,22400680,1610612765,4.0,0.0,3.0,0.0,8.0,2.0,0.0,0.0
1631111,22400680,1610612765,0.0,0.0,0.0,0.0,0.0,0.0,0.0,0.0
1641752,22400680,1610612765,0.0,0.0,0.0,0.0,2.0,0.0,0.0,0.0
1627884,22400679,1610612746,12.0,3.0,8.0,2.0,9.0,6.0,2.0,0.0
202695,22400679,1610612746,21.0,2.0,9.0,1.0,17.0,8.0,2.0,1.0
1627826,22400679,1610612746,14.0,1.0,11.0,0.0,10.0,7.0,0.0,0.0
1626181,22400679,1610612746,27.0,4.0,3.0,0.0,15.0,11.0,7.0,3.0
201935,22400679,1610612746,14.0,10.0,5.0,0.0,12.0,4.0,5.0,5.0
1629645,22400679,1610612746,7.0,3.0,4.0,0.0,9.0,3.0,0.0,0.0
1629599,22400679,1610612746,10.0,2.0,1.0,0.0,5.0,3.0,2.0,2.0
1629611,22400679,1610612746,5.0,1.0,3.0,1.0,2.0,1.0,2.0,2.0
1641738,22400679,1610612746,2.0,0.0,1.0,0.0,2.0,1.0,0.0,0.0
1641757,22400679,1610612746,0.0,0.0,0.0,0.0,0.0,0.0,0.0,0.0
1630182,22400679,1610612766,10.0,1.0,4.0,0.0,4.0,4.0,0.0,0.0
1628970,22400679,1610612766,27.0,6.0,9.0,0.0,27.0,12.0,3.0,2.0
201959,22400679,1610612766,4.0,0.0,7.0,1.0,5.0,2.0,0.0,0.0
1641733,22400679,1610612766,8.0,1.0,2.0,0.0,12.0,3.0,2.0,2.0
203995,22400679,1610612766,20.0,4.0,2.0,0.0,12.0,7.0,4.0,4.0
1631217,22400679,1610612766,11.0,0.0,14.0,0.0,11.0,5.0,2.0,1.0
1642354,22400679,1610612766,9.0,5.0,1.0,0.0,11.0,4.0,0.0,0.0
203552,22400679,1610612766,7.0,0.0,1.0,0.0,6.0,2.0,2.0,2.0
1629006,22400679,1610612766,8.0,0.0,2.0,2.0,7.0,3.0,2.0,2.0
1629610,22400679,1610612766,0.0,1.0,0.0,0.0,1.0,0.0,0.0,0.0
1628366,22400682,1610612741,5.0,5.0,3.0,1.0,7.0,2.0,0.0,0.0
1630245,22400682,1610612741,6.0,8.0,4.0,1.0,9.0,2.0,0.0,0.0
202696,22400682,1610612741,21.0,3.0,12.0,0.0,12.0,7.0,7.0,6.0
1629632,22400682,1610612741,25.0,6.0,4.0,0.0,16.0,9.0,2.0,2.0
1630581,22400682,1610612741,15.0,6.0,7.0,2.0,11.0,6.0,2.0,2.0
1641824,22400682,1610612741,12.0,0.0,7.0,3.0,8.0,4.0,2.0,2.0
1630172,22400682,1610612741,11.0,1.0,9.0,1.0,11.0,4.0,2.0,1.0
1630188,22400682,1610612741,17.0,1.0,5.0,0.0,10.0,7.0,0.0,0.0
1631207,22400682,1610612741,10.0,4.0,1.0,1.0,5.0,4.0,2.0,1.0
1629628,22400682,1610612761,19.0,3.0,9.0,0.0,17.0,8.0,6.0,2.0
1630567,22400682,1610612761,20.0,5.0,10.0,1.0,20.0,8.0,5.0,4.0
1627751,22400682,1610612761,8.0,6.0,9.0,5.0,8.0,4.0,0.0,0.0
1641711,22400682,1610612761,13.0,1.0,2.0,0.0,12.0,4.0,4.0,3.0
1630193,22400682,1610612761,14.0,2.0,4.0,1.0,8.0,5.0,2.0,1.0
1630558,22400682,1610612761,9.0,2.0,1.0,0.0,7.0,3.0,0.0,0.0
1628971,22400682,1610612761,0.0,1.0,0.0,0.0,3.0,0.0,0.0,0.0
1631115,22400682,1610612761,3.0,2.0,3.0,0.0,3.0,1.0,2.0,1.0
1630534,22400682,1610612761,4.0,1.0,2.0,1.0,6.0,2.0,0.0,0.0
1642266,22400682,1610612761,14.0,2.0,4.0,0.0,7.0,3.0,8.0,7.0
202066,22400682,1610612761,2.0,2.0,0.0,0.0,1.0,1.0,0.0,0.0
1627759,22400683,1610612738,28.0,4.0,6.0,0.0,18.0,11.0,4.0,3.0
1628369,22400683,1610612738,27.0,10.0,6.0,0.0,21.0,10.0,5.0,3.0
204001,22400683,1610612738,16.0,6.0,5.0,4.0,12.0,5.0,8.0,4.0
1628401,22400683,1610612738,16.0,3.0,4.0,0.0,9.0,5.0,4.0,3.0
201950,22400683,1610612738,4.0,5.0,3.0,0.0,5.0,2.0,0.0,0.0
201143,22400683,1610612738,4.0,0.0,4.0,1.0,5.0,1.0,2.0,2.0
1630202,22400683,1610612738,3.0,0.0,1.0,1.0,4.0,1.0,0.0,0.0
1628436,22400683,1610612738,11.0,3.0,2.0,1.0,4.0,4.0,3.0,3.0
1630573,22400683,1610612738,9.0,1.0,4.0,0.0,6.0,3.0,0.0,0.0
1630531,22400683,1610612738,0.0,0.0,0.0,0.0,0.0,0.0,0.0,0.0
1630530,22400683,1610612740,40.0,4.0,5.0,0.0,20.0,15.0,3.0,2.0
1629750,22400683,1610612740,6.0,2.0,6.0,0.0,4.0,0.0,7.0,6.0
1642274,22400683,1610612740,6.0,0.0,13.0,0.0,7.0,3.0,2.0,0.0
203468,22400683,1610612740,17.0,1.0,2.0,0.0,19.0,8.0,1.0,0.0
1627749,22400683,1610612740,4.0,0.0,5.0,0.0,6.0,2.0,0.0,0.0
1631255,22400683,1610612740,7.0,1.0,4.0,1.0,6.0,3.0,0.0,0.0
1630526,22400683,1610612740,3.0,0.0,5.0,0.0,2.0,1.0,0.0,0.0
1630527,22400683,1610612740,10.0,2.0,5.0,0.0,11.0,5.0,0.0,0.0
1630631,22400683,1610612740,20.0,6.0,3.0,1.0,14.0,6.0,6.0,5.0
1631288,22400683,1610612740,3.0,0.0,0.0,0.0,1.0,1.0,0.0,0.0
1630183,22400677,1610612750,4.0,1.0,4.0,0.0,4.0,1.0,2.0,2.0
203944,22400677,1610612750,6.0,1.0,1.0,0.0,7.0,3.0,0.0,0.0
203497,22400677,1610612750,16.0,5.0,9.0,4.0,8.0,6.0,6.0,4.0
1630162,22400677,1610612750,36.0,11.0,6.0,3.0,18.0,12.0,7.0,6.0
1629638,22400677,1610612750,15.0,5.0,4.0,0.0,12.0,5.0,0.0,0.0
1642265,22400677,1610612750,19.0,8.0,0.0,0.0,11.0,8.0,1.0,0.0
1641740,22400677,1610612750,6.0,2.0,3.0,0.0,3.0,2.0,2.0,1.0
1629675,22400677,1610612750,12.0,4.0,4.0,0.0,5.0,4.0,0.0,0.0
1630568,22400677,1610612750,16.0,0.0,4.0,1.0,8.0,6.0,2.0,2.0
1631169,22400677,1610612750,2.0,0.0,0.0,1.0,3.0,1.0,0.0,0.0
1631159,22400677,1610612750,6.0,0.0,3.0,0.0,3.0,1.0,4.0,4.0
204060,22400677,1610612750,0.0,1.0,1.0,0.0,0.0,0.0,0.0,0.0
1628374,22400677,1610612762,15.0,0.0,2.0,1.0,13.0,5.0,3.0,2.0
1628381,22400677,1610612762,16.0,1.0,5.0,2.0,12.0,5.0,5.0,4.0
1631117,22400677,1610612762,2.0,0.0,8.0,0.0,6.0,1.0,0.0,0.0
1629012,22400677,1610612762,19.0,5.0,3.0,0.0,9.0,5.0,8.0,7.0
1642268,22400677,1610612762,11.0,7.0,2.0,0.0,7.0,5.0,0.0,0.0
1642271,22400677,1610612762,2.0,0.0,1.0,0.0,1.0,1.0,0.0,0.0
1641718,22400677,1610612762,23.0,3.0,1.0,1.0,7.0,7.0,8.0,7.0
1629234,22400677,1610612762,6.0,2.0,0.0,0.0,4.0,3.0,0.0,0.0
203903,22400677,1610612762,16.0,3.0,0.0,0.0,13.0,6.0,1.0,1.0
1641729,22400677,1610612762,3.0,0.0,1.0,0.0,5.0,1.0,0.0,0.0
2544,22400674,1610612747,24.0,11.0,3.0,0.0,19.0,9.0,5.0,5.0
1629060,22400674,1610612747,22.0,0.0,4.0,1.0,12.0,9.0,0.0,0.0
1629637,22400674,1610612747,10.0,2.0,10.0,3.0,4.0,4.0,2.0,2.0
1631108,22400674,1610612747,13.0,3.0,4.0,0.0,7.0,4.0,2.0,2.0
1630559,22400674,1610612747,17.0,5.0,6.0,0.0,14.0,6.0,2.0,1.0
1629020,22400674,1610612747,4.0,2.0,7.0,0.0,3.0,2.0,0.0,0.0
1642261,22400674,1610612747,10.0,0.0,1.0,0.0,9.0,3.0,2.0,2.0
1641998,22400674,1610612747,4.0,1.0,5.0,2.0,6.0,2.0,0.0,0.0
1629003,22400674,1610612747,21.0,4.0,4.0,0.0,8.0,7.0,6.0,6.0
1642355,22400674,1610612747,5.0,2.0,2.0,0.0,6.0,1.0,3.0,3.0
1631132,22400674,1610612747,4.0,1.0,2.0,0.0,2.0,2.0,0.0,0.0
1642273,22400674,1610612764,6.0,0.0,4.0,3.0,8.0,2.0,0.0,0.0
1628398,22400674,1610612764,13.0,1.0,3.0,0.0,14.0,3.0,9.0,5.0
202685,22400674,1610612764,5.0,3.0,3.0,0.0,8.0,1.0,3.0,3.0
1641731,22400674,1610612764,6.0,0.0,3.0,0.0,6.0,2.0,2.0,2.0
1629673,22400674,1610612764,19.0,2.0,5.0,0.0,15.0,5.0,7.0,6.0
1630557,22400674,1610612764,11.0,0.0,3.0,1.0,7.0,4.0,2.0,2.0
1642267,22400674,1610612764,2.0,6.0,1.0,0.0,8.0,1.0,0.0,0.0
1626158,22400674,1610612764,6.0,1.0,5.0,1.0,4.0,3.0,0.0,0.0
1630551,22400674,1610612764,6.0,1.0,3.0,1.0,5.0,2.0,2.0,2.0
1630215,22400674,1610612764,8.0,3.0,0.0,0.0,6.0,2.0,5.0,4.0
1641774,22400674,1610612764,9.0,1.0,3.0,0.0,6.0,3.0,2.0,2.0
1631098,22400674,1610612764,2.0,0.0,2.0,0.0,2.0,0.0,2.0,2.0
1631116,22400674,1610612764,3.0,0.0,2.0,0.0,2.0,1.0,0.0,0.0
1630264,22400674,1610612764,0.0,0.0,1.0,0.0,0.0,0.0,0.0,0.0
1642258,22400675,1610612737,30,1,1,0,14,11,6,3
1631243,22400675,1610612737,8,1,2,1,7,4,1,0
1630168,22400675,1610612737,14,4,7,0,11,6,2,1
1630700,22400675,1610612737,7,5,7,0,8,3,0,0
1629027,22400675,1610612737,15,10,1,0,16,5,4,3
1630811,22400675,1610612737,2,3,0,0,5,1,0,0
1629631,22400675,1610612737,25,2,5,0,13,6,12,12
1630249,22400675,1610612737,6,0,1,0,3,2,2,1
1626204,22400675,1610612737,0,2,5,0,5,0,0,0
1629726,22400675,1610612737,6,0,5,0,5,2,0,0
1631230,22400675,1610612737,2,0,2,0,2,1,0,0
1631223,22400675,1610612737,0,0,0,0,1,0,0,0
1629622,22400675,1610612739,11,3,5,0,5,4,0,0
1630596,22400675,1610612739,16,4,10,1,12,7,2,2
1628386,22400675,1610612739,9,2,15,0,3,3,4,3
1628378,22400675,1610612739,24,6,1,0,16,8,5,4
1629636,22400675,1610612739,26,7,2,0,20,11,2,2
1627777,22400675,1610612739,10,0,3,0,6,2,4,4
1629660,22400675,1610612739,20,6,2,0,11,9,1,1
1630241,22400675,1610612739,4,4,3,1,6,2,0,0
1642281,22400675,1610612739,15,0,5,1,9,6,2,2
1641854,22400675,1610612739,2,1,0,0,1,1,0,0
202684,22400675,1610612739,0,0,3,0,0,0,0,0
1641734,22400675,1610612739,0,1,0,0,1,0,0,0
1630550,22400675,1610612739,0,0,0,0,1,0,0,0
1630532,22400678,1610612753,24.0,3.0,3.0,0.0,17.0,8.0,8.0,7.0
1631094,22400678,1610612753,21.0,3.0,6.0,0.0,23.0,10.0,3.0,1.0
1629048,22400678,1610612753,2.0,2.0,3.0,1.0,1.0,1.0,0.0,0.0
1641710,22400678,1610612753,0.0,1.0,2.0,0.0,3.0,0.0,0.0,0.0
203484,22400678,1610612753,4.0,0.0,2.0,0.0,5.0,2.0,0.0,0.0
203914,22400678,1610612753,3.0,0.0,1.0,1.0,2.0,1.0,0.0,0.0
1630175,22400678,1610612753,16.0,2.0,1.0,1.0,15.0,6.0,1.0,1.0
1628976,22400678,1610612753,12.0,1.0,7.0,0.0,7.0,3.0,6.0,6.0
1641783,22400678,1610612753,0.0,1.0,1.0,1.0,0.0,0.0,0.0,0.0
1628371,22400678,1610612753,4.0,1.0,5.0,2.0,2.0,1.0,2.0,2.0
1630243,22400678,1610612753,2.0,0.0,0.0,0.0,3.0,1.0,0.0,0.0
1641724,22400678,1610612753,0.0,0.0,1.0,0.0,1.0,0.0,0.0,0.0
1631216,22400678,1610612753,2.0,0.0,1.0,0.0,2.0,1.0,0.0,0.0
1630166,22400678,1610612757,11.0,5.0,5.0,2.0,8.0,2.0,8.0,7.0
1641739,22400678,1610612757,7.0,2.0,5.0,2.0,4.0,3.0,2.0,1.0
1629028,22400678,1610612757,22.0,3.0,8.0,0.0,12.0,10.0,4.0,2.0
1630703,22400678,1610612757,23.0,7.0,5.0,0.0,16.0,7.0,6.0,6.0
1629014,22400678,1610612757,8.0,3.0,2.0,1.0,9.0,3.0,0.0,0.0
1630625,22400678,1610612757,11.0,0.0,2.0,0.0,5.0,3.0,4.0,3.0
1631101,22400678,1610612757,23.0,2.0,2.0,0.0,14.0,9.0,2.0,2.0
1642270,22400678,1610612757,0.0,1.0,3.0,0.0,1.0,0.0,0.0,0.0
1631200,22400678,1610612757,0.0,0.0,0.0,0.0,1.0,0.0,0.0,0.0
1631133,22400678,1610612757,10.0,0.0,4.0,0.0,4.0,3.0,2.0,2.0
1641871,22400678,1610612757,0.0,0.0,1.0,0.0,2.0,0.0,0.0,0.0
1641712,22400678,1610612757,3.0,0.0,1.0,0.0,2.0,1.0,2.0,1.0
1631121,22400678,1610612757,1.0,0.0,0.0,0.0,0.0,0.0,1.0,1.0
1628415,22400676,1610612745,22.0,0.0,2.0,0.0,17.0,9.0,1.0,1.0
1641708,22400676,1610612745,21.0,4.0,7.0,4.0,15.0,7.0,9.0,7.0
203500,22400676,1610612745,11.0,3.0,10.0,0.0,9.0,4.0,3.0,3.0
1630224,22400676,1610612745,25.0,5.0,6.0,0.0,21.0,8.0,5.0,4.0
1627832,22400676,1610612745,13.0,5.0,1.0,1.0,12.0,4.0,3.0,3.0
1629111,22400676,1610612745,8.0,2.0,3.0,0.0,3.0,2.0,4.0,3.0
1631106,22400676,1610612745,13.0,0.0,12.0,0.0,12.0,6.0,1.0,0.0
1641715,22400676,1610612745,5.0,2.0,2.0,0.0,6.0,2.0,0.0,0.0
1630256,22400676,1610612745,1.0,1.0,2.0,0.0,2.0,0.0,2.0,1.0
1642377,22400676,1610612763,11.0,3.0,3.0,1.0,7.0,5.0,0.0,0.0
1628991,22400676,1610612763,21.0,4.0,4.0,0.0,15.0,7.0,7.0,6.0
1641744,22400676,1610612763,5.0,2.0,2.0,0.0,4.0,2.0,2.0,1.0
1630217,22400676,1610612763,24.0,6.0,12.0,0.0,24.0,11.0,3.0,2.0
1628379,22400676,1610612763,22.0,2.0,1.0,0.0,15.0,9.0,2.0,1.0
1630583,22400676,1610612763,15.0,1.0,5.0,2.0,13.0,6.0,0.0,0.0
1641713,22400676,1610612763,0.0,0.0,0.0,1.0,5.0,0.0,0.0,0.0
1629634,22400676,1610612763,13.0,0.0,5.0,2.0,7.0,6.0,2.0,1.0
1630590,22400676,1610612763,4.0,5.0,3.0,0.0,2.0,1.0,2.0,2.0
1631222,22400676,1610612763,5.0,0.0,2.0,0.0,1.0,1.0,2.0,2.0
1628366,22400666,1610612741,9.0,4.0,3.0,0.0,8.0,2.0,3.0,3.0
1630245,22400666,1610612741,12.0,4.0,4.0,0.0,13.0,5.0,0.0,0.0
202696,22400666,1610612741,6.0,2.0,11.0,2.0,9.0,3.0,0.0,0.0
1629632,22400666,1610612741,16.0,3.0,2.0,0.0,15.0,6.0,2.0,2.0
1630581,22400666,1610612741,10.0,6.0,4.0,0.0,8.0,4.0,2.0,1.0
1641824,22400666,1610612741,12.0,0.0,4.0,1.0,6.0,4.0,2.0,2.0
1630172,22400666,1610612741,16.0,4.0,7.0,1.0,11.0,6.0,1.0,1.0
1631207,22400666,1610612741,2.0,3.0,1.0,0.0,4.0,1.0,0.0,0.0
1630188,22400666,1610612741,9.0,1.0,11.0,3.0,10.0,3.0,2.0,2.0
1629659,22400666,1610612741,0.0,0.0,0.0,0.0,0.0,0.0,0.0,0.0
1641763,22400666,1610612741,5.0,0.0,0.0,0.0,5.0,2.0,0.0,0.0
1628975,22400666,1610612741,3.0,1.0,0.0,0.0,3.0,1.0,0.0,0.0
1627759,22400666,1610612738,28.0,6.0,6.0,0.0,18.0,10.0,11.0,7.0
1628369,22400666,1610612738,16.0,5.0,8.0,0.0,15.0,5.0,4.0,4.0
204001,22400666,1610612738,34.0,3.0,11.0,0.0,18.0,10.0,6.0,6.0
1628401,22400666,1610612738,22.0,5.0,1.0,1.0,14.0,7.0,4.0,4.0
201950,22400666,1610612738,6.0,3.0,7.0,0.0,9.0,3.0,0.0,0.0
1630202,22400666,1610612738,10.0,7.0,2.0,1.0,6.0,4.0,0.0,0.0
1630531,22400666,1610612738,4.0,2.0,5.0,1.0,3.0,1.0,2.0,1.0
1628436,22400666,1610612738,2.0,0.0,2.0,0.0,3.0,1.0,0.0,0.0
1641809,22400666,1610612738,0.0,0.0,2.0,0.0,1.0,0.0,0.0,0.0
1641775,22400666,1610612738,0.0,0.0,1.0,0.0,0.0,0.0,0.0,0.0
1629674,22400666,1610612738,0.0,1.0,0.0,0.0,0.0,0.0,0.0,0.0
1641709,22400664,1610612765,10.0,1.0,3.0,0.0,6.0,4.0,4.0,2.0
202699,22400664,1610612765,19.0,2.0,8.0,1.0,19.0,8.0,2.0,2.0
1631105,22400664,1610612765,14.0,3.0,10.0,1.0,8.0,5.0,4.0,4.0
203501,22400664,1610612765,3.0,2.0,2.0,0.0,3.0,1.0,1.0,0.0
1630595,22400664,1610612765,32.0,9.0,5.0,0.0,22.0,12.0,8.0,7.0
1627736,22400664,1610612765,20.0,2.0,2.0,0.0,11.0,6.0,3.0,2.0
1631323,22400664,1610612765,6.0,2.0,4.0,1.0,5.0,2.0,2.0,1.0
1631204,22400664,1610612765,6.0,1.0,1.0,0.0,5.0,3.0,0.0,0.0
1630191,22400664,1610612765,1.0,1.0,0.0,0.0,0.0,0.0,2.0,1.0
1641842,22400664,1610612765,6.0,1.0,2.0,0.0,7.0,2.0,0.0,0.0
1630194,22400664,1610612765,2.0,0.0,4.0,0.0,3.0,1.0,0.0,0.0
1631111,22400664,1610612765,0.0,1.0,0.0,0.0,0.0,0.0,0.0,0.0
1641752,22400664,1610612765,0.0,1.0,0.0,0.0,0.0,0.0,0.0,0.0
1630174,22400664,1610612754,0.0,2.0,3.0,1.0,4.0,0.0,0.0,0.0
1627783,22400664,1610612754,37.0,4.0,6.0,1.0,21.0,15.0,4.0,3.0
1626167,22400664,1610612754,24.0,3.0,7.0,0.0,10.0,5.0,12.0,10.0
1641767,22400664,1610612754,12.0,4.0,2.0,0.0,6.0,4.0,0.0,0.0
1630169,22400664,1610612754,30.0,8.0,7.0,0.0,17.0,10.0,9.0,6.0
1641716,22400664,1610612754,3.0,2.0,2.0,2.0,3.0,1.0,0.0,0.0
204456,22400664,1610612754,14.0,3.0,6.0,0.0,13.0,7.0,0.0,0.0
1630167,22400664,1610612754,1.0,0.0,1.0,0.0,0.0,0.0,2.0,1.0
1628418,22400664,1610612754,9.0,2.0,2.0,1.0,5.0,3.0,4.0,2.0
1642277,22400664,1610612754,0.0,0.0,0.0,0.0,0.0,0.0,0.0,0.0
1642484,22400664,1610612754,3.0,0.0,0.0,0.0,1.0,1.0,0.0,0.0
201949,22400664,1610612754,0.0,0.0,0.0,0.0,1.0,0.0,0.0,0.0
1630183,22400672,1610612750,14.0,3.0,6.0,0.0,7.0,4.0,4.0,4.0
203944,22400672,1610612750,28.0,6.0,7.0,0.0,16.0,10.0,10.0,8.0
203497,22400672,1610612750,4.0,1.0,5.0,2.0,5.0,2.0,0.0,0.0
1630162,22400672,1610612750,33.0,5.0,7.0,4.0,20.0,11.0,9.0,8.0
201144,22400672,1610612750,6.0,6.0,0.0,0.0,4.0,2.0,0.0,0.0
1630568,22400672,1610612750,3.0,0.0,0.0,0.0,2.0,1.0,0.0,0.0
1629638,22400672,1610612750,23.0,1.0,4.0,0.0,14.0,8.0,2.0,2.0
1642265,22400672,1610612750,8.0,3.0,2.0,0.0,4.0,3.0,2.0,2.0
1631169,22400672,1610612750,0.0,0.0,0.0,0.0,0.0,0.0,0.0,0.0
1641740,22400672,1610612750,2.0,1.0,3.0,0.0,3.0,1.0,0.0,0.0
1626220,22400672,1610612756,4.0,1.0,5.0,0.0,8.0,2.0,0.0,0.0
201142,22400672,1610612756,33.0,7.0,2.0,4.0,19.0,13.0,4.0,3.0
1630208,22400672,1610612756,7.0,1.0,5.0,0.0,7.0,3.0,2.0,1.0
1626164,22400672,1610612756,28.0,8.0,4.0,0.0,19.0,11.0,5.0,4.0
1626145,22400672,1610612756,5.0,3.0,3.0,0.0,7.0,2.0,0.0,0.0
203078,22400672,1610612756,17.0,6.0,3.0,0.0,10.0,6.0,5.0,4.0
1628960,22400672,1610612756,11.0,1.0,7.0,1.0,7.0,4.0,0.0,0.0
203486,22400672,1610612756,3.0,1.0,3.0,1.0,2.0,0.0,4.0,3.0
1642346,22400672,1610612756,5.0,2.0,4.0,0.0,6.0,2.0,0.0,0.0
1642345,22400672,1610612756,0.0,0.0,0.0,0.0,0.0,0.0,0.0,0.0
1631221,22400672,1610612756,0.0,0.0,0.0,0.0,0.0,0.0,0.0,0.0
1630592,22400663,1610612751,15.0,1.0,1.0,0.0,8.0,5.0,2.0,2.0
1630533,22400663,1610612751,13.0,3.0,3.0,0.0,10.0,5.0,0.0,0.0
1629651,22400663,1610612751,12.0,0.0,8.0,6.0,6.0,4.0,6.0,4.0
1630553,22400663,1610612751,18.0,4.0,5.0,1.0,18.0,7.0,4.0,4.0
1626156,22400663,1610612751,6.0,7.0,7.0,1.0,8.0,3.0,0.0,0.0
1627732,22400663,1610612751,10.0,6.0,2.0,0.0,6.0,4.0,3.0,2.0
1641787,22400663,1610612751,14.0,1.0,4.0,0.0,8.0,4.0,4.0,3.0
1630570,22400663,1610612751,9.0,2.0,4.0,0.0,9.0,4.0,0.0,0.0
1630549,22400663,1610612751,5.0,1.0,6.0,0.0,5.0,2.0,1.0,1.0
1641736,22400663,1610612751,2.0,2.0,0.0,0.0,2.0,1.0,0.0,0.0
1629006,22400663,1610612766,9.0,2.0,2.0,0.0,9.0,4.0,0.0,0.0
1628970,22400663,1610612766,23.0,1.0,13.0,2.0,21.0,8.0,7.0,6.0
201959,22400663,1610612766,0.0,2.0,10.0,3.0,4.0,0.0,2.0,0.0
1641733,22400663,1610612766,2.0,2.0,5.0,0.0,10.0,1.0,0.0,0.0
203995,22400663,1610612766,15.0,6.0,7.0,0.0,10.0,5.0,2.0,1.0
1631217,22400663,1610612766,13.0,1.0,8.0,0.0,6.0,5.0,6.0,3.0
203552,22400663,1610612766,6.0,1.0,1.0,0.0,6.0,2.0,0.0,0.0
1642354,22400663,1610612766,7.0,2.0,3.0,2.0,10.0,1.0,6.0,5.0
1629610,22400663,1610612766,0.0,1.0,1.0,0.0,1.0,0.0,0.0,0.0
1631209,22400663,1610612766,8.0,0.0,2.0,0.0,6.0,2.0,2.0,2.0
1629628,22400665,1610612761,11.0,3.0,3.0,0.0,10.0,5.0,2.0,0.0
1630567,22400665,1610612761,24.0,4.0,4.0,1.0,19.0,10.0,3.0,3.0
1627751,22400665,1610612761,12.0,6.0,8.0,0.0,11.0,6.0,0.0,0.0
1630534,22400665,1610612761,12.0,1.0,3.0,1.0,8.0,4.0,2.0,1.0
1630558,22400665,1610612761,10.0,9.0,4.0,0.0,4.0,4.0,0.0,0.0
1628971,22400665,1610612761,10.0,2.0,4.0,1.0,9.0,4.0,0.0,0.0
1642347,22400665,1610612761,10.0,4.0,2.0,0.0,5.0,3.0,3.0,3.0
1642266,22400665,1610612761,4.0,2.0,0.0,0.0,9.0,2.0,0.0,0.0
1631115,22400665,1610612761,10.0,0.0,6.0,0.0,8.0,3.0,5.0,4.0
1628449,22400665,1610612761,3.0,0.0,2.0,0.0,2.0,1.0,0.0,0.0
202066,22400665,1610612761,0.0,0.0,0.0,0.0,3.0,0.0,0.0,0.0
1642273,22400665,1610612764,10.0,3.0,1.0,0.0,10.0,4.0,0.0,0.0
1628398,22400665,1610612764,19.0,1.0,10.0,0.0,14.0,7.0,8.0,5.0
202685,22400665,1610612764,6.0,1.0,11.0,0.0,4.0,1.0,4.0,4.0
1641731,22400665,1610612764,8.0,1.0,2.0,0.0,6.0,1.0,6.0,5.0
1629673,22400665,1610612764,3.0,2.0,0.0,2.0,9.0,1.0,1.0,1.0
1630557,22400665,1610612764,8.0,0.0,1.0,1.0,11.0,4.0,0.0,0.0
1642267,22400665,1610612764,3.0,1.0,2.0,0.0,4.0,1.0,0.0,0.0
1626158,22400665,1610612764,8.0,3.0,5.0,0.0,3.0,3.0,2.0,2.0
1630551,22400665,1610612764,12.0,1.0,6.0,2.0,7.0,5.0,2.0,1.0
1631098,22400665,1610612764,0.0,1.0,1.0,0.0,2.0,0.0,2.0,0.0
1641774,22400665,1610612764,3.0,2.0,1.0,0.0,1.0,1.0,2.0,1.0
1630264,22400665,1610612764,2.0,0.0,0.0,0.0,0.0,0.0,2.0,2.0
1631116,22400665,1610612764,0.0,1.0,3.0,0.0,1.0,0.0,0.0,0.0
1629008,22400668,1610612743,9.0,2.0,3.0,1.0,8.0,3.0,2.0,2.0
203932,22400668,1610612743,15.0,1.0,6.0,0.0,7.0,6.0,2.0,2.0
203999,22400668,1610612743,17.0,6.0,6.0,1.0,15.0,6.0,2.0,2.0
201566,22400668,1610612743,14.0,4.0,14.0,1.0,11.0,5.0,6.0,4.0
1627750,22400668,1610612743,33.0,6.0,5.0,1.0,25.0,13.0,5.0,4.0
1631128,22400668,1610612743,13.0,1.0,5.0,0.0,8.0,4.0,4.0,4.0
1631124,22400668,1610612743,5.0,0.0,4.0,1.0,6.0,2.0,0.0,0.0
1631212,22400668,1610612743,4.0,0.0,1.0,0.0,2.0,1.0,2.0,2.0
201599,22400668,1610612743,2.0,1.0,3.0,0.0,2.0,1.0,0.0,0.0
1628384,22400668,1610612752,23.0,1.0,4.0,0.0,15.0,9.0,2.0,0.0
1628404,22400668,1610612752,15.0,5.0,5.0,0.0,12.0,7.0,2.0,1.0
1626157,22400668,1610612752,14.0,5.0,10.0,1.0,12.0,6.0,3.0,2.0
1628969,22400668,1610612752,13.0,2.0,3.0,0.0,16.0,5.0,0.0,0.0
1628973,22400668,1610612752,30.0,15.0,4.0,1.0,16.0,10.0,7.0,7.0
1630173,22400668,1610612752,8.0,0.0,3.0,0.0,8.0,4.0,0.0,0.0
1630540,22400668,1610612752,12.0,4.0,2.0,0.0,9.0,5.0,0.0,0.0
1626166,22400668,1610612752,7.0,0.0,3.0,0.0,5.0,2.0,2.0,2.0
1629013,22400668,1610612752,0.0,1.0,1.0,0.0,0.0,0.0,2.0,0.0
201942,22400669,1610612758,19.0,3.0,3.0,0.0,17.0,7.0,4.0,3.0
1631099,22400669,1610612758,17.0,0.0,8.0,1.0,15.0,8.0,2.0,1.0
1627734,22400669,1610612758,13.0,11.0,14.0,0.0,6.0,4.0,4.0,4.0
1628370,22400669,1610612758,21.0,8.0,5.0,0.0,18.0,8.0,3.0,2.0
1628368,22400669,1610612758,19.0,5.0,8.0,0.0,15.0,7.0,4.0,4.0
1628989,22400669,1610612758,5.0,1.0,0.0,0.0,5.0,2.0,0.0,0.0
1631165,22400669,1610612758,6.0,2.0,3.0,0.0,10.0,2.0,0.0,0.0
1626168,22400669,1610612758,4.0,2.0,5.0,0.0,3.0,2.0,0.0,0.0
203458,22400669,1610612758,0.0,1.0,0.0,0.0,0.0,0.0,0.0,0.0
1642269,22400669,1610612758,0.0,1.0,0.0,0.0,1.0,0.0,0.0,0.0
1642348,22400669,1610612755,9.0,3.0,1.0,0.0,8.0,4.0,0.0,0.0
1626162,22400669,1610612755,15.0,3.0,6.0,0.0,12.0,6.0,3.0,2.0
1627824,22400669,1610612755,9.0,3.0,6.0,0.0,9.0,4.0,0.0,0.0
201569,22400669,1610612755,14.0,2.0,1.0,0.0,8.0,5.0,2.0,1.0
1630178,22400669,1610612755,30.0,8.0,4.0,1.0,24.0,12.0,5.0,5.0
200768,22400669,1610612755,13.0,8.0,5.0,0.0,5.0,3.0,4.0,4.0
202704,22400669,1610612755,9.0,2.0,4.0,0.0,8.0,4.0,0.0,0.0
1641737,22400669,1610612755,5.0,1.0,7.0,0.0,2.0,2.0,2.0,1.0
1641741,22400669,1610612755,13.0,0.0,1.0,0.0,6.0,3.0,6.0,6.0
1631250,22400669,1610612755,0.0,0.0,0.0,0.0,0.0,0.0,0.0,0.0
1642281,22400667,1610612739,4.0,4.0,5.0,0.0,7.0,2.0,0.0,0.0
1630596,22400667,1610612739,22.0,2.0,15.0,1.0,15.0,10.0,3.0,2.0
1628386,22400667,1610612739,12.0,1.0,10.0,0.0,7.0,5.0,2.0,2.0
1629622,22400667,1610612739,8.0,6.0,3.0,0.0,11.0,3.0,0.0,0.0
1628378,22400667,1610612739,34.0,6.0,1.0,0.0,23.0,14.0,1.0,1.0
1627777,22400667,1610612739,15.0,1.0,4.0,0.0,9.0,6.0,0.0,0.0
1629660,22400667,1610612739,20.0,7.0,3.0,0.0,18.0,9.0,0.0,0.0
1641854,22400667,1610612739,9.0,2.0,4.0,1.0,7.0,4.0,0.0,0.0
202684,22400667,1610612739,2.0,0.0,2.0,0.0,2.0,1.0,0.0,0.0
1641734,22400667,1610612739,0.0,0.0,0.0,0.0,1.0,0.0,0.0,0.0
1629312,22400667,1610612748,12.0,0.0,3.0,2.0,7.0,5.0,0.0,0.0
1628389,22400667,1610612748,21.0,3.0,9.0,1.0,13.0,7.0,6.0,5.0
1642276,22400667,1610612748,5.0,3.0,4.0,0.0,6.0,2.0,0.0,0.0
1629130,22400667,1610612748,13.0,3.0,2.0,0.0,9.0,3.0,4.0,4.0
1629639,22400667,1610612748,22.0,6.0,5.0,1.0,20.0,9.0,1.0,0.0
1626179,22400667,1610612748,22.0,4.0,4.0,0.0,13.0,8.0,4.0,4.0
1631107,22400667,1610612748,11.0,5.0,3.0,0.0,11.0,5.0,0.0,0.0
1631170,22400667,1610612748,0.0,1.0,3.0,0.0,3.0,0.0,0.0,0.0
1641796,22400667,1610612748,0.0,2.0,2.0,0.0,0.0,0.0,0.0,0.0
1630528,22400667,1610612748,0.0,0.0,0.0,0.0,1.0,0.0,0.0,0.0
202691,22400670,1610612742,20.0,1.0,4.0,0.0,15.0,7.0,0.0,0.0
1629023,22400670,1610612742,25.0,8.0,14.0,1.0,20.0,10.0,1.0,1.0
1629655,22400670,1610612742,22.0,3.0,12.0,4.0,9.0,9.0,4.0,4.0
203915,22400670,1610612742,11.0,7.0,4.0,0.0,8.0,4.0,3.0,2.0
202681,22400670,1610612742,25.0,6.0,9.0,0.0,21.0,10.0,3.0,2.0
1641765,22400670,1610612742,4.0,1.0,3.0,0.0,2.0,1.0,4.0,2.0
1629656,22400670,1610612742,17.0,0.0,1.0,0.0,8.0,6.0,2.0,2.0
1630556,22400670,1610612742,2.0,2.0,3.0,1.0,2.0,1.0,0.0,0.0
1630230,22400670,1610612742,5.0,2.0,0.0,0.0,5.0,2.0,0.0,0.0
1630702,22400670,1610612742,6.0,0.0,1.0,0.0,6.0,2.0,0.0,0.0
1630530,22400670,1610612740,32.0,4.0,6.0,0.0,17.0,13.0,1.0,1.0
1629627,22400670,1610612740,29.0,7.0,6.0,0.0,18.0,11.0,9.0,7.0
1642274,22400670,1610612740,0.0,1.0,7.0,4.0,4.0,0.0,0.0,0.0
203468,22400670,1610612740,23.0,8.0,3.0,0.0,21.0,9.0,2.0,2.0
1627749,22400670,1610612740,27.0,6.0,5.0,0.0,17.0,9.0,6.0,6.0
1629750,22400670,1610612740,0.0,1.0,3.0,0.0,0.0,0.0,0.0,0.0
1630527,22400670,1610612740,12.0,0.0,1.0,0.0,11.0,5.0,2.0,1.0
1628464,22400670,1610612740,2.0,1.0,5.0,2.0,3.0,0.0,2.0,2.0
1630631,22400670,1610612740,11.0,3.0,0.0,0.0,5.0,4.0,0.0,0.0
1627884,22400671,1610612746,7.0,1.0,7.0,0.0,9.0,3.0,0.0,0.0
202695,22400671,1610612746,27.0,7.0,6.0,1.0,19.0,11.0,3.0,3.0
1627826,22400671,1610612746,21.0,3.0,22.0,0.0,16.0,8.0,5.0,5.0
1626181,22400671,1610612746,27.0,1.0,8.0,0.0,15.0,9.0,6.0,6.0
201935,22400671,1610612746,21.0,11.0,3.0,1.0,15.0,7.0,7.0,4.0
201587,22400671,1610612746,12.0,0.0,5.0,0.0,5.0,4.0,1.0,1.0
1629599,22400671,1610612746,0.0,0.0,1.0,1.0,2.0,0.0,0.0,0.0
1629645,22400671,1610612746,9.0,1.0,4.0,0.0,6.0,4.0,1.0,1.0
1629611,22400671,1610612746,2.0,1.0,1.0,0.0,3.0,1.0,0.0,0.0
1641757,22400671,1610612746,0.0,1.0,0.0,0.0,0.0,0.0,0.0,0.0
1641738,22400671,1610612746,2.0,0.0,0.0,0.0,1.0,1.0,0.0,0.0
1642264,22400671,1610612759,20.0,0.0,3.0,0.0,15.0,8.0,2.0,2.0
203084,22400671,1610612759,15.0,7.0,3.0,1.0,8.0,4.0,4.0,4.0
1641705,22400671,1610612759,23.0,4.0,12.0,3.0,16.0,8.0,5.0,4.0
1630170,22400671,1610612759,19.0,3.0,3.0,0.0,17.0,7.0,5.0,2.0
101108,22400671,1610612759,7.0,7.0,1.0,0.0,8.0,2.0,2.0,2.0
1629640,22400671,1610612759,9.0,1.0,2.0,0.0,9.0,4.0,1.0,0.0
1631110,22400671,1610612759,7.0,4.0,0.0,1.0,4.0,3.0,3.0,1.0
1630577,22400671,1610612759,5.0,1.0,2.0,0.0,5.0,2.0,0.0,0.0
1630200,22400671,1610612759,9.0,0.0,1.0,0.0,3.0,3.0,3.0,3.0
1630572,22400671,1610612759,2.0,0.0,3.0,0.0,2.0,1.0,0.0,0.0
1629652,22400673,1610612760,4.0,2.0,6.0,0.0,8.0,2.0,0.0,0.0
1631114,22400673,1610612760,26.0,2.0,7.0,1.0,26.0,12.0,2.0,0.0
1628392,22400673,1610612760,4.0,6.0,18.0,1.0,10.0,2.0,0.0,0.0
1641717,22400673,1610612760,2.0,2.0,3.0,1.0,5.0,1.0,0.0,0.0
1628983,22400673,1610612760,52.0,4.0,3.0,0.0,29.0,16.0,21.0,18.0
1631119,22400673,1610612760,2.0,2.0,6.0,0.0,4.0,0.0,2.0,2.0
1630598,22400673,1610612760,2.0,1.0,2.0,0.0,5.0,1.0,0.0,0.0
1630198,22400673,1610612760,17.0,1.0,2.0,0.0,11.0,6.0,0.0,0.0
1627936,22400673,1610612760,0.0,0.0,0.0,0.0,0.0,0.0,0.0,0.0
1629026,22400673,1610612760,0.0,0.0,1.0,0.0,1.0,0.0,0.0,0.0
1631172,22400673,1610612760,0.0,1.0,2.0,0.0,0.0,0.0,0.0,0.0
203952,22400673,1610612744,27.0,2.0,4.0,1.0,17.0,10.0,3.0,2.0
1627780,22400673,1610612744,15.0,3.0,9.0,0.0,7.0,5.0,5.0,5.0
1642366,22400673,1610612744,0.0,0.0,0.0,0.0,0.0,0.0,0.0,0.0
1627741,22400673,1610612744,5.0,4.0,5.0,0.0,6.0,2.0,0.0,0.0
201939,22400673,1610612744,21.0,4.0,1.0,0.0,15.0,6.0,4.0,4.0
1626172,22400673,1610612744,18.0,2.0,3.0,4.0,7.0,5.0,9.0,8.0
1630541,22400673,1610612744,5.0,0.0,2.0,0.0,8.0,2.0,2.0,1.0
1630611,22400673,1610612744,3.0,2.0,7.0,0.0,3.0,1.0,1.0,1.0
203471,22400673,1610612744,9.0,7.0,4.0,0.0,8.0,4.0,2.0,0.0
1641764,22400673,1610612744,11.0,3.0,4.0,0.0,6.0,4.0,2.0,2.0
203937,22400673,1610612744,2.0,3.0,3.0,2.0,4.0,1.0,0.0,0.0
203507,22400662,1610612749,39.0,5.0,12.0,0.0,24.0,17.0,10.0,5.0
1627752,22400662,1610612749,4.0,0.0,2.0,0.0,5.0,2.0,0.0,0.0
201572,22400662,1610612749,11.0,3.0,3.0,1.0,12.0,4.0,0.0,0.0
1641748,22400662,1610612749,9.0,5.0,7.0,0.0,3.0,3.0,2.0,2.0
203081,22400662,1610612749,20.0,6.0,3.0,0.0,17.0,7.0,4.0,4.0
203114,22400662,1610612749,0.0,1.0,1.0,0.0,2.0,0.0,0.0,0.0
1629018,22400662,1610612749,11.0,3.0,4.0,0.0,11.0,4.0,0.0,0.0
1631157,22400662,1610612749,9.0,0.0,1.0,0.0,5.0,4.0,0.0,0.0
1626192,22400662,1610612749,4.0,2.0,2.0,1.0,5.0,2.0,0.0,0.0
1630699,22400662,1610612749,3.0,1.0,1.0,0.0,1.0,1.0,0.0,0.0
1630649,22400662,1610612749,2.0,0.0,0.0,0.0,2.0,0.0,2.0,2.0
1641753,22400662,1610612749,0.0,0.0,0.0,0.0,0.0,0.0,0.0,0.0
203924,22400662,1610612757,8.0,1.0,0.0,0.0,4.0,2.0,4.0,3.0
1641739,22400662,1610612757,8.0,4.0,11.0,0.0,6.0,3.0,2.0,2.0
1629028,22400662,1610612757,21.0,2.0,14.0,1.0,19.0,9.0,4.0,3.0
1630166,22400662,1610612757,30.0,2.0,9.0,0.0,18.0,10.0,9.0,7.0
1629014,22400662,1610612757,25.0,7.0,3.0,0.0,17.0,9.0,3.0,3.0
1630703,22400662,1610612757,10.0,6.0,4.0,0.0,7.0,4.0,2.0,1.0
1631101,22400662,1610612757,17.0,3.0,5.0,0.0,14.0,6.0,2.0,2.0
1642270,22400662,1610612757,4.0,1.0,6.0,1.0,2.0,2.0,0.0,0.0
1631133,22400662,1610612757,0.0,0.0,0.0,0.0,1.0,0.0,0.0,0.0
1641871,22400662,1610612757,0.0,0.0,0.0,0.0,0.0,0.0,0.0,0.0
1631200,22400662,1610612757,0.0,0.0,0.0,0.0,0.0,0.0,0.0,0.0
1641712,22400662,1610612757,0.0,0.0,0.0,0.0,0.0,0.0,0.0,0.0
1631121,22400662,1610612757,2.0,0.0,0.0,0.0,0.0,0.0,2.0,2.0
1641729,22400661,1610612762,8.0,1.0,2.0,0.0,8.0,3.0,2.0,2.0
1630695,22400661,1610612762,13.0,2.0,7.0,2.0,6.0,5.0,0.0,0.0
1629234,22400661,1610612762,13.0,2.0,4.0,4.0,8.0,6.0,3.0,1.0
1629012,22400661,1610612762,30.0,4.0,2.0,0.0,19.0,12.0,2.0,2.0
1642268,22400661,1610612762,12.0,9.0,6.0,0.0,9.0,5.0,2.0,2.0
1642271,22400661,1610612762,10.0,4.0,3.0,0.0,5.0,4.0,4.0,2.0
201988,22400661,1610612762,0.0,0.0,2.0,0.0,2.0,0.0,0.0,0.0
1641718,22400661,1610612762,12.0,6.0,6.0,0.0,8.0,2.0,11.0,8.0
1629004,22400661,1610612762,5.0,1.0,4.0,0.0,9.0,2.0,0.0,0.0
1641989,22400661,1610612762,0.0,1.0,3.0,0.0,2.0,0.0,0.0,0.0
203952,22400661,1610612744,19.0,3.0,2.0,2.0,17.0,5.0,9.0,6.0
1630541,22400661,1610612744,15.0,3.0,4.0,0.0,9.0,4.0,5.0,4.0
1631218,22400661,1610612744,4.0,1.0,1.0,0.0,3.0,2.0,0.0,0.0
1627741,22400661,1610612744,2.0,4.0,3.0,0.0,7.0,1.0,0.0,0.0
203471,22400661,1610612744,23.0,4.0,5.0,0.0,20.0,8.0,2.0,2.0
1626172,22400661,1610612744,6.0,2.0,11.0,2.0,5.0,3.0,1.0,0.0
1627780,22400661,1610612744,2.0,2.0,0.0,0.0,2.0,0.0,2.0,2.0
1641764,22400661,1610612744,20.0,6.0,7.0,0.0,12.0,5.0,6.0,6.0
1630611,22400661,1610612744,7.0,2.0,7.0,0.0,3.0,2.0,4.0,3.0
1642366,22400661,1610612744,10.0,2.0,5.0,0.0,10.0,3.0,2.0,2.0
203937,22400661,1610612744,6.0,0.0,2.0,0.0,4.0,3.0,0.0,0.0
1628415,22400532,1610612745,11.0,1.0,2.0,0.0,12.0,4.0,0.0,0.0
1641708,22400532,1610612745,11.0,3.0,5.0,1.0,5.0,2.0,7.0,7.0
1630578,22400532,1610612745,18.0,2.0,10.0,0.0,12.0,7.0,4.0,4.0
1630224,22400532,1610612745,25.0,0.0,7.0,1.0,24.0,11.0,2.0,2.0
1627832,22400532,1610612745,5.0,6.0,4.0,0.0,9.0,2.0,0.0,0.0
1641715,22400532,1610612745,2.0,1.0,6.0,0.0,4.0,1.0,0.0,0.0
1628988,22400532,1610612745,8.0,4.0,1.0,1.0,4.0,2.0,2.0,2.0
1629111,22400532,1610612745,4.0,2.0,6.0,1.0,3.0,2.0,0.0,0.0
1630256,22400532,1610612745,16.0,0.0,3.0,0.0,6.0,6.0,5.0,4.0
1630249,22400532,1610612737,13.0,2.0,5.0,1.0,14.0,5.0,2.0,1.0
1631243,22400532,1610612737,11.0,0.0,7.0,1.0,11.0,5.0,0.0,0.0
1630168,22400532,1610612737,7.0,1.0,6.0,1.0,4.0,3.0,0.0,0.0
1630700,22400532,1610612737,12.0,6.0,10.0,1.0,12.0,4.0,3.0,3.0
1629027,22400532,1610612737,21.0,9.0,3.0,0.0,16.0,7.0,5.0,5.0
1629631,22400532,1610612737,16.0,0.0,5.0,0.0,15.0,6.0,4.0,3.0
1626204,22400532,1610612737,6.0,1.0,2.0,1.0,7.0,2.0,2.0,1.0
1630811,22400532,1610612737,7.0,0.0,1.0,0.0,4.0,3.0,0.0,0.0
1629726,22400532,1610612737,3.0,0.0,1.0,0.0,6.0,1.0,0.0,0.0
1629060,22400660,1610612747,13.0,1.0,2.0,0.0,9.0,6.0,0.0,0.0
2544,22400660,1610612747,31.0,9.0,8.0,0.0,16.0,10.0,11.0,10.0
203076,22400660,1610612747,4.0,0.0,2.0,0.0,3.0,2.0,0.0,0.0
1631108,22400660,1610612747,3.0,2.0,4.0,0.0,6.0,1.0,0.0,0.0
1630559,22400660,1610612747,13.0,8.0,6.0,0.0,10.0,6.0,0.0,0.0
1627827,22400660,1610612747,3.0,0.0,3.0,0.0,6.0,1.0,0.0,0.0
1629637,22400660,1610612747,4.0,0.0,3.0,2.0,1.0,1.0,2.0,2.0
1642355,22400660,1610612747,0.0,1.0,3.0,1.0,5.0,0.0,0.0,0.0
1642261,22400660,1610612747,24.0,0.0,5.0,0.0,13.0,8.0,3.0,3.0
1631132,22400660,1610612747,4.0,4.0,2.0,0.0,1.0,1.0,2.0,2.0
1629629,22400660,1610612747,5.0,0.0,1.0,0.0,1.0,1.0,5.0,3.0
1629003,22400660,1610612747,0.0,0.0,0.0,0.0,1.0,0.0,0.0,0.0
1642348,22400660,1610612755,7.0,3.0,4.0,0.0,7.0,3.0,0.0,0.0
1626162,22400660,1610612755,20.0,5.0,8.0,0.0,18.0,8.0,4.0,4.0
1627824,22400660,1610612755,14.0,3.0,5.0,0.0,9.0,6.0,2.0,2.0
201569,22400660,1610612755,14.0,2.0,3.0,1.0,8.0,4.0,3.0,3.0
1630178,22400660,1610612755,43.0,2.0,3.0,0.0,26.0,15.0,9.0,9.0
200768,22400660,1610612755,0.0,1.0,4.0,0.0,2.0,0.0,0.0,0.0
202704,22400660,1610612755,0.0,1.0,2.0,0.0,4.0,0.0,0.0,0.0
1641737,22400660,1610612755,4.0,1.0,6.0,3.0,5.0,1.0,5.0,2.0
1641741,22400660,1610612755,16.0,2.0,7.0,0.0,10.0,6.0,2.0,1.0
1631250,22400660,1610612755,0.0,0.0,1.0,0.0,0.0,0.0,0.0,0.0
1630288,22400660,1610612755,0.0,0.0,0.0,0.0,2.0,0.0,0.0,0.0
1628991,22400653,1610612763,21,0,4,2,14,8,2,2
1642377,22400653,1610612763,5,2,3,0,6,1,2,2
1641744,22400653,1610612763,9,0,11,3,8,4,1,1
1630217,22400653,1610612763,16,4,3,1,14,6,2,2
1629630,22400653,1610612763,10,2,5,0,13,5,0,0
1630583,22400653,1610612763,10,1,4,2,9,5,0,0
1628379,22400653,1610612763,7,7,2,0,3,3,0,0
1629634,22400653,1610612763,10,1,4,1,6,4,2,2
1641713,22400653,1610612763,8,1,1,0,8,2,4,3
1631222,22400653,1610612763,2,0,4,0,2,1,0,0
1630590,22400653,1610612763,5,2,5,0,6,1,4,3
1629723,22400653,1610612763,0,0,0,0,0,0,0,0
1630643,22400653,1610612763,3,1,1,0,2,1,0,0
1628384,22400653,1610612752,15,4,5,1,12,5,4,3
1628404,22400653,1610612752,4,5,10,0,6,2,0,0
1626157,22400653,1610612752,24,1,11,0,17,9,4,4
1628969,22400653,1610612752,28,6,5,2,19,12,2,2
1628973,22400653,1610612752,20,6,1,0,14,8,2,0
1630173,22400653,1610612752,14,1,3,2,9,6,2,1
1630540,22400653,1610612752,14,4,4,1,13,6,0,0
1629013,22400653,1610612752,6,0,0,1,4,2,0,0
1626166,22400653,1610612752,11,1,3,0,10,4,2,2
1631210,22400653,1610612752,0,0,1,0,0,0,0,0
1630579,22400653,1610612752,2,0,2,0,1,1,0,0
1642278,22400653,1610612752,3,3,0,0,2,1,0,0
1630346,22400653,1610612752,0,1,1,0,1,0,0,0
1630574,22400653,1610612752,2,0,0,0,0,0,2,2
1642273,22400657,1610612764,3,1,2,0,6,1,0,0
1628398,22400657,1610612764,7,1,6,1,11,3,1,1
1642259,22400657,1610612764,4,1,2,0,6,2,0,0
1641731,22400657,1610612764,16,5,4,2,15,6,3,2
1629673,22400657,1610612764,15,6,6,0,15,6,0,0
1630557,22400657,1610612764,15,0,2,0,10,4,5,5
1642267,22400657,1610612764,7,1,1,0,6,2,2,2
202685,22400657,1610612764,9,2,5,0,7,4,1,1
1631116,22400657,1610612764,3,0,2,0,3,1,0,0
1626158,22400657,1610612764,9,0,5,0,5,4,2,1
1630551,22400657,1610612764,6,4,6,0,6,3,0,0
1641774,22400657,1610612764,10,1,2,0,8,4,1,1
1631098,22400657,1610612764,2,1,2,0,2,1,0,0
1630264,22400657,1610612764,2,0,0,0,1,1,2,0
202691,22400657,1610612742,23,4,3,1,15,8,0,0
1629023,22400657,1610612742,19,3,9,1,14,9,1,0
1629655,22400657,1610612742,18,3,8,5,13,8,2,2
203915,22400657,1610612742,8,9,3,0,3,2,2,2
202681,22400657,1610612742,13,5,5,0,9,4,4,3
1641765,22400657,1610612742,20,1,5,0,11,7,6,4
1630556,22400657,1610612742,5,2,7,0,3,2,0,0
1629656,22400657,1610612742,9,6,4,0,8,3,0,0
1630702,22400657,1610612742,12,0,1,0,8,5,0,0
202693,22400657,1610612742,2,0,1,0,6,1,0,0
1630283,22400657,1610612742,1,0,4,0,0,0,2,1
1630314,22400657,1610612742,0,6,1,0,2,0,0,0
1630532,22400652,1610612753,29.0,3.0,8.0,0.0,25.0,10.0,10.0,7.0
1631094,22400652,1610612753,17.0,6.0,5.0,0.0,21.0,7.0,3.0,1.0
1628976,22400652,1610612753,14.0,5.0,7.0,0.0,7.0,5.0,3.0,3.0
1641710,22400652,1610612753,14.0,3.0,1.0,1.0,11.0,6.0,1.0,0.0
203484,22400652,1610612753,6.0,1.0,1.0,0.0,6.0,2.0,0.0,0.0
1641783,22400652,1610612753,17.0,5.0,6.0,1.0,13.0,6.0,0.0,0.0
1629048,22400652,1610612753,10.0,2.0,9.0,1.0,4.0,4.0,4.0,2.0
1628371,22400652,1610612753,12.0,0.0,8.0,0.0,9.0,5.0,4.0,2.0
1630175,22400652,1610612753,0.0,7.0,2.0,1.0,2.0,0.0,0.0,0.0
1629312,22400652,1610612748,4.0,4.0,3.0,0.0,3.0,2.0,0.0,0.0
1628389,22400652,1610612748,26.0,9.0,10.0,0.0,15.0,10.0,8.0,6.0
1642276,22400652,1610612748,19.0,0.0,10.0,1.0,8.0,7.0,2.0,1.0
1629130,22400652,1610612748,15.0,4.0,3.0,0.0,13.0,6.0,0.0,0.0
1629639,22400652,1610612748,30.0,12.0,8.0,1.0,28.0,12.0,3.0,2.0
1631107,22400652,1610612748,15.0,2.0,7.0,0.0,12.0,5.0,2.0,2.0
1626179,22400652,1610612748,11.0,3.0,2.0,0.0,9.0,4.0,6.0,3.0
1641796,22400652,1610612748,5.0,0.0,0.0,0.0,4.0,2.0,0.0,0.0
201567,22400652,1610612748,0.0,0.0,0.0,0.0,0.0,0.0,0.0,0.0
202695,22400659,1610612746,17.0,2.0,5.0,1.0,14.0,7.0,2.0,2.0
1627884,22400659,1610612746,12.0,1.0,5.0,1.0,7.0,4.0,4.0,3.0
1627826,22400659,1610612746,25.0,4.0,16.0,1.0,17.0,12.0,1.0,1.0
1626181,22400659,1610612746,23.0,2.0,5.0,0.0,14.0,8.0,5.0,4.0
201935,22400659,1610612746,24.0,10.0,6.0,1.0,17.0,7.0,6.0,5.0
1629599,22400659,1610612746,6.0,1.0,2.0,0.0,5.0,2.0,2.0,2.0
1628964,22400659,1610612746,0.0,1.0,0.0,1.0,2.0,0.0,0.0,0.0
201587,22400659,1610612746,0.0,0.0,0.0,0.0,1.0,0.0,0.0,0.0
1629645,22400659,1610612746,0.0,1.0,3.0,0.0,3.0,0.0,0.0,0.0
1629611,22400659,1610612746,2.0,0.0,0.0,0.0,3.0,1.0,0.0,0.0
1626220,22400659,1610612756,11.0,0.0,2.0,0.0,9.0,4.0,0.0,0.0
201142,22400659,1610612756,24.0,5.0,4.0,0.0,19.0,9.0,2.0,2.0
1630208,22400659,1610612756,6.0,0.0,7.0,1.0,7.0,3.0,0.0,0.0
1626164,22400659,1610612756,26.0,8.0,7.0,0.0,21.0,9.0,3.0,3.0
1626145,22400659,1610612756,17.0,4.0,5.0,0.0,10.0,6.0,0.0,0.0
203078,22400659,1610612756,9.0,4.0,2.0,0.0,8.0,3.0,2.0,2.0
1628960,22400659,1610612756,18.0,0.0,6.0,1.0,10.0,6.0,4.0,2.0
203486,22400659,1610612756,0.0,2.0,6.0,3.0,1.0,0.0,0.0,0.0
1631128,22400655,1610612743,28.0,4.0,5.0,1.0,15.0,11.0,4.0,4.0
1629008,22400655,1610612743,18.0,0.0,7.0,0.0,15.0,7.0,2.0,2.0
203999,22400655,1610612743,33.0,14.0,12.0,1.0,21.0,15.0,2.0,2.0
201566,22400655,1610612743,14.0,5.0,3.0,0.0,10.0,6.0,2.0,2.0
1627750,22400655,1610612743,18.0,6.0,6.0,2.0,20.0,8.0,1.0,1.0
203932,22400655,1610612743,6.0,4.0,2.0,0.0,9.0,3.0,0.0,0.0
1631212,22400655,1610612743,4.0,3.0,5.0,1.0,6.0,2.0,0.0,0.0
1631124,22400655,1610612743,0.0,0.0,2.0,0.0,4.0,0.0,0.0,0.0
203897,22400655,1610612741,21.0,6.0,3.0,0.0,13.0,6.0,4.0,4.0
1630245,22400655,1610612741,17.0,2.0,2.0,1.0,13.0,6.0,2.0,1.0
202696,22400655,1610612741,20.0,6.0,10.0,0.0,23.0,9.0,0.0,0.0
1628366,22400655,1610612741,18.0,0.0,4.0,1.0,10.0,6.0,2.0,2.0
1630581,22400655,1610612741,12.0,10.0,4.0,1.0,8.0,5.0,0.0,0.0
1641824,22400655,1610612741,9.0,2.0,4.0,0.0,5.0,4.0,0.0,0.0
1630172,22400655,1610612741,11.0,3.0,8.0,0.0,12.0,5.0,0.0,0.0
1629659,22400655,1610612741,0.0,1.0,1.0,0.0,1.0,0.0,0.0,0.0
1630188,22400655,1610612741,5.0,1.0,7.0,2.0,6.0,2.0,0.0,0.0
1631207,22400655,1610612741,13.0,2.0,4.0,0.0,6.0,5.0,0.0,0.0
1641763,22400655,1610612741,3.0,2.0,0.0,0.0,1.0,1.0,0.0,0.0
1630530,22400654,1610612740,14.0,3.0,7.0,2.0,14.0,6.0,0.0,0.0
1629627,22400654,1610612740,31.0,2.0,7.0,3.0,18.0,13.0,8.0,5.0
1642274,22400654,1610612740,0.0,0.0,5.0,3.0,0.0,0.0,0.0,0.0
203468,22400654,1610612740,22.0,2.0,7.0,0.0,21.0,9.0,4.0,2.0
1627749,22400654,1610612740,21.0,8.0,7.0,1.0,17.0,5.0,14.0,11.0
1629750,22400654,1610612740,9.0,0.0,7.0,1.0,7.0,3.0,4.0,2.0
1628464,22400654,1610612740,0.0,2.0,2.0,0.0,3.0,0.0,0.0,0.0
1641722,22400654,1610612740,7.0,1.0,1.0,0.0,7.0,3.0,0.0,0.0
1630631,22400654,1610612740,0.0,3.0,3.0,1.0,2.0,0.0,0.0,0.0
1629628,22400654,1610612761,17.0,6.0,6.0,0.0,19.0,8.0,3.0,0.0
1630567,22400654,1610612761,21.0,8.0,11.0,1.0,21.0,6.0,9.0,8.0
1627751,22400654,1610612761,21.0,5.0,14.0,3.0,14.0,10.0,2.0,1.0
1641711,22400654,1610612761,10.0,0.0,6.0,0.0,8.0,3.0,3.0,3.0
1630558,22400654,1610612761,7.0,4.0,0.0,0.0,8.0,3.0,0.0,0.0
1630534,22400654,1610612761,2.0,0.0,1.0,0.0,2.0,1.0,0.0,0.0
1642347,22400654,1610612761,5.0,5.0,2.0,1.0,9.0,2.0,0.0,0.0
1628971,22400654,1610612761,12.0,2.0,9.0,0.0,8.0,4.0,4.0,4.0
1631115,22400654,1610612761,4.0,1.0,1.0,0.0,1.0,1.0,2.0,2.0
1628449,22400654,1610612761,14.0,0.0,4.0,0.0,10.0,5.0,0.0,0.0
1642258,22400656,1610612737,11.0,3.0,7.0,0.0,13.0,4.0,2.0,1.0
1631223,22400656,1610612737,2.0,0.0,5.0,1.0,3.0,1.0,0.0,0.0
1630168,22400656,1610612737,7.0,1.0,7.0,0.0,9.0,2.0,4.0,2.0
1630249,22400656,1610612737,4.0,6.0,5.0,0.0,6.0,2.0,0.0,0.0
1630811,22400656,1610612737,13.0,7.0,3.0,0.0,12.0,4.0,2.0,2.0
1629631,22400656,1610612737,35.0,1.0,2.0,0.0,21.0,12.0,8.0,7.0
1629726,22400656,1610612737,6.0,1.0,1.0,1.0,4.0,2.0,0.0,0.0
1631243,22400656,1610612737,4.0,1.0,4.0,0.0,9.0,2.0,0.0,0.0
203991,22400656,1610612737,10.0,3.0,15.0,1.0,7.0,5.0,2.0,0.0
1631230,22400656,1610612737,0.0,1.0,2.0,0.0,2.0,0.0,0.0,0.0
1630183,22400656,1610612750,10.0,2.0,8.0,1.0,7.0,3.0,2.0,2.0
203944,22400656,1610612750,20.0,2.0,8.0,0.0,17.0,7.0,3.0,3.0
203497,22400656,1610612750,18.0,1.0,10.0,2.0,9.0,7.0,7.0,4.0
1630162,22400656,1610612750,23.0,4.0,5.0,1.0,20.0,6.0,13.0,9.0
201144,22400656,1610612750,4.0,4.0,4.0,0.0,9.0,1.0,2.0,2.0
1629675,22400656,1610612750,15.0,2.0,3.0,0.0,9.0,6.0,0.0,0.0
1629638,22400656,1610612750,5.0,2.0,9.0,0.0,7.0,2.0,0.0,0.0
1642265,22400656,1610612750,5.0,1.0,2.0,0.0,5.0,2.0,2.0,0.0
1631169,22400656,1610612750,0.0,0.0,2.0,0.0,3.0,0.0,0.0,0.0
201942,22400651,1610612758,17.0,1.0,2.0,0.0,11.0,7.0,3.0,3.0
1631099,22400651,1610612758,9.0,1.0,3.0,0.0,7.0,4.0,0.0,0.0
1627734,22400651,1610612758,21.0,10.0,22.0,0.0,10.0,8.0,8.0,4.0
1628370,22400651,1610612758,16.0,9.0,6.0,1.0,15.0,8.0,0.0,0.0
1628368,22400651,1610612758,30.0,7.0,1.0,0.0,19.0,11.0,4.0,4.0
203926,22400651,1610612758,0.0,0.0,1.0,0.0,4.0,0.0,0.0,0.0
1631165,22400651,1610612758,11.0,2.0,1.0,2.0,9.0,4.0,0.0,0.0
1626168,22400651,1610612758,4.0,0.0,5.0,1.0,3.0,2.0,2.0,0.0
203458,22400651,1610612758,0.0,0.0,1.0,0.0,0.0,0.0,0.0,0.0
1642269,22400651,1610612758,2.0,1.0,2.0,0.0,4.0,1.0,0.0,0.0
1630592,22400651,1610612751,15.0,4.0,2.0,0.0,16.0,4.0,7.0,7.0
1641730,22400651,1610612751,6.0,0.0,1.0,0.0,7.0,2.0,0.0,0.0
1629651,22400651,1610612751,6.0,3.0,7.0,1.0,6.0,3.0,0.0,0.0
1630553,22400651,1610612751,10.0,3.0,2.0,0.0,10.0,4.0,2.0,0.0
1626156,22400651,1610612751,19.0,3.0,4.0,1.0,11.0,4.0,10.0,9.0
1630533,22400651,1610612751,5.0,0.0,2.0,0.0,7.0,1.0,3.0,2.0
1631213,22400651,1610612751,8.0,1.0,2.0,0.0,7.0,3.0,0.0,0.0
1630549,22400651,1610612751,12.0,1.0,10.0,1.0,7.0,4.0,4.0,4.0
1641787,22400651,1610612751,15.0,2.0,8.0,0.0,10.0,5.0,4.0,4.0
1641736,22400651,1610612751,0.0,2.0,1.0,0.0,1.0,0.0,0.0,0.0
1628415,22400650,1610612745,36.0,0.0,3.0,0.0,23.0,13.0,1.0,0.0
1641708,22400650,1610612745,33.0,4.0,9.0,1.0,19.0,13.0,8.0,6.0
1630578,22400650,1610612745,11.0,9.0,9.0,0.0,10.0,4.0,4.0,3.0
1630224,22400650,1610612745,12.0,6.0,3.0,0.0,13.0,3.0,7.0,5.0
1627832,22400650,1610612745,7.0,7.0,5.0,0.0,9.0,2.0,1.0,1.0
1628988,22400650,1610612745,5.0,1.0,0.0,0.0,4.0,2.0,0.0,0.0
1631106,22400650,1610612745,6.0,2.0,6.0,0.0,10.0,2.0,0.0,0.0
203500,22400650,1610612745,4.0,0.0,4.0,0.0,3.0,2.0,0.0,0.0
1630256,22400650,1610612745,0.0,0.0,0.0,0.0,1.0,0.0,0.0,0.0
1628369,22400650,1610612738,19.0,7.0,6.0,0.0,14.0,5.0,8.0,8.0
204001,22400650,1610612738,17.0,2.0,8.0,1.0,8.0,6.0,2.0,2.0
1628436,22400650,1610612738,18.0,1.0,7.0,1.0,9.0,8.0,2.0,2.0
1627759,22400650,1610612738,28.0,4.0,4.0,1.0,23.0,10.0,6.0,5.0
201950,22400650,1610612738,8.0,3.0,5.0,1.0,9.0,3.0,0.0,0.0
1630202,22400650,1610612738,15.0,3.0,4.0,0.0,7.0,5.0,0.0,0.0
1630214,22400650,1610612738,0.0,0.0,0.0,0.0,3.0,0.0,0.0,0.0
1629674,22400650,1610612738,4.0,1.0,5.0,0.0,2.0,1.0,2.0,2.0
1641775,22400650,1610612738,0.0,0.0,0.0,0.0,1.0,0.0,0.0,0.0
1630531,22400650,1610612738,3.0,0.0,1.0,0.0,3.0,1.0,0.0,0.0
1641809,22400650,1610612738,0.0,0.0,1.0,0.0,1.0,0.0,0.0,0.0
1627752,22400658,1610612749,6.0,8.0,4.0,0.0,6.0,2.0,0.0,0.0
203507,22400658,1610612749,35.0,7.0,18.0,0.0,23.0,16.0,10.0,3.0
201572,22400658,1610612749,10.0,1.0,6.0,3.0,8.0,4.0,1.0,1.0
1641748,22400658,1610612749,6.0,2.0,5.0,0.0,3.0,3.0,0.0,0.0
203081,22400658,1610612749,35.0,8.0,5.0,1.0,22.0,14.0,4.0,3.0
203114,22400658,1610612749,22.0,3.0,3.0,0.0,13.0,10.0,0.0,0.0
1629018,22400658,1610612749,8.0,2.0,2.0,1.0,9.0,2.0,2.0,2.0
1631157,22400658,1610612749,0.0,1.0,0.0,0.0,0.0,0.0,0.0,0.0
1626192,22400658,1610612749,3.0,1.0,3.0,0.0,2.0,1.0,0.0,0.0
1628374,22400658,1610612762,19.0,1.0,9.0,0.0,18.0,8.0,2.0,1.0
1630695,22400658,1610612762,3.0,0.0,4.0,1.0,7.0,1.0,0.0,0.0
1629234,22400658,1610612762,4.0,1.0,10.0,0.0,9.0,2.0,0.0,0.0
1629012,22400658,1610612762,19.0,4.0,5.0,0.0,13.0,6.0,5.0,4.0
1642268,22400658,1610612762,12.0,8.0,2.0,0.0,9.0,6.0,0.0,0.0
1642271,22400658,1610612762,6.0,3.0,8.0,0.0,7.0,2.0,2.0,2.0
1641729,22400658,1610612762,17.0,1.0,0.0,0.0,9.0,6.0,0.0,0.0
1641718,22400658,1610612762,15.0,5.0,4.0,0.0,13.0,5.0,2.0,2.0
203903,22400658,1610612762,13.0,5.0,3.0,0.0,12.0,4.0,2.0,1.0
1641989,22400658,1610612762,2.0,0.0,1.0,0.0,3.0,1.0,0.0,0.0
1641709,22400649,1610612765,0.0,2.0,6.0,1.0,6.0,0.0,0.0,0.0
202699,22400649,1610612765,2.0,1.0,2.0,0.0,9.0,1.0,0.0,0.0
1631105,22400649,1610612765,12.0,1.0,16.0,3.0,11.0,6.0,2.0,0.0
203501,22400649,1610612765,8.0,2.0,3.0,0.0,8.0,3.0,0.0,0.0
1630595,22400649,1610612765,22.0,7.0,3.0,0.0,26.0,9.0,4.0,4.0
1627736,22400649,1610612765,19.0,2.0,4.0,0.0,11.0,6.0,3.0,2.0
1631323,22400649,1610612765,4.0,1.0,3.0,0.0,6.0,2.0,0.0,0.0
1630191,22400649,1610612765,6.0,1.0,4.0,0.0,3.0,3.0,1.0,0.0
1631204,22400649,1610612765,11.0,5.0,0.0,0.0,8.0,4.0,1.0,1.0
1641842,22400649,1610612765,4.0,1.0,4.0,0.0,6.0,2.0,0.0,0.0
1631111,22400649,1610612765,3.0,0.0,0.0,0.0,2.0,1.0,0.0,0.0
1630194,22400649,1610612765,0.0,1.0,0.0,0.0,0.0,0.0,0.0,0.0
1629622,22400649,1610612739,10.0,2.0,8.0,1.0,9.0,4.0,0.0,0.0
1630596,22400649,1610612739,11.0,3.0,14.0,2.0,9.0,4.0,5.0,3.0
1628386,22400649,1610612739,15.0,4.0,11.0,1.0,10.0,6.0,6.0,3.0
1628378,22400649,1610612739,21.0,6.0,2.0,0.0,12.0,6.0,7.0,7.0
1629636,22400649,1610612739,22.0,7.0,5.0,0.0,19.0,8.0,3.0,3.0
1629660,22400649,1610612739,15.0,3.0,2.0,0.0,11.0,7.0,0.0,0.0
1627777,22400649,1610612739,3.0,0.0,3.0,0.0,9.0,1.0,0.0,0.0
1630241,22400649,1610612739,8.0,0.0,4.0,0.0,6.0,3.0,0.0,0.0
1642281,22400649,1610612739,5.0,2.0,2.0,0.0,4.0,1.0,2.0,2.0
1641854,22400649,1610612739,0.0,0.0,1.0,0.0,0.0,0.0,0.0,0.0
1641734,22400649,1610612739,0.0,1.0,0.0,0.0,1.0,0.0,0.0,0.0
202684,22400649,1610612739,0.0,0.0,1.0,0.0,1.0,0.0,0.0,0.0
1627827,22400648,1610612747,6.0,0.0,5.0,0.0,4.0,3.0,0.0,0.0
2544,22400648,1610612747,22.0,8.0,7.0,0.0,17.0,9.0,5.0,3.0
203076,22400648,1610612747,42.0,2.0,23.0,2.0,28.0,17.0,10.0,8.0
1631108,22400648,1610612747,10.0,3.0,2.0,1.0,8.0,3.0,1.0,1.0
1630559,22400648,1610612747,17.0,6.0,5.0,0.0,14.0,5.0,7.0,5.0
1642261,22400648,1610612747,2.0,0.0,2.0,0.0,3.0,1.0,0.0,0.0
1629003,22400648,1610612747,0.0,1.0,2.0,0.0,2.0,0.0,0.0,0.0
1629637,22400648,1610612747,9.0,1.0,0.0,2.0,5.0,4.0,1.0,1.0
1629020,22400648,1610612747,4.0,1.0,2.0,0.0,5.0,2.0,0.0,0.0
1630182,22400648,1610612766,15.0,1.0,1.0,0.0,6.0,4.0,3.0,3.0
1628970,22400648,1610612766,26.0,4.0,8.0,1.0,23.0,10.0,4.0,4.0
1631109,22400648,1610612766,11.0,5.0,8.0,1.0,13.0,5.0,2.0,1.0
1641733,22400648,1610612766,4.0,6.0,1.0,1.0,8.0,2.0,0.0,0.0
1630163,22400648,1610612766,7.0,1.0,0.0,0.0,5.0,2.0,2.0,1.0
203995,22400648,1610612766,11.0,4.0,2.0,0.0,11.0,5.0,0.0,0.0
203552,22400648,1610612766,0.0,0.0,1.0,0.0,1.0,0.0,0.0,0.0
1629006,22400648,1610612766,19.0,2.0,2.0,0.0,11.0,6.0,5.0,4.0
1631217,22400648,1610612766,4.0,0.0,4.0,0.0,4.0,2.0,0.0,0.0
1629610,22400648,1610612766,5.0,2.0,5.0,0.0,2.0,1.0,2.0,2.0
201959,22400648,1610612766,0.0,0.0,2.0,0.0,0.0,0.0,0.0,0.0
1631209,22400648,1610612766,5.0,1.0,0.0,0.0,3.0,2.0,0.0,0.0
1631114,22400647,1610612760,24.0,8.0,4.0,2.0,19.0,7.0,8.0,8.0
1630598,22400647,1610612760,4.0,0.0,1.0,0.0,6.0,2.0,0.0,0.0
1628392,22400647,1610612760,14.0,6.0,12.0,1.0,6.0,5.0,9.0,4.0
1641717,22400647,1610612760,5.0,3.0,2.0,0.0,6.0,2.0,0.0,0.0
1628983,22400647,1610612760,35.0,1.0,5.0,0.0,25.0,12.0,9.0,9.0
1629026,22400647,1610612760,6.0,0.0,3.0,0.0,3.0,3.0,0.0,0.0
1631119,22400647,1610612760,6.0,2.0,7.0,0.0,5.0,2.0,1.0,1.0
1627936,22400647,1610612760,3.0,2.0,4.0,0.0,6.0,1.0,0.0,0.0
1630198,22400647,1610612760,16.0,1.0,4.0,0.0,11.0,6.0,1.0,1.0
1631172,22400647,1610612760,5.0,1.0,1.0,0.0,2.0,2.0,1.0,1.0
203924,22400647,1610612757,2.0,3.0,2.0,0.0,5.0,1.0,0.0,0.0
1641739,22400647,1610612757,24.0,4.0,9.0,0.0,11.0,8.0,4.0,3.0
1642270,22400647,1610612757,0.0,1.0,6.0,2.0,4.0,0.0,0.0,0.0
1630166,22400647,1610612757,28.0,8.0,8.0,1.0,16.0,9.0,6.0,6.0
1629014,22400647,1610612757,14.0,3.0,2.0,0.0,10.0,3.0,6.0,6.0
1630703,22400647,1610612757,25.0,1.0,5.0,1.0,17.0,7.0,6.0,6.0
1629057,22400647,1610612757,1.0,0.0,10.0,1.0,4.0,0.0,2.0,1.0
1631101,22400647,1610612757,10.0,0.0,2.0,1.0,10.0,3.0,4.0,2.0
1630625,22400647,1610612757,4.0,1.0,0.0,0.0,4.0,2.0,0.0,0.0
1631200,22400647,1610612757,0.0,0.0,0.0,0.0,0.0,0.0,0.0,0.0
203507,22400646,1610612749,36.0,1.0,13.0,1.0,22.0,12.0,15.0,12.0
1627752,22400646,1610612749,14.0,4.0,6.0,0.0,8.0,5.0,0.0,0.0
201572,22400646,1610612749,13.0,1.0,4.0,3.0,10.0,4.0,2.0,2.0
1641748,22400646,1610612749,4.0,1.0,2.0,0.0,3.0,2.0,0.0,0.0
203081,22400646,1610612749,29.0,10.0,10.0,1.0,16.0,6.0,17.0,16.0
1629018,22400646,1610612749,19.0,2.0,2.0,0.0,11.0,7.0,0.0,0.0
203114,22400646,1610612749,0.0,1.0,4.0,0.0,4.0,0.0,0.0,0.0
1631157,22400646,1610612749,0.0,2.0,0.0,0.0,3.0,0.0,0.0,0.0
1626192,22400646,1610612749,0.0,2.0,1.0,0.0,1.0,0.0,0.0,0.0
1630699,22400646,1610612749,0.0,0.0,0.0,0.0,0.0,0.0,0.0,0.0
1630649,22400646,1610612749,0.0,0.0,0.0,0.0,0.0,0.0,0.0,0.0
1641890,22400646,1610612749,2.0,0.0,0.0,0.0,1.0,1.0,0.0,0.0
202695,22400646,1610612746,18.0,4.0,3.0,0.0,17.0,8.0,0.0,0.0
1627884,22400646,1610612746,4.0,0.0,5.0,0.0,3.0,2.0,0.0,0.0
1627826,22400646,1610612746,12.0,1.0,10.0,0.0,10.0,5.0,2.0,2.0
1626181,22400646,1610612746,33.0,0.0,6.0,2.0,23.0,11.0,8.0,8.0
201935,22400646,1610612746,40.0,9.0,5.0,0.0,24.0,12.0,12.0,12.0
1629599,22400646,1610612746,9.0,0.0,2.0,0.0,5.0,2.0,4.0,4.0
201587,22400646,1610612746,0.0,2.0,4.0,0.0,3.0,0.0,0.0,0.0
1629645,22400646,1610612746,8.0,3.0,8.0,0.0,8.0,3.0,2.0,2.0
1629611,22400646,1610612746,3.0,0.0,4.0,1.0,4.0,1.0,0.0,0.0
1641738,22400646,1610612746,0.0,0.0,0.0,0.0,0.0,0.0,0.0,0.0
1627827,22400644,1610612747,8.0,0.0,3.0,0.0,4.0,3.0,0.0,0.0
2544,22400644,1610612747,25.0,12.0,5.0,0.0,25.0,12.0,2.0,1.0
203076,22400644,1610612747,36.0,3.0,13.0,1.0,23.0,13.0,12.0,10.0
1631108,22400644,1610612747,11.0,1.0,8.0,0.0,5.0,4.0,0.0,0.0
1630559,22400644,1610612747,16.0,7.0,5.0,0.0,10.0,6.0,3.0,3.0
1629216,22400644,1610612747,7.0,2.0,0.0,1.0,8.0,3.0,0.0,0.0
1629637,22400644,1610612747,0.0,1.0,3.0,0.0,0.0,0.0,0.0,0.0
1642261,22400644,1610612747,13.0,1.0,1.0,0.0,9.0,5.0,0.0,0.0
1629020,22400644,1610612747,2.0,2.0,4.0,0.0,2.0,1.0,0.0,0.0
1631132,22400644,1610612747,0.0,0.0,0.0,0.0,0.0,0.0,0.0,0.0
203952,22400644,1610612744,20.0,3.0,6.0,0.0,15.0,9.0,1.0,1.0
1627780,22400644,1610612744,12.0,2.0,6.0,0.0,6.0,5.0,0.0,0.0
1631218,22400644,1610612744,4.0,1.0,6.0,0.0,6.0,2.0,2.0,0.0
1627741,22400644,1610612744,10.0,0.0,4.0,0.0,9.0,3.0,3.0,2.0
201939,22400644,1610612744,13.0,9.0,1.0,0.0,17.0,4.0,4.0,3.0
1626172,22400644,1610612744,0.0,0.0,2.0,0.0,0.0,0.0,0.0,0.0
1630611,22400644,1610612744,4.0,2.0,4.0,0.0,5.0,1.0,2.0,1.0
1641764,22400644,1610612744,17.0,5.0,3.0,0.0,10.0,6.0,2.0,2.0
1630541,22400644,1610612744,10.0,2.0,2.0,0.0,7.0,4.0,2.0,1.0
1642366,22400644,1610612744,8.0,3.0,2.0,0.0,7.0,3.0,0.0,0.0
203471,22400644,1610612744,10.0,3.0,1.0,0.0,6.0,4.0,0.0,0.0
1630322,22400644,1610612744,0.0,0.0,1.0,0.0,1.0,0.0,0.0,0.0
1629312,22400636,1610612748,0.0,1.0,2.0,1.0,3.0,0.0,0.0,0.0
1628389,22400636,1610612748,17.0,4.0,16.0,1.0,13.0,6.0,4.0,4.0
1642276,22400636,1610612748,7.0,0.0,6.0,2.0,11.0,3.0,0.0,0.0
1629130,22400636,1610612748,15.0,0.0,7.0,0.0,11.0,5.0,3.0,2.0
1629639,22400636,1610612748,25.0,8.0,1.0,0.0,14.0,8.0,6.0,6.0
1631107,22400636,1610612748,17.0,4.0,6.0,2.0,7.0,5.0,4.0,4.0
1631170,22400636,1610612748,9.0,3.0,5.0,0.0,7.0,2.0,5.0,5.0
1626179,22400636,1610612748,16.0,2.0,8.0,0.0,13.0,6.0,2.0,2.0
1641796,22400636,1610612748,0.0,0.0,0.0,0.0,0.0,0.0,0.0,0.0
1630592,22400636,1610612751,12.0,8.0,9.0,0.0,10.0,4.0,4.0,2.0
1641730,22400636,1610612751,13.0,0.0,4.0,1.0,14.0,4.0,2.0,2.0
1629651,22400636,1610612751,13.0,2.0,5.0,1.0,8.0,5.0,3.0,3.0
1630553,22400636,1610612751,22.0,4.0,1.0,0.0,19.0,7.0,5.0,5.0
1626156,22400636,1610612751,22.0,6.0,1.0,2.0,13.0,6.0,6.0,6.0
1631213,22400636,1610612751,5.0,1.0,6.0,0.0,5.0,2.0,0.0,0.0
1630533,22400636,1610612751,1.0,1.0,5.0,0.0,5.0,0.0,2.0,1.0
1641787,22400636,1610612751,2.0,1.0,1.0,0.0,4.0,0.0,2.0,2.0
1630549,22400636,1610612751,7.0,0.0,3.0,1.0,2.0,2.0,2.0,2.0
1641709,22400638,1610612765,16.0,1.0,5.0,1.0,8.0,6.0,4.0,4.0
202699,22400638,1610612765,2.0,2.0,7.0,0.0,3.0,1.0,0.0,0.0
1631105,22400638,1610612765,10.0,1.0,8.0,1.0,9.0,5.0,0.0,0.0
203501,22400638,1610612765,13.0,2.0,2.0,0.0,8.0,3.0,5.0,5.0
1630595,22400638,1610612765,35.0,11.0,5.0,0.0,31.0,13.0,7.0,7.0
1627736,22400638,1610612765,18.0,2.0,5.0,0.0,13.0,6.0,4.0,2.0
1631323,22400638,1610612765,0.0,1.0,3.0,0.0,2.0,0.0,0.0,0.0
1630191,22400638,1610612765,4.0,0.0,2.0,3.0,3.0,2.0,0.0,0.0
1641842,22400638,1610612765,13.0,1.0,4.0,0.0,7.0,3.0,8.0,5.0
1631204,22400638,1610612765,2.0,1.0,0.0,0.0,2.0,1.0,0.0,0.0
1630194,22400638,1610612765,0.0,0.0,0.0,0.0,0.0,0.0,0.0,0.0
1630532,22400638,1610612753,32.0,7.0,4.0,0.0,22.0,10.0,8.0,8.0
1631094,22400638,1610612753,32.0,7.0,9.0,0.0,22.0,11.0,14.0,7.0
1628976,22400638,1610612753,11.0,3.0,11.0,0.0,7.0,4.0,3.0,3.0
203484,22400638,1610612753,7.0,0.0,2.0,0.0,7.0,2.0,4.0,2.0
1630591,22400638,1610612753,8.0,3.0,2.0,0.0,8.0,3.0,3.0,0.0
1628371,22400638,1610612753,14.0,0.0,5.0,3.0,5.0,3.0,6.0,6.0
1641783,22400638,1610612753,5.0,0.0,4.0,1.0,3.0,2.0,0.0,0.0
1641710,22400638,1610612753,5.0,2.0,0.0,0.0,6.0,2.0,0.0,0.0
1630175,22400638,1610612753,7.0,0.0,3.0,0.0,3.0,3.0,0.0,0.0
1641724,22400638,1610612753,0.0,0.0,0.0,0.0,0.0,0.0,0.0,0.0
1630243,22400638,1610612753,0.0,0.0,0.0,0.0,0.0,0.0,0.0,0.0
1631128,22400634,1610612743,10.0,3.0,5.0,0.0,8.0,4.0,1.0,1.0
1629008,22400634,1610612743,11.0,2.0,0.0,0.0,10.0,4.0,0.0,0.0
203999,22400634,1610612743,20.0,11.0,3.0,0.0,13.0,9.0,1.0,0.0
201566,22400634,1610612743,13.0,4.0,6.0,0.0,10.0,6.0,1.0,1.0
1627750,22400634,1610612743,25.0,5.0,2.0,0.0,16.0,10.0,2.0,2.0
203932,22400634,1610612743,13.0,2.0,3.0,0.0,10.0,5.0,2.0,1.0
1631212,22400634,1610612743,2.0,3.0,3.0,3.0,4.0,1.0,0.0,0.0
1631124,22400634,1610612743,2.0,1.0,1.0,0.0,7.0,1.0,2.0,0.0
201599,22400634,1610612743,4.0,0.0,6.0,0.0,2.0,2.0,0.0,0.0
1630192,22400634,1610612743,2.0,0.0,1.0,0.0,3.0,1.0,0.0,0.0
1641790,22400634,1610612743,2.0,0.0,2.0,0.0,1.0,0.0,2.0,2.0
1641816,22400634,1610612743,0.0,0.0,4.0,0.0,3.0,0.0,2.0,0.0
1629618,22400634,1610612743,0.0,1.0,0.0,0.0,1.0,0.0,0.0,0.0
1630183,22400634,1610612750,13.0,4.0,8.0,1.0,8.0,6.0,0.0,0.0
203944,22400634,1610612750,21.0,7.0,7.0,1.0,20.0,9.0,2.0,2.0
203497,22400634,1610612750,14.0,5.0,14.0,0.0,8.0,6.0,3.0,2.0
1630162,22400634,1610612750,34.0,9.0,1.0,0.0,23.0,14.0,4.0,3.0
201144,22400634,1610612750,9.0,5.0,1.0,0.0,3.0,3.0,0.0,0.0
1629675,22400634,1610612750,13.0,4.0,2.0,2.0,9.0,5.0,2.0,2.0
1629638,22400634,1610612750,10.0,0.0,0.0,0.0,7.0,4.0,0.0,0.0
1642265,22400634,1610612750,10.0,4.0,5.0,0.0,9.0,4.0,0.0,0.0
1631169,22400634,1610612750,5.0,0.0,1.0,0.0,3.0,1.0,2.0,2.0
1641740,22400634,1610612750,2.0,0.0,0.0,0.0,1.0,0.0,2.0,2.0
1630568,22400634,1610612750,2.0,0.0,4.0,0.0,2.0,1.0,0.0,0.0
1631159,22400634,1610612750,0.0,0.0,2.0,0.0,2.0,0.0,0.0,0.0
201942,22400641,1610612758,18.0,2.0,3.0,0.0,12.0,6.0,4.0,4.0
1631099,22400641,1610612758,12.0,4.0,8.0,2.0,11.0,5.0,0.0,0.0
1627734,22400641,1610612758,25.0,12.0,13.0,0.0,14.0,11.0,3.0,2.0
1628368,22400641,1610612758,14.0,4.0,1.0,2.0,20.0,6.0,0.0,0.0
1628370,22400641,1610612758,31.0,9.0,3.0,0.0,21.0,12.0,4.0,3.0
1631165,22400641,1610612758,6.0,0.0,3.0,1.0,4.0,2.0,0.0,0.0
203926,22400641,1610612758,0.0,0.0,0.0,0.0,0.0,0.0,0.0,0.0
1626168,22400641,1610612758,6.0,0.0,4.0,0.0,7.0,2.0,2.0,2.0
1642269,22400641,1610612758,4.0,1.0,1.0,0.0,2.0,1.0,2.0,2.0
1628989,22400641,1610612758,4.0,1.0,1.0,0.0,3.0,1.0,1.0,1.0
203458,22400641,1610612758,0.0,0.0,1.0,0.0,1.0,0.0,0.0,0.0
1629162,22400641,1610612758,0.0,0.0,0.0,0.0,0.0,0.0,0.0,0.0
1628384,22400641,1610612752,33.0,4.0,3.0,1.0,18.0,12.0,6.0,5.0
1628404,22400641,1610612752,20.0,11.0,18.0,2.0,14.0,8.0,3.0,3.0
1626157,22400641,1610612752,18.0,2.0,15.0,0.0,18.0,7.0,4.0,4.0
1628969,22400641,1610612752,27.0,7.0,5.0,0.0,15.0,10.0,2.0,2.0
1628973,22400641,1610612752,25.0,11.0,1.0,0.0,17.0,9.0,3.0,3.0
1630540,22400641,1610612752,4.0,1.0,1.0,0.0,8.0,1.0,2.0,2.0
1629013,22400641,1610612752,9.0,1.0,3.0,0.0,6.0,3.0,0.0,0.0
1630173,22400641,1610612752,4.0,0.0,5.0,1.0,3.0,2.0,0.0,0.0
1626166,22400641,1610612752,3.0,3.0,0.0,0.0,5.0,0.0,3.0,3.0
1631210,22400641,1610612752,0.0,0.0,0.0,0.0,0.0,0.0,0.0,0.0
1630579,22400641,1610612752,0.0,0.0,1.0,0.0,0.0,0.0,0.0,0.0
1642278,22400641,1610612752,0.0,0.0,0.0,0.0,1.0,0.0,0.0,0.0
1630346,22400641,1610612752,0.0,0.0,1.0,0.0,0.0,0.0,0.0,0.0
202331,22400642,1610612755,9.0,1.0,1.0,0.0,6.0,3.0,2.0,2.0
1626162,22400642,1610612755,22.0,3.0,12.0,0.0,18.0,9.0,5.0,2.0
1627824,22400642,1610612755,6.0,4.0,6.0,0.0,10.0,3.0,0.0,0.0
201569,22400642,1610612755,13.0,2.0,2.0,1.0,9.0,4.0,2.0,2.0
1630178,22400642,1610612755,31.0,9.0,5.0,1.0,23.0,12.0,2.0,2.0
1642348,22400642,1610612755,3.0,0.0,2.0,0.0,6.0,1.0,2.0,1.0
1641737,22400642,1610612755,4.0,1.0,7.0,1.0,3.0,2.0,0.0,0.0
202704,22400642,1610612755,12.0,0.0,1.0,0.0,10.0,5.0,0.0,0.0
200768,22400642,1610612755,2.0,2.0,1.0,1.0,4.0,1.0,0.0,0.0
1641741,22400642,1610612755,7.0,1.0,3.0,0.0,3.0,2.0,4.0,3.0
203897,22400642,1610612741,25.0,4.0,8.0,0.0,20.0,10.0,8.0,3.0
1630172,22400642,1610612741,2.0,3.0,4.0,0.0,9.0,1.0,1.0,0.0
202696,22400642,1610612741,22.0,4.0,12.0,3.0,12.0,8.0,6.0,6.0
1628366,22400642,1610612741,9.0,2.0,4.0,0.0,7.0,3.0,0.0,0.0
1630581,22400642,1610612741,10.0,7.0,10.0,0.0,13.0,4.0,1.0,1.0
1630245,22400642,1610612741,8.0,2.0,2.0,0.0,10.0,3.0,0.0,0.0
1631207,22400642,1610612741,0.0,1.0,1.0,0.0,2.0,0.0,0.0,0.0
1630188,22400642,1610612741,9.0,0.0,7.0,0.0,4.0,3.0,0.0,0.0
1629659,22400642,1610612741,4.0,1.0,1.0,0.0,4.0,1.0,2.0,2.0
1641824,22400642,1610612741,6.0,0.0,3.0,0.0,2.0,2.0,2.0,1.0
1641763,22400642,1610612741,2.0,0.0,2.0,0.0,2.0,1.0,0.0,0.0
1630567,22400639,1610612761,24.0,7.0,12.0,2.0,17.0,8.0,7.0,7.0
1629628,22400639,1610612761,23.0,4.0,8.0,0.0,13.0,9.0,4.0,2.0
1627751,22400639,1610612761,9.0,3.0,9.0,1.0,6.0,4.0,1.0,1.0
1641711,22400639,1610612761,6.0,2.0,1.0,0.0,7.0,2.0,0.0,0.0
1630558,22400639,1610612761,8.0,4.0,2.0,0.0,8.0,3.0,1.0,1.0
1642347,22400639,1610612761,5.0,6.0,0.0,0.0,7.0,1.0,3.0,3.0
1628971,22400639,1610612761,8.0,2.0,5.0,0.0,9.0,3.0,2.0,2.0
1642266,22400639,1610612761,7.0,3.0,3.0,0.0,6.0,3.0,1.0,0.0
1631115,22400639,1610612761,4.0,0.0,6.0,2.0,7.0,2.0,0.0,0.0
1628449,22400639,1610612761,23.0,0.0,5.0,1.0,10.0,7.0,6.0,6.0
202066,22400639,1610612761,0.0,0.0,0.0,1.0,0.0,0.0,0.0,0.0
1630249,22400639,1610612737,20.0,7.0,2.0,2.0,13.0,6.0,4.0,2.0
1626204,22400639,1610612737,4.0,1.0,4.0,0.0,10.0,2.0,0.0,0.0
1630168,22400639,1610612737,19.0,5.0,8.0,1.0,10.0,7.0,5.0,4.0
1630700,22400639,1610612737,13.0,6.0,6.0,0.0,11.0,6.0,1.0,0.0
1629027,22400639,1610612737,16.0,4.0,4.0,0.0,12.0,5.0,8.0,5.0
203992,22400639,1610612737,4.0,2.0,6.0,1.0,12.0,2.0,0.0,0.0
1629726,22400639,1610612737,3.0,2.0,4.0,0.0,5.0,1.0,0.0,0.0
203991,22400639,1610612737,5.0,0.0,4.0,0.0,5.0,2.0,1.0,1.0
1631223,22400639,1610612737,4.0,1.0,3.0,1.0,3.0,1.0,2.0,2.0
1631342,22400639,1610612737,5.0,0.0,1.0,0.0,2.0,1.0,2.0,2.0
1631230,22400639,1610612737,1.0,0.0,1.0,0.0,1.0,0.0,2.0,1.0
1629004,22400643,1610612762,16.0,1.0,3.0,0.0,11.0,6.0,0.0,0.0
1628374,22400643,1610612762,11.0,2.0,6.0,1.0,14.0,5.0,1.0,0.0
1631117,22400643,1610612762,11.0,1.0,10.0,2.0,5.0,5.0,1.0,1.0
1629012,22400643,1610612762,20.0,4.0,3.0,0.0,17.0,5.0,10.0,9.0
1642268,22400643,1610612762,8.0,8.0,5.0,1.0,11.0,4.0,0.0,0.0
1641718,22400643,1610612762,8.0,7.0,3.0,0.0,15.0,3.0,2.0,2.0
1641729,22400643,1610612762,3.0,0.0,1.0,0.0,4.0,1.0,0.0,0.0
1629234,22400643,1610612762,4.0,0.0,1.0,0.0,2.0,2.0,0.0,0.0
1642271,22400643,1610612762,11.0,2.0,4.0,0.0,4.0,4.0,2.0,1.0
1641989,22400643,1610612762,11.0,2.0,4.0,1.0,9.0,4.0,0.0,0.0
1642377,22400643,1610612763,16.0,0.0,4.0,0.0,8.0,5.0,4.0,4.0
1628991,22400643,1610612763,28.0,2.0,3.0,2.0,14.0,10.0,9.0,6.0
1641744,22400643,1610612763,19.0,0.0,7.0,4.0,8.0,5.0,8.0,7.0
1630217,22400643,1610612763,17.0,6.0,9.0,0.0,11.0,7.0,2.0,1.0
1629630,22400643,1610612763,11.0,7.0,1.0,0.0,9.0,4.0,2.0,1.0
1641713,22400643,1610612763,15.0,3.0,6.0,0.0,12.0,5.0,4.0,3.0
1628379,22400643,1610612763,4.0,3.0,1.0,1.0,7.0,1.0,1.0,1.0
1629634,22400643,1610612763,6.0,2.0,5.0,1.0,7.0,3.0,0.0,0.0
1630590,22400643,1610612763,6.0,4.0,5.0,0.0,5.0,2.0,4.0,2.0
1629723,22400643,1610612763,3.0,0.0,4.0,1.0,3.0,1.0,0.0,0.0
1630643,22400643,1610612763,0.0,1.0,0.0,0.0,0.0,0.0,0.0,0.0
1627759,22400635,1610612738,22.0,6.0,8.0,0.0,21.0,10.0,6.0,2.0
1628369,22400635,1610612738,24.0,3.0,6.0,0.0,22.0,8.0,4.0,4.0
204001,22400635,1610612738,18.0,5.0,4.0,2.0,12.0,6.0,3.0,3.0
1628401,22400635,1610612738,23.0,4.0,4.0,0.0,16.0,7.0,6.0,5.0
201950,22400635,1610612738,17.0,4.0,3.0,1.0,12.0,6.0,0.0,0.0
201143,22400635,1610612738,4.0,1.0,6.0,0.0,8.0,2.0,0.0,0.0
1630202,22400635,1610612738,6.0,4.0,9.0,0.0,4.0,2.0,0.0,0.0
1630573,22400635,1610612738,6.0,1.0,1.0,0.0,3.0,2.0,0.0,0.0
1628436,22400635,1610612738,2.0,5.0,10.0,2.0,4.0,1.0,0.0,0.0
1641775,22400635,1610612738,0.0,0.0,0.0,0.0,1.0,0.0,0.0,0.0
1630531,22400635,1610612738,0.0,0.0,0.0,0.0,0.0,0.0,0.0,0.0
202691,22400635,1610612742,6.0,0.0,3.0,1.0,4.0,2.0,0.0,0.0
1629023,22400635,1610612742,17.0,3.0,8.0,1.0,13.0,4.0,11.0,8.0
1629655,22400635,1610612742,19.0,2.0,15.0,3.0,12.0,6.0,9.0,7.0
203915,22400635,1610612742,12.0,2.0,3.0,0.0,7.0,5.0,0.0,0.0
202681,22400635,1610612742,22.0,5.0,4.0,1.0,23.0,11.0,0.0,0.0
1628467,22400635,1610612742,1.0,1.0,1.0,1.0,6.0,0.0,2.0,1.0
1629656,22400635,1610612742,20.0,2.0,7.0,0.0,12.0,7.0,4.0,4.0
1630702,22400635,1610612742,10.0,3.0,3.0,0.0,8.0,4.0,2.0,1.0
1630556,22400635,1610612742,0.0,0.0,4.0,1.0,2.0,0.0,0.0,0.0
1641765,22400635,1610612742,0.0,0.0,1.0,0.0,1.0,0.0,0.0,0.0
1630314,22400635,1610612742,0.0,0.0,0.0,0.0,0.0,0.0,0.0,0.0
1641789,22400635,1610612742,0.0,0.0,0.0,0.0,0.0,0.0,0.0,0.0
1641708,22400640,1610612745,23.0,10.0,14.0,2.0,13.0,8.0,10.0,7.0
1628415,22400640,1610612745,13.0,0.0,6.0,0.0,8.0,5.0,2.0,2.0
1630578,22400640,1610612745,26.0,3.0,8.0,0.0,17.0,9.0,13.0,7.0
1630224,22400640,1610612745,26.0,4.0,3.0,0.0,16.0,7.0,7.0,7.0
1627832,22400640,1610612745,20.0,6.0,3.0,0.0,13.0,6.0,2.0,2.0
1631106,22400640,1610612745,4.0,0.0,3.0,1.0,3.0,2.0,0.0,0.0
1641715,22400640,1610612745,2.0,1.0,1.0,0.0,2.0,1.0,0.0,0.0
203500,22400640,1610612745,14.0,2.0,4.0,1.0,6.0,4.0,9.0,6.0
1630256,22400640,1610612745,7.0,0.0,3.0,0.0,4.0,3.0,2.0,1.0
1629622,22400640,1610612739,14.0,3.0,9.0,0.0,8.0,6.0,0.0,0.0
1630596,22400640,1610612739,7.0,1.0,8.0,2.0,8.0,3.0,4.0,1.0
1628386,22400640,1610612739,8.0,2.0,5.0,1.0,5.0,4.0,0.0,0.0
1628378,22400640,1610612739,33.0,7.0,4.0,1.0,27.0,11.0,9.0,7.0
1629636,22400640,1610612739,39.0,9.0,3.0,0.0,22.0,14.0,7.0,7.0
1629660,22400640,1610612739,6.0,3.0,4.0,0.0,8.0,1.0,4.0,4.0
1627777,22400640,1610612739,21.0,1.0,4.0,0.0,9.0,7.0,2.0,1.0
1630241,22400640,1610612739,3.0,2.0,2.0,0.0,3.0,1.0,0.0,0.0
1641854,22400640,1610612739,0.0,0.0,1.0,1.0,1.0,0.0,0.0,0.0
202684,22400640,1610612739,0.0,0.0,0.0,0.0,0.0,0.0,0.0,0.0
1642273,22400645,1610612764,5.0,2.0,6.0,1.0,5.0,2.0,0.0,0.0
1628398,22400645,1610612764,30.0,4.0,11.0,0.0,24.0,12.0,2.0,1.0
1642259,22400645,1610612764,11.0,3.0,6.0,2.0,12.0,4.0,3.0,2.0
1641731,22400645,1610612764,12.0,4.0,4.0,1.0,8.0,5.0,2.0,2.0
1629673,22400645,1610612764,19.0,10.0,4.0,1.0,16.0,7.0,0.0,0.0
1630557,22400645,1610612764,5.0,1.0,1.0,0.0,4.0,2.0,0.0,0.0
1642267,22400645,1610612764,11.0,2.0,1.0,0.0,9.0,4.0,0.0,0.0
202685,22400645,1610612764,16.0,2.0,4.0,0.0,11.0,6.0,2.0,2.0
1630551,22400645,1610612764,0.0,0.0,0.0,0.0,1.0,0.0,0.0,0.0
1642346,22400645,1610612756,1.0,0.0,1.0,0.0,1.0,0.0,2.0,1.0
201142,22400645,1610612756,29.0,4.0,5.0,0.0,19.0,11.0,2.0,2.0
1630208,22400645,1610612756,20.0,1.0,19.0,1.0,12.0,7.0,7.0,6.0
1626164,22400645,1610612756,18.0,7.0,6.0,1.0,18.0,5.0,8.0,8.0
1626145,22400645,1610612756,16.0,5.0,3.0,0.0,11.0,6.0,3.0,3.0
203078,22400645,1610612756,20.0,4.0,3.0,1.0,13.0,6.0,4.0,4.0
1628960,22400645,1610612756,8.0,1.0,4.0,0.0,9.0,3.0,0.0,0.0
203486,22400645,1610612756,4.0,0.0,8.0,0.0,1.0,1.0,2.0,2.0
1626220,22400645,1610612756,3.0,1.0,4.0,1.0,6.0,1.0,0.0,0.0
1630530,22400637,1610612740,16.0,5.0,4.0,1.0,17.0,5.0,6.0,4.0
1629627,22400637,1610612740,28.0,2.0,11.0,1.0,20.0,11.0,8.0,6.0
1642274,22400637,1610612740,12.0,0.0,8.0,1.0,7.0,4.0,6.0,4.0
1641722,22400637,1610612740,14.0,1.0,4.0,0.0,12.0,5.0,2.0,2.0
203468,22400637,1610612740,9.0,3.0,2.0,0.0,13.0,3.0,2.0,2.0
1629750,22400637,1610612740,7.0,2.0,3.0,0.0,4.0,2.0,2.0,2.0
1628464,22400637,1610612740,0.0,2.0,2.0,0.0,0.0,0.0,0.0,0.0
1630631,22400637,1610612740,6.0,5.0,1.0,1.0,6.0,2.0,0.0,0.0
1641810,22400637,1610612740,0.0,1.0,0.0,0.0,2.0,0.0,0.0,0.0
1630526,22400637,1610612740,0.0,0.0,3.0,0.0,2.0,0.0,0.0,0.0
1631255,22400637,1610612740,0.0,0.0,1.0,1.0,1.0,0.0,0.0,0.0
1630182,22400637,1610612766,13.0,1.0,2.0,0.0,8.0,4.0,2.0,2.0
1628970,22400637,1610612766,22.0,3.0,6.0,1.0,13.0,8.0,6.0,4.0
201959,22400637,1610612766,6.0,2.0,3.0,1.0,3.0,2.0,2.0,2.0
1641733,22400637,1610612766,5.0,1.0,1.0,0.0,6.0,2.0,0.0,0.0
1630163,22400637,1610612766,25.0,7.0,5.0,0.0,21.0,9.0,6.0,3.0
1631217,22400637,1610612766,9.0,3.0,13.0,1.0,2.0,2.0,7.0,5.0
1629006,22400637,1610612766,7.0,2.0,4.0,2.0,7.0,3.0,0.0,0.0
203552,22400637,1610612766,16.0,2.0,4.0,0.0,9.0,6.0,0.0,0.0
1629610,22400637,1610612766,6.0,3.0,7.0,0.0,8.0,2.0,0.0,0.0
203995,22400637,1610612766,11.0,4.0,2.0,0.0,5.0,3.0,2.0,2.0
1631209,22400637,1610612766,3.0,0.0,1.0,0.0,2.0,1.0,0.0,0.0
1630530,22400632,1610612740,22.0,4.0,6.0,0.0,14.0,7.0,9.0,7.0
1630526,22400632,1610612740,5.0,2.0,4.0,0.0,4.0,2.0,0.0,0.0
1642274,22400632,1610612740,10.0,3.0,5.0,2.0,5.0,4.0,3.0,2.0
203468,22400632,1610612740,22.0,4.0,1.0,1.0,11.0,6.0,11.0,7.0
1627749,22400632,1610612740,26.0,7.0,6.0,0.0,16.0,10.0,7.0,5.0
1629750,22400632,1610612740,8.0,1.0,5.0,0.0,6.0,3.0,0.0,0.0
1641722,22400632,1610612740,20.0,1.0,2.0,0.0,18.0,8.0,0.0,0.0
1628464,22400632,1610612740,4.0,2.0,4.0,0.0,3.0,2.0,0.0,0.0
1630631,22400632,1610612740,9.0,6.0,1.0,0.0,6.0,3.0,2.0,1.0
1631255,22400632,1610612740,0.0,0.0,1.0,0.0,0.0,0.0,0.0,0.0
1631288,22400632,1610612740,0.0,0.0,0.0,0.0,0.0,0.0,0.0,0.0
1642377,22400632,1610612763,8.0,5.0,0.0,0.0,7.0,3.0,0.0,0.0
1628991,22400632,1610612763,29.0,7.0,5.0,1.0,16.0,10.0,4.0,4.0
1641744,22400632,1610612763,13.0,3.0,11.0,2.0,9.0,6.0,0.0,0.0
1630217,22400632,1610612763,20.0,14.0,0.0,0.0,18.0,9.0,0.0,0.0
1628379,22400632,1610612763,27.0,6.0,3.0,0.0,14.0,10.0,0.0,0.0
1641713,22400632,1610612763,10.0,0.0,7.0,0.0,12.0,4.0,1.0,1.0
1630590,22400632,1610612763,13.0,3.0,3.0,0.0,11.0,5.0,3.0,3.0
1629634,22400632,1610612763,14.0,0.0,9.0,0.0,10.0,7.0,0.0,0.0
1629723,22400632,1610612763,5.0,0.0,4.0,0.0,3.0,2.0,0.0,0.0
1630643,22400632,1610612763,0.0,0.0,1.0,1.0,1.0,0.0,0.0,0.0
1641739,22400630,1610612757,11.0,1.0,6.0,0.0,10.0,5.0,1.0,0.0
203924,22400630,1610612757,22.0,1.0,4.0,0.0,18.0,7.0,4.0,4.0
1642270,22400630,1610612757,4.0,4.0,13.0,4.0,4.0,2.0,0.0,0.0
1630166,22400630,1610612757,18.0,4.0,5.0,0.0,6.0,3.0,14.0,11.0
1629014,22400630,1610612757,27.0,2.0,5.0,0.0,16.0,8.0,9.0,7.0
1630703,22400630,1610612757,2.0,4.0,1.0,0.0,3.0,1.0,2.0,0.0
1631133,22400630,1610612757,3.0,0.0,3.0,1.0,5.0,1.0,4.0,1.0
1631101,22400630,1610612757,13.0,0.0,9.0,0.0,13.0,5.0,3.0,2.0
1630625,22400630,1610612757,2.0,1.0,1.0,1.0,4.0,0.0,2.0,2.0
1630182,22400630,1610612766,14.0,2.0,5.0,0.0,9.0,5.0,2.0,2.0
1628998,22400630,1610612766,0.0,1.0,1.0,0.0,3.0,0.0,0.0,0.0
1631109,22400630,1610612766,15.0,3.0,9.0,3.0,12.0,6.0,4.0,3.0
1641733,22400630,1610612766,17.0,5.0,5.0,2.0,18.0,6.0,3.0,3.0
203995,22400630,1610612766,12.0,3.0,0.0,0.0,13.0,4.0,3.0,3.0
1629006,22400630,1610612766,16.0,3.0,10.0,0.0,8.0,3.0,12.0,9.0
1642354,22400630,1610612766,7.0,1.0,5.0,0.0,7.0,2.0,2.0,2.0
1631209,22400630,1610612766,4.0,0.0,1.0,0.0,4.0,1.0,2.0,2.0
1631217,22400630,1610612766,6.0,2.0,6.0,1.0,6.0,3.0,0.0,0.0
1629610,22400630,1610612766,6.0,0.0,4.0,0.0,5.0,2.0,0.0,0.0
1629622,22400631,1610612739,6.0,2.0,7.0,2.0,7.0,2.0,0.0,0.0
1629731,22400631,1610612739,2.0,4.0,2.0,0.0,3.0,1.0,0.0,0.0
1628386,22400631,1610612739,8.0,1.0,10.0,1.0,8.0,4.0,2.0,0.0
1628378,22400631,1610612739,37.0,7.0,3.0,0.0,23.0,12.0,8.0,6.0
1629636,22400631,1610612739,26.0,7.0,1.0,0.0,21.0,10.0,2.0,2.0
1629660,22400631,1610612739,33.0,3.0,3.0,0.0,14.0,11.0,4.0,3.0
1627777,22400631,1610612739,5.0,2.0,3.0,0.0,6.0,2.0,0.0,0.0
1630241,22400631,1610612739,9.0,2.0,2.0,0.0,6.0,2.0,3.0,3.0
202684,22400631,1610612739,0.0,2.0,4.0,1.0,0.0,0.0,0.0,0.0
1642281,22400631,1610612739,3.0,0.0,2.0,1.0,2.0,1.0,0.0,0.0
202331,22400631,1610612755,30.0,3.0,5.0,0.0,21.0,11.0,3.0,2.0
1626162,22400631,1610612755,22.0,3.0,13.0,0.0,16.0,8.0,5.0,5.0
1627824,22400631,1610612755,12.0,3.0,13.0,2.0,12.0,4.0,2.0,2.0
201569,22400631,1610612755,15.0,3.0,0.0,0.0,8.0,5.0,2.0,1.0
1630178,22400631,1610612755,29.0,7.0,3.0,2.0,18.0,9.0,7.0,7.0
1641737,22400631,1610612755,4.0,0.0,2.0,0.0,1.0,1.0,2.0,2.0
1642348,22400631,1610612755,15.0,1.0,6.0,1.0,8.0,4.0,6.0,4.0
1630288,22400631,1610612755,5.0,3.0,1.0,1.0,3.0,2.0,0.0,0.0
1641731,22400983,1610612764,15.0,1.0,5.0,0.0,13.0,5.0,6.0,4.0
1628398,22400983,1610612764,7.0,3.0,7.0,1.0,12.0,3.0,0.0,0.0
1642259,22400983,1610612764,14.0,2.0,10.0,0.0,14.0,6.0,0.0,0.0
1629673,22400983,1610612764,24.0,9.0,2.0,0.0,19.0,6.0,8.0,8.0
1642267,22400983,1610612764,12.0,5.0,6.0,0.0,13.0,4.0,2.0,2.0
202685,22400983,1610612764,12.0,1.0,10.0,0.0,7.0,5.0,2.0,2.0
1642273,22400983,1610612764,5.0,1.0,0.0,0.0,7.0,2.0,0.0,0.0
1630557,22400983,1610612764,1.0,2.0,4.0,0.0,3.0,0.0,1.0,1.0
1630551,22400983,1610612764,1.0,0.0,3.0,0.0,4.0,0.0,2.0,1.0
1641774,22400983,1610612764,0.0,0.0,1.0,0.0,0.0,0.0,0.0,0.0
1631098,22400983,1610612764,2.0,0.0,1.0,0.0,2.0,1.0,0.0,0.0
1630264,22400983,1610612764,0.0,0.0,0.0,0.0,0.0,0.0,0.0,0.0
202695,22400983,1610612746,15.0,1.0,7.0,0.0,16.0,7.0,0.0,0.0
1627884,22400983,1610612746,19.0,0.0,8.0,1.0,10.0,7.0,2.0,2.0
1627826,22400983,1610612746,11.0,2.0,9.0,0.0,10.0,5.0,2.0,1.0
1626181,22400983,1610612746,22.0,3.0,3.0,0.0,18.0,9.0,2.0,2.0
201935,22400983,1610612746,17.0,13.0,12.0,1.0,9.0,3.0,10.0,10.0
1629599,22400983,1610612746,10.0,1.0,2.0,0.0,9.0,4.0,0.0,0.0
201587,22400983,1610612746,3.0,1.0,0.0,0.0,3.0,1.0,0.0,0.0
1628964,22400983,1610612746,13.0,1.0,6.0,5.0,6.0,4.0,2.0,2.0
1629611,22400983,1610612746,0.0,5.0,4.0,0.0,3.0,0.0,0.0,0.0
1629645,22400983,1610612746,0.0,1.0,1.0,0.0,3.0,0.0,0.0,0.0
1642353,22400983,1610612746,0.0,1.0,1.0,0.0,1.0,0.0,0.0,0.0
1641738,22400983,1610612746,0.0,0.0,1.0,0.0,0.0,0.0,0.0,0.0
1630539,22400983,1610612746,0.0,0.0,1.0,0.0,0.0,0.0,0.0,0.0
1629023,22400625,1610612742,22.0,3.0,19.0,2.0,16.0,6.0,10.0,8.0
1630556,22400625,1610612742,7.0,2.0,4.0,0.0,3.0,2.0,2.0,2.0
1629655,22400625,1610612742,12.0,2.0,5.0,1.0,6.0,5.0,2.0,2.0
203915,22400625,1610612742,28.0,3.0,1.0,0.0,14.0,11.0,3.0,3.0
202681,22400625,1610612742,24.0,4.0,3.0,0.0,17.0,8.0,4.0,4.0
1628467,22400625,1610612742,3.0,4.0,3.0,0.0,3.0,1.0,0.0,0.0
1629656,22400625,1610612742,9.0,3.0,1.0,0.0,5.0,2.0,4.0,3.0
1641765,22400625,1610612742,14.0,0.0,3.0,0.0,6.0,4.0,9.0,5.0
1630314,22400625,1610612742,2.0,3.0,3.0,0.0,2.0,0.0,2.0,2.0
202693,22400625,1610612742,0.0,1.0,1.0,0.0,2.0,0.0,0.0,0.0
1629652,22400625,1610612760,6.0,1.0,4.0,0.0,5.0,2.0,0.0,0.0
1631114,22400625,1610612760,33.0,7.0,4.0,1.0,19.0,11.0,10.0,7.0
1631119,22400625,1610612760,12.0,2.0,6.0,1.0,8.0,4.0,1.0,1.0
1641717,22400625,1610612760,7.0,1.0,7.0,0.0,10.0,3.0,0.0,0.0
1628983,22400625,1610612760,31.0,7.0,1.0,0.0,25.0,12.0,6.0,6.0
1630598,22400625,1610612760,9.0,1.0,3.0,0.0,11.0,4.0,2.0,1.0
1642382,22400625,1610612760,3.0,0.0,0.0,0.0,1.0,1.0,0.0,0.0
1629026,22400625,1610612760,6.0,0.0,4.0,0.0,4.0,2.0,2.0,1.0
1627936,22400625,1610612760,8.0,5.0,3.0,1.0,5.0,3.0,1.0,0.0
1641794,22400625,1610612760,0.0,2.0,1.0,1.0,0.0,0.0,0.0,0.0
1630567,22400623,1610612761,25.0,3.0,6.0,0.0,17.0,8.0,10.0,8.0
1629628,22400623,1610612761,15.0,3.0,6.0,0.0,9.0,6.0,2.0,0.0
1627751,22400623,1610612761,17.0,5.0,9.0,2.0,10.0,7.0,3.0,3.0
1641711,22400623,1610612761,15.0,3.0,3.0,0.0,10.0,6.0,2.0,2.0
1630558,22400623,1610612761,2.0,7.0,1.0,0.0,3.0,1.0,0.0,0.0
1628971,22400623,1610612761,18.0,4.0,5.0,0.0,12.0,8.0,1.0,1.0
1642347,22400623,1610612761,2.0,2.0,2.0,0.0,4.0,1.0,0.0,0.0
1642266,22400623,1610612761,0.0,0.0,1.0,0.0,2.0,0.0,0.0,0.0
203482,22400623,1610612761,11.0,5.0,4.0,0.0,4.0,3.0,4.0,4.0
1628449,22400623,1610612761,17.0,0.0,2.0,0.0,10.0,7.0,2.0,1.0
1630249,22400623,1610612737,13.0,2.0,2.0,0.0,10.0,5.0,0.0,0.0
1630552,22400623,1610612737,3.0,1.0,1.0,0.0,2.0,1.0,2.0,1.0
1630168,22400623,1610612737,19.0,4.0,12.0,1.0,8.0,6.0,8.0,7.0
1630700,22400623,1610612737,22.0,5.0,8.0,0.0,14.0,8.0,5.0,4.0
1629027,22400623,1610612737,18.0,13.0,1.0,0.0,19.0,7.0,4.0,2.0
1629631,22400623,1610612737,8.0,2.0,2.0,0.0,11.0,3.0,0.0,0.0
203992,22400623,1610612737,23.0,0.0,3.0,1.0,12.0,8.0,5.0,4.0
1631230,22400623,1610612737,11.0,1.0,2.0,0.0,6.0,4.0,2.0,2.0
1629726,22400623,1610612737,0.0,1.0,3.0,0.0,3.0,0.0,0.0,0.0
1631223,22400623,1610612737,2.0,1.0,2.0,0.0,2.0,0.0,4.0,2.0
201942,22400626,1610612758,24.0,1.0,6.0,1.0,16.0,9.0,8.0,6.0
1631099,22400626,1610612758,11.0,2.0,9.0,1.0,10.0,4.0,0.0,0.0
1627734,22400626,1610612758,23.0,8.0,19.0,0.0,21.0,10.0,2.0,2.0
1628370,22400626,1610612758,15.0,7.0,2.0,0.0,13.0,5.0,7.0,5.0
1628368,22400626,1610612758,17.0,6.0,5.0,1.0,24.0,7.0,0.0,0.0
1631165,22400626,1610612758,6.0,5.0,3.0,0.0,4.0,3.0,0.0,0.0
1642269,22400626,1610612758,0.0,1.0,0.0,0.0,1.0,0.0,0.0,0.0
1626168,22400626,1610612758,12.0,1.0,9.0,0.0,9.0,4.0,2.0,1.0
1628989,22400626,1610612758,0.0,0.0,0.0,0.0,2.0,0.0,0.0,0.0
203926,22400626,1610612758,15.0,0.0,0.0,0.0,7.0,5.0,0.0,0.0
1631128,22400626,1610612743,21.0,1.0,2.0,1.0,14.0,8.0,4.0,3.0
1629008,22400626,1610612743,20.0,0.0,8.0,1.0,16.0,7.0,4.0,4.0
203999,22400626,1610612743,35.0,17.0,22.0,2.0,19.0,12.0,10.0,9.0
201566,22400626,1610612743,18.0,3.0,5.0,0.0,10.0,7.0,6.0,2.0
1627750,22400626,1610612743,18.0,5.0,6.0,0.0,18.0,8.0,2.0,1.0
1631124,22400626,1610612743,9.0,2.0,0.0,0.0,9.0,3.0,1.0,1.0
203932,22400626,1610612743,3.0,1.0,2.0,0.0,8.0,1.0,0.0,0.0
1631212,22400626,1610612743,6.0,1.0,6.0,4.0,6.0,2.0,4.0,1.0
201599,22400626,1610612743,2.0,0.0,5.0,0.0,1.0,1.0,0.0,0.0
203897,22400628,1610612741,24,4,3,0,13,6,12,9
1630172,22400628,1610612741,7,1,3,0,11,3,0,0
202696,22400628,1610612741,9,4,6,0,9,4,0,0
1628366,22400628,1610612741,9,4,3,0,10,3,0,0
1630581,22400628,1610612741,16,3,11,1,12,6,3,2
1630245,22400628,1610612741,13,2,2,0,6,4,4,3
1641824,22400628,1610612741,3,0,4,0,6,1,1,1
1630188,22400628,1610612741,9,1,6,1,5,2,4,4
1631207,22400628,1610612741,2,2,0,0,3,1,0,0
1629659,22400628,1610612741,2,1,1,0,3,0,2,2
1641763,22400628,1610612741,3,0,2,0,2,1,1,1
1628975,22400628,1610612741,9,0,1,0,7,3,0,0
203952,22400628,1610612744,17,1,7,0,11,4,8,8
1627780,22400628,1610612744,3,0,2,1,3,1,0,0
1631218,22400628,1610612744,4,3,3,0,1,1,2,2
1627741,22400628,1610612744,3,2,2,1,7,1,1,1
201939,22400628,1610612744,21,7,4,0,19,8,0,0
1626172,22400628,1610612744,4,5,11,0,7,2,0,0
1630611,22400628,1610612744,19,2,7,0,10,7,0,0
1630541,22400628,1610612744,16,4,3,4,10,6,0,0
203471,22400628,1610612744,11,7,2,0,11,4,2,2
1642366,22400628,1610612744,20,3,5,0,12,7,1,1
1641764,22400628,1610612744,10,2,4,0,6,4,0,0
1630322,22400628,1610612744,3,1,1,0,3,1,0,0
1630311,22400628,1610612744,0,0,1,0,2,0,0,0
1628369,22400629,1610612738,16.0,5.0,6.0,1.0,12.0,5.0,7.0,4.0
1627759,22400629,1610612738,17.0,3.0,8.0,0.0,19.0,7.0,3.0,0.0
204001,22400629,1610612738,22.0,2.0,7.0,1.0,16.0,9.0,2.0,2.0
1628401,22400629,1610612738,3.0,3.0,3.0,1.0,5.0,1.0,0.0,0.0
201950,22400629,1610612738,3.0,1.0,3.0,0.0,6.0,1.0,0.0,0.0
201143,22400629,1610612738,2.0,2.0,4.0,1.0,5.0,1.0,0.0,0.0
1630573,22400629,1610612738,6.0,0.0,2.0,0.0,4.0,2.0,0.0,0.0
1630202,22400629,1610612738,7.0,2.0,2.0,1.0,12.0,2.0,2.0,2.0
1628436,22400629,1610612738,4.0,0.0,4.0,0.0,3.0,1.0,2.0,2.0
1629674,22400629,1610612738,6.0,3.0,1.0,1.0,3.0,2.0,2.0,2.0
1630531,22400629,1610612738,10.0,1.0,2.0,0.0,5.0,4.0,0.0,0.0
1641775,22400629,1610612738,0.0,0.0,0.0,0.0,0.0,0.0,0.0,0.0
1631248,22400629,1610612738,0.0,1.0,0.0,0.0,1.0,0.0,0.0,0.0
1629060,22400629,1610612747,10.0,2.0,7.0,0.0,9.0,3.0,2.0,2.0
2544,22400629,1610612747,20.0,6.0,14.0,0.0,20.0,9.0,2.0,2.0
203076,22400629,1610612747,24.0,3.0,8.0,3.0,18.0,9.0,6.0,6.0
1631108,22400629,1610612747,6.0,2.0,4.0,0.0,6.0,2.0,0.0,0.0
1630559,22400629,1610612747,23.0,6.0,3.0,0.0,13.0,7.0,6.0,5.0
1629216,22400629,1610612747,12.0,4.0,1.0,0.0,8.0,4.0,0.0,0.0
1627827,22400629,1610612747,0.0,0.0,4.0,0.0,2.0,0.0,0.0,0.0
1629637,22400629,1610612747,5.0,1.0,8.0,0.0,4.0,2.0,2.0,1.0
1642261,22400629,1610612747,13.0,0.0,4.0,0.0,7.0,5.0,0.0,0.0
1631132,22400629,1610612747,2.0,0.0,0.0,0.0,1.0,1.0,0.0,0.0
1642355,22400629,1610612747,0.0,0.0,0.0,0.0,1.0,0.0,0.0,0.0
1629629,22400629,1610612747,0.0,0.0,0.0,0.0,0.0,0.0,0.0,0.0
1629003,22400629,1610612747,2.0,3.0,0.0,0.0,0.0,0.0,2.0,2.0
1629130,22400624,1610612748,12.0,4.0,1.0,0.0,13.0,4.0,1.0,1.0
1628389,22400624,1610612748,11.0,3.0,14.0,0.0,12.0,5.0,2.0,1.0
1642276,22400624,1610612748,22.0,0.0,10.0,2.0,15.0,9.0,2.0,2.0
1641796,22400624,1610612748,4.0,0.0,5.0,0.0,5.0,1.0,3.0,2.0
1629639,22400624,1610612748,21.0,9.0,3.0,0.0,19.0,6.0,5.0,5.0
1629312,22400624,1610612748,3.0,1.0,3.0,0.0,3.0,1.0,0.0,0.0
1626179,22400624,1610612748,4.0,3.0,6.0,0.0,8.0,2.0,0.0,0.0
1631107,22400624,1610612748,8.0,2.0,2.0,0.0,6.0,2.0,2.0,2.0
1631170,22400624,1610612748,8.0,4.0,3.0,1.0,8.0,3.0,2.0,2.0
1630528,22400624,1610612748,1.0,0.0,1.0,0.0,1.0,0.0,2.0,1.0
1642352,22400624,1610612748,2.0,0.0,2.0,0.0,2.0,1.0,2.0,0.0
1627752,22400624,1610612749,3.0,4.0,4.0,0.0,5.0,1.0,0.0,0.0
203507,22400624,1610612749,25.0,4.0,12.0,3.0,18.0,10.0,10.0,5.0
201572,22400624,1610612749,11.0,1.0,3.0,3.0,11.0,4.0,2.0,2.0
1641748,22400624,1610612749,3.0,1.0,4.0,0.0,3.0,1.0,0.0,0.0
203081,22400624,1610612749,29.0,11.0,10.0,0.0,21.0,9.0,6.0,6.0
1629018,22400624,1610612749,21.0,1.0,1.0,0.0,11.0,7.0,0.0,0.0
1626171,22400624,1610612749,16.0,3.0,8.0,0.0,14.0,7.0,2.0,2.0
1631157,22400624,1610612749,7.0,1.0,0.0,0.0,5.0,3.0,0.0,0.0
1626192,22400624,1610612749,2.0,3.0,5.0,0.0,2.0,1.0,0.0,0.0
1642358,22400624,1610612749,0.0,2.0,1.0,0.0,1.0,0.0,0.0,0.0
1630649,22400624,1610612749,2.0,0.0,0.0,0.0,3.0,1.0,0.0,0.0
1641753,22400624,1610612749,0.0,0.0,3.0,0.0,0.0,0.0,0.0,0.0
1641890,22400624,1610612749,6.0,0.0,2.0,0.0,3.0,2.0,0.0,0.0
1630699,22400624,1610612749,0.0,1.0,2.0,0.0,1.0,0.0,0.0,0.0
1641739,22400622,1610612757,16.0,3.0,6.0,2.0,9.0,6.0,4.0,3.0
203924,22400622,1610612757,12.0,4.0,4.0,3.0,11.0,4.0,2.0,2.0
1629057,22400622,1610612757,8.0,0.0,12.0,4.0,6.0,4.0,0.0,0.0
1630166,22400622,1610612757,13.0,5.0,5.0,0.0,11.0,5.0,6.0,3.0
1629014,22400622,1610612757,21.0,3.0,3.0,0.0,15.0,8.0,2.0,2.0
1630703,22400622,1610612757,4.0,2.0,0.0,0.0,4.0,2.0,0.0,0.0
1631101,22400622,1610612757,7.0,0.0,4.0,0.0,11.0,3.0,0.0,0.0
1631133,22400622,1610612757,2.0,1.0,4.0,1.0,2.0,1.0,2.0,0.0
1631200,22400622,1610612757,6.0,0.0,3.0,0.0,3.0,2.0,3.0,2.0
1630625,22400622,1610612757,10.0,3.0,0.0,2.0,9.0,4.0,0.0,0.0
1631303,22400622,1610612757,0.0,0.0,0.0,0.0,0.0,0.0,0.0,0.0
1631121,22400622,1610612757,0.0,0.0,0.0,0.0,0.0,0.0,0.0,0.0
1641712,22400622,1610612757,0.0,2.0,0.0,0.0,0.0,0.0,0.0,0.0
1641871,22400622,1610612757,2.0,0.0,1.0,0.0,1.0,1.0,0.0,0.0
1630532,22400622,1610612753,20.0,0.0,4.0,1.0,19.0,9.0,3.0,2.0
1631094,22400622,1610612753,8.0,6.0,9.0,2.0,14.0,1.0,8.0,6.0
1628976,22400622,1610612753,3.0,2.0,6.0,2.0,4.0,0.0,4.0,3.0
203484,22400622,1610612753,7.0,0.0,2.0,0.0,5.0,2.0,4.0,3.0
1641710,22400622,1610612753,12.0,5.0,3.0,0.0,11.0,5.0,2.0,1.0
1628371,22400622,1610612753,0.0,1.0,7.0,1.0,3.0,0.0,2.0,0.0
1641783,22400622,1610612753,16.0,2.0,5.0,0.0,8.0,5.0,4.0,4.0
1630243,22400622,1610612753,1.0,1.0,2.0,0.0,2.0,0.0,2.0,1.0
1631216,22400622,1610612753,0.0,0.0,1.0,0.0,2.0,0.0,0.0,0.0
202709,22400622,1610612753,2.0,0.0,2.0,0.0,2.0,1.0,0.0,0.0
1641724,22400622,1610612753,10.0,0.0,3.0,0.0,6.0,3.0,2.0,1.0
1641709,22400612,1610612765,16.0,1.0,1.0,1.0,9.0,7.0,2.0,2.0
202699,22400612,1610612765,9.0,1.0,2.0,1.0,7.0,3.0,2.0,1.0
1631105,22400612,1610612765,14.0,2.0,12.0,2.0,7.0,6.0,2.0,2.0
203501,22400612,1610612765,3.0,2.0,6.0,0.0,8.0,1.0,0.0,0.0
1630595,22400612,1610612765,29.0,11.0,6.0,2.0,19.0,12.0,4.0,4.0
1630191,22400612,1610612765,2.0,3.0,12.0,3.0,3.0,1.0,0.0,0.0
1627736,22400612,1610612765,19.0,1.0,2.0,0.0,14.0,7.0,0.0,0.0
1631323,22400612,1610612765,13.0,2.0,2.0,0.0,8.0,4.0,2.0,2.0
1631204,22400612,1610612765,5.0,3.0,2.0,0.0,5.0,0.0,5.0,5.0
1641842,22400612,1610612765,2.0,0.0,5.0,1.0,3.0,0.0,2.0,2.0
1630194,22400612,1610612765,2.0,1.0,1.0,0.0,1.0,1.0,0.0,0.0
1630249,22400612,1610612737,9.0,3.0,1.0,0.0,6.0,3.0,0.0,0.0
1630552,22400612,1610612737,17.0,4.0,9.0,0.0,21.0,8.0,1.0,1.0
1630168,22400612,1610612737,9.0,3.0,10.0,1.0,7.0,3.0,4.0,3.0
1630700,22400612,1610612737,20.0,2.0,10.0,0.0,21.0,10.0,1.0,0.0
1629027,22400612,1610612737,13.0,9.0,2.0,0.0,13.0,5.0,4.0,2.0
1629631,22400612,1610612737,10.0,3.0,0.0,0.0,14.0,2.0,6.0,6.0
203992,22400612,1610612737,2.0,1.0,3.0,0.0,9.0,0.0,2.0,2.0
203991,22400612,1610612737,16.0,0.0,10.0,2.0,8.0,6.0,5.0,4.0
1629726,22400612,1610612737,8.0,0.0,2.0,0.0,4.0,2.0,3.0,2.0
1630182,22400616,1610612766,8.0,1.0,0.0,0.0,5.0,3.0,0.0,0.0
1628970,22400616,1610612766,17.0,6.0,5.0,0.0,14.0,5.0,6.0,5.0
1631109,22400616,1610612766,38.0,5.0,9.0,0.0,18.0,14.0,13.0,10.0
1641733,22400616,1610612766,9.0,5.0,1.0,0.0,10.0,4.0,0.0,0.0
1630163,22400616,1610612766,22.0,6.0,8.0,0.0,20.0,7.0,6.0,6.0
1628998,22400616,1610612766,5.0,1.0,4.0,1.0,5.0,1.0,4.0,3.0
203995,22400616,1610612766,0.0,2.0,2.0,0.0,3.0,0.0,0.0,0.0
203552,22400616,1610612766,6.0,0.0,0.0,0.0,2.0,2.0,0.0,0.0
1631217,22400616,1610612766,3.0,0.0,2.0,2.0,2.0,1.0,1.0,1.0
1629006,22400616,1610612766,6.0,0.0,0.0,1.0,3.0,2.0,0.0,0.0
1631209,22400616,1610612766,6.0,1.0,1.0,0.0,4.0,2.0,2.0,2.0
1629610,22400616,1610612766,0.0,0.0,1.0,0.0,0.0,0.0,0.0,0.0
1642377,22400616,1610612763,13.0,2.0,3.0,0.0,10.0,4.0,2.0,2.0
1628991,22400616,1610612763,22.0,1.0,6.0,1.0,18.0,9.0,3.0,3.0
1641744,22400616,1610612763,7.0,1.0,6.0,1.0,7.0,3.0,2.0,1.0
1630217,22400616,1610612763,24.0,8.0,2.0,1.0,15.0,10.0,0.0,0.0
1629630,22400616,1610612763,16.0,13.0,4.0,1.0,9.0,5.0,4.0,4.0
1630583,22400616,1610612763,2.0,1.0,5.0,1.0,7.0,1.0,0.0,0.0
1628379,22400616,1610612763,23.0,3.0,4.0,0.0,12.0,8.0,0.0,0.0
1629634,22400616,1610612763,9.0,3.0,3.0,1.0,5.0,3.0,3.0,3.0
1630590,22400616,1610612763,0.0,4.0,3.0,0.0,5.0,0.0,0.0,0.0
1641713,22400616,1610612763,3.0,0.0,2.0,0.0,2.0,1.0,0.0,0.0
1630643,22400616,1610612763,13.0,0.0,2.0,0.0,8.0,5.0,0.0,0.0
203952,22400619,1610612744,25.0,3.0,6.0,0.0,20.0,8.0,5.0,4.0
1627780,22400619,1610612744,8.0,1.0,6.0,0.0,6.0,3.0,1.0,1.0
1626172,22400619,1610612744,0.0,0.0,2.0,0.0,3.0,0.0,0.0,0.0
1627741,22400619,1610612744,17.0,1.0,3.0,0.0,12.0,6.0,0.0,0.0
201939,22400619,1610612744,14.0,12.0,3.0,0.0,11.0,6.0,1.0,1.0
1630541,22400619,1610612744,11.0,2.0,2.0,0.0,10.0,4.0,0.0,0.0
1631218,22400619,1610612744,11.0,2.0,8.0,0.0,6.0,4.0,6.0,3.0
1630322,22400619,1610612744,3.0,2.0,0.0,1.0,2.0,1.0,0.0,0.0
203471,22400619,1610612744,7.0,5.0,3.0,0.0,8.0,3.0,0.0,0.0
1642366,22400619,1610612744,5.0,1.0,6.0,1.0,5.0,2.0,0.0,0.0
1630611,22400619,1610612744,16.0,2.0,5.0,0.0,9.0,6.0,0.0,0.0
201942,22400619,1610612758,32.0,2.0,5.0,2.0,21.0,12.0,6.0,5.0
1631099,22400619,1610612758,13.0,1.0,3.0,2.0,11.0,6.0,1.0,0.0
1627734,22400619,1610612758,26.0,3.0,18.0,0.0,12.0,8.0,8.0,8.0
1628370,22400619,1610612758,20.0,9.0,4.0,1.0,15.0,7.0,4.0,4.0
1628368,22400619,1610612758,14.0,5.0,5.0,0.0,11.0,2.0,10.0,10.0
1628989,22400619,1610612758,0.0,0.0,0.0,0.0,2.0,0.0,0.0,0.0
1631165,22400619,1610612758,8.0,2.0,0.0,1.0,4.0,3.0,1.0,1.0
1626168,22400619,1610612758,7.0,1.0,2.0,1.0,2.0,2.0,2.0,2.0
203458,22400619,1610612758,0.0,1.0,1.0,0.0,0.0,0.0,0.0,0.0
1642269,22400619,1610612758,3.0,0.0,0.0,0.0,3.0,1.0,0.0,0.0
1628374,22400618,1610612762,17.0,0.0,6.0,1.0,17.0,7.0,0.0,0.0
1628381,22400618,1610612762,22.0,1.0,12.0,1.0,13.0,9.0,2.0,2.0
1631117,22400618,1610612762,17.0,1.0,15.0,2.0,10.0,8.0,4.0,1.0
1629012,22400618,1610612762,18.0,9.0,4.0,0.0,15.0,7.0,4.0,2.0
1641718,22400618,1610612762,15.0,10.0,5.0,0.0,11.0,3.0,8.0,7.0
1642268,22400618,1610612762,8.0,2.0,1.0,0.0,10.0,3.0,0.0,0.0
1642271,22400618,1610612762,0.0,0.0,3.0,0.0,1.0,0.0,0.0,0.0
1629004,22400618,1610612762,6.0,0.0,1.0,0.0,6.0,2.0,0.0,0.0
1629234,22400618,1610612762,6.0,1.0,3.0,2.0,2.0,1.0,6.0,4.0
1641989,22400618,1610612762,5.0,1.0,2.0,0.0,5.0,2.0,0.0,0.0
1629652,22400618,1610612760,5.0,4.0,5.0,0.0,5.0,2.0,0.0,0.0
1631114,22400618,1610612760,25.0,2.0,3.0,0.0,18.0,9.0,7.0,6.0
1631119,22400618,1610612760,3.0,1.0,2.0,1.0,7.0,1.0,0.0,0.0
1630598,22400618,1610612760,10.0,1.0,4.0,0.0,7.0,4.0,0.0,0.0
1628983,22400618,1610612760,54.0,5.0,8.0,2.0,35.0,17.0,18.0,17.0
1641717,22400618,1610612760,13.0,1.0,4.0,0.0,8.0,6.0,0.0,0.0
1629026,22400618,1610612760,0.0,1.0,7.0,0.0,3.0,0.0,0.0,0.0
1627936,22400618,1610612760,7.0,5.0,3.0,0.0,7.0,3.0,0.0,0.0
1642382,22400618,1610612760,6.0,0.0,2.0,1.0,4.0,2.0,0.0,0.0
1641745,22400618,1610612760,0.0,0.0,0.0,0.0,0.0,0.0,0.0,0.0
1631172,22400618,1610612760,0.0,0.0,1.0,0.0,1.0,0.0,0.0,0.0
1630183,22400614,1610612750,27.0,0.0,8.0,3.0,18.0,10.0,8.0,6.0
203944,22400614,1610612750,16.0,3.0,6.0,0.0,13.0,4.0,8.0,7.0
203497,22400614,1610612750,14.0,2.0,6.0,3.0,4.0,3.0,8.0,8.0
1630162,22400614,1610612750,21.0,7.0,5.0,0.0,19.0,6.0,8.0,7.0
201144,22400614,1610612750,18.0,8.0,5.0,0.0,9.0,6.0,2.0,2.0
1629638,22400614,1610612750,7.0,4.0,3.0,2.0,6.0,3.0,0.0,0.0
1629675,22400614,1610612750,12.0,1.0,6.0,0.0,9.0,5.0,0.0,0.0
1642265,22400614,1610612750,0.0,1.0,0.0,0.0,3.0,0.0,0.0,0.0
1641765,22400614,1610612742,4.0,2.0,4.0,0.0,7.0,2.0,0.0,0.0
1629023,22400614,1610612742,30.0,2.0,7.0,0.0,22.0,12.0,7.0,5.0
1629655,22400614,1610612742,14.0,2.0,12.0,3.0,11.0,6.0,2.0,2.0
1629656,22400614,1610612742,5.0,3.0,4.0,0.0,7.0,2.0,0.0,0.0
202681,22400614,1610612742,36.0,9.0,4.0,0.0,21.0,12.0,8.0,8.0
1628467,22400614,1610612742,10.0,1.0,2.0,0.0,5.0,4.0,2.0,1.0
203915,22400614,1610612742,9.0,1.0,3.0,1.0,13.0,4.0,0.0,0.0
1630556,22400614,1610612742,4.0,1.0,2.0,0.0,2.0,2.0,0.0,0.0
1630314,22400614,1610612742,2.0,3.0,0.0,0.0,2.0,1.0,0.0,0.0
1642346,22400613,1610612756,6.0,3.0,2.0,0.0,8.0,3.0,0.0,0.0
201142,22400613,1610612756,24.0,3.0,8.0,1.0,15.0,8.0,4.0,4.0
1630208,22400613,1610612756,8.0,0.0,15.0,0.0,4.0,3.0,2.0,2.0
1626164,22400613,1610612756,32.0,6.0,2.0,0.0,24.0,14.0,1.0,1.0
1626145,22400613,1610612756,8.0,7.0,2.0,0.0,6.0,3.0,0.0,0.0
1628960,22400613,1610612756,8.0,4.0,2.0,0.0,6.0,2.0,2.0,2.0
203486,22400613,1610612756,6.0,1.0,5.0,0.0,4.0,3.0,0.0,0.0
1626220,22400613,1610612756,3.0,0.0,4.0,0.0,9.0,1.0,0.0,0.0
1628420,22400613,1610612756,7.0,2.0,2.0,0.0,7.0,3.0,0.0,0.0
1642345,22400613,1610612756,0.0,1.0,1.0,0.0,0.0,0.0,2.0,0.0
1627814,22400613,1610612756,3.0,1.0,1.0,0.0,3.0,1.0,0.0,0.0
1629626,22400613,1610612756,1.0,0.0,3.0,0.0,1.0,0.0,2.0,1.0
1631221,22400613,1610612756,2.0,0.0,1.0,0.0,1.0,1.0,0.0,0.0
1630592,22400613,1610612751,15.0,3.0,4.0,0.0,12.0,5.0,4.0,4.0
1641730,22400613,1610612751,7.0,0.0,5.0,1.0,10.0,2.0,2.0,1.0
1629651,22400613,1610612751,10.0,2.0,12.0,0.0,9.0,5.0,0.0,0.0
1630553,22400613,1610612751,20.0,2.0,7.0,0.0,16.0,9.0,1.0,1.0
1631213,22400613,1610612751,2.0,2.0,7.0,0.0,10.0,1.0,0.0,0.0
1641787,22400613,1610612751,6.0,2.0,3.0,0.0,15.0,2.0,2.0,2.0
1630549,22400613,1610612751,8.0,2.0,9.0,0.0,7.0,4.0,2.0,0.0
1641736,22400613,1610612751,4.0,3.0,3.0,0.0,5.0,2.0,0.0,0.0
1641727,22400613,1610612751,12.0,0.0,2.0,0.0,7.0,4.0,3.0,1.0
1630573,22400620,1610612738,15.0,0.0,4.0,0.0,7.0,5.0,0.0,0.0
1628369,22400620,1610612738,24.0,8.0,7.0,2.0,22.0,9.0,3.0,2.0
1628436,22400620,1610612738,2.0,1.0,2.0,1.0,2.0,0.0,2.0,2.0
1627759,22400620,1610612738,25.0,6.0,2.0,1.0,15.0,8.0,9.0,7.0
1628401,22400620,1610612738,20.0,4.0,6.0,0.0,17.0,7.0,2.0,2.0
1629674,22400620,1610612738,11.0,1.0,4.0,0.0,7.0,5.0,2.0,1.0
1630202,22400620,1610612738,9.0,3.0,4.0,0.0,11.0,4.0,0.0,0.0
1631248,22400620,1610612738,0.0,0.0,0.0,0.0,2.0,0.0,0.0,0.0
1641775,22400620,1610612738,3.0,1.0,1.0,0.0,1.0,1.0,0.0,0.0
1630531,22400620,1610612738,8.0,0.0,2.0,0.0,6.0,2.0,2.0,2.0
1629599,22400620,1610612746,24.0,2.0,3.0,0.0,15.0,9.0,5.0,5.0
1627884,22400620,1610612746,29.0,3.0,7.0,1.0,20.0,12.0,2.0,1.0
1628964,22400620,1610612746,5.0,0.0,3.0,0.0,3.0,2.0,2.0,1.0
1629611,22400620,1610612746,11.0,7.0,5.0,1.0,11.0,4.0,4.0,3.0
1629645,22400620,1610612746,26.0,7.0,7.0,0.0,21.0,12.0,0.0,0.0
1641738,22400620,1610612746,4.0,2.0,11.0,2.0,7.0,2.0,0.0,0.0
1630538,22400620,1610612746,8.0,2.0,2.0,0.0,7.0,3.0,0.0,0.0
1641757,22400620,1610612746,6.0,0.0,1.0,2.0,5.0,3.0,0.0,0.0
1642353,22400620,1610612746,0.0,1.0,1.0,0.0,1.0,0.0,0.0,0.0
1629622,22400615,1610612739,5.0,5.0,1.0,0.0,6.0,2.0,0.0,0.0
1629731,22400615,1610612739,8.0,3.0,8.0,1.0,8.0,3.0,0.0,0.0
1628386,22400615,1610612739,17.0,3.0,13.0,3.0,11.0,7.0,3.0,3.0
1628378,22400615,1610612739,19.0,3.0,3.0,1.0,21.0,7.0,5.0,4.0
1629636,22400615,1610612739,26.0,5.0,2.0,0.0,21.0,10.0,8.0,3.0
1627777,22400615,1610612739,8.0,0.0,5.0,0.0,7.0,3.0,0.0,0.0
1629660,22400615,1610612739,18.0,0.0,4.0,0.0,12.0,6.0,3.0,3.0
1630241,22400615,1610612739,7.0,3.0,5.0,0.0,9.0,3.0,0.0,0.0
202684,22400615,1610612739,0.0,3.0,3.0,0.0,1.0,0.0,0.0,0.0
1642281,22400615,1610612739,0.0,0.0,1.0,0.0,1.0,0.0,0.0,0.0
1628415,22400615,1610612745,4.0,1.0,0.0,0.0,3.0,1.0,2.0,2.0
1641708,22400615,1610612745,16.0,4.0,16.0,0.0,15.0,7.0,2.0,1.0
1630578,22400615,1610612745,18.0,4.0,11.0,1.0,13.0,7.0,6.0,4.0
1630224,22400615,1610612745,10.0,5.0,2.0,0.0,16.0,4.0,0.0,0.0
1627832,22400615,1610612745,26.0,5.0,3.0,0.0,15.0,8.0,3.0,3.0
1631106,22400615,1610612745,12.0,2.0,6.0,0.0,10.0,4.0,1.0,1.0
1641715,22400615,1610612745,16.0,1.0,2.0,2.0,12.0,6.0,2.0,2.0
203500,22400615,1610612745,3.0,2.0,11.0,2.0,2.0,1.0,4.0,1.0
1630256,22400615,1610612745,4.0,1.0,2.0,0.0,5.0,2.0,0.0,0.0
1641731,22400610,1610612764,17.0,4.0,6.0,2.0,15.0,7.0,2.0,2.0
1628398,22400610,1610612764,12.0,5.0,9.0,0.0,13.0,5.0,4.0,1.0
1642259,22400610,1610612764,10.0,2.0,6.0,5.0,14.0,5.0,0.0,0.0
1629673,22400610,1610612764,15.0,3.0,7.0,0.0,18.0,5.0,1.0,1.0
1642267,22400610,1610612764,3.0,2.0,4.0,0.0,8.0,1.0,0.0,0.0
1630557,22400610,1610612764,15.0,2.0,4.0,0.0,11.0,5.0,2.0,2.0
202685,22400610,1610612764,8.0,2.0,7.0,0.0,6.0,4.0,0.0,0.0
1642273,22400610,1610612764,8.0,5.0,2.0,1.0,7.0,2.0,4.0,3.0
1630551,22400610,1610612764,0.0,0.0,1.0,0.0,0.0,0.0,0.0,0.0
1641774,22400610,1610612764,0.0,0.0,0.0,0.0,2.0,0.0,0.0,0.0
1631098,22400610,1610612764,0.0,0.0,0.0,0.0,1.0,0.0,0.0,0.0
1630264,22400610,1610612764,0.0,0.0,0.0,0.0,0.0,0.0,0.0,0.0
1629060,22400610,1610612747,9.0,0.0,5.0,0.0,10.0,4.0,2.0,1.0
2544,22400610,1610612747,21.0,13.0,10.0,1.0,18.0,8.0,3.0,3.0
203076,22400610,1610612747,29.0,5.0,16.0,4.0,22.0,14.0,1.0,0.0
1631108,22400610,1610612747,5.0,1.0,5.0,3.0,7.0,2.0,0.0,0.0
1630559,22400610,1610612747,16.0,8.0,2.0,0.0,15.0,4.0,7.0,7.0
1627827,22400610,1610612747,16.0,0.0,2.0,0.0,8.0,6.0,0.0,0.0
1629216,22400610,1610612747,3.0,3.0,2.0,0.0,2.0,1.0,0.0,0.0
1629637,22400610,1610612747,8.0,0.0,3.0,2.0,3.0,3.0,3.0,2.0
1642261,22400610,1610612747,3.0,0.0,2.0,0.0,4.0,1.0,0.0,0.0
1642355,22400610,1610612747,0.0,0.0,1.0,0.0,1.0,0.0,0.0,0.0
1641998,22400610,1610612747,1.0,0.0,2.0,0.0,0.0,0.0,2.0,1.0
1626162,22400609,1610612755,8.0,2.0,3.0,1.0,9.0,4.0,0.0,0.0
202331,22400609,1610612755,11.0,9.0,5.0,1.0,11.0,5.0,0.0,0.0
203083,22400609,1610612755,8.0,2.0,5.0,0.0,7.0,4.0,0.0,0.0
201569,22400609,1610612755,9.0,3.0,0.0,0.0,4.0,3.0,0.0,0.0
1630178,22400609,1610612755,28.0,10.0,2.0,0.0,21.0,11.0,3.0,3.0
1642348,22400609,1610612755,11.0,1.0,3.0,0.0,10.0,4.0,0.0,0.0
1627824,22400609,1610612755,22.0,3.0,3.0,0.0,13.0,8.0,3.0,2.0
202704,22400609,1610612755,2.0,0.0,0.0,0.0,2.0,1.0,0.0,0.0
1641737,22400609,1610612755,3.0,1.0,3.0,2.0,3.0,1.0,2.0,1.0
1641741,22400609,1610612755,5.0,3.0,0.0,0.0,11.0,2.0,0.0,0.0
1631250,22400609,1610612755,0.0,0.0,1.0,0.0,1.0,0.0,0.0,0.0
1630288,22400609,1610612755,2.0,0.0,0.0,0.0,4.0,1.0,0.0,0.0
1631128,22400609,1610612743,20.0,2.0,2.0,0.0,11.0,8.0,5.0,4.0
1629008,22400609,1610612743,19.0,1.0,6.0,0.0,13.0,8.0,0.0,0.0
203999,22400609,1610612743,27.0,10.0,13.0,1.0,15.0,10.0,5.0,5.0
201566,22400609,1610612743,11.0,9.0,7.0,0.0,5.0,4.0,2.0,2.0
1627750,22400609,1610612743,9.0,7.0,6.0,0.0,7.0,2.0,5.0,5.0
203932,22400609,1610612743,19.0,3.0,0.0,0.0,7.0,6.0,4.0,4.0
1631124,22400609,1610612743,23.0,2.0,2.0,0.0,14.0,8.0,2.0,2.0
1631212,22400609,1610612743,3.0,1.0,1.0,1.0,4.0,1.0,0.0,0.0
201599,22400609,1610612743,4.0,1.0,6.0,1.0,1.0,1.0,2.0,2.0
1629618,22400609,1610612743,2.0,1.0,1.0,0.0,2.0,1.0,0.0,0.0
1641816,22400609,1610612743,3.0,1.0,2.0,0.0,4.0,1.0,0.0,0.0
1630192,22400609,1610612743,0.0,0.0,2.0,1.0,0.0,0.0,0.0,0.0
1641790,22400609,1610612743,4.0,1.0,3.0,0.0,2.0,2.0,0.0,0.0
1630166,22400607,1610612757,16.0,5.0,10.0,0.0,11.0,5.0,10.0,5.0
203924,22400607,1610612757,18.0,1.0,2.0,2.0,14.0,5.0,6.0,5.0
1629028,22400607,1610612757,22.0,2.0,15.0,0.0,14.0,11.0,0.0,0.0
1629014,22400607,1610612757,24.0,3.0,4.0,1.0,20.0,9.0,1.0,0.0
1630703,22400607,1610612757,11.0,8.0,2.0,0.0,8.0,4.0,2.0,1.0
1631101,22400607,1610612757,12.0,4.0,5.0,0.0,9.0,4.0,2.0,2.0
1630625,22400607,1610612757,11.0,1.0,3.0,1.0,9.0,4.0,2.0,2.0
1631133,22400607,1610612757,0.0,1.0,2.0,0.0,1.0,0.0,0.0,0.0
1629057,22400607,1610612757,2.0,0.0,4.0,1.0,1.0,1.0,0.0,0.0
202710,22400607,1610612748,13.0,8.0,4.0,0.0,9.0,4.0,4.0,4.0
1628389,22400607,1610612748,12.0,0.0,10.0,0.0,10.0,5.0,3.0,2.0
1642276,22400607,1610612748,20.0,0.0,15.0,2.0,17.0,8.0,2.0,2.0
1629130,22400607,1610612748,22.0,4.0,5.0,1.0,15.0,8.0,0.0,0.0
1626179,22400607,1610612748,9.0,3.0,1.0,0.0,13.0,4.0,0.0,0.0
1631107,22400607,1610612748,12.0,8.0,4.0,0.0,14.0,5.0,0.0,0.0
1631170,22400607,1610612748,8.0,3.0,6.0,0.0,5.0,3.0,2.0,2.0
202692,22400607,1610612748,0.0,0.0,0.0,0.0,3.0,0.0,0.0,0.0
1629312,22400607,1610612748,0.0,0.0,0.0,0.0,0.0,0.0,0.0,0.0
1641796,22400607,1610612748,11.0,0.0,0.0,0.0,7.0,4.0,1.0,1.0
1628404,22400606,1610612752,7.0,9.0,12.0,0.0,5.0,3.0,0.0,0.0
1628384,22400606,1610612752,20.0,3.0,4.0,1.0,18.0,8.0,2.0,2.0
1626157,22400606,1610612752,25.0,6.0,16.0,2.0,18.0,11.0,4.0,3.0
1628969,22400606,1610612752,10.0,2.0,1.0,0.0,13.0,3.0,2.0,2.0
1628973,22400606,1610612752,17.0,4.0,3.0,0.0,18.0,7.0,4.0,2.0
1630540,22400606,1610612752,7.0,1.0,1.0,0.0,6.0,3.0,0.0,0.0
1630173,22400606,1610612752,11.0,1.0,4.0,0.0,7.0,5.0,0.0,0.0
1626166,22400606,1610612752,2.0,3.0,1.0,0.0,2.0,0.0,2.0,2.0
1629013,22400606,1610612752,0.0,0.0,0.0,0.0,0.0,0.0,0.0,0.0
1629661,22400606,1610612751,16.0,2.0,3.0,2.0,20.0,6.0,2.0,2.0
1641730,22400606,1610612751,10.0,1.0,6.0,2.0,8.0,4.0,0.0,0.0
1629651,22400606,1610612751,8.0,2.0,12.0,0.0,11.0,4.0,2.0,0.0
1630553,22400606,1610612751,7.0,2.0,3.0,0.0,7.0,2.0,3.0,2.0
1626156,22400606,1610612751,23.0,10.0,2.0,3.0,17.0,6.0,7.0,7.0
1630592,22400606,1610612751,3.0,2.0,5.0,0.0,5.0,1.0,4.0,1.0
1630549,22400606,1610612751,10.0,0.0,3.0,2.0,4.0,3.0,4.0,4.0
1631213,22400606,1610612751,13.0,1.0,7.0,0.0,8.0,5.0,0.0,0.0
1641787,22400606,1610612751,5.0,1.0,6.0,0.0,6.0,1.0,3.0,3.0
1641783,22400608,1610612753,9.0,4.0,5.0,1.0,10.0,3.0,2.0,2.0
1631094,22400608,1610612753,26.0,2.0,12.0,1.0,19.0,10.0,7.0,3.0
1628976,22400608,1610612753,10.0,3.0,10.0,0.0,11.0,4.0,2.0,2.0
203484,22400608,1610612753,20.0,1.0,1.0,0.0,12.0,8.0,2.0,2.0
1641710,22400608,1610612753,17.0,2.0,7.0,0.0,17.0,6.0,4.0,4.0
1630243,22400608,1610612753,5.0,1.0,3.0,0.0,6.0,2.0,0.0,0.0
1628371,22400608,1610612753,0.0,0.0,2.0,0.0,3.0,0.0,0.0,0.0
1631216,22400608,1610612753,3.0,2.0,8.0,0.0,5.0,1.0,0.0,0.0
202709,22400608,1610612753,3.0,1.0,0.0,0.0,2.0,1.0,2.0,1.0
1630567,22400608,1610612761,17.0,8.0,11.0,1.0,13.0,6.0,4.0,3.0
1629628,22400608,1610612761,19.0,2.0,8.0,0.0,9.0,6.0,7.0,5.0
1627751,22400608,1610612761,8.0,0.0,3.0,1.0,6.0,4.0,0.0,0.0
1641711,22400608,1610612761,17.0,1.0,1.0,0.0,9.0,6.0,6.0,3.0
1630558,22400608,1610612761,7.0,6.0,2.0,0.0,5.0,3.0,0.0,0.0
1628971,22400608,1610612761,15.0,5.0,5.0,0.0,11.0,5.0,3.0,3.0
1642347,22400608,1610612761,6.0,1.0,2.0,0.0,5.0,2.0,0.0,0.0
1642266,22400608,1610612761,3.0,1.0,3.0,0.0,2.0,1.0,1.0,1.0
203482,22400608,1610612761,12.0,3.0,3.0,4.0,6.0,4.0,4.0,2.0
1628449,22400608,1610612761,2.0,1.0,2.0,0.0,4.0,1.0,0.0,0.0
1642419,22400608,1610612761,0.0,0.0,0.0,0.0,0.0,0.0,0.0,0.0
1642279,22400608,1610612761,1.0,1.0,2.0,0.0,0.0,0.0,2.0,1.0
1631115,22400608,1610612761,0.0,0.0,0.0,0.0,1.0,0.0,0.0,0.0
1630639,22400608,1610612761,2.0,0.0,0.0,0.0,1.0,1.0,1.0,0.0
202066,22400608,1610612761,0.0,0.0,0.0,0.0,1.0,0.0,0.0,0.0
202691,22400599,1610612742,7.0,2.0,2.0,0.0,5.0,2.0,3.0,2.0
1629023,22400599,1610612742,13.0,1.0,9.0,0.0,15.0,5.0,2.0,2.0
1629655,22400599,1610612742,31.0,3.0,15.0,7.0,15.0,12.0,7.0,7.0
203915,22400599,1610612742,7.0,3.0,5.0,0.0,11.0,3.0,1.0,1.0
202681,22400599,1610612742,33.0,3.0,4.0,0.0,24.0,11.0,9.0,8.0
1628467,22400599,1610612742,0.0,2.0,2.0,1.0,2.0,0.0,0.0,0.0
1630230,22400599,1610612742,8.0,4.0,5.0,0.0,10.0,3.0,2.0,1.0
1641765,22400599,1610612742,6.0,1.0,8.0,0.0,4.0,2.0,2.0,2.0
1630556,22400599,1610612742,0.0,0.0,1.0,0.0,2.0,0.0,0.0,0.0
1630182,22400599,1610612766,4.0,2.0,5.0,0.0,6.0,1.0,2.0,2.0
1628970,22400599,1610612766,23.0,2.0,5.0,1.0,15.0,8.0,4.0,3.0
1631109,22400599,1610612766,13.0,2.0,13.0,3.0,14.0,5.0,4.0,3.0
1641733,22400599,1610612766,19.0,1.0,3.0,0.0,13.0,7.0,0.0,0.0
1630163,22400599,1610612766,23.0,9.0,7.0,1.0,21.0,8.0,4.0,2.0
1628998,22400599,1610612766,10.0,7.0,7.0,1.0,8.0,4.0,2.0,1.0
1631217,22400599,1610612766,10.0,0.0,2.0,1.0,6.0,4.0,2.0,2.0
1629006,22400599,1610612766,5.0,1.0,4.0,0.0,8.0,2.0,0.0,0.0
203552,22400599,1610612766,3.0,1.0,0.0,0.0,3.0,1.0,0.0,0.0
203995,22400599,1610612766,0.0,3.0,3.0,0.0,4.0,0.0,0.0,0.0
1630249,22400602,1610612737,11.0,4.0,2.0,0.0,6.0,4.0,0.0,0.0
1630552,22400602,1610612737,11.0,4.0,12.0,1.0,12.0,4.0,3.0,3.0
1630168,22400602,1610612737,14.0,2.0,9.0,0.0,10.0,7.0,0.0,0.0
1630700,22400602,1610612737,10.0,3.0,4.0,1.0,7.0,5.0,0.0,0.0
1629027,22400602,1610612737,27.0,6.0,3.0,1.0,22.0,8.0,6.0,5.0
1629631,22400602,1610612737,22.0,1.0,0.0,1.0,14.0,7.0,6.0,4.0
203991,22400602,1610612737,12.0,0.0,9.0,2.0,9.0,5.0,2.0,2.0
1629726,22400602,1610612737,2.0,3.0,0.0,0.0,1.0,0.0,3.0,2.0
203992,22400602,1610612737,1.0,0.0,2.0,0.0,4.0,0.0,2.0,1.0
1628384,22400602,1610612752,8.0,2.0,9.0,0.0,4.0,2.0,4.0,4.0
1628404,22400602,1610612752,14.0,5.0,9.0,0.0,12.0,7.0,0.0,0.0
1626157,22400602,1610612752,13.0,7.0,9.0,1.0,18.0,5.0,2.0,2.0
1628969,22400602,1610612752,26.0,4.0,1.0,0.0,17.0,12.0,1.0,1.0
1628973,22400602,1610612752,34.0,6.0,1.0,0.0,18.0,12.0,11.0,7.0
1630540,22400602,1610612752,9.0,3.0,3.0,0.0,10.0,4.0,0.0,0.0
1630173,22400602,1610612752,2.0,2.0,5.0,0.0,2.0,1.0,0.0,0.0
1629013,22400602,1610612752,3.0,0.0,1.0,0.0,1.0,1.0,2.0,1.0
1626166,22400602,1610612752,10.0,2.0,1.0,0.0,8.0,3.0,1.0,1.0
203897,22400611,1610612741,35.0,0.0,3.0,0.0,21.0,11.0,10.0,8.0
1630172,22400611,1610612741,8.0,3.0,5.0,1.0,7.0,3.0,0.0,0.0
202696,22400611,1610612741,14.0,4.0,8.0,1.0,15.0,6.0,2.0,1.0
1628366,22400611,1610612741,5.0,3.0,4.0,1.0,9.0,2.0,0.0,0.0
1630581,22400611,1610612741,18.0,9.0,10.0,0.0,9.0,7.0,2.0,2.0
1631207,22400611,1610612741,1.0,2.0,6.0,1.0,3.0,0.0,2.0,1.0
1641824,22400611,1610612741,5.0,0.0,4.0,0.0,6.0,1.0,2.0,2.0
1630188,22400611,1610612741,4.0,1.0,7.0,1.0,5.0,1.0,2.0,2.0
1629659,22400611,1610612741,18.0,3.0,1.0,0.0,15.0,6.0,4.0,4.0
1641763,22400611,1610612741,4.0,0.0,6.0,1.0,4.0,1.0,2.0,1.0
1626181,22400611,1610612746,27.0,2.0,2.0,0.0,22.0,9.0,7.0,6.0
1627884,22400611,1610612746,12.0,0.0,6.0,0.0,11.0,5.0,2.0,2.0
1628964,22400611,1610612746,10.0,0.0,7.0,0.0,7.0,4.0,0.0,0.0
1627739,22400611,1610612746,2.0,1.0,1.0,1.0,1.0,1.0,0.0,0.0
201935,22400611,1610612746,17.0,10.0,5.0,1.0,17.0,5.0,4.0,4.0
1629599,22400611,1610612746,8.0,2.0,4.0,1.0,9.0,2.0,4.0,4.0
201587,22400611,1610612746,0.0,1.0,6.0,2.0,2.0,0.0,0.0,0.0
1629645,22400611,1610612746,2.0,4.0,3.0,0.0,10.0,1.0,0.0,0.0
1629611,22400611,1610612746,12.0,0.0,2.0,2.0,9.0,6.0,0.0,0.0
1641738,22400611,1610612746,5.0,4.0,3.0,0.0,4.0,2.0,0.0,0.0
1642280,22400611,1610612746,0.0,0.0,0.0,0.0,0.0,0.0,0.0,0.0
1641757,22400611,1610612746,2.0,0.0,0.0,0.0,1.0,1.0,0.0,0.0
1642353,22400611,1610612746,0.0,0.0,1.0,0.0,0.0,0.0,0.0,0.0
1630539,22400611,1610612746,2.0,0.0,0.0,0.0,1.0,1.0,0.0,0.0
1627759,22400604,1610612738,17,2,4,0,14,8,0,0
1628369,22400604,1610612738,22,7,9,0,20,9,1,1
204001,22400604,1610612738,18,2,7,0,13,6,3,3
1628401,22400604,1610612738,8,5,5,3,5,3,0,0
201950,22400604,1610612738,10,1,4,0,5,4,0,0
201143,22400604,1610612738,3,2,4,2,3,1,0,0
1628436,22400604,1610612738,8,2,7,2,4,4,0,0
1630202,22400604,1610612738,14,9,2,1,10,5,2,2
1630573,22400604,1610612738,11,1,2,1,7,4,0,0
1641775,22400604,1610612738,6,0,2,0,4,2,0,0
1630214,22400604,1610612738,0,0,1,0,1,0,0,0
1630531,22400604,1610612738,0,1,0,0,1,0,0,0
1629674,22400604,1610612738,3,0,0,0,2,1,2,1
1631248,22400604,1610612738,5,1,3,0,3,2,0,0
203952,22400604,1610612744,4,0,3,1,11,1,2,2
1627780,22400604,1610612744,2,3,3,0,3,1,0,0
1631218,22400604,1610612744,5,4,5,0,3,2,2,1
203471,22400604,1610612744,7,1,0,0,8,3,0,0
201939,22400604,1610612744,18,4,3,0,16,6,2,2
1630611,22400604,1610612744,7,0,2,0,8,3,0,0
1626172,22400604,1610612744,5,1,7,0,4,2,2,1
1627741,22400604,1610612744,6,2,2,0,5,2,3,1
1630541,22400604,1610612744,13,5,6,1,13,5,0,0
1630322,22400604,1610612744,6,2,4,0,7,2,0,0
1642366,22400604,1610612744,9,3,1,1,8,4,0,0
1630311,22400604,1610612744,3,3,2,0,6,1,0,0
1630183,22400601,1610612750,11.0,1.0,12.0,2.0,12.0,5.0,0.0,0.0
203944,22400601,1610612750,5.0,7.0,11.0,2.0,13.0,2.0,3.0,1.0
203497,22400601,1610612750,4.0,2.0,4.0,1.0,5.0,1.0,2.0,2.0
1630162,22400601,1610612750,32.0,3.0,4.0,1.0,19.0,8.0,18.0,13.0
201144,22400601,1610612750,5.0,8.0,4.0,0.0,6.0,1.0,2.0,2.0
1629675,22400601,1610612750,29.0,1.0,8.0,0.0,20.0,11.0,2.0,2.0
1629638,22400601,1610612750,5.0,1.0,5.0,0.0,10.0,2.0,0.0,0.0
1630568,22400601,1610612750,0.0,0.0,1.0,0.0,0.0,0.0,0.0,0.0
1642265,22400601,1610612750,15.0,2.0,3.0,0.0,8.0,6.0,0.0,0.0
1642377,22400601,1610612763,13.0,1.0,2.0,0.0,9.0,4.0,3.0,3.0
1628991,22400601,1610612763,24.0,0.0,11.0,2.0,18.0,9.0,7.0,6.0
1641744,22400601,1610612763,2.0,0.0,7.0,1.0,2.0,1.0,0.0,0.0
1630217,22400601,1610612763,22.0,5.0,6.0,0.0,14.0,7.0,4.0,4.0
1629630,22400601,1610612763,19.0,7.0,4.0,0.0,16.0,5.0,13.0,9.0
1628379,22400601,1610612763,7.0,2.0,4.0,0.0,4.0,2.0,2.0,2.0
1629634,22400601,1610612763,7.0,0.0,5.0,0.0,3.0,2.0,3.0,3.0
1630583,22400601,1610612763,2.0,1.0,2.0,0.0,8.0,1.0,2.0,0.0
1630590,22400601,1610612763,6.0,3.0,2.0,0.0,4.0,3.0,0.0,0.0
1631222,22400601,1610612763,2.0,0.0,2.0,0.0,2.0,1.0,0.0,0.0
1630643,22400601,1610612763,0.0,0.0,1.0,1.0,1.0,0.0,0.0,0.0
1641713,22400601,1610612763,4.0,0.0,1.0,0.0,5.0,2.0,0.0,0.0
