player_id,game_id,team_id,points,assists,rebounds,blocks,FGA,FGM,FTA,FTM
1629060,0022401159,1610612747,15.0,2.0,2.0,0.0,10.0,5.0,2.0,2.0
2544,0022401159,1610612747,27.0,3.0,7.0,0.0,20.0,11.0,6.0,5.0
1629637,0022401159,1610612747,3.0,0.0,5.0,0.0,3.0,1.0,2.0,1.0
1630559,0022401159,1610612747,11.0,4.0,4.0,0.0,10.0,4.0,2.0,2.0
1629029,0022401159,1610612747,45.0,6.0,8.0,0.0,28.0,16.0,9.0,6.0
1627827,0022401159,1610612747,5.0,5.0,5.0,0.0,8.0,2.0,0.0,0.0
1629216,0022401159,1610612747,2.0,0.0,1.0,0.0,5.0,1.0,0.0,0.0
1630692,0022401159,1610612747,0.0,0.0,2.0,0.0,1.0,0.0,0.0,0.0
1629020,0022401159,1610612747,2.0,1.0,5.0,0.0,4.0,1.0,0.0,0.0
1642261,0022401159,1610612747,2.0,0.0,0.0,0.0,1.0,1.0,0.0,0.0
1641998,0022401159,1610612747,0.0,0.0,0.0,0.0,0.0,0.0,0.0,0.0
1642355,0022401159,1610612747,0.0,1.0,0.0,0.0,0.0,0.0,0.0,0.0
1629023,0022401159,1610612742,14.0,3.0,5.0,1.0,12.0,4.0,4.0,3.0
203076,0022401159,1610612742,13.0,6.0,11.0,1.0,13.0,5.0,5.0,3.0
1641726,0022401159,1610612742,6.0,0.0,0.0,0.0,3.0,3.0,0.0,0.0
202691,0022401159,1610612742,6.0,1.0,2.0,0.0,8.0,2.0,0.0,0.0
1630230,0022401159,1610612742,23.0,8.0,4.0,0.0,14.0,9.0,4.0,3.0
203915,0022401159,1610612742,5.0,4.0,3.0,0.0,1.0,1.0,2.0,2.0
1631108,0022401159,1610612742,11.0,3.0,3.0,2.0,8.0,5.0,2.0,0.0
1628997,0022401159,1610612742,9.0,2.0,3.0,0.0,7.0,3.0,4.0,3.0
1629655,0022401159,1610612742,10.0,3.0,6.0,2.0,6.0,4.0,2.0,2.0
203939,0022401159,1610612742,0.0,0.0,1.0,0.0,0.0,0.0,0.0,0.0
1629022,0022401157,1610612755,24.0,1.0,0.0,0.0,17.0,7.0,8.0,7.0
1630542,0022401157,1610612755,4.0,2.0,8.0,1.0,8.0,1.0,2.0,1.0
1641737,0022401157,1610612755,17.0,0.0,9.0,2.0,8.0,6.0,7.0,5.0
1629656,0022401157,1610612755,17.0,7.0,11.0,1.0,17.0,4.0,8.0,6.0
1630215,0022401157,1610612755,13.0,4.0,6.0,0.0,14.0,5.0,0.0,0.0
1642024,0022401157,1610612755,4.0,0.0,2.0,2.0,2.0,1.0,2.0,1.0
1641741,0022401157,1610612755,11.0,1.0,5.0,0.0,6.0,3.0,5.0,4.0
1630288,0022401157,1610612755,30.0,3.0,0.0,1.0,15.0,11.0,6.0,4.0
1630658,0022401157,1610612755,2.0,2.0,14.0,1.0,4.0,1.0,0.0,0.0
1642273,0022401157,1610612764,13.0,2.0,4.0,0.0,10.0,4.0,4.0,3.0
1630551,0022401157,1610612764,14.0,1.0,12.0,1.0,12.0,5.0,4.0,4.0
1642259,0022401157,1610612764,12.0,3.0,4.0,1.0,14.0,5.0,2.0,2.0
1642358,0022401157,1610612764,7.0,3.0,4.0,0.0,11.0,1.0,4.0,4.0
1642267,0022401157,1610612764,12.0,6.0,4.0,0.0,6.0,4.0,2.0,2.0
1641732,0022401157,1610612764,13.0,4.0,7.0,0.0,11.0,5.0,2.0,1.0
1641798,0022401157,1610612764,8.0,3.0,4.0,0.0,9.0,3.0,3.0,2.0
1630550,0022401157,1610612764,0.0,0.0,2.0,0.0,1.0,0.0,0.0,0.0
1641774,0022401157,1610612764,24.0,0.0,6.0,0.0,13.0,7.0,9.0,7.0
1629680,0022401162,1610612757,12.0,6.0,4.0,0.0,6.0,5.0,0.0,0.0
1641739,0022401162,1610612757,16.0,2.0,6.0,1.0,18.0,6.0,2.0,2.0
1642270,0022401162,1610612757,10.0,4.0,9.0,2.0,4.0,3.0,4.0,4.0
1631101,0022401162,1610612757,37.0,5.0,7.0,0.0,23.0,13.0,10.0,5.0
1630625,0022401162,1610612757,11.0,4.0,2.0,1.0,16.0,4.0,4.0,3.0
1631200,0022401162,1610612757,6.0,3.0,3.0,1.0,7.0,3.0,0.0,0.0
1631133,0022401162,1610612757,15.0,0.0,7.0,0.0,11.0,7.0,3.0,1.0
1641712,0022401162,1610612757,19.0,2.0,4.0,0.0,17.0,7.0,5.0,4.0
1631303,0022401162,1610612757,0.0,1.0,1.0,0.0,2.0,0.0,0.0,0.0
1641729,0022401162,1610612762,22.0,4.0,4.0,0.0,12.0,7.0,2.0,2.0
1630548,0022401162,1610612762,14.0,1.0,5.0,1.0,9.0,4.0,4.0,4.0
1642271,0022401162,1610612762,30.0,5.0,18.0,2.0,17.0,13.0,4.0,2.0
1629012,0022401162,1610612762,15.0,5.0,0.0,0.0,14.0,6.0,3.0,3.0
1641718,0022401162,1610612762,18.0,6.0,6.0,0.0,16.0,6.0,2.0,2.0
1630695,0022401162,1610612762,4.0,0.0,3.0,1.0,4.0,2.0,0.0,0.0
1630531,0022401162,1610612762,6.0,4.0,6.0,0.0,8.0,2.0,2.0,2.0
1629004,0022401162,1610612762,7.0,2.0,4.0,0.0,4.0,3.0,0.0,0.0
1631131,0022401162,1610612762,17.0,0.0,10.0,0.0,14.0,7.0,5.0,3.0
1627936,0022401164,1610612760,19.0,3.0,5.0,0.0,8.0,6.0,6.0,5.0
1631114,0022401164,1610612760,33.0,5.0,7.0,0.0,23.0,13.0,6.0,5.0
1631096,0022401164,1610612760,22.0,4.0,10.0,0.0,12.0,5.0,13.0,12.0
1630598,0022401164,1610612760,17.0,3.0,5.0,0.0,16.0,8.0,0.0,0.0
1630198,0022401164,1610612760,5.0,3.0,5.0,0.0,8.0,2.0,0.0,0.0
1641794,0022401164,1610612760,2.0,0.0,3.0,1.0,2.0,1.0,0.0,0.0
1631119,0022401164,1610612760,12.0,2.0,4.0,0.0,7.0,4.0,0.0,0.0
1629026,0022401164,1610612760,13.0,4.0,4.0,1.0,8.0,5.0,2.0,1.0
1641745,0022401164,1610612760,2.0,0.0,1.0,0.0,2.0,1.0,0.0,0.0
1642382,0022401164,1610612760,0.0,0.0,0.0,0.0,0.0,0.0,0.0,0.0
1628960,0022401164,1610612756,4.0,1.0,4.0,0.0,6.0,2.0,0.0,0.0
1642346,0022401164,1610612756,13.0,0.0,7.0,0.0,11.0,5.0,0.0,0.0
1642345,0022401164,1610612756,3.0,2.0,4.0,1.0,2.0,1.0,2.0,1.0
203078,0022401164,1610612756,25.0,4.0,1.0,0.0,17.0,8.0,5.0,5.0
1626164,0022401164,1610612756,20.0,14.0,6.0,0.0,20.0,9.0,4.0,2.0
203486,0022401164,1610612756,5.0,2.0,5.0,0.0,1.0,1.0,6.0,3.0
1631221,0022401164,1610612756,17.0,4.0,6.0,0.0,9.0,6.0,2.0,2.0
1626220,0022401164,1610612756,11.0,2.0,1.0,2.0,9.0,4.0,0.0,0.0
1626145,0022401164,1610612756,10.0,2.0,3.0,0.0,8.0,4.0,0.0,0.0
1627814,0022401164,1610612756,2.0,0.0,1.0,0.0,2.0,1.0,0.0,0.0
1631102,0022401164,1610612756,2.0,0.0,0.0,0.0,1.0,1.0,0.0,0.0
1641779,0022401164,1610612756,0.0,0.0,0.0,0.0,1.0,0.0,0.0,0.0
1630170,0022401163,1610612759,11.0,3.0,5.0,0.0,11.0,4.0,0.0,0.0
203084,0022401163,1610612759,20.0,2.0,4.0,0.0,9.0,6.0,2.0,2.0
202687,0022401163,1610612759,0.0,0.0,5.0,0.0,2.0,0.0,0.0,0.0
1642264,0022401163,1610612759,21.0,5.0,3.0,1.0,15.0,8.0,7.0,4.0
101108,0022401163,1610612759,12.0,4.0,5.0,0.0,6.0,4.0,1.0,1.0
1630572,0022401163,1610612759,11.0,1.0,8.0,1.0,9.0,3.0,4.0,4.0
1629640,0022401163,1610612759,21.0,2.0,8.0,0.0,17.0,8.0,4.0,4.0
1630577,0022401163,1610612759,14.0,4.0,4.0,2.0,9.0,4.0,3.0,3.0
1631104,0022401163,1610612759,4.0,2.0,1.0,1.0,3.0,2.0,0.0,0.0
1630541,0022401163,1610612744,7.0,1.0,8.0,0.0,11.0,3.0,0.0,0.0
202710,0022401163,1610612744,28.0,7.0,4.0,0.0,8.0,5.0,17.0,16.0
203110,0022401163,1610612744,13.0,8.0,9.0,1.0,7.0,4.0,4.0,3.0
1641764,0022401163,1610612744,7.0,5.0,3.0,0.0,11.0,3.0,0.0,0.0
201939,0022401163,1610612744,30.0,3.0,8.0,0.0,24.0,12.0,1.0,1.0
1627741,0022401163,1610612744,12.0,1.0,4.0,0.0,13.0,4.0,0.0,0.0
1630228,0022401163,1610612744,12.0,1.0,3.0,0.0,10.0,5.0,2.0,1.0
1630611,0022401163,1610612744,0.0,0.0,1.0,0.0,2.0,0.0,2.0,0.0
1626172,0022401163,1610612744,2.0,3.0,2.0,1.0,0.0,0.0,2.0,2.0
1631218,0022401163,1610612744,0.0,0.0,3.0,0.0,0.0,0.0,0.0,0.0
1629008,0022401165,1610612743,21.0,2.0,5.0,0.0,14.0,7.0,4.0,3.0
203932,0022401165,1610612743,21.0,5.0,3.0,0.0,16.0,9.0,2.0,2.0
203999,0022401165,1610612743,20.0,11.0,12.0,0.0,12.0,5.0,10.0,10.0
1631128,0022401165,1610612743,25.0,2.0,4.0,1.0,12.0,9.0,5.0,4.0
1629618,0022401165,1610612743,18.0,4.0,1.0,0.0,10.0,6.0,2.0,1.0
1631212,0022401165,1610612743,7.0,1.0,4.0,1.0,5.0,3.0,1.0,1.0
201566,0022401165,1610612743,5.0,4.0,4.0,0.0,11.0,2.0,1.0,1.0
1631124,0022401165,1610612743,1.0,1.0,7.0,0.0,3.0,0.0,2.0,1.0
201599,0022401165,1610612743,6.0,0.0,5.0,3.0,3.0,2.0,4.0,2.0
201942,0022401165,1610612758,22.0,4.0,4.0,1.0,26.0,8.0,7.0,6.0
1626168,0022401165,1610612758,17.0,4.0,9.0,0.0,9.0,6.0,3.0,3.0
1627734,0022401165,1610612758,13.0,2.0,12.0,1.0,10.0,6.0,1.0,1.0
203897,0022401165,1610612758,27.0,11.0,0.0,0.0,20.0,10.0,4.0,3.0
1631165,0022401165,1610612758,20.0,2.0,6.0,2.0,12.0,7.0,0.0,0.0
202685,0022401165,1610612758,2.0,0.0,2.0,0.0,4.0,1.0,0.0,0.0
203926,0022401165,1610612758,9.0,1.0,2.0,0.0,5.0,3.0,0.0,0.0
1642269,0022401165,1610612758,4.0,1.0,3.0,1.0,4.0,1.0,2.0,1.0
1642403,0022401165,1610612758,2.0,0.0,2.0,0.0,2.0,1.0,0.0,0.0
203952,0022401160,1610612748,14.0,5.0,6.0,0.0,10.0,5.0,4.0,1.0
1628389,0022401160,1610612748,18.0,3.0,6.0,0.0,15.0,6.0,6.0,4.0
1642276,0022401160,1610612748,12.0,1.0,7.0,1.0,9.0,6.0,0.0,0.0
202692,0022401160,1610612748,7.0,0.0,2.0,0.0,6.0,2.0,1.0,1.0
1629639,0022401160,1610612748,30.0,4.0,4.0,0.0,26.0,13.0,2.0,2.0
1630558,0022401160,1610612748,17.0,8.0,3.0,1.0,10.0,6.0,4.0,3.0
1629312,0022401160,1610612748,5.0,4.0,8.0,0.0,5.0,2.0,0.0,0.0
203937,0022401160,1610612748,6.0,1.0,2.0,1.0,5.0,3.0,0.0,0.0
1629130,0022401160,1610612748,2.0,2.0,1.0,0.0,6.0,1.0,0.0,0.0
1628989,0022401160,1610612741,22.0,7.0,4.0,0.0,16.0,9.0,0.0,0.0
1641824,0022401160,1610612741,17.0,0.0,4.0,1.0,10.0,6.0,2.0,2.0
202696,0022401160,1610612741,20.0,8.0,11.0,1.0,15.0,9.0,0.0,0.0
1629632,0022401160,1610612741,18.0,4.0,5.0,1.0,14.0,5.0,8.0,8.0
1630581,0022401160,1610612741,28.0,11.0,16.0,3.0,19.0,11.0,3.0,3.0
1631207,0022401160,1610612741,6.0,3.0,1.0,0.0,3.0,2.0,0.0,0.0
1630172,0022401160,1610612741,4.0,0.0,0.0,0.0,4.0,2.0,0.0,0.0
1628380,0022401160,1610612741,0.0,0.0,4.0,1.0,3.0,0.0,0.0,0.0
1629659,0022401160,1610612741,2.0,0.0,1.0,0.0,4.0,1.0,0.0,0.0
1641763,0022401160,1610612741,2.0,0.0,0.0,0.0,1.0,1.0,0.0,0.0
1631248,0022401156,1610612738,15.0,3.0,5.0,0.0,14.0,6.0,2.0,2.0
1628470,0022401156,1610612738,0.0,1.0,7.0,2.0,4.0,0.0,0.0,0.0
1628436,0022401156,1610612738,14.0,1.0,3.0,1.0,10.0,7.0,0.0,0.0
1630573,0022401156,1610612738,10.0,0.0,3.0,0.0,11.0,4.0,0.0,0.0
1630202,0022401156,1610612738,15.0,10.0,4.0,0.0,17.0,7.0,0.0,0.0
1631120,0022401156,1610612738,0.0,2.0,4.0,0.0,6.0,0.0,0.0,0.0
1641809,0022401156,1610612738,3.0,0.0,4.0,0.0,4.0,1.0,0.0,0.0
1629674,0022401156,1610612738,11.0,2.0,7.0,2.0,6.0,4.0,4.0,3.0
1641775,0022401156,1610612738,0.0,1.0,2.0,0.0,3.0,0.0,0.0,0.0
1641936,0022401156,1610612738,6.0,0.0,3.0,0.0,6.0,2.0,0.0,0.0
1630214,0022401156,1610612738,2.0,0.0,1.0,0.0,1.0,1.0,0.0,0.0
1630532,0022401156,1610612753,23.0,2.0,8.0,0.0,17.0,9.0,3.0,3.0
1631094,0022401156,1610612753,15.0,6.0,4.0,0.0,17.0,6.0,2.0,1.0
1628976,0022401156,1610612753,8.0,1.0,3.0,0.0,7.0,4.0,0.0,0.0
203484,0022401156,1610612753,0.0,0.0,2.0,0.0,1.0,0.0,0.0,0.0
202709,0022401156,1610612753,3.0,3.0,1.0,0.0,4.0,1.0,0.0,0.0
1631216,0022401156,1610612753,5.0,2.0,4.0,2.0,4.0,2.0,0.0,0.0
1641710,0022401156,1610612753,6.0,2.0,5.0,1.0,9.0,2.0,0.0,0.0
1630175,0022401156,1610612753,18.0,3.0,8.0,0.0,13.0,6.0,1.0,1.0
1629048,0022401156,1610612753,6.0,2.0,7.0,0.0,7.0,3.0,0.0,0.0
203914,0022401156,1610612753,6.0,0.0,0.0,0.0,3.0,2.0,0.0,0.0
1641783,0022401156,1610612753,5.0,1.0,3.0,0.0,6.0,2.0,0.0,0.0
1630243,0022401156,1610612753,1.0,0.0,2.0,0.0,2.0,0.0,2.0,1.0
1641724,0022401156,1610612753,0.0,1.0,2.0,0.0,1.0,0.0,0.0,0.0
1641715,0022401166,1610612745,14.0,2.0,5.0,0.0,12.0,6.0,2.0,1.0
1631106,0022401166,1610612745,17.0,2.0,5.0,1.0,12.0,7.0,2.0,1.0
1629111,0022401166,1610612745,11.0,5.0,9.0,0.0,7.0,4.0,2.0,2.0
1630224,0022401166,1610612745,5.0,3.0,0.0,0.0,7.0,2.0,0.0,0.0
1642263,0022401166,1610612745,20.0,4.0,5.0,0.0,14.0,7.0,0.0,0.0
1628988,0022401166,1610612745,16.0,4.0,2.0,0.0,13.0,6.0,0.0,0.0
1642368,0022401166,1610612745,4.0,0.0,2.0,2.0,1.0,1.0,2.0,2.0
1630256,0022401166,1610612745,7.0,1.0,4.0,0.0,5.0,3.0,0.0,0.0
201145,0022401166,1610612745,19.0,2.0,3.0,0.0,9.0,7.0,2.0,1.0
1631466,0022401166,1610612745,4.0,1.0,0.0,0.0,5.0,2.0,0.0,0.0
1631223,0022401166,1610612745,0.0,0.0,1.0,1.0,3.0,0.0,0.0,0.0
1629098,0022401166,1610612745,0.0,0.0,0.0,0.0,0.0,0.0,0.0,0.0
1627884,0022401166,1610612746,8.0,1.0,3.0,1.0,6.0,3.0,0.0,0.0
202695,0022401166,1610612746,22.0,4.0,10.0,0.0,22.0,9.0,2.0,2.0
1627826,0022401166,1610612746,20.0,10.0,11.0,0.0,13.0,9.0,2.0,2.0
1627739,0022401166,1610612746,9.0,3.0,2.0,1.0,6.0,4.0,0.0,0.0
201935,0022401166,1610612746,35.0,10.0,3.0,0.0,18.0,10.0,10.0,10.0
203992,0022401166,1610612746,16.0,5.0,3.0,0.0,11.0,5.0,2.0,2.0
201587,0022401166,1610612746,15.0,0.0,3.0,0.0,6.0,5.0,1.0,1.0
1629234,0022401166,1610612746,4.0,0.0,5.0,1.0,5.0,1.0,2.0,2.0
1641738,0022401166,1610612746,5.0,0.0,3.0,0.0,2.0,2.0,0.0,0.0
1641757,0022401166,1610612746,0.0,0.0,0.0,0.0,0.0,0.0,0.0,0.0
1642280,0022401166,1610612746,0.0,0.0,0.0,0.0,1.0,0.0,0.0,0.0
1642353,0022401166,1610612746,0.0,0.0,0.0,0.0,0.0,0.0,0.0,0.0
1629610,0022401158,1610612766,7.0,1.0,6.0,0.0,6.0,3.0,0.0,0.0
1642275,0022401158,1610612766,9.0,0.0,6.0,0.0,11.0,4.0,0.0,0.0
203994,0022401158,1610612766,26.0,4.0,9.0,0.0,19.0,12.0,4.0,2.0
1641733,0022401158,1610612766,28.0,10.0,6.0,0.0,13.0,8.0,6.0,6.0
1642354,0022401158,1610612766,6.0,5.0,1.0,0.0,10.0,2.0,2.0,1.0
1641878,0022401158,1610612766,5.0,1.0,3.0,0.0,4.0,1.0,2.0,2.0
1631111,0022401158,1610612766,9.0,1.0,2.0,0.0,8.0,4.0,0.0,0.0
1631301,0022401158,1610612766,4.0,1.0,3.0,1.0,6.0,1.0,2.0,2.0
201959,0022401158,1610612766,2.0,0.0,5.0,2.0,5.0,1.0,0.0,0.0
1629628,0022401158,1610612761,11.0,1.0,1.0,0.0,11.0,4.0,0.0,0.0
1642367,0022401158,1610612761,17.0,11.0,10.0,0.0,16.0,7.0,2.0,2.0
1631115,0022401158,1610612761,9.0,3.0,12.0,0.0,10.0,4.0,2.0,1.0
1630567,0022401158,1610612761,17.0,5.0,11.0,1.0,15.0,7.0,0.0,0.0
1630193,0022401158,1610612761,8.0,1.0,2.0,0.0,6.0,3.0,0.0,0.0
1642419,0022401158,1610612761,10.0,2.0,3.0,0.0,11.0,4.0,0.0,0.0
1631197,0022401158,1610612761,23.0,4.0,7.0,0.0,12.0,8.0,4.0,4.0
1630639,0022401158,1610612761,14.0,7.0,6.0,0.0,9.0,5.0,4.0,2.0
1631306,0022401158,1610612761,8.0,2.0,3.0,1.0,8.0,3.0,0.0,0.0
202066,0022401158,1610612761,9.0,1.0,0.0,0.0,6.0,4.0,0.0,0.0
1642258,0022401149,1610612737,8.0,1.0,1.0,0.0,6.0,3.0,1.0,0.0
1631243,0022401149,1610612737,6.0,2.0,5.0,3.0,5.0,2.0,2.0,1.0
1630168,0022401149,1610612737,30.0,4.0,14.0,0.0,17.0,9.0,8.0,8.0
1630700,0022401149,1610612737,15.0,3.0,5.0,2.0,12.0,7.0,2.0,1.0
1629027,0022401149,1610612737,28.0,10.0,1.0,0.0,20.0,10.0,6.0,5.0
1630249,0022401149,1610612737,3.0,0.0,4.0,0.0,2.0,1.0,0.0,0.0
1629611,0022401149,1610612737,0.0,5.0,4.0,0.0,5.0,0.0,0.0,0.0
1627747,0022401149,1610612737,13.0,0.0,6.0,0.0,11.0,4.0,3.0,3.0
1627777,0022401149,1610612737,9.0,0.0,1.0,1.0,10.0,4.0,0.0,0.0
1631230,0022401149,1610612737,0.0,0.0,0.0,0.0,0.0,0.0,0.0,0.0
1630532,0022401149,1610612753,22.0,6.0,6.0,1.0,20.0,8.0,4.0,4.0
1631094,0022401149,1610612753,33.0,4.0,10.0,1.0,24.0,12.0,10.0,7.0
1628976,0022401149,1610612753,17.0,2.0,9.0,3.0,9.0,6.0,6.0,4.0
203484,0022401149,1610612753,15.0,2.0,3.0,0.0,8.0,5.0,3.0,2.0
202709,0022401149,1610612753,8.0,1.0,5.0,0.0,6.0,3.0,0.0,0.0
1631216,0022401149,1610612753,7.0,2.0,2.0,0.0,5.0,2.0,1.0,1.0
1641710,0022401149,1610612753,8.0,2.0,1.0,1.0,7.0,3.0,1.0,1.0
1630175,0022401149,1610612753,1.0,2.0,2.0,0.0,1.0,0.0,2.0,1.0
1628371,0022401149,1610612753,5.0,1.0,5.0,0.0,3.0,2.0,4.0,1.0
203914,0022401149,1610612753,3.0,1.0,0.0,0.0,1.0,1.0,0.0,0.0
1627759,0022401151,1610612738,6.0,1.0,5.0,0.0,8.0,2.0,2.0,2.0
1628369,0022401151,1610612738,32.0,5.0,7.0,1.0,22.0,11.0,8.0,6.0
204001,0022401151,1610612738,34.0,3.0,4.0,1.0,19.0,11.0,6.0,4.0
201950,0022401151,1610612738,16.0,3.0,4.0,0.0,9.0,5.0,5.0,4.0
1628401,0022401151,1610612738,14.0,9.0,8.0,0.0,14.0,5.0,0.0,0.0
1628436,0022401151,1610612738,2.0,1.0,3.0,1.0,3.0,0.0,2.0,2.0
1630202,0022401151,1610612738,8.0,3.0,5.0,0.0,6.0,3.0,2.0,2.0
1630573,0022401151,1610612738,7.0,1.0,2.0,1.0,6.0,3.0,0.0,0.0
1628384,0022401151,1610612752,13.0,1.0,8.0,2.0,13.0,5.0,6.0,3.0
1628404,0022401151,1610612752,10.0,7.0,11.0,0.0,14.0,5.0,1.0,0.0
1626157,0022401151,1610612752,34.0,2.0,14.0,1.0,21.0,14.0,7.0,5.0
1628969,0022401151,1610612752,14.0,4.0,4.0,1.0,15.0,6.0,0.0,0.0
1628973,0022401151,1610612752,27.0,10.0,1.0,0.0,21.0,10.0,2.0,2.0
1630540,0022401151,1610612752,5.0,1.0,5.0,0.0,5.0,2.0,0.0,0.0
1629011,0022401151,1610612752,4.0,1.0,7.0,2.0,3.0,2.0,0.0,0.0
1626166,0022401151,1610612752,7.0,2.0,0.0,0.0,7.0,3.0,0.0,0.0
1629013,0022401151,1610612752,3.0,0.0,2.0,0.0,2.0,1.0,0.0,0.0
1630172,0022401147,1610612741,21.0,5.0,3.0,0.0,11.0,7.0,2.0,2.0
1641824,0022401147,1610612741,19.0,5.0,5.0,1.0,12.0,6.0,7.0,5.0
1630188,0022401147,1610612741,13.0,2.0,10.0,1.0,10.0,4.0,5.0,4.0
1631207,0022401147,1610612741,9.0,1.0,3.0,0.0,8.0,3.0,2.0,2.0
1628975,0022401147,1610612741,10.0,3.0,1.0,0.0,15.0,4.0,0.0,0.0
1628380,0022401147,1610612741,7.0,3.0,13.0,0.0,6.0,3.0,0.0,0.0
1641763,0022401147,1610612741,7.0,1.0,2.0,1.0,6.0,3.0,0.0,0.0
1629659,0022401147,1610612741,17.0,3.0,2.0,0.0,11.0,6.0,3.0,3.0
1642443,0022401147,1610612741,4.0,2.0,1.0,0.0,2.0,2.0,0.0,0.0
1630604,0022401147,1610612741,6.0,0.0,3.0,0.0,4.0,3.0,0.0,0.0
1641801,0022401147,1610612741,0.0,1.0,2.0,0.0,1.0,0.0,0.0,0.0
1630171,0022401147,1610612739,2.0,0.0,5.0,0.0,5.0,1.0,0.0,0.0
1630596,0022401147,1610612739,21.0,7.0,12.0,1.0,18.0,8.0,2.0,2.0
1628386,0022401147,1610612739,12.0,3.0,9.0,2.0,8.0,5.0,4.0,2.0
1629622,0022401147,1610612739,9.0,4.0,5.0,0.0,7.0,3.0,0.0,0.0
1629636,0022401147,1610612739,28.0,5.0,2.0,0.0,17.0,10.0,2.0,2.0
1629660,0022401147,1610612739,18.0,5.0,0.0,0.0,11.0,7.0,1.0,1.0
1630241,0022401147,1610612739,9.0,3.0,2.0,0.0,5.0,3.0,0.0,0.0
1629631,0022401147,1610612739,17.0,4.0,3.0,0.0,15.0,7.0,4.0,1.0
1629731,0022401147,1610612739,9.0,1.0,3.0,0.0,5.0,3.0,0.0,0.0
1642281,0022401147,1610612739,5.0,0.0,2.0,0.0,5.0,2.0,0.0,0.0
1631247,0022401147,1610612739,0.0,1.0,0.0,0.0,0.0,0.0,0.0,0.0
1641734,0022401147,1610612739,3.0,2.0,0.0,0.0,2.0,1.0,0.0,0.0
1629643,0022401147,1610612739,2.0,0.0,0.0,0.0,2.0,1.0,0.0,0.0
1629750,0022401147,1610612739,0.0,0.0,2.0,0.0,0.0,0.0,0.0,0.0
1630551,0022401148,1610612764,20.0,0.0,13.0,0.0,13.0,8.0,0.0,0.0
1642273,0022401148,1610612764,9.0,2.0,4.0,0.0,9.0,4.0,1.0,0.0
1642259,0022401148,1610612764,20.0,6.0,12.0,3.0,17.0,8.0,3.0,3.0
1629673,0022401148,1610612764,19.0,3.0,1.0,0.0,14.0,7.0,2.0,2.0
1642267,0022401148,1610612764,13.0,4.0,4.0,1.0,19.0,5.0,3.0,1.0
1641732,0022401148,1610612764,2.0,3.0,5.0,1.0,4.0,0.0,2.0,2.0
1642358,0022401148,1610612764,8.0,0.0,1.0,0.0,9.0,4.0,0.0,0.0
1630264,0022401148,1610612764,0.0,0.0,4.0,0.0,0.0,0.0,0.0,0.0
1630550,0022401148,1610612764,7.0,0.0,6.0,3.0,6.0,2.0,4.0,3.0
1630174,0022401148,1610612754,7.0,1.0,6.0,0.0,6.0,2.0,2.0,2.0
1627783,0022401148,1610612754,24.0,3.0,10.0,0.0,19.0,11.0,1.0,1.0
1626167,0022401148,1610612754,14.0,1.0,11.0,5.0,13.0,4.0,8.0,5.0
1629614,0022401148,1610612754,4.0,4.0,7.0,0.0,7.0,1.0,2.0,2.0
1630169,0022401148,1610612754,22.0,6.0,1.0,0.0,11.0,5.0,11.0,9.0
1630167,0022401148,1610612754,12.0,3.0,7.0,0.0,10.0,3.0,6.0,4.0
1631097,0022401148,1610612754,17.0,2.0,4.0,0.0,12.0,5.0,7.0,6.0
1628418,0022401148,1610612754,2.0,0.0,0.0,0.0,2.0,1.0,0.0,0.0
204456,0022401148,1610612754,2.0,1.0,2.0,0.0,5.0,1.0,0.0,0.0
1641716,0022401148,1610612754,0.0,0.0,1.0,0.0,2.0,0.0,0.0,0.0
1642277,0022401148,1610612754,0.0,0.0,0.0,0.0,0.0,0.0,0.0,0.0
1630170,0022401155,1610612759,7.0,2.0,1.0,0.0,8.0,3.0,1.0,0.0
203084,0022401155,1610612759,24.0,1.0,5.0,0.0,10.0,8.0,2.0,2.0
202687,0022401155,1610612759,6.0,2.0,8.0,0.0,8.0,3.0,1.0,0.0
1642264,0022401155,1610612759,19.0,8.0,1.0,2.0,7.0,5.0,12.0,8.0
101108,0022401155,1610612759,9.0,3.0,2.0,0.0,10.0,4.0,0.0,0.0
1630577,0022401155,1610612759,6.0,0.0,3.0,0.0,9.0,2.0,0.0,0.0
1631104,0022401155,1610612759,8.0,7.0,1.0,1.0,7.0,4.0,0.0,0.0
1629640,0022401155,1610612759,12.0,2.0,6.0,0.0,9.0,6.0,0.0,0.0
1630572,0022401155,1610612759,8.0,0.0,2.0,0.0,7.0,3.0,0.0,0.0
1630561,0022401155,1610612759,3.0,0.0,1.0,0.0,1.0,1.0,0.0,0.0
1629162,0022401155,1610612759,6.0,3.0,2.0,1.0,4.0,2.0,0.0,0.0
1631103,0022401155,1610612759,9.0,0.0,0.0,0.0,5.0,4.0,0.0,0.0
1631127,0022401155,1610612759,0.0,1.0,2.0,0.0,0.0,0.0,0.0,0.0
1626181,0022401155,1610612746,25.0,3.0,5.0,0.0,19.0,9.0,6.0,4.0
1627884,0022401155,1610612746,18.0,1.0,2.0,0.0,15.0,8.0,1.0,1.0
1627826,0022401155,1610612746,24.0,5.0,20.0,0.0,17.0,11.0,2.0,2.0
1627739,0022401155,1610612746,6.0,3.0,1.0,0.0,6.0,2.0,0.0,0.0
201935,0022401155,1610612746,21.0,12.0,9.0,0.0,17.0,8.0,3.0,2.0
203992,0022401155,1610612746,19.0,4.0,2.0,0.0,11.0,7.0,4.0,3.0
201587,0022401155,1610612746,9.0,0.0,2.0,0.0,5.0,3.0,0.0,0.0
1627732,0022401155,1610612746,0.0,2.0,7.0,0.0,3.0,0.0,0.0,0.0
1629234,0022401155,1610612746,0.0,0.0,2.0,0.0,0.0,0.0,0.0,0.0
1642280,0022401155,1610612746,0.0,0.0,0.0,0.0,0.0,0.0,0.0,0.0
1641757,0022401155,1610612746,0.0,0.0,0.0,0.0,0.0,0.0,0.0,0.0
1642353,0022401155,1610612746,0.0,0.0,0.0,0.0,0.0,0.0,0.0,0.0
1641738,0022401155,1610612746,0.0,0.0,0.0,0.0,0.0,0.0,0.0,0.0
1642377,0022401146,1610612763,3.0,2.0,5.0,0.0,4.0,1.0,2.0,1.0
1628991,0022401146,1610612763,14.0,1.0,5.0,0.0,10.0,3.0,7.0,7.0
1641744,0022401146,1610612763,17.0,0.0,19.0,1.0,9.0,7.0,4.0,3.0
1630217,0022401146,1610612763,19.0,3.0,5.0,0.0,11.0,6.0,4.0,4.0
1629630,0022401146,1610612763,28.0,8.0,5.0,1.0,21.0,10.0,4.0,4.0
1630583,0022401146,1610612763,11.0,2.0,3.0,0.0,9.0,4.0,0.0,0.0
1630590,0022401146,1610612763,10.0,2.0,1.0,1.0,6.0,3.0,3.0,2.0
1631246,0022401146,1610612763,8.0,1.0,3.0,0.0,6.0,3.0,0.0,0.0
1628379,0022401146,1610612763,0.0,1.0,2.0,0.0,3.0,0.0,0.0,0.0
1629723,0022401146,1610612763,0.0,1.0,1.0,0.0,0.0,0.0,0.0,0.0
1642285,0022401146,1610612763,2.0,2.0,1.0,0.0,4.0,1.0,0.0,0.0
1630643,0022401146,1610612763,3.0,0.0,0.0,0.0,2.0,1.0,0.0,0.0
1630205,0022401146,1610612763,3.0,0.0,0.0,0.0,2.0,1.0,0.0,0.0
1641713,0022401146,1610612763,6.0,0.0,2.0,0.0,5.0,2.0,2.0,1.0
1628963,0022401146,1610612763,0.0,0.0,0.0,0.0,1.0,0.0,0.0,0.0
1629610,0022401146,1610612766,4.0,2.0,5.0,0.0,8.0,2.0,0.0,0.0
1628970,0022401146,1610612766,14.0,3.0,6.0,1.0,13.0,4.0,4.0,4.0
1631109,0022401146,1610612766,8.0,2.0,7.0,1.0,11.0,4.0,0.0,0.0
1629006,0022401146,1610612766,12.0,1.0,2.0,0.0,7.0,4.0,4.0,2.0
1642354,0022401146,1610612766,7.0,2.0,2.0,0.0,9.0,3.0,0.0,0.0
203552,0022401146,1610612766,9.0,1.0,0.0,0.0,6.0,3.0,3.0,2.0
201959,0022401146,1610612766,6.0,1.0,3.0,1.0,3.0,3.0,0.0,0.0
1642275,0022401146,1610612766,13.0,3.0,9.0,0.0,7.0,3.0,8.0,4.0
1641733,0022401146,1610612766,8.0,2.0,2.0,0.0,6.0,3.0,0.0,0.0
1631217,0022401146,1610612766,10.0,2.0,2.0,1.0,6.0,5.0,0.0,0.0
1631301,0022401146,1610612766,9.0,3.0,0.0,0.0,5.0,3.0,4.0,3.0
1627827,0022401153,1610612747,12.0,2.0,2.0,1.0,8.0,4.0,0.0,0.0
2544,0022401153,1610612747,28.0,3.0,7.0,0.0,19.0,8.0,10.0,9.0
1629637,0022401153,1610612747,7.0,2.0,6.0,2.0,4.0,3.0,2.0,1.0
1630559,0022401153,1610612747,24.0,5.0,5.0,0.0,12.0,6.0,12.0,8.0
1629029,0022401153,1610612747,23.0,5.0,3.0,1.0,15.0,7.0,7.0,6.0
1629020,0022401153,1610612747,8.0,1.0,12.0,2.0,5.0,3.0,4.0,2.0
1629216,0022401153,1610612747,5.0,2.0,0.0,0.0,7.0,2.0,0.0,0.0
1630692,0022401153,1610612747,6.0,1.0,4.0,0.0,5.0,2.0,0.0,0.0
1642261,0022401153,1610612747,3.0,0.0,3.0,0.0,4.0,1.0,0.0,0.0
1641998,0022401153,1610612747,2.0,0.0,1.0,0.0,1.0,1.0,0.0,0.0
1629003,0022401153,1610612747,0.0,0.0,1.0,0.0,0.0,0.0,0.0,0.0
1631132,0022401153,1610612747,2.0,0.0,1.0,0.0,0.0,0.0,2.0,2.0
1631114,0022401153,1610612760,26.0,4.0,4.0,0.0,21.0,11.0,3.0,3.0
1631096,0022401153,1610612760,14.0,2.0,4.0,2.0,12.0,5.0,3.0,2.0
1628392,0022401153,1610612760,8.0,4.0,15.0,2.0,7.0,4.0,0.0,0.0
1629652,0022401153,1610612760,17.0,2.0,3.0,0.0,11.0,6.0,2.0,0.0
1628983,0022401153,1610612760,42.0,6.0,6.0,1.0,26.0,14.0,11.0,9.0
1629026,0022401153,1610612760,3.0,0.0,1.0,0.0,2.0,1.0,0.0,0.0
1630198,0022401153,1610612760,3.0,1.0,1.0,0.0,1.0,1.0,0.0,0.0
1641717,0022401153,1610612760,11.0,1.0,2.0,0.0,8.0,5.0,1.0,0.0
1627936,0022401153,1610612760,9.0,3.0,4.0,0.0,9.0,4.0,0.0,0.0
1630598,0022401153,1610612760,3.0,2.0,4.0,0.0,4.0,1.0,0.0,0.0
1642382,0022401153,1610612760,0.0,1.0,0.0,0.0,2.0,0.0,0.0,0.0
1641745,0022401153,1610612760,0.0,0.0,0.0,0.0,1.0,0.0,0.0,0.0
1641794,0022401153,1610612760,0.0,0.0,0.0,0.0,0.0,0.0,0.0,0.0
1630183,0022401152,1610612750,13.0,3.0,5.0,1.0,12.0,6.0,1.0,1.0
203944,0022401152,1610612750,9.0,6.0,7.0,0.0,8.0,3.0,2.0,2.0
203497,0022401152,1610612750,6.0,2.0,9.0,0.0,4.0,3.0,0.0,0.0
1630162,0022401152,1610612750,25.0,4.0,7.0,1.0,27.0,10.0,3.0,3.0
201144,0022401152,1610612750,5.0,3.0,4.0,0.0,6.0,2.0,0.0,0.0
1628978,0022401152,1610612750,24.0,2.0,3.0,0.0,15.0,9.0,1.0,0.0
1629675,0022401152,1610612750,17.0,3.0,4.0,0.0,12.0,7.0,0.0,0.0
1629638,0022401152,1610612750,4.0,1.0,3.0,1.0,5.0,1.0,2.0,2.0
1641740,0022401152,1610612750,0.0,1.0,0.0,0.0,0.0,0.0,0.0,0.0
1628398,0022401152,1610612749,10.0,0.0,4.0,0.0,8.0,4.0,2.0,2.0
203507,0022401152,1610612749,23.0,10.0,13.0,1.0,15.0,9.0,11.0,4.0
201572,0022401152,1610612749,10.0,1.0,2.0,0.0,9.0,4.0,0.0,0.0
1627752,0022401152,1610612749,7.0,1.0,2.0,0.0,9.0,3.0,0.0,0.0
1631157,0022401152,1610612749,5.0,4.0,2.0,0.0,5.0,2.0,0.0,0.0
1626171,0022401152,1610612749,18.0,1.0,10.0,1.0,15.0,7.0,2.0,2.0
1629018,0022401152,1610612749,7.0,4.0,2.0,0.0,8.0,2.0,1.0,1.0
1629645,0022401152,1610612749,21.0,5.0,4.0,0.0,9.0,6.0,9.0,9.0
1631260,0022401152,1610612749,9.0,1.0,4.0,0.0,6.0,3.0,0.0,0.0
1628971,0022401150,1610612740,9.0,1.0,3.0,0.0,7.0,4.0,0.0,0.0
203482,0022401150,1610612740,8.0,3.0,1.0,1.0,5.0,1.0,8.0,6.0
1642274,0022401150,1610612740,9.0,0.0,5.0,0.0,6.0,4.0,3.0,1.0
1641810,0022401150,1610612740,17.0,2.0,3.0,0.0,14.0,5.0,3.0,3.0
1630631,0022401150,1610612740,16.0,4.0,1.0,1.0,11.0,4.0,6.0,5.0
1631232,0022401150,1610612740,14.0,0.0,5.0,1.0,6.0,4.0,5.0,5.0
1631255,0022401150,1610612740,17.0,1.0,4.0,2.0,11.0,8.0,2.0,1.0
203901,0022401150,1610612740,3.0,10.0,6.0,1.0,3.0,0.0,4.0,3.0
1630526,0022401150,1610612740,3.0,2.0,9.0,0.0,5.0,1.0,0.0,0.0
1631311,0022401150,1610612740,3.0,3.0,2.0,0.0,6.0,1.0,0.0,0.0
1631288,0022401150,1610612740,15.0,0.0,3.0,0.0,8.0,7.0,0.0,0.0
1630570,0022401150,1610612751,22.0,5.0,3.0,0.0,8.0,7.0,6.0,6.0
1630533,0022401150,1610612751,9.0,1.0,4.0,2.0,5.0,2.0,4.0,3.0
1629651,0022401150,1610612751,13.0,3.0,4.0,0.0,9.0,6.0,0.0,0.0
1630592,0022401150,1610612751,9.0,3.0,4.0,0.0,9.0,3.0,2.0,1.0
1641736,0022401150,1610612751,0.0,10.0,4.0,0.0,3.0,0.0,0.0,0.0
1630623,0022401150,1610612751,11.0,1.0,1.0,0.0,9.0,3.0,2.0,2.0
1641787,0022401150,1610612751,13.0,2.0,4.0,1.0,8.0,3.0,5.0,5.0
1641721,0022401150,1610612751,12.0,2.0,5.0,1.0,13.0,5.0,2.0,2.0
1641727,0022401150,1610612751,14.0,2.0,2.0,0.0,9.0,5.0,0.0,0.0
1631166,0022401150,1610612751,16.0,1.0,9.0,0.0,10.0,7.0,3.0,1.0
1630541,0022401154,1610612744,5.0,0.0,3.0,1.0,5.0,2.0,0.0,0.0
202710,0022401154,1610612744,10.0,3.0,2.0,0.0,4.0,2.0,7.0,6.0
203110,0022401154,1610612744,5.0,4.0,2.0,0.0,4.0,1.0,2.0,2.0
1641764,0022401154,1610612744,22.0,3.0,5.0,0.0,12.0,7.0,4.0,4.0
201939,0022401154,1610612744,25.0,6.0,9.0,1.0,17.0,9.0,4.0,4.0
1627741,0022401154,1610612744,7.0,1.0,4.0,0.0,8.0,3.0,0.0,0.0
1630228,0022401154,1610612744,10.0,3.0,3.0,0.0,9.0,4.0,2.0,2.0
1630611,0022401154,1610612744,7.0,3.0,9.0,1.0,7.0,3.0,0.0,0.0
1626172,0022401154,1610612744,2.0,1.0,4.0,0.0,4.0,1.0,0.0,0.0
1631218,0022401154,1610612744,13.0,1.0,8.0,0.0,5.0,4.0,7.0,5.0
1630311,0022401154,1610612744,10.0,4.0,2.0,0.0,6.0,4.0,0.0,0.0
1628995,0022401154,1610612744,10.0,1.0,2.0,0.0,6.0,3.0,4.0,3.0
1642050,0022401154,1610612744,6.0,1.0,3.0,0.0,2.0,2.0,2.0,1.0
1630296,0022401154,1610612744,1.0,0.0,1.0,0.0,4.0,0.0,2.0,1.0
1626220,0022401154,1610612756,3.0,1.0,2.0,0.0,6.0,1.0,0.0,0.0
1642346,0022401154,1610612756,12.0,0.0,4.0,0.0,10.0,4.0,2.0,2.0
1630208,0022401154,1610612756,4.0,0.0,9.0,1.0,5.0,2.0,0.0,0.0
203078,0022401154,1610612756,7.0,4.0,2.0,0.0,8.0,3.0,0.0,0.0
1626164,0022401154,1610612756,21.0,4.0,3.0,1.0,17.0,7.0,7.0,7.0
1631221,0022401154,1610612756,6.0,4.0,3.0,0.0,9.0,2.0,0.0,0.0
1642345,0022401154,1610612756,4.0,0.0,7.0,0.0,6.0,2.0,0.0,0.0
1628960,0022401154,1610612756,12.0,1.0,1.0,0.0,9.0,4.0,2.0,1.0
1626145,0022401154,1610612756,2.0,3.0,1.0,0.0,5.0,1.0,0.0,0.0
1628998,0022401154,1610612756,6.0,1.0,2.0,2.0,4.0,2.0,2.0,2.0
203486,0022401154,1610612756,3.0,2.0,3.0,0.0,1.0,1.0,2.0,1.0
1627814,0022401154,1610612756,8.0,0.0,2.0,0.0,5.0,3.0,0.0,0.0
1628420,0022401154,1610612756,7.0,2.0,2.0,0.0,3.0,3.0,0.0,0.0
201942,0022401144,1610612758,37.0,2.0,4.0,1.0,26.0,14.0,10.0,8.0
1626168,0022401144,1610612758,7.0,1.0,6.0,1.0,8.0,3.0,2.0,0.0
1627734,0022401144,1610612758,19.0,10.0,15.0,1.0,11.0,7.0,5.0,5.0
203897,0022401144,1610612758,43.0,4.0,3.0,0.0,28.0,16.0,4.0,3.0
1631165,0022401144,1610612758,2.0,0.0,6.0,0.0,2.0,1.0,0.0,0.0
1628370,0022401144,1610612758,2.0,1.0,0.0,0.0,3.0,1.0,0.0,0.0
1642269,0022401144,1610612758,7.0,1.0,2.0,0.0,8.0,3.0,0.0,0.0
202685,0022401144,1610612758,10.0,1.0,12.0,1.0,5.0,2.0,6.0,6.0
1642403,0022401144,1610612758,0.0,0.0,1.0,0.0,0.0,0.0,0.0,0.0
203926,0022401144,1610612758,0.0,0.0,1.0,0.0,0.0,0.0,0.0,0.0
203501,0022401144,1610612765,19.0,2.0,0.0,0.0,15.0,6.0,3.0,3.0
1641709,0022401144,1610612765,15.0,5.0,4.0,1.0,13.0,7.0,0.0,0.0
1631105,0022401144,1610612765,6.0,6.0,9.0,1.0,4.0,2.0,2.0,2.0
203471,0022401144,1610612765,5.0,2.0,3.0,0.0,4.0,1.0,4.0,2.0
1630595,0022401144,1610612765,35.0,5.0,3.0,0.0,21.0,13.0,11.0,8.0
1627736,0022401144,1610612765,14.0,2.0,1.0,0.0,15.0,5.0,2.0,0.0
1630191,0022401144,1610612765,8.0,4.0,10.0,2.0,6.0,2.0,4.0,3.0
1631323,0022401144,1610612765,2.0,0.0,2.0,0.0,3.0,1.0,0.0,0.0
1641842,0022401144,1610612765,5.0,1.0,4.0,0.0,3.0,2.0,1.0,1.0
1631204,0022401144,1610612765,8.0,3.0,1.0,0.0,5.0,3.0,1.0,1.0
1629022,0022401145,1610612755,29.0,2.0,1.0,0.0,18.0,10.0,4.0,3.0
1630542,0022401145,1610612755,6.0,0.0,6.0,1.0,8.0,2.0,2.0,2.0
1641737,0022401145,1610612755,16.0,1.0,11.0,2.0,11.0,7.0,4.0,2.0
1630215,0022401145,1610612755,8.0,4.0,3.0,1.0,6.0,3.0,2.0,2.0
1629656,0022401145,1610612755,29.0,6.0,8.0,0.0,25.0,11.0,6.0,3.0
200768,0022401145,1610612755,5.0,1.0,1.0,0.0,5.0,2.0,0.0,0.0
1641720,0022401145,1610612755,0.0,1.0,2.0,0.0,2.0,0.0,0.0,0.0
1630658,0022401145,1610612755,4.0,3.0,6.0,0.0,3.0,1.0,2.0,2.0
1641741,0022401145,1610612755,5.0,2.0,5.0,0.0,6.0,1.0,5.0,3.0
1642024,0022401145,1610612755,3.0,0.0,2.0,0.0,4.0,1.0,0.0,0.0
1641796,0022401145,1610612748,12.0,2.0,3.0,0.0,6.0,4.0,4.0,2.0
1629312,0022401145,1610612748,9.0,0.0,3.0,0.0,10.0,3.0,0.0,0.0
1642276,0022401145,1610612748,19.0,2.0,17.0,1.0,16.0,8.0,4.0,3.0
202692,0022401145,1610612748,11.0,2.0,0.0,0.0,9.0,4.0,0.0,0.0
1629639,0022401145,1610612748,20.0,2.0,5.0,0.0,14.0,8.0,3.0,2.0
1630558,0022401145,1610612748,12.0,9.0,4.0,1.0,12.0,5.0,2.0,2.0
203937,0022401145,1610612748,8.0,6.0,8.0,2.0,6.0,4.0,0.0,0.0
1629130,0022401145,1610612748,21.0,1.0,2.0,1.0,8.0,7.0,2.0,2.0
1631170,0022401145,1610612748,5.0,2.0,5.0,1.0,7.0,2.0,0.0,0.0
1630528,0022401145,1610612748,0.0,0.0,0.0,0.0,1.0,0.0,0.0,0.0
1642352,0022401145,1610612748,0.0,0.0,0.0,0.0,0.0,0.0,0.0,0.0
1641729,0022401136,1610612762,15.0,2.0,4.0,1.0,12.0,6.0,0.0,0.0
1630548,0022401136,1610612762,15.0,2.0,2.0,0.0,12.0,5.0,0.0,0.0
1642271,0022401136,1610612762,9.0,2.0,9.0,1.0,6.0,3.0,3.0,3.0
1629012,0022401136,1610612762,27.0,6.0,5.0,0.0,16.0,9.0,7.0,6.0
1642268,0022401136,1610612762,17.0,12.0,3.0,1.0,14.0,6.0,5.0,4.0
1641718,0022401136,1610612762,35.0,1.0,4.0,0.0,19.0,10.0,9.0,8.0
1629004,0022401136,1610612762,7.0,3.0,2.0,0.0,3.0,2.0,4.0,3.0
1630695,0022401136,1610612762,0.0,0.0,2.0,1.0,1.0,0.0,0.0,0.0
1630531,0022401136,1610612762,9.0,1.0,1.0,0.0,4.0,4.0,0.0,0.0
1642258,0022401136,1610612737,16.0,2.0,2.0,0.0,12.0,6.0,2.0,2.0
1627777,0022401136,1610612737,6.0,4.0,1.0,0.0,5.0,2.0,0.0,0.0
1630168,0022401136,1610612737,27.0,3.0,12.0,1.0,18.0,12.0,1.0,1.0
1630700,0022401136,1610612737,19.0,6.0,6.0,0.0,16.0,8.0,2.0,1.0
1629027,0022401136,1610612737,23.0,15.0,5.0,1.0,16.0,8.0,4.0,3.0
1627747,0022401136,1610612737,21.0,6.0,5.0,0.0,14.0,7.0,5.0,4.0
1630249,0022401136,1610612737,17.0,5.0,3.0,0.0,6.0,6.0,0.0,0.0
1631243,0022401136,1610612737,8.0,1.0,3.0,1.0,3.0,2.0,3.0,3.0
1629611,0022401136,1610612737,10.0,1.0,5.0,0.0,5.0,3.0,3.0,3.0
1630534,0022401134,1610612761,15.0,2.0,3.0,0.0,14.0,6.0,1.0,1.0
1629628,0022401134,1610612761,13.0,3.0,6.0,1.0,16.0,4.0,11.0,5.0
1642367,0022401134,1610612761,17.0,7.0,11.0,2.0,9.0,8.0,1.0,1.0
1642266,0022401134,1610612761,8.0,2.0,5.0,1.0,6.0,2.0,2.0,2.0
1642347,0022401134,1610612761,9.0,12.0,4.0,0.0,11.0,3.0,2.0,2.0
1642419,0022401134,1610612761,12.0,0.0,2.0,0.0,8.0,5.0,0.0,0.0
1631115,0022401134,1610612761,11.0,3.0,7.0,0.0,7.0,5.0,2.0,1.0
1630639,0022401134,1610612761,13.0,0.0,1.0,0.0,9.0,5.0,3.0,2.0
1631306,0022401134,1610612761,12.0,0.0,8.0,0.0,7.0,4.0,0.0,0.0
1631197,0022401134,1610612761,10.0,1.0,0.0,0.0,7.0,5.0,0.0,0.0
1630570,0022401134,1610612751,13.0,4.0,5.0,0.0,5.0,3.0,10.0,7.0
1630533,0022401134,1610612751,11.0,1.0,4.0,2.0,5.0,4.0,2.0,2.0
1631166,0022401134,1610612751,13.0,2.0,7.0,0.0,12.0,5.0,2.0,2.0
1630553,0022401134,1610612751,13.0,4.0,7.0,1.0,9.0,4.0,4.0,3.0
1641736,0022401134,1610612751,14.0,5.0,4.0,0.0,13.0,6.0,2.0,2.0
1630623,0022401134,1610612751,7.0,2.0,4.0,1.0,7.0,2.0,4.0,2.0
1641727,0022401134,1610612751,13.0,3.0,4.0,0.0,12.0,5.0,0.0,0.0
1641721,0022401134,1610612751,13.0,1.0,4.0,2.0,12.0,6.0,0.0,0.0
1641787,0022401134,1610612751,12.0,3.0,7.0,1.0,7.0,4.0,3.0,3.0
1630174,0022401142,1610612754,17.0,0.0,6.0,1.0,10.0,5.0,4.0,4.0
1630167,0022401142,1610612754,22.0,1.0,4.0,0.0,18.0,9.0,0.0,0.0
1626167,0022401142,1610612754,24.0,1.0,2.0,3.0,16.0,8.0,4.0,4.0
1629614,0022401142,1610612754,19.0,6.0,4.0,0.0,14.0,8.0,4.0,3.0
1630169,0022401142,1610612754,9.0,14.0,3.0,1.0,8.0,3.0,4.0,2.0
1631097,0022401142,1610612754,4.0,4.0,5.0,0.0,3.0,0.0,4.0,4.0
1641716,0022401142,1610612754,11.0,1.0,6.0,0.0,5.0,4.0,0.0,0.0
1628418,0022401142,1610612754,7.0,0.0,4.0,2.0,7.0,3.0,1.0,1.0
204456,0022401142,1610612754,12.0,6.0,3.0,0.0,13.0,6.0,0.0,0.0
1628396,0022401142,1610612754,0.0,0.0,0.0,0.0,0.0,0.0,0.0,0.0
1642277,0022401142,1610612754,0.0,1.0,4.0,0.0,2.0,0.0,0.0,0.0
1629008,0022401142,1610612743,15.0,4.0,6.0,1.0,14.0,6.0,2.0,2.0
203932,0022401142,1610612743,5.0,4.0,3.0,0.0,5.0,2.0,2.0,1.0
203999,0022401142,1610612743,41.0,13.0,15.0,1.0,33.0,18.0,3.0,2.0
1631128,0022401142,1610612743,30.0,4.0,8.0,0.0,16.0,12.0,3.0,3.0
1629618,0022401142,1610612743,4.0,2.0,1.0,0.0,5.0,2.0,0.0,0.0
1631212,0022401142,1610612743,3.0,0.0,1.0,3.0,2.0,1.0,2.0,1.0
201566,0022401142,1610612743,16.0,4.0,5.0,0.0,10.0,6.0,4.0,3.0
1631124,0022401142,1610612743,6.0,0.0,3.0,1.0,6.0,3.0,0.0,0.0
201599,0022401142,1610612743,0.0,2.0,5.0,1.0,2.0,0.0,2.0,0.0
1628989,0022401133,1610612741,13.0,3.0,1.0,0.0,8.0,5.0,0.0,0.0
1641824,0022401133,1610612741,10.0,1.0,4.0,1.0,8.0,4.0,2.0,0.0
202696,0022401133,1610612741,16.0,4.0,11.0,0.0,12.0,6.0,4.0,2.0
1629632,0022401133,1610612741,37.0,5.0,2.0,0.0,16.0,12.0,7.0,7.0
1630581,0022401133,1610612741,23.0,8.0,10.0,0.0,13.0,7.0,8.0,7.0
1630172,0022401133,1610612741,15.0,0.0,3.0,0.0,8.0,6.0,2.0,2.0
1631207,0022401133,1610612741,2.0,2.0,1.0,0.0,5.0,1.0,0.0,0.0
1628380,0022401133,1610612741,4.0,2.0,8.0,0.0,6.0,2.0,0.0,0.0
1629659,0022401133,1610612741,5.0,1.0,1.0,0.0,4.0,1.0,4.0,3.0
1641763,0022401133,1610612741,2.0,0.0,0.0,0.0,4.0,1.0,0.0,0.0
1628975,0022401133,1610612741,0.0,0.0,0.0,0.0,0.0,0.0,0.0,0.0
1642443,0022401133,1610612741,0.0,0.0,0.0,0.0,0.0,0.0,0.0,0.0
1630604,0022401133,1610612741,0.0,0.0,0.0,0.0,0.0,0.0,0.0,0.0
1641801,0022401133,1610612741,4.0,0.0,0.0,0.0,2.0,1.0,2.0,2.0
1629006,0022401133,1610612766,7.0,2.0,1.0,0.0,3.0,0.0,8.0,7.0
1628970,0022401133,1610612766,8.0,2.0,4.0,0.0,12.0,3.0,4.0,2.0
1631109,0022401133,1610612766,22.0,2.0,9.0,1.0,11.0,7.0,9.0,8.0
203552,0022401133,1610612766,10.0,2.0,1.0,0.0,5.0,4.0,1.0,1.0
1642354,0022401133,1610612766,18.0,7.0,3.0,0.0,13.0,7.0,1.0,1.0
1629610,0022401133,1610612766,4.0,2.0,2.0,0.0,0.0,0.0,4.0,4.0
1642275,0022401133,1610612766,6.0,3.0,6.0,0.0,8.0,3.0,2.0,0.0
1641733,0022401133,1610612766,8.0,4.0,2.0,0.0,12.0,3.0,2.0,2.0
203994,0022401133,1610612766,18.0,0.0,3.0,1.0,11.0,8.0,0.0,0.0
1631217,0022401133,1610612766,8.0,0.0,7.0,0.0,6.0,3.0,3.0,2.0
1631301,0022401133,1610612766,6.0,1.0,1.0,0.0,2.0,2.0,0.0,0.0
201959,0022401133,1610612766,2.0,0.0,1.0,0.0,2.0,1.0,0.0,0.0
2544,0022401135,1610612747,19.0,7.0,3.0,0.0,16.0,9.0,0.0,0.0
1629060,0022401135,1610612747,11.0,1.0,7.0,1.0,10.0,4.0,1.0,1.0
1629637,0022401135,1610612747,7.0,0.0,5.0,0.0,4.0,3.0,4.0,1.0
1630559,0022401135,1610612747,20.0,3.0,2.0,1.0,15.0,7.0,2.0,2.0
1629029,0022401135,1610612747,30.0,6.0,7.0,0.0,20.0,11.0,4.0,3.0
1627827,0022401135,1610612747,14.0,2.0,7.0,0.0,5.0,4.0,2.0,2.0
1629216,0022401135,1610612747,12.0,3.0,3.0,0.0,7.0,4.0,0.0,0.0
1630692,0022401135,1610612747,4.0,2.0,5.0,0.0,4.0,2.0,0.0,0.0
1629020,0022401135,1610612747,3.0,1.0,2.0,0.0,1.0,0.0,4.0,3.0
1642261,0022401135,1610612747,3.0,0.0,0.0,0.0,1.0,1.0,0.0,0.0
1642355,0022401135,1610612747,3.0,0.0,1.0,0.0,1.0,1.0,0.0,0.0
1631132,0022401135,1610612747,0.0,0.0,1.0,0.0,0.0,0.0,0.0,0.0
1631114,0022401135,1610612760,16.0,3.0,6.0,0.0,14.0,4.0,8.0,7.0
1631096,0022401135,1610612760,10.0,1.0,3.0,1.0,6.0,4.0,0.0,0.0
1628392,0022401135,1610612760,8.0,0.0,6.0,0.0,4.0,4.0,0.0,0.0
1629652,0022401135,1610612760,9.0,1.0,2.0,0.0,8.0,3.0,0.0,0.0
1628983,0022401135,1610612760,26.0,9.0,3.0,1.0,23.0,12.0,0.0,0.0
1629026,0022401135,1610612760,5.0,0.0,0.0,0.0,7.0,2.0,0.0,0.0
1630198,0022401135,1610612760,6.0,2.0,0.0,0.0,6.0,2.0,0.0,0.0
1641717,0022401135,1610612760,8.0,0.0,1.0,0.0,7.0,4.0,0.0,0.0
1627936,0022401135,1610612760,7.0,2.0,3.0,1.0,9.0,3.0,0.0,0.0
1630598,0022401135,1610612760,4.0,1.0,5.0,0.0,6.0,1.0,4.0,2.0
1641794,0022401135,1610612760,0.0,1.0,5.0,0.0,0.0,0.0,0.0,0.0
1628415,0022401143,1610612745,24.0,2.0,3.0,0.0,13.0,10.0,2.0,1.0
1641708,0022401143,1610612745,14.0,6.0,6.0,2.0,14.0,7.0,0.0,0.0
1630578,0022401143,1610612745,19.0,4.0,14.0,0.0,17.0,7.0,10.0,5.0
1630224,0022401143,1610612745,21.0,5.0,3.0,1.0,19.0,9.0,2.0,0.0
1627832,0022401143,1610612745,3.0,3.0,1.0,1.0,8.0,1.0,2.0,0.0
1631106,0022401143,1610612745,4.0,3.0,3.0,1.0,7.0,2.0,0.0,0.0
1631095,0022401143,1610612745,16.0,1.0,9.0,0.0,10.0,7.0,0.0,0.0
203500,0022401143,1610612745,2.0,1.0,8.0,2.0,2.0,1.0,0.0,0.0
1628988,0022401143,1610612745,3.0,1.0,2.0,0.0,2.0,1.0,0.0,0.0
1631466,0022401143,1610612745,0.0,0.0,0.0,0.0,0.0,0.0,0.0,0.0
1641715,0022401143,1610612745,0.0,0.0,0.0,0.0,0.0,0.0,0.0,0.0
1642263,0022401143,1610612745,0.0,0.0,0.0,0.0,1.0,0.0,0.0,0.0
1630256,0022401143,1610612745,0.0,0.0,0.0,0.0,0.0,0.0,0.0,0.0
1630541,0022401143,1610612744,3.0,0.0,3.0,0.0,7.0,1.0,2.0,0.0
202710,0022401143,1610612744,13.0,3.0,5.0,1.0,7.0,4.0,4.0,4.0
203110,0022401143,1610612744,2.0,4.0,3.0,0.0,5.0,1.0,0.0,0.0
1641764,0022401143,1610612744,19.0,4.0,6.0,0.0,14.0,7.0,1.0,1.0
201939,0022401143,1610612744,3.0,8.0,2.0,0.0,10.0,1.0,0.0,0.0
1630228,0022401143,1610612744,9.0,3.0,7.0,0.0,9.0,4.0,0.0,0.0
1627741,0022401143,1610612744,20.0,2.0,2.0,0.0,14.0,7.0,0.0,0.0
1626172,0022401143,1610612744,5.0,0.0,11.0,1.0,4.0,2.0,2.0,1.0
1627780,0022401143,1610612744,16.0,2.0,5.0,0.0,14.0,7.0,0.0,0.0
1642366,0022401143,1610612744,2.0,0.0,0.0,0.0,1.0,1.0,2.0,0.0
1630611,0022401143,1610612744,0.0,0.0,0.0,0.0,0.0,0.0,0.0,0.0
1631218,0022401143,1610612744,4.0,0.0,1.0,0.0,3.0,2.0,0.0,0.0
1630311,0022401143,1610612744,0.0,2.0,0.0,0.0,1.0,0.0,0.0,0.0
1628995,0022401143,1610612744,0.0,0.0,1.0,0.0,0.0,0.0,0.0,0.0
1642358,0022401137,1610612764,12.0,4.0,0.0,0.0,12.0,5.0,0.0,0.0
1630551,0022401137,1610612764,15.0,1.0,13.0,0.0,11.0,6.0,0.0,0.0
1642259,0022401137,1610612764,16.0,2.0,4.0,1.0,17.0,7.0,0.0,0.0
1629673,0022401137,1610612764,15.0,5.0,2.0,0.0,14.0,6.0,2.0,1.0
1642267,0022401137,1610612764,14.0,6.0,3.0,1.0,16.0,6.0,2.0,1.0
1641732,0022401137,1610612764,9.0,2.0,3.0,1.0,8.0,3.0,2.0,2.0
1630264,0022401137,1610612764,6.0,1.0,5.0,0.0,5.0,1.0,4.0,4.0
1630550,0022401137,1610612764,3.0,0.0,2.0,0.0,3.0,1.0,0.0,0.0
1627759,0022401137,1610612738,15.0,5.0,2.0,0.0,9.0,5.0,4.0,3.0
201143,0022401137,1610612738,11.0,4.0,10.0,0.0,12.0,4.0,0.0,0.0
1628436,0022401137,1610612738,13.0,3.0,14.0,0.0,9.0,6.0,2.0,1.0
1628401,0022401137,1610612738,19.0,4.0,1.0,0.0,12.0,7.0,0.0,0.0
201950,0022401137,1610612738,13.0,5.0,7.0,0.0,13.0,5.0,0.0,0.0
1630573,0022401137,1610612738,18.0,0.0,8.0,1.0,12.0,7.0,0.0,0.0
1630202,0022401137,1610612738,20.0,7.0,6.0,0.0,18.0,8.0,0.0,0.0
1631248,0022401137,1610612738,6.0,2.0,4.0,0.0,6.0,2.0,0.0,0.0
1628470,0022401137,1610612738,3.0,2.0,8.0,3.0,3.0,1.0,0.0,0.0
1630214,0022401137,1610612738,0.0,0.0,0.0,0.0,1.0,0.0,0.0,0.0
1641775,0022401137,1610612738,0.0,0.0,2.0,0.0,0.0,0.0,0.0,0.0
1629674,0022401137,1610612738,6.0,1.0,0.0,1.0,3.0,3.0,0.0,0.0
1642346,0022401140,1610612756,4.0,2.0,8.0,0.0,7.0,2.0,0.0,0.0
1626220,0022401140,1610612756,5.0,3.0,2.0,0.0,6.0,2.0,0.0,0.0
1630208,0022401140,1610612756,5.0,0.0,2.0,1.0,2.0,2.0,1.0,1.0
203078,0022401140,1610612756,16.0,2.0,2.0,2.0,19.0,8.0,2.0,0.0
1626164,0022401140,1610612756,40.0,3.0,4.0,0.0,29.0,16.0,7.0,6.0
1631221,0022401140,1610612756,0.0,4.0,4.0,0.0,6.0,0.0,0.0,0.0
1642345,0022401140,1610612756,8.0,3.0,3.0,0.0,4.0,4.0,0.0,0.0
1628960,0022401140,1610612756,15.0,1.0,6.0,0.0,13.0,4.0,7.0,7.0
1628998,0022401140,1610612756,0.0,0.0,0.0,0.0,1.0,0.0,0.0,0.0
1626145,0022401140,1610612756,5.0,2.0,4.0,0.0,5.0,1.0,2.0,2.0
1628384,0022401140,1610612752,32.0,3.0,6.0,0.0,17.0,13.0,0.0,0.0
1628404,0022401140,1610612752,7.0,5.0,10.0,0.0,6.0,2.0,4.0,3.0
1626157,0022401140,1610612752,19.0,1.0,13.0,1.0,13.0,7.0,6.0,5.0
1628969,0022401140,1610612752,22.0,4.0,6.0,1.0,14.0,8.0,4.0,4.0
1628973,0022401140,1610612752,15.0,6.0,2.0,0.0,9.0,3.0,10.0,8.0
1629011,0022401140,1610612752,2.0,1.0,2.0,1.0,2.0,1.0,0.0,0.0
1629013,0022401140,1610612752,5.0,0.0,1.0,0.0,3.0,2.0,0.0,0.0
1630540,0022401140,1610612752,8.0,2.0,0.0,0.0,6.0,3.0,0.0,0.0
1626166,0022401140,1610612752,2.0,6.0,1.0,0.0,4.0,1.0,0.0,0.0
1630170,0022401139,1610612759,21.0,2.0,7.0,0.0,16.0,8.0,3.0,2.0
203084,0022401139,1610612759,17.0,1.0,7.0,0.0,9.0,6.0,3.0,3.0
202687,0022401139,1610612759,10.0,0.0,4.0,1.0,10.0,5.0,0.0,0.0
1642264,0022401139,1610612759,22.0,5.0,7.0,0.0,17.0,7.0,9.0,7.0
101108,0022401139,1610612759,8.0,9.0,3.0,0.0,6.0,3.0,3.0,2.0
1629640,0022401139,1610612759,2.0,1.0,5.0,3.0,11.0,1.0,0.0,0.0
1630577,0022401139,1610612759,7.0,0.0,3.0,0.0,4.0,2.0,2.0,1.0
1630572,0022401139,1610612759,0.0,2.0,0.0,0.0,3.0,0.0,0.0,0.0
1631104,0022401139,1610612759,0.0,1.0,3.0,0.0,3.0,0.0,0.0,0.0
1629162,0022401139,1610612759,5.0,3.0,2.0,0.0,2.0,2.0,1.0,1.0
1631103,0022401139,1610612759,17.0,2.0,4.0,0.0,14.0,7.0,0.0,0.0
1629680,0022401139,1610612757,6.0,2.0,4.0,0.0,6.0,2.0,0.0,0.0
1641739,0022401139,1610612757,23.0,3.0,10.0,1.0,16.0,8.0,4.0,3.0
1642270,0022401139,1610612757,10.0,0.0,8.0,3.0,5.0,4.0,1.0,1.0
1631101,0022401139,1610612757,21.0,6.0,10.0,0.0,17.0,5.0,11.0,9.0
1630625,0022401139,1610612757,20.0,6.0,2.0,0.0,16.0,7.0,6.0,4.0
1641712,0022401139,1610612757,7.0,3.0,1.0,0.0,9.0,3.0,0.0,0.0
1631200,0022401139,1610612757,18.0,4.0,5.0,0.0,11.0,7.0,3.0,3.0
1631133,0022401139,1610612757,10.0,0.0,4.0,0.0,5.0,4.0,2.0,1.0
1631303,0022401139,1610612757,5.0,1.0,0.0,1.0,4.0,2.0,0.0,0.0
201942,0022401138,1610612758,28.0,7.0,4.0,1.0,18.0,10.0,8.0,6.0
1626168,0022401138,1610612758,7.0,1.0,8.0,0.0,6.0,2.0,4.0,2.0
1627734,0022401138,1610612758,27.0,7.0,9.0,0.0,15.0,11.0,4.0,4.0
203897,0022401138,1610612758,37.0,1.0,2.0,0.0,21.0,15.0,0.0,0.0
1631165,0022401138,1610612758,11.0,3.0,3.0,2.0,7.0,4.0,0.0,0.0
1628370,0022401138,1610612758,8.0,3.0,7.0,0.0,8.0,1.0,6.0,6.0
1642269,0022401138,1610612758,0.0,1.0,2.0,0.0,2.0,0.0,0.0,0.0
1642403,0022401138,1610612758,0.0,1.0,2.0,0.0,3.0,0.0,0.0,0.0
202685,0022401138,1610612758,2.0,1.0,2.0,0.0,2.0,1.0,0.0,0.0
1629622,0022401138,1610612739,11.0,7.0,6.0,0.0,6.0,4.0,2.0,1.0
1630596,0022401138,1610612739,16.0,4.0,9.0,2.0,14.0,7.0,5.0,2.0
1628386,0022401138,1610612739,17.0,4.0,5.0,0.0,9.0,7.0,4.0,3.0
1628378,0022401138,1610612739,19.0,6.0,6.0,0.0,16.0,7.0,7.0,4.0
1629636,0022401138,1610612739,9.0,7.0,3.0,0.0,13.0,4.0,0.0,0.0
1629660,0022401138,1610612739,20.0,2.0,4.0,0.0,13.0,9.0,1.0,1.0
1629631,0022401138,1610612739,11.0,0.0,2.0,2.0,9.0,4.0,0.0,0.0
1630241,0022401138,1610612739,0.0,0.0,2.0,1.0,3.0,0.0,0.0,0.0
1630171,0022401138,1610612739,7.0,1.0,2.0,0.0,3.0,3.0,0.0,0.0
1629731,0022401138,1610612739,3.0,0.0,0.0,0.0,2.0,1.0,0.0,0.0
1627752,0022400617,1610612749,3.0,3.0,4.0,0.0,4.0,1.0,2.0,1.0
1628398,0022400617,1610612749,17.0,4.0,4.0,0.0,13.0,8.0,2.0,1.0
201572,0022400617,1610612749,20.0,3.0,12.0,4.0,16.0,8.0,2.0,2.0
1629018,0022400617,1610612749,29.0,1.0,5.0,0.0,17.0,10.0,8.0,5.0
1629645,0022400617,1610612749,20.0,4.0,8.0,0.0,18.0,8.0,2.0,1.0
1631260,0022400617,1610612749,6.0,1.0,3.0,0.0,6.0,2.0,0.0,0.0
1631157,0022400617,1610612749,14.0,10.0,7.0,0.0,15.0,5.0,6.0,4.0
1631250,0022400617,1610612749,2.0,2.0,5.0,0.0,2.0,1.0,0.0,0.0
1641748,0022400617,1610612749,0.0,1.0,3.0,0.0,1.0,0.0,0.0,0.0
1628971,0022400617,1610612740,16.0,9.0,4.0,1.0,16.0,7.0,3.0,2.0
1631232,0022400617,1610612740,13.0,1.0,10.0,1.0,11.0,5.0,2.0,2.0
1642274,0022400617,1610612740,18.0,3.0,12.0,1.0,13.0,9.0,2.0,0.0
1641810,0022400617,1610612740,23.0,2.0,2.0,0.0,18.0,8.0,2.0,2.0
203901,0022400617,1610612740,0.0,10.0,2.0,0.0,3.0,0.0,0.0,0.0
1631255,0022400617,1610612740,11.0,1.0,5.0,2.0,11.0,5.0,0.0,0.0
1631288,0022400617,1610612740,4.0,0.0,6.0,1.0,8.0,1.0,4.0,2.0
1630526,0022400617,1610612740,5.0,2.0,6.0,0.0,5.0,2.0,0.0,0.0
1631311,0022400617,1610612740,17.0,3.0,1.0,0.0,10.0,6.0,1.0,1.0
1628404,0022401128,1610612752,16.0,11.0,9.0,0.0,8.0,5.0,5.0,4.0
1628384,0022401128,1610612752,24.0,4.0,4.0,3.0,17.0,9.0,5.0,4.0
1626157,0022401128,1610612752,30.0,3.0,11.0,0.0,15.0,10.0,9.0,8.0
1628969,0022401128,1610612752,20.0,5.0,3.0,0.0,13.0,9.0,0.0,0.0
1626153,0022401128,1610612752,10.0,2.0,1.0,0.0,7.0,4.0,0.0,0.0
1630173,0022401128,1610612752,6.0,0.0,3.0,2.0,8.0,3.0,0.0,0.0
1629013,0022401128,1610612752,12.0,2.0,4.0,0.0,11.0,4.0,0.0,0.0
1626166,0022401128,1610612752,3.0,5.0,3.0,0.0,5.0,1.0,0.0,0.0
1641755,0022401128,1610612752,0.0,0.0,0.0,0.0,0.0,0.0,0.0,0.0
1642258,0022401128,1610612737,12.0,1.0,4.0,1.0,10.0,5.0,0.0,0.0
1631243,0022401128,1610612737,6.0,1.0,3.0,1.0,3.0,2.0,2.0,2.0
1630168,0022401128,1610612737,6.0,2.0,5.0,0.0,4.0,2.0,4.0,2.0
1630700,0022401128,1610612737,12.0,1.0,2.0,1.0,8.0,5.0,2.0,1.0
1629027,0022401128,1610612737,16.0,9.0,1.0,0.0,15.0,5.0,3.0,3.0
1627777,0022401128,1610612737,13.0,1.0,4.0,0.0,16.0,5.0,0.0,0.0
1627747,0022401128,1610612737,14.0,3.0,4.0,1.0,11.0,6.0,1.0,1.0
1631230,0022401128,1610612737,2.0,1.0,3.0,1.0,4.0,1.0,0.0,0.0
1629611,0022401128,1610612737,14.0,1.0,6.0,0.0,8.0,6.0,0.0,0.0
1630249,0022401128,1610612737,8.0,1.0,3.0,1.0,6.0,3.0,0.0,0.0
1630811,0022401128,1610612737,2.0,3.0,1.0,1.0,2.0,1.0,0.0,0.0
1631342,0022401128,1610612737,0.0,0.0,2.0,0.0,1.0,0.0,0.0,0.0
1628398,0022401131,1610612749,9.0,2.0,2.0,0.0,13.0,4.0,0.0,0.0
203507,0022401131,1610612749,36.0,10.0,15.0,1.0,21.0,13.0,14.0,10.0
201572,0022401131,1610612749,17.0,0.0,5.0,1.0,11.0,7.0,2.0,2.0
1627752,0022401131,1610612749,9.0,2.0,5.0,0.0,6.0,3.0,3.0,3.0
1631157,0022401131,1610612749,5.0,2.0,1.0,1.0,3.0,2.0,0.0,0.0
1629018,0022401131,1610612749,2.0,1.0,1.0,0.0,7.0,1.0,0.0,0.0
1629645,0022401131,1610612749,24.0,8.0,12.0,0.0,16.0,8.0,7.0,6.0
1631260,0022401131,1610612749,10.0,2.0,3.0,0.0,5.0,3.0,3.0,2.0
1641748,0022401131,1610612749,0.0,0.0,1.0,0.0,0.0,0.0,0.0,0.0
1626192,0022401131,1610612749,9.0,2.0,2.0,0.0,5.0,4.0,0.0,0.0
1629130,0022401131,1610612748,16.0,3.0,2.0,0.0,15.0,6.0,0.0,0.0
1628389,0022401131,1610612748,31.0,5.0,12.0,1.0,25.0,11.0,6.0,6.0
1642276,0022401131,1610612748,7.0,1.0,6.0,0.0,4.0,3.0,2.0,1.0
202692,0022401131,1610612748,24.0,2.0,5.0,0.0,18.0,8.0,2.0,2.0
1641796,0022401131,1610612748,3.0,3.0,4.0,0.0,8.0,1.0,0.0,0.0
1630558,0022401131,1610612748,20.0,5.0,2.0,0.0,15.0,8.0,4.0,3.0
1629312,0022401131,1610612748,2.0,2.0,6.0,0.0,5.0,1.0,0.0,0.0
203937,0022401131,1610612748,12.0,3.0,14.0,0.0,10.0,5.0,2.0,2.0
1626179,0022401131,1610612748,0.0,0.0,1.0,0.0,2.0,0.0,0.0,0.0
1642377,0022401129,1610612763,7.0,1.0,3.0,0.0,8.0,1.0,4.0,4.0
1628991,0022401129,1610612763,27.0,2.0,11.0,0.0,23.0,9.0,11.0,8.0
1641744,0022401129,1610612763,6.0,6.0,21.0,1.0,8.0,3.0,2.0,0.0
1630217,0022401129,1610612763,38.0,3.0,7.0,0.0,23.0,15.0,4.0,4.0
1630590,0022401129,1610612763,15.0,3.0,6.0,2.0,10.0,5.0,4.0,3.0
1630583,0022401129,1610612763,9.0,2.0,5.0,0.0,6.0,3.0,4.0,3.0
1630643,0022401129,1610612763,0.0,0.0,0.0,0.0,4.0,0.0,0.0,0.0
1628379,0022401129,1610612763,4.0,2.0,7.0,0.0,6.0,2.0,0.0,0.0
1641713,0022401129,1610612763,0.0,0.0,4.0,0.0,5.0,0.0,0.0,0.0
1642285,0022401129,1610612763,3.0,0.0,0.0,0.0,1.0,1.0,0.0,0.0
203501,0022401129,1610612765,9.0,3.0,3.0,0.0,10.0,2.0,4.0,4.0
1641709,0022401129,1610612765,18.0,5.0,11.0,1.0,9.0,7.0,6.0,4.0
1630191,0022401129,1610612765,16.0,4.0,8.0,3.0,11.0,7.0,0.0,0.0
203471,0022401129,1610612765,10.0,4.0,2.0,0.0,8.0,3.0,2.0,2.0
1630595,0022401129,1610612765,25.0,4.0,9.0,1.0,24.0,9.0,7.0,5.0
1627736,0022401129,1610612765,11.0,0.0,3.0,0.0,16.0,4.0,0.0,0.0
1631204,0022401129,1610612765,7.0,2.0,1.0,0.0,8.0,3.0,0.0,0.0
1631323,0022401129,1610612765,2.0,0.0,4.0,0.0,4.0,0.0,2.0,2.0
1630194,0022401129,1610612765,2.0,2.0,3.0,0.0,5.0,1.0,0.0,0.0
1641842,0022401129,1610612765,3.0,0.0,0.0,1.0,1.0,1.0,2.0,1.0
1630183,0022401130,1610612750,2.0,1.0,3.0,1.0,6.0,0.0,2.0,2.0
203944,0022401130,1610612750,15.0,4.0,5.0,0.0,11.0,5.0,9.0,5.0
203497,0022401130,1610612750,23.0,2.0,19.0,3.0,11.0,10.0,4.0,3.0
1630162,0022401130,1610612750,37.0,2.0,2.0,1.0,21.0,12.0,8.0,7.0
201144,0022401130,1610612750,8.0,4.0,4.0,0.0,7.0,3.0,0.0,0.0
1628978,0022401130,1610612750,13.0,1.0,4.0,0.0,9.0,5.0,0.0,0.0
1629675,0022401130,1610612750,9.0,2.0,7.0,2.0,10.0,4.0,2.0,1.0
1629638,0022401130,1610612750,7.0,5.0,2.0,0.0,5.0,2.0,4.0,3.0
1641740,0022401130,1610612750,0.0,1.0,1.0,0.0,1.0,0.0,0.0,0.0
1642348,0022401130,1610612755,5.0,0.0,1.0,1.0,5.0,2.0,0.0,0.0
1627824,0022401130,1610612755,19.0,4.0,4.0,0.0,15.0,8.0,4.0,3.0
1641737,0022401130,1610612755,4.0,2.0,10.0,1.0,5.0,2.0,0.0,0.0
1629656,0022401130,1610612755,28.0,2.0,3.0,0.0,18.0,10.0,2.0,2.0
1630215,0022401130,1610612755,16.0,8.0,1.0,0.0,15.0,7.0,2.0,1.0
1629022,0022401130,1610612755,18.0,5.0,3.0,1.0,12.0,6.0,5.0,3.0
1641741,0022401130,1610612755,0.0,0.0,0.0,0.0,0.0,0.0,0.0,0.0
1630658,0022401130,1610612755,6.0,2.0,6.0,0.0,6.0,3.0,2.0,0.0
1641720,0022401130,1610612755,7.0,2.0,1.0,0.0,9.0,3.0,0.0,0.0
1630542,0022401130,1610612755,6.0,1.0,5.0,1.0,6.0,3.0,0.0,0.0
1629023,0022401132,1610612742,12.0,1.0,5.0,3.0,7.0,3.0,8.0,6.0
203076,0022401132,1610612742,27.0,0.0,9.0,0.0,19.0,8.0,13.0,10.0
1641726,0022401132,1610612742,2.0,0.0,3.0,1.0,3.0,1.0,0.0,0.0
202691,0022401132,1610612742,14.0,0.0,1.0,0.0,10.0,5.0,0.0,0.0
203915,0022401132,1610612742,8.0,9.0,6.0,0.0,11.0,1.0,6.0,5.0
1630230,0022401132,1610612742,9.0,1.0,2.0,1.0,5.0,2.0,6.0,5.0
1630539,0022401132,1610612742,18.0,0.0,7.0,3.0,9.0,9.0,1.0,0.0
1631108,0022401132,1610612742,7.0,2.0,2.0,0.0,3.0,2.0,2.0,2.0
1628997,0022401132,1610612742,7.0,5.0,5.0,0.0,9.0,3.0,2.0,1.0
203939,0022401132,1610612742,0.0,0.0,1.0,0.0,2.0,0.0,0.0,0.0
1626181,0022401132,1610612746,9.0,0.0,1.0,0.0,13.0,4.0,2.0,0.0
202695,0022401132,1610612746,29.0,3.0,6.0,1.0,19.0,12.0,2.0,2.0
1627826,0022401132,1610612746,25.0,2.0,10.0,1.0,11.0,11.0,3.0,3.0
1627739,0022401132,1610612746,3.0,2.0,0.0,0.0,1.0,1.0,0.0,0.0
201935,0022401132,1610612746,29.0,14.0,7.0,0.0,19.0,10.0,9.0,8.0
1627884,0022401132,1610612746,7.0,1.0,4.0,0.0,7.0,3.0,2.0,1.0
203992,0022401132,1610612746,7.0,3.0,4.0,0.0,5.0,3.0,0.0,0.0
201587,0022401132,1610612746,6.0,0.0,5.0,0.0,3.0,2.0,0.0,0.0
1627732,0022401132,1610612746,2.0,3.0,0.0,0.0,1.0,1.0,0.0,0.0
1642353,0022401132,1610612746,2.0,1.0,3.0,1.0,5.0,1.0,0.0,0.0
1641757,0022401132,1610612746,4.0,0.0,0.0,0.0,3.0,1.0,2.0,2.0
1641738,0022401132,1610612746,3.0,0.0,3.0,0.0,2.0,1.0,0.0,0.0
1629234,0022401132,1610612746,4.0,1.0,1.0,0.0,3.0,2.0,0.0,0.0
201988,0022401132,1610612746,5.0,1.0,1.0,0.0,4.0,2.0,0.0,0.0
1630230,0022401127,1610612742,22.0,4.0,4.0,0.0,14.0,8.0,8.0,6.0
1629023,0022401127,1610612742,9.0,2.0,10.0,0.0,7.0,4.0,2.0,0.0
1629655,0022401127,1610612742,4.0,0.0,5.0,0.0,5.0,2.0,2.0,0.0
202691,0022401127,1610612742,2.0,0.0,0.0,0.0,3.0,1.0,0.0,0.0
203915,0022401127,1610612742,18.0,4.0,3.0,0.0,13.0,7.0,3.0,2.0
1631108,0022401127,1610612742,11.0,1.0,6.0,0.0,14.0,4.0,2.0,2.0
1630702,0022401127,1610612742,16.0,5.0,5.0,0.0,14.0,5.0,8.0,6.0
1630539,0022401127,1610612742,9.0,2.0,3.0,0.0,6.0,4.0,1.0,1.0
1628997,0022401127,1610612742,0.0,0.0,1.0,0.0,1.0,0.0,0.0,0.0
203939,0022401127,1610612742,0.0,1.0,2.0,0.0,0.0,0.0,0.0,0.0
1626181,0022401127,1610612746,14.0,2.0,1.0,0.0,11.0,5.0,2.0,2.0
202695,0022401127,1610612746,20.0,2.0,6.0,0.0,17.0,8.0,2.0,2.0
1627826,0022401127,1610612746,14.0,2.0,13.0,1.0,14.0,6.0,4.0,2.0
1627739,0022401127,1610612746,9.0,0.0,6.0,0.0,6.0,4.0,0.0,0.0
201935,0022401127,1610612746,13.0,5.0,4.0,0.0,11.0,4.0,4.0,4.0
203992,0022401127,1610612746,12.0,6.0,4.0,0.0,8.0,4.0,0.0,0.0
1627884,0022401127,1610612746,8.0,0.0,1.0,1.0,3.0,3.0,2.0,1.0
201587,0022401127,1610612746,0.0,0.0,0.0,0.0,0.0,0.0,0.0,0.0
1629234,0022401127,1610612746,12.0,2.0,7.0,1.0,7.0,6.0,0.0,0.0
1641738,0022401127,1610612746,0.0,4.0,2.0,1.0,4.0,0.0,0.0,0.0
201988,0022401127,1610612746,3.0,0.0,0.0,0.0,2.0,1.0,0.0,0.0
1642280,0022401127,1610612746,0.0,0.0,0.0,0.0,1.0,0.0,0.0,0.0
1642353,0022401127,1610612746,3.0,0.0,2.0,0.0,3.0,1.0,2.0,1.0
1631116,0022401127,1610612746,6.0,0.0,2.0,0.0,2.0,2.0,0.0,0.0
1629680,0022401122,1610612757,7.0,2.0,4.0,1.0,8.0,3.0,0.0,0.0
1630166,0022401122,1610612757,37.0,5.0,11.0,0.0,25.0,12.0,14.0,11.0
1642270,0022401122,1610612757,7.0,1.0,18.0,1.0,11.0,3.0,0.0,0.0
1631101,0022401122,1610612757,17.0,5.0,2.0,0.0,23.0,7.0,2.0,2.0
1630625,0022401122,1610612757,21.0,3.0,3.0,1.0,22.0,9.0,2.0,1.0
1631200,0022401122,1610612757,8.0,2.0,5.0,1.0,9.0,3.0,0.0,0.0
1631133,0022401122,1610612757,7.0,4.0,6.0,0.0,7.0,3.0,0.0,0.0
1641712,0022401122,1610612757,7.0,0.0,4.0,1.0,9.0,3.0,0.0,0.0
1631303,0022401122,1610612757,2.0,1.0,1.0,0.0,1.0,1.0,0.0,0.0
1628989,0022401122,1610612741,9.0,1.0,2.0,1.0,10.0,3.0,0.0,0.0
1641824,0022401122,1610612741,12.0,1.0,12.0,3.0,10.0,5.0,1.0,0.0
202696,0022401122,1610612741,31.0,2.0,12.0,2.0,22.0,13.0,3.0,3.0
1629632,0022401122,1610612741,31.0,7.0,5.0,0.0,16.0,9.0,12.0,11.0
1630581,0022401122,1610612741,15.0,12.0,19.0,0.0,13.0,4.0,9.0,7.0
1631207,0022401122,1610612741,0.0,1.0,4.0,1.0,2.0,0.0,0.0,0.0
1630172,0022401122,1610612741,2.0,0.0,5.0,0.0,5.0,1.0,0.0,0.0
1629659,0022401122,1610612741,13.0,0.0,0.0,0.0,5.0,4.0,6.0,5.0
1628380,0022401122,1610612741,5.0,0.0,2.0,1.0,4.0,2.0,0.0,0.0
1641763,0022401122,1610612741,0.0,1.0,0.0,0.0,0.0,0.0,0.0,0.0
203501,0022401121,1610612765,23.0,0.0,3.0,0.0,14.0,8.0,2.0,2.0
1641709,0022401121,1610612765,15.0,4.0,7.0,2.0,12.0,6.0,3.0,3.0
1631105,0022401121,1610612765,21.0,6.0,18.0,4.0,11.0,9.0,4.0,3.0
1627736,0022401121,1610612765,21.0,2.0,4.0,0.0,20.0,7.0,4.0,4.0
203471,0022401121,1610612765,16.0,7.0,4.0,0.0,13.0,5.0,6.0,5.0
1631323,0022401121,1610612765,5.0,1.0,1.0,0.0,3.0,2.0,0.0,0.0
1641842,0022401121,1610612765,3.0,3.0,5.0,1.0,2.0,0.0,4.0,3.0
1630194,0022401121,1610612765,0.0,1.0,1.0,0.0,5.0,0.0,0.0,0.0
1631204,0022401121,1610612765,10.0,1.0,4.0,0.0,6.0,3.0,4.0,3.0
1630322,0022401121,1610612765,3.0,2.0,0.0,0.0,3.0,1.0,0.0,0.0
1642419,0022401121,1610612761,9.0,0.0,2.0,0.0,5.0,3.0,0.0,0.0
1642367,0022401121,1610612761,6.0,0.0,8.0,1.0,7.0,3.0,0.0,0.0
1627751,0022401121,1610612761,10.0,2.0,11.0,3.0,11.0,5.0,0.0,0.0
1642266,0022401121,1610612761,22.0,1.0,3.0,0.0,14.0,8.0,2.0,2.0
1630193,0022401121,1610612761,14.0,8.0,8.0,0.0,16.0,5.0,2.0,2.0
1630639,0022401121,1610612761,9.0,1.0,3.0,2.0,7.0,2.0,6.0,4.0
1631115,0022401121,1610612761,5.0,1.0,3.0,0.0,6.0,1.0,4.0,3.0
1642347,0022401121,1610612761,14.0,9.0,1.0,0.0,12.0,5.0,4.0,3.0
1631197,0022401121,1610612761,6.0,2.0,5.0,0.0,5.0,2.0,2.0,2.0
1631306,0022401121,1610612761,10.0,0.0,5.0,0.0,8.0,4.0,0.0,0.0
201942,0022401118,1610612758,22.0,3.0,4.0,0.0,13.0,6.0,10.0,9.0
1631099,0022401118,1610612758,5.0,2.0,3.0,2.0,8.0,2.0,0.0,0.0
1627734,0022401118,1610612758,24.0,7.0,11.0,0.0,16.0,9.0,7.0,6.0
1631165,0022401118,1610612758,3.0,0.0,2.0,1.0,2.0,1.0,0.0,0.0
203897,0022401118,1610612758,25.0,3.0,10.0,0.0,19.0,9.0,3.0,3.0
1628370,0022401118,1610612758,17.0,3.0,1.0,0.0,12.0,7.0,0.0,0.0
1626168,0022401118,1610612758,12.0,2.0,3.0,0.0,5.0,4.0,2.0,1.0
202685,0022401118,1610612758,6.0,2.0,7.0,0.0,4.0,3.0,1.0,0.0
1642269,0022401118,1610612758,0.0,1.0,0.0,0.0,2.0,0.0,0.0,0.0
1628365,0022401118,1610612758,2.0,2.0,0.0,0.0,3.0,1.0,0.0,0.0
1642403,0022401118,1610612758,3.0,0.0,0.0,0.0,2.0,1.0,0.0,0.0
203926,0022401118,1610612758,3.0,0.0,1.0,0.0,2.0,1.0,0.0,0.0
203109,0022401118,1610612758,3.0,1.0,2.0,0.0,3.0,1.0,0.0,0.0
1629610,0022401118,1610612766,8.0,1.0,4.0,0.0,7.0,3.0,2.0,1.0
1628970,0022401118,1610612766,22.0,1.0,2.0,0.0,21.0,7.0,6.0,6.0
203994,0022401118,1610612766,8.0,3.0,8.0,1.0,10.0,3.0,2.0,2.0
203552,0022401118,1610612766,9.0,1.0,6.0,0.0,7.0,3.0,2.0,2.0
1642354,0022401118,1610612766,13.0,4.0,1.0,0.0,10.0,6.0,0.0,0.0
1642275,0022401118,1610612766,13.0,2.0,5.0,0.0,12.0,3.0,5.0,5.0
1629006,0022401118,1610612766,6.0,0.0,3.0,1.0,3.0,1.0,5.0,4.0
1631217,0022401118,1610612766,15.0,0.0,11.0,0.0,9.0,6.0,4.0,3.0
1631301,0022401118,1610612766,7.0,4.0,1.0,0.0,3.0,1.0,4.0,4.0
201959,0022401118,1610612766,1.0,1.0,4.0,0.0,1.0,0.0,4.0,1.0
1631232,0022401126,1610612740,9.0,1.0,4.0,0.0,9.0,4.0,2.0,1.0
203482,0022401126,1610612740,12.0,2.0,3.0,1.0,8.0,4.0,6.0,4.0
1642274,0022401126,1610612740,13.0,2.0,11.0,1.0,8.0,5.0,5.0,3.0
1628971,0022401126,1610612740,1.0,1.0,6.0,0.0,5.0,0.0,2.0,1.0
1630631,0022401126,1610612740,27.0,5.0,4.0,0.0,21.0,10.0,3.0,1.0
1630526,0022401126,1610612740,8.0,0.0,3.0,0.0,3.0,2.0,2.0,2.0
1631288,0022401126,1610612740,11.0,1.0,1.0,0.0,7.0,4.0,0.0,0.0
1631255,0022401126,1610612740,15.0,2.0,6.0,0.0,7.0,6.0,2.0,2.0
1641810,0022401126,1610612740,10.0,0.0,0.0,0.0,10.0,4.0,0.0,0.0
203901,0022401126,1610612740,2.0,12.0,0.0,0.0,3.0,1.0,0.0,0.0
1631311,0022401126,1610612740,0.0,1.0,0.0,0.0,1.0,0.0,0.0,0.0
1627827,0022401126,1610612747,5.0,2.0,2.0,0.0,4.0,2.0,0.0,0.0
2544,0022401126,1610612747,27.0,8.0,0.0,0.0,17.0,9.0,8.0,7.0
1629637,0022401126,1610612747,6.0,0.0,12.0,2.0,4.0,3.0,0.0,0.0
1630559,0022401126,1610612747,30.0,7.0,3.0,0.0,13.0,8.0,9.0,8.0
1629029,0022401126,1610612747,35.0,6.0,6.0,0.0,21.0,10.0,11.0,11.0
1630692,0022401126,1610612747,2.0,2.0,5.0,0.0,4.0,1.0,0.0,0.0
1629216,0022401126,1610612747,5.0,1.0,3.0,0.0,4.0,2.0,0.0,0.0
1629020,0022401126,1610612747,2.0,0.0,3.0,0.0,2.0,1.0,0.0,0.0
1642261,0022401126,1610612747,12.0,0.0,1.0,0.0,10.0,5.0,0.0,0.0
1641998,0022401126,1610612747,0.0,0.0,1.0,0.0,0.0,0.0,0.0,0.0
1629003,0022401126,1610612747,0.0,0.0,0.0,0.0,0.0,0.0,0.0,0.0
1631114,0022401123,1610612760,33.0,4.0,3.0,1.0,21.0,13.0,6.0,5.0
1631096,0022401123,1610612760,20.0,1.0,4.0,2.0,10.0,6.0,2.0,2.0
1628392,0022401123,1610612760,16.0,4.0,7.0,2.0,9.0,8.0,1.0,0.0
1629652,0022401123,1610612760,2.0,3.0,4.0,0.0,6.0,1.0,0.0,0.0
1628983,0022401123,1610612760,22.0,8.0,4.0,0.0,22.0,10.0,2.0,1.0
1629026,0022401123,1610612760,3.0,0.0,1.0,0.0,3.0,1.0,0.0,0.0
1641717,0022401123,1610612760,2.0,2.0,2.0,0.0,7.0,1.0,0.0,0.0
1627936,0022401123,1610612760,2.0,1.0,4.0,1.0,4.0,0.0,2.0,2.0
1630598,0022401123,1610612760,8.0,0.0,3.0,0.0,6.0,2.0,2.0,2.0
1641794,0022401123,1610612760,0.0,1.0,0.0,0.0,0.0,0.0,0.0,0.0
1642382,0022401123,1610612760,3.0,0.0,1.0,0.0,1.0,1.0,0.0,0.0
1641708,0022401123,1610612745,16.0,6.0,8.0,2.0,9.0,6.0,2.0,2.0
1630578,0022401123,1610612745,31.0,4.0,2.0,0.0,21.0,11.0,12.0,9.0
203500,0022401123,1610612745,8.0,0.0,12.0,1.0,7.0,4.0,0.0,0.0
1630224,0022401123,1610612745,34.0,5.0,4.0,1.0,24.0,11.0,10.0,9.0
1627832,0022401123,1610612745,13.0,6.0,0.0,0.0,9.0,5.0,0.0,0.0
1631106,0022401123,1610612745,5.0,1.0,4.0,1.0,10.0,2.0,0.0,0.0
1631095,0022401123,1610612745,9.0,1.0,17.0,0.0,8.0,3.0,2.0,2.0
1630256,0022401123,1610612745,9.0,1.0,0.0,0.0,4.0,3.0,0.0,0.0
1631466,0022401123,1610612745,0.0,0.0,0.0,0.0,0.0,0.0,0.0,0.0
1628988,0022401123,1610612745,0.0,0.0,0.0,0.0,0.0,0.0,0.0,0.0
1642263,0022401123,1610612745,0.0,0.0,1.0,0.0,0.0,0.0,0.0,0.0
1641715,0022401123,1610612745,0.0,0.0,0.0,0.0,0.0,0.0,0.0,0.0
1629622,0022401124,1610612739,3.0,3.0,6.0,0.0,5.0,1.0,0.0,0.0
1630596,0022401124,1610612739,25.0,5.0,12.0,3.0,13.0,10.0,2.0,1.0
1628386,0022401124,1610612739,4.0,3.0,4.0,0.0,2.0,2.0,0.0,0.0
1628378,0022401124,1610612739,26.0,7.0,3.0,1.0,18.0,8.0,6.0,4.0
1629636,0022401124,1610612739,19.0,7.0,2.0,0.0,16.0,6.0,4.0,3.0
1630241,0022401124,1610612739,9.0,2.0,2.0,0.0,7.0,3.0,0.0,0.0
1629631,0022401124,1610612739,18.0,3.0,7.0,0.0,16.0,7.0,0.0,0.0
1630171,0022401124,1610612739,6.0,0.0,4.0,0.0,6.0,3.0,0.0,0.0
1629750,0022401124,1610612739,2.0,0.0,3.0,0.0,4.0,1.0,0.0,0.0
1641854,0022401124,1610612739,2.0,1.0,1.0,0.0,0.0,0.0,2.0,2.0
1630170,0022401124,1610612759,24.0,3.0,4.0,0.0,18.0,9.0,0.0,0.0
203084,0022401124,1610612759,23.0,1.0,0.0,0.0,14.0,7.0,6.0,5.0
202687,0022401124,1610612759,6.0,1.0,10.0,3.0,4.0,3.0,0.0,0.0
1642264,0022401124,1610612759,22.0,11.0,9.0,0.0,16.0,8.0,6.0,5.0
101108,0022401124,1610612759,9.0,8.0,4.0,1.0,10.0,4.0,0.0,0.0
1629640,0022401124,1610612759,7.0,3.0,4.0,0.0,10.0,3.0,0.0,0.0
1631104,0022401124,1610612759,2.0,0.0,2.0,0.0,7.0,0.0,4.0,2.0
1630572,0022401124,1610612759,5.0,0.0,5.0,0.0,5.0,2.0,0.0,0.0
1630577,0022401124,1610612759,15.0,0.0,6.0,0.0,9.0,5.0,3.0,3.0
1629162,0022401124,1610612759,0.0,0.0,0.0,0.0,0.0,0.0,0.0,0.0
1629646,0022401124,1610612759,0.0,0.0,0.0,0.0,1.0,0.0,0.0,0.0
1641729,0022401119,1610612762,9.0,0.0,10.0,0.0,13.0,3.0,0.0,0.0
1630548,0022401119,1610612762,17.0,0.0,3.0,0.0,18.0,6.0,0.0,0.0
1642271,0022401119,1610612762,9.0,2.0,9.0,1.0,15.0,3.0,4.0,3.0
1629012,0022401119,1610612762,27.0,3.0,3.0,0.0,15.0,8.0,10.0,9.0
1642268,0022401119,1610612762,15.0,5.0,5.0,0.0,15.0,5.0,6.0,5.0
1641718,0022401119,1610612762,15.0,5.0,8.0,0.0,14.0,6.0,0.0,0.0
1629004,0022401119,1610612762,6.0,4.0,4.0,0.0,6.0,2.0,0.0,0.0
1630531,0022401119,1610612762,5.0,1.0,3.0,0.0,4.0,2.0,1.0,1.0
1630695,0022401119,1610612762,9.0,1.0,7.0,0.0,4.0,4.0,0.0,0.0
1630174,0022401119,1610612754,12.0,0.0,3.0,0.0,7.0,5.0,1.0,0.0
1627783,0022401119,1610612754,22.0,5.0,5.0,4.0,16.0,9.0,4.0,2.0
1626167,0022401119,1610612754,26.0,1.0,7.0,6.0,17.0,9.0,8.0,5.0
1629614,0022401119,1610612754,11.0,3.0,6.0,0.0,7.0,5.0,1.0,1.0
1630169,0022401119,1610612754,17.0,11.0,6.0,3.0,13.0,7.0,2.0,1.0
1631097,0022401119,1610612754,20.0,2.0,3.0,0.0,11.0,4.0,16.0,12.0
1628418,0022401119,1610612754,2.0,0.0,2.0,0.0,1.0,0.0,2.0,2.0
204456,0022401119,1610612754,12.0,7.0,4.0,1.0,7.0,6.0,0.0,0.0
1630167,0022401119,1610612754,6.0,4.0,4.0,1.0,4.0,2.0,2.0,1.0
1641767,0022401119,1610612754,3.0,2.0,4.0,0.0,2.0,1.0,0.0,0.0
1641716,0022401119,1610612754,5.0,3.0,7.0,1.0,3.0,2.0,0.0,0.0
1642277,0022401119,1610612754,2.0,0.0,0.0,1.0,0.0,0.0,2.0,2.0
1642484,0022401119,1610612754,0.0,0.0,0.0,0.0,0.0,0.0,0.0,0.0
1628396,0022401119,1610612754,2.0,0.0,0.0,0.0,1.0,1.0,0.0,0.0
1626220,0022401120,1610612756,12.0,2.0,6.0,0.0,11.0,4.0,0.0,0.0
1642346,0022401120,1610612756,5.0,0.0,1.0,0.0,8.0,2.0,0.0,0.0
1642345,0022401120,1610612756,12.0,1.0,7.0,0.0,8.0,6.0,1.0,0.0
203078,0022401120,1610612756,1.0,5.0,4.0,1.0,7.0,0.0,2.0,1.0
1626164,0022401120,1610612756,37.0,6.0,5.0,0.0,29.0,15.0,5.0,5.0
1628960,0022401120,1610612756,8.0,1.0,1.0,0.0,6.0,3.0,1.0,1.0
1631221,0022401120,1610612756,8.0,0.0,2.0,0.0,6.0,3.0,0.0,0.0
1630208,0022401120,1610612756,4.0,0.0,7.0,0.0,3.0,2.0,0.0,0.0
1628998,0022401120,1610612756,4.0,1.0,5.0,1.0,4.0,1.0,2.0,2.0
1626145,0022401120,1610612756,12.0,6.0,1.0,0.0,9.0,5.0,0.0,0.0
1627814,0022401120,1610612756,0.0,0.0,0.0,0.0,2.0,0.0,0.0,0.0
1629626,0022401120,1610612756,0.0,1.0,1.0,0.0,0.0,0.0,0.0,0.0
203995,0022401120,1610612756,0.0,1.0,0.0,0.0,0.0,0.0,0.0,0.0
1627759,0022401120,1610612738,31.0,3.0,5.0,0.0,16.0,10.0,9.0,8.0
1628369,0022401120,1610612738,23.0,8.0,8.0,1.0,18.0,9.0,5.0,4.0
204001,0022401120,1610612738,15.0,1.0,4.0,1.0,12.0,5.0,4.0,3.0
1628401,0022401120,1610612738,12.0,7.0,9.0,0.0,9.0,4.0,0.0,0.0
201950,0022401120,1610612738,4.0,2.0,5.0,1.0,3.0,1.0,2.0,2.0
1630202,0022401120,1610612738,10.0,3.0,1.0,0.0,5.0,4.0,0.0,0.0
1628436,0022401120,1610612738,12.0,0.0,4.0,0.0,7.0,5.0,2.0,2.0
201143,0022401120,1610612738,7.0,2.0,3.0,1.0,5.0,3.0,0.0,0.0
1630573,0022401120,1610612738,5.0,1.0,5.0,0.0,6.0,2.0,0.0,0.0
1641809,0022401120,1610612738,0.0,0.0,1.0,0.0,1.0,0.0,0.0,0.0
1630214,0022401120,1610612738,0.0,0.0,1.0,0.0,0.0,0.0,0.0,0.0
1641775,0022401120,1610612738,0.0,1.0,0.0,0.0,1.0,0.0,0.0,0.0
1631248,0022401120,1610612738,2.0,0.0,1.0,0.0,3.0,1.0,0.0,0.0
1629674,0022401120,1610612738,2.0,0.0,2.0,0.0,1.0,1.0,0.0,0.0
1629008,0022401125,1610612743,23.0,2.0,9.0,1.0,15.0,9.0,2.0,2.0
203932,0022401125,1610612743,15.0,8.0,2.0,1.0,8.0,4.0,7.0,7.0
203999,0022401125,1610612743,33.0,9.0,12.0,0.0,17.0,13.0,3.0,3.0
1631128,0022401125,1610612743,16.0,4.0,7.0,0.0,12.0,7.0,1.0,0.0
1631212,0022401125,1610612743,4.0,0.0,3.0,0.0,6.0,2.0,0.0,0.0
201566,0022401125,1610612743,5.0,2.0,4.0,1.0,9.0,2.0,0.0,0.0
1630192,0022401125,1610612743,0.0,0.0,0.0,0.0,0.0,0.0,0.0,0.0
1629618,0022401125,1610612743,8.0,3.0,1.0,1.0,7.0,3.0,0.0,0.0
1628427,0022401125,1610612743,0.0,0.0,0.0,0.0,0.0,0.0,0.0,0.0
1631124,0022401125,1610612743,0.0,0.0,0.0,0.0,0.0,0.0,0.0,0.0
1641816,0022401125,1610612743,0.0,0.0,0.0,0.0,0.0,0.0,0.0,0.0
1641725,0022401125,1610612743,0.0,0.0,0.0,0.0,0.0,0.0,0.0,0.0
1630541,0022401125,1610612744,8.0,0.0,3.0,0.0,3.0,2.0,2.0,2.0
202710,0022401125,1610612744,19.0,5.0,3.0,0.0,13.0,6.0,6.0,6.0
203110,0022401125,1610612744,8.0,3.0,3.0,1.0,8.0,4.0,1.0,0.0
1641764,0022401125,1610612744,26.0,6.0,8.0,0.0,16.0,10.0,2.0,2.0
201939,0022401125,1610612744,36.0,5.0,2.0,0.0,24.0,13.0,3.0,3.0
1627741,0022401125,1610612744,5.0,0.0,2.0,1.0,6.0,2.0,0.0,0.0
1630228,0022401125,1610612744,6.0,1.0,1.0,0.0,9.0,3.0,0.0,0.0
1627780,0022401125,1610612744,0.0,1.0,0.0,0.0,1.0,0.0,0.0,0.0
1626172,0022401125,1610612744,7.0,2.0,7.0,0.0,3.0,2.0,4.0,3.0
1642366,0022401125,1610612744,3.0,0.0,4.0,0.0,4.0,1.0,0.0,0.0
1630611,0022401125,1610612744,0.0,2.0,3.0,0.0,1.0,0.0,0.0,0.0
1631218,0022401125,1610612744,0.0,0.0,0.0,0.0,0.0,0.0,0.0,0.0
1630311,0022401125,1610612744,0.0,0.0,0.0,0.0,0.0,0.0,0.0,0.0
1630296,0022401125,1610612744,0.0,0.0,0.0,0.0,0.0,0.0,0.0,0.0
1628995,0022401125,1610612744,0.0,0.0,0.0,0.0,0.0,0.0,0.0,0.0
1630183,0022401113,1610612750,8.0,2.0,4.0,2.0,6.0,3.0,2.0,2.0
203944,0022401113,1610612750,11.0,4.0,8.0,0.0,11.0,4.0,0.0,0.0
203497,0022401113,1610612750,21.0,1.0,18.0,2.0,10.0,9.0,6.0,3.0
1630162,0022401113,1610612750,28.0,3.0,5.0,1.0,15.0,10.0,5.0,3.0
201144,0022401113,1610612750,6.0,6.0,1.0,0.0,10.0,2.0,0.0,0.0
1628978,0022401113,1610612750,2.0,2.0,1.0,1.0,9.0,1.0,0.0,0.0
1629675,0022401113,1610612750,13.0,3.0,2.0,1.0,9.0,5.0,2.0,2.0
1629638,0022401113,1610612750,13.0,5.0,4.0,3.0,7.0,4.0,4.0,3.0
1641740,0022401113,1610612750,0.0,0.0,0.0,0.0,0.0,0.0,0.0,0.0
1630568,0022401113,1610612750,3.0,0.0,1.0,0.0,1.0,1.0,2.0,1.0
1631159,0022401113,1610612750,0.0,0.0,0.0,0.0,0.0,0.0,0.0,0.0
1642265,0022401113,1610612750,0.0,0.0,0.0,0.0,0.0,0.0,0.0,0.0
1631169,0022401113,1610612750,0.0,1.0,0.0,0.0,0.0,0.0,0.0,0.0
1630538,0022401113,1610612750,0.0,0.0,1.0,0.0,0.0,0.0,0.0,0.0
1641721,0022401113,1610612751,10.0,2.0,6.0,0.0,12.0,4.0,0.0,0.0
1630570,0022401113,1610612751,11.0,5.0,5.0,0.0,13.0,5.0,2.0,1.0
1629651,0022401113,1610612751,18.0,5.0,6.0,0.0,10.0,9.0,0.0,0.0
1630553,0022401113,1610612751,8.0,4.0,1.0,0.0,4.0,3.0,0.0,0.0
1626156,0022401113,1610612751,0.0,1.0,0.0,0.0,6.0,0.0,0.0,0.0
1631166,0022401113,1610612751,6.0,2.0,1.0,0.0,9.0,3.0,0.0,0.0
1641787,0022401113,1610612751,13.0,3.0,8.0,0.0,11.0,6.0,0.0,0.0
1641727,0022401113,1610612751,17.0,1.0,3.0,0.0,13.0,5.0,2.0,2.0
1641736,0022401113,1610612751,2.0,2.0,2.0,0.0,3.0,1.0,0.0,0.0
1630623,0022401113,1610612751,5.0,5.0,2.0,0.0,8.0,2.0,0.0,0.0
1642377,0022401114,1610612763,13.0,3.0,7.0,0.0,7.0,5.0,2.0,1.0
1628991,0022401114,1610612763,13.0,1.0,4.0,2.0,11.0,5.0,1.0,0.0
1641744,0022401114,1610612763,8.0,1.0,13.0,1.0,3.0,3.0,2.0,2.0
1630217,0022401114,1610612763,17.0,6.0,9.0,0.0,23.0,6.0,4.0,4.0
1629630,0022401114,1610612763,30.0,3.0,5.0,0.0,22.0,11.0,6.0,5.0
1630590,0022401114,1610612763,17.0,7.0,1.0,1.0,9.0,6.0,2.0,2.0
1630583,0022401114,1610612763,9.0,2.0,8.0,0.0,7.0,3.0,0.0,0.0
1628379,0022401114,1610612763,3.0,1.0,2.0,0.0,3.0,1.0,0.0,0.0
1630205,0022401114,1610612763,0.0,0.0,0.0,0.0,0.0,0.0,0.0,0.0
1641796,0022401114,1610612748,3.0,3.0,2.0,1.0,3.0,1.0,2.0,1.0
1628389,0022401114,1610612748,26.0,5.0,7.0,2.0,26.0,11.0,2.0,2.0
1642276,0022401114,1610612748,13.0,0.0,15.0,3.0,13.0,5.0,2.0,1.0
202692,0022401114,1610612748,2.0,1.0,2.0,0.0,6.0,1.0,0.0,0.0
1629639,0022401114,1610612748,35.0,4.0,9.0,1.0,23.0,12.0,7.0,7.0
1630558,0022401114,1610612748,11.0,7.0,4.0,0.0,8.0,3.0,2.0,2.0
1629312,0022401114,1610612748,6.0,2.0,3.0,0.0,3.0,2.0,2.0,1.0
203937,0022401114,1610612748,6.0,2.0,2.0,1.0,8.0,2.0,2.0,2.0
1629130,0022401114,1610612748,6.0,0.0,3.0,0.0,5.0,2.0,0.0,0.0
1630541,0022401117,1610612744,13.0,3.0,2.0,0.0,7.0,3.0,4.0,4.0
202710,0022401117,1610612744,11.0,2.0,4.0,0.0,7.0,4.0,2.0,2.0
203110,0022401117,1610612744,8.0,5.0,11.0,1.0,9.0,3.0,2.0,0.0
1641764,0022401117,1610612744,28.0,6.0,8.0,0.0,17.0,10.0,0.0,0.0
201939,0022401117,1610612744,37.0,6.0,3.0,0.0,21.0,10.0,14.0,13.0
1630611,0022401117,1610612744,2.0,3.0,2.0,0.0,1.0,0.0,2.0,2.0
1630228,0022401117,1610612744,18.0,4.0,9.0,1.0,12.0,7.0,5.0,3.0
1627741,0022401117,1610612744,0.0,0.0,3.0,0.0,3.0,0.0,0.0,0.0
1642366,0022401117,1610612744,4.0,1.0,3.0,0.0,4.0,1.0,2.0,2.0
1626172,0022401117,1610612744,2.0,0.0,1.0,0.0,1.0,1.0,0.0,0.0
1629060,0022401117,1610612747,24.0,3.0,6.0,0.0,15.0,9.0,4.0,3.0
2544,0022401117,1610612747,33.0,9.0,5.0,1.0,15.0,10.0,9.0,8.0
1629637,0022401117,1610612747,2.0,0.0,3.0,0.0,4.0,1.0,0.0,0.0
1630559,0022401117,1610612747,31.0,3.0,6.0,0.0,20.0,10.0,3.0,2.0
1629029,0022401117,1610612747,19.0,7.0,8.0,1.0,17.0,6.0,7.0,7.0
1627827,0022401117,1610612747,2.0,1.0,1.0,1.0,6.0,1.0,0.0,0.0
1629216,0022401117,1610612747,3.0,0.0,0.0,0.0,5.0,1.0,0.0,0.0
1629020,0022401117,1610612747,2.0,0.0,7.0,0.0,3.0,1.0,0.0,0.0
1630692,0022401117,1610612747,0.0,0.0,3.0,0.0,1.0,0.0,0.0,0.0
1630166,0022401116,1610612757,26.0,6.0,15.0,2.0,20.0,10.0,4.0,4.0
1641739,0022401116,1610612757,5.0,2.0,3.0,0.0,8.0,2.0,0.0,0.0
1642270,0022401116,1610612757,8.0,3.0,13.0,3.0,6.0,3.0,3.0,2.0
1631101,0022401116,1610612757,36.0,5.0,7.0,0.0,23.0,14.0,4.0,4.0
1630625,0022401116,1610612757,23.0,2.0,3.0,0.0,19.0,8.0,5.0,5.0
1629680,0022401116,1610612757,5.0,1.0,3.0,1.0,4.0,2.0,0.0,0.0
1631200,0022401116,1610612757,0.0,0.0,1.0,0.0,0.0,0.0,0.0,0.0
1641871,0022401116,1610612757,2.0,1.0,1.0,0.0,1.0,1.0,0.0,0.0
1631133,0022401116,1610612757,2.0,0.0,4.0,0.0,2.0,0.0,2.0,2.0
1641712,0022401116,1610612757,5.0,0.0,3.0,0.0,3.0,2.0,2.0,1.0
1631303,0022401116,1610612757,0.0,0.0,1.0,0.0,0.0,0.0,0.0,0.0
1629628,0022401116,1610612761,18.0,4.0,5.0,1.0,18.0,9.0,1.0,0.0
1630567,0022401116,1610612761,5.0,5.0,2.0,0.0,8.0,2.0,1.0,1.0
1631115,0022401116,1610612761,14.0,3.0,5.0,0.0,12.0,6.0,0.0,0.0
1642266,0022401116,1610612761,9.0,3.0,7.0,0.0,9.0,3.0,2.0,2.0
1642347,0022401116,1610612761,10.0,3.0,3.0,0.0,8.0,4.0,0.0,0.0
1630534,0022401116,1610612761,15.0,1.0,3.0,0.0,11.0,6.0,0.0,0.0
1642367,0022401116,1610612761,10.0,5.0,3.0,0.0,10.0,5.0,0.0,0.0
1631306,0022401116,1610612761,0.0,0.0,0.0,0.0,8.0,0.0,0.0,0.0
1642419,0022401116,1610612761,9.0,1.0,4.0,0.0,4.0,3.0,0.0,0.0
1630639,0022401116,1610612761,13.0,4.0,3.0,0.0,8.0,6.0,1.0,0.0
1628398,0022401115,1610612749,16.0,3.0,4.0,3.0,10.0,6.0,6.0,2.0
203507,0022401115,1610612749,35.0,20.0,17.0,0.0,19.0,12.0,11.0,10.0
201572,0022401115,1610612749,17.0,1.0,3.0,3.0,11.0,7.0,3.0,1.0
1627752,0022401115,1610612749,13.0,1.0,1.0,0.0,10.0,5.0,2.0,1.0
1631157,0022401115,1610612749,10.0,1.0,2.0,0.0,8.0,4.0,0.0,0.0
1629018,0022401115,1610612749,13.0,1.0,2.0,0.0,8.0,3.0,5.0,4.0
1631260,0022401115,1610612749,12.0,0.0,2.0,0.0,5.0,4.0,0.0,0.0
1629645,0022401115,1610612749,8.0,3.0,5.0,0.0,5.0,4.0,0.0,0.0
1626192,0022401115,1610612749,2.0,2.0,2.0,1.0,3.0,1.0,0.0,0.0
1641890,0022401115,1610612749,0.0,0.0,0.0,0.0,1.0,0.0,0.0,0.0
1631123,0022401115,1610612749,0.0,0.0,0.0,0.0,0.0,0.0,0.0,0.0
1631250,0022401115,1610612749,0.0,0.0,0.0,0.0,0.0,0.0,0.0,0.0
1641748,0022401115,1610612749,0.0,0.0,0.0,0.0,0.0,0.0,0.0,0.0
1641753,0022401115,1610612749,0.0,0.0,2.0,0.0,2.0,0.0,0.0,0.0
1642348,0022401115,1610612755,8.0,3.0,8.0,0.0,9.0,3.0,2.0,1.0
1627824,0022401115,1610612755,22.0,3.0,6.0,0.0,15.0,8.0,2.0,2.0
1641737,0022401115,1610612755,28.0,0.0,6.0,3.0,15.0,13.0,3.0,2.0
1629656,0022401115,1610612755,24.0,10.0,3.0,0.0,16.0,7.0,9.0,7.0
1630215,0022401115,1610612755,14.0,4.0,1.0,1.0,12.0,5.0,1.0,1.0
1641741,0022401115,1610612755,4.0,0.0,5.0,0.0,5.0,1.0,2.0,2.0
1629022,0022401115,1610612755,4.0,4.0,4.0,0.0,7.0,2.0,0.0,0.0
1641720,0022401115,1610612755,7.0,3.0,3.0,0.0,5.0,3.0,0.0,0.0
1630658,0022401115,1610612755,2.0,3.0,3.0,0.0,4.0,1.0,0.0,0.0
1630762,0022401115,1610612755,0.0,0.0,1.0,0.0,1.0,0.0,0.0,0.0
1630532,0022401112,1610612753,27.0,5.0,5.0,0.0,19.0,10.0,4.0,4.0
1631094,0022401112,1610612753,33.0,8.0,18.0,1.0,24.0,11.0,10.0,8.0
1628976,0022401112,1610612753,10.0,2.0,7.0,0.0,9.0,5.0,0.0,0.0
203484,0022401112,1610612753,13.0,5.0,3.0,1.0,4.0,3.0,6.0,6.0
202709,0022401112,1610612753,8.0,1.0,2.0,0.0,6.0,3.0,0.0,0.0
203914,0022401112,1610612753,0.0,1.0,2.0,1.0,0.0,0.0,0.0,0.0
1641710,0022401112,1610612753,6.0,4.0,3.0,2.0,10.0,3.0,1.0,0.0
1630175,0022401112,1610612753,8.0,0.0,1.0,1.0,5.0,2.0,2.0,2.0
1628371,0022401112,1610612753,4.0,1.0,4.0,2.0,4.0,1.0,2.0,2.0
1631216,0022401112,1610612753,0.0,0.0,2.0,0.0,1.0,0.0,0.0,0.0
1629048,0022401112,1610612753,0.0,0.0,0.0,0.0,0.0,0.0,0.0,0.0
1630551,0022401112,1610612764,8.0,0.0,1.0,1.0,6.0,4.0,0.0,0.0
203935,0022401112,1610612764,12.0,0.0,3.0,0.0,7.0,4.0,2.0,2.0
1642259,0022401112,1610612764,10.0,6.0,6.0,0.0,16.0,4.0,2.0,2.0
1642358,0022401112,1610612764,11.0,2.0,4.0,1.0,10.0,4.0,2.0,2.0
1642267,0022401112,1610612764,32.0,7.0,9.0,0.0,18.0,12.0,1.0,1.0
1641732,0022401112,1610612764,6.0,0.0,7.0,0.0,8.0,3.0,0.0,0.0
1641798,0022401112,1610612764,7.0,1.0,2.0,0.0,7.0,2.0,2.0,2.0
1641774,0022401112,1610612764,7.0,0.0,1.0,1.0,7.0,3.0,0.0,0.0
1630264,0022401112,1610612764,4.0,0.0,5.0,0.0,6.0,2.0,2.0,0.0
1641729,0022401107,1610612762,10.0,3.0,3.0,0.0,10.0,2.0,5.0,4.0
1642271,0022401107,1610612762,6.0,1.0,11.0,2.0,14.0,3.0,0.0,0.0
1631117,0022401107,1610612762,11.0,1.0,12.0,2.0,10.0,5.0,5.0,1.0
1642268,0022401107,1610612762,22.0,10.0,5.0,1.0,11.0,7.0,8.0,6.0
1629012,0022401107,1610612762,18.0,4.0,0.0,1.0,14.0,8.0,1.0,1.0
1641718,0022401107,1610612762,14.0,0.0,1.0,0.0,11.0,5.0,1.0,1.0
1630231,0022401107,1610612762,13.0,2.0,3.0,0.0,8.0,6.0,1.0,1.0
1630548,0022401107,1610612762,5.0,2.0,2.0,0.0,12.0,2.0,0.0,0.0
1629004,0022401107,1610612762,3.0,2.0,0.0,0.0,2.0,1.0,0.0,0.0
1630531,0022401107,1610612762,3.0,0.0,2.0,0.0,2.0,1.0,2.0,1.0
1628415,0022401107,1610612745,21.0,0.0,2.0,0.0,16.0,9.0,0.0,0.0
1631106,0022401107,1610612745,15.0,3.0,9.0,2.0,8.0,7.0,2.0,0.0
1630578,0022401107,1610612745,15.0,9.0,14.0,1.0,12.0,6.0,4.0,3.0
1630224,0022401107,1610612745,22.0,2.0,4.0,0.0,15.0,7.0,6.0,4.0
1641708,0022401107,1610612745,9.0,5.0,4.0,2.0,6.0,4.0,2.0,1.0
1631095,0022401107,1610612745,15.0,2.0,14.0,0.0,16.0,6.0,1.0,1.0
1629111,0022401107,1610612745,6.0,2.0,5.0,1.0,5.0,3.0,0.0,0.0
1628988,0022401107,1610612745,6.0,2.0,2.0,0.0,6.0,2.0,0.0,0.0
1630256,0022401107,1610612745,2.0,0.0,2.0,0.0,2.0,1.0,0.0,0.0
1641715,0022401107,1610612745,11.0,3.0,3.0,0.0,6.0,4.0,2.0,2.0
1642263,0022401107,1610612745,15.0,2.0,3.0,0.0,7.0,5.0,0.0,0.0
201145,0022401107,1610612745,3.0,0.0,1.0,0.0,3.0,1.0,0.0,0.0
1631466,0022401107,1610612745,3.0,0.0,0.0,0.0,2.0,1.0,2.0,1.0
1642258,0022401109,1610612737,9.0,1.0,3.0,0.0,11.0,4.0,0.0,0.0
1631243,0022401109,1610612737,11.0,0.0,5.0,1.0,13.0,5.0,0.0,0.0
1630168,0022401109,1610612737,20.0,2.0,14.0,2.0,15.0,7.0,7.0,5.0
1630700,0022401109,1610612737,17.0,5.0,6.0,0.0,12.0,7.0,0.0,0.0
1629027,0022401109,1610612737,25.0,12.0,4.0,0.0,20.0,8.0,7.0,7.0
1630249,0022401109,1610612737,11.0,0.0,1.0,0.0,5.0,4.0,0.0,0.0
1631230,0022401109,1610612737,0.0,1.0,1.0,0.0,1.0,0.0,0.0,0.0
1627747,0022401109,1610612737,14.0,5.0,4.0,0.0,10.0,4.0,6.0,5.0
1629611,0022401109,1610612737,5.0,2.0,3.0,0.0,4.0,1.0,2.0,2.0
1627777,0022401109,1610612737,6.0,1.0,2.0,0.0,6.0,2.0,0.0,0.0
1630230,0022401109,1610612742,6.0,8.0,2.0,0.0,6.0,2.0,2.0,2.0
203076,0022401109,1610612742,34.0,2.0,15.0,5.0,23.0,14.0,4.0,4.0
1641726,0022401109,1610612742,4.0,1.0,5.0,1.0,1.0,1.0,4.0,2.0
202691,0022401109,1610612742,17.0,2.0,4.0,1.0,11.0,6.0,0.0,0.0
203915,0022401109,1610612742,14.0,10.0,4.0,0.0,11.0,5.0,2.0,2.0
1631108,0022401109,1610612742,11.0,0.0,3.0,0.0,10.0,3.0,3.0,3.0
1629655,0022401109,1610612742,11.0,0.0,6.0,1.0,7.0,5.0,2.0,1.0
1628997,0022401109,1610612742,8.0,1.0,1.0,0.0,4.0,2.0,4.0,3.0
1630702,0022401109,1610612742,13.0,3.0,1.0,0.0,9.0,5.0,0.0,0.0
1630539,0022401109,1610612742,2.0,0.0,1.0,0.0,1.0,1.0,0.0,0.0
1628404,0022401103,1610612752,19.0,4.0,5.0,0.0,19.0,8.0,0.0,0.0
1628384,0022401103,1610612752,23.0,6.0,6.0,0.0,17.0,9.0,0.0,0.0
1626157,0022401103,1610612752,25.0,1.0,13.0,0.0,16.0,9.0,7.0,6.0
1628969,0022401103,1610612752,8.0,3.0,2.0,0.0,6.0,3.0,2.0,2.0
1626153,0022401103,1610612752,7.0,6.0,3.0,0.0,9.0,3.0,0.0,0.0
1629013,0022401103,1610612752,5.0,0.0,2.0,0.0,7.0,2.0,0.0,0.0
1630173,0022401103,1610612752,13.0,1.0,6.0,2.0,9.0,5.0,4.0,3.0
1642278,0022401103,1610612752,1.0,3.0,0.0,0.0,4.0,0.0,2.0,1.0
1641817,0022401103,1610612752,0.0,0.0,1.0,0.0,1.0,0.0,0.0,0.0
1630699,0022401103,1610612752,4.0,0.0,1.0,0.0,2.0,1.0,2.0,2.0
1629622,0022401103,1610612739,8.0,2.0,5.0,0.0,5.0,3.0,0.0,0.0
1630596,0022401103,1610612739,13.0,4.0,4.0,1.0,11.0,4.0,4.0,4.0
1628386,0022401103,1610612739,21.0,0.0,8.0,1.0,11.0,10.0,2.0,1.0
1628378,0022401103,1610612739,27.0,5.0,6.0,3.0,18.0,10.0,4.0,4.0
1629636,0022401103,1610612739,17.0,6.0,4.0,0.0,15.0,8.0,0.0,0.0
1629631,0022401103,1610612739,16.0,0.0,2.0,0.0,11.0,6.0,2.0,2.0
1630241,0022401103,1610612739,5.0,3.0,4.0,0.0,4.0,2.0,0.0,0.0
1630171,0022401103,1610612739,11.0,2.0,6.0,0.0,10.0,5.0,0.0,0.0
1629750,0022401103,1610612739,0.0,0.0,0.0,0.0,3.0,0.0,0.0,0.0
1641854,0022401103,1610612739,1.0,0.0,0.0,0.0,0.0,0.0,2.0,1.0
1642281,0022401103,1610612739,0.0,1.0,1.0,0.0,0.0,0.0,0.0,0.0
1641772,0022401103,1610612739,2.0,0.0,3.0,0.0,3.0,1.0,0.0,0.0
1641734,0022401103,1610612739,3.0,0.0,1.0,0.0,3.0,1.0,0.0,0.0
1631247,0022401103,1610612739,0.0,0.0,0.0,0.0,0.0,0.0,0.0,0.0
201942,0022401105,1610612758,29.0,8.0,7.0,1.0,23.0,10.0,12.0,8.0
1631099,0022401105,1610612758,18.0,3.0,5.0,1.0,14.0,7.0,0.0,0.0
1627734,0022401105,1610612758,18.0,7.0,16.0,0.0,15.0,8.0,1.0,1.0
1631165,0022401105,1610612758,2.0,0.0,3.0,1.0,5.0,1.0,0.0,0.0
203897,0022401105,1610612758,18.0,2.0,2.0,0.0,13.0,5.0,7.0,6.0
1628370,0022401105,1610612758,13.0,3.0,3.0,0.0,13.0,4.0,4.0,3.0
1626168,0022401105,1610612758,1.0,1.0,4.0,0.0,3.0,0.0,2.0,1.0
1628365,0022401105,1610612758,0.0,1.0,2.0,0.0,3.0,0.0,0.0,0.0
202685,0022401105,1610612758,12.0,0.0,6.0,0.0,6.0,5.0,2.0,2.0
1642358,0022401105,1610612764,19.0,6.0,2.0,0.0,14.0,7.0,4.0,3.0
1630551,0022401105,1610612764,8.0,3.0,11.0,1.0,8.0,4.0,2.0,0.0
1642259,0022401105,1610612764,15.0,1.0,4.0,1.0,9.0,6.0,0.0,0.0
1629673,0022401105,1610612764,23.0,2.0,2.0,0.0,14.0,8.0,5.0,5.0
1642267,0022401105,1610612764,19.0,7.0,2.0,0.0,13.0,6.0,2.0,2.0
1630264,0022401105,1610612764,10.0,1.0,5.0,0.0,10.0,4.0,0.0,0.0
1626158,0022401105,1610612764,2.0,0.0,0.0,0.0,1.0,1.0,0.0,0.0
1641774,0022401105,1610612764,17.0,3.0,8.0,1.0,13.0,6.0,5.0,3.0
1630550,0022401105,1610612764,3.0,1.0,7.0,0.0,2.0,1.0,0.0,0.0
1641709,0022401108,1610612765,13.0,3.0,8.0,3.0,12.0,5.0,3.0,3.0
202699,0022401108,1610612765,10.0,2.0,4.0,0.0,8.0,5.0,0.0,0.0
1631105,0022401108,1610612765,13.0,3.0,13.0,2.0,10.0,3.0,10.0,7.0
203501,0022401108,1610612765,23.0,3.0,3.0,0.0,14.0,8.0,2.0,2.0
203471,0022401108,1610612765,15.0,7.0,4.0,0.0,18.0,6.0,2.0,2.0
1627736,0022401108,1610612765,11.0,0.0,1.0,0.0,15.0,4.0,0.0,0.0
1630194,0022401108,1610612765,9.0,0.0,9.0,1.0,4.0,3.0,4.0,3.0
1631323,0022401108,1610612765,6.0,1.0,0.0,1.0,4.0,1.0,4.0,4.0
1630322,0022401108,1610612765,3.0,1.0,1.0,0.0,4.0,1.0,0.0,0.0
1629652,0022401108,1610612760,14.0,1.0,7.0,0.0,11.0,5.0,0.0,0.0
1631114,0022401108,1610612760,23.0,3.0,5.0,1.0,17.0,9.0,6.0,3.0
1631096,0022401108,1610612760,22.0,4.0,11.0,6.0,14.0,7.0,9.0,8.0
1641717,0022401108,1610612760,13.0,4.0,5.0,0.0,10.0,6.0,0.0,0.0
1628983,0022401108,1610612760,33.0,3.0,6.0,2.0,26.0,10.0,12.0,11.0
1629026,0022401108,1610612760,4.0,1.0,4.0,0.0,6.0,2.0,0.0,0.0
1641794,0022401108,1610612760,0.0,2.0,0.0,0.0,1.0,0.0,0.0,0.0
1628392,0022401108,1610612760,5.0,6.0,8.0,2.0,6.0,2.0,2.0,1.0
1630198,0022401108,1610612760,5.0,1.0,0.0,0.0,5.0,1.0,2.0,2.0
1641745,0022401108,1610612760,0.0,0.0,0.0,0.0,0.0,0.0,0.0,0.0
1642382,0022401108,1610612760,0.0,0.0,0.0,0.0,0.0,0.0,0.0,0.0
1628971,0022401111,1610612740,16.0,1.0,5.0,0.0,12.0,7.0,1.0,1.0
203482,0022401111,1610612740,12.0,3.0,4.0,0.0,7.0,4.0,4.0,2.0
1642274,0022401111,1610612740,6.0,4.0,12.0,3.0,8.0,3.0,0.0,0.0
1641810,0022401111,1610612740,11.0,1.0,0.0,0.0,10.0,5.0,0.0,0.0
1630631,0022401111,1610612740,17.0,10.0,2.0,0.0,16.0,7.0,3.0,3.0
203901,0022401111,1610612740,6.0,4.0,4.0,0.0,4.0,3.0,0.0,0.0
1631255,0022401111,1610612740,10.0,2.0,5.0,0.0,8.0,5.0,1.0,0.0
1630526,0022401111,1610612740,4.0,2.0,4.0,0.0,4.0,1.0,2.0,2.0
1631232,0022401111,1610612740,6.0,1.0,2.0,0.0,7.0,3.0,0.0,0.0
1631288,0022401111,1610612740,10.0,1.0,1.0,0.0,8.0,5.0,0.0,0.0
1631311,0022401111,1610612740,0.0,0.0,0.0,1.0,1.0,0.0,0.0,0.0
1626181,0022401111,1610612746,11.0,1.0,1.0,0.0,11.0,4.0,2.0,2.0
202695,0022401111,1610612746,28.0,3.0,3.0,0.0,18.0,11.0,4.0,3.0
1627826,0022401111,1610612746,17.0,6.0,10.0,0.0,8.0,6.0,6.0,5.0
1627739,0022401111,1610612746,11.0,1.0,7.0,1.0,8.0,4.0,0.0,0.0
201935,0022401111,1610612746,21.0,10.0,0.0,3.0,14.0,7.0,8.0,6.0
203992,0022401111,1610612746,16.0,1.0,1.0,0.0,6.0,5.0,2.0,2.0
1627884,0022401111,1610612746,3.0,1.0,4.0,0.0,3.0,1.0,2.0,1.0
201587,0022401111,1610612746,3.0,1.0,1.0,0.0,4.0,1.0,0.0,0.0
1627732,0022401111,1610612746,0.0,2.0,1.0,0.0,1.0,0.0,0.0,0.0
1642353,0022401111,1610612746,0.0,0.0,0.0,0.0,1.0,0.0,0.0,0.0
1641738,0022401111,1610612746,0.0,0.0,1.0,0.0,0.0,0.0,0.0,0.0
1631116,0022401111,1610612746,0.0,1.0,1.0,0.0,0.0,0.0,0.0,0.0
1642280,0022401111,1610612746,2.0,0.0,0.0,0.0,0.0,0.0,2.0,2.0
1629234,0022401111,1610612746,2.0,0.0,0.0,0.0,2.0,1.0,0.0,0.0
1630182,0022401104,1610612766,3.0,1.0,1.0,0.0,4.0,1.0,0.0,0.0
1628970,0022401104,1610612766,18.0,5.0,4.0,1.0,10.0,7.0,2.0,2.0
1631109,0022401104,1610612766,16.0,1.0,12.0,0.0,8.0,6.0,6.0,4.0
203552,0022401104,1610612766,16.0,2.0,4.0,0.0,7.0,6.0,2.0,2.0
1642354,0022401104,1610612766,9.0,4.0,5.0,1.0,10.0,4.0,0.0,0.0
1641878,0022401104,1610612766,2.0,3.0,2.0,0.0,9.0,1.0,0.0,0.0
1629610,0022401104,1610612766,8.0,1.0,2.0,0.0,7.0,3.0,0.0,0.0
1642275,0022401104,1610612766,7.0,2.0,5.0,0.0,8.0,3.0,0.0,0.0
203994,0022401104,1610612766,13.0,1.0,5.0,0.0,6.0,5.0,6.0,3.0
1629006,0022401104,1610612766,5.0,0.0,1.0,0.0,6.0,2.0,0.0,0.0
1631217,0022401104,1610612766,8.0,0.0,3.0,0.0,3.0,3.0,2.0,2.0
1630174,0022401104,1610612754,16.0,1.0,3.0,0.0,12.0,6.0,1.0,1.0
1627783,0022401104,1610612754,15.0,1.0,6.0,0.0,15.0,6.0,4.0,2.0
1626167,0022401104,1610612754,15.0,2.0,9.0,2.0,10.0,6.0,0.0,0.0
1629614,0022401104,1610612754,9.0,2.0,2.0,0.0,8.0,4.0,0.0,0.0
1630169,0022401104,1610612754,22.0,10.0,1.0,2.0,15.0,9.0,0.0,0.0
1630167,0022401104,1610612754,8.0,1.0,4.0,1.0,8.0,3.0,1.0,1.0
1641716,0022401104,1610612754,10.0,2.0,6.0,0.0,8.0,3.0,2.0,1.0
204456,0022401104,1610612754,8.0,7.0,4.0,1.0,10.0,4.0,0.0,0.0
1628418,0022401104,1610612754,13.0,1.0,3.0,0.0,7.0,5.0,2.0,2.0
1641767,0022401104,1610612754,3.0,2.0,0.0,0.0,2.0,1.0,0.0,0.0
1642277,0022401104,1610612754,0.0,0.0,0.0,0.0,0.0,0.0,0.0,0.0
1630577,0022401110,1610612759,14.0,2.0,4.0,1.0,13.0,5.0,2.0,2.0
203084,0022401110,1610612759,20.0,3.0,8.0,0.0,15.0,8.0,1.0,1.0
202687,0022401110,1610612759,0.0,0.0,7.0,2.0,2.0,0.0,0.0,0.0
1642264,0022401110,1610612759,15.0,9.0,15.0,0.0,18.0,6.0,2.0,1.0
101108,0022401110,1610612759,17.0,8.0,5.0,2.0,15.0,7.0,0.0,0.0
1631104,0022401110,1610612759,15.0,1.0,2.0,0.0,6.0,5.0,4.0,2.0
1629162,0022401110,1610612759,3.0,2.0,0.0,0.0,2.0,1.0,0.0,0.0
1630572,0022401110,1610612759,16.0,0.0,10.0,0.0,11.0,5.0,4.0,4.0
1631103,0022401110,1610612759,13.0,2.0,1.0,0.0,15.0,6.0,0.0,0.0
1641816,0022401110,1610612743,18.0,0.0,6.0,0.0,20.0,7.0,1.0,1.0
1630192,0022401110,1610612743,8.0,1.0,3.0,0.0,6.0,2.0,4.0,3.0
201599,0022401110,1610612743,10.0,1.0,17.0,1.0,4.0,2.0,12.0,6.0
201566,0022401110,1610612743,30.0,6.0,11.0,0.0,25.0,11.0,6.0,5.0
1629618,0022401110,1610612743,17.0,10.0,11.0,0.0,13.0,6.0,2.0,2.0
1628427,0022401110,1610612743,8.0,2.0,3.0,1.0,7.0,3.0,0.0,0.0
1642461,0022401110,1610612743,4.0,2.0,4.0,2.0,8.0,2.0,0.0,0.0
1641725,0022401110,1610612743,7.0,1.0,2.0,0.0,11.0,3.0,0.0,0.0
203967,0022401110,1610612743,4.0,1.0,1.0,0.0,2.0,2.0,0.0,0.0
1641796,0022401106,1610612748,16.0,4.0,4.0,0.0,9.0,4.0,7.0,6.0
1628389,0022401106,1610612748,21.0,6.0,5.0,0.0,15.0,9.0,1.0,1.0
1642276,0022401106,1610612748,7.0,0.0,5.0,1.0,5.0,2.0,4.0,3.0
202692,0022401106,1610612748,10.0,0.0,2.0,0.0,5.0,4.0,1.0,1.0
1629639,0022401106,1610612748,25.0,9.0,6.0,0.0,18.0,7.0,10.0,9.0
1629312,0022401106,1610612748,10.0,0.0,4.0,1.0,8.0,4.0,0.0,0.0
1630558,0022401106,1610612748,13.0,7.0,4.0,0.0,10.0,5.0,0.0,0.0
203937,0022401106,1610612748,19.0,1.0,1.0,0.0,11.0,7.0,4.0,4.0
1641815,0022401106,1610612748,0.0,0.0,2.0,0.0,1.0,0.0,0.0,0.0
1630528,0022401106,1610612748,3.0,0.0,0.0,0.0,1.0,1.0,0.0,0.0
1631170,0022401106,1610612748,0.0,1.0,1.0,0.0,0.0,0.0,0.0,0.0
1642352,0022401106,1610612748,0.0,0.0,0.0,0.0,0.0,0.0,0.0,0.0
1630573,0022401106,1610612738,6.0,0.0,3.0,0.0,5.0,2.0,0.0,0.0
1628369,0022401106,1610612738,16.0,7.0,3.0,0.0,17.0,4.0,7.0,6.0
1628436,0022401106,1610612738,14.0,2.0,6.0,0.0,9.0,7.0,0.0,0.0
1627759,0022401106,1610612738,24.0,4.0,9.0,0.0,20.0,10.0,3.0,2.0
1628401,0022401106,1610612738,16.0,6.0,4.0,2.0,11.0,5.0,5.0,4.0
1631248,0022401106,1610612738,3.0,0.0,3.0,0.0,3.0,1.0,0.0,0.0
1630202,0022401106,1610612738,10.0,2.0,4.0,1.0,9.0,4.0,0.0,0.0
1628470,0022401106,1610612738,2.0,0.0,3.0,1.0,5.0,1.0,0.0,0.0
1629674,0022401106,1610612738,7.0,2.0,7.0,1.0,3.0,3.0,1.0,1.0
1641809,0022401106,1610612738,3.0,0.0,0.0,0.0,2.0,1.0,0.0,0.0
1631120,0022401106,1610612738,2.0,1.0,1.0,1.0,2.0,1.0,0.0,0.0
1641775,0022401106,1610612738,0.0,0.0,0.0,0.0,1.0,0.0,0.0,0.0
1628960,0022401101,1610612756,23.0,3.0,4.0,0.0,17.0,8.0,2.0,1.0
1642346,0022401101,1610612756,5.0,1.0,3.0,0.0,7.0,2.0,0.0,0.0
1630208,0022401101,1610612756,13.0,1.0,11.0,0.0,8.0,4.0,6.0,5.0
1626164,0022401101,1610612756,39.0,11.0,3.0,0.0,32.0,14.0,8.0,8.0
1631221,0022401101,1610612756,18.0,4.0,2.0,0.0,12.0,6.0,3.0,2.0
1628998,0022401101,1610612756,3.0,3.0,6.0,0.0,5.0,1.0,2.0,1.0
1626145,0022401101,1610612756,16.0,2.0,2.0,0.0,8.0,6.0,0.0,0.0
1642345,0022401101,1610612756,6.0,1.0,2.0,0.0,3.0,3.0,0.0,0.0
1628398,0022401101,1610612749,12.0,5.0,4.0,2.0,10.0,5.0,0.0,0.0
203507,0022401101,1610612749,37.0,11.0,5.0,1.0,18.0,12.0,12.0,11.0
201572,0022401101,1610612749,22.0,6.0,6.0,1.0,13.0,10.0,0.0,0.0
1627752,0022401101,1610612749,16.0,1.0,5.0,1.0,8.0,6.0,0.0,0.0
1631157,0022401101,1610612749,23.0,5.0,5.0,0.0,10.0,8.0,2.0,2.0
1629018,0022401101,1610612749,6.0,2.0,2.0,0.0,3.0,2.0,0.0,0.0
1626192,0022401101,1610612749,8.0,0.0,1.0,0.0,5.0,4.0,0.0,0.0
1629645,0022401101,1610612749,9.0,2.0,1.0,0.0,7.0,4.0,1.0,1.0
1630166,0022401097,1610612757,32.0,10.0,15.0,0.0,21.0,11.0,8.0,7.0
1641739,0022401097,1610612757,18.0,1.0,2.0,1.0,10.0,8.0,0.0,0.0
1642270,0022401097,1610612757,11.0,5.0,7.0,0.0,7.0,4.0,3.0,2.0
1631101,0022401097,1610612757,33.0,3.0,10.0,0.0,25.0,11.0,10.0,8.0
1630625,0022401097,1610612757,11.0,5.0,7.0,4.0,15.0,4.0,2.0,1.0
1629680,0022401097,1610612757,8.0,5.0,4.0,0.0,10.0,4.0,0.0,0.0
1641871,0022401097,1610612757,5.0,1.0,4.0,0.0,8.0,2.0,0.0,0.0
1631200,0022401097,1610612757,0.0,0.0,1.0,0.0,2.0,0.0,2.0,0.0
1631133,0022401097,1610612757,9.0,0.0,4.0,0.0,5.0,3.0,2.0,2.0
1641712,0022401097,1610612757,0.0,0.0,0.0,0.0,0.0,0.0,0.0,0.0
1631303,0022401097,1610612757,0.0,0.0,0.0,0.0,0.0,0.0,0.0,0.0
1642258,0022401097,1610612737,9.0,2.0,3.0,2.0,14.0,4.0,1.0,1.0
1631243,0022401097,1610612737,0.0,0.0,2.0,1.0,1.0,0.0,0.0,0.0
1630168,0022401097,1610612737,12.0,3.0,6.0,1.0,8.0,4.0,5.0,4.0
1630700,0022401097,1610612737,22.0,1.0,10.0,2.0,13.0,11.0,0.0,0.0
1629027,0022401097,1610612737,29.0,15.0,4.0,0.0,20.0,7.0,13.0,12.0
1627747,0022401097,1610612737,10.0,0.0,2.0,1.0,10.0,3.0,6.0,4.0
1630249,0022401097,1610612737,13.0,2.0,7.0,0.0,7.0,5.0,0.0,0.0
1631230,0022401097,1610612737,8.0,2.0,8.0,1.0,6.0,4.0,0.0,0.0
1629611,0022401097,1610612737,7.0,0.0,3.0,0.0,7.0,2.0,3.0,3.0
1627777,0022401097,1610612737,3.0,1.0,0.0,0.0,6.0,1.0,0.0,0.0
1631342,0022401097,1610612737,0.0,0.0,0.0,0.0,0.0,0.0,0.0,0.0
1630532,0022400988,1610612753,24.0,7.0,5.0,0.0,20.0,9.0,3.0,3.0
1631094,0022400988,1610612753,24.0,4.0,10.0,0.0,21.0,9.0,6.0,6.0
1628976,0022400988,1610612753,8.0,2.0,5.0,1.0,4.0,3.0,1.0,1.0
203484,0022400988,1610612753,23.0,3.0,1.0,0.0,11.0,8.0,0.0,0.0
202709,0022400988,1610612753,6.0,1.0,2.0,0.0,4.0,2.0,0.0,0.0
1630175,0022400988,1610612753,9.0,4.0,5.0,1.0,8.0,3.0,2.0,2.0
203914,0022400988,1610612753,0.0,0.0,1.0,0.0,4.0,0.0,0.0,0.0
1631216,0022400988,1610612753,12.0,3.0,1.0,1.0,8.0,4.0,0.0,0.0
1641710,0022400988,1610612753,4.0,3.0,2.0,2.0,6.0,2.0,0.0,0.0
1628371,0022400988,1610612753,4.0,0.0,3.0,1.0,3.0,2.0,0.0,0.0
1629048,0022400988,1610612753,2.0,1.0,6.0,1.0,1.0,1.0,0.0,0.0
1630170,0022400988,1610612759,11.0,0.0,4.0,0.0,11.0,4.0,2.0,2.0
203084,0022400988,1610612759,24.0,0.0,1.0,0.0,14.0,9.0,2.0,2.0
202687,0022400988,1610612759,11.0,1.0,5.0,2.0,7.0,5.0,5.0,1.0
1642264,0022400988,1610612759,16.0,6.0,8.0,1.0,13.0,6.0,3.0,3.0
101108,0022400988,1610612759,10.0,7.0,5.0,1.0,7.0,4.0,1.0,1.0
1629640,0022400988,1610612759,7.0,4.0,7.0,0.0,6.0,3.0,2.0,1.0
1630577,0022400988,1610612759,19.0,2.0,4.0,0.0,13.0,7.0,0.0,0.0
1631104,0022400988,1610612759,4.0,3.0,4.0,0.0,4.0,1.0,2.0,2.0
1630572,0022400988,1610612759,3.0,0.0,0.0,0.0,6.0,1.0,0.0,0.0
1629162,0022400988,1610612759,0.0,0.0,0.0,0.0,0.0,0.0,0.0,0.0
1631103,0022400988,1610612759,0.0,1.0,0.0,0.0,0.0,0.0,0.0,0.0
1630541,0022401100,1610612744,10.0,1.0,4.0,1.0,8.0,4.0,0.0,0.0
202710,0022401100,1610612744,27.0,4.0,6.0,0.0,11.0,7.0,12.0,12.0
203110,0022401100,1610612744,13.0,12.0,10.0,1.0,12.0,4.0,4.0,4.0
1641764,0022401100,1610612744,8.0,1.0,5.0,0.0,11.0,4.0,0.0,0.0
201939,0022401100,1610612744,52.0,8.0,10.0,1.0,31.0,16.0,8.0,8.0
1627741,0022401100,1610612744,8.0,0.0,3.0,0.0,7.0,2.0,2.0,2.0
1642366,0022401100,1610612744,9.0,1.0,1.0,0.0,10.0,3.0,0.0,0.0
1630611,0022401100,1610612744,4.0,1.0,6.0,0.0,5.0,1.0,2.0,2.0
1626172,0022401100,1610612744,3.0,1.0,4.0,0.0,4.0,1.0,0.0,0.0
1642377,0022401100,1610612763,5.0,1.0,4.0,0.0,5.0,2.0,0.0,0.0
1628991,0022401100,1610612763,22.0,1.0,7.0,1.0,20.0,7.0,6.0,6.0
1641744,0022401100,1610612763,10.0,1.0,16.0,4.0,7.0,4.0,3.0,2.0
1630217,0022401100,1610612763,19.0,5.0,4.0,1.0,15.0,6.0,3.0,3.0
1629630,0022401100,1610612763,36.0,6.0,3.0,0.0,22.0,14.0,3.0,3.0
1630583,0022401100,1610612763,18.0,1.0,6.0,0.0,11.0,6.0,3.0,2.0
1630590,0022401100,1610612763,10.0,2.0,2.0,0.0,9.0,4.0,2.0,1.0
1628379,0022401100,1610612763,3.0,5.0,1.0,0.0,3.0,1.0,0.0,0.0
1628963,0022401100,1610612763,2.0,0.0,0.0,0.0,0.0,0.0,2.0,2.0
1642419,0022401099,1610612761,5.0,4.0,4.0,1.0,6.0,2.0,0.0,0.0
1630567,0022401099,1610612761,9.0,4.0,4.0,0.0,14.0,4.0,0.0,0.0
1627751,0022401099,1610612761,12.0,2.0,5.0,0.0,8.0,5.0,2.0,2.0
1642266,0022401099,1610612761,17.0,4.0,4.0,0.0,10.0,6.0,0.0,0.0
1630193,0022401099,1610612761,17.0,9.0,1.0,0.0,14.0,7.0,0.0,0.0
1631115,0022401099,1610612761,13.0,2.0,3.0,1.0,11.0,4.0,2.0,2.0
1642367,0022401099,1610612761,6.0,3.0,6.0,1.0,6.0,2.0,2.0,2.0
1642347,0022401099,1610612761,9.0,5.0,0.0,0.0,11.0,3.0,2.0,2.0
1630639,0022401099,1610612761,13.0,1.0,6.0,0.0,6.0,5.0,2.0,1.0
1631306,0022401099,1610612761,9.0,0.0,2.0,0.0,8.0,3.0,0.0,0.0
1631197,0022401099,1610612761,8.0,1.0,0.0,0.0,3.0,3.0,1.0,1.0
1628989,0022401099,1610612741,16.0,1.0,2.0,0.0,9.0,7.0,0.0,0.0
1641824,0022401099,1610612741,9.0,0.0,3.0,1.0,5.0,3.0,4.0,2.0
202696,0022401099,1610612741,22.0,7.0,10.0,1.0,12.0,9.0,2.0,2.0
1629632,0022401099,1610612741,28.0,6.0,3.0,0.0,16.0,10.0,5.0,5.0
1630581,0022401099,1610612741,17.0,12.0,7.0,0.0,12.0,5.0,8.0,6.0
1629659,0022401099,1610612741,27.0,3.0,6.0,0.0,16.0,8.0,8.0,8.0
1630172,0022401099,1610612741,7.0,1.0,3.0,0.0,7.0,3.0,0.0,0.0
1628380,0022401099,1610612741,7.0,5.0,12.0,0.0,6.0,3.0,0.0,0.0
1642443,0022401099,1610612741,0.0,0.0,0.0,0.0,1.0,0.0,0.0,0.0
1630188,0022401099,1610612741,4.0,0.0,2.0,0.0,3.0,2.0,0.0,0.0
1641801,0022401099,1610612741,0.0,1.0,1.0,0.0,1.0,0.0,0.0,0.0
1630604,0022401099,1610612741,0.0,0.0,0.0,0.0,0.0,0.0,0.0,0.0
1641741,0022401098,1610612755,15.0,2.0,5.0,0.0,13.0,6.0,2.0,2.0
1642348,0022401098,1610612755,6.0,0.0,2.0,0.0,7.0,3.0,0.0,0.0
1641737,0022401098,1610612755,9.0,2.0,8.0,3.0,5.0,3.0,6.0,3.0
1629656,0022401098,1610612755,26.0,5.0,4.0,0.0,18.0,8.0,10.0,9.0
1629022,0022401098,1610612755,11.0,4.0,7.0,0.0,12.0,5.0,0.0,0.0
1630215,0022401098,1610612755,5.0,7.0,2.0,0.0,9.0,2.0,0.0,0.0
200768,0022401098,1610612755,0.0,2.0,1.0,1.0,1.0,0.0,0.0,0.0
1642024,0022401098,1610612755,10.0,1.0,4.0,0.0,4.0,3.0,2.0,2.0
1630542,0022401098,1610612755,9.0,0.0,8.0,1.0,8.0,4.0,2.0,1.0
1630762,0022401098,1610612755,0.0,0.0,1.0,0.0,4.0,0.0,0.0,0.0
1628384,0022401098,1610612752,27.0,0.0,5.0,0.0,16.0,7.0,13.0,11.0
1628404,0022401098,1610612752,9.0,6.0,4.0,0.0,7.0,4.0,1.0,1.0
1629011,0022401098,1610612752,14.0,0.0,14.0,2.0,9.0,5.0,4.0,4.0
1628969,0022401098,1610612752,14.0,4.0,2.0,0.0,16.0,6.0,0.0,0.0
1626153,0022401098,1610612752,12.0,4.0,4.0,0.0,7.0,4.0,4.0,3.0
1630173,0022401098,1610612752,2.0,1.0,9.0,1.0,11.0,1.0,2.0,0.0
1629013,0022401098,1610612752,20.0,1.0,2.0,0.0,12.0,7.0,0.0,0.0
1642278,0022401098,1610612752,7.0,7.0,4.0,1.0,6.0,2.0,2.0,2.0
1641755,0022401098,1610612752,0.0,0.0,0.0,0.0,1.0,0.0,0.0,0.0
1630183,0022401102,1610612750,12.0,0.0,6.0,0.0,17.0,5.0,2.0,2.0
203944,0022401102,1610612750,26.0,7.0,9.0,0.0,22.0,11.0,0.0,0.0
203497,0022401102,1610612750,19.0,1.0,12.0,0.0,11.0,7.0,9.0,5.0
1630162,0022401102,1610612750,34.0,8.0,10.0,0.0,25.0,12.0,7.0,5.0
201144,0022401102,1610612750,9.0,8.0,1.0,0.0,8.0,3.0,0.0,0.0
1641740,0022401102,1610612750,2.0,2.0,2.0,0.0,4.0,1.0,0.0,0.0
1629638,0022401102,1610612750,26.0,8.0,8.0,2.0,16.0,8.0,7.0,5.0
1631169,0022401102,1610612750,10.0,1.0,4.0,0.0,6.0,4.0,0.0,0.0
1642265,0022401102,1610612750,2.0,0.0,0.0,0.0,2.0,1.0,0.0,0.0
1630568,0022401102,1610612750,0.0,0.0,0.0,0.0,0.0,0.0,0.0,0.0
1631212,0022401102,1610612743,7.0,0.0,3.0,4.0,9.0,3.0,2.0,1.0
203932,0022401102,1610612743,30.0,5.0,8.0,1.0,15.0,9.0,10.0,8.0
203999,0022401102,1610612743,61.0,10.0,10.0,0.0,29.0,18.0,24.0,19.0
1631128,0022401102,1610612743,18.0,4.0,12.0,0.0,14.0,8.0,1.0,1.0
1629618,0022401102,1610612743,9.0,5.0,4.0,0.0,6.0,4.0,0.0,0.0
201566,0022401102,1610612743,12.0,7.0,6.0,2.0,11.0,4.0,7.0,4.0
1630192,0022401102,1610612743,0.0,1.0,0.0,0.0,0.0,0.0,0.0,0.0
201599,0022401102,1610612743,2.0,1.0,2.0,0.0,2.0,1.0,0.0,0.0
1641816,0022401102,1610612743,0.0,0.0,0.0,0.0,0.0,0.0,0.0,0.0
1628369,0022401093,1610612738,25.0,2.0,14.0,1.0,24.0,10.0,3.0,3.0
1630214,0022401093,1610612738,2.0,0.0,3.0,0.0,5.0,0.0,2.0,2.0
204001,0022401093,1610612738,19.0,5.0,5.0,0.0,14.0,7.0,3.0,2.0
1628401,0022401093,1610612738,14.0,10.0,8.0,2.0,13.0,4.0,3.0,3.0
201950,0022401093,1610612738,18.0,7.0,7.0,0.0,10.0,5.0,4.0,4.0
201143,0022401093,1610612738,26.0,2.0,8.0,0.0,18.0,9.0,2.0,2.0
1630202,0022401093,1610612738,5.0,1.0,6.0,0.0,6.0,2.0,0.0,0.0
1630573,0022401093,1610612738,8.0,3.0,3.0,0.0,6.0,2.0,2.0,2.0
1631248,0022401093,1610612738,0.0,0.0,0.0,0.0,0.0,0.0,0.0,0.0
1642377,0022401093,1610612763,10.0,2.0,4.0,0.0,8.0,4.0,0.0,0.0
1628991,0022401093,1610612763,20.0,1.0,15.0,1.0,16.0,8.0,2.0,1.0
1641744,0022401093,1610612763,4.0,0.0,2.0,1.0,3.0,2.0,0.0,0.0
1630217,0022401093,1610612763,12.0,3.0,2.0,0.0,11.0,5.0,1.0,1.0
1629630,0022401093,1610612763,26.0,5.0,6.0,0.0,20.0,10.0,6.0,4.0
1628963,0022401093,1610612763,2.0,1.0,5.0,1.0,3.0,1.0,2.0,0.0
1630583,0022401093,1610612763,21.0,4.0,8.0,0.0,18.0,8.0,2.0,2.0
1630590,0022401093,1610612763,5.0,3.0,1.0,0.0,8.0,2.0,2.0,1.0
1628379,0022401093,1610612763,1.0,0.0,1.0,0.0,1.0,0.0,1.0,1.0
1631246,0022401093,1610612763,2.0,2.0,0.0,0.0,2.0,1.0,0.0,0.0
1630643,0022401093,1610612763,0.0,0.0,0.0,0.0,1.0,0.0,0.0,0.0
1630205,0022401093,1610612763,0.0,0.0,0.0,0.0,0.0,0.0,0.0,0.0
1642285,0022401093,1610612763,0.0,0.0,0.0,0.0,1.0,0.0,0.0,0.0
1629723,0022401093,1610612763,0.0,0.0,1.0,0.0,0.0,0.0,0.0,0.0
1631207,0022401094,1610612741,4.0,2.0,3.0,0.0,4.0,1.0,2.0,2.0
1641824,0022401094,1610612741,14.0,1.0,7.0,4.0,12.0,5.0,2.0,2.0
202696,0022401094,1610612741,11.0,2.0,8.0,1.0,12.0,5.0,0.0,0.0
1629632,0022401094,1610612741,7.0,1.0,0.0,0.0,5.0,2.0,2.0,2.0
1630581,0022401094,1610612741,15.0,10.0,8.0,0.0,15.0,6.0,3.0,2.0
1630172,0022401094,1610612741,16.0,3.0,2.0,0.0,11.0,6.0,0.0,0.0
1641763,0022401094,1610612741,5.0,0.0,1.0,0.0,4.0,2.0,0.0,0.0
1628380,0022401094,1610612741,2.0,4.0,4.0,0.0,2.0,1.0,0.0,0.0
1630188,0022401094,1610612741,10.0,1.0,6.0,2.0,9.0,4.0,2.0,2.0
1628975,0022401094,1610612741,17.0,3.0,2.0,0.0,14.0,6.0,0.0,0.0
1629659,0022401094,1610612741,16.0,2.0,2.0,0.0,10.0,6.0,5.0,3.0
1631114,0022401094,1610612760,23.0,3.0,4.0,0.0,15.0,9.0,3.0,1.0
1631096,0022401094,1610612760,5.0,3.0,6.0,0.0,7.0,2.0,0.0,0.0
1628392,0022401094,1610612760,14.0,2.0,7.0,0.0,9.0,7.0,0.0,0.0
1629652,0022401094,1610612760,11.0,0.0,3.0,0.0,7.0,4.0,0.0,0.0
1628983,0022401094,1610612760,27.0,12.0,0.0,2.0,14.0,9.0,7.0,7.0
1631119,0022401094,1610612760,0.0,2.0,2.0,1.0,3.0,0.0,0.0,0.0
1630198,0022401094,1610612760,31.0,1.0,2.0,0.0,17.0,10.0,3.0,3.0
1629026,0022401094,1610612760,10.0,2.0,6.0,0.0,9.0,4.0,0.0,0.0
1641717,0022401094,1610612760,10.0,8.0,3.0,1.0,6.0,3.0,2.0,2.0
1627936,0022401094,1610612760,7.0,3.0,5.0,0.0,5.0,2.0,2.0,2.0
1642382,0022401094,1610612760,2.0,1.0,2.0,2.0,3.0,0.0,4.0,2.0
1641794,0022401094,1610612760,5.0,2.0,4.0,0.0,3.0,2.0,2.0,1.0
1628415,0022401096,1610612745,16.0,1.0,5.0,1.0,14.0,5.0,4.0,3.0
1641708,0022401096,1610612745,20.0,4.0,5.0,2.0,14.0,8.0,4.0,3.0
1630578,0022401096,1610612745,14.0,6.0,7.0,1.0,11.0,5.0,4.0,4.0
1630224,0022401096,1610612745,9.0,5.0,9.0,1.0,13.0,4.0,0.0,0.0
1627832,0022401096,1610612745,7.0,9.0,4.0,0.0,14.0,2.0,3.0,2.0
1631095,0022401096,1610612745,15.0,1.0,11.0,0.0,10.0,6.0,0.0,0.0
203500,0022401096,1610612745,4.0,0.0,7.0,0.0,2.0,1.0,2.0,2.0
1631106,0022401096,1610612745,13.0,0.0,3.0,0.0,11.0,6.0,0.0,0.0
1629060,0022401096,1610612747,7.0,0.0,2.0,0.0,10.0,3.0,0.0,0.0
2544,0022401096,1610612747,16.0,4.0,8.0,2.0,12.0,5.0,4.0,4.0
1629637,0022401096,1610612747,3.0,1.0,3.0,0.0,2.0,1.0,1.0,1.0
1630559,0022401096,1610612747,12.0,3.0,8.0,0.0,11.0,5.0,2.0,2.0
1629029,0022401096,1610612747,20.0,9.0,6.0,0.0,16.0,6.0,9.0,7.0
1627827,0022401096,1610612747,20.0,3.0,6.0,3.0,13.0,6.0,2.0,2.0
1629216,0022401096,1610612747,20.0,1.0,4.0,1.0,14.0,6.0,2.0,2.0
1630692,0022401096,1610612747,4.0,1.0,2.0,0.0,5.0,2.0,0.0,0.0
1629020,0022401096,1610612747,2.0,0.0,6.0,0.0,6.0,1.0,0.0,0.0
1642261,0022401096,1610612747,0.0,0.0,0.0,0.0,0.0,0.0,0.0,0.0
1641796,0022401092,1610612748,15.0,5.0,7.0,0.0,13.0,7.0,2.0,1.0
1628389,0022401092,1610612748,28.0,5.0,12.0,1.0,19.0,11.0,7.0,4.0
1642276,0022401092,1610612748,6.0,0.0,11.0,0.0,6.0,3.0,0.0,0.0
202692,0022401092,1610612748,3.0,2.0,3.0,1.0,5.0,1.0,0.0,0.0
1629639,0022401092,1610612748,27.0,5.0,5.0,0.0,19.0,9.0,9.0,9.0
1629312,0022401092,1610612748,2.0,1.0,7.0,0.0,4.0,1.0,1.0,0.0
1626179,0022401092,1610612748,15.0,6.0,5.0,0.0,11.0,5.0,3.0,2.0
203937,0022401092,1610612748,10.0,3.0,4.0,0.0,6.0,4.0,2.0,1.0
1631170,0022401092,1610612748,14.0,2.0,7.0,0.0,9.0,6.0,0.0,0.0
1641815,0022401092,1610612748,0.0,0.0,0.0,0.0,1.0,0.0,0.0,0.0
1630528,0022401092,1610612748,0.0,0.0,1.0,0.0,0.0,0.0,0.0,0.0
1642352,0022401092,1610612748,0.0,0.0,0.0,0.0,0.0,0.0,0.0,0.0
1642358,0022401092,1610612764,8.0,1.0,3.0,0.0,9.0,3.0,2.0,2.0
1630551,0022401092,1610612764,5.0,1.0,5.0,1.0,5.0,2.0,2.0,0.0
1642259,0022401092,1610612764,8.0,3.0,3.0,2.0,17.0,3.0,1.0,1.0
1629673,0022401092,1610612764,35.0,4.0,3.0,0.0,17.0,10.0,9.0,8.0
1642267,0022401092,1610612764,8.0,9.0,8.0,0.0,11.0,3.0,0.0,0.0
203935,0022401092,1610612764,4.0,2.0,1.0,0.0,5.0,1.0,4.0,2.0
1641798,0022401092,1610612764,4.0,1.0,4.0,0.0,4.0,2.0,0.0,0.0
1626158,0022401092,1610612764,8.0,0.0,8.0,1.0,5.0,4.0,0.0,0.0
1641774,0022401092,1610612764,14.0,1.0,4.0,0.0,13.0,6.0,0.0,0.0
1630548,0022401089,1610612762,12.0,0.0,2.0,0.0,10.0,5.0,0.0,0.0
1630231,0022401089,1610612762,5.0,2.0,2.0,0.0,8.0,2.0,0.0,0.0
1642271,0022401089,1610612762,14.0,2.0,13.0,0.0,16.0,6.0,0.0,0.0
1641729,0022401089,1610612762,19.0,5.0,1.0,0.0,11.0,6.0,2.0,2.0
1642268,0022401089,1610612762,17.0,7.0,2.0,1.0,11.0,6.0,6.0,5.0
1631131,0022401089,1610612762,6.0,1.0,11.0,0.0,4.0,3.0,0.0,0.0
1641718,0022401089,1610612762,20.0,4.0,4.0,0.0,20.0,7.0,3.0,3.0
1629004,0022401089,1610612762,2.0,2.0,2.0,0.0,7.0,0.0,2.0,2.0
1630531,0022401089,1610612762,11.0,2.0,4.0,1.0,9.0,4.0,2.0,2.0
1630182,0022401089,1610612766,14.0,3.0,2.0,0.0,5.0,4.0,4.0,3.0
1628970,0022401089,1610612766,26.0,8.0,10.0,1.0,17.0,11.0,1.0,1.0
1631109,0022401089,1610612766,18.0,1.0,13.0,0.0,9.0,8.0,2.0,2.0
203552,0022401089,1610612766,7.0,5.0,2.0,0.0,9.0,2.0,2.0,2.0
1642354,0022401089,1610612766,10.0,6.0,8.0,1.0,13.0,4.0,0.0,0.0
1641733,0022401089,1610612766,3.0,5.0,0.0,0.0,6.0,1.0,0.0,0.0
203994,0022401089,1610612766,6.0,1.0,2.0,0.0,7.0,3.0,1.0,0.0
1629610,0022401089,1610612766,10.0,1.0,4.0,1.0,7.0,4.0,0.0,0.0
1642275,0022401089,1610612766,12.0,2.0,4.0,2.0,5.0,4.0,2.0,1.0
1631217,0022401089,1610612766,4.0,0.0,2.0,0.0,2.0,2.0,2.0,0.0
201959,0022401089,1610612766,0.0,1.0,0.0,0.0,0.0,0.0,0.0,0.0
201942,0022401090,1610612758,31.0,8.0,3.0,0.0,24.0,12.0,7.0,5.0
1631099,0022401090,1610612758,12.0,0.0,7.0,2.0,11.0,5.0,0.0,0.0
1627734,0022401090,1610612758,25.0,0.0,16.0,0.0,19.0,11.0,6.0,3.0
1631165,0022401090,1610612758,9.0,4.0,3.0,0.0,4.0,3.0,2.0,1.0
203897,0022401090,1610612758,20.0,2.0,5.0,0.0,15.0,7.0,2.0,2.0
1628370,0022401090,1610612758,5.0,7.0,7.0,0.0,14.0,2.0,0.0,0.0
1626168,0022401090,1610612758,3.0,0.0,0.0,0.0,2.0,1.0,0.0,0.0
1628365,0022401090,1610612758,2.0,0.0,1.0,0.0,1.0,1.0,0.0,0.0
202685,0022401090,1610612758,2.0,1.0,3.0,0.0,2.0,1.0,0.0,0.0
1630174,0022401090,1610612754,24.0,0.0,6.0,2.0,16.0,7.0,9.0,9.0
1627783,0022401090,1610612754,11.0,6.0,3.0,0.0,15.0,4.0,2.0,2.0
1628418,0022401090,1610612754,7.0,1.0,7.0,1.0,7.0,3.0,0.0,0.0
1629614,0022401090,1610612754,5.0,2.0,7.0,1.0,8.0,2.0,0.0,0.0
1630169,0022401090,1610612754,18.0,11.0,2.0,0.0,13.0,7.0,2.0,2.0
1628396,0022401090,1610612754,4.0,0.0,3.0,1.0,2.0,2.0,0.0,0.0
1630167,0022401090,1610612754,19.0,0.0,7.0,0.0,11.0,7.0,0.0,0.0
1641716,0022401090,1610612754,15.0,2.0,0.0,0.0,10.0,6.0,0.0,0.0
204456,0022401090,1610612754,8.0,4.0,2.0,0.0,6.0,4.0,0.0,0.0
1641767,0022401090,1610612754,0.0,2.0,3.0,0.0,2.0,0.0,0.0,0.0
1630592,0022401095,1610612751,12.0,4.0,4.0,0.0,11.0,4.0,2.0,2.0
1630533,0022401095,1610612751,11.0,0.0,2.0,0.0,8.0,4.0,2.0,1.0
1629651,0022401095,1610612751,6.0,3.0,7.0,1.0,6.0,2.0,5.0,2.0
1630553,0022401095,1610612751,24.0,3.0,3.0,0.0,19.0,10.0,2.0,2.0
1626156,0022401095,1610612751,18.0,11.0,5.0,1.0,10.0,5.0,5.0,4.0
1631213,0022401095,1610612751,11.0,5.0,6.0,0.0,8.0,3.0,2.0,2.0
1631166,0022401095,1610612751,9.0,1.0,3.0,1.0,8.0,4.0,0.0,0.0
1630570,0022401095,1610612751,6.0,1.0,5.0,0.0,7.0,2.0,0.0,0.0
1641727,0022401095,1610612751,8.0,2.0,2.0,0.0,7.0,3.0,0.0,0.0
1641721,0022401095,1610612751,8.0,2.0,3.0,0.0,6.0,2.0,2.0,2.0
1629023,0022401095,1610612742,13.0,2.0,5.0,0.0,7.0,4.0,4.0,3.0
203076,0022401095,1610612742,12.0,5.0,7.0,1.0,10.0,5.0,4.0,2.0
1629655,0022401095,1610612742,17.0,2.0,7.0,0.0,9.0,7.0,6.0,3.0
202691,0022401095,1610612742,13.0,4.0,3.0,1.0,16.0,5.0,0.0,0.0
203915,0022401095,1610612742,11.0,8.0,5.0,0.0,11.0,4.0,4.0,2.0
1630230,0022401095,1610612742,8.0,3.0,8.0,0.0,7.0,4.0,0.0,0.0
1630539,0022401095,1610612742,7.0,2.0,5.0,0.0,4.0,3.0,2.0,1.0
1631108,0022401095,1610612742,12.0,0.0,3.0,0.0,9.0,4.0,3.0,2.0
1630702,0022401095,1610612742,9.0,1.0,0.0,0.0,8.0,3.0,2.0,1.0
1628997,0022401095,1610612742,7.0,2.0,6.0,1.0,5.0,2.0,4.0,3.0
1626181,0022401091,1610612746,21.0,1.0,4.0,0.0,14.0,8.0,2.0,2.0
202695,0022401091,1610612746,21.0,2.0,8.0,1.0,22.0,8.0,6.0,5.0
1627826,0022401091,1610612746,18.0,5.0,20.0,0.0,10.0,7.0,5.0,4.0
1627739,0022401091,1610612746,6.0,2.0,3.0,1.0,6.0,2.0,0.0,0.0
201935,0022401091,1610612746,20.0,5.0,3.0,1.0,19.0,8.0,4.0,3.0
1627884,0022401091,1610612746,5.0,2.0,3.0,0.0,5.0,2.0,0.0,0.0
1629234,0022401091,1610612746,0.0,0.0,0.0,0.0,0.0,0.0,0.0,0.0
203992,0022401091,1610612746,5.0,0.0,2.0,1.0,6.0,1.0,2.0,2.0
201587,0022401091,1610612746,0.0,1.0,4.0,1.0,0.0,0.0,0.0,0.0
1630532,0022401091,1610612753,21.0,6.0,5.0,0.0,19.0,8.0,4.0,4.0
1631094,0022401091,1610612753,26.0,4.0,6.0,0.0,23.0,8.0,9.0,9.0
1628976,0022401091,1610612753,9.0,1.0,4.0,2.0,11.0,4.0,2.0,1.0
203484,0022401091,1610612753,11.0,0.0,3.0,1.0,4.0,4.0,0.0,0.0
202709,0022401091,1610612753,10.0,3.0,5.0,0.0,7.0,2.0,5.0,4.0
203914,0022401091,1610612753,0.0,1.0,1.0,0.0,0.0,0.0,0.0,0.0
1641710,0022401091,1610612753,8.0,2.0,1.0,0.0,10.0,3.0,2.0,2.0
1631216,0022401091,1610612753,2.0,0.0,3.0,0.0,2.0,1.0,0.0,0.0
1629048,0022401091,1610612753,0.0,1.0,1.0,0.0,0.0,0.0,0.0,0.0
1628371,0022401091,1610612753,0.0,0.0,3.0,1.0,0.0,0.0,0.0,0.0
1641783,0022401091,1610612753,0.0,0.0,0.0,0.0,0.0,0.0,0.0,0.0
1629610,0022401085,1610612766,5.0,2.0,3.0,0.0,9.0,2.0,0.0,0.0
1628970,0022401085,1610612766,20.0,2.0,6.0,0.0,16.0,7.0,6.0,5.0
203994,0022401085,1610612766,13.0,5.0,12.0,3.0,10.0,4.0,4.0,3.0
1629006,0022401085,1610612766,6.0,1.0,2.0,0.0,4.0,1.0,4.0,4.0
1642354,0022401085,1610612766,9.0,4.0,3.0,0.0,12.0,3.0,2.0,2.0
1642275,0022401085,1610612766,4.0,4.0,7.0,0.0,7.0,1.0,2.0,2.0
1641733,0022401085,1610612766,19.0,2.0,4.0,0.0,16.0,7.0,2.0,2.0
1631217,0022401085,1610612766,6.0,0.0,7.0,0.0,5.0,1.0,5.0,4.0
201959,0022401085,1610612766,4.0,0.0,1.0,3.0,4.0,2.0,0.0,0.0
1631111,0022401085,1610612766,8.0,0.0,5.0,0.0,8.0,4.0,0.0,0.0
1628971,0022401085,1610612740,3.0,2.0,12.0,3.0,8.0,1.0,2.0,1.0
203482,0022401085,1610612740,13.0,2.0,6.0,0.0,9.0,5.0,4.0,3.0
1642274,0022401085,1610612740,8.0,2.0,11.0,0.0,6.0,3.0,4.0,2.0
1641810,0022401085,1610612740,16.0,2.0,3.0,0.0,10.0,6.0,0.0,0.0
1630631,0022401085,1610612740,12.0,4.0,5.0,0.0,16.0,4.0,3.0,3.0
203901,0022401085,1610612740,2.0,6.0,3.0,1.0,7.0,1.0,0.0,0.0
1631255,0022401085,1610612740,10.0,3.0,5.0,1.0,9.0,4.0,2.0,2.0
1630526,0022401085,1610612740,12.0,0.0,3.0,0.0,10.0,5.0,0.0,0.0
1631311,0022401085,1610612740,5.0,1.0,1.0,0.0,3.0,2.0,0.0,0.0
1631232,0022401085,1610612740,17.0,2.0,8.0,3.0,12.0,7.0,2.0,2.0
1631288,0022401085,1610612740,0.0,0.0,0.0,0.0,2.0,0.0,0.0,0.0
1626181,0022401081,1610612746,34.0,4.0,1.0,0.0,24.0,13.0,6.0,3.0
1627884,0022401081,1610612746,15.0,2.0,3.0,1.0,8.0,5.0,4.0,3.0
1627826,0022401081,1610612746,14.0,2.0,13.0,2.0,14.0,7.0,0.0,0.0
1627739,0022401081,1610612746,13.0,0.0,5.0,0.0,13.0,5.0,0.0,0.0
201935,0022401081,1610612746,24.0,8.0,8.0,1.0,18.0,7.0,6.0,6.0
203992,0022401081,1610612746,16.0,3.0,4.0,0.0,11.0,6.0,2.0,2.0
201587,0022401081,1610612746,1.0,1.0,3.0,0.0,2.0,0.0,2.0,1.0
1629599,0022401081,1610612746,1.0,0.0,1.0,0.0,0.0,0.0,2.0,1.0
1627732,0022401081,1610612746,4.0,5.0,6.0,0.0,3.0,2.0,0.0,0.0
1629622,0022401081,1610612739,3.0,6.0,3.0,0.0,4.0,1.0,2.0,1.0
1630596,0022401081,1610612739,22.0,4.0,7.0,3.0,16.0,8.0,3.0,3.0
1628386,0022401081,1610612739,25.0,3.0,12.0,0.0,12.0,11.0,6.0,3.0
1628378,0022401081,1610612739,24.0,7.0,12.0,0.0,19.0,9.0,4.0,4.0
1629636,0022401081,1610612739,19.0,7.0,4.0,0.0,14.0,5.0,8.0,7.0
1630241,0022401081,1610612739,6.0,2.0,4.0,0.0,7.0,2.0,0.0,0.0
1629631,0022401081,1610612739,10.0,3.0,1.0,0.0,9.0,4.0,0.0,0.0
1629731,0022401081,1610612739,5.0,1.0,2.0,0.0,6.0,2.0,0.0,0.0
1630171,0022401081,1610612739,11.0,0.0,0.0,0.0,5.0,4.0,0.0,0.0
1629750,0022401081,1610612739,2.0,0.0,0.0,0.0,1.0,1.0,0.0,0.0
1642258,0022401083,1610612737,36.0,0.0,6.0,0.0,21.0,12.0,9.0,7.0
1631243,0022401083,1610612737,9.0,1.0,9.0,0.0,5.0,3.0,4.0,2.0
1630168,0022401083,1610612737,13.0,3.0,10.0,0.0,8.0,4.0,4.0,4.0
1630700,0022401083,1610612737,22.0,6.0,9.0,0.0,15.0,10.0,2.0,2.0
1629027,0022401083,1610612737,19.0,19.0,3.0,0.0,16.0,4.0,11.0,9.0
1630249,0022401083,1610612737,3.0,0.0,2.0,0.0,2.0,1.0,0.0,0.0
1627747,0022401083,1610612737,9.0,1.0,3.0,2.0,9.0,4.0,0.0,0.0
1629611,0022401083,1610612737,9.0,4.0,1.0,0.0,5.0,4.0,0.0,0.0
1631230,0022401083,1610612737,8.0,1.0,2.0,0.0,2.0,2.0,4.0,3.0
1627777,0022401083,1610612737,17.0,1.0,1.0,0.0,11.0,6.0,1.0,1.0
1628398,0022401083,1610612749,25.0,1.0,6.0,0.0,17.0,8.0,6.0,5.0
203507,0022401083,1610612749,31.0,5.0,9.0,0.0,18.0,11.0,14.0,9.0
201572,0022401083,1610612749,5.0,1.0,1.0,1.0,4.0,2.0,2.0,1.0
1627752,0022401083,1610612749,7.0,0.0,4.0,1.0,5.0,2.0,1.0,1.0
1631157,0022401083,1610612749,10.0,5.0,4.0,0.0,6.0,3.0,2.0,2.0
1629018,0022401083,1610612749,10.0,0.0,3.0,0.0,9.0,2.0,5.0,5.0
1626192,0022401083,1610612749,6.0,3.0,1.0,0.0,6.0,3.0,0.0,0.0
1629645,0022401083,1610612749,28.0,5.0,4.0,0.0,12.0,8.0,9.0,9.0
1641748,0022401083,1610612749,1.0,1.0,3.0,0.0,2.0,0.0,2.0,1.0
1641890,0022401083,1610612749,0.0,0.0,1.0,0.0,1.0,0.0,0.0,0.0
1631250,0022401083,1610612749,0.0,0.0,0.0,0.0,0.0,0.0,0.0,0.0
1631123,0022401083,1610612749,0.0,0.0,0.0,0.0,0.0,0.0,0.0,0.0
1641753,0022401083,1610612749,1.0,0.0,0.0,0.0,2.0,0.0,2.0,1.0
1627736,0022401084,1610612765,27.0,0.0,2.0,0.0,18.0,8.0,6.0,5.0
1641709,0022401084,1610612765,14.0,1.0,4.0,0.0,15.0,6.0,5.0,2.0
1631105,0022401084,1610612765,13.0,3.0,11.0,0.0,10.0,6.0,1.0,1.0
203501,0022401084,1610612765,20.0,0.0,4.0,1.0,14.0,5.0,8.0,7.0
203471,0022401084,1610612765,11.0,11.0,4.0,0.0,12.0,3.0,6.0,5.0
1631323,0022401084,1610612765,3.0,1.0,5.0,0.0,8.0,1.0,0.0,0.0
1630191,0022401084,1610612765,0.0,1.0,4.0,1.0,2.0,0.0,0.0,0.0
1641842,0022401084,1610612765,4.0,1.0,2.0,0.0,4.0,1.0,2.0,2.0
1631204,0022401084,1610612765,3.0,3.0,1.0,0.0,3.0,1.0,0.0,0.0
1630194,0022401084,1610612765,4.0,0.0,3.0,1.0,5.0,1.0,4.0,2.0
1630322,0022401084,1610612765,0.0,1.0,4.0,0.0,2.0,0.0,0.0,0.0
1641752,0022401084,1610612765,0.0,0.0,0.0,0.0,0.0,0.0,0.0,0.0
1642450,0022401084,1610612765,5.0,0.0,0.0,0.0,2.0,2.0,0.0,0.0
1630183,0022401084,1610612750,2.0,3.0,9.0,2.0,6.0,1.0,2.0,0.0
203944,0022401084,1610612750,26.0,5.0,8.0,1.0,18.0,9.0,7.0,7.0
203497,0022401084,1610612750,19.0,0.0,25.0,1.0,16.0,8.0,4.0,3.0
1630162,0022401084,1610612750,25.0,4.0,6.0,2.0,19.0,9.0,4.0,3.0
201144,0022401084,1610612750,17.0,2.0,2.0,0.0,9.0,5.0,7.0,5.0
1628978,0022401084,1610612750,6.0,3.0,3.0,2.0,4.0,2.0,0.0,0.0
1629675,0022401084,1610612750,2.0,1.0,2.0,0.0,3.0,1.0,0.0,0.0
1629638,0022401084,1610612750,11.0,4.0,2.0,1.0,10.0,4.0,2.0,1.0
1641740,0022401084,1610612750,6.0,0.0,2.0,0.0,4.0,2.0,3.0,2.0
1630568,0022401084,1610612750,4.0,1.0,0.0,0.0,1.0,1.0,2.0,2.0
1642265,0022401084,1610612750,0.0,1.0,0.0,0.0,1.0,0.0,0.0,0.0
1631169,0022401084,1610612750,5.0,0.0,0.0,0.0,2.0,2.0,0.0,0.0
1631159,0022401084,1610612750,0.0,0.0,0.0,0.0,0.0,0.0,0.0,0.0
1630166,0022401082,1610612757,33.0,4.0,7.0,0.0,25.0,14.0,4.0,3.0
1641739,0022401082,1610612757,16.0,4.0,8.0,0.0,8.0,6.0,0.0,0.0
1642270,0022401082,1610612757,2.0,0.0,10.0,2.0,4.0,1.0,0.0,0.0
1631101,0022401082,1610612757,23.0,3.0,7.0,1.0,18.0,10.0,3.0,1.0
1629014,0022401082,1610612757,15.0,4.0,3.0,0.0,20.0,5.0,5.0,4.0
1630625,0022401082,1610612757,0.0,4.0,1.0,0.0,6.0,0.0,0.0,0.0
1641871,0022401082,1610612757,4.0,0.0,1.0,0.0,3.0,2.0,0.0,0.0
1629680,0022401082,1610612757,0.0,0.0,1.0,1.0,2.0,0.0,0.0,0.0
1631200,0022401082,1610612757,0.0,0.0,1.0,0.0,0.0,0.0,0.0,0.0
1631303,0022401082,1610612757,0.0,0.0,0.0,0.0,1.0,0.0,2.0,0.0
1641712,0022401082,1610612757,0.0,0.0,0.0,0.0,0.0,0.0,0.0,0.0
1631133,0022401082,1610612757,0.0,0.0,0.0,0.0,0.0,0.0,0.0,0.0
1628384,0022401082,1610612752,28.0,2.0,7.0,2.0,16.0,11.0,4.0,4.0
1628404,0022401082,1610612752,14.0,9.0,8.0,0.0,10.0,5.0,4.0,3.0
1626157,0022401082,1610612752,10.0,2.0,11.0,2.0,13.0,4.0,1.0,1.0
1628969,0022401082,1610612752,28.0,7.0,2.0,1.0,22.0,12.0,2.0,2.0
1626153,0022401082,1610612752,7.0,2.0,4.0,2.0,6.0,3.0,0.0,0.0
1629011,0022401082,1610612752,2.0,2.0,4.0,2.0,1.0,1.0,0.0,0.0
1629013,0022401082,1610612752,11.0,0.0,4.0,0.0,9.0,4.0,0.0,0.0
1630173,0022401082,1610612752,10.0,0.0,2.0,0.0,6.0,5.0,2.0,0.0
1642278,0022401082,1610612752,0.0,3.0,2.0,1.0,1.0,0.0,0.0,0.0
1642359,0022401082,1610612752,0.0,0.0,0.0,0.0,0.0,0.0,0.0,0.0
1629628,0022401087,1610612761,31.0,5.0,5.0,0.0,22.0,12.0,8.0,3.0
1630567,0022401087,1610612761,9.0,4.0,5.0,0.0,12.0,4.0,2.0,1.0
1631115,0022401087,1610612761,13.0,4.0,4.0,1.0,7.0,5.0,2.0,2.0
1642266,0022401087,1610612761,17.0,4.0,8.0,1.0,11.0,5.0,4.0,4.0
1642347,0022401087,1610612761,11.0,9.0,2.0,1.0,14.0,4.0,2.0,2.0
1630534,0022401087,1610612761,9.0,2.0,3.0,0.0,9.0,4.0,0.0,0.0
1642367,0022401087,1610612761,13.0,3.0,5.0,1.0,8.0,6.0,0.0,0.0
1631306,0022401087,1610612761,8.0,0.0,4.0,0.0,7.0,3.0,0.0,0.0
1642419,0022401087,1610612761,16.0,1.0,7.0,0.0,11.0,6.0,0.0,0.0
1630639,0022401087,1610612761,0.0,0.0,3.0,0.0,2.0,0.0,0.0,0.0
1642348,0022401087,1610612755,12.0,4.0,7.0,0.0,17.0,6.0,0.0,0.0
1641741,0022401087,1610612755,17.0,3.0,11.0,0.0,15.0,6.0,6.0,4.0
1641737,0022401087,1610612755,14.0,0.0,8.0,5.0,7.0,5.0,4.0,4.0
1629022,0022401087,1610612755,23.0,7.0,3.0,0.0,18.0,10.0,0.0,0.0
1630215,0022401087,1610612755,15.0,6.0,1.0,0.0,9.0,5.0,2.0,2.0
1641720,0022401087,1610612755,18.0,5.0,2.0,1.0,8.0,6.0,5.0,5.0
1630542,0022401087,1610612755,4.0,0.0,7.0,2.0,7.0,2.0,0.0,0.0
1642024,0022401087,1610612755,2.0,0.0,6.0,0.0,4.0,1.0,0.0,0.0
1630762,0022401087,1610612755,4.0,0.0,1.0,2.0,4.0,1.0,2.0,2.0
1628415,0022401088,1610612745,8.0,1.0,1.0,1.0,7.0,3.0,0.0,0.0
1641708,0022401088,1610612745,12.0,9.0,10.0,0.0,10.0,6.0,0.0,0.0
1630578,0022401088,1610612745,16.0,3.0,9.0,1.0,11.0,6.0,7.0,4.0
1630224,0022401088,1610612745,33.0,2.0,2.0,0.0,17.0,9.0,13.0,11.0
1627832,0022401088,1610612745,13.0,7.0,2.0,0.0,9.0,5.0,0.0,0.0
203500,0022401088,1610612745,6.0,0.0,3.0,0.0,2.0,2.0,2.0,2.0
1631095,0022401088,1610612745,10.0,2.0,7.0,0.0,11.0,5.0,0.0,0.0
1628988,0022401088,1610612745,11.0,1.0,2.0,1.0,7.0,4.0,0.0,0.0
201145,0022401088,1610612745,6.0,0.0,2.0,0.0,2.0,2.0,0.0,0.0
1629111,0022401088,1610612745,11.0,2.0,1.0,0.0,7.0,5.0,1.0,0.0
1641715,0022401088,1610612745,13.0,2.0,2.0,0.0,10.0,6.0,0.0,0.0
1630256,0022401088,1610612745,3.0,5.0,2.0,1.0,2.0,1.0,2.0,1.0
1642263,0022401088,1610612745,6.0,3.0,2.0,0.0,3.0,2.0,0.0,0.0
1642346,0022401088,1610612756,2.0,0.0,2.0,1.0,3.0,1.0,0.0,0.0
201142,0022401088,1610612756,11.0,1.0,7.0,0.0,11.0,5.0,0.0,0.0
1630208,0022401088,1610612756,6.0,0.0,5.0,0.0,6.0,3.0,0.0,0.0
1626164,0022401088,1610612756,28.0,3.0,3.0,0.0,17.0,12.0,4.0,3.0
1631221,0022401088,1610612756,3.0,4.0,4.0,1.0,9.0,1.0,0.0,0.0
1642345,0022401088,1610612756,5.0,2.0,4.0,2.0,2.0,1.0,4.0,3.0
1628960,0022401088,1610612756,7.0,2.0,0.0,0.0,5.0,2.0,2.0,2.0
1626145,0022401088,1610612756,5.0,3.0,1.0,0.0,9.0,2.0,0.0,0.0
1628998,0022401088,1610612756,4.0,0.0,2.0,0.0,3.0,2.0,0.0,0.0
1626220,0022401088,1610612756,6.0,3.0,3.0,0.0,5.0,2.0,0.0,0.0
203486,0022401088,1610612756,9.0,3.0,6.0,1.0,3.0,3.0,3.0,3.0
1628420,0022401088,1610612756,10.0,2.0,2.0,0.0,6.0,4.0,0.0,0.0
1629626,0022401088,1610612756,7.0,1.0,0.0,0.0,5.0,3.0,0.0,0.0
1627814,0022401088,1610612756,6.0,1.0,0.0,0.0,3.0,1.0,4.0,4.0
203995,0022401088,1610612756,0.0,0.0,0.0,0.0,0.0,0.0,0.0,0.0
1630541,0022401086,1610612744,20.0,3.0,3.0,1.0,11.0,7.0,4.0,3.0
202710,0022401086,1610612744,13.0,8.0,3.0,0.0,5.0,4.0,4.0,4.0
203110,0022401086,1610612744,14.0,2.0,5.0,0.0,9.0,6.0,0.0,0.0
1641764,0022401086,1610612744,27.0,5.0,6.0,0.0,14.0,9.0,2.0,2.0
201939,0022401086,1610612744,13.0,6.0,3.0,1.0,10.0,4.0,3.0,3.0
1630611,0022401086,1610612744,4.0,6.0,4.0,0.0,6.0,2.0,0.0,0.0
1627741,0022401086,1610612744,19.0,4.0,5.0,0.0,12.0,8.0,0.0,0.0
1630228,0022401086,1610612744,4.0,0.0,1.0,0.0,2.0,1.0,2.0,2.0
1642366,0022401086,1610612744,7.0,1.0,2.0,0.0,9.0,3.0,0.0,0.0
1626172,0022401086,1610612744,8.0,1.0,7.0,1.0,5.0,3.0,1.0,1.0
1628995,0022401086,1610612744,6.0,0.0,2.0,0.0,4.0,3.0,0.0,0.0
1630311,0022401086,1610612744,5.0,4.0,0.0,0.0,3.0,2.0,0.0,0.0
1631218,0022401086,1610612744,8.0,2.0,3.0,0.0,7.0,4.0,3.0,0.0
1642264,0022401086,1610612759,9.0,2.0,3.0,0.0,11.0,3.0,3.0,2.0
203084,0022401086,1610612759,6.0,3.0,1.0,0.0,6.0,2.0,1.0,1.0
1631110,0022401086,1610612759,2.0,1.0,2.0,0.0,4.0,1.0,0.0,0.0
1630170,0022401086,1610612759,12.0,3.0,3.0,0.0,10.0,5.0,1.0,0.0
101108,0022401086,1610612759,6.0,4.0,1.0,0.0,3.0,2.0,0.0,0.0
1629640,0022401086,1610612759,19.0,2.0,3.0,0.0,13.0,8.0,1.0,1.0
1629162,0022401086,1610612759,9.0,4.0,1.0,0.0,4.0,3.0,0.0,0.0
1631104,0022401086,1610612759,5.0,2.0,2.0,0.0,5.0,2.0,4.0,1.0
1630577,0022401086,1610612759,11.0,2.0,5.0,1.0,10.0,4.0,0.0,0.0
1630572,0022401086,1610612759,14.0,4.0,11.0,1.0,10.0,6.0,2.0,1.0
1631103,0022401086,1610612759,13.0,3.0,1.0,0.0,8.0,4.0,4.0,4.0
1629646,0022401086,1610612759,0.0,0.0,1.0,1.0,0.0,0.0,0.0,0.0
1631408,2022400520,1612709923,13.0,1.0,1.0,1.0,13.0,4.0,1.0,1.0
1641801,2022400520,1612709923,25.0,3.0,9.0,0.0,22.0,10.0,3.0,3.0
1641987,2022400520,1612709923,14.0,3.0,9.0,2.0,9.0,7.0,0.0,0.0
1642549,2022400520,1612709923,16.0,2.0,8.0,0.0,13.0,7.0,0.0,0.0
1642443,2022400520,1612709923,22.0,4.0,2.0,0.0,18.0,9.0,1.0,1.0
1627853,2022400520,1612709923,9.0,5.0,1.0,0.0,9.0,4.0,1.0,1.0
1630318,2022400520,1612709923,8.0,1.0,1.0,0.0,10.0,4.0,0.0,0.0
1630953,2022400520,1612709923,6.0,2.0,6.0,0.0,5.0,2.0,1.0,1.0
1628579,2022400520,1612709923,0.0,0.0,3.0,0.0,1.0,0.0,0.0,0.0
1642071,2022400520,1612709932,24.0,5.0,12.0,2.0,15.0,7.0,5.0,5.0
1642578,2022400520,1612709932,19.0,1.0,7.0,3.0,16.0,7.0,2.0,1.0
1642588,2022400520,1612709932,8.0,2.0,8.0,1.0,5.0,3.0,1.0,1.0
1642759,2022400520,1612709932,17.0,0.0,5.0,0.0,15.0,5.0,3.0,3.0
1642676,2022400520,1612709932,15.0,3.0,6.0,0.0,11.0,5.0,5.0,4.0
1642500,2022400520,1612709932,6.0,2.0,3.0,0.0,10.0,2.0,0.0,0.0
1631379,2022400520,1612709932,9.0,1.0,2.0,1.0,6.0,2.0,2.0,2.0
1642517,2022400520,1612709932,22.0,2.0,11.0,1.0,11.0,9.0,3.0,2.0
1641926,2022400523,1612709914,10.0,1.0,4.0,1.0,8.0,3.0,2.0,2.0
1630678,2022400523,1612709914,24.0,0.0,11.0,0.0,23.0,10.0,1.0,1.0
1627746,2022400523,1612709914,19.0,0.0,9.0,1.0,13.0,9.0,2.0,1.0
1630222,2022400523,1612709914,34.0,7.0,5.0,0.0,25.0,10.0,7.0,5.0
1631399,2022400523,1612709914,15.0,3.0,3.0,0.0,9.0,6.0,3.0,2.0
1628968,2022400523,1612709914,9.0,2.0,6.0,1.0,5.0,4.0,1.0,0.0
1642606,2022400523,1612709914,0.0,0.0,0.0,0.0,0.0,0.0,0.0,0.0
1626184,2022400523,1612709914,0.0,3.0,1.0,0.0,3.0,0.0,0.0,0.0
1642428,2022400523,1612709914,0.0,1.0,1.0,0.0,0.0,0.0,0.0,0.0
1631257,2022400523,1612709908,20.0,4.0,4.0,0.0,15.0,8.0,2.0,2.0
1629098,2022400523,1612709908,9.0,0.0,7.0,0.0,9.0,3.0,1.0,1.0
1642368,2022400523,1612709908,15.0,0.0,16.0,4.0,9.0,7.0,1.0,1.0
1631466,2022400523,1612709908,12.0,4.0,1.0,0.0,16.0,5.0,0.0,0.0
1630227,2022400523,1612709908,23.0,7.0,2.0,1.0,15.0,9.0,1.0,1.0
1631223,2022400523,1612709908,14.0,2.0,6.0,1.0,11.0,6.0,0.0,0.0
1642591,2022400523,1612709908,0.0,2.0,1.0,0.0,4.0,0.0,0.0,0.0
1641806,2022400523,1612709908,14.0,4.0,2.0,0.0,7.0,3.0,2.0,2.0
1627748,2022400523,1612709908,0.0,0.0,0.0,0.0,2.0,0.0,0.0,0.0
1631249,2022400518,1612709910,7,1,5,0,6,2,2,2
1642402,2022400518,1612709910,18,1,5,1,8,7,1,1
1630787,2022400518,1612709910,22,0,4,0,12,7,2,2
1630750,2022400518,1612709910,12,4,6,1,13,6,0,0
1642484,2022400518,1612709910,22,12,4,1,18,5,7,6
1642551,2022400518,1612709910,13,1,3,0,9,3,2,2
1642027,2022400518,1612709910,26,3,5,1,13,8,5,5
1631497,2022400518,1612709910,8,2,13,1,7,3,3,1
1641856,2022400518,1612709917,30,2,9,0,19,10,4,3
1642444,2022400518,1612709917,22,2,2,0,14,7,2,2
1641777,2022400518,1612709917,16,3,13,1,11,7,2,2
1641847,2022400518,1612709917,12,3,6,1,13,5,0,0
1642019,2022400518,1612709917,18,4,3,2,15,8,0,0
1642597,2022400518,1612709917,2,0,1,0,0,0,1,1
1630895,2022400518,1612709917,6,3,3,0,9,2,2,1
1642595,2022400518,1612709917,12,3,3,0,12,5,0,0
1627759,0022401080,1610612738,14.0,4.0,2.0,0.0,9.0,6.0,2.0,1.0
1628369,0022401080,1610612738,29.0,8.0,10.0,1.0,22.0,10.0,7.0,7.0
204001,0022401080,1610612738,11.0,1.0,8.0,2.0,11.0,4.0,2.0,2.0
1628401,0022401080,1610612738,13.0,6.0,8.0,1.0,13.0,4.0,3.0,2.0
201950,0022401080,1610612738,21.0,6.0,6.0,0.0,12.0,8.0,0.0,0.0
1628436,0022401080,1610612738,15.0,4.0,16.0,0.0,10.0,7.0,2.0,1.0
1631248,0022401080,1610612738,7.0,2.0,2.0,0.0,4.0,2.0,2.0,1.0
1630573,0022401080,1610612738,11.0,1.0,2.0,0.0,13.0,4.0,0.0,0.0
1642264,0022401080,1610612759,22.0,8.0,2.0,0.0,18.0,7.0,10.0,7.0
203084,0022401080,1610612759,13.0,2.0,3.0,0.0,11.0,5.0,0.0,0.0
1631110,0022401080,1610612759,18.0,3.0,8.0,0.0,12.0,4.0,12.0,10.0
1630170,0022401080,1610612759,14.0,3.0,5.0,0.0,12.0,5.0,0.0,0.0
101108,0022401080,1610612759,12.0,5.0,5.0,0.0,8.0,5.0,0.0,0.0
1629640,0022401080,1610612759,23.0,3.0,6.0,0.0,12.0,9.0,3.0,3.0
1631104,0022401080,1610612759,3.0,0.0,3.0,0.0,5.0,1.0,0.0,0.0
1630577,0022401080,1610612759,0.0,1.0,1.0,0.0,4.0,0.0,0.0,0.0
1630572,0022401080,1610612759,6.0,0.0,2.0,1.0,5.0,2.0,2.0,1.0
1628432,2022400521,1612709913,19.0,9.0,5.0,1.0,19.0,6.0,2.0,2.0
1630342,2022400521,1612709913,23.0,2.0,4.0,1.0,11.0,8.0,1.0,1.0
1631462,2022400521,1612709913,21.0,0.0,3.0,0.0,10.0,7.0,1.0,1.0
1630622,2022400521,1612709913,36.0,10.0,4.0,0.0,23.0,14.0,1.0,1.0
1629955,2022400521,1612709913,7.0,5.0,2.0,0.0,11.0,3.0,0.0,0.0
204105,2022400521,1612709913,13.0,3.0,2.0,0.0,9.0,5.0,0.0,0.0
1642771,2022400521,1612709913,0.0,0.0,3.0,0.0,2.0,0.0,0.0,0.0
1631457,2022400521,1612709925,18.0,2.0,9.0,0.0,13.0,8.0,0.0,0.0
1641771,2022400521,1612709925,4.0,4.0,6.0,1.0,3.0,1.0,1.0,1.0
1630658,2022400521,1612709925,20.0,7.0,13.0,0.0,9.0,5.0,7.0,5.0
1630679,2022400521,1612709925,17.0,2.0,6.0,0.0,11.0,6.0,0.0,0.0
1630644,2022400521,1612709925,26.0,2.0,4.0,0.0,18.0,8.0,8.0,5.0
1642066,2022400521,1612709925,13.0,4.0,7.0,0.0,8.0,6.0,0.0,0.0
1630606,2022400521,1612709925,10.0,4.0,3.0,1.0,8.0,4.0,0.0,0.0
1629633,2022400521,1612709925,12.0,1.0,5.0,0.0,11.0,5.0,0.0,0.0
1641918,2022400521,1612709925,4.0,0.0,1.0,0.0,3.0,2.0,0.0,0.0
1631301,2022400516,1612709922,30.0,10.0,6.0,0.0,18.0,11.0,7.0,5.0
1641749,2022400516,1612709922,14.0,5.0,9.0,0.0,14.0,6.0,2.0,1.0
1629617,2022400516,1612709922,23.0,3.0,6.0,1.0,18.0,10.0,1.0,0.0
1641799,2022400516,1612709922,13.0,2.0,6.0,1.0,7.0,4.0,3.0,3.0
1630585,2022400516,1612709922,14.0,6.0,2.0,1.0,11.0,5.0,2.0,1.0
1631474,2022400516,1612709922,0.0,5.0,1.0,1.0,1.0,0.0,0.0,0.0
1642531,2022400516,1612709922,0.0,0.0,6.0,0.0,1.0,0.0,0.0,0.0
1630640,2022400516,1612709922,13.0,3.0,1.0,0.0,11.0,5.0,0.0,0.0
1642045,2022400516,1612709922,5.0,0.0,1.0,1.0,2.0,2.0,0.0,0.0
1631342,2022400516,1612709929,18.0,3.0,5.0,1.0,7.0,5.0,6.0,5.0
1630284,2022400516,1612709929,28.0,7.0,14.0,1.0,21.0,8.0,4.0,4.0
1628387,2022400516,1612709929,12.0,0.0,9.0,1.0,9.0,4.0,2.0,2.0
1630275,2022400516,1612709929,13.0,1.0,2.0,0.0,13.0,4.0,2.0,2.0
1642605,2022400516,1612709929,6.0,8.0,5.0,0.0,8.0,2.0,1.0,1.0
1641934,2022400516,1612709929,14.0,1.0,4.0,1.0,9.0,5.0,0.0,0.0
1641848,2022400516,1612709929,12.0,1.0,4.0,0.0,5.0,3.0,3.0,3.0
1641935,2022400516,1612709929,16.0,3.0,3.0,0.0,18.0,8.0,2.0,0.0
1631451,2022400524,1612709889,21,4,5,0,15,10,0,0
1630186,2022400524,1612709889,18,3,4,0,17,5,7,4
1631489,2022400524,1612709889,2,5,7,2,5,1,0,0
1642502,2022400524,1612709889,17,3,9,1,10,7,3,2
1642046,2022400524,1612709889,26,5,7,2,20,9,1,0
1642637,2022400524,1612709889,23,0,4,0,14,9,1,0
1641939,2022400524,1612709889,10,1,9,3,7,5,2,0
1642567,2022400524,1612709889,2,2,3,0,2,1,0,0
1641915,2022400524,1612709904,21,2,5,0,12,7,2,2
203503,2022400524,1612709904,8,3,2,0,8,3,0,0
1642514,2022400524,1612709904,12,1,11,5,10,5,1,1
1631214,2022400524,1612709904,34,12,10,1,24,10,8,5
1641985,2022400524,1612709904,13,4,6,0,19,5,0,0
1642628,2022400524,1612709904,11,0,4,0,9,2,3,3
1642552,2022400524,1612709904,7,0,8,0,5,2,1,1
1642550,2022400524,1612709904,6,2,4,0,7,3,1,0
1629060,0022401078,1610612747,13.0,0.0,3.0,1.0,8.0,5.0,0.0,0.0
2544,0022401078,1610612747,25.0,8.0,6.0,1.0,21.0,10.0,4.0,3.0
1629637,0022401078,1610612747,2.0,0.0,5.0,0.0,1.0,1.0,0.0,0.0
1630559,0022401078,1610612747,31.0,8.0,7.0,1.0,16.0,8.0,10.0,10.0
1629029,0022401078,1610612747,29.0,9.0,8.0,0.0,18.0,8.0,12.0,11.0
1627827,0022401078,1610612747,11.0,1.0,5.0,0.0,9.0,4.0,0.0,0.0
1629216,0022401078,1610612747,15.0,1.0,2.0,0.0,7.0,5.0,1.0,1.0
1630692,0022401078,1610612747,0.0,0.0,1.0,0.0,2.0,0.0,0.0,0.0
1629020,0022401078,1610612747,6.0,1.0,4.0,0.0,5.0,3.0,0.0,0.0
1642261,0022401078,1610612747,2.0,2.0,1.0,0.0,2.0,1.0,0.0,0.0
1642377,0022401078,1610612763,11.0,3.0,3.0,0.0,8.0,3.0,4.0,4.0
1628991,0022401078,1610612763,24.0,1.0,4.0,1.0,13.0,8.0,6.0,5.0
1641744,0022401078,1610612763,14.0,2.0,11.0,3.0,10.0,7.0,2.0,0.0
1630217,0022401078,1610612763,29.0,6.0,4.0,0.0,18.0,12.0,0.0,0.0
1629630,0022401078,1610612763,22.0,10.0,8.0,0.0,23.0,9.0,5.0,3.0
1630590,0022401078,1610612763,16.0,5.0,3.0,0.0,8.0,6.0,1.0,1.0
1630583,0022401078,1610612763,8.0,2.0,5.0,0.0,10.0,4.0,0.0,0.0
1630205,0022401078,1610612763,0.0,0.0,0.0,0.0,1.0,0.0,0.0,0.0
1628379,0022401078,1610612763,0.0,2.0,0.0,0.0,0.0,0.0,0.0,0.0
1631246,0022401078,1610612763,3.0,2.0,3.0,0.0,4.0,1.0,0.0,0.0
1630643,0022401078,1610612763,0.0,0.0,0.0,0.0,0.0,0.0,0.0,0.0
1641825,2022400514,1612709931,15.0,1.0,6.0,0.0,14.0,7.0,1.0,0.0
1642525,2022400514,1612709931,15.0,0.0,3.0,0.0,12.0,6.0,1.0,1.0
1631305,2022400514,1612709931,0.0,1.0,3.0,1.0,3.0,0.0,0.0,0.0
1642357,2022400514,1612709931,36.0,4.0,12.0,2.0,23.0,15.0,3.0,3.0
1642714,2022400514,1612709931,16.0,11.0,2.0,0.0,13.0,7.0,0.0,0.0
1630535,2022400514,1612709931,20.0,0.0,11.0,3.0,13.0,9.0,0.0,0.0
1642524,2022400514,1612709931,2.0,2.0,4.0,0.0,6.0,1.0,2.0,0.0
1642527,2022400514,1612709931,6.0,8.0,5.0,2.0,18.0,2.0,0.0,0.0
1642128,2022400514,1612709931,2.0,2.0,1.0,0.0,3.0,1.0,0.0,0.0
1630207,2022400514,1612709926,10.0,4.0,13.0,1.0,8.0,4.0,0.0,0.0
1641713,2022400514,1612709926,8.0,1.0,4.0,1.0,14.0,2.0,4.0,2.0
1630654,2022400514,1612709926,31.0,2.0,16.0,0.0,20.0,13.0,2.0,1.0
1630569,2022400514,1612709926,29.0,6.0,5.0,0.0,20.0,12.0,1.0,1.0
1642530,2022400514,1612709926,21.0,7.0,4.0,0.0,9.0,6.0,3.0,3.0
1641869,2022400514,1612709926,4.0,0.0,0.0,0.0,6.0,2.0,1.0,0.0
1631174,2022400514,1612709926,3.0,1.0,3.0,0.0,5.0,1.0,0.0,0.0
1642492,2022400514,1612709926,0.0,1.0,2.0,0.0,0.0,0.0,1.0,0.0
1641938,2022400514,1612709926,7.0,2.0,4.0,0.0,5.0,1.0,4.0,4.0
1629666,2022400514,1612709926,6.0,0.0,1.0,0.0,2.0,2.0,1.0,1.0
1630174,0022401079,1610612754,7.0,0.0,4.0,1.0,8.0,3.0,0.0,0.0
1627783,0022401079,1610612754,11.0,1.0,9.0,1.0,11.0,4.0,4.0,2.0
1626167,0022401079,1610612754,11.0,1.0,5.0,0.0,6.0,2.0,10.0,7.0
1629614,0022401079,1610612754,16.0,7.0,5.0,0.0,13.0,6.0,4.0,3.0
1630169,0022401079,1610612754,18.0,3.0,4.0,0.0,12.0,6.0,2.0,2.0
1630167,0022401079,1610612754,12.0,5.0,3.0,2.0,9.0,5.0,0.0,0.0
1641716,0022401079,1610612754,10.0,4.0,4.0,0.0,8.0,3.0,2.0,2.0
204456,0022401079,1610612754,8.0,3.0,1.0,0.0,6.0,4.0,0.0,0.0
1628418,0022401079,1610612754,5.0,0.0,1.0,0.0,3.0,2.0,0.0,0.0
1641767,0022401079,1610612754,10.0,2.0,4.0,1.0,8.0,3.0,2.0,2.0
1642277,0022401079,1610612754,0.0,0.0,2.0,1.0,0.0,0.0,0.0,0.0
1631245,0022401079,1610612754,1.0,1.0,0.0,0.0,2.0,0.0,2.0,1.0
1628396,0022401079,1610612754,2.0,0.0,1.0,0.0,1.0,1.0,0.0,0.0
1629652,0022401079,1610612760,22.0,0.0,5.0,1.0,11.0,8.0,0.0,0.0
1631114,0022401079,1610612760,18.0,6.0,2.0,0.0,14.0,7.0,5.0,4.0
1628392,0022401079,1610612760,4.0,1.0,5.0,0.0,5.0,2.0,0.0,0.0
1641717,0022401079,1610612760,14.0,3.0,2.0,1.0,10.0,5.0,2.0,2.0
1628983,0022401079,1610612760,33.0,8.0,7.0,0.0,23.0,10.0,12.0,10.0
1629026,0022401079,1610612760,10.0,5.0,8.0,0.0,8.0,4.0,2.0,1.0
1630198,0022401079,1610612760,19.0,0.0,5.0,0.0,9.0,7.0,0.0,0.0
1627936,0022401079,1610612760,6.0,2.0,5.0,0.0,5.0,3.0,0.0,0.0
1642382,0022401079,1610612760,4.0,0.0,3.0,2.0,5.0,1.0,2.0,2.0
1641794,0022401079,1610612760,2.0,1.0,3.0,0.0,3.0,1.0,0.0,0.0
1641745,0022401079,1610612760,0.0,0.0,2.0,0.0,1.0,0.0,0.0,0.0
1631197,2022400515,1612709920,40.0,4.0,13.0,0.0,23.0,15.0,2.0,2.0
1630663,2022400515,1612709920,19.0,3.0,10.0,2.0,14.0,8.0,2.0,1.0
1630732,2022400515,1612709920,5.0,5.0,5.0,0.0,4.0,2.0,3.0,1.0
1629718,2022400515,1612709920,10.0,4.0,2.0,1.0,10.0,5.0,0.0,0.0
1631407,2022400515,1612709920,9.0,2.0,1.0,0.0,10.0,3.0,1.0,1.0
1642615,2022400515,1612709920,18.0,1.0,1.0,0.0,11.0,6.0,3.0,3.0
1631113,2022400515,1612709920,10.0,6.0,6.0,0.0,14.0,4.0,0.0,0.0
1642622,2022400515,1612709920,0.0,1.0,1.0,0.0,0.0,0.0,0.0,0.0
1642460,2022400515,1612709920,0.0,0.0,0.0,0.0,0.0,0.0,0.0,0.0
1629600,2022400515,1612709909,18.0,7.0,3.0,1.0,9.0,6.0,4.0,3.0
1641823,2022400515,1612709909,17.0,2.0,8.0,2.0,12.0,7.0,1.0,0.0
1630600,2022400515,1612709909,13.0,4.0,3.0,2.0,13.0,6.0,3.0,0.0
1631198,2022400515,1612709909,13.0,1.0,6.0,1.0,7.0,6.0,1.0,0.0
1630288,2022400515,1612709909,27.0,3.0,4.0,0.0,21.0,10.0,4.0,2.0
1627775,2022400515,1612709909,21.0,4.0,2.0,0.0,9.0,8.0,1.0,1.0
1630218,2022400515,1612709909,5.0,1.0,5.0,1.0,3.0,2.0,0.0,0.0
1631171,2022400515,1612709909,8.0,4.0,6.0,1.0,6.0,3.0,1.0,1.0
1629661,0022401075,1610612751,18.0,7.0,9.0,0.0,10.0,5.0,7.0,7.0
1630533,0022401075,1610612751,0.0,2.0,3.0,0.0,5.0,0.0,0.0,0.0
1641730,0022401075,1610612751,13.0,1.0,5.0,0.0,12.0,4.0,2.0,2.0
1630553,0022401075,1610612751,15.0,3.0,4.0,1.0,9.0,5.0,0.0,0.0
1631213,0022401075,1610612751,20.0,4.0,5.0,0.0,11.0,7.0,4.0,3.0
1631166,0022401075,1610612751,19.0,3.0,6.0,0.0,14.0,9.0,1.0,1.0
1630592,0022401075,1610612751,20.0,3.0,7.0,0.0,9.0,5.0,6.0,6.0
1630570,0022401075,1610612751,7.0,1.0,2.0,2.0,9.0,3.0,0.0,0.0
1641721,0022401075,1610612751,3.0,0.0,4.0,1.0,6.0,1.0,0.0,0.0
1641727,0022401075,1610612751,0.0,1.0,4.0,0.0,3.0,0.0,0.0,0.0
1642358,0022401075,1610612764,20.0,4.0,1.0,1.0,14.0,6.0,6.0,5.0
1630551,0022401075,1610612764,9.0,1.0,9.0,1.0,6.0,3.0,2.0,2.0
1642259,0022401075,1610612764,12.0,1.0,4.0,3.0,12.0,4.0,4.0,4.0
1642267,0022401075,1610612764,10.0,2.0,3.0,0.0,4.0,3.0,3.0,3.0
1629673,0022401075,1610612764,12.0,4.0,2.0,0.0,9.0,2.0,6.0,6.0
1641732,0022401075,1610612764,20.0,4.0,2.0,0.0,11.0,7.0,7.0,5.0
1641798,0022401075,1610612764,13.0,3.0,6.0,0.0,10.0,5.0,2.0,2.0
203935,0022401075,1610612764,3.0,2.0,1.0,0.0,3.0,1.0,1.0,1.0
1641774,0022401075,1610612764,8.0,0.0,6.0,2.0,10.0,4.0,0.0,0.0
1630550,0022401075,1610612764,5.0,0.0,6.0,0.0,6.0,2.0,2.0,1.0
201942,0022401074,1610612758,21,1,4,2,11,7,5,5
1631099,0022401074,1610612758,9,0,3,3,9,4,0,0
1627734,0022401074,1610612758,14,4,13,0,12,4,8,6
203897,0022401074,1610612758,10,3,2,0,8,3,3,3
1631165,0022401074,1610612758,0,1,1,0,2,0,0,0
1626168,0022401074,1610612758,4,1,7,1,4,1,2,2
1628370,0022401074,1610612758,9,2,2,0,9,4,2,0
202685,0022401074,1610612758,4,0,4,0,4,2,0,0
1628365,0022401074,1610612758,6,4,3,0,9,3,0,0
1642269,0022401074,1610612758,0,0,0,0,0,0,0,0
203926,0022401074,1610612758,8,0,0,0,7,3,0,0
1642403,0022401074,1610612758,6,0,1,0,3,3,0,0
203109,0022401074,1610612758,0,1,1,0,2,0,0,0
1642384,0022401074,1610612758,0,0,0,0,1,0,0,0
1630532,0022401074,1610612753,21,3,2,0,12,8,4,3
1631094,0022401074,1610612753,24,6,6,0,19,9,11,5
1628976,0022401074,1610612753,12,0,4,0,4,3,4,3
203484,0022401074,1610612753,8,2,3,1,8,3,1,1
202709,0022401074,1610612753,3,6,7,0,4,1,0,0
1629048,0022401074,1610612753,12,5,10,1,10,5,2,2
1631216,0022401074,1610612753,18,2,4,0,7,6,0,0
1641710,0022401074,1610612753,8,2,4,0,7,3,1,1
203914,0022401074,1610612753,2,1,2,0,4,1,0,0
1628371,0022401074,1610612753,2,1,1,0,1,1,1,0
1641783,0022401074,1610612753,3,2,2,0,5,1,0,0
1630243,0022401074,1610612753,5,1,2,0,6,2,0,0
1641724,0022401074,1610612753,3,0,2,0,2,1,0,0
1629023,0022401077,1610612742,19.0,2.0,7.0,2.0,15.0,8.0,2.0,2.0
203076,0022401077,1610612742,18.0,5.0,7.0,2.0,23.0,7.0,7.0,4.0
1630539,0022401077,1610612742,15.0,3.0,7.0,2.0,8.0,7.0,1.0,1.0
202691,0022401077,1610612742,20.0,1.0,1.0,0.0,13.0,6.0,3.0,3.0
203915,0022401077,1610612742,14.0,11.0,8.0,1.0,11.0,6.0,1.0,0.0
1630230,0022401077,1610612742,14.0,2.0,7.0,1.0,14.0,7.0,0.0,0.0
1631108,0022401077,1610612742,0.0,1.0,1.0,0.0,3.0,0.0,0.0,0.0
1630314,0022401077,1610612742,12.0,3.0,1.0,0.0,8.0,3.0,6.0,6.0
1630702,0022401077,1610612742,6.0,0.0,0.0,0.0,4.0,2.0,1.0,1.0
1628997,0022401077,1610612742,2.0,0.0,2.0,0.0,2.0,1.0,0.0,0.0
203939,0022401077,1610612742,0.0,0.0,0.0,0.0,0.0,0.0,0.0,0.0
1628989,0022401077,1610612741,8.0,6.0,3.0,0.0,9.0,3.0,2.0,1.0
1641824,0022401077,1610612741,28.0,6.0,9.0,1.0,17.0,10.0,4.0,3.0
202696,0022401077,1610612741,25.0,5.0,9.0,0.0,18.0,9.0,6.0,5.0
1629632,0022401077,1610612741,25.0,2.0,11.0,0.0,16.0,8.0,9.0,7.0
1630581,0022401077,1610612741,8.0,4.0,8.0,2.0,12.0,3.0,2.0,2.0
1630172,0022401077,1610612741,0.0,1.0,2.0,0.0,3.0,0.0,0.0,0.0
1631207,0022401077,1610612741,8.0,4.0,5.0,0.0,6.0,3.0,0.0,0.0
1628380,0022401077,1610612741,13.0,2.0,7.0,0.0,8.0,5.0,1.0,1.0
1641763,0022401077,1610612741,4.0,1.0,2.0,0.0,2.0,2.0,0.0,0.0
1630651,2022400527,1612709933,10.0,0.0,6.0,1.0,12.0,4.0,2.0,1.0
1641941,2022400527,1612709933,12.0,3.0,7.0,1.0,10.0,5.0,0.0,0.0
1631376,2022400527,1612709933,4.0,4.0,12.0,1.0,5.0,1.0,2.0,1.0
1642568,2022400527,1612709933,20.0,3.0,2.0,0.0,13.0,8.0,0.0,0.0
1630310,2022400527,1612709933,34.0,4.0,4.0,0.0,29.0,12.0,2.0,2.0
1630812,2022400527,1612709933,10.0,0.0,7.0,0.0,7.0,4.0,1.0,1.0
1631173,2022400527,1612709933,9.0,5.0,4.0,0.0,9.0,3.0,2.0,2.0
1642501,2022400527,1612709933,4.0,0.0,2.0,1.0,3.0,0.0,2.0,2.0
1642396,2022400527,1612709902,12.0,1.0,6.0,0.0,17.0,5.0,0.0,0.0
1642050,2022400527,1612709902,24.0,1.0,10.0,0.0,18.0,10.0,2.0,1.0
1630296,2022400527,1612709902,26.0,4.0,11.0,0.0,17.0,9.0,4.0,3.0
1642379,2022400527,1612709902,11.0,9.0,9.0,0.0,11.0,4.0,1.0,1.0
1641879,2022400527,1612709902,11.0,12.0,1.0,0.0,16.0,4.0,2.0,2.0
1641881,2022400527,1612709902,10.0,2.0,3.0,0.0,11.0,4.0,0.0,0.0
1642764,2022400527,1612709902,0.0,1.0,1.0,0.0,2.0,0.0,1.0,0.0
1642429,2022400527,1612709902,19.0,0.0,12.0,1.0,10.0,6.0,1.0,1.0
1642679,2022400527,1612709902,6.0,1.0,7.0,1.0,4.0,3.0,0.0,0.0
1641888,2022400522,1612709905,6.0,0.0,1.0,0.0,4.0,2.0,0.0,0.0
1626169,2022400522,1612709905,6.0,1.0,2.0,0.0,6.0,3.0,1.0,0.0
1630283,2022400522,1612709905,18.0,3.0,8.0,1.0,11.0,7.0,2.0,2.0
1642439,2022400522,1612709905,31.0,8.0,3.0,0.0,23.0,10.0,4.0,4.0
1642438,2022400522,1612709905,5.0,12.0,5.0,0.0,6.0,2.0,0.0,0.0
1642547,2022400522,1612709905,22.0,3.0,6.0,1.0,14.0,8.0,3.0,3.0
1642618,2022400522,1612709905,7.0,0.0,4.0,1.0,5.0,3.0,0.0,0.0
1641811,2022400522,1612709905,13.0,5.0,0.0,1.0,10.0,4.0,2.0,2.0
1642053,2022400522,1612709905,20.0,0.0,7.0,1.0,10.0,9.0,2.0,1.0
1631211,2022400522,1612709911,34.0,1.0,3.0,0.0,23.0,13.0,1.0,1.0
1631159,2022400522,1612709911,23.0,2.0,8.0,1.0,12.0,9.0,4.0,3.0
1642399,2022400522,1612709911,22.0,2.0,13.0,2.0,13.0,10.0,2.0,1.0
1641735,2022400522,1612709911,4.0,3.0,2.0,0.0,8.0,2.0,0.0,0.0
1641803,2022400522,1612709911,16.0,5.0,5.0,0.0,11.0,6.0,0.0,0.0
1641526,2022400522,1612709911,15.0,2.0,9.0,0.0,13.0,5.0,3.0,1.0
1630219,2022400522,1612709911,12.0,7.0,1.0,0.0,9.0,4.0,1.0,1.0
1642475,2022400522,1612709911,10.0,0.0,4.0,1.0,5.0,3.0,2.0,2.0
1642554,2022400522,1612709911,3.0,2.0,0.0,0.0,3.0,1.0,0.0,0.0
1641796,0022401076,1610612748,14.0,4.0,6.0,2.0,11.0,5.0,3.0,2.0
1628389,0022401076,1610612748,16.0,5.0,7.0,0.0,14.0,5.0,5.0,4.0
1642276,0022401076,1610612748,13.0,2.0,14.0,2.0,6.0,6.0,0.0,0.0
202692,0022401076,1610612748,20.0,0.0,3.0,0.0,13.0,7.0,0.0,0.0
1629639,0022401076,1610612748,30.0,7.0,3.0,0.0,17.0,11.0,3.0,3.0
1629312,0022401076,1610612748,13.0,3.0,6.0,0.0,9.0,5.0,0.0,0.0
1630558,0022401076,1610612748,6.0,8.0,1.0,0.0,8.0,2.0,2.0,1.0
203937,0022401076,1610612748,6.0,2.0,4.0,0.0,11.0,3.0,0.0,0.0
1626179,0022401076,1610612748,0.0,1.0,1.0,0.0,2.0,0.0,0.0,0.0
1630528,0022401076,1610612748,0.0,0.0,1.0,0.0,2.0,0.0,0.0,0.0
1641815,0022401076,1610612748,0.0,0.0,0.0,0.0,0.0,0.0,0.0,0.0
1631170,0022401076,1610612748,0.0,1.0,0.0,0.0,0.0,0.0,0.0,0.0
1642352,0022401076,1610612748,0.0,0.0,1.0,0.0,0.0,0.0,0.0,0.0
1642348,0022401076,1610612755,17.0,3.0,3.0,0.0,10.0,6.0,2.0,1.0
1627824,0022401076,1610612755,1.0,3.0,5.0,1.0,1.0,0.0,4.0,1.0
1641737,0022401076,1610612755,16.0,1.0,10.0,3.0,9.0,8.0,0.0,0.0
1629656,0022401076,1610612755,15.0,3.0,4.0,0.0,14.0,6.0,1.0,0.0
1630215,0022401076,1610612755,19.0,10.0,2.0,0.0,12.0,7.0,3.0,1.0
1641741,0022401076,1610612755,13.0,4.0,6.0,0.0,12.0,5.0,4.0,3.0
1641720,0022401076,1610612755,2.0,2.0,0.0,0.0,3.0,1.0,0.0,0.0
1629022,0022401076,1610612755,10.0,2.0,1.0,0.0,9.0,4.0,0.0,0.0
1630542,0022401076,1610612755,2.0,0.0,5.0,3.0,3.0,1.0,0.0,0.0
1630762,0022401076,1610612755,0.0,0.0,1.0,0.0,3.0,0.0,0.0,0.0
1631247,2022400519,1612709893,11.0,11.0,11.0,3.0,14.0,5.0,2.0,1.0
1631436,2022400519,1612709893,2.0,2.0,4.0,1.0,2.0,1.0,1.0,0.0
1641772,2022400519,1612709893,41.0,4.0,14.0,2.0,30.0,17.0,3.0,2.0
1631262,2022400519,1612709893,29.0,4.0,5.0,1.0,16.0,10.0,3.0,3.0
1631395,2022400519,1612709893,7.0,2.0,3.0,1.0,8.0,3.0,0.0,0.0
1631449,2022400519,1612709893,11.0,1.0,10.0,0.0,7.0,5.0,3.0,1.0
1630190,2022400519,1612709893,14.0,1.0,7.0,0.0,19.0,5.0,0.0,0.0
1642619,2022400519,1612709893,7.0,2.0,4.0,0.0,3.0,2.0,1.0,1.0
1642068,2022400519,1612709893,4.0,3.0,3.0,0.0,8.0,1.0,1.0,1.0
1642609,2022400519,1612709893,2.0,0.0,2.0,0.0,3.0,1.0,0.0,0.0
1630286,2022400519,1612709921,12.0,5.0,7.0,0.0,13.0,3.0,4.0,2.0
1641893,2022400519,1612709921,6.0,0.0,5.0,1.0,8.0,3.0,1.0,0.0
1642573,2022400519,1612709921,25.0,1.0,9.0,3.0,15.0,10.0,6.0,3.0
1642378,2022400519,1612709921,30.0,6.0,2.0,1.0,29.0,12.0,4.0,3.0
1642678,2022400519,1612709921,3.0,4.0,7.0,0.0,9.0,1.0,0.0,0.0
1642070,2022400519,1612709921,4.0,0.0,6.0,0.0,5.0,2.0,0.0,0.0
1642561,2022400519,1612709921,9.0,1.0,9.0,1.0,12.0,4.0,1.0,0.0
1630697,2022400519,1612709921,4.0,0.0,7.0,1.0,4.0,2.0,0.0,0.0
1631286,2022400525,1612709924,4.0,5.0,5.0,0.0,12.0,2.0,1.0,0.0
1642280,2022400525,1612709924,15.0,8.0,4.0,1.0,14.0,7.0,1.0,0.0
1631116,2022400525,1612709924,30.0,3.0,8.0,0.0,16.0,10.0,3.0,3.0
1642353,2022400525,1612709924,31.0,5.0,7.0,0.0,22.0,11.0,2.0,2.0
1630618,2022400525,1612709924,17.0,3.0,8.0,0.0,10.0,6.0,1.0,1.0
1631167,2022400525,1612709924,6.0,3.0,4.0,0.0,10.0,2.0,1.0,1.0
1642584,2022400525,1612709924,8.0,1.0,2.0,0.0,5.0,4.0,0.0,0.0
1641862,2022400525,1612709924,0.0,0.0,3.0,0.0,0.0,0.0,0.0,0.0
1642669,2022400525,1612709924,2.0,0.0,6.0,0.0,2.0,1.0,1.0,0.0
1630675,2022400525,1612709924,4.0,2.0,1.0,0.0,4.0,2.0,0.0,0.0
1642522,2022400525,1612709924,2.0,0.0,0.0,0.0,1.0,1.0,0.0,0.0
1630649,2022400525,1612709927,31.0,1.0,3.0,1.0,20.0,11.0,3.0,3.0
1631250,2022400525,1612709927,11.0,1.0,5.0,0.0,8.0,4.0,1.0,1.0
1627740,2022400525,1612709927,20.0,6.0,9.0,1.0,12.0,8.0,2.0,2.0
1629808,2022400525,1612709927,25.0,6.0,3.0,0.0,11.0,8.0,6.0,4.0
1631123,2022400525,1612709927,16.0,12.0,1.0,0.0,10.0,5.0,2.0,2.0
1631219,2022400525,1612709927,6.0,1.0,3.0,2.0,5.0,2.0,0.0,0.0
1631400,2022400525,1612709927,8.0,5.0,0.0,0.0,7.0,3.0,0.0,0.0
1630641,2022400525,1612709927,4.0,1.0,3.0,0.0,3.0,2.0,0.0,0.0
1642667,2022400525,1612709927,3.0,2.0,1.0,0.0,2.0,1.0,1.0,0.0
1642395,2022400525,1612709927,0.0,0.0,3.0,0.0,0.0,0.0,0.0,0.0
1642359,2022400517,1612709919,21.0,6.0,3.0,2.0,12.0,4.0,6.0,6.0
1629643,2022400517,1612709919,12.0,3.0,8.0,3.0,11.0,3.0,1.0,1.0
1629650,2022400517,1612709919,23.0,1.0,18.0,3.0,11.0,9.0,9.0,3.0
1631098,2022400517,1612709919,19.0,1.0,12.0,1.0,15.0,7.0,3.0,2.0
1642486,2022400517,1612709919,12.0,4.0,4.0,0.0,13.0,4.0,1.0,1.0
1641924,2022400517,1612709919,6.0,3.0,2.0,0.0,6.0,2.0,3.0,1.0
1630733,2022400517,1612709919,11.0,0.0,3.0,1.0,7.0,4.0,0.0,0.0
1631499,2022400517,1612709919,4.0,1.0,1.0,0.0,6.0,2.0,0.0,0.0
1641917,2022400517,1612709928,15.0,4.0,6.0,0.0,13.0,5.0,2.0,1.0
1629667,2022400517,1612709928,24.0,1.0,6.0,0.0,15.0,8.0,3.0,2.0
1630701,2022400517,1612709928,18.0,4.0,8.0,0.0,13.0,7.0,3.0,2.0
1641778,2022400517,1612709928,5.0,2.0,4.0,0.0,4.0,2.0,0.0,0.0
1630184,2022400517,1612709928,7.0,6.0,8.0,0.0,15.0,3.0,0.0,0.0
203145,2022400517,1612709928,9.0,2.0,4.0,0.0,13.0,3.0,1.0,1.0
1631485,2022400517,1612709928,0.0,0.0,0.0,0.0,1.0,0.0,0.0,0.0
1641907,2022400517,1612709928,18.0,4.0,4.0,2.0,14.0,7.0,2.0,2.0
1642541,2022400517,1612709928,1.0,0.0,0.0,0.0,0.0,0.0,2.0,1.0
1630561,2022400526,1612709890,21.0,2.0,8.0,0.0,13.0,8.0,1.0,1.0
1631127,2022400526,1612709890,18.0,4.0,7.0,0.0,10.0,7.0,2.0,2.0
1642563,2022400526,1612709890,12.0,3.0,8.0,1.0,5.0,4.0,2.0,2.0
1630667,2022400526,1612709890,29.0,5.0,3.0,0.0,14.0,10.0,1.0,1.0
1642392,2022400526,1612709890,20.0,5.0,3.0,0.0,17.0,8.0,2.0,1.0
1642496,2022400526,1612709890,4.0,0.0,1.0,1.0,4.0,2.0,0.0,0.0
1641988,2022400526,1612709890,3.0,1.0,7.0,0.0,9.0,1.0,0.0,0.0
1642755,2022400526,1612709890,3.0,3.0,7.0,0.0,9.0,1.0,0.0,0.0
1629051,2022400526,1612709890,9.0,1.0,3.0,0.0,8.0,3.0,2.0,1.0
1642684,2022400526,1612709890,2.0,0.0,4.0,0.0,5.0,1.0,0.0,0.0
1642565,2022400526,1612709890,8.0,1.0,3.0,0.0,6.0,3.0,0.0,0.0
1629015,2022400526,1612709918,14.0,0.0,2.0,1.0,9.0,5.0,3.0,2.0
1641986,2022400526,1612709918,21.0,3.0,7.0,0.0,17.0,6.0,4.0,4.0
1642499,2022400526,1612709918,6.0,2.0,4.0,0.0,4.0,3.0,1.0,0.0
1642691,2022400526,1612709918,2.0,3.0,4.0,0.0,5.0,1.0,0.0,0.0
1641789,2022400526,1612709918,14.0,2.0,7.0,1.0,13.0,6.0,1.0,1.0
1631160,2022400526,1612709918,27.0,8.0,2.0,1.0,19.0,11.0,2.0,2.0
1642481,2022400526,1612709918,8.0,1.0,13.0,4.0,5.0,2.0,3.0,2.0
1642085,2022400526,1612709918,13.0,2.0,2.0,2.0,11.0,5.0,0.0,0.0
1642540,2022400526,1612709918,2.0,1.0,2.0,0.0,3.0,1.0,0.0,0.0
1642046,2022400511,1612709889,3.0,2.0,6.0,0.0,11.0,1.0,0.0,0.0
1642502,2022400511,1612709889,10.0,2.0,7.0,2.0,9.0,4.0,1.0,1.0
1631489,2022400511,1612709889,8.0,0.0,5.0,3.0,5.0,3.0,1.0,1.0
1631451,2022400511,1612709889,28.0,4.0,4.0,0.0,15.0,8.0,3.0,3.0
1641991,2022400511,1612709889,14.0,4.0,3.0,0.0,11.0,6.0,1.0,1.0
1630186,2022400511,1612709889,20.0,5.0,7.0,0.0,16.0,8.0,2.0,1.0
1642504,2022400511,1612709889,9.0,1.0,8.0,0.0,11.0,2.0,2.0,2.0
1641939,2022400511,1612709889,6.0,1.0,3.0,1.0,6.0,3.0,0.0,0.0
1642637,2022400511,1612709889,9.0,1.0,4.0,0.0,6.0,3.0,1.0,1.0
1630528,2022400511,1612709904,24.0,1.0,3.0,0.0,15.0,9.0,3.0,3.0
1629642,2022400511,1612709904,12.0,3.0,7.0,1.0,9.0,5.0,1.0,0.0
1642352,2022400511,1612709904,14.0,2.0,9.0,1.0,11.0,5.0,2.0,2.0
1631214,2022400511,1612709904,21.0,6.0,5.0,2.0,17.0,7.0,5.0,5.0
1641815,2022400511,1612709904,6.0,8.0,3.0,0.0,11.0,2.0,1.0,1.0
1642514,2022400511,1612709904,4.0,0.0,5.0,1.0,5.0,2.0,0.0,0.0
1641915,2022400511,1612709904,7.0,0.0,3.0,1.0,6.0,3.0,2.0,0.0
203503,2022400511,1612709904,3.0,3.0,2.0,0.0,2.0,1.0,0.0,0.0
1641985,2022400511,1612709904,20.0,2.0,4.0,0.0,11.0,6.0,2.0,2.0
1631301,2022400506,1612709922,22.0,1.0,6.0,0.0,13.0,5.0,6.0,4.0
1641749,2022400506,1612709922,17.0,4.0,10.0,0.0,17.0,7.0,3.0,3.0
1629617,2022400506,1612709922,18.0,4.0,7.0,1.0,14.0,5.0,3.0,3.0
1630585,2022400506,1612709922,8.0,5.0,4.0,0.0,4.0,3.0,2.0,2.0
1641878,2022400506,1612709922,13.0,4.0,6.0,0.0,10.0,5.0,3.0,3.0
1641799,2022400506,1612709922,11.0,0.0,6.0,0.0,7.0,5.0,0.0,0.0
1630640,2022400506,1612709922,11.0,0.0,2.0,1.0,11.0,4.0,0.0,0.0
1631474,2022400506,1612709922,4.0,3.0,3.0,0.0,5.0,2.0,0.0,0.0
1642531,2022400506,1612709922,8.0,0.0,11.0,0.0,3.0,2.0,3.0,2.0
1631342,2022400506,1612709929,10.0,1.0,1.0,1.0,9.0,4.0,0.0,0.0
1631210,2022400506,1612709929,11.0,7.0,9.0,1.0,12.0,5.0,0.0,0.0
1628387,2022400506,1612709929,6.0,2.0,6.0,1.0,5.0,3.0,0.0,0.0
1630275,2022400506,1612709929,17.0,1.0,3.0,1.0,11.0,5.0,4.0,3.0
1642605,2022400506,1612709929,8.0,5.0,8.0,0.0,13.0,3.0,0.0,0.0
1630284,2022400506,1612709929,21.0,5.0,3.0,0.0,14.0,6.0,6.0,5.0
1641792,2022400506,1612709929,5.0,2.0,1.0,0.0,4.0,2.0,1.0,0.0
1641935,2022400506,1612709929,16.0,5.0,5.0,0.0,16.0,6.0,1.0,1.0
1641848,2022400506,1612709929,7.0,0.0,3.0,0.0,8.0,3.0,1.0,0.0
1641934,2022400506,1612709929,0.0,1.0,0.0,0.0,0.0,0.0,0.0,0.0
1630171,0022401067,1610612739,7.0,0.0,3.0,0.0,2.0,1.0,8.0,5.0
1630596,0022401067,1610612739,9.0,4.0,6.0,2.0,10.0,3.0,2.0,1.0
1628386,0022401067,1610612739,8.0,0.0,4.0,1.0,7.0,4.0,0.0,0.0
1628378,0022401067,1610612739,38.0,3.0,5.0,0.0,24.0,12.0,13.0,11.0
1629636,0022401067,1610612739,21.0,6.0,5.0,0.0,17.0,7.0,2.0,2.0
1630241,0022401067,1610612739,6.0,0.0,4.0,0.0,5.0,2.0,0.0,0.0
1629631,0022401067,1610612739,11.0,0.0,3.0,0.0,7.0,3.0,6.0,5.0
1629731,0022401067,1610612739,10.0,1.0,2.0,0.0,5.0,3.0,3.0,2.0
1629750,0022401067,1610612739,1.0,0.0,4.0,0.0,1.0,0.0,2.0,1.0
1641854,0022401067,1610612739,9.0,2.0,5.0,0.0,5.0,3.0,2.0,2.0
202684,0022401067,1610612739,2.0,0.0,0.0,0.0,1.0,1.0,0.0,0.0
203501,0022401067,1610612765,32.0,3.0,1.0,0.0,18.0,10.0,5.0,5.0
1641709,0022401067,1610612765,18.0,2.0,10.0,4.0,18.0,8.0,2.0,2.0
1631105,0022401067,1610612765,16.0,0.0,13.0,1.0,9.0,6.0,6.0,4.0
1627736,0022401067,1610612765,19.0,4.0,4.0,0.0,10.0,4.0,8.0,8.0
203471,0022401067,1610612765,17.0,10.0,7.0,0.0,14.0,5.0,7.0,6.0
1631204,0022401067,1610612765,4.0,4.0,1.0,0.0,9.0,1.0,2.0,1.0
1631323,0022401067,1610612765,3.0,0.0,1.0,0.0,3.0,1.0,0.0,0.0
1630191,0022401067,1610612765,14.0,1.0,4.0,0.0,6.0,5.0,5.0,4.0
1641842,0022401067,1610612765,10.0,1.0,2.0,0.0,5.0,4.0,0.0,0.0
1642262,0022401073,1610612762,2.0,2.0,1.0,0.0,6.0,1.0,0.0,0.0
1642271,0022401073,1610612762,18.0,1.0,13.0,0.0,12.0,7.0,5.0,3.0
1631131,0022401073,1610612762,7.0,1.0,10.0,0.0,5.0,2.0,3.0,3.0
1629012,0022401073,1610612762,20.0,2.0,1.0,0.0,18.0,8.0,4.0,3.0
1642268,0022401073,1610612762,3.0,7.0,3.0,0.0,7.0,0.0,4.0,3.0
1641718,0022401073,1610612762,18.0,4.0,4.0,0.0,17.0,5.0,6.0,6.0
1630231,0022401073,1610612762,0.0,2.0,0.0,0.0,4.0,0.0,0.0,0.0
1630548,0022401073,1610612762,10.0,1.0,4.0,0.0,7.0,4.0,2.0,2.0
1641729,0022401073,1610612762,12.0,1.0,5.0,0.0,12.0,5.0,0.0,0.0
1629004,0022401073,1610612762,3.0,0.0,1.0,0.0,5.0,1.0,0.0,0.0
1629008,0022401073,1610612743,20.0,4.0,4.0,4.0,10.0,7.0,2.0,2.0
203932,0022401073,1610612743,6.0,5.0,5.0,0.0,4.0,2.0,4.0,1.0
203999,0022401073,1610612743,27.0,6.0,14.0,0.0,18.0,8.0,12.0,10.0
1631212,0022401073,1610612743,8.0,4.0,5.0,3.0,9.0,4.0,0.0,0.0
1631128,0022401073,1610612743,16.0,2.0,4.0,0.0,11.0,7.0,2.0,2.0
201566,0022401073,1610612743,17.0,7.0,2.0,0.0,10.0,6.0,5.0,4.0
1630192,0022401073,1610612743,10.0,1.0,1.0,3.0,3.0,3.0,2.0,2.0
1629618,0022401073,1610612743,0.0,4.0,4.0,0.0,2.0,0.0,0.0,0.0
1642461,0022401073,1610612743,0.0,1.0,1.0,0.0,1.0,0.0,0.0,0.0
201599,0022401073,1610612743,11.0,1.0,1.0,2.0,5.0,5.0,1.0,1.0
1641816,0022401073,1610612743,3.0,1.0,1.0,1.0,3.0,1.0,0.0,0.0
1641790,0022401073,1610612743,7.0,0.0,3.0,0.0,4.0,3.0,0.0,0.0
1641725,0022401073,1610612743,4.0,2.0,0.0,0.0,3.0,2.0,0.0,0.0
201142,0022401071,1610612756,23.0,2.0,6.0,2.0,19.0,7.0,6.0,6.0
1642346,0022401071,1610612756,9.0,1.0,3.0,1.0,5.0,3.0,0.0,0.0
1630208,0022401071,1610612756,3.0,0.0,4.0,0.0,2.0,1.0,2.0,1.0
1626164,0022401071,1610612756,10.0,6.0,0.0,0.0,14.0,4.0,3.0,2.0
1631221,0022401071,1610612756,22.0,10.0,5.0,0.0,11.0,9.0,0.0,0.0
1642345,0022401071,1610612756,6.0,2.0,4.0,1.0,4.0,3.0,0.0,0.0
1628960,0022401071,1610612756,3.0,0.0,2.0,0.0,1.0,1.0,0.0,0.0
1626145,0022401071,1610612756,8.0,4.0,4.0,0.0,8.0,4.0,0.0,0.0
1628998,0022401071,1610612756,4.0,1.0,4.0,0.0,3.0,2.0,2.0,0.0
1626220,0022401071,1610612756,21.0,2.0,2.0,0.0,12.0,7.0,0.0,0.0
1630183,0022401071,1610612750,16.0,1.0,3.0,1.0,10.0,6.0,3.0,2.0
203944,0022401071,1610612750,25.0,8.0,6.0,1.0,15.0,9.0,5.0,5.0
203497,0022401071,1610612750,17.0,1.0,13.0,1.0,9.0,8.0,2.0,1.0
1630162,0022401071,1610612750,20.0,5.0,4.0,0.0,19.0,8.0,0.0,0.0
201144,0022401071,1610612750,13.0,4.0,3.0,1.0,10.0,5.0,0.0,0.0
1629675,0022401071,1610612750,9.0,4.0,7.0,0.0,7.0,3.0,0.0,0.0
1628978,0022401071,1610612750,13.0,5.0,2.0,0.0,9.0,4.0,2.0,2.0
1629638,0022401071,1610612750,8.0,3.0,3.0,0.0,8.0,3.0,1.0,1.0
1641740,0022401071,1610612750,3.0,0.0,2.0,0.0,2.0,1.0,0.0,0.0
1630342,2022400508,1612709913,18.0,3.0,6.0,0.0,15.0,7.0,0.0,0.0
1631462,2022400508,1612709913,9.0,3.0,5.0,0.0,11.0,3.0,1.0,1.0
1630272,2022400508,1612709913,13.0,4.0,9.0,2.0,11.0,6.0,0.0,0.0
1628432,2022400508,1612709913,28.0,6.0,5.0,0.0,17.0,7.0,6.0,6.0
1630622,2022400508,1612709913,26.0,9.0,1.0,0.0,19.0,10.0,0.0,0.0
1629955,2022400508,1612709913,13.0,10.0,3.0,0.0,6.0,4.0,1.0,1.0
1642771,2022400508,1612709913,7.0,0.0,1.0,1.0,4.0,3.0,1.0,0.0
204105,2022400508,1612709913,8.0,1.0,4.0,0.0,6.0,3.0,0.0,0.0
1631457,2022400508,1612709925,14.0,3.0,8.0,0.0,11.0,6.0,1.0,1.0
1642066,2022400508,1612709925,5.0,2.0,6.0,1.0,6.0,2.0,0.0,0.0
1641771,2022400508,1612709925,14.0,5.0,8.0,0.0,8.0,4.0,3.0,3.0
1630679,2022400508,1612709925,8.0,3.0,7.0,0.0,9.0,2.0,3.0,2.0
1630644,2022400508,1612709925,46.0,5.0,5.0,0.0,25.0,16.0,6.0,6.0
1630606,2022400508,1612709925,14.0,4.0,3.0,0.0,11.0,6.0,0.0,0.0
1641918,2022400508,1612709925,9.0,0.0,3.0,0.0,4.0,3.0,1.0,1.0
1629633,2022400508,1612709925,14.0,1.0,4.0,1.0,9.0,4.0,2.0,2.0
1628404,0022401070,1610612752,13.0,8.0,14.0,1.0,8.0,5.0,5.0,3.0
1628384,0022401070,1610612752,31.0,2.0,2.0,0.0,21.0,9.0,10.0,10.0
1626157,0022401070,1610612752,14.0,1.0,10.0,0.0,16.0,6.0,1.0,1.0
1628969,0022401070,1610612752,26.0,5.0,3.0,0.0,24.0,12.0,0.0,0.0
1626153,0022401070,1610612752,12.0,4.0,3.0,0.0,9.0,5.0,0.0,0.0
1629011,0022401070,1610612752,2.0,1.0,10.0,0.0,2.0,1.0,0.0,0.0
1629013,0022401070,1610612752,13.0,2.0,0.0,0.0,8.0,5.0,0.0,0.0
1642278,0022401070,1610612752,5.0,5.0,0.0,0.0,4.0,2.0,0.0,0.0
1630173,0022401070,1610612752,0.0,0.0,2.0,0.0,1.0,0.0,0.0,0.0
1628398,0022401070,1610612749,20.0,3.0,5.0,0.0,16.0,8.0,4.0,3.0
203507,0022401070,1610612749,30.0,7.0,9.0,0.0,17.0,11.0,11.0,8.0
201572,0022401070,1610612749,7.0,6.0,5.0,2.0,5.0,3.0,2.0,0.0
1627752,0022401070,1610612749,3.0,2.0,3.0,1.0,4.0,1.0,0.0,0.0
1631157,0022401070,1610612749,20.0,4.0,5.0,0.0,12.0,8.0,2.0,1.0
1629018,0022401070,1610612749,14.0,0.0,1.0,0.0,11.0,5.0,0.0,0.0
1629645,0022401070,1610612749,2.0,2.0,2.0,0.0,3.0,1.0,0.0,0.0
1631260,0022401070,1610612749,8.0,0.0,2.0,0.0,6.0,3.0,0.0,0.0
1641890,0022401070,1610612749,3.0,0.0,0.0,0.0,1.0,1.0,0.0,0.0
1641748,0022401070,1610612749,0.0,0.0,0.0,0.0,0.0,0.0,0.0,0.0
1642280,2022400512,1612709924,22.0,2.0,5.0,0.0,13.0,7.0,5.0,4.0
1631116,2022400512,1612709924,14.0,2.0,10.0,0.0,10.0,6.0,3.0,0.0
1641862,2022400512,1612709924,6.0,2.0,6.0,1.0,6.0,3.0,0.0,0.0
1642353,2022400512,1612709924,12.0,1.0,3.0,1.0,17.0,5.0,1.0,0.0
1630618,2022400512,1612709924,9.0,4.0,0.0,0.0,10.0,3.0,1.0,1.0
1631286,2022400512,1612709924,10.0,5.0,5.0,0.0,9.0,4.0,0.0,0.0
1631167,2022400512,1612709924,14.0,1.0,7.0,0.0,10.0,6.0,2.0,1.0
1642584,2022400512,1612709924,0.0,2.0,3.0,0.0,0.0,0.0,1.0,0.0
1642522,2022400512,1612709924,4.0,0.0,0.0,0.0,3.0,2.0,0.0,0.0
1642669,2022400512,1612709924,0.0,0.0,0.0,0.0,0.0,0.0,0.0,0.0
1630675,2022400512,1612709924,4.0,1.0,1.0,0.0,4.0,2.0,1.0,0.0
1631219,2022400512,1612709927,10.0,2.0,4.0,1.0,10.0,4.0,0.0,0.0
1627740,2022400512,1612709927,30.0,2.0,8.0,0.0,22.0,13.0,2.0,2.0
1630641,2022400512,1612709927,9.0,0.0,5.0,1.0,4.0,3.0,2.0,2.0
1626159,2022400512,1612709927,20.0,3.0,6.0,1.0,17.0,8.0,2.0,2.0
1629808,2022400512,1612709927,10.0,11.0,11.0,1.0,9.0,4.0,1.0,1.0
1629056,2022400512,1612709927,17.0,2.0,9.0,0.0,15.0,6.0,1.0,1.0
1631231,2022400512,1612709927,6.0,2.0,2.0,0.0,4.0,2.0,2.0,1.0
1631400,2022400512,1612709927,5.0,3.0,2.0,0.0,5.0,2.0,0.0,0.0
1642667,2022400512,1612709927,0.0,0.0,0.0,0.0,0.0,0.0,0.0,0.0
1626181,0022401068,1610612746,11,5,2,0,9,3,4,3
202695,0022401068,1610612746,31,2,6,2,14,10,6,6
1627826,0022401068,1610612746,21,1,12,1,9,9,4,3
1627739,0022401068,1610612746,9,2,4,0,5,3,2,2
201935,0022401068,1610612746,17,6,2,0,10,6,3,3
203992,0022401068,1610612746,8,9,6,0,10,3,0,0
201587,0022401068,1610612746,9,0,4,0,4,3,0,0
1627732,0022401068,1610612746,0,3,3,0,3,0,0,0
1627884,0022401068,1610612746,6,0,3,0,7,3,0,0
1629599,0022401068,1610612746,5,1,1,0,4,1,2,2
1629234,0022401068,1610612746,0,0,5,1,0,0,0,0
1641738,0022401068,1610612746,1,0,0,0,1,0,2,1
201988,0022401068,1610612746,14,0,0,0,4,3,5,5
1629661,0022401068,1610612751,11,6,0,0,8,3,4,4
1630533,0022401068,1610612751,6,1,3,1,6,2,1,1
1629651,0022401068,1610612751,6,1,5,2,7,3,0,0
1630553,0022401068,1610612751,13,2,1,0,11,5,0,0
1626156,0022401068,1610612751,5,2,2,0,7,2,0,0
1631213,0022401068,1610612751,6,1,4,0,7,2,0,0
1630592,0022401068,1610612751,8,2,7,0,10,1,8,6
1630570,0022401068,1610612751,6,5,5,0,8,3,0,0
1641727,0022401068,1610612751,5,0,1,0,5,2,0,0
1631166,0022401068,1610612751,11,1,10,0,6,4,3,2
1641787,0022401068,1610612751,4,3,3,0,3,1,2,1
1630623,0022401068,1610612751,8,1,0,0,7,3,0,0
1641721,0022401068,1610612751,5,1,2,0,3,2,2,0
1641736,0022401068,1610612751,6,1,0,0,1,0,6,6
1630678,2022400510,1612709914,16.0,5.0,6.0,1.0,16.0,7.0,0.0,0.0
1641926,2022400510,1612709914,20.0,1.0,3.0,1.0,17.0,7.0,2.0,2.0
1627746,2022400510,1612709914,16.0,2.0,13.0,1.0,11.0,6.0,2.0,2.0
1630222,2022400510,1612709914,26.0,7.0,5.0,0.0,20.0,10.0,3.0,2.0
1631399,2022400510,1612709914,3.0,4.0,2.0,0.0,7.0,1.0,0.0,0.0
1642606,2022400510,1612709914,0.0,1.0,1.0,0.0,1.0,0.0,0.0,0.0
1626184,2022400510,1612709914,2.0,3.0,1.0,0.0,5.0,1.0,0.0,0.0
1628968,2022400510,1612709914,19.0,0.0,6.0,0.0,8.0,7.0,1.0,1.0
1642428,2022400510,1612709914,0.0,1.0,1.0,0.0,0.0,0.0,0.0,0.0
1631257,2022400510,1612709908,15.0,1.0,3.0,0.0,7.0,5.0,2.0,1.0
1629098,2022400510,1612709908,0.0,2.0,3.0,0.0,5.0,0.0,0.0,0.0
1642368,2022400510,1612709908,20.0,0.0,19.0,1.0,15.0,9.0,3.0,2.0
1630227,2022400510,1612709908,8.0,6.0,3.0,0.0,13.0,3.0,1.0,0.0
1631466,2022400510,1612709908,24.0,7.0,6.0,1.0,22.0,11.0,0.0,0.0
1627748,2022400510,1612709908,4.0,0.0,2.0,1.0,2.0,2.0,0.0,0.0
1631223,2022400510,1612709908,22.0,3.0,6.0,0.0,13.0,8.0,3.0,2.0
1641806,2022400510,1612709908,13.0,10.0,2.0,0.0,14.0,5.0,3.0,1.0
1642591,2022400510,1612709908,7.0,1.0,3.0,0.0,5.0,2.0,1.0,1.0
1630541,0022401072,1610612744,7.0,1.0,1.0,0.0,7.0,3.0,0.0,0.0
202710,0022401072,1610612744,18.0,4.0,10.0,0.0,13.0,6.0,7.0,5.0
203110,0022401072,1610612744,6.0,6.0,5.0,1.0,6.0,2.0,2.0,2.0
1641764,0022401072,1610612744,10.0,2.0,6.0,0.0,11.0,4.0,2.0,1.0
201939,0022401072,1610612744,23.0,6.0,4.0,0.0,21.0,7.0,5.0,4.0
1630228,0022401072,1610612744,16.0,3.0,8.0,0.0,9.0,5.0,8.0,6.0
1630611,0022401072,1610612744,5.0,1.0,1.0,0.0,5.0,2.0,2.0,1.0
1627741,0022401072,1610612744,11.0,3.0,3.0,0.0,8.0,4.0,1.0,1.0
1642366,0022401072,1610612744,15.0,2.0,6.0,0.0,11.0,5.0,2.0,2.0
1626172,0022401072,1610612744,0.0,1.0,6.0,0.0,1.0,0.0,0.0,0.0
1630311,0022401072,1610612744,0.0,0.0,0.0,0.0,0.0,0.0,0.0,0.0
1628995,0022401072,1610612744,0.0,0.0,0.0,0.0,0.0,0.0,0.0,0.0
1628971,0022401072,1610612740,18.0,1.0,7.0,2.0,11.0,6.0,4.0,4.0
203482,0022401072,1610612740,6.0,2.0,6.0,0.0,7.0,0.0,6.0,6.0
1642274,0022401072,1610612740,12.0,0.0,10.0,1.0,7.0,3.0,8.0,6.0
1641722,0022401072,1610612740,8.0,1.0,5.0,0.0,10.0,2.0,2.0,2.0
1630631,0022401072,1610612740,10.0,4.0,3.0,1.0,12.0,4.0,3.0,2.0
1630526,0022401072,1610612740,11.0,2.0,2.0,0.0,9.0,5.0,0.0,0.0
203901,0022401072,1610612740,4.0,10.0,5.0,0.0,7.0,2.0,1.0,0.0
1631255,0022401072,1610612740,10.0,2.0,3.0,1.0,7.0,5.0,0.0,0.0
1641810,0022401072,1610612740,5.0,1.0,2.0,0.0,4.0,2.0,2.0,1.0
1631232,0022401072,1610612740,11.0,1.0,3.0,0.0,7.0,4.0,2.0,1.0
1631247,2022400507,1612709893,22.0,8.0,17.0,2.0,18.0,8.0,7.0,4.0
1630624,2022400507,1612709893,21.0,4.0,9.0,2.0,14.0,6.0,4.0,4.0
1641772,2022400507,1612709893,28.0,1.0,10.0,2.0,17.0,10.0,4.0,4.0
1631262,2022400507,1612709893,16.0,3.0,5.0,1.0,16.0,5.0,8.0,6.0
1631395,2022400507,1612709893,5.0,5.0,2.0,0.0,4.0,2.0,0.0,0.0
1630190,2022400507,1612709893,8.0,1.0,3.0,0.0,9.0,3.0,1.0,0.0
1631449,2022400507,1612709893,14.0,1.0,8.0,2.0,8.0,7.0,0.0,0.0
1642619,2022400507,1612709893,7.0,0.0,1.0,0.0,4.0,2.0,1.0,1.0
1642068,2022400507,1612709893,0.0,2.0,0.0,0.0,2.0,0.0,0.0,0.0
1630286,2022400507,1612709921,22.0,7.0,9.0,0.0,22.0,10.0,1.0,1.0
1641893,2022400507,1612709921,20.0,1.0,19.0,0.0,14.0,10.0,3.0,0.0
1642573,2022400507,1612709921,10.0,0.0,7.0,0.0,12.0,3.0,2.0,2.0
1642378,2022400507,1612709921,16.0,8.0,3.0,0.0,24.0,7.0,0.0,0.0
1642011,2022400507,1612709921,0.0,1.0,1.0,0.0,3.0,0.0,0.0,0.0
1630697,2022400507,1612709921,7.0,1.0,1.0,3.0,5.0,3.0,0.0,0.0
1642678,2022400507,1612709921,22.0,7.0,6.0,0.0,14.0,7.0,1.0,1.0
1642561,2022400507,1612709921,2.0,0.0,3.0,1.0,3.0,1.0,0.0,0.0
1642070,2022400507,1612709921,15.0,0.0,3.0,0.0,10.0,7.0,0.0,0.0
1630182,0022401069,1610612766,5.0,1.0,2.0,1.0,7.0,2.0,1.0,1.0
1628970,0022401069,1610612766,11.0,6.0,4.0,1.0,20.0,4.0,2.0,2.0
1631109,0022401069,1610612766,18.0,5.0,12.0,1.0,9.0,9.0,0.0,0.0
1629610,0022401069,1610612766,15.0,2.0,5.0,1.0,9.0,6.0,0.0,0.0
1642354,0022401069,1610612766,14.0,3.0,2.0,0.0,11.0,5.0,2.0,1.0
1641733,0022401069,1610612766,7.0,3.0,1.0,0.0,14.0,2.0,2.0,2.0
203552,0022401069,1610612766,2.0,3.0,4.0,0.0,6.0,1.0,0.0,0.0
203994,0022401069,1610612766,4.0,5.0,6.0,0.0,6.0,1.0,2.0,1.0
1642275,0022401069,1610612766,12.0,1.0,14.0,0.0,8.0,5.0,3.0,2.0
1631217,0022401069,1610612766,9.0,0.0,6.0,1.0,6.0,4.0,3.0,1.0
1642419,0022401069,1610612761,2.0,2.0,4.0,0.0,7.0,1.0,0.0,0.0
1630567,0022401069,1610612761,18.0,6.0,6.0,1.0,14.0,6.0,6.0,4.0
1627751,0022401069,1610612761,24.0,3.0,12.0,1.0,14.0,12.0,1.0,0.0
1642266,0022401069,1610612761,11.0,1.0,2.0,0.0,8.0,3.0,2.0,2.0
1630193,0022401069,1610612761,19.0,9.0,1.0,0.0,15.0,6.0,2.0,2.0
1642367,0022401069,1610612761,5.0,2.0,5.0,0.0,8.0,2.0,0.0,0.0
1642347,0022401069,1610612761,17.0,4.0,4.0,0.0,16.0,7.0,2.0,2.0
1631115,0022401069,1610612761,5.0,1.0,10.0,0.0,5.0,2.0,2.0,0.0
1631306,0022401069,1610612761,5.0,0.0,0.0,1.0,5.0,2.0,0.0,0.0
1630639,0022401069,1610612761,2.0,0.0,1.0,2.0,3.0,1.0,0.0,0.0
1630651,2022400513,1612709933,11,1,4,0,12,4,2,1
1641941,2022400513,1612709933,18,3,5,2,18,8,1,0
1630812,2022400513,1612709933,34,1,8,3,18,15,8,4
1642568,2022400513,1612709933,11,1,8,0,14,4,0,0
1630310,2022400513,1612709933,6,6,2,0,7,2,1,1
1631173,2022400513,1612709933,14,13,5,1,15,2,5,5
1642501,2022400513,1612709933,11,0,4,2,8,4,1,1
1642396,2022400513,1612709902,44,0,3,0,21,16,1,1
1642050,2022400513,1612709902,14,1,10,0,11,5,1,1
1630296,2022400513,1612709902,15,7,13,0,13,7,1,0
1642379,2022400513,1612709902,10,10,4,0,8,4,1,1
1641879,2022400513,1612709902,16,11,5,0,11,6,2,2
1642429,2022400513,1612709902,5,0,2,0,5,2,0,0
1642764,2022400513,1612709902,2,2,5,2,4,1,0,0
1641881,2022400513,1612709902,20,2,5,4,13,7,2,2
1642679,2022400513,1612709902,6,0,9,2,6,3,0,0
1642651,2022400513,1612709902,6,4,1,0,4,2,0,0
1642631,2022400513,1612709902,3,0,4,0,4,1,0,0
1630721,2022400513,1612709902,9,0,1,0,5,2,3,3
1641888,2022400509,1612709905,20.0,3.0,2.0,1.0,14.0,7.0,2.0,2.0
1626169,2022400509,1612709905,19.0,2.0,5.0,1.0,18.0,8.0,3.0,2.0
1630283,2022400509,1612709905,21.0,0.0,7.0,4.0,15.0,10.0,2.0,1.0
1642439,2022400509,1612709905,25.0,10.0,12.0,2.0,15.0,8.0,6.0,6.0
1642438,2022400509,1612709905,20.0,12.0,7.0,1.0,13.0,8.0,0.0,0.0
1642547,2022400509,1612709905,9.0,4.0,1.0,0.0,2.0,2.0,3.0,2.0
1642618,2022400509,1612709905,7.0,0.0,6.0,0.0,7.0,3.0,0.0,0.0
1642053,2022400509,1612709905,6.0,2.0,4.0,0.0,7.0,3.0,0.0,0.0
1631211,2022400509,1612709911,27.0,6.0,3.0,0.0,23.0,10.0,1.0,1.0
1631159,2022400509,1612709911,33.0,5.0,11.0,2.0,25.0,14.0,2.0,2.0
1642399,2022400509,1612709911,18.0,3.0,12.0,1.0,10.0,6.0,5.0,4.0
1641735,2022400509,1612709911,4.0,6.0,1.0,0.0,11.0,2.0,0.0,0.0
1641803,2022400509,1612709911,23.0,5.0,5.0,1.0,21.0,9.0,1.0,1.0
1642558,2022400509,1612709911,4.0,2.0,8.0,0.0,5.0,1.0,2.0,1.0
1641526,2022400509,1612709911,5.0,0.0,0.0,0.0,2.0,2.0,0.0,0.0
1630219,2022400509,1612709911,9.0,4.0,5.0,0.0,5.0,3.0,1.0,1.0
1642359,2022400505,1612709919,17.0,3.0,3.0,1.0,15.0,5.0,4.0,4.0
1641755,2022400505,1612709919,17.0,7.0,3.0,1.0,10.0,6.0,4.0,3.0
1629650,2022400505,1612709919,23.0,1.0,22.0,2.0,16.0,10.0,2.0,2.0
1631098,2022400505,1612709919,17.0,1.0,3.0,1.0,13.0,7.0,1.0,1.0
1642486,2022400505,1612709919,15.0,5.0,5.0,0.0,10.0,5.0,1.0,1.0
1629643,2022400505,1612709919,6.0,5.0,5.0,1.0,8.0,2.0,0.0,0.0
1641924,2022400505,1612709919,3.0,3.0,2.0,0.0,6.0,1.0,0.0,0.0
1631499,2022400505,1612709919,4.0,0.0,1.0,0.0,3.0,1.0,1.0,1.0
1630733,2022400505,1612709919,6.0,0.0,2.0,0.0,8.0,2.0,1.0,1.0
1629667,2022400505,1612709928,11.0,2.0,4.0,2.0,12.0,5.0,1.0,1.0
1630550,2022400505,1612709928,7.0,1.0,2.0,0.0,8.0,3.0,2.0,1.0
1630701,2022400505,1612709928,13.0,5.0,7.0,2.0,11.0,6.0,0.0,0.0
1641778,2022400505,1612709928,4.0,2.0,2.0,0.0,6.0,1.0,1.0,1.0
1630184,2022400505,1612709928,17.0,5.0,2.0,0.0,13.0,8.0,0.0,0.0
1641917,2022400505,1612709928,3.0,1.0,3.0,1.0,5.0,1.0,0.0,0.0
1641907,2022400505,1612709928,21.0,2.0,3.0,0.0,12.0,6.0,4.0,3.0
203145,2022400505,1612709928,19.0,4.0,6.0,0.0,13.0,6.0,6.0,5.0
1631485,2022400505,1612709928,6.0,2.0,6.0,0.0,4.0,3.0,2.0,0.0
1628415,0022401065,1610612745,10.0,3.0,3.0,0.0,9.0,4.0,0.0,0.0
1641708,0022401065,1610612745,15.0,5.0,10.0,1.0,11.0,7.0,0.0,0.0
1630578,0022401065,1610612745,33.0,2.0,10.0,2.0,19.0,11.0,13.0,11.0
1630224,0022401065,1610612745,21.0,6.0,8.0,0.0,20.0,8.0,3.0,1.0
1627832,0022401065,1610612745,4.0,6.0,1.0,1.0,10.0,1.0,1.0,1.0
1631106,0022401065,1610612745,15.0,2.0,6.0,1.0,10.0,6.0,0.0,0.0
1629111,0022401065,1610612745,10.0,0.0,3.0,0.0,7.0,5.0,0.0,0.0
1628988,0022401065,1610612745,2.0,1.0,0.0,0.0,4.0,1.0,0.0,0.0
1631095,0022401065,1610612745,11.0,1.0,10.0,0.0,12.0,4.0,2.0,2.0
1642262,0022401065,1610612762,4.0,1.0,2.0,0.0,6.0,2.0,0.0,0.0
1642271,0022401065,1610612762,16.0,4.0,7.0,2.0,10.0,5.0,6.0,5.0
1631117,0022401065,1610612762,2.0,2.0,9.0,2.0,3.0,1.0,0.0,0.0
1629012,0022401065,1610612762,21.0,5.0,1.0,0.0,20.0,9.0,0.0,0.0
1642268,0022401065,1610612762,16.0,5.0,1.0,1.0,12.0,7.0,3.0,1.0
1641718,0022401065,1610612762,17.0,8.0,3.0,0.0,11.0,5.0,7.0,7.0
1630231,0022401065,1610612762,6.0,2.0,2.0,0.0,4.0,3.0,0.0,0.0
1630548,0022401065,1610612762,11.0,1.0,2.0,0.0,7.0,5.0,0.0,0.0
1641729,0022401065,1610612762,17.0,0.0,4.0,0.0,6.0,6.0,1.0,0.0
1630531,0022401065,1610612762,0.0,1.0,2.0,0.0,0.0,0.0,0.0,0.0
1629015,2022400504,1612709918,24.0,2.0,5.0,0.0,17.0,10.0,2.0,2.0
1641986,2022400504,1612709918,6.0,2.0,2.0,2.0,8.0,2.0,2.0,1.0
1642499,2022400504,1612709918,2.0,3.0,9.0,0.0,4.0,1.0,0.0,0.0
1641789,2022400504,1612709918,26.0,6.0,6.0,0.0,23.0,13.0,1.0,0.0
1642691,2022400504,1612709918,10.0,0.0,0.0,0.0,7.0,4.0,0.0,0.0
1631160,2022400504,1612709918,12.0,6.0,4.0,0.0,15.0,3.0,3.0,3.0
1642481,2022400504,1612709918,11.0,1.0,9.0,2.0,5.0,3.0,4.0,3.0
1642540,2022400504,1612709918,10.0,0.0,3.0,0.0,6.0,5.0,0.0,0.0
1642085,2022400504,1612709918,6.0,0.0,0.0,0.0,8.0,2.0,0.0,0.0
1642473,2022400504,1612709934,9.0,2.0,3.0,0.0,7.0,4.0,0.0,0.0
1641779,2022400504,1612709934,6.0,1.0,8.0,1.0,7.0,3.0,0.0,0.0
1629603,2022400504,1612709934,7.0,4.0,7.0,1.0,5.0,3.0,1.0,0.0
1631455,2022400504,1612709934,27.0,3.0,1.0,0.0,16.0,8.0,4.0,4.0
1631102,2022400504,1612709934,25.0,9.0,9.0,0.0,19.0,9.0,3.0,2.0
1642487,2022400504,1612709934,8.0,0.0,6.0,1.0,6.0,4.0,0.0,0.0
1642607,2022400504,1612709934,15.0,2.0,5.0,0.0,11.0,7.0,0.0,0.0
1628778,2022400504,1612709934,26.0,0.0,5.0,0.0,11.0,8.0,1.0,1.0
1630321,2022400504,1612709934,11.0,6.0,3.0,1.0,4.0,2.0,3.0,3.0
1642258,0022401062,1610612737,5.0,4.0,0.0,0.0,5.0,2.0,2.0,0.0
1630249,0022401062,1610612737,14.0,4.0,6.0,1.0,8.0,5.0,0.0,0.0
1630168,0022401062,1610612737,15.0,0.0,9.0,0.0,12.0,6.0,2.0,2.0
1630700,0022401062,1610612737,9.0,3.0,8.0,1.0,10.0,4.0,0.0,0.0
1629027,0022401062,1610612737,29.0,12.0,2.0,0.0,21.0,10.0,3.0,3.0
1627747,0022401062,1610612737,17.0,3.0,5.0,0.0,12.0,6.0,4.0,3.0
1627777,0022401062,1610612737,5.0,0.0,3.0,0.0,4.0,2.0,0.0,0.0
1629611,0022401062,1610612737,14.0,1.0,1.0,0.0,8.0,6.0,0.0,0.0
1631230,0022401062,1610612737,4.0,0.0,2.0,0.0,3.0,2.0,0.0,0.0
203952,0022401062,1610612748,16.0,3.0,5.0,0.0,15.0,6.0,2.0,2.0
1628389,0022401062,1610612748,12.0,4.0,10.0,0.0,9.0,4.0,4.0,3.0
1642276,0022401062,1610612748,7.0,0.0,12.0,1.0,7.0,3.0,2.0,1.0
202692,0022401062,1610612748,11.0,2.0,1.0,0.0,7.0,3.0,3.0,2.0
1629639,0022401062,1610612748,36.0,4.0,3.0,0.0,17.0,13.0,7.0,6.0
1630558,0022401062,1610612748,16.0,6.0,2.0,0.0,12.0,6.0,0.0,0.0
1629312,0022401062,1610612748,11.0,2.0,2.0,0.0,8.0,4.0,0.0,0.0
1641796,0022401062,1610612748,3.0,1.0,0.0,0.0,2.0,1.0,0.0,0.0
203937,0022401062,1610612748,10.0,4.0,2.0,0.0,5.0,4.0,2.0,2.0
1642377,0022401064,1610612763,13,0,5,0,6,3,5,5
1630583,0022401064,1610612763,10,5,5,0,9,3,4,3
1628991,0022401064,1610612763,27,4,2,2,21,9,4,4
1630217,0022401064,1610612763,3,6,2,0,12,1,0,0
1630590,0022401064,1610612763,17,7,10,0,10,5,4,4
1630643,0022401064,1610612763,8,1,2,1,5,3,0,0
1628379,0022401064,1610612763,9,1,5,0,4,3,2,2
1631246,0022401064,1610612763,7,3,0,0,7,3,0,0
1641744,0022401064,1610612763,8,1,4,1,2,2,4,4
1629723,0022401064,1610612763,0,0,1,0,1,0,0,0
1630205,0022401064,1610612763,2,0,0,0,2,1,0,0
1642285,0022401064,1610612763,0,0,0,0,0,0,0,0
1631114,0022401064,1610612760,20,4,5,0,12,6,8,7
1631096,0022401064,1610612760,4,2,9,0,9,2,0,0
1628392,0022401064,1610612760,18,4,11,2,9,5,8,8
1629652,0022401064,1610612760,9,5,1,0,8,3,0,0
1628983,0022401064,1610612760,37,6,3,0,25,15,9,7
1629026,0022401064,1610612760,8,1,2,1,5,3,1,1
1631119,0022401064,1610612760,3,0,3,0,2,1,0,0
1630198,0022401064,1610612760,7,2,4,0,6,2,2,1
1641717,0022401064,1610612760,10,2,3,0,6,4,0,0
1627936,0022401064,1610612760,6,1,3,1,5,2,0,0
1641745,0022401064,1610612760,0,0,1,0,1,0,0,0
1642382,0022401064,1610612760,3,0,0,0,2,1,0,0
1641794,0022401064,1610612760,0,1,0,0,0,0,0,0
1630170,0022401059,1610612759,22.0,4.0,3.0,0.0,15.0,7.0,4.0,4.0
203084,0022401059,1610612759,10.0,2.0,2.0,0.0,8.0,4.0,1.0,1.0
202687,0022401059,1610612759,8.0,1.0,6.0,2.0,5.0,4.0,0.0,0.0
1642264,0022401059,1610612759,22.0,8.0,11.0,0.0,23.0,9.0,6.0,2.0
101108,0022401059,1610612759,5.0,5.0,4.0,0.0,10.0,2.0,0.0,0.0
1630577,0022401059,1610612759,16.0,1.0,7.0,0.0,13.0,4.0,5.0,5.0
1629640,0022401059,1610612759,17.0,0.0,10.0,0.0,16.0,7.0,2.0,2.0
1631110,0022401059,1610612759,13.0,2.0,5.0,1.0,12.0,5.0,3.0,2.0
1631104,0022401059,1610612759,3.0,1.0,0.0,0.0,1.0,1.0,0.0,0.0
1630572,0022401059,1610612759,0.0,3.0,2.0,0.0,3.0,0.0,0.0,0.0
1629622,0022401059,1610612739,18.0,4.0,4.0,0.0,10.0,7.0,0.0,0.0
1629731,0022401059,1610612739,3.0,0.0,3.0,0.0,5.0,1.0,0.0,0.0
1628386,0022401059,1610612739,29.0,0.0,15.0,1.0,11.0,10.0,11.0,9.0
1628378,0022401059,1610612739,25.0,14.0,8.0,1.0,18.0,8.0,5.0,5.0
1629636,0022401059,1610612739,10.0,9.0,4.0,0.0,15.0,4.0,0.0,0.0
1629631,0022401059,1610612739,14.0,2.0,7.0,1.0,15.0,6.0,2.0,1.0
1630241,0022401059,1610612739,13.0,2.0,2.0,1.0,13.0,5.0,0.0,0.0
1630171,0022401059,1610612739,9.0,1.0,4.0,0.0,7.0,4.0,0.0,0.0
1629750,0022401059,1610612739,3.0,1.0,5.0,0.0,4.0,1.0,0.0,0.0
202684,0022401059,1610612739,0.0,0.0,4.0,1.0,1.0,0.0,0.0,0.0
1630174,0022401061,1610612754,11.0,0.0,4.0,0.0,7.0,4.0,0.0,0.0
1627783,0022401061,1610612754,13.0,5.0,2.0,0.0,8.0,6.0,0.0,0.0
1626167,0022401061,1610612754,17.0,2.0,5.0,0.0,7.0,5.0,4.0,3.0
1629614,0022401061,1610612754,7.0,8.0,4.0,0.0,3.0,2.0,2.0,2.0
1630169,0022401061,1610612754,29.0,6.0,2.0,1.0,15.0,9.0,5.0,4.0
1631097,0022401061,1610612754,10.0,1.0,2.0,0.0,7.0,2.0,6.0,6.0
1630167,0022401061,1610612754,15.0,4.0,2.0,0.0,9.0,7.0,0.0,0.0
204456,0022401061,1610612754,10.0,8.0,9.0,0.0,7.0,5.0,0.0,0.0
1641716,0022401061,1610612754,16.0,5.0,5.0,1.0,10.0,6.0,0.0,0.0
1628418,0022401061,1610612754,12.0,0.0,7.0,0.0,5.0,4.0,2.0,2.0
1641767,0022401061,1610612754,6.0,2.0,2.0,0.0,4.0,2.0,0.0,0.0
1628396,0022401061,1610612754,8.0,0.0,2.0,0.0,6.0,4.0,0.0,0.0
1631245,0022401061,1610612754,5.0,7.0,2.0,0.0,3.0,2.0,0.0,0.0
1642277,0022401061,1610612754,3.0,0.0,2.0,0.0,1.0,1.0,0.0,0.0
1630551,0022401061,1610612764,15.0,1.0,7.0,0.0,9.0,6.0,4.0,3.0
203114,0022401061,1610612764,8.0,2.0,1.0,0.0,7.0,3.0,2.0,1.0
1642259,0022401061,1610612764,22.0,1.0,7.0,1.0,15.0,8.0,6.0,5.0
1629673,0022401061,1610612764,18.0,3.0,0.0,0.0,13.0,6.0,2.0,2.0
1642267,0022401061,1610612764,13.0,6.0,4.0,1.0,12.0,5.0,0.0,0.0
1642358,0022401061,1610612764,2.0,0.0,3.0,0.0,7.0,1.0,0.0,0.0
1641798,0022401061,1610612764,4.0,2.0,1.0,0.0,3.0,2.0,0.0,0.0
1641732,0022401061,1610612764,12.0,2.0,2.0,0.0,7.0,3.0,4.0,4.0
1626158,0022401061,1610612764,9.0,1.0,3.0,0.0,5.0,2.0,6.0,5.0
1630264,0022401061,1610612764,2.0,0.0,1.0,0.0,1.0,1.0,0.0,0.0
1641774,0022401061,1610612764,4.0,1.0,2.0,0.0,6.0,1.0,2.0,2.0
1627827,0022401063,1610612747,3.0,2.0,4.0,0.0,5.0,1.0,0.0,0.0
2544,0022401063,1610612747,17.0,12.0,5.0,0.0,20.0,8.0,2.0,1.0
1629637,0022401063,1610612747,19.0,1.0,8.0,1.0,11.0,9.0,2.0,1.0
1630559,0022401063,1610612747,30.0,3.0,1.0,2.0,17.0,10.0,7.0,7.0
1629029,0022401063,1610612747,25.0,8.0,10.0,1.0,22.0,8.0,6.0,5.0
1629020,0022401063,1610612747,7.0,1.0,5.0,1.0,4.0,3.0,1.0,1.0
1630692,0022401063,1610612747,8.0,2.0,2.0,2.0,4.0,3.0,0.0,0.0
1629216,0022401063,1610612747,8.0,0.0,2.0,0.0,6.0,3.0,0.0,0.0
1642261,0022401063,1610612747,0.0,1.0,3.0,0.0,2.0,0.0,0.0,0.0
1628989,0022401063,1610612741,21.0,5.0,6.0,0.0,17.0,8.0,0.0,0.0
1641824,0022401063,1610612741,12.0,1.0,7.0,0.0,10.0,3.0,5.0,4.0
202696,0022401063,1610612741,14.0,2.0,8.0,2.0,10.0,6.0,2.0,1.0
1629632,0022401063,1610612741,26.0,9.0,3.0,0.0,20.0,9.0,4.0,3.0
1630581,0022401063,1610612741,25.0,11.0,14.0,0.0,19.0,8.0,9.0,5.0
1630172,0022401063,1610612741,11.0,4.0,5.0,0.0,8.0,4.0,2.0,1.0
1628380,0022401063,1610612741,10.0,0.0,3.0,0.0,5.0,5.0,0.0,0.0
1631207,0022401063,1610612741,0.0,1.0,2.0,0.0,2.0,0.0,0.0,0.0
1641763,0022401063,1610612741,0.0,0.0,0.0,0.0,1.0,0.0,0.0,0.0
1629751,2022400501,1612709910,15.0,3.0,3.0,0.0,17.0,4.0,5.0,4.0
1642402,2022400501,1612709910,16.0,2.0,9.0,1.0,15.0,7.0,3.0,1.0
1626143,2022400501,1612709910,26.0,4.0,10.0,0.0,15.0,11.0,3.0,2.0
1642484,2022400501,1612709910,30.0,8.0,11.0,0.0,32.0,11.0,4.0,2.0
1630750,2022400501,1612709910,6.0,2.0,2.0,0.0,3.0,2.0,2.0,1.0
1642027,2022400501,1612709910,11.0,1.0,4.0,0.0,6.0,2.0,4.0,3.0
1630787,2022400501,1612709910,5.0,2.0,7.0,0.0,3.0,1.0,1.0,1.0
1631249,2022400501,1612709910,3.0,0.0,1.0,0.0,3.0,1.0,0.0,0.0
1641856,2022400501,1612709917,28.0,4.0,7.0,0.0,17.0,10.0,5.0,2.0
1642444,2022400501,1612709917,8.0,1.0,3.0,1.0,8.0,3.0,0.0,0.0
1641777,2022400501,1612709917,13.0,0.0,14.0,3.0,6.0,5.0,2.0,1.0
1641847,2022400501,1612709917,20.0,5.0,7.0,0.0,17.0,7.0,0.0,0.0
1642019,2022400501,1612709917,7.0,7.0,3.0,0.0,8.0,2.0,2.0,2.0
1630895,2022400501,1612709917,5.0,5.0,3.0,0.0,7.0,2.0,0.0,0.0
1642595,2022400501,1612709917,7.0,3.0,0.0,0.0,7.0,3.0,0.0,0.0
1642597,2022400501,1612709917,2.0,1.0,9.0,2.0,5.0,1.0,0.0,0.0
1642249,2022400501,1612709917,20.0,0.0,0.0,0.0,5.0,4.0,5.0,4.0
1630561,2022400502,1612709890,10.0,1.0,7.0,0.0,12.0,3.0,2.0,2.0
1631127,2022400502,1612709890,6.0,3.0,6.0,0.0,12.0,2.0,2.0,1.0
1642563,2022400502,1612709890,8.0,0.0,8.0,1.0,5.0,2.0,3.0,2.0
1630667,2022400502,1612709890,7.0,3.0,2.0,1.0,10.0,3.0,1.0,0.0
1630201,2022400502,1612709890,24.0,3.0,7.0,1.0,14.0,8.0,2.0,2.0
1642392,2022400502,1612709890,17.0,3.0,4.0,0.0,13.0,6.0,3.0,2.0
1642755,2022400502,1612709890,8.0,1.0,4.0,0.0,8.0,2.0,1.0,1.0
1642496,2022400502,1612709890,10.0,0.0,4.0,2.0,5.0,5.0,1.0,0.0
1641988,2022400502,1612709890,12.0,0.0,0.0,0.0,6.0,4.0,0.0,0.0
1630207,2022400502,1612709926,13.0,4.0,13.0,1.0,9.0,4.0,2.0,2.0
1641713,2022400502,1612709926,24.0,5.0,6.0,0.0,11.0,9.0,5.0,2.0
1630654,2022400502,1612709926,14.0,5.0,7.0,1.0,12.0,5.0,1.0,1.0
1630569,2022400502,1612709926,16.0,1.0,1.0,0.0,15.0,7.0,1.0,1.0
1642530,2022400502,1612709926,16.0,5.0,2.0,1.0,11.0,5.0,3.0,3.0
1630525,2022400502,1612709926,16.0,0.0,3.0,1.0,10.0,6.0,2.0,1.0
1641869,2022400502,1612709926,11.0,1.0,6.0,0.0,8.0,4.0,2.0,2.0
1631174,2022400502,1612709926,0.0,1.0,4.0,0.0,2.0,0.0,0.0,0.0
1642492,2022400502,1612709926,0.0,1.0,1.0,0.0,1.0,0.0,1.0,0.0
1641938,2022400502,1612709926,3.0,0.0,1.0,0.0,1.0,1.0,0.0,0.0
1630230,0022401060,1610612742,6.0,3.0,4.0,0.0,5.0,3.0,0.0,0.0
203076,0022401060,1610612742,15.0,2.0,7.0,0.0,19.0,5.0,7.0,4.0
1630539,0022401060,1610612742,4.0,0.0,5.0,1.0,2.0,2.0,0.0,0.0
202691,0022401060,1610612742,12.0,0.0,4.0,0.0,10.0,5.0,0.0,0.0
203915,0022401060,1610612742,7.0,4.0,4.0,0.0,7.0,2.0,4.0,3.0
1631108,0022401060,1610612742,12.0,2.0,3.0,0.0,6.0,3.0,4.0,4.0
1628997,0022401060,1610612742,5.0,2.0,4.0,0.0,4.0,2.0,2.0,1.0
203939,0022401060,1610612742,4.0,2.0,3.0,0.0,3.0,2.0,0.0,0.0
1630314,0022401060,1610612742,14.0,6.0,3.0,0.0,10.0,6.0,1.0,1.0
1630702,0022401060,1610612742,22.0,0.0,3.0,0.0,12.0,7.0,4.0,3.0
1630532,0022401060,1610612753,20.0,2.0,9.0,0.0,21.0,8.0,4.0,4.0
1631094,0022401060,1610612753,35.0,4.0,10.0,0.0,21.0,13.0,12.0,8.0
1628976,0022401060,1610612753,12.0,1.0,5.0,2.0,10.0,5.0,1.0,1.0
203484,0022401060,1610612753,0.0,0.0,4.0,0.0,4.0,0.0,0.0,0.0
202709,0022401060,1610612753,6.0,1.0,2.0,0.0,6.0,2.0,0.0,0.0
203914,0022401060,1610612753,0.0,0.0,1.0,0.0,0.0,0.0,0.0,0.0
1629048,0022401060,1610612753,3.0,2.0,5.0,1.0,2.0,1.0,2.0,1.0
1641710,0022401060,1610612753,14.0,3.0,3.0,2.0,10.0,5.0,3.0,3.0
1631216,0022401060,1610612753,0.0,0.0,0.0,0.0,1.0,0.0,0.0,0.0
1641783,0022401060,1610612753,2.0,0.0,1.0,0.0,4.0,0.0,2.0,2.0
1628371,0022401060,1610612753,0.0,1.0,4.0,0.0,1.0,0.0,0.0,0.0
1630166,0022401066,1610612757,24.0,3.0,9.0,0.0,11.0,7.0,7.0,6.0
1641739,0022401066,1610612757,6.0,1.0,4.0,1.0,8.0,2.0,0.0,0.0
1642270,0022401066,1610612757,0.0,1.0,3.0,1.0,2.0,0.0,0.0,0.0
1631101,0022401066,1610612757,22.0,0.0,7.0,0.0,15.0,7.0,8.0,6.0
1629014,0022401066,1610612757,20.0,5.0,1.0,0.0,17.0,8.0,1.0,1.0
1641871,0022401066,1610612757,17.0,1.0,5.0,1.0,11.0,5.0,4.0,4.0
1630703,0022401066,1610612757,6.0,6.0,0.0,0.0,8.0,2.0,2.0,1.0
1629680,0022401066,1610612757,6.0,4.0,2.0,0.0,7.0,2.0,2.0,1.0
1630625,0022401066,1610612757,4.0,2.0,0.0,0.0,3.0,1.0,2.0,2.0
1631200,0022401066,1610612757,0.0,0.0,0.0,0.0,2.0,0.0,0.0,0.0
1631303,0022401066,1610612757,2.0,0.0,0.0,0.0,2.0,1.0,0.0,0.0
1631133,0022401066,1610612757,0.0,0.0,1.0,0.0,2.0,0.0,0.0,0.0
1641712,0022401066,1610612757,0.0,0.0,0.0,0.0,0.0,0.0,0.0,0.0
201942,0022401066,1610612758,21.0,10.0,2.0,0.0,10.0,6.0,11.0,9.0
1631099,0022401066,1610612758,17.0,1.0,7.0,0.0,11.0,7.0,1.0,1.0
1627734,0022401066,1610612758,22.0,6.0,19.0,0.0,11.0,9.0,4.0,3.0
203897,0022401066,1610612758,29.0,0.0,2.0,0.0,18.0,13.0,2.0,1.0
1631165,0022401066,1610612758,10.0,2.0,3.0,1.0,7.0,3.0,3.0,2.0
1628370,0022401066,1610612758,16.0,2.0,3.0,0.0,9.0,6.0,2.0,2.0
1626168,0022401066,1610612758,3.0,0.0,1.0,0.0,3.0,1.0,0.0,0.0
202685,0022401066,1610612758,6.0,1.0,6.0,0.0,3.0,2.0,2.0,2.0
1628365,0022401066,1610612758,2.0,1.0,1.0,0.0,1.0,1.0,0.0,0.0
1642403,0022401066,1610612758,2.0,0.0,1.0,1.0,0.0,0.0,2.0,2.0
1642269,0022401066,1610612758,0.0,0.0,0.0,0.0,0.0,0.0,0.0,0.0
1630678,0022401066,1610612758,0.0,1.0,1.0,0.0,0.0,0.0,0.0,0.0
1642384,0022401066,1610612758,0.0,0.0,0.0,1.0,1.0,0.0,0.0,0.0
1642525,2022400503,1612709931,21.0,4.0,1.0,1.0,14.0,7.0,1.0,1.0
1641825,2022400503,1612709931,8.0,4.0,3.0,0.0,5.0,3.0,1.0,1.0
1631305,2022400503,1612709931,9.0,2.0,6.0,1.0,5.0,3.0,1.0,1.0
1642357,2022400503,1612709931,30.0,4.0,13.0,1.0,25.0,12.0,3.0,2.0
1642714,2022400503,1612709931,16.0,8.0,2.0,0.0,11.0,6.0,0.0,0.0
1642527,2022400503,1612709931,10.0,6.0,4.0,1.0,10.0,4.0,1.0,0.0
1630535,2022400503,1612709931,18.0,0.0,7.0,2.0,10.0,6.0,5.0,3.0
1642524,2022400503,1612709931,5.0,3.0,4.0,0.0,7.0,2.0,2.0,0.0
1642128,2022400503,1612709931,2.0,0.0,2.0,0.0,1.0,1.0,0.0,0.0
1641795,2022400503,1612709903,19.0,5.0,7.0,0.0,11.0,7.0,2.0,1.0
1641864,2022400503,1612709903,14.0,1.0,7.0,0.0,12.0,4.0,1.0,1.0
1631131,2022400503,1612709903,12.0,1.0,24.0,0.0,9.0,4.0,4.0,3.0
1641863,2022400503,1612709903,17.0,5.0,2.0,1.0,17.0,6.0,0.0,0.0
1631220,2022400503,1612709903,23.0,9.0,4.0,1.0,21.0,10.0,3.0,2.0
1630546,2022400503,1612709903,19.0,4.0,6.0,0.0,16.0,5.0,2.0,2.0
1630695,2022400503,1612709903,11.0,2.0,8.0,0.0,11.0,4.0,1.0,1.0
1642640,2022400503,1612709903,2.0,1.0,0.0,0.0,1.0,0.0,2.0,1.0
202695,0022401056,1610612746,27.0,7.0,10.0,0.0,18.0,10.0,5.0,5.0
1626181,0022401056,1610612746,19.0,2.0,1.0,1.0,12.0,7.0,2.0,1.0
1627826,0022401056,1610612746,18.0,2.0,10.0,2.0,15.0,7.0,6.0,4.0
1627739,0022401056,1610612746,9.0,6.0,3.0,0.0,8.0,3.0,2.0,2.0
201935,0022401056,1610612746,29.0,6.0,6.0,2.0,16.0,8.0,8.0,7.0
201587,0022401056,1610612746,6.0,0.0,1.0,2.0,2.0,2.0,0.0,0.0
203992,0022401056,1610612746,4.0,2.0,0.0,0.0,5.0,2.0,0.0,0.0
1627732,0022401056,1610612746,2.0,2.0,8.0,0.0,4.0,1.0,0.0,0.0
1627884,0022401056,1610612746,12.0,0.0,6.0,1.0,8.0,5.0,1.0,1.0
201988,0022401056,1610612746,0.0,0.0,0.0,0.0,0.0,0.0,0.0,0.0
1629234,0022401056,1610612746,0.0,0.0,0.0,0.0,0.0,0.0,0.0,0.0
1641738,0022401056,1610612746,0.0,0.0,0.0,0.0,0.0,0.0,0.0,0.0
1628384,0022401056,1610612752,28.0,3.0,5.0,0.0,17.0,11.0,3.0,3.0
1628404,0022401056,1610612752,7.0,6.0,5.0,0.0,9.0,3.0,3.0,1.0
1626157,0022401056,1610612752,34.0,4.0,14.0,0.0,20.0,11.0,10.0,8.0
1628969,0022401056,1610612752,17.0,9.0,4.0,0.0,16.0,7.0,2.0,2.0
1626166,0022401056,1610612752,15.0,0.0,2.0,0.0,9.0,6.0,0.0,0.0
1629013,0022401056,1610612752,6.0,2.0,2.0,0.0,5.0,2.0,0.0,0.0
1630173,0022401056,1610612752,6.0,0.0,3.0,0.0,3.0,2.0,2.0,2.0
1642278,0022401056,1610612752,0.0,7.0,1.0,0.0,3.0,0.0,2.0,0.0
1629011,0022401056,1610612752,0.0,1.0,2.0,1.0,0.0,0.0,0.0,0.0
1626153,0022401056,1610612752,0.0,3.0,0.0,0.0,1.0,0.0,0.0,0.0
1641817,0022401056,1610612752,0.0,0.0,0.0,0.0,0.0,0.0,0.0,0.0
1630699,0022401056,1610612752,0.0,0.0,0.0,0.0,1.0,0.0,0.0,0.0
1627759,0022401058,1610612738,24.0,5.0,3.0,0.0,15.0,7.0,6.0,6.0
201143,0022401058,1610612738,16.0,5.0,10.0,2.0,10.0,5.0,4.0,4.0
204001,0022401058,1610612738,30.0,2.0,8.0,2.0,15.0,10.0,8.0,6.0
1628401,0022401058,1610612738,16.0,7.0,4.0,0.0,11.0,5.0,2.0,2.0
201950,0022401058,1610612738,16.0,3.0,2.0,0.0,10.0,6.0,2.0,2.0
1630573,0022401058,1610612738,11.0,3.0,3.0,0.0,5.0,4.0,0.0,0.0
1630202,0022401058,1610612738,7.0,4.0,6.0,0.0,10.0,3.0,0.0,0.0
1631248,0022401058,1610612738,3.0,4.0,0.0,0.0,3.0,1.0,0.0,0.0
1628436,0022401058,1610612738,2.0,0.0,5.0,2.0,3.0,1.0,0.0,0.0
1628470,0022401058,1610612738,3.0,0.0,3.0,0.0,1.0,1.0,0.0,0.0
1629674,0022401058,1610612738,4.0,0.0,3.0,0.0,4.0,2.0,0.0,0.0
1641775,0022401058,1610612738,0.0,0.0,1.0,1.0,2.0,0.0,0.0,0.0
1642346,0022401058,1610612756,6.0,0.0,5.0,0.0,9.0,2.0,2.0,0.0
201142,0022401058,1610612756,30.0,2.0,1.0,0.0,16.0,11.0,5.0,5.0
1630208,0022401058,1610612756,10.0,0.0,4.0,0.0,7.0,5.0,0.0,0.0
1626164,0022401058,1610612756,14.0,10.0,7.0,0.0,13.0,4.0,6.0,5.0
1631221,0022401058,1610612756,5.0,0.0,1.0,0.0,5.0,2.0,0.0,0.0
1626220,0022401058,1610612756,0.0,0.0,3.0,1.0,3.0,0.0,0.0,0.0
1626145,0022401058,1610612756,8.0,5.0,4.0,0.0,5.0,3.0,0.0,0.0
1642345,0022401058,1610612756,6.0,0.0,2.0,0.0,5.0,2.0,2.0,2.0
1628998,0022401058,1610612756,8.0,1.0,1.0,0.0,9.0,3.0,1.0,1.0
1628960,0022401058,1610612756,2.0,1.0,1.0,0.0,3.0,0.0,3.0,2.0
203486,0022401058,1610612756,0.0,2.0,5.0,1.0,2.0,0.0,0.0,0.0
1629626,0022401058,1610612756,8.0,0.0,1.0,1.0,3.0,3.0,0.0,0.0
1628420,0022401058,1610612756,2.0,1.0,2.0,0.0,3.0,0.0,2.0,2.0
1627814,0022401058,1610612756,3.0,0.0,1.0,0.0,4.0,1.0,0.0,0.0
203995,0022401058,1610612756,0.0,0.0,0.0,0.0,0.0,0.0,0.0,0.0
1641809,2022400498,1612709915,32.0,7.0,12.0,1.0,27.0,11.0,1.0,1.0
1641936,2022400498,1612709915,20.0,0.0,9.0,0.0,16.0,8.0,0.0,0.0
1630791,2022400498,1612709915,8.0,0.0,6.0,1.0,6.0,3.0,1.0,1.0
1631120,2022400498,1612709915,21.0,10.0,1.0,3.0,25.0,6.0,4.0,4.0
1642485,2022400498,1612709915,2.0,0.0,10.0,0.0,2.0,0.0,1.0,1.0
1642508,2022400498,1612709915,7.0,2.0,9.0,4.0,7.0,3.0,2.0,1.0
1642400,2022400498,1612709915,16.0,1.0,5.0,3.0,11.0,6.0,1.0,1.0
1630648,2022400498,1612709915,0.0,0.0,2.0,0.0,2.0,0.0,0.0,0.0
1642620,2022400498,1612709915,3.0,1.0,2.0,0.0,5.0,1.0,0.0,0.0
1642696,2022400498,1612709915,0.0,0.0,0.0,0.0,1.0,0.0,0.0,0.0
1629800,2022400498,1612709915,4.0,0.0,1.0,0.0,2.0,2.0,0.0,0.0
1642359,2022400498,1612709919,25.0,1.0,5.0,0.0,18.0,9.0,0.0,0.0
1641755,2022400498,1612709919,10.0,3.0,2.0,1.0,14.0,3.0,4.0,3.0
1629650,2022400498,1612709919,20.0,1.0,22.0,2.0,14.0,7.0,6.0,3.0
1642486,2022400498,1612709919,20.0,8.0,2.0,1.0,17.0,7.0,0.0,0.0
1631098,2022400498,1612709919,9.0,3.0,5.0,0.0,9.0,3.0,2.0,1.0
1629643,2022400498,1612709919,20.0,4.0,13.0,1.0,12.0,7.0,1.0,1.0
1641924,2022400498,1612709919,6.0,4.0,0.0,0.0,4.0,1.0,3.0,2.0
1641830,2022400498,1612709919,0.0,0.0,1.0,1.0,0.0,0.0,0.0,0.0
1630733,2022400498,1612709919,12.0,2.0,3.0,0.0,11.0,4.0,2.0,2.0
1642358,0022401053,1610612764,9.0,6.0,5.0,0.0,13.0,4.0,0.0,0.0
1630551,0022401053,1610612764,18.0,1.0,10.0,0.0,12.0,7.0,0.0,0.0
1642259,0022401053,1610612764,24.0,2.0,7.0,2.0,17.0,10.0,0.0,0.0
1629673,0022401053,1610612764,18.0,7.0,2.0,0.0,12.0,7.0,0.0,0.0
1642267,0022401053,1610612764,9.0,6.0,5.0,0.0,8.0,3.0,2.0,1.0
1641732,0022401053,1610612764,8.0,2.0,4.0,1.0,7.0,3.0,4.0,0.0
1641798,0022401053,1610612764,12.0,3.0,6.0,0.0,9.0,5.0,1.0,1.0
1630550,0022401053,1610612764,4.0,1.0,4.0,1.0,4.0,2.0,2.0,0.0
1641774,0022401053,1610612764,17.0,2.0,6.0,2.0,13.0,7.0,3.0,3.0
1641741,0022401053,1610612755,13.0,3.0,6.0,1.0,14.0,4.0,7.0,4.0
1642348,0022401053,1610612755,19.0,1.0,10.0,0.0,15.0,9.0,0.0,0.0
1627824,0022401053,1610612755,21.0,1.0,8.0,1.0,15.0,7.0,5.0,4.0
1629656,0022401053,1610612755,22.0,4.0,3.0,0.0,16.0,6.0,6.0,6.0
1630288,0022401053,1610612755,11.0,3.0,1.0,0.0,10.0,5.0,0.0,0.0
1630215,0022401053,1610612755,14.0,4.0,5.0,0.0,10.0,5.0,0.0,0.0
1630542,0022401053,1610612755,4.0,1.0,4.0,0.0,3.0,1.0,2.0,2.0
1641737,0022401053,1610612755,6.0,3.0,6.0,3.0,6.0,3.0,0.0,0.0
1630762,0022401053,1610612755,4.0,2.0,4.0,0.0,9.0,2.0,0.0,0.0
1629060,0022401055,1610612747,14.0,1.0,4.0,0.0,5.0,4.0,2.0,2.0
2544,0022401055,1610612747,13.0,7.0,13.0,0.0,12.0,4.0,5.0,5.0
1629637,0022401055,1610612747,13.0,1.0,2.0,1.0,6.0,6.0,3.0,1.0
1630559,0022401055,1610612747,24.0,5.0,4.0,0.0,16.0,8.0,7.0,7.0
1629029,0022401055,1610612747,34.0,7.0,7.0,1.0,21.0,11.0,7.0,6.0
1630692,0022401055,1610612747,2.0,1.0,2.0,0.0,4.0,1.0,0.0,0.0
1627827,0022401055,1610612747,11.0,1.0,3.0,1.0,7.0,4.0,0.0,0.0
1629216,0022401055,1610612747,6.0,0.0,1.0,0.0,6.0,2.0,0.0,0.0
1629020,0022401055,1610612747,0.0,3.0,6.0,0.0,1.0,0.0,0.0,0.0
1642261,0022401055,1610612747,3.0,0.0,1.0,0.0,1.0,1.0,0.0,0.0
1630174,0022401055,1610612754,13.0,2.0,1.0,0.0,9.0,5.0,0.0,0.0
1627783,0022401055,1610612754,15.0,2.0,6.0,2.0,12.0,6.0,4.0,3.0
1626167,0022401055,1610612754,16.0,1.0,12.0,1.0,9.0,6.0,0.0,0.0
1629614,0022401055,1610612754,16.0,3.0,7.0,0.0,9.0,6.0,3.0,3.0
1630169,0022401055,1610612754,16.0,18.0,0.0,1.0,16.0,7.0,1.0,1.0
1630167,0022401055,1610612754,10.0,0.0,2.0,0.0,7.0,4.0,1.0,0.0
1631097,0022401055,1610612754,23.0,2.0,5.0,0.0,16.0,7.0,8.0,7.0
204456,0022401055,1610612754,5.0,2.0,1.0,0.0,6.0,2.0,0.0,0.0
1641767,0022401055,1610612754,0.0,0.0,0.0,0.0,1.0,0.0,0.0,0.0
1628418,0022401055,1610612754,0.0,0.0,0.0,0.0,0.0,0.0,0.0,0.0
1641716,0022401055,1610612754,5.0,1.0,2.0,0.0,2.0,1.0,2.0,2.0
1642517,2022400497,1612709932,6.0,1.0,3.0,0.0,8.0,3.0,1.0,0.0
1641752,2022400497,1612709932,18.0,5.0,11.0,1.0,14.0,7.0,1.0,0.0
1642449,2022400497,1612709932,11.0,2.0,12.0,2.0,7.0,5.0,5.0,1.0
1631199,2022400497,1612709932,10.0,3.0,4.0,1.0,13.0,2.0,2.0,2.0
1642450,2022400497,1612709932,18.0,12.0,5.0,0.0,19.0,6.0,1.0,1.0
1642578,2022400497,1612709932,14.0,1.0,2.0,3.0,7.0,5.0,1.0,1.0
1642759,2022400497,1612709932,11.0,3.0,3.0,0.0,11.0,5.0,0.0,0.0
1642588,2022400497,1612709932,4.0,0.0,2.0,0.0,2.0,1.0,2.0,1.0
1642676,2022400497,1612709932,11.0,1.0,3.0,0.0,10.0,5.0,0.0,0.0
1642071,2022400497,1612709932,2.0,0.0,1.0,0.0,1.0,1.0,0.0,0.0
1631457,2022400497,1612709925,14.0,3.0,7.0,0.0,7.0,5.0,1.0,1.0
1642066,2022400497,1612709925,11.0,2.0,17.0,2.0,7.0,2.0,6.0,5.0
1641771,2022400497,1612709925,8.0,4.0,5.0,1.0,11.0,3.0,1.0,1.0
1630679,2022400497,1612709925,15.0,1.0,3.0,0.0,15.0,6.0,0.0,0.0
1630644,2022400497,1612709925,26.0,4.0,4.0,1.0,20.0,8.0,6.0,6.0
1641918,2022400497,1612709925,16.0,4.0,13.0,4.0,9.0,6.0,0.0,0.0
1629633,2022400497,1612709925,9.0,2.0,5.0,0.0,12.0,2.0,2.0,2.0
1630606,2022400497,1612709925,10.0,2.0,1.0,0.0,8.0,3.0,2.0,2.0
1641787,2022400495,1612709921,19.0,5.0,5.0,1.0,10.0,6.0,4.0,3.0
1630286,2022400495,1612709921,7.0,0.0,3.0,0.0,10.0,3.0,1.0,1.0
1631166,2022400495,1612709921,14.0,3.0,7.0,1.0,10.0,6.0,2.0,1.0
1630165,2022400495,1612709921,20.0,4.0,5.0,2.0,17.0,8.0,1.0,1.0
1630623,2022400495,1612709921,30.0,4.0,4.0,0.0,17.0,10.0,2.0,2.0
1641736,2022400495,1612709921,17.0,10.0,7.0,2.0,11.0,5.0,5.0,3.0
1642011,2022400495,1612709921,18.0,5.0,4.0,1.0,10.0,6.0,3.0,3.0
1641893,2022400495,1612709921,2.0,0.0,1.0,2.0,2.0,1.0,1.0,0.0
1630663,2022400495,1612709920,11.0,3.0,15.0,0.0,14.0,5.0,1.0,1.0
1630647,2022400495,1612709920,29.0,9.0,9.0,0.0,27.0,12.0,2.0,2.0
1630732,2022400495,1612709920,8.0,2.0,12.0,2.0,7.0,4.0,1.0,0.0
1631197,2022400495,1612709920,32.0,6.0,6.0,2.0,23.0,12.0,6.0,3.0
1631407,2022400495,1612709920,22.0,3.0,1.0,1.0,10.0,6.0,6.0,6.0
1629718,2022400495,1612709920,9.0,4.0,0.0,0.0,8.0,4.0,0.0,0.0
1642615,2022400495,1612709920,3.0,2.0,1.0,1.0,1.0,1.0,0.0,0.0
1631113,2022400495,1612709920,5.0,5.0,4.0,0.0,5.0,2.0,0.0,0.0
1642465,2022400495,1612709920,3.0,3.0,0.0,0.0,2.0,1.0,0.0,0.0
1642460,2022400495,1612709920,0.0,0.0,0.0,1.0,0.0,0.0,0.0,0.0
1629642,2022400500,1612709904,11.0,0.0,7.0,0.0,9.0,5.0,1.0,0.0
1642352,2022400500,1612709904,10.0,1.0,4.0,0.0,11.0,5.0,1.0,0.0
1642013,2022400500,1612709904,11.0,3.0,8.0,0.0,13.0,5.0,2.0,1.0
1630528,2022400500,1612709904,26.0,3.0,3.0,0.0,23.0,7.0,7.0,7.0
1641815,2022400500,1612709904,14.0,6.0,1.0,1.0,9.0,4.0,2.0,2.0
1631214,2022400500,1612709904,4.0,4.0,4.0,0.0,7.0,2.0,0.0,0.0
1642514,2022400500,1612709904,9.0,0.0,3.0,0.0,2.0,2.0,4.0,3.0
1641915,2022400500,1612709904,0.0,2.0,3.0,0.0,3.0,0.0,0.0,0.0
1641985,2022400500,1612709904,17.0,1.0,1.0,0.0,11.0,6.0,3.0,2.0
1642628,2022400500,1612709904,2.0,1.0,1.0,0.0,2.0,0.0,1.0,1.0
1642550,2022400500,1612709904,2.0,0.0,2.0,0.0,3.0,1.0,0.0,0.0
1642384,2022400500,1612709914,2.0,3.0,6.0,3.0,6.0,0.0,1.0,1.0
1642403,2022400500,1612709914,23.0,1.0,10.0,2.0,14.0,11.0,2.0,1.0
1627746,2022400500,1612709914,18.0,1.0,12.0,2.0,14.0,7.0,3.0,1.0
1630222,2022400500,1612709914,28.0,12.0,2.0,0.0,13.0,8.0,8.0,7.0
1631399,2022400500,1612709914,6.0,6.0,7.0,1.0,4.0,2.0,1.0,1.0
1626184,2022400500,1612709914,10.0,2.0,1.0,0.0,5.0,4.0,0.0,0.0
1630678,2022400500,1612709914,23.0,3.0,13.0,1.0,17.0,11.0,1.0,0.0
1641926,2022400500,1612709914,12.0,0.0,1.0,1.0,10.0,4.0,1.0,1.0
1629792,2022400500,1612709914,0.0,0.0,0.0,0.0,0.0,0.0,0.0,0.0
1642428,2022400500,1612709914,0.0,0.0,0.0,0.0,0.0,0.0,0.0,0.0
1629667,2022400496,1612709928,14.0,10.0,10.0,0.0,13.0,4.0,2.0,2.0
1631338,2022400496,1612709928,14.0,3.0,6.0,0.0,10.0,6.0,1.0,1.0
1641917,2022400496,1612709928,15.0,2.0,2.0,1.0,7.0,4.0,1.0,1.0
1641778,2022400496,1612709928,14.0,4.0,6.0,1.0,7.0,5.0,0.0,0.0
1630184,2022400496,1612709928,20.0,4.0,5.0,1.0,14.0,8.0,1.0,1.0
203145,2022400496,1612709928,21.0,2.0,7.0,0.0,15.0,8.0,2.0,1.0
1641907,2022400496,1612709928,7.0,2.0,2.0,2.0,6.0,2.0,1.0,1.0
1631485,2022400496,1612709928,0.0,0.0,0.0,0.0,1.0,0.0,0.0,0.0
1630701,2022400496,1612709928,9.0,3.0,5.0,0.0,4.0,4.0,0.0,0.0
1631342,2022400496,1612709929,5.0,0.0,4.0,1.0,10.0,2.0,0.0,0.0
1631210,2022400496,1612709929,16.0,2.0,3.0,1.0,12.0,6.0,1.0,1.0
1641792,2022400496,1612709929,0.0,1.0,4.0,0.0,1.0,0.0,0.0,0.0
1630275,2022400496,1612709929,22.0,4.0,3.0,0.0,16.0,7.0,2.0,2.0
1642605,2022400496,1612709929,5.0,4.0,2.0,0.0,9.0,1.0,1.0,1.0
1630284,2022400496,1612709929,24.0,4.0,5.0,1.0,15.0,7.0,6.0,3.0
1628387,2022400496,1612709929,9.0,0.0,9.0,2.0,7.0,4.0,0.0,0.0
1641848,2022400496,1612709929,7.0,1.0,2.0,0.0,5.0,2.0,1.0,1.0
1641935,2022400496,1612709929,13.0,5.0,6.0,0.0,12.0,5.0,3.0,2.0
1641934,2022400496,1612709929,0.0,0.0,0.0,0.0,1.0,0.0,0.0,0.0
1630651,2022400499,1612709933,8.0,1.0,9.0,2.0,10.0,2.0,1.0,1.0
1641941,2022400499,1612709933,25.0,4.0,7.0,1.0,11.0,7.0,5.0,5.0
1631376,2022400499,1612709933,10.0,1.0,14.0,3.0,6.0,4.0,3.0,1.0
1630310,2022400499,1612709933,19.0,10.0,6.0,1.0,15.0,4.0,7.0,6.0
1642568,2022400499,1612709933,20.0,2.0,6.0,0.0,13.0,7.0,2.0,2.0
1630812,2022400499,1612709933,11.0,1.0,4.0,0.0,5.0,4.0,2.0,2.0
1631173,2022400499,1612709933,22.0,3.0,5.0,0.0,18.0,7.0,2.0,2.0
1642501,2022400499,1612709933,4.0,0.0,3.0,0.0,1.0,1.0,1.0,1.0
1642504,2022400499,1612709889,16.0,2.0,7.0,0.0,15.0,6.0,0.0,0.0
1642502,2022400499,1612709889,4.0,3.0,6.0,0.0,6.0,2.0,1.0,0.0
1631489,2022400499,1612709889,4.0,2.0,8.0,1.0,3.0,1.0,1.0,1.0
1631451,2022400499,1612709889,13.0,3.0,4.0,0.0,18.0,6.0,2.0,1.0
1641991,2022400499,1612709889,6.0,3.0,3.0,1.0,9.0,2.0,1.0,1.0
1642046,2022400499,1612709889,29.0,5.0,4.0,1.0,17.0,9.0,2.0,2.0
1641939,2022400499,1612709889,10.0,1.0,5.0,0.0,5.0,4.0,1.0,1.0
1630186,2022400499,1612709889,21.0,5.0,2.0,0.0,19.0,9.0,2.0,0.0
1642637,2022400499,1612709889,11.0,1.0,3.0,0.0,8.0,4.0,1.0,1.0
1630567,0022401054,1610612761,15.0,5.0,7.0,1.0,17.0,6.0,3.0,3.0
1629628,0022401054,1610612761,15.0,5.0,6.0,0.0,13.0,5.0,5.0,4.0
1631115,0022401054,1610612761,23.0,3.0,12.0,1.0,14.0,10.0,2.0,2.0
1642266,0022401054,1610612761,11.0,6.0,2.0,0.0,14.0,4.0,2.0,2.0
1642347,0022401054,1610612761,7.0,8.0,5.0,0.0,8.0,2.0,2.0,1.0
1630534,0022401054,1610612761,12.0,2.0,8.0,0.0,8.0,5.0,0.0,0.0
1642419,0022401054,1610612761,8.0,0.0,10.0,0.0,5.0,2.0,2.0,2.0
1642367,0022401054,1610612761,16.0,5.0,7.0,1.0,10.0,5.0,6.0,6.0
1631306,0022401054,1610612761,7.0,0.0,3.0,0.0,7.0,3.0,1.0,0.0
1630639,0022401054,1610612761,2.0,0.0,3.0,0.0,6.0,1.0,0.0,0.0
1630533,0022401054,1610612751,13.0,1.0,6.0,0.0,14.0,4.0,3.0,3.0
1641730,0022401054,1610612751,5.0,2.0,5.0,1.0,9.0,1.0,2.0,2.0
1629651,0022401054,1610612751,22.0,1.0,11.0,5.0,14.0,10.0,4.0,2.0
1630553,0022401054,1610612751,8.0,5.0,2.0,1.0,10.0,2.0,5.0,4.0
1626156,0022401054,1610612751,5.0,2.0,5.0,0.0,8.0,2.0,0.0,0.0
1630570,0022401054,1610612751,9.0,3.0,4.0,1.0,8.0,4.0,1.0,1.0
1641721,0022401054,1610612751,5.0,1.0,4.0,0.0,7.0,2.0,0.0,0.0
1641727,0022401054,1610612751,9.0,1.0,2.0,0.0,10.0,3.0,0.0,0.0
1630592,0022401054,1610612751,10.0,0.0,4.0,1.0,7.0,3.0,4.0,4.0
1627752,0022401057,1610612749,15.0,5.0,0.0,0.0,9.0,6.0,0.0,0.0
1628398,0022401057,1610612749,10.0,4.0,7.0,2.0,10.0,3.0,6.0,4.0
201572,0022401057,1610612749,26.0,3.0,7.0,3.0,17.0,12.0,0.0,0.0
1629018,0022401057,1610612749,16.0,0.0,4.0,0.0,15.0,5.0,2.0,2.0
1629645,0022401057,1610612749,12.0,8.0,7.0,0.0,15.0,5.0,2.0,2.0
1631260,0022401057,1610612749,15.0,5.0,5.0,0.0,9.0,5.0,0.0,0.0
1626192,0022401057,1610612749,6.0,2.0,8.0,1.0,5.0,3.0,0.0,0.0
1631157,0022401057,1610612749,17.0,3.0,1.0,0.0,9.0,7.0,3.0,1.0
1629008,0022401057,1610612743,23.0,4.0,10.0,0.0,9.0,7.0,4.0,3.0
203932,0022401057,1610612743,7.0,1.0,2.0,0.0,6.0,3.0,0.0,0.0
203999,0022401057,1610612743,39.0,10.0,10.0,0.0,25.0,16.0,7.0,4.0
1631128,0022401057,1610612743,19.0,6.0,10.0,0.0,15.0,8.0,0.0,0.0
1627750,0022401057,1610612743,17.0,6.0,4.0,1.0,15.0,6.0,5.0,4.0
1631212,0022401057,1610612743,12.0,2.0,7.0,3.0,8.0,6.0,0.0,0.0
201566,0022401057,1610612743,6.0,6.0,2.0,0.0,9.0,2.0,4.0,1.0
1629618,0022401057,1610612743,4.0,0.0,0.0,0.0,2.0,1.0,2.0,1.0
201599,0022401057,1610612743,0.0,1.0,1.0,0.0,1.0,0.0,0.0,0.0
1642461,0022401057,1610612743,0.0,0.0,0.0,0.0,0.0,0.0,0.0,0.0
1642258,0022401049,1610612737,18.0,1.0,4.0,0.0,16.0,8.0,2.0,2.0
1631243,0022401049,1610612737,4.0,1.0,4.0,0.0,3.0,0.0,4.0,4.0
1630168,0022401049,1610612737,14.0,3.0,15.0,0.0,14.0,6.0,0.0,0.0
1630700,0022401049,1610612737,19.0,10.0,8.0,0.0,14.0,7.0,2.0,2.0
1629027,0022401049,1610612737,19.0,12.0,2.0,0.0,17.0,7.0,2.0,2.0
1627777,0022401049,1610612737,12.0,2.0,0.0,0.0,9.0,4.0,2.0,1.0
1627747,0022401049,1610612737,5.0,0.0,1.0,0.0,9.0,2.0,0.0,0.0
1629611,0022401049,1610612737,16.0,1.0,4.0,0.0,12.0,7.0,0.0,0.0
1631230,0022401049,1610612737,2.0,0.0,3.0,0.0,4.0,1.0,0.0,0.0
1630249,0022401049,1610612737,5.0,1.0,1.0,1.0,2.0,1.0,3.0,2.0
1629726,0022401049,1610612737,0.0,1.0,0.0,0.0,3.0,0.0,0.0,0.0
1631106,0022401049,1610612745,10.0,0.0,14.0,0.0,10.0,3.0,4.0,4.0
1628415,0022401049,1610612745,10.0,2.0,0.0,0.0,9.0,3.0,2.0,2.0
1630578,0022401049,1610612745,18.0,5.0,9.0,1.0,19.0,8.0,2.0,2.0
1630224,0022401049,1610612745,32.0,4.0,11.0,0.0,24.0,14.0,5.0,3.0
1627832,0022401049,1610612745,21.0,3.0,4.0,0.0,14.0,5.0,8.0,8.0
1631095,0022401049,1610612745,17.0,1.0,5.0,0.0,12.0,5.0,4.0,4.0
203500,0022401049,1610612745,7.0,1.0,7.0,0.0,2.0,2.0,4.0,3.0
1628988,0022401049,1610612745,6.0,1.0,1.0,1.0,3.0,2.0,0.0,0.0
1642377,0022401050,1610612763,10.0,5.0,6.0,0.0,10.0,3.0,2.0,2.0
1630583,0022401050,1610612763,9.0,3.0,5.0,0.0,7.0,3.0,2.0,1.0
1628991,0022401050,1610612763,19.0,1.0,3.0,2.0,12.0,8.0,2.0,1.0
1630217,0022401050,1610612763,21.0,6.0,4.0,1.0,16.0,8.0,3.0,3.0
1630590,0022401050,1610612763,16.0,10.0,5.0,0.0,8.0,7.0,0.0,0.0
1628379,0022401050,1610612763,8.0,6.0,3.0,0.0,9.0,3.0,0.0,0.0
1630643,0022401050,1610612763,15.0,0.0,6.0,1.0,13.0,6.0,2.0,2.0
1631246,0022401050,1610612763,15.0,1.0,4.0,0.0,7.0,5.0,2.0,2.0
1641744,0022401050,1610612763,15.0,2.0,7.0,0.0,8.0,5.0,3.0,3.0
1629723,0022401050,1610612763,8.0,3.0,7.0,0.0,5.0,3.0,0.0,0.0
1642285,0022401050,1610612763,4.0,1.0,2.0,0.0,3.0,1.0,2.0,2.0
1642262,0022401050,1610612762,8.0,1.0,1.0,0.0,9.0,3.0,0.0,0.0
1642271,0022401050,1610612762,13.0,0.0,2.0,0.0,6.0,4.0,3.0,3.0
1631117,0022401050,1610612762,7.0,1.0,9.0,2.0,6.0,3.0,0.0,0.0
1629012,0022401050,1610612762,15.0,5.0,3.0,0.0,10.0,4.0,6.0,6.0
1642268,0022401050,1610612762,21.0,4.0,3.0,0.0,13.0,7.0,5.0,3.0
1631131,0022401050,1610612762,6.0,0.0,3.0,0.0,4.0,2.0,3.0,2.0
1630231,0022401050,1610612762,5.0,1.0,2.0,0.0,5.0,2.0,1.0,1.0
1641718,0022401050,1610612762,6.0,1.0,1.0,0.0,8.0,1.0,4.0,3.0
1641729,0022401050,1610612762,9.0,5.0,1.0,1.0,5.0,3.0,0.0,0.0
1630548,0022401050,1610612762,13.0,5.0,1.0,0.0,10.0,5.0,0.0,0.0
1630531,0022401050,1610612762,0.0,0.0,1.0,0.0,0.0,0.0,0.0,0.0
1629004,0022401050,1610612762,0.0,1.0,1.0,0.0,2.0,0.0,0.0,0.0
1630532,0022401045,1610612753,26.0,4.0,8.0,0.0,22.0,8.0,10.0,9.0
1631094,0022401045,1610612753,32.0,6.0,7.0,0.0,24.0,13.0,6.0,4.0
1628976,0022401045,1610612753,5.0,2.0,11.0,2.0,5.0,2.0,0.0,0.0
203484,0022401045,1610612753,3.0,1.0,2.0,0.0,2.0,1.0,0.0,0.0
202709,0022401045,1610612753,5.0,2.0,3.0,0.0,5.0,2.0,1.0,1.0
1631216,0022401045,1610612753,12.0,0.0,0.0,0.0,7.0,4.0,0.0,0.0
1641710,0022401045,1610612753,20.0,0.0,5.0,2.0,18.0,8.0,2.0,2.0
203914,0022401045,1610612753,6.0,5.0,5.0,0.0,4.0,2.0,0.0,0.0
1629048,0022401045,1610612753,2.0,2.0,9.0,0.0,3.0,1.0,0.0,0.0
1630182,0022401045,1610612766,13.0,0.0,0.0,0.0,5.0,4.0,3.0,2.0
1628970,0022401045,1610612766,11.0,4.0,6.0,0.0,19.0,5.0,1.0,0.0
1631109,0022401045,1610612766,8.0,4.0,13.0,1.0,7.0,4.0,0.0,0.0
1629610,0022401045,1610612766,7.0,2.0,1.0,0.0,11.0,3.0,0.0,0.0
1630163,0022401045,1610612766,25.0,9.0,1.0,0.0,13.0,9.0,4.0,4.0
1642354,0022401045,1610612766,7.0,0.0,1.0,0.0,7.0,3.0,0.0,0.0
1641733,0022401045,1610612766,13.0,3.0,2.0,0.0,11.0,5.0,0.0,0.0
203994,0022401045,1610612766,5.0,3.0,5.0,2.0,5.0,2.0,2.0,1.0
1629006,0022401045,1610612766,3.0,1.0,1.0,0.0,2.0,0.0,4.0,3.0
1642275,0022401045,1610612766,8.0,0.0,7.0,0.0,4.0,1.0,6.0,5.0
203552,0022401045,1610612766,4.0,0.0,1.0,0.0,4.0,1.0,1.0,1.0
1631217,0022401045,1610612766,0.0,0.0,0.0,0.0,0.0,0.0,0.0,0.0
1642396,2022400494,1612709902,21.0,4.0,4.0,3.0,17.0,7.0,1.0,1.0
1642050,2022400494,1612709902,22.0,0.0,7.0,1.0,13.0,9.0,3.0,1.0
1630296,2022400494,1612709902,21.0,5.0,7.0,2.0,11.0,7.0,2.0,2.0
1641881,2022400494,1612709902,19.0,3.0,0.0,0.0,16.0,8.0,0.0,0.0
1641879,2022400494,1612709902,12.0,13.0,1.0,0.0,10.0,4.0,2.0,2.0
1642379,2022400494,1612709902,15.0,9.0,6.0,1.0,9.0,6.0,0.0,0.0
1642764,2022400494,1612709902,6.0,1.0,3.0,0.0,2.0,2.0,0.0,0.0
1642429,2022400494,1612709902,8.0,0.0,1.0,0.0,7.0,3.0,0.0,0.0
1642679,2022400494,1612709902,6.0,0.0,8.0,0.0,3.0,2.0,1.0,1.0
1641888,2022400494,1612709905,20.0,3.0,6.0,0.0,11.0,7.0,0.0,0.0
1626169,2022400494,1612709905,13.0,6.0,7.0,1.0,11.0,5.0,1.0,0.0
1630283,2022400494,1612709905,14.0,1.0,7.0,2.0,7.0,7.0,1.0,0.0
1642439,2022400494,1612709905,33.0,8.0,8.0,0.0,18.0,9.0,8.0,8.0
1642355,2022400494,1612709905,17.0,9.0,6.0,0.0,18.0,5.0,1.0,1.0
1642438,2022400494,1612709905,0.0,5.0,3.0,0.0,2.0,0.0,0.0,0.0
1642618,2022400494,1612709905,9.0,3.0,5.0,0.0,6.0,4.0,0.0,0.0
1641811,2022400494,1612709905,28.0,1.0,2.0,0.0,18.0,12.0,1.0,1.0
1642547,2022400494,1612709905,0.0,0.0,0.0,0.0,1.0,0.0,0.0,0.0
1642053,2022400494,1612709905,0.0,1.0,1.0,0.0,1.0,0.0,0.0,0.0
1627780,0022401047,1610612744,4.0,2.0,7.0,0.0,2.0,2.0,0.0,0.0
202710,0022401047,1610612744,11.0,2.0,6.0,0.0,12.0,5.0,1.0,1.0
203110,0022401047,1610612744,2.0,3.0,5.0,0.0,4.0,1.0,0.0,0.0
1630541,0022401047,1610612744,7.0,2.0,1.0,0.0,13.0,3.0,1.0,1.0
1641764,0022401047,1610612744,14.0,4.0,3.0,0.0,16.0,6.0,1.0,0.0
1627741,0022401047,1610612744,10.0,0.0,3.0,0.0,8.0,3.0,2.0,2.0
1642366,0022401047,1610612744,3.0,3.0,1.0,0.0,5.0,1.0,0.0,0.0
1630228,0022401047,1610612744,15.0,2.0,2.0,0.0,10.0,4.0,9.0,6.0
1630611,0022401047,1610612744,13.0,0.0,3.0,0.0,8.0,5.0,0.0,0.0
1626172,0022401047,1610612744,3.0,2.0,5.0,1.0,1.0,1.0,2.0,1.0
1630311,0022401047,1610612744,0.0,0.0,0.0,0.0,2.0,0.0,0.0,0.0
1628995,0022401047,1610612744,0.0,0.0,1.0,0.0,0.0,0.0,0.0,0.0
1631218,0022401047,1610612744,4.0,0.0,1.0,0.0,2.0,2.0,0.0,0.0
203952,0022401047,1610612748,10.0,5.0,5.0,3.0,13.0,4.0,0.0,0.0
1628389,0022401047,1610612748,27.0,1.0,8.0,1.0,18.0,9.0,9.0,7.0
1642276,0022401047,1610612748,14.0,0.0,10.0,1.0,11.0,7.0,0.0,0.0
202692,0022401047,1610612748,17.0,0.0,2.0,0.0,8.0,6.0,0.0,0.0
1629639,0022401047,1610612748,20.0,7.0,3.0,0.0,10.0,7.0,2.0,2.0
1630558,0022401047,1610612748,12.0,7.0,5.0,0.0,8.0,5.0,1.0,0.0
1629312,0022401047,1610612748,0.0,3.0,6.0,0.0,2.0,0.0,0.0,0.0
203937,0022401047,1610612748,7.0,3.0,3.0,0.0,3.0,3.0,0.0,0.0
1641796,0022401047,1610612748,5.0,0.0,0.0,0.0,4.0,2.0,0.0,0.0
1631170,0022401047,1610612748,0.0,0.0,0.0,0.0,0.0,0.0,0.0,0.0
1642691,2022400490,1612709918,15.0,0.0,5.0,1.0,9.0,6.0,0.0,0.0
1641986,2022400490,1612709918,19.0,2.0,3.0,0.0,13.0,8.0,2.0,1.0
1642499,2022400490,1612709918,6.0,1.0,7.0,0.0,12.0,3.0,0.0,0.0
1629015,2022400490,1612709918,17.0,1.0,2.0,0.0,14.0,8.0,2.0,0.0
1641789,2022400490,1612709918,18.0,6.0,3.0,1.0,17.0,6.0,4.0,4.0
1631160,2022400490,1612709918,9.0,20.0,8.0,1.0,10.0,2.0,3.0,2.0
1642481,2022400490,1612709918,8.0,2.0,1.0,2.0,4.0,4.0,0.0,0.0
1642540,2022400490,1612709918,16.0,0.0,6.0,1.0,10.0,6.0,3.0,3.0
1631211,2022400490,1612709911,22.0,6.0,7.0,0.0,14.0,8.0,1.0,1.0
1631159,2022400490,1612709911,25.0,4.0,10.0,2.0,18.0,9.0,4.0,3.0
1642399,2022400490,1612709911,12.0,1.0,7.0,4.0,7.0,6.0,3.0,0.0
1641735,2022400490,1612709911,11.0,13.0,3.0,0.0,10.0,4.0,1.0,1.0
1641803,2022400490,1612709911,21.0,5.0,5.0,1.0,14.0,9.0,1.0,0.0
1642558,2022400490,1612709911,6.0,0.0,3.0,1.0,6.0,3.0,0.0,0.0
1641526,2022400490,1612709911,19.0,0.0,6.0,0.0,11.0,7.0,1.0,1.0
1630219,2022400490,1612709911,13.0,6.0,1.0,0.0,5.0,4.0,1.0,1.0
1641909,2022400490,1612709911,2.0,0.0,0.0,0.0,2.0,1.0,0.0,0.0
1642442,2022400490,1612709911,3.0,0.0,1.0,0.0,3.0,1.0,2.0,1.0
1642475,2022400490,1612709911,2.0,0.0,4.0,0.0,2.0,1.0,0.0,0.0
1629026,0022401052,1610612760,11.0,6.0,4.0,0.0,7.0,4.0,0.0,0.0
1631096,0022401052,1610612760,18.0,2.0,10.0,0.0,14.0,7.0,4.0,3.0
1628392,0022401052,1610612760,4.0,5.0,10.0,2.0,3.0,2.0,1.0,0.0
1629652,0022401052,1610612760,13.0,1.0,4.0,1.0,9.0,5.0,0.0,0.0
1628983,0022401052,1610612760,32.0,5.0,8.0,0.0,23.0,10.0,10.0,9.0
1630198,0022401052,1610612760,14.0,3.0,3.0,0.0,7.0,5.0,0.0,0.0
1641794,0022401052,1610612760,5.0,0.0,0.0,0.0,4.0,2.0,0.0,0.0
1627936,0022401052,1610612760,15.0,6.0,5.0,2.0,8.0,5.0,3.0,3.0
1631119,0022401052,1610612760,9.0,2.0,8.0,1.0,6.0,3.0,2.0,1.0
1641745,0022401052,1610612760,0.0,0.0,0.0,0.0,1.0,0.0,0.0,0.0
1642382,0022401052,1610612760,0.0,0.0,0.0,0.0,0.0,0.0,0.0,0.0
201942,0022401052,1610612758,10.0,6.0,6.0,1.0,15.0,4.0,1.0,1.0
1631099,0022401052,1610612758,28.0,0.0,6.0,3.0,15.0,9.0,2.0,1.0
1627734,0022401052,1610612758,8.0,7.0,12.0,1.0,12.0,3.0,4.0,2.0
203897,0022401052,1610612758,19.0,7.0,2.0,0.0,16.0,7.0,1.0,1.0
1631165,0022401052,1610612758,12.0,4.0,3.0,2.0,11.0,4.0,0.0,0.0
1631222,0022401052,1610612758,11.0,2.0,2.0,0.0,7.0,4.0,2.0,1.0
202685,0022401052,1610612758,2.0,1.0,2.0,0.0,4.0,0.0,2.0,2.0
1628365,0022401052,1610612758,6.0,2.0,2.0,0.0,6.0,3.0,0.0,0.0
1642269,0022401052,1610612758,0.0,0.0,0.0,0.0,1.0,0.0,0.0,0.0
203926,0022401052,1610612758,9.0,0.0,0.0,0.0,4.0,3.0,0.0,0.0
1642384,0022401052,1610612758,0.0,1.0,0.0,0.0,0.0,0.0,0.0,0.0
1630678,0022401052,1610612758,0.0,1.0,0.0,0.0,0.0,0.0,0.0,0.0
1642403,0022401052,1610612758,0.0,1.0,1.0,0.0,0.0,0.0,0.0,0.0
1630561,2022400491,1612709890,17,7,6,0,16,7,0,0
1631127,2022400491,1612709890,17,10,13,0,14,7,1,1
1642563,2022400491,1612709890,8,2,8,2,7,4,0,0
1630667,2022400491,1612709890,17,4,7,1,11,6,0,0
1630201,2022400491,1612709890,19,3,2,1,11,8,1,1
1642392,2022400491,1612709890,22,0,6,0,15,8,3,3
1642755,2022400491,1612709890,12,0,3,0,11,4,0,0
1642496,2022400491,1612709890,8,1,9,2,6,3,1,1
1641988,2022400491,1612709890,0,0,3,0,3,0,0,0
1642565,2022400491,1612709890,6,0,1,0,4,2,0,0
1629051,2022400491,1612709890,2,1,2,0,2,1,0,0
1642684,2022400491,1612709890,2,0,2,0,1,1,0,0
1630207,2022400491,1612709926,4,0,3,0,5,2,0,0
1641713,2022400491,1612709926,15,1,5,1,13,3,5,5
1630654,2022400491,1612709926,8,2,4,1,10,4,1,0
1630569,2022400491,1612709926,16,2,2,0,12,7,0,0
1642530,2022400491,1612709926,3,2,1,0,5,1,3,1
1630525,2022400491,1612709926,17,4,1,0,12,7,0,0
1641869,2022400491,1612709926,12,2,6,0,9,5,2,2
1631174,2022400491,1612709926,5,1,1,1,3,1,1,1
1641970,2022400491,1612709926,7,0,2,1,5,3,0,0
1642492,2022400491,1612709926,2,2,4,1,2,1,0,0
1641938,2022400491,1612709926,4,0,0,1,5,0,3,2
1629666,2022400491,1612709926,0,0,1,0,0,0,0,0
1628432,2022400492,1612709913,16.0,4.0,5.0,0.0,14.0,6.0,0.0,0.0
1642490,2022400492,1612709913,20.0,0.0,10.0,2.0,20.0,9.0,2.0,1.0
1630272,2022400492,1612709913,13.0,2.0,12.0,1.0,9.0,5.0,1.0,1.0
1630342,2022400492,1612709913,10.0,2.0,5.0,4.0,11.0,4.0,0.0,0.0
1630622,2022400492,1612709913,27.0,11.0,5.0,0.0,25.0,10.0,1.0,0.0
1631462,2022400492,1612709913,14.0,4.0,3.0,0.0,8.0,5.0,0.0,0.0
1629955,2022400492,1612709913,9.0,4.0,2.0,1.0,4.0,4.0,0.0,0.0
204105,2022400492,1612709913,5.0,2.0,3.0,0.0,6.0,2.0,0.0,0.0
1631257,2022400492,1612709908,14.0,2.0,6.0,0.0,5.0,5.0,4.0,3.0
1629098,2022400492,1612709908,15.0,1.0,7.0,0.0,12.0,5.0,1.0,1.0
1642368,2022400492,1612709908,16.0,0.0,11.0,2.0,8.0,6.0,3.0,2.0
1631466,2022400492,1612709908,11.0,3.0,7.0,0.0,9.0,4.0,3.0,3.0
1630227,2022400492,1612709908,8.0,6.0,3.0,2.0,14.0,2.0,2.0,2.0
1631223,2022400492,1612709908,14.0,3.0,1.0,1.0,9.0,6.0,3.0,1.0
1641806,2022400492,1612709908,24.0,5.0,5.0,0.0,17.0,9.0,3.0,2.0
1642592,2022400492,1612709908,2.0,0.0,1.0,0.0,3.0,1.0,0.0,0.0
1642591,2022400492,1612709908,4.0,1.0,5.0,0.0,7.0,2.0,1.0,0.0
1627748,2022400492,1612709908,11.0,0.0,3.0,2.0,8.0,4.0,2.0,1.0
1629622,0022401051,1610612739,5.0,3.0,2.0,0.0,6.0,2.0,0.0,0.0
1630596,0022401051,1610612739,21.0,4.0,12.0,4.0,15.0,8.0,7.0,5.0
1628386,0022401051,1610612739,14.0,2.0,8.0,0.0,11.0,6.0,3.0,2.0
1630241,0022401051,1610612739,14.0,3.0,2.0,0.0,7.0,5.0,0.0,0.0
1629636,0022401051,1610612739,27.0,8.0,5.0,0.0,19.0,11.0,4.0,4.0
1629631,0022401051,1610612739,11.0,0.0,3.0,0.0,10.0,5.0,0.0,0.0
1629660,0022401051,1610612739,25.0,3.0,2.0,0.0,15.0,9.0,3.0,3.0
1629731,0022401051,1610612739,3.0,1.0,1.0,2.0,2.0,1.0,0.0,0.0
1630171,0022401051,1610612739,2.0,3.0,4.0,0.0,3.0,1.0,0.0,0.0
1629750,0022401051,1610612739,0.0,1.0,2.0,0.0,0.0,0.0,0.0,0.0
1630166,0022401051,1610612757,17.0,6.0,10.0,0.0,17.0,6.0,6.0,2.0
1641739,0022401051,1610612757,13.0,1.0,4.0,0.0,13.0,5.0,2.0,1.0
1642270,0022401051,1610612757,18.0,2.0,12.0,3.0,10.0,6.0,7.0,4.0
1631101,0022401051,1610612757,18.0,2.0,4.0,0.0,20.0,8.0,1.0,1.0
1629014,0022401051,1610612757,7.0,8.0,1.0,0.0,12.0,2.0,2.0,2.0
1630703,0022401051,1610612757,18.0,6.0,6.0,0.0,12.0,6.0,4.0,4.0
1630625,0022401051,1610612757,3.0,2.0,4.0,0.0,6.0,1.0,0.0,0.0
1641871,0022401051,1610612757,2.0,0.0,1.0,0.0,4.0,1.0,0.0,0.0
1629680,0022401051,1610612757,15.0,1.0,3.0,0.0,6.0,5.0,0.0,0.0
1630556,0022401048,1610612742,0.0,0.0,4.0,0.0,0.0,0.0,0.0,0.0
1630230,0022401048,1610612742,38.0,1.0,7.0,0.0,25.0,17.0,5.0,3.0
1630539,0022401048,1610612742,9.0,2.0,8.0,1.0,6.0,3.0,2.0,2.0
203915,0022401048,1610612742,13.0,7.0,4.0,2.0,11.0,4.0,4.0,3.0
202691,0022401048,1610612742,6.0,1.0,3.0,0.0,11.0,2.0,2.0,2.0
1631108,0022401048,1610612742,6.0,2.0,1.0,0.0,5.0,2.0,2.0,2.0
203939,0022401048,1610612742,4.0,3.0,3.0,0.0,2.0,1.0,2.0,2.0
1630314,0022401048,1610612742,22.0,3.0,1.0,0.0,11.0,7.0,8.0,7.0
1630702,0022401048,1610612742,15.0,0.0,2.0,0.0,9.0,7.0,0.0,0.0
1628384,0022401048,1610612752,35.0,1.0,5.0,1.0,24.0,15.0,2.0,2.0
1628404,0022401048,1610612752,16.0,11.0,12.0,0.0,9.0,6.0,2.0,2.0
1626157,0022401048,1610612752,26.0,11.0,12.0,0.0,19.0,10.0,8.0,4.0
1628969,0022401048,1610612752,21.0,1.0,1.0,1.0,14.0,9.0,1.0,1.0
1626166,0022401048,1610612752,2.0,5.0,3.0,0.0,3.0,1.0,0.0,0.0
1630173,0022401048,1610612752,11.0,2.0,2.0,1.0,7.0,5.0,1.0,1.0
1629013,0022401048,1610612752,11.0,0.0,0.0,0.0,7.0,4.0,4.0,2.0
1642278,0022401048,1610612752,2.0,9.0,1.0,1.0,3.0,1.0,0.0,0.0
1641817,0022401048,1610612752,2.0,0.0,0.0,0.0,1.0,1.0,0.0,0.0
1626153,0022401048,1610612752,0.0,0.0,0.0,0.0,0.0,0.0,0.0,0.0
1641755,0022401048,1610612752,2.0,0.0,0.0,0.0,2.0,1.0,0.0,0.0
1642359,0022401048,1610612752,0.0,0.0,0.0,0.0,0.0,0.0,0.0,0.0
1630170,0022401046,1610612759,26.0,1.0,6.0,0.0,21.0,10.0,0.0,0.0
203084,0022401046,1610612759,9.0,3.0,4.0,0.0,9.0,1.0,6.0,6.0
202687,0022401046,1610612759,0.0,3.0,7.0,0.0,3.0,0.0,0.0,0.0
1642264,0022401046,1610612759,19.0,4.0,2.0,0.0,15.0,7.0,6.0,4.0
101108,0022401046,1610612759,3.0,3.0,1.0,1.0,4.0,1.0,0.0,0.0
1629640,0022401046,1610612759,10.0,3.0,5.0,0.0,9.0,3.0,4.0,4.0
1631110,0022401046,1610612759,2.0,0.0,4.0,1.0,4.0,1.0,0.0,0.0
1630577,0022401046,1610612759,4.0,2.0,6.0,0.0,7.0,1.0,2.0,2.0
1631104,0022401046,1610612759,5.0,0.0,3.0,0.0,7.0,2.0,0.0,0.0
1630572,0022401046,1610612759,11.0,1.0,2.0,0.0,7.0,4.0,2.0,0.0
1629162,0022401046,1610612759,2.0,1.0,0.0,0.0,3.0,1.0,0.0,0.0
1631103,0022401046,1610612759,5.0,0.0,1.0,0.0,2.0,2.0,0.0,0.0
1641709,0022401046,1610612765,14.0,3.0,6.0,0.0,10.0,6.0,2.0,1.0
202699,0022401046,1610612765,15.0,4.0,8.0,1.0,10.0,4.0,4.0,4.0
1631105,0022401046,1610612765,14.0,7.0,4.0,0.0,9.0,6.0,5.0,2.0
203501,0022401046,1610612765,12.0,4.0,2.0,0.0,7.0,4.0,3.0,3.0
203471,0022401046,1610612765,7.0,6.0,2.0,0.0,6.0,2.0,3.0,3.0
1627736,0022401046,1610612765,13.0,3.0,3.0,0.0,12.0,5.0,2.0,1.0
1631204,0022401046,1610612765,27.0,1.0,4.0,0.0,12.0,9.0,5.0,4.0
1631323,0022401046,1610612765,2.0,1.0,3.0,0.0,2.0,1.0,0.0,0.0
1630191,0022401046,1610612765,4.0,2.0,6.0,3.0,3.0,2.0,0.0,0.0
1641842,0022401046,1610612765,8.0,2.0,6.0,1.0,4.0,3.0,1.0,1.0
1630322,0022401046,1610612765,3.0,0.0,0.0,0.0,1.0,1.0,0.0,0.0
1630194,0022401046,1610612765,3.0,0.0,0.0,0.0,2.0,1.0,0.0,0.0
1641779,2022400493,1612709934,13,1,7,1,13,5,1,0
1631102,2022400493,1612709934,22,13,12,0,19,8,5,4
1642487,2022400493,1612709934,6,0,6,3,9,3,0,0
1642473,2022400493,1612709934,13,3,6,3,15,5,1,1
1631455,2022400493,1612709934,14,5,7,1,14,5,2,2
1629993,2022400493,1612709934,8,1,4,0,5,4,0,0
1642607,2022400493,1612709934,6,5,4,0,12,3,0,0
1628778,2022400493,1612709934,14,2,5,1,10,4,1,1
1630321,2022400493,1612709934,4,2,4,3,2,1,1,1
1642525,2022400493,1612709931,17,3,5,0,12,5,2,2
1641825,2022400493,1612709931,11,3,13,1,14,4,4,2
1631305,2022400493,1612709931,4,0,4,1,3,1,2,1
1642357,2022400493,1612709931,20,2,7,1,19,7,5,3
1642714,2022400493,1612709931,16,1,5,0,6,5,4,3
1642527,2022400493,1612709931,16,4,12,1,10,5,3,2
1642524,2022400493,1612709931,2,4,7,0,9,1,0,0
1642128,2022400493,1612709931,19,5,1,0,12,6,1,1
1642752,2022400493,1612709931,0,0,1,0,1,0,0,0
1629642,2022400488,1612709904,14.0,2.0,9.0,0.0,8.0,4.0,5.0,5.0
1642352,2022400488,1612709904,19.0,3.0,13.0,0.0,15.0,9.0,2.0,1.0
1642013,2022400488,1612709904,0.0,1.0,0.0,0.0,2.0,0.0,0.0,0.0
1630528,2022400488,1612709904,28.0,2.0,6.0,1.0,21.0,10.0,1.0,1.0
1641815,2022400488,1612709904,14.0,17.0,10.0,0.0,11.0,5.0,1.0,1.0
1631214,2022400488,1612709904,12.0,5.0,4.0,0.0,6.0,3.0,4.0,3.0
1641915,2022400488,1612709904,15.0,0.0,7.0,0.0,7.0,5.0,2.0,2.0
1641985,2022400488,1612709904,14.0,3.0,1.0,0.0,8.0,5.0,1.0,0.0
1642628,2022400488,1612709904,2.0,0.0,2.0,1.0,3.0,1.0,0.0,0.0
1642514,2022400488,1612709904,6.0,0.0,3.0,1.0,5.0,2.0,1.0,1.0
1631303,2022400488,1612709933,19.0,4.0,6.0,0.0,14.0,8.0,3.0,1.0
1641712,2022400488,1612709933,12.0,2.0,6.0,1.0,14.0,5.0,3.0,1.0
1631376,2022400488,1612709933,18.0,2.0,7.0,4.0,8.0,5.0,5.0,5.0
1631121,2022400488,1612709933,17.0,1.0,4.0,0.0,10.0,5.0,3.0,3.0
1630310,2022400488,1612709933,18.0,5.0,4.0,0.0,21.0,6.0,1.0,0.0
1631173,2022400488,1612709933,9.0,1.0,4.0,0.0,12.0,3.0,2.0,1.0
1630651,2022400488,1612709933,0.0,0.0,2.0,1.0,2.0,0.0,0.0,0.0
1630812,2022400488,1612709933,14.0,2.0,8.0,0.0,6.0,4.0,4.0,3.0
1642568,2022400488,1612709933,6.0,1.0,0.0,0.0,5.0,2.0,0.0,0.0
1641941,2022400488,1612709933,0.0,1.0,2.0,0.0,3.0,0.0,0.0,0.0
1628989,0022401042,1610612741,9.0,6.0,1.0,0.0,11.0,4.0,0.0,0.0
1641824,0022401042,1610612741,10.0,2.0,4.0,2.0,7.0,3.0,2.0,2.0
202696,0022401042,1610612741,13.0,2.0,8.0,0.0,12.0,5.0,2.0,2.0
1629632,0022401042,1610612741,37.0,4.0,3.0,1.0,22.0,11.0,11.0,10.0
1630581,0022401042,1610612741,26.0,9.0,7.0,1.0,11.0,8.0,10.0,8.0
1631207,0022401042,1610612741,14.0,2.0,3.0,0.0,10.0,5.0,0.0,0.0
1630172,0022401042,1610612741,6.0,2.0,4.0,1.0,9.0,3.0,0.0,0.0
1628380,0022401042,1610612741,0.0,1.0,2.0,0.0,1.0,0.0,0.0,0.0
1641763,0022401042,1610612741,0.0,0.0,2.0,0.0,0.0,0.0,0.0,0.0
1630188,0022401042,1610612741,14.0,3.0,9.0,0.0,8.0,6.0,1.0,0.0
1629008,0022401042,1610612743,16.0,2.0,6.0,1.0,18.0,7.0,2.0,1.0
1631212,0022401042,1610612743,24.0,0.0,6.0,4.0,12.0,8.0,8.0,6.0
201599,0022401042,1610612743,10.0,7.0,17.0,0.0,6.0,4.0,5.0,2.0
1631128,0022401042,1610612743,18.0,3.0,5.0,1.0,13.0,7.0,3.0,2.0
1627750,0022401042,1610612743,28.0,7.0,5.0,0.0,22.0,11.0,2.0,2.0
201566,0022401042,1610612743,14.0,10.0,5.0,0.0,14.0,5.0,4.0,3.0
1629618,0022401042,1610612743,2.0,3.0,2.0,0.0,3.0,1.0,0.0,0.0
1630192,0022401042,1610612743,7.0,2.0,3.0,3.0,6.0,3.0,0.0,0.0
1628427,0022401042,1610612743,0.0,0.0,3.0,0.0,3.0,0.0,0.0,0.0
1627740,2022400485,1612709927,24,9,9,0,18,10,1,1
1631219,2022400485,1612709927,4,0,4,1,5,2,0,0
1630641,2022400485,1612709927,10,0,6,3,6,5,2,0
1626159,2022400485,1612709927,17,7,6,0,11,7,1,1
1629808,2022400485,1612709927,25,6,4,0,16,9,1,1
1629056,2022400485,1612709927,44,2,2,0,22,16,0,0
1631231,2022400485,1612709927,12,6,2,0,8,5,0,0
1631400,2022400485,1612709927,2,3,2,0,1,1,0,0
1642667,2022400485,1612709927,2,0,1,0,2,1,0,0
1642395,2022400485,1612709927,0,1,0,0,0,0,0,0
1641856,2022400485,1612709917,18,0,4,1,18,6,4,3
1642444,2022400485,1612709917,9,2,2,0,6,3,1,1
1641777,2022400485,1612709917,13,2,14,2,12,4,2,2
1641847,2022400485,1612709917,16,2,4,0,15,6,0,0
1642019,2022400485,1612709917,14,7,6,0,14,6,0,0
1642597,2022400485,1612709917,6,0,4,0,3,3,0,0
1642595,2022400485,1612709917,20,0,1,0,10,8,1,1
1630895,2022400485,1612709917,11,1,2,0,5,3,2,2
1642701,2022400487,1612709918,9.0,0.0,2.0,0.0,12.0,3.0,0.0,0.0
1641986,2022400487,1612709918,12.0,7.0,4.0,1.0,15.0,5.0,1.0,1.0
1642499,2022400487,1612709918,11.0,4.0,13.0,2.0,8.0,4.0,3.0,3.0
1629015,2022400487,1612709918,19.0,8.0,8.0,0.0,17.0,7.0,3.0,3.0
1641789,2022400487,1612709918,36.0,4.0,5.0,1.0,17.0,12.0,3.0,3.0
1642481,2022400487,1612709918,7.0,0.0,7.0,7.0,5.0,2.0,2.0,2.0
1642540,2022400487,1612709918,8.0,0.0,4.0,0.0,4.0,2.0,3.0,2.0
1642691,2022400487,1612709918,11.0,0.0,2.0,1.0,11.0,4.0,0.0,0.0
1631211,2022400487,1612709911,25.0,1.0,3.0,0.0,18.0,8.0,3.0,3.0
1631159,2022400487,1612709911,29.0,4.0,12.0,4.0,25.0,9.0,7.0,6.0
1642399,2022400487,1612709911,14.0,2.0,15.0,4.0,12.0,7.0,0.0,0.0
1641735,2022400487,1612709911,20.0,6.0,9.0,0.0,14.0,8.0,1.0,1.0
1641803,2022400487,1612709911,24.0,9.0,9.0,0.0,17.0,8.0,2.0,2.0
1642558,2022400487,1612709911,0.0,1.0,1.0,1.0,3.0,0.0,0.0,0.0
1630219,2022400487,1612709911,11.0,1.0,2.0,0.0,7.0,4.0,2.0,2.0
1641526,2022400487,1612709911,0.0,0.0,7.0,0.0,6.0,0.0,2.0,0.0
1642396,2022400489,1612709902,34.0,0.0,4.0,0.0,29.0,13.0,4.0,2.0
1642050,2022400489,1612709902,15.0,6.0,6.0,2.0,11.0,5.0,4.0,3.0
1642679,2022400489,1612709902,8.0,1.0,6.0,0.0,6.0,4.0,0.0,0.0
1641881,2022400489,1612709902,10.0,2.0,2.0,1.0,8.0,4.0,0.0,0.0
1641879,2022400489,1612709902,9.0,12.0,8.0,1.0,13.0,3.0,2.0,2.0
1642379,2022400489,1612709902,22.0,7.0,7.0,1.0,13.0,8.0,4.0,2.0
1642631,2022400489,1612709902,0.0,0.0,3.0,2.0,0.0,0.0,0.0,0.0
1642429,2022400489,1612709902,11.0,1.0,6.0,0.0,10.0,5.0,1.0,1.0
1642764,2022400489,1612709902,9.0,2.0,2.0,0.0,5.0,4.0,0.0,0.0
1631306,2022400489,1612709905,14.0,1.0,5.0,0.0,14.0,6.0,2.0,1.0
1626169,2022400489,1612709905,10.0,6.0,4.0,2.0,9.0,3.0,3.0,3.0
1642618,2022400489,1612709905,8.0,4.0,10.0,0.0,9.0,4.0,0.0,0.0
1642439,2022400489,1612709905,2.0,2.0,9.0,0.0,11.0,1.0,1.0,0.0
1642355,2022400489,1612709905,39.0,4.0,6.0,1.0,22.0,14.0,6.0,5.0
1642547,2022400489,1612709905,5.0,1.0,3.0,0.0,7.0,2.0,0.0,0.0
1642438,2022400489,1612709905,5.0,2.0,1.0,0.0,5.0,2.0,0.0,0.0
1642053,2022400489,1612709905,19.0,2.0,12.0,1.0,16.0,8.0,2.0,2.0
1641888,2022400489,1612709905,0.0,0.0,2.0,0.0,0.0,0.0,0.0,0.0
1641811,2022400489,1612709905,20.0,2.0,0.0,0.0,11.0,6.0,5.0,4.0
1627759,0022401044,1610612738,9.0,0.0,2.0,0.0,8.0,4.0,0.0,0.0
1628369,0022401044,1610612738,25.0,8.0,7.0,0.0,15.0,8.0,8.0,4.0
204001,0022401044,1610612738,16.0,2.0,8.0,2.0,13.0,5.0,6.0,5.0
1628401,0022401044,1610612738,12.0,8.0,5.0,0.0,9.0,4.0,2.0,1.0
201950,0022401044,1610612738,5.0,3.0,1.0,0.0,11.0,2.0,0.0,0.0
1630202,0022401044,1610612738,22.0,2.0,5.0,0.0,18.0,8.0,2.0,1.0
1628436,0022401044,1610612738,13.0,3.0,8.0,1.0,7.0,6.0,2.0,1.0
1631248,0022401044,1610612738,9.0,1.0,7.0,1.0,6.0,3.0,0.0,0.0
1641809,0022401044,1610612738,0.0,0.0,0.0,0.0,0.0,0.0,0.0,0.0
1631120,0022401044,1610612738,0.0,1.0,0.0,0.0,1.0,0.0,0.0,0.0
1629674,0022401044,1610612738,2.0,0.0,2.0,0.0,1.0,1.0,0.0,0.0
1641775,0022401044,1610612738,0.0,0.0,0.0,0.0,1.0,0.0,0.0,0.0
201942,0022401044,1610612758,20.0,10.0,3.0,1.0,24.0,9.0,2.0,2.0
1631099,0022401044,1610612758,13.0,1.0,5.0,0.0,11.0,5.0,0.0,0.0
1627734,0022401044,1610612758,16.0,1.0,17.0,0.0,10.0,6.0,5.0,4.0
203897,0022401044,1610612758,14.0,2.0,5.0,0.0,16.0,6.0,1.0,1.0
1631165,0022401044,1610612758,14.0,4.0,3.0,0.0,7.0,5.0,3.0,2.0
202685,0022401044,1610612758,4.0,1.0,3.0,0.0,4.0,2.0,0.0,0.0
1631222,0022401044,1610612758,2.0,1.0,2.0,0.0,4.0,1.0,0.0,0.0
1628365,0022401044,1610612758,8.0,2.0,1.0,0.0,4.0,3.0,0.0,0.0
1626168,0022401044,1610612758,0.0,0.0,4.0,0.0,1.0,0.0,0.0,0.0
1642384,0022401044,1610612758,0.0,0.0,0.0,0.0,0.0,0.0,0.0,0.0
1630678,0022401044,1610612758,0.0,0.0,0.0,0.0,1.0,0.0,0.0,0.0
1642403,0022401044,1610612758,4.0,0.0,1.0,0.0,4.0,2.0,0.0,0.0
1630222,0022401044,1610612758,0.0,1.0,1.0,0.0,0.0,0.0,0.0,0.0
1642517,2022400486,1612709932,17.0,2.0,5.0,0.0,9.0,6.0,4.0,3.0
1641752,2022400486,1612709932,14.0,3.0,5.0,1.0,11.0,6.0,0.0,0.0
1642449,2022400486,1612709932,21.0,3.0,17.0,3.0,14.0,10.0,3.0,1.0
1631199,2022400486,1612709932,19.0,4.0,4.0,0.0,11.0,5.0,4.0,4.0
1642450,2022400486,1612709932,19.0,11.0,7.0,0.0,20.0,7.0,6.0,4.0
1642578,2022400486,1612709932,8.0,1.0,2.0,0.0,11.0,3.0,0.0,0.0
1642588,2022400486,1612709932,13.0,0.0,9.0,1.0,4.0,4.0,3.0,3.0
1642759,2022400486,1612709932,6.0,1.0,1.0,1.0,6.0,3.0,0.0,0.0
1642071,2022400486,1612709932,2.0,1.0,1.0,1.0,3.0,1.0,1.0,0.0
1631457,2022400486,1612709925,15.0,2.0,10.0,2.0,15.0,7.0,0.0,0.0
1642066,2022400486,1612709925,12.0,2.0,7.0,0.0,6.0,5.0,1.0,1.0
1641771,2022400486,1612709925,13.0,6.0,10.0,2.0,14.0,4.0,3.0,2.0
1630679,2022400486,1612709925,12.0,2.0,4.0,1.0,14.0,4.0,0.0,0.0
1630644,2022400486,1612709925,33.0,3.0,3.0,2.0,18.0,9.0,7.0,6.0
1629633,2022400486,1612709925,13.0,1.0,5.0,0.0,14.0,6.0,1.0,0.0
1641918,2022400486,1612709925,6.0,0.0,1.0,0.0,4.0,2.0,1.0,1.0
1630606,2022400486,1612709925,11.0,4.0,2.0,0.0,10.0,4.0,1.0,0.0
1626217,2022400486,1612709925,0.0,0.0,5.0,1.0,1.0,0.0,0.0,0.0
1630534,0022401039,1610612761,9.0,3.0,4.0,0.0,10.0,3.0,2.0,2.0
1630567,0022401039,1610612761,13.0,8.0,10.0,2.0,16.0,5.0,4.0,3.0
1627751,0022401039,1610612761,21.0,1.0,11.0,3.0,13.0,10.0,2.0,1.0
1642419,0022401039,1610612761,11.0,0.0,3.0,0.0,9.0,4.0,0.0,0.0
1630193,0022401039,1610612761,21.0,7.0,4.0,1.0,16.0,5.0,8.0,8.0
1642367,0022401039,1610612761,8.0,2.0,11.0,0.0,7.0,3.0,4.0,2.0
1630639,0022401039,1610612761,8.0,2.0,2.0,0.0,7.0,3.0,2.0,1.0
1642347,0022401039,1610612761,14.0,3.0,2.0,0.0,10.0,5.0,5.0,3.0
1631115,0022401039,1610612761,2.0,1.0,7.0,0.0,7.0,1.0,0.0,0.0
1630658,0022401039,1610612761,5.0,1.0,6.0,0.0,6.0,2.0,0.0,0.0
1642273,0022401039,1610612764,0.0,1.0,3.0,0.0,0.0,0.0,0.0,0.0
203114,0022401039,1610612764,9.0,5.0,2.0,0.0,7.0,2.0,5.0,5.0
1642259,0022401039,1610612764,16.0,2.0,5.0,3.0,19.0,6.0,9.0,3.0
1629673,0022401039,1610612764,23.0,1.0,1.0,1.0,13.0,8.0,2.0,2.0
1642267,0022401039,1610612764,15.0,6.0,11.0,0.0,15.0,6.0,3.0,2.0
1630551,0022401039,1610612764,0.0,2.0,5.0,1.0,1.0,0.0,0.0,0.0
1642358,0022401039,1610612764,17.0,3.0,6.0,0.0,9.0,5.0,6.0,6.0
203935,0022401039,1610612764,6.0,1.0,2.0,0.0,4.0,2.0,2.0,1.0
1641732,0022401039,1610612764,2.0,2.0,4.0,2.0,4.0,0.0,2.0,2.0
1641774,0022401039,1610612764,11.0,1.0,4.0,1.0,9.0,4.0,3.0,1.0
1630550,0022401039,1610612764,5.0,0.0,3.0,1.0,5.0,2.0,2.0,1.0
1641798,0022401039,1610612764,0.0,0.0,2.0,0.0,1.0,0.0,0.0,0.0
1630318,2022400484,1612709923,19.0,0.0,2.0,1.0,12.0,6.0,6.0,4.0
1631408,2022400484,1612709923,21.0,1.0,5.0,2.0,11.0,8.0,1.0,1.0
1641987,2022400484,1612709923,12.0,3.0,16.0,4.0,10.0,6.0,1.0,0.0
1631241,2022400484,1612709923,25.0,6.0,12.0,1.0,21.0,9.0,5.0,3.0
1642549,2022400484,1612709923,26.0,5.0,8.0,0.0,15.0,10.0,1.0,1.0
1627853,2022400484,1612709923,8.0,4.0,0.0,2.0,5.0,1.0,3.0,3.0
1628579,2022400484,1612709923,5.0,1.0,3.0,0.0,4.0,2.0,0.0,0.0
1630953,2022400484,1612709923,0.0,0.0,0.0,0.0,1.0,0.0,0.0,0.0
1627208,2022400484,1612709910,3.0,0.0,0.0,0.0,1.0,1.0,0.0,0.0
1642277,2022400484,1612709910,29.0,1.0,9.0,0.0,14.0,10.0,7.0,4.0
1642402,2022400484,1612709910,8.0,2.0,15.0,2.0,12.0,2.0,2.0,2.0
1629751,2022400484,1612709910,28.0,4.0,6.0,2.0,20.0,10.0,2.0,2.0
1642484,2022400484,1612709910,13.0,8.0,7.0,0.0,18.0,3.0,5.0,3.0
1630750,2022400484,1612709910,8.0,1.0,1.0,0.0,13.0,4.0,0.0,0.0
1642027,2022400484,1612709910,9.0,5.0,1.0,0.0,3.0,2.0,2.0,2.0
1630787,2022400484,1612709910,8.0,0.0,2.0,0.0,5.0,2.0,1.0,1.0
1631249,2022400484,1612709910,7.0,2.0,3.0,0.0,8.0,3.0,0.0,0.0
1629023,0022401040,1610612742,16.0,5.0,2.0,0.0,12.0,7.0,1.0,1.0
203076,0022401040,1610612742,12.0,3.0,6.0,1.0,9.0,6.0,0.0,0.0
1630539,0022401040,1610612742,13.0,0.0,9.0,0.0,5.0,5.0,5.0,3.0
202691,0022401040,1610612742,8.0,2.0,3.0,0.0,9.0,3.0,0.0,0.0
203915,0022401040,1610612742,16.0,12.0,1.0,0.0,10.0,7.0,2.0,0.0
1631108,0022401040,1610612742,10.0,2.0,5.0,0.0,9.0,3.0,2.0,2.0
1630230,0022401040,1610612742,22.0,2.0,4.0,0.0,15.0,9.0,2.0,2.0
203939,0022401040,1610612742,4.0,2.0,6.0,0.0,1.0,1.0,2.0,2.0
1630314,0022401040,1610612742,15.0,4.0,5.0,0.0,10.0,6.0,2.0,2.0
1630702,0022401040,1610612742,4.0,2.0,0.0,0.0,7.0,2.0,0.0,0.0
1629661,0022401040,1610612751,17.0,8.0,2.0,0.0,13.0,6.0,4.0,4.0
1630533,0022401040,1610612751,6.0,1.0,2.0,0.0,6.0,2.0,0.0,0.0
1629651,0022401040,1610612751,19.0,3.0,7.0,1.0,11.0,8.0,3.0,1.0
1630553,0022401040,1610612751,8.0,3.0,4.0,0.0,7.0,3.0,2.0,2.0
1631213,0022401040,1610612751,6.0,5.0,4.0,0.0,7.0,2.0,0.0,0.0
1630570,0022401040,1610612751,12.0,4.0,1.0,0.0,9.0,5.0,2.0,1.0
1630549,0022401040,1610612751,10.0,4.0,7.0,0.0,8.0,5.0,0.0,0.0
1630592,0022401040,1610612751,8.0,0.0,2.0,0.0,7.0,3.0,1.0,1.0
1641721,0022401040,1610612751,9.0,0.0,2.0,1.0,6.0,4.0,0.0,0.0
1641730,0022401040,1610612751,6.0,2.0,6.0,0.0,4.0,2.0,2.0,1.0
1630183,0022401037,1610612750,6.0,1.0,1.0,1.0,7.0,3.0,0.0,0.0
203944,0022401037,1610612750,9.0,2.0,6.0,0.0,7.0,3.0,5.0,3.0
203497,0022401037,1610612750,16.0,3.0,16.0,0.0,12.0,8.0,0.0,0.0
1630162,0022401037,1610612750,17.0,4.0,2.0,0.0,19.0,7.0,3.0,2.0
201144,0022401037,1610612750,7.0,5.0,4.0,1.0,5.0,3.0,0.0,0.0
1628978,0022401037,1610612750,9.0,4.0,9.0,0.0,13.0,4.0,0.0,0.0
1629675,0022401037,1610612750,20.0,2.0,3.0,0.0,13.0,8.0,2.0,1.0
1629638,0022401037,1610612750,6.0,2.0,2.0,0.0,7.0,2.0,0.0,0.0
1641740,0022401037,1610612750,6.0,1.0,2.0,1.0,5.0,3.0,0.0,0.0
1630568,0022401037,1610612750,2.0,0.0,0.0,0.0,1.0,1.0,0.0,0.0
1630545,0022401037,1610612750,0.0,1.0,0.0,0.0,0.0,0.0,0.0,0.0
1642265,0022401037,1610612750,0.0,0.0,0.0,0.0,0.0,0.0,0.0,0.0
1631169,0022401037,1610612750,5.0,0.0,0.0,0.0,2.0,2.0,0.0,0.0
1630538,0022401037,1610612750,0.0,1.0,0.0,0.0,0.0,0.0,0.0,0.0
1630174,0022401037,1610612754,17.0,1.0,7.0,0.0,9.0,7.0,0.0,0.0
1627783,0022401037,1610612754,14.0,4.0,6.0,0.0,16.0,6.0,2.0,2.0
1626167,0022401037,1610612754,7.0,1.0,9.0,4.0,10.0,3.0,0.0,0.0
1629614,0022401037,1610612754,6.0,5.0,3.0,0.0,7.0,3.0,0.0,0.0
1630169,0022401037,1610612754,24.0,11.0,4.0,1.0,16.0,9.0,3.0,3.0
1630167,0022401037,1610612754,20.0,1.0,1.0,0.0,10.0,7.0,0.0,0.0
1631097,0022401037,1610612754,11.0,2.0,6.0,0.0,8.0,3.0,5.0,5.0
1628418,0022401037,1610612754,6.0,0.0,2.0,0.0,5.0,1.0,4.0,4.0
204456,0022401037,1610612754,10.0,4.0,5.0,0.0,10.0,5.0,0.0,0.0
1641767,0022401037,1610612754,2.0,1.0,3.0,0.0,2.0,1.0,0.0,0.0
1641716,0022401037,1610612754,2.0,0.0,0.0,0.0,1.0,1.0,0.0,0.0
1631245,0022401037,1610612754,0.0,0.0,0.0,0.0,0.0,0.0,0.0,0.0
1642277,0022401037,1610612754,0.0,0.0,0.0,0.0,0.0,0.0,0.0,0.0
1628398,0022401043,1610612749,15.0,4.0,2.0,0.0,16.0,5.0,4.0,3.0
203507,0022401043,1610612749,31.0,5.0,10.0,0.0,19.0,12.0,13.0,6.0
201572,0022401043,1610612749,23.0,3.0,10.0,0.0,14.0,8.0,6.0,5.0
1627752,0022401043,1610612749,3.0,2.0,1.0,0.0,5.0,1.0,0.0,0.0
1631157,0022401043,1610612749,8.0,3.0,3.0,0.0,3.0,2.0,3.0,3.0
1629018,0022401043,1610612749,19.0,2.0,4.0,0.0,12.0,6.0,3.0,3.0
1631260,0022401043,1610612749,2.0,2.0,2.0,0.0,5.0,1.0,0.0,0.0
1629645,0022401043,1610612749,5.0,3.0,4.0,0.0,9.0,2.0,0.0,0.0
1642346,0022401043,1610612756,12.0,0.0,9.0,0.0,7.0,5.0,1.0,0.0
201142,0022401043,1610612756,38.0,5.0,8.0,3.0,21.0,11.0,10.0,9.0
1630208,0022401043,1610612756,10.0,1.0,10.0,1.0,8.0,4.0,2.0,2.0
1626164,0022401043,1610612756,19.0,12.0,7.0,0.0,18.0,7.0,5.0,5.0
1631221,0022401043,1610612756,6.0,3.0,5.0,0.0,6.0,2.0,0.0,0.0
1626220,0022401043,1610612756,3.0,1.0,2.0,0.0,3.0,1.0,0.0,0.0
1626145,0022401043,1610612756,8.0,3.0,3.0,0.0,8.0,4.0,0.0,0.0
1628998,0022401043,1610612756,5.0,0.0,4.0,0.0,3.0,2.0,0.0,0.0
1642345,0022401043,1610612756,4.0,0.0,2.0,0.0,3.0,2.0,0.0,0.0
1628960,0022401043,1610612756,3.0,0.0,2.0,0.0,5.0,1.0,0.0,0.0
1627827,0022401038,1610612747,14.0,0.0,7.0,0.0,7.0,5.0,0.0,0.0
2544,0022401038,1610612747,24.0,7.0,6.0,0.0,18.0,9.0,7.0,6.0
1629637,0022401038,1610612747,4.0,0.0,4.0,1.0,4.0,2.0,0.0,0.0
1630559,0022401038,1610612747,18.0,4.0,6.0,0.0,16.0,7.0,4.0,3.0
1629029,0022401038,1610612747,32.0,7.0,7.0,0.0,23.0,9.0,11.0,10.0
1630692,0022401038,1610612747,1.0,0.0,1.0,0.0,0.0,0.0,2.0,1.0
1629060,0022401038,1610612747,5.0,0.0,3.0,0.0,4.0,2.0,2.0,1.0
1629020,0022401038,1610612747,1.0,1.0,4.0,0.0,1.0,0.0,2.0,1.0
1629216,0022401038,1610612747,4.0,0.0,1.0,0.0,6.0,2.0,0.0,0.0
1642261,0022401038,1610612747,3.0,0.0,0.0,0.0,1.0,1.0,0.0,0.0
1641998,0022401038,1610612747,0.0,0.0,0.0,0.0,0.0,0.0,0.0,0.0
1630532,0022401038,1610612753,32.0,9.0,5.0,0.0,26.0,13.0,3.0,3.0
1631094,0022401038,1610612753,30.0,1.0,7.0,1.0,17.0,9.0,12.0,10.0
1628976,0022401038,1610612753,12.0,0.0,8.0,0.0,10.0,4.0,4.0,3.0
203484,0022401038,1610612753,9.0,3.0,4.0,0.0,6.0,3.0,0.0,0.0
202709,0022401038,1610612753,5.0,5.0,4.0,0.0,4.0,2.0,0.0,0.0
1631216,0022401038,1610612753,8.0,1.0,2.0,0.0,7.0,3.0,0.0,0.0
1641710,0022401038,1610612753,17.0,6.0,5.0,1.0,10.0,7.0,0.0,0.0
1628371,0022401038,1610612753,2.0,0.0,2.0,1.0,2.0,0.0,2.0,2.0
203914,0022401038,1610612753,1.0,0.0,1.0,1.0,0.0,0.0,2.0,1.0
1641783,0022401038,1610612753,2.0,0.0,1.0,0.0,1.0,1.0,0.0,0.0
1629048,0022401038,1610612753,0.0,0.0,4.0,0.0,2.0,0.0,0.0,0.0
1642348,0022401041,1610612755,19.0,2.0,3.0,0.0,18.0,6.0,2.0,2.0
1629643,0022401041,1610612755,12.0,4.0,9.0,1.0,9.0,4.0,3.0,2.0
1627824,0022401041,1610612755,12.0,4.0,7.0,0.0,9.0,4.0,2.0,2.0
1641741,0022401041,1610612755,8.0,4.0,6.0,0.0,11.0,2.0,4.0,3.0
1630215,0022401041,1610612755,19.0,2.0,2.0,0.0,16.0,8.0,0.0,0.0
1641737,0022401041,1610612755,6.0,1.0,7.0,1.0,4.0,3.0,0.0,0.0
1641720,0022401041,1610612755,9.0,0.0,0.0,1.0,9.0,3.0,2.0,2.0
1630288,0022401041,1610612755,12.0,2.0,1.0,3.0,8.0,3.0,6.0,6.0
1630542,0022401041,1610612755,2.0,0.0,2.0,0.0,3.0,1.0,0.0,0.0
1631232,0022401041,1610612740,10.0,1.0,2.0,0.0,9.0,4.0,0.0,0.0
203482,0022401041,1610612740,14.0,7.0,11.0,0.0,8.0,5.0,3.0,3.0
1642274,0022401041,1610612740,16.0,2.0,9.0,1.0,7.0,6.0,4.0,4.0
1641722,0022401041,1610612740,9.0,1.0,5.0,0.0,14.0,4.0,2.0,0.0
1630631,0022401041,1610612740,9.0,6.0,3.0,0.0,12.0,3.0,2.0,2.0
1631255,0022401041,1610612740,19.0,3.0,8.0,1.0,11.0,7.0,2.0,2.0
1630526,0022401041,1610612740,7.0,1.0,5.0,0.0,4.0,3.0,0.0,0.0
203901,0022401041,1610612740,6.0,14.0,6.0,2.0,8.0,3.0,0.0,0.0
1641810,0022401041,1610612740,17.0,1.0,2.0,1.0,10.0,6.0,0.0,0.0
1631311,0022401041,1610612740,5.0,0.0,0.0,0.0,3.0,2.0,0.0,0.0
1631288,0022401041,1610612740,0.0,0.0,0.0,0.0,1.0,0.0,0.0,0.0
1641778,2022400479,1612709928,10.0,7.0,8.0,0.0,8.0,3.0,1.0,1.0
1629667,2022400479,1612709928,18.0,9.0,6.0,3.0,14.0,7.0,0.0,0.0
1631338,2022400479,1612709928,12.0,5.0,15.0,1.0,10.0,6.0,1.0,0.0
1630550,2022400479,1612709928,31.0,2.0,9.0,3.0,18.0,12.0,4.0,1.0
1630184,2022400479,1612709928,14.0,3.0,5.0,0.0,18.0,5.0,1.0,1.0
1631485,2022400479,1612709928,6.0,1.0,4.0,0.0,5.0,3.0,0.0,0.0
1641917,2022400479,1612709928,11.0,5.0,1.0,0.0,8.0,4.0,0.0,0.0
1641907,2022400479,1612709928,20.0,4.0,6.0,2.0,9.0,7.0,1.0,1.0
1631197,2022400479,1612709920,30.0,2.0,9.0,2.0,22.0,10.0,4.0,4.0
1642460,2022400479,1612709920,5.0,0.0,2.0,0.0,4.0,2.0,0.0,0.0
1630732,2022400479,1612709920,4.0,2.0,16.0,4.0,7.0,2.0,1.0,0.0
1630639,2022400479,1612709920,18.0,4.0,2.0,0.0,22.0,6.0,4.0,3.0
1631407,2022400479,1612709920,16.0,5.0,0.0,0.0,12.0,5.0,3.0,3.0
1642615,2022400479,1612709920,12.0,1.0,2.0,0.0,5.0,3.0,4.0,3.0
1631113,2022400479,1612709920,16.0,3.0,2.0,0.0,11.0,6.0,1.0,1.0
1642465,2022400479,1612709920,0.0,1.0,1.0,0.0,0.0,0.0,0.0,0.0
1642622,2022400479,1612709920,0.0,1.0,0.0,0.0,1.0,0.0,0.0,0.0
1630170,0022401033,1610612759,25.0,3.0,6.0,1.0,14.0,11.0,0.0,0.0
203084,0022401033,1610612759,10.0,0.0,3.0,0.0,9.0,4.0,0.0,0.0
202687,0022401033,1610612759,8.0,3.0,9.0,0.0,5.0,3.0,2.0,2.0
1642264,0022401033,1610612759,15.0,1.0,5.0,1.0,8.0,3.0,10.0,8.0
101108,0022401033,1610612759,2.0,6.0,1.0,0.0,4.0,1.0,0.0,0.0
1631110,0022401033,1610612759,9.0,2.0,5.0,1.0,8.0,3.0,2.0,2.0
1629640,0022401033,1610612759,7.0,3.0,2.0,1.0,10.0,2.0,2.0,2.0
1630577,0022401033,1610612759,20.0,2.0,5.0,1.0,9.0,6.0,5.0,4.0
1631104,0022401033,1610612759,8.0,4.0,1.0,0.0,5.0,3.0,2.0,2.0
1630572,0022401033,1610612759,13.0,1.0,7.0,1.0,10.0,4.0,4.0,3.0
1631103,0022401033,1610612759,4.0,1.0,1.0,0.0,4.0,1.0,3.0,2.0
1629162,0022401033,1610612759,2.0,1.0,1.0,0.0,0.0,0.0,2.0,2.0
1629628,0022401033,1610612761,18.0,2.0,7.0,0.0,17.0,8.0,4.0,1.0
1630567,0022401033,1610612761,22.0,6.0,6.0,1.0,11.0,8.0,4.0,3.0
1630658,0022401033,1610612761,4.0,1.0,4.0,1.0,6.0,2.0,0.0,0.0
1630534,0022401033,1610612761,2.0,3.0,7.0,0.0,8.0,1.0,0.0,0.0
1642347,0022401033,1610612761,17.0,6.0,2.0,0.0,14.0,7.0,1.0,1.0
1642367,0022401033,1610612761,6.0,4.0,10.0,1.0,9.0,3.0,0.0,0.0
1631115,0022401033,1610612761,5.0,0.0,6.0,0.0,6.0,2.0,0.0,0.0
1642266,0022401033,1610612761,10.0,4.0,3.0,0.0,12.0,3.0,2.0,2.0
1642419,0022401033,1610612761,5.0,1.0,1.0,0.0,8.0,1.0,2.0,2.0
202066,0022401033,1610612761,0.0,0.0,0.0,0.0,1.0,0.0,0.0,0.0
1629610,0022401032,1610612766,7.0,0.0,3.0,1.0,6.0,3.0,0.0,0.0
1628970,0022401032,1610612766,17.0,4.0,13.0,0.0,18.0,7.0,3.0,3.0
1631109,0022401032,1610612766,14.0,1.0,5.0,3.0,7.0,6.0,2.0,2.0
1641733,0022401032,1610612766,19.0,3.0,3.0,0.0,14.0,7.0,0.0,0.0
1630163,0022401032,1610612766,18.0,11.0,3.0,0.0,19.0,6.0,4.0,4.0
1642275,0022401032,1610612766,7.0,1.0,5.0,0.0,4.0,3.0,0.0,0.0
1642354,0022401032,1610612766,2.0,2.0,3.0,0.0,4.0,0.0,2.0,2.0
203994,0022401032,1610612766,5.0,2.0,3.0,0.0,6.0,2.0,2.0,1.0
203552,0022401032,1610612766,10.0,0.0,0.0,0.0,6.0,4.0,0.0,0.0
1631217,0022401032,1610612766,6.0,0.0,2.0,0.0,3.0,3.0,0.0,0.0
203952,0022401032,1610612748,42.0,5.0,3.0,1.0,21.0,16.0,7.0,4.0
1628389,0022401032,1610612748,11.0,2.0,4.0,0.0,10.0,4.0,2.0,2.0
1642276,0022401032,1610612748,12.0,5.0,8.0,1.0,10.0,6.0,0.0,0.0
1629130,0022401032,1610612748,3.0,2.0,2.0,0.0,5.0,1.0,0.0,0.0
1629639,0022401032,1610612748,29.0,3.0,6.0,0.0,19.0,11.0,5.0,5.0
1630558,0022401032,1610612748,12.0,7.0,3.0,0.0,7.0,5.0,2.0,2.0
1629312,0022401032,1610612748,7.0,2.0,6.0,2.0,5.0,2.0,4.0,3.0
1631170,0022401032,1610612748,0.0,1.0,0.0,0.0,0.0,0.0,0.0,0.0
202692,0022401032,1610612748,6.0,0.0,0.0,0.0,5.0,2.0,0.0,0.0
1641796,0022401032,1610612748,0.0,0.0,0.0,0.0,0.0,0.0,0.0,0.0
1642605,2022400481,1612709929,12,6,6,0,15,5,0,0
1631342,2022400481,1612709929,27,4,9,1,25,10,3,2
1628387,2022400481,1612709929,14,1,13,3,6,4,3,3
1641848,2022400481,1612709929,17,3,13,0,12,7,1,1
1630275,2022400481,1612709929,21,3,4,1,17,8,0,0
1641934,2022400481,1612709929,0,2,3,0,2,0,2,0
1641792,2022400481,1612709929,8,3,11,0,3,3,1,1
1641935,2022400481,1612709929,21,5,2,0,16,8,1,1
1630624,2022400481,1612709893,4,0,1,1,5,2,0,0
1641772,2022400481,1612709893,24,4,15,1,25,11,3,2
1631449,2022400481,1612709893,4,0,4,0,2,2,1,0
1631247,2022400481,1612709893,15,6,6,1,16,5,6,3
1631262,2022400481,1612709893,9,6,3,0,12,2,2,2
1630190,2022400481,1612709893,16,2,4,1,11,6,0,0
1631395,2022400481,1612709893,5,3,0,0,6,2,0,0
1642619,2022400481,1612709893,4,0,5,0,4,1,1,1
1642068,2022400481,1612709893,12,3,2,0,9,6,0,0
1642609,2022400481,1612709893,2,0,3,0,4,1,3,0
1631436,2022400481,1612709893,0,1,1,0,0,0,0,0
1628369,0022401034,1610612738,30.0,9.0,9.0,2.0,24.0,11.0,7.0,7.0
1630573,0022401034,1610612738,24.0,0.0,3.0,1.0,11.0,8.0,0.0,0.0
201143,0022401034,1610612738,14.0,1.0,6.0,1.0,12.0,6.0,0.0,0.0
1628401,0022401034,1610612738,17.0,8.0,3.0,1.0,12.0,6.0,2.0,1.0
1630202,0022401034,1610612738,16.0,5.0,4.0,0.0,14.0,6.0,0.0,0.0
1631248,0022401034,1610612738,6.0,3.0,5.0,1.0,5.0,2.0,0.0,0.0
1628470,0022401034,1610612738,5.0,1.0,2.0,0.0,3.0,2.0,2.0,0.0
1631120,0022401034,1610612738,4.0,1.0,1.0,0.0,1.0,1.0,2.0,1.0
1628436,0022401034,1610612738,13.0,3.0,5.0,0.0,6.0,6.0,1.0,1.0
1630166,0022401034,1610612757,17.0,4.0,11.0,0.0,16.0,6.0,3.0,3.0
1641739,0022401034,1610612757,19.0,3.0,7.0,2.0,13.0,7.0,2.0,1.0
1642270,0022401034,1610612757,4.0,1.0,1.0,0.0,3.0,2.0,0.0,0.0
1631101,0022401034,1610612757,23.0,4.0,6.0,0.0,16.0,9.0,3.0,2.0
1629014,0022401034,1610612757,15.0,5.0,3.0,0.0,13.0,6.0,1.0,0.0
1630703,0022401034,1610612757,9.0,6.0,0.0,0.0,10.0,2.0,5.0,3.0
1641871,0022401034,1610612757,6.0,0.0,3.0,0.0,3.0,2.0,0.0,0.0
1629680,0022401034,1610612757,12.0,0.0,3.0,1.0,7.0,5.0,0.0,0.0
1631200,0022401034,1610612757,0.0,0.0,1.0,0.0,1.0,0.0,0.0,0.0
1630625,0022401034,1610612757,5.0,1.0,1.0,0.0,4.0,2.0,0.0,0.0
1631133,0022401034,1610612757,6.0,0.0,2.0,0.0,2.0,2.0,2.0,2.0
1627936,0022401036,1610612760,14.0,5.0,6.0,0.0,11.0,5.0,4.0,2.0
1629652,0022401036,1610612760,10.0,2.0,4.0,1.0,6.0,4.0,0.0,0.0
1628392,0022401036,1610612760,14.0,6.0,10.0,3.0,12.0,6.0,2.0,2.0
1641717,0022401036,1610612760,8.0,2.0,4.0,1.0,7.0,3.0,2.0,1.0
1628983,0022401036,1610612760,26.0,8.0,3.0,2.0,29.0,7.0,11.0,11.0
1630598,0022401036,1610612760,19.0,1.0,3.0,0.0,17.0,8.0,0.0,0.0
1631119,0022401036,1610612760,12.0,2.0,7.0,1.0,4.0,4.0,1.0,1.0
1630198,0022401036,1610612760,0.0,0.0,2.0,0.0,4.0,0.0,0.0,0.0
1629026,0022401036,1610612760,0.0,2.0,3.0,0.0,2.0,0.0,0.0,0.0
1626181,0022401036,1610612746,9.0,1.0,4.0,0.0,12.0,4.0,0.0,0.0
202695,0022401036,1610612746,25.0,3.0,10.0,1.0,20.0,10.0,4.0,3.0
1627826,0022401036,1610612746,15.0,3.0,11.0,2.0,10.0,4.0,8.0,7.0
1627739,0022401036,1610612746,7.0,1.0,3.0,0.0,5.0,3.0,0.0,0.0
201935,0022401036,1610612746,17.0,8.0,5.0,1.0,14.0,4.0,8.0,7.0
1627884,0022401036,1610612746,9.0,1.0,4.0,3.0,5.0,2.0,4.0,3.0
203992,0022401036,1610612746,2.0,3.0,3.0,1.0,6.0,1.0,0.0,0.0
1627732,0022401036,1610612746,8.0,0.0,7.0,0.0,5.0,4.0,0.0,0.0
201587,0022401036,1610612746,0.0,0.0,0.0,0.0,0.0,0.0,0.0,0.0
1629599,0022401036,1610612746,9.0,0.0,1.0,0.0,5.0,3.0,4.0,3.0
1629234,0022401036,1610612746,0.0,0.0,0.0,0.0,0.0,0.0,0.0,0.0
1631455,2022400483,1612709934,19.0,2.0,5.0,0.0,20.0,5.0,5.0,5.0
1641779,2022400483,1612709934,14.0,3.0,8.0,3.0,14.0,5.0,0.0,0.0
1642473,2022400483,1612709934,15.0,2.0,5.0,0.0,10.0,6.0,1.0,1.0
1642487,2022400483,1612709934,10.0,3.0,10.0,2.0,7.0,4.0,2.0,2.0
1631102,2022400483,1612709934,19.0,4.0,7.0,0.0,20.0,8.0,4.0,1.0
1642607,2022400483,1612709934,8.0,2.0,4.0,0.0,8.0,3.0,3.0,1.0
1629993,2022400483,1612709934,9.0,1.0,3.0,1.0,4.0,4.0,1.0,1.0
1628778,2022400483,1612709934,15.0,1.0,3.0,0.0,15.0,5.0,2.0,1.0
1630321,2022400483,1612709934,5.0,2.0,4.0,1.0,5.0,2.0,0.0,0.0
1631305,2022400483,1612709931,0.0,0.0,0.0,0.0,2.0,0.0,0.0,0.0
1642525,2022400483,1612709931,6.0,1.0,7.0,0.0,8.0,2.0,1.0,1.0
1642714,2022400483,1612709931,12.0,4.0,5.0,0.0,8.0,5.0,1.0,0.0
1642357,2022400483,1612709931,50.0,1.0,15.0,0.0,34.0,19.0,6.0,5.0
1641825,2022400483,1612709931,0.0,1.0,7.0,0.0,6.0,0.0,0.0,0.0
1642524,2022400483,1612709931,10.0,2.0,6.0,3.0,9.0,4.0,1.0,0.0
1630535,2022400483,1612709931,26.0,0.0,10.0,2.0,13.0,9.0,4.0,4.0
1642527,2022400483,1612709931,8.0,4.0,6.0,1.0,6.0,3.0,0.0,0.0
1642128,2022400483,1612709931,0.0,1.0,0.0,0.0,0.0,0.0,0.0,0.0
1641863,2022400482,1612709903,17.0,2.0,2.0,0.0,13.0,5.0,3.0,3.0
1641864,2022400482,1612709903,17.0,2.0,3.0,0.0,15.0,6.0,0.0,0.0
1631131,2022400482,1612709903,22.0,5.0,23.0,2.0,13.0,9.0,6.0,2.0
1641795,2022400482,1612709903,6.0,1.0,4.0,1.0,4.0,3.0,0.0,0.0
1631220,2022400482,1612709903,20.0,7.0,3.0,0.0,20.0,9.0,2.0,0.0
1630546,2022400482,1612709903,24.0,3.0,5.0,0.0,17.0,10.0,0.0,0.0
1642693,2022400482,1612709903,2.0,2.0,2.0,1.0,1.0,0.0,1.0,1.0
1642640,2022400482,1612709903,0.0,1.0,3.0,0.0,3.0,0.0,0.0,0.0
1630667,2022400482,1612709890,22.0,4.0,6.0,0.0,15.0,8.0,1.0,1.0
1630561,2022400482,1612709890,15.0,1.0,7.0,0.0,13.0,6.0,0.0,0.0
1642563,2022400482,1612709890,4.0,3.0,5.0,1.0,1.0,1.0,2.0,1.0
1630201,2022400482,1612709890,21.0,2.0,8.0,0.0,20.0,9.0,1.0,0.0
1642392,2022400482,1612709890,16.0,4.0,2.0,1.0,14.0,5.0,3.0,3.0
1631127,2022400482,1612709890,14.0,2.0,9.0,2.0,12.0,6.0,3.0,1.0
1642755,2022400482,1612709890,11.0,0.0,1.0,1.0,8.0,3.0,1.0,1.0
1641988,2022400482,1612709890,3.0,1.0,3.0,0.0,4.0,1.0,0.0,0.0
1642496,2022400482,1612709890,4.0,1.0,10.0,4.0,3.0,0.0,2.0,2.0
1630542,2022400478,1612709909,12.0,2.0,15.0,0.0,18.0,3.0,4.0,3.0
1641823,2022400478,1612709909,28.0,7.0,8.0,2.0,27.0,10.0,3.0,2.0
1630600,2022400478,1612709909,14.0,6.0,10.0,1.0,11.0,6.0,0.0,0.0
1631198,2022400478,1612709909,17.0,2.0,3.0,1.0,10.0,7.0,1.0,1.0
1627775,2022400478,1612709909,13.0,7.0,1.0,1.0,11.0,5.0,1.0,1.0
1630218,2022400478,1612709909,2.0,1.0,2.0,1.0,6.0,1.0,0.0,0.0
1631171,2022400478,1612709909,13.0,0.0,6.0,1.0,9.0,5.0,2.0,1.0
1641936,2022400478,1612709915,20.0,1.0,8.0,0.0,16.0,8.0,0.0,0.0
1642400,2022400478,1612709915,18.0,7.0,12.0,3.0,14.0,8.0,1.0,0.0
1630791,2022400478,1612709915,0.0,0.0,4.0,0.0,1.0,0.0,0.0,0.0
1642485,2022400478,1612709915,18.0,4.0,4.0,0.0,11.0,6.0,2.0,1.0
1642620,2022400478,1612709915,10.0,4.0,6.0,0.0,12.0,5.0,0.0,0.0
1642508,2022400478,1612709915,4.0,2.0,4.0,3.0,3.0,2.0,0.0,0.0
1630648,2022400478,1612709915,8.0,3.0,5.0,0.0,11.0,3.0,1.0,1.0
1630206,2022400478,1612709915,17.0,4.0,4.0,0.0,13.0,7.0,3.0,1.0
1630762,2022400478,1612709915,20.0,1.0,6.0,0.0,13.0,8.0,1.0,1.0
1642696,2022400478,1612709915,0.0,0.0,0.0,0.0,1.0,0.0,0.0,0.0
1629800,2022400478,1612709915,2.0,0.0,2.0,1.0,2.0,1.0,0.0,0.0
1630207,2022400480,1612709926,13.0,5.0,8.0,0.0,12.0,5.0,1.0,0.0
1641713,2022400480,1612709926,26.0,5.0,8.0,1.0,15.0,8.0,6.0,5.0
1630654,2022400480,1612709926,14.0,4.0,7.0,1.0,14.0,4.0,3.0,3.0
1642530,2022400480,1612709926,12.0,5.0,1.0,0.0,8.0,5.0,1.0,0.0
1630569,2022400480,1612709926,24.0,1.0,3.0,1.0,19.0,10.0,0.0,0.0
1630525,2022400480,1612709926,7.0,0.0,3.0,0.0,5.0,2.0,1.0,1.0
1641869,2022400480,1612709926,18.0,3.0,5.0,0.0,10.0,7.0,0.0,0.0
1641938,2022400480,1612709926,5.0,1.0,6.0,0.0,4.0,2.0,0.0,0.0
1631174,2022400480,1612709926,0.0,0.0,4.0,0.0,2.0,0.0,0.0,0.0
1641970,2022400480,1612709926,4.0,0.0,1.0,0.0,2.0,1.0,1.0,1.0
1642046,2022400480,1612709889,0.0,1.0,5.0,0.0,5.0,0.0,1.0,0.0
1642502,2022400480,1612709889,19.0,4.0,14.0,0.0,14.0,7.0,3.0,3.0
1631489,2022400480,1612709889,10.0,1.0,8.0,2.0,9.0,5.0,1.0,0.0
1631451,2022400480,1612709889,18.0,2.0,6.0,0.0,25.0,6.0,2.0,2.0
1641991,2022400480,1612709889,19.0,7.0,9.0,1.0,13.0,8.0,2.0,2.0
1641939,2022400480,1612709889,2.0,0.0,1.0,0.0,1.0,1.0,0.0,0.0
1630186,2022400480,1612709889,25.0,3.0,5.0,0.0,17.0,9.0,3.0,2.0
1642504,2022400480,1612709889,22.0,2.0,8.0,1.0,16.0,7.0,2.0,2.0
1642637,2022400480,1612709889,11.0,1.0,4.0,1.0,9.0,4.0,3.0,2.0
1629008,0022401035,1610612743,17.0,2.0,9.0,0.0,16.0,7.0,2.0,2.0
203932,0022401035,1610612743,13.0,8.0,4.0,0.0,9.0,5.0,2.0,2.0
201599,0022401035,1610612743,11.0,4.0,15.0,0.0,7.0,5.0,3.0,1.0
1631128,0022401035,1610612743,11.0,2.0,4.0,0.0,6.0,3.0,4.0,4.0
1627750,0022401035,1610612743,39.0,7.0,4.0,0.0,28.0,15.0,6.0,5.0
201566,0022401035,1610612743,14.0,1.0,2.0,2.0,11.0,5.0,4.0,2.0
1630192,0022401035,1610612743,2.0,1.0,0.0,0.0,2.0,1.0,2.0,0.0
1631212,0022401035,1610612743,9.0,3.0,5.0,2.0,8.0,3.0,3.0,2.0
1629618,0022401035,1610612743,0.0,0.0,0.0,0.0,0.0,0.0,0.0,0.0
1641708,0022401035,1610612745,11.0,1.0,6.0,3.0,11.0,5.0,4.0,0.0
1628415,0022401035,1610612745,21.0,1.0,3.0,0.0,12.0,8.0,0.0,0.0
1630578,0022401035,1610612745,17.0,10.0,14.0,1.0,15.0,6.0,8.0,5.0
1630224,0022401035,1610612745,30.0,5.0,2.0,0.0,22.0,8.0,14.0,11.0
1627832,0022401035,1610612745,7.0,5.0,3.0,0.0,12.0,2.0,2.0,2.0
1631106,0022401035,1610612745,4.0,1.0,2.0,0.0,3.0,2.0,0.0,0.0
203500,0022401035,1610612745,14.0,2.0,12.0,3.0,10.0,6.0,4.0,2.0
1631095,0022401035,1610612745,7.0,0.0,3.0,0.0,4.0,2.0,2.0,2.0
1628971,0022401029,1610612740,12.0,2.0,1.0,0.0,9.0,5.0,2.0,1.0
203482,0022401029,1610612740,10.0,8.0,5.0,2.0,7.0,4.0,2.0,1.0
1631255,0022401029,1610612740,8.0,0.0,11.0,0.0,7.0,4.0,0.0,0.0
203468,0022401029,1610612740,40.0,7.0,5.0,0.0,28.0,16.0,5.0,3.0
1630631,0022401029,1610612740,10.0,8.0,4.0,0.0,8.0,4.0,0.0,0.0
1630526,0022401029,1610612740,13.0,8.0,6.0,0.0,6.0,4.0,2.0,2.0
1631288,0022401029,1610612740,4.0,0.0,1.0,1.0,2.0,1.0,2.0,2.0
1641722,0022401029,1610612740,25.0,2.0,3.0,0.0,13.0,8.0,3.0,3.0
1631232,0022401029,1610612740,5.0,0.0,1.0,2.0,4.0,2.0,0.0,0.0
1641810,0022401029,1610612740,3.0,0.0,0.0,0.0,1.0,1.0,0.0,0.0
1641709,0022401029,1610612765,5.0,1.0,1.0,0.0,0.0,0.0,6.0,5.0
202699,0022401029,1610612765,14.0,4.0,3.0,0.0,15.0,7.0,0.0,0.0
1631105,0022401029,1610612765,22.0,2.0,12.0,0.0,11.0,8.0,9.0,6.0
1627736,0022401029,1610612765,13.0,2.0,4.0,0.0,11.0,4.0,1.0,1.0
203471,0022401029,1610612765,16.0,5.0,1.0,0.0,12.0,4.0,8.0,7.0
1631323,0022401029,1610612765,8.0,1.0,2.0,0.0,6.0,3.0,0.0,0.0
1641842,0022401029,1610612765,26.0,6.0,5.0,0.0,14.0,10.0,11.0,5.0
1630191,0022401029,1610612765,9.0,2.0,3.0,2.0,6.0,4.0,0.0,0.0
1631204,0022401029,1610612765,20.0,2.0,1.0,0.0,9.0,6.0,5.0,5.0
1630322,0022401029,1610612765,3.0,1.0,0.0,0.0,2.0,1.0,0.0,0.0
1642348,0022401031,1610612755,22.0,3.0,3.0,2.0,18.0,8.0,5.0,3.0
1629643,0022401031,1610612755,8.0,2.0,8.0,0.0,8.0,3.0,0.0,0.0
1627824,0022401031,1610612755,11.0,3.0,7.0,0.0,8.0,4.0,4.0,2.0
1629656,0022401031,1610612755,26.0,6.0,5.0,0.0,18.0,7.0,11.0,9.0
1630288,0022401031,1610612755,17.0,3.0,4.0,2.0,11.0,7.0,3.0,2.0
1642024,0022401031,1610612755,8.0,1.0,3.0,0.0,4.0,3.0,1.0,1.0
1641741,0022401031,1610612755,14.0,1.0,3.0,0.0,11.0,5.0,5.0,4.0
1630215,0022401031,1610612755,8.0,5.0,0.0,0.0,11.0,3.0,2.0,2.0
1629052,0022401031,1610612755,5.0,0.0,4.0,0.0,2.0,0.0,6.0,5.0
1642258,0022401031,1610612737,22.0,2.0,2.0,1.0,15.0,9.0,1.0,1.0
1631243,0022401031,1610612737,6.0,2.0,1.0,0.0,5.0,3.0,0.0,0.0
1630168,0022401031,1610612737,14.0,2.0,9.0,1.0,7.0,6.0,2.0,1.0
1630700,0022401031,1610612737,8.0,3.0,5.0,0.0,12.0,4.0,0.0,0.0
1629027,0022401031,1610612737,28.0,12.0,1.0,0.0,12.0,7.0,11.0,10.0
1627777,0022401031,1610612737,20.0,2.0,3.0,0.0,9.0,6.0,3.0,3.0
1627747,0022401031,1610612737,7.0,7.0,3.0,1.0,11.0,3.0,1.0,0.0
1631230,0022401031,1610612737,13.0,2.0,10.0,1.0,4.0,4.0,4.0,4.0
1629611,0022401031,1610612737,9.0,0.0,3.0,0.0,9.0,4.0,0.0,0.0
1630249,0022401031,1610612737,5.0,3.0,2.0,0.0,3.0,2.0,0.0,0.0
1629622,0022401030,1610612739,7.0,2.0,3.0,0.0,6.0,3.0,0.0,0.0
1630596,0022401030,1610612739,11.0,1.0,11.0,3.0,10.0,4.0,5.0,3.0
1628386,0022401030,1610612739,18.0,4.0,6.0,1.0,11.0,8.0,5.0,2.0
1628378,0022401030,1610612739,16.0,4.0,3.0,0.0,13.0,5.0,9.0,6.0
1629636,0022401030,1610612739,12.0,4.0,7.0,1.0,13.0,4.0,2.0,2.0
1629660,0022401030,1610612739,12.0,3.0,3.0,0.0,6.0,4.0,2.0,1.0
1629631,0022401030,1610612739,15.0,0.0,6.0,0.0,10.0,5.0,3.0,3.0
1630241,0022401030,1610612739,6.0,5.0,5.0,1.0,9.0,2.0,0.0,0.0
1629731,0022401030,1610612739,5.0,1.0,4.0,1.0,5.0,2.0,0.0,0.0
1630171,0022401030,1610612739,6.0,0.0,0.0,0.0,4.0,1.0,4.0,4.0
1641854,0022401030,1610612739,2.0,3.0,0.0,0.0,2.0,1.0,0.0,0.0
1629750,0022401030,1610612739,4.0,0.0,0.0,0.0,4.0,2.0,1.0,0.0
202684,0022401030,1610612739,6.0,1.0,3.0,0.0,3.0,3.0,0.0,0.0
1642262,0022401030,1610612762,3.0,0.0,1.0,1.0,9.0,1.0,0.0,0.0
1642271,0022401030,1610612762,18.0,1.0,13.0,0.0,13.0,7.0,0.0,0.0
1631117,0022401030,1610612762,7.0,2.0,13.0,3.0,12.0,3.0,4.0,0.0
1629012,0022401030,1610612762,10.0,2.0,0.0,0.0,10.0,4.0,3.0,2.0
1642268,0022401030,1610612762,7.0,6.0,7.0,0.0,6.0,3.0,0.0,0.0
1641718,0022401030,1610612762,8.0,7.0,5.0,0.0,7.0,1.0,7.0,5.0
1630548,0022401030,1610612762,12.0,2.0,4.0,0.0,8.0,4.0,0.0,0.0
203903,0022401030,1610612762,10.0,2.0,3.0,1.0,11.0,3.0,2.0,2.0
1630231,0022401030,1610612762,6.0,3.0,3.0,0.0,6.0,2.0,2.0,2.0
1641729,0022401030,1610612762,10.0,0.0,3.0,0.0,7.0,4.0,0.0,0.0
1630531,0022401030,1610612762,0.0,0.0,0.0,0.0,0.0,0.0,0.0,0.0
1641727,2022400473,1612709921,14.0,2.0,1.0,0.0,6.0,5.0,0.0,0.0
1641787,2022400473,1612709921,20.0,4.0,5.0,0.0,10.0,7.0,6.0,4.0
1631166,2022400473,1612709921,50.0,2.0,9.0,1.0,26.0,21.0,6.0,4.0
1630623,2022400473,1612709921,19.0,3.0,1.0,0.0,18.0,6.0,4.0,3.0
1630165,2022400473,1612709921,18.0,8.0,6.0,2.0,15.0,7.0,2.0,1.0
1630286,2022400473,1612709921,0.0,5.0,4.0,1.0,5.0,0.0,0.0,0.0
1641736,2022400473,1612709921,22.0,6.0,4.0,0.0,14.0,7.0,6.0,4.0
1642011,2022400473,1612709921,9.0,4.0,5.0,0.0,10.0,3.0,1.0,1.0
1642573,2022400473,1612709921,0.0,0.0,0.0,0.0,0.0,0.0,0.0,0.0
1641752,2022400473,1612709932,12.0,7.0,9.0,0.0,14.0,6.0,0.0,0.0
1642517,2022400473,1612709932,20.0,0.0,7.0,1.0,10.0,9.0,1.0,1.0
1642449,2022400473,1612709932,31.0,2.0,22.0,1.0,17.0,12.0,9.0,6.0
1631199,2022400473,1612709932,17.0,2.0,5.0,1.0,16.0,4.0,7.0,7.0
1642450,2022400473,1612709932,33.0,17.0,4.0,1.0,25.0,13.0,4.0,3.0
1642578,2022400473,1612709932,9.0,0.0,5.0,1.0,6.0,4.0,2.0,1.0
1642759,2022400473,1612709932,13.0,3.0,6.0,0.0,10.0,5.0,2.0,2.0
1642588,2022400473,1612709932,10.0,1.0,4.0,0.0,8.0,5.0,0.0,0.0
1641864,2022400474,1612709903,27.0,3.0,6.0,0.0,15.0,10.0,1.0,1.0
1641795,2022400474,1612709903,28.0,2.0,4.0,1.0,18.0,10.0,4.0,3.0
1631131,2022400474,1612709903,16.0,4.0,19.0,2.0,15.0,6.0,3.0,2.0
1641863,2022400474,1612709903,12.0,0.0,7.0,1.0,14.0,5.0,2.0,0.0
1631220,2022400474,1612709903,11.0,10.0,4.0,0.0,14.0,4.0,3.0,2.0
1630546,2022400474,1612709903,13.0,3.0,5.0,0.0,18.0,4.0,2.0,2.0
1642640,2022400474,1612709903,2.0,0.0,1.0,0.0,4.0,1.0,1.0,0.0
1642693,2022400474,1612709903,4.0,1.0,5.0,1.0,2.0,0.0,2.0,2.0
1630667,2022400474,1612709890,15.0,5.0,6.0,0.0,14.0,7.0,0.0,0.0
1642755,2022400474,1612709890,11.0,1.0,3.0,0.0,7.0,4.0,0.0,0.0
1642563,2022400474,1612709890,8.0,1.0,9.0,2.0,4.0,2.0,4.0,2.0
1630561,2022400474,1612709890,10.0,1.0,7.0,1.0,12.0,2.0,4.0,4.0
1630201,2022400474,1612709890,26.0,4.0,9.0,1.0,20.0,11.0,1.0,1.0
1642392,2022400474,1612709890,24.0,0.0,4.0,1.0,17.0,10.0,5.0,3.0
1629051,2022400474,1612709890,0.0,4.0,6.0,0.0,6.0,0.0,0.0,0.0
1642496,2022400474,1612709890,10.0,0.0,2.0,2.0,4.0,3.0,2.0,2.0
1641988,2022400474,1612709890,3.0,1.0,4.0,0.0,5.0,1.0,0.0,0.0
1630705,2022400475,1612709911,8.0,0.0,3.0,0.0,4.0,4.0,0.0,0.0
1631159,2022400475,1612709911,20.0,6.0,11.0,0.0,16.0,9.0,2.0,1.0
1642399,2022400475,1612709911,16.0,1.0,4.0,4.0,10.0,7.0,2.0,1.0
1631211,2022400475,1612709911,9.0,2.0,2.0,1.0,15.0,3.0,2.0,1.0
1641803,2022400475,1612709911,6.0,9.0,6.0,0.0,9.0,2.0,1.0,1.0
1641526,2022400475,1612709911,19.0,1.0,3.0,0.0,14.0,9.0,2.0,0.0
1641735,2022400475,1612709911,15.0,7.0,4.0,0.0,10.0,6.0,1.0,1.0
1642558,2022400475,1612709911,8.0,0.0,4.0,1.0,4.0,4.0,0.0,0.0
1630219,2022400475,1612709911,9.0,5.0,2.0,0.0,9.0,3.0,3.0,1.0
1642442,2022400475,1612709911,2.0,0.0,1.0,0.0,3.0,1.0,0.0,0.0
1642475,2022400475,1612709911,0.0,0.0,1.0,0.0,0.0,0.0,0.0,0.0
1641909,2022400475,1612709911,3.0,0.0,1.0,0.0,1.0,1.0,0.0,0.0
1631223,2022400475,1612709908,28.0,5.0,6.0,0.0,14.0,10.0,0.0,0.0
1629098,2022400475,1612709908,33.0,2.0,3.0,2.0,20.0,11.0,1.0,1.0
1642368,2022400475,1612709908,16.0,2.0,10.0,0.0,9.0,8.0,0.0,0.0
1631257,2022400475,1612709908,3.0,4.0,7.0,0.0,3.0,1.0,0.0,0.0
1630227,2022400475,1612709908,4.0,8.0,7.0,1.0,7.0,1.0,1.0,1.0
1631466,2022400475,1612709908,16.0,3.0,1.0,0.0,14.0,5.0,4.0,3.0
1627748,2022400475,1612709908,7.0,1.0,2.0,2.0,2.0,2.0,1.0,1.0
1641806,2022400475,1612709908,8.0,8.0,2.0,0.0,10.0,3.0,0.0,0.0
1642592,2022400475,1612709908,11.0,1.0,5.0,0.0,10.0,4.0,1.0,1.0
1642591,2022400475,1612709908,5.0,0.0,2.0,1.0,8.0,2.0,0.0,0.0
1629729,2022400475,1612709908,0.0,0.0,2.0,0.0,1.0,0.0,0.0,0.0
1642516,2022400475,1612709908,2.0,0.0,0.0,0.0,2.0,1.0,0.0,0.0
1630551,0022401026,1610612764,7.0,0.0,2.0,0.0,6.0,3.0,0.0,0.0
1642273,0022401026,1610612764,15.0,4.0,10.0,0.0,13.0,5.0,6.0,4.0
1642259,0022401026,1610612764,8.0,1.0,5.0,2.0,10.0,3.0,2.0,2.0
1642267,0022401026,1610612764,4.0,2.0,2.0,1.0,9.0,2.0,0.0,0.0
1629673,0022401026,1610612764,25.0,3.0,3.0,0.0,17.0,9.0,4.0,4.0
203935,0022401026,1610612764,17.0,3.0,4.0,1.0,11.0,6.0,3.0,1.0
1642358,0022401026,1610612764,9.0,3.0,2.0,0.0,10.0,3.0,2.0,1.0
1626158,0022401026,1610612764,4.0,2.0,7.0,1.0,5.0,2.0,0.0,0.0
1641732,0022401026,1610612764,6.0,2.0,4.0,0.0,3.0,3.0,0.0,0.0
1630264,0022401026,1610612764,4.0,0.0,1.0,0.0,3.0,2.0,0.0,0.0
1641798,0022401026,1610612764,0.0,0.0,1.0,0.0,0.0,0.0,0.0,0.0
1641774,0022401026,1610612764,4.0,1.0,0.0,0.0,1.0,1.0,2.0,2.0
1628384,0022401026,1610612752,23.0,3.0,2.0,0.0,12.0,8.0,4.0,3.0
1628404,0022401026,1610612752,9.0,2.0,12.0,0.0,10.0,4.0,2.0,1.0
1626157,0022401026,1610612752,31.0,1.0,11.0,1.0,20.0,10.0,13.0,10.0
1628969,0022401026,1610612752,27.0,4.0,6.0,1.0,20.0,10.0,3.0,3.0
1626166,0022401026,1610612752,13.0,7.0,4.0,0.0,12.0,4.0,2.0,2.0
1629011,0022401026,1610612752,4.0,1.0,5.0,1.0,3.0,2.0,0.0,0.0
1629013,0022401026,1610612752,3.0,1.0,1.0,0.0,4.0,1.0,0.0,0.0
1630173,0022401026,1610612752,4.0,2.0,5.0,0.0,3.0,2.0,0.0,0.0
1642278,0022401026,1610612752,4.0,8.0,1.0,0.0,4.0,1.0,3.0,2.0
1641817,0022401026,1610612752,2.0,0.0,1.0,0.0,1.0,1.0,0.0,0.0
1630699,0022401026,1610612752,2.0,0.0,1.0,0.0,2.0,1.0,0.0,0.0
1631286,2022400472,1612709924,19.0,4.0,6.0,1.0,19.0,8.0,2.0,0.0
1642280,2022400472,1612709924,19.0,2.0,1.0,1.0,14.0,7.0,1.0,1.0
1631116,2022400472,1612709924,22.0,4.0,7.0,2.0,15.0,9.0,1.0,0.0
1631167,2022400472,1612709924,20.0,3.0,2.0,0.0,11.0,8.0,1.0,1.0
1642584,2022400472,1612709924,8.0,14.0,8.0,0.0,7.0,3.0,1.0,0.0
1642669,2022400472,1612709924,2.0,3.0,4.0,0.0,2.0,0.0,2.0,1.0
1641862,2022400472,1612709924,7.0,1.0,8.0,1.0,6.0,3.0,2.0,1.0
1630675,2022400472,1612709924,13.0,2.0,3.0,1.0,12.0,6.0,0.0,0.0
1642522,2022400472,1612709924,0.0,0.0,1.0,1.0,2.0,0.0,0.0,0.0
1631303,2022400472,1612709933,8.0,4.0,5.0,0.0,9.0,4.0,0.0,0.0
1641712,2022400472,1612709933,16.0,1.0,7.0,0.0,15.0,7.0,1.0,1.0
1631376,2022400472,1612709933,16.0,4.0,12.0,3.0,9.0,8.0,2.0,0.0
1631121,2022400472,1612709933,38.0,3.0,5.0,0.0,20.0,14.0,9.0,6.0
1642412,2022400472,1612709933,0.0,2.0,1.0,0.0,0.0,0.0,0.0,0.0
1630310,2022400472,1612709933,19.0,3.0,1.0,0.0,18.0,7.0,0.0,0.0
1630651,2022400472,1612709933,7.0,3.0,6.0,0.0,5.0,2.0,1.0,1.0
1630812,2022400472,1612709933,6.0,0.0,4.0,0.0,6.0,2.0,2.0,1.0
1631173,2022400472,1612709933,7.0,4.0,1.0,0.0,6.0,2.0,1.0,1.0
1630342,2022400477,1612709913,19.0,4.0,3.0,1.0,12.0,7.0,1.0,1.0
1642490,2022400477,1612709913,18.0,4.0,11.0,0.0,9.0,5.0,5.0,5.0
1630272,2022400477,1612709913,11.0,1.0,11.0,1.0,9.0,5.0,1.0,0.0
1631311,2022400477,1612709913,6.0,4.0,6.0,0.0,11.0,2.0,3.0,1.0
1630622,2022400477,1612709913,14.0,7.0,2.0,0.0,11.0,5.0,1.0,1.0
1631462,2022400477,1612709913,23.0,2.0,5.0,0.0,16.0,7.0,3.0,2.0
1629955,2022400477,1612709913,5.0,4.0,3.0,1.0,6.0,2.0,0.0,0.0
204105,2022400477,1612709913,17.0,3.0,6.0,0.0,11.0,6.0,0.0,0.0
1642771,2022400477,1612709913,0.0,0.0,1.0,0.0,1.0,0.0,0.0,0.0
1629015,2022400477,1612709918,15.0,1.0,6.0,2.0,15.0,5.0,3.0,2.0
1641986,2022400477,1612709918,15.0,1.0,5.0,1.0,17.0,6.0,3.0,1.0
1642499,2022400477,1612709918,4.0,1.0,4.0,0.0,3.0,2.0,1.0,0.0
1642701,2022400477,1612709918,3.0,0.0,3.0,0.0,4.0,1.0,0.0,0.0
1641789,2022400477,1612709918,18.0,7.0,3.0,2.0,15.0,7.0,4.0,3.0
1631160,2022400477,1612709918,8.0,7.0,7.0,1.0,8.0,3.0,0.0,0.0
1642481,2022400477,1612709918,2.0,0.0,2.0,0.0,1.0,1.0,0.0,0.0
1642691,2022400477,1612709918,2.0,1.0,1.0,0.0,4.0,1.0,0.0,0.0
1642540,2022400477,1612709918,12.0,1.0,10.0,1.0,10.0,4.0,4.0,2.0
1628989,0022401028,1610612741,14.0,2.0,3.0,1.0,12.0,6.0,2.0,2.0
1641824,0022401028,1610612741,31.0,1.0,2.0,0.0,18.0,12.0,2.0,2.0
202696,0022401028,1610612741,12.0,5.0,12.0,1.0,10.0,5.0,0.0,0.0
1629632,0022401028,1610612741,36.0,2.0,3.0,0.0,17.0,12.0,8.0,6.0
1630581,0022401028,1610612741,15.0,17.0,10.0,0.0,11.0,5.0,6.0,4.0
1631207,0022401028,1610612741,13.0,4.0,4.0,0.0,12.0,6.0,0.0,0.0
1630172,0022401028,1610612741,14.0,3.0,3.0,1.0,8.0,5.0,0.0,0.0
1628380,0022401028,1610612741,9.0,4.0,3.0,1.0,4.0,4.0,2.0,1.0
1641763,0022401028,1610612741,0.0,1.0,0.0,0.0,1.0,0.0,0.0,0.0
1630188,0022401028,1610612741,0.0,2.0,1.0,0.0,1.0,0.0,0.0,0.0
1628975,0022401028,1610612741,2.0,0.0,1.0,1.0,1.0,1.0,0.0,0.0
1629659,0022401028,1610612741,0.0,0.0,0.0,0.0,1.0,0.0,0.0,0.0
1627827,0022401028,1610612747,2.0,1.0,2.0,1.0,4.0,1.0,0.0,0.0
2544,0022401028,1610612747,17.0,4.0,6.0,0.0,16.0,7.0,5.0,2.0
1629637,0022401028,1610612747,10.0,2.0,4.0,0.0,6.0,5.0,1.0,0.0
1630559,0022401028,1610612747,25.0,5.0,2.0,0.0,13.0,9.0,4.0,4.0
1629029,0022401028,1610612747,34.0,6.0,8.0,0.0,18.0,10.0,8.0,6.0
1629060,0022401028,1610612747,5.0,0.0,2.0,0.0,6.0,2.0,0.0,0.0
1629216,0022401028,1610612747,6.0,0.0,3.0,0.0,4.0,2.0,0.0,0.0
1629020,0022401028,1610612747,0.0,0.0,2.0,0.0,2.0,0.0,0.0,0.0
1630692,0022401028,1610612747,4.0,1.0,3.0,0.0,3.0,1.0,2.0,2.0
1642261,0022401028,1610612747,6.0,1.0,1.0,0.0,4.0,2.0,0.0,0.0
1642355,0022401028,1610612747,2.0,1.0,0.0,0.0,4.0,0.0,2.0,2.0
1629003,0022401028,1610612747,2.0,1.0,1.0,0.0,3.0,1.0,0.0,0.0
203458,0022401028,1610612747,0.0,0.0,1.0,0.0,0.0,0.0,0.0,0.0
202693,0022401028,1610612747,2.0,1.0,0.0,0.0,2.0,1.0,0.0,0.0
202710,0022401025,1610612744,25.0,8.0,4.0,0.0,15.0,7.0,14.0,10.0
203110,0022401025,1610612744,5.0,6.0,6.0,1.0,7.0,2.0,0.0,0.0
1642366,0022401025,1610612744,11.0,1.0,4.0,1.0,6.0,4.0,0.0,0.0
1630541,0022401025,1610612744,20.0,5.0,4.0,1.0,13.0,7.0,3.0,3.0
1641764,0022401025,1610612744,19.0,4.0,8.0,0.0,14.0,6.0,2.0,2.0
1630228,0022401025,1610612744,16.0,2.0,2.0,0.0,14.0,6.0,3.0,3.0
1627741,0022401025,1610612744,5.0,1.0,2.0,0.0,2.0,1.0,2.0,2.0
1630611,0022401025,1610612744,0.0,0.0,0.0,0.0,1.0,0.0,0.0,0.0
1626172,0022401025,1610612744,0.0,0.0,1.0,0.0,2.0,0.0,0.0,0.0
1627780,0022401025,1610612744,11.0,0.0,4.0,0.0,7.0,5.0,0.0,0.0
1631218,0022401025,1610612744,3.0,1.0,3.0,1.0,3.0,1.0,2.0,1.0
1642258,0022401025,1610612737,14.0,0.0,2.0,0.0,10.0,5.0,3.0,2.0
1631243,0022401025,1610612737,2.0,0.0,4.0,1.0,5.0,1.0,0.0,0.0
1630168,0022401025,1610612737,22.0,6.0,12.0,2.0,16.0,10.0,0.0,0.0
1630700,0022401025,1610612737,12.0,6.0,11.0,0.0,9.0,5.0,0.0,0.0
1629027,0022401025,1610612737,25.0,10.0,5.0,0.0,15.0,9.0,7.0,6.0
1627747,0022401025,1610612737,14.0,6.0,2.0,0.0,11.0,6.0,3.0,1.0
1631230,0022401025,1610612737,4.0,1.0,4.0,0.0,4.0,2.0,1.0,0.0
1627777,0022401025,1610612737,23.0,2.0,2.0,0.0,11.0,8.0,2.0,1.0
1629611,0022401025,1610612737,5.0,0.0,3.0,0.0,3.0,2.0,0.0,0.0
1630249,0022401025,1610612737,3.0,6.0,1.0,0.0,2.0,1.0,2.0,1.0
1629751,2022400476,1612709910,13.0,3.0,4.0,0.0,10.0,5.0,0.0,0.0
1642402,2022400476,1612709910,18.0,4.0,16.0,1.0,11.0,5.0,3.0,3.0
1626143,2022400476,1612709910,30.0,2.0,12.0,0.0,19.0,14.0,3.0,1.0
1630750,2022400476,1612709910,6.0,1.0,1.0,0.0,9.0,2.0,1.0,1.0
1642484,2022400476,1612709910,13.0,11.0,7.0,2.0,14.0,5.0,1.0,1.0
1630787,2022400476,1612709910,10.0,0.0,1.0,0.0,7.0,4.0,1.0,1.0
1642027,2022400476,1612709910,4.0,3.0,3.0,0.0,2.0,0.0,2.0,2.0
1631249,2022400476,1612709910,9.0,0.0,4.0,0.0,3.0,2.0,3.0,2.0
1631408,2022400476,1612709923,16.0,0.0,5.0,0.0,14.0,5.0,4.0,2.0
1630604,2022400476,1612709923,11.0,3.0,5.0,0.0,17.0,5.0,0.0,0.0
1641987,2022400476,1612709923,12.0,2.0,17.0,3.0,13.0,6.0,0.0,0.0
1631241,2022400476,1612709923,18.0,2.0,3.0,1.0,18.0,8.0,1.0,0.0
1642443,2022400476,1612709923,19.0,5.0,7.0,0.0,21.0,8.0,0.0,0.0
1627853,2022400476,1612709923,10.0,2.0,2.0,0.0,5.0,3.0,2.0,2.0
1630953,2022400476,1612709923,0.0,1.0,1.0,1.0,2.0,0.0,1.0,0.0
1630318,2022400476,1612709923,8.0,0.0,2.0,1.0,4.0,4.0,0.0,0.0
1642549,2022400476,1612709923,4.0,1.0,0.0,0.0,8.0,2.0,0.0,0.0
1628579,2022400476,1612709923,2.0,3.0,5.0,0.0,2.0,1.0,0.0,0.0
1631457,2022400471,1612709925,6.0,7.0,12.0,1.0,9.0,3.0,3.0,0.0
1642066,2022400471,1612709925,9.0,2.0,15.0,5.0,15.0,3.0,1.0,1.0
1641771,2022400471,1612709925,14.0,5.0,6.0,0.0,13.0,5.0,2.0,2.0
1630679,2022400471,1612709925,15.0,1.0,9.0,0.0,24.0,5.0,4.0,1.0
1630606,2022400471,1612709925,22.0,2.0,3.0,1.0,20.0,9.0,3.0,2.0
1629633,2022400471,1612709925,12.0,0.0,6.0,1.0,16.0,4.0,3.0,2.0
1642235,2022400471,1612709925,4.0,1.0,0.0,0.0,4.0,2.0,0.0,0.0
1641918,2022400471,1612709925,9.0,1.0,7.0,0.0,8.0,3.0,2.0,1.0
1630624,2022400471,1612709893,14.0,4.0,12.0,3.0,11.0,4.0,4.0,3.0
1641772,2022400471,1612709893,18.0,1.0,5.0,2.0,13.0,6.0,5.0,4.0
1631449,2022400471,1612709893,4.0,0.0,4.0,0.0,3.0,2.0,0.0,0.0
1631247,2022400471,1612709893,17.0,5.0,10.0,2.0,17.0,7.0,3.0,1.0
1631262,2022400471,1612709893,29.0,3.0,7.0,0.0,15.0,9.0,10.0,7.0
1630190,2022400471,1612709893,6.0,0.0,6.0,0.0,12.0,2.0,1.0,0.0
1631395,2022400471,1612709893,4.0,4.0,8.0,0.0,7.0,2.0,2.0,0.0
1642619,2022400471,1612709893,3.0,0.0,1.0,0.0,2.0,1.0,0.0,0.0
1642068,2022400471,1612709893,2.0,0.0,1.0,0.0,2.0,1.0,0.0,0.0
1631436,2022400471,1612709893,0.0,0.0,1.0,1.0,0.0,0.0,0.0,0.0
1630592,0022401024,1610612751,13.0,0.0,6.0,0.0,12.0,5.0,0.0,0.0
1629661,0022401024,1610612751,20.0,5.0,9.0,0.0,17.0,8.0,1.0,1.0
1629651,0022401024,1610612751,9.0,4.0,10.0,0.0,9.0,4.0,2.0,1.0
1631213,0022401024,1610612751,9.0,5.0,4.0,0.0,7.0,3.0,0.0,0.0
1630553,0022401024,1610612751,17.0,1.0,4.0,0.0,14.0,7.0,2.0,0.0
1630570,0022401024,1610612751,26.0,1.0,5.0,0.0,14.0,9.0,10.0,6.0
1630549,0022401024,1610612751,2.0,2.0,3.0,0.0,3.0,1.0,0.0,0.0
1641721,0022401024,1610612751,2.0,1.0,2.0,1.0,4.0,0.0,2.0,2.0
1641730,0022401024,1610612751,5.0,1.0,5.0,0.0,10.0,2.0,0.0,0.0
1630174,0022401024,1610612754,6.0,1.0,3.0,1.0,6.0,2.0,0.0,0.0
1627783,0022401024,1610612754,26.0,6.0,3.0,0.0,20.0,10.0,7.0,5.0
1626167,0022401024,1610612754,22.0,0.0,8.0,3.0,14.0,8.0,2.0,1.0
1629614,0022401024,1610612754,5.0,7.0,4.0,0.0,5.0,2.0,0.0,0.0
1630169,0022401024,1610612754,16.0,12.0,8.0,0.0,13.0,5.0,5.0,5.0
1630167,0022401024,1610612754,10.0,0.0,5.0,0.0,9.0,4.0,1.0,1.0
1631097,0022401024,1610612754,13.0,1.0,4.0,1.0,9.0,5.0,4.0,3.0
204456,0022401024,1610612754,8.0,4.0,4.0,0.0,5.0,4.0,0.0,0.0
1641767,0022401024,1610612754,0.0,0.0,1.0,0.0,0.0,0.0,0.0,0.0
1628418,0022401024,1610612754,2.0,0.0,2.0,1.0,2.0,0.0,2.0,2.0
1641716,0022401024,1610612754,0.0,1.0,2.0,0.0,1.0,0.0,0.0,0.0
1626159,2022400470,1612709927,15.0,3.0,5.0,1.0,15.0,7.0,2.0,0.0
1627740,2022400470,1612709927,24.0,2.0,8.0,0.0,19.0,10.0,2.0,2.0
1630641,2022400470,1612709927,8.0,0.0,6.0,2.0,4.0,4.0,0.0,0.0
1631123,2022400470,1612709927,22.0,4.0,7.0,2.0,14.0,9.0,2.0,1.0
1630649,2022400470,1612709927,3.0,0.0,6.0,1.0,9.0,1.0,0.0,0.0
1629808,2022400470,1612709927,11.0,3.0,3.0,0.0,9.0,3.0,3.0,3.0
1631400,2022400470,1612709927,5.0,1.0,3.0,0.0,4.0,2.0,2.0,1.0
1629056,2022400470,1612709927,2.0,4.0,1.0,0.0,6.0,1.0,0.0,0.0
1631219,2022400470,1612709927,2.0,1.0,3.0,1.0,3.0,1.0,0.0,0.0
1641856,2022400470,1612709917,4.0,2.0,2.0,1.0,8.0,2.0,0.0,0.0
1642444,2022400470,1612709917,6.0,2.0,2.0,0.0,5.0,3.0,0.0,0.0
1641777,2022400470,1612709917,6.0,1.0,12.0,1.0,6.0,3.0,2.0,0.0
1642019,2022400470,1612709917,15.0,3.0,6.0,0.0,19.0,7.0,1.0,0.0
1641725,2022400470,1612709917,24.0,5.0,8.0,0.0,17.0,8.0,5.0,5.0
1641847,2022400470,1612709917,15.0,3.0,3.0,0.0,11.0,6.0,0.0,0.0
1642595,2022400470,1612709917,15.0,0.0,3.0,1.0,12.0,6.0,0.0,0.0
1642597,2022400470,1612709917,2.0,0.0,5.0,0.0,2.0,1.0,1.0,0.0
1628398,0022401027,1610612749,14.0,2.0,14.0,0.0,10.0,5.0,4.0,3.0
203507,0022401027,1610612749,32.0,3.0,17.0,1.0,20.0,12.0,13.0,8.0
201572,0022401027,1610612749,21.0,2.0,3.0,1.0,15.0,8.0,3.0,2.0
1627752,0022401027,1610612749,15.0,2.0,1.0,1.0,9.0,6.0,0.0,0.0
1631157,0022401027,1610612749,0.0,4.0,2.0,0.0,4.0,0.0,0.0,0.0
1629018,0022401027,1610612749,11.0,0.0,0.0,0.0,11.0,4.0,0.0,0.0
1629645,0022401027,1610612749,18.0,6.0,3.0,0.0,10.0,8.0,0.0,0.0
1631260,0022401027,1610612749,3.0,3.0,2.0,0.0,5.0,1.0,0.0,0.0
1626192,0022401027,1610612749,0.0,0.0,0.0,0.0,0.0,0.0,0.0,0.0
201942,0022401027,1610612758,22.0,4.0,2.0,0.0,18.0,8.0,7.0,6.0
1631099,0022401027,1610612758,13.0,1.0,9.0,2.0,12.0,5.0,1.0,1.0
202685,0022401027,1610612758,18.0,1.0,7.0,0.0,11.0,8.0,2.0,2.0
203897,0022401027,1610612758,16.0,5.0,7.0,0.0,17.0,7.0,3.0,1.0
1631165,0022401027,1610612758,20.0,6.0,9.0,0.0,10.0,6.0,5.0,5.0
1642269,0022401027,1610612758,1.0,0.0,3.0,0.0,2.0,0.0,2.0,1.0
1631222,0022401027,1610612758,11.0,0.0,1.0,0.0,9.0,4.0,2.0,1.0
1626168,0022401027,1610612758,7.0,3.0,5.0,0.0,12.0,3.0,0.0,0.0
1628365,0022401027,1610612758,0.0,1.0,1.0,0.0,0.0,0.0,0.0,0.0
1631306,2022400467,1612709905,16.0,1.0,5.0,1.0,15.0,6.0,0.0,0.0
1626169,2022400467,1612709905,18.0,6.0,7.0,0.0,13.0,6.0,1.0,1.0
1630283,2022400467,1612709905,10.0,1.0,6.0,4.0,5.0,4.0,2.0,1.0
1642439,2022400467,1612709905,35.0,2.0,6.0,0.0,19.0,9.0,9.0,9.0
1642438,2022400467,1612709905,4.0,9.0,7.0,1.0,5.0,2.0,1.0,0.0
1641811,2022400467,1612709905,10.0,5.0,0.0,0.0,9.0,2.0,3.0,3.0
1642618,2022400467,1612709905,3.0,0.0,4.0,0.0,3.0,1.0,0.0,0.0
1642547,2022400467,1612709905,7.0,0.0,4.0,0.0,8.0,2.0,1.0,1.0
1641888,2022400467,1612709905,10.0,0.0,2.0,0.0,5.0,3.0,1.0,1.0
1629642,2022400467,1612709904,15.0,2.0,11.0,0.0,15.0,7.0,1.0,0.0
1642352,2022400467,1612709904,6.0,3.0,8.0,1.0,12.0,3.0,0.0,0.0
1642013,2022400467,1612709904,12.0,1.0,6.0,0.0,10.0,4.0,2.0,2.0
1630528,2022400467,1612709904,38.0,6.0,5.0,2.0,22.0,13.0,2.0,2.0
1641815,2022400467,1612709904,11.0,8.0,2.0,0.0,5.0,3.0,2.0,2.0
1631214,2022400467,1612709904,21.0,3.0,3.0,1.0,9.0,7.0,4.0,3.0
1641915,2022400467,1612709904,10.0,3.0,5.0,2.0,9.0,5.0,0.0,0.0
1641985,2022400467,1612709904,2.0,1.0,1.0,0.0,2.0,0.0,1.0,1.0
1642628,2022400467,1612709904,2.0,0.0,0.0,0.0,1.0,1.0,0.0,0.0
1629610,0022401017,1610612766,11.0,1.0,0.0,1.0,10.0,3.0,2.0,2.0
1628970,0022401017,1610612766,20.0,4.0,3.0,1.0,12.0,5.0,6.0,6.0
203994,0022401017,1610612766,6.0,5.0,9.0,1.0,5.0,2.0,1.0,1.0
1630182,0022401017,1610612766,12.0,2.0,1.0,0.0,10.0,5.0,0.0,0.0
1642354,0022401017,1610612766,10.0,8.0,1.0,0.0,4.0,2.0,4.0,4.0
1631111,0022401017,1610612766,6.0,1.0,5.0,1.0,6.0,2.0,0.0,0.0
1631217,0022401017,1610612766,12.0,3.0,7.0,0.0,8.0,6.0,0.0,0.0
1641733,0022401017,1610612766,14.0,3.0,0.0,0.0,14.0,5.0,0.0,0.0
203552,0022401017,1610612766,11.0,2.0,0.0,0.0,8.0,5.0,0.0,0.0
201959,0022401017,1610612766,4.0,0.0,3.0,0.0,3.0,2.0,0.0,0.0
1630598,0022401017,1610612760,11.0,1.0,2.0,0.0,9.0,4.0,0.0,0.0
1631096,0022401017,1610612760,14.0,1.0,5.0,3.0,12.0,6.0,4.0,1.0
1628392,0022401017,1610612760,12.0,4.0,10.0,1.0,13.0,6.0,1.0,0.0
1641717,0022401017,1610612760,11.0,5.0,3.0,1.0,8.0,5.0,0.0,0.0
1628983,0022401017,1610612760,30.0,9.0,6.0,0.0,18.0,13.0,2.0,2.0
1631119,0022401017,1610612760,14.0,4.0,5.0,0.0,7.0,4.0,4.0,3.0
1629026,0022401017,1610612760,11.0,0.0,1.0,0.0,4.0,3.0,2.0,2.0
1627936,0022401017,1610612760,9.0,0.0,3.0,1.0,3.0,2.0,4.0,4.0
1630198,0022401017,1610612760,14.0,0.0,2.0,0.0,10.0,5.0,0.0,0.0
1641794,0022401017,1610612760,4.0,1.0,3.0,0.0,4.0,2.0,0.0,0.0
1641745,0022401017,1610612760,5.0,4.0,2.0,0.0,3.0,2.0,0.0,0.0
1642382,0022401017,1610612760,3.0,0.0,1.0,1.0,2.0,1.0,0.0,0.0
1642505,0022401017,1610612760,3.0,0.0,0.0,0.0,1.0,1.0,0.0,0.0
1642377,0022401023,1610612763,3.0,2.0,3.0,0.0,4.0,1.0,0.0,0.0
1630583,0022401023,1610612763,16.0,7.0,5.0,0.0,11.0,5.0,5.0,3.0
1628991,0022401023,1610612763,23.0,1.0,2.0,1.0,24.0,9.0,4.0,2.0
1630217,0022401023,1610612763,10.0,4.0,5.0,0.0,7.0,3.0,2.0,2.0
1630590,0022401023,1610612763,15.0,5.0,3.0,1.0,9.0,6.0,0.0,0.0
1630643,0022401023,1610612763,13.0,0.0,1.0,0.0,7.0,5.0,0.0,0.0
1631246,0022401023,1610612763,5.0,3.0,8.0,0.0,11.0,2.0,0.0,0.0
1628379,0022401023,1610612763,15.0,4.0,2.0,0.0,9.0,6.0,0.0,0.0
1641744,0022401023,1610612763,8.0,2.0,8.0,1.0,9.0,3.0,2.0,2.0
1629723,0022401023,1610612763,0.0,0.0,2.0,0.0,2.0,0.0,0.0,0.0
1642285,0022401023,1610612763,0.0,0.0,0.0,0.0,0.0,0.0,0.0,0.0
1628963,0022401023,1610612763,0.0,0.0,1.0,0.0,2.0,0.0,0.0,0.0
1626181,0022401023,1610612746,14.0,3.0,3.0,0.0,8.0,4.0,6.0,5.0
202695,0022401023,1610612746,23.0,4.0,10.0,0.0,12.0,9.0,4.0,4.0
1627826,0022401023,1610612746,17.0,1.0,10.0,2.0,14.0,8.0,2.0,1.0
1627739,0022401023,1610612746,11.0,1.0,3.0,0.0,8.0,4.0,0.0,0.0
201935,0022401023,1610612746,30.0,9.0,4.0,2.0,14.0,8.0,10.0,9.0
1627884,0022401023,1610612746,5.0,1.0,2.0,1.0,4.0,2.0,0.0,0.0
201587,0022401023,1610612746,5.0,2.0,2.0,2.0,4.0,2.0,0.0,0.0
203992,0022401023,1610612746,16.0,5.0,3.0,0.0,9.0,6.0,0.0,0.0
1627732,0022401023,1610612746,0.0,2.0,2.0,2.0,1.0,0.0,0.0,0.0
1629599,0022401023,1610612746,6.0,1.0,2.0,0.0,4.0,2.0,2.0,1.0
1629234,0022401023,1610612746,1.0,0.0,2.0,0.0,0.0,0.0,2.0,1.0
1641738,0022401023,1610612746,0.0,0.0,0.0,0.0,0.0,0.0,0.0,0.0
1628971,0022401016,1610612740,14,1,2,0,8,5,1,1
203482,0022401016,1610612740,10,4,3,0,4,4,2,1
1642274,0022401016,1610612740,5,2,10,1,4,1,6,3
203468,0022401016,1610612740,15,3,2,0,15,6,2,2
1630631,0022401016,1610612740,9,2,1,1,9,3,0,0
1630526,0022401016,1610612740,7,0,4,0,6,2,3,2
1641722,0022401016,1610612740,10,3,5,0,7,3,4,3
1631255,0022401016,1610612740,8,2,1,1,4,3,4,2
1631232,0022401016,1610612740,4,2,5,1,3,2,0,0
1641810,0022401016,1610612740,11,0,0,0,5,5,0,0
203901,0022401016,1610612740,0,1,0,0,3,0,0,0
1630183,0022401016,1610612750,17,0,5,0,10,7,1,1
203944,0022401016,1610612750,20,5,6,0,11,7,4,4
203497,0022401016,1610612750,15,3,11,0,5,4,8,7
204060,0022401016,1610612750,0,1,0,0,3,0,0,0
1630162,0022401016,1610612750,17,5,3,0,13,6,2,2
1628978,0022401016,1610612750,13,3,1,1,10,4,2,2
1629675,0022401016,1610612750,15,6,5,0,13,6,0,0
1629638,0022401016,1610612750,8,3,2,0,6,3,1,1
1641740,0022401016,1610612750,11,1,1,0,5,4,0,0
201144,0022401016,1610612750,0,6,1,0,1,0,0,0
1630545,0022401016,1610612750,0,2,0,0,2,0,0,0
1630568,0022401016,1610612750,9,0,1,0,4,4,0,0
1631169,0022401016,1610612750,2,1,0,0,1,0,2,2
1642265,0022401016,1610612750,4,2,0,0,4,2,0,0
1630538,0022401016,1610612750,3,2,0,0,1,1,0,0
1628369,0022401020,1610612738,26.0,6.0,6.0,0.0,25.0,11.0,1.0,1.0
201143,0022401020,1610612738,5.0,2.0,9.0,0.0,7.0,2.0,0.0,0.0
204001,0022401020,1610612738,27.0,6.0,10.0,0.0,15.0,9.0,6.0,6.0
1628401,0022401020,1610612738,11.0,4.0,5.0,1.0,8.0,3.0,4.0,3.0
201950,0022401020,1610612738,8.0,4.0,2.0,0.0,6.0,3.0,2.0,2.0
1630573,0022401020,1610612738,14.0,0.0,1.0,0.0,10.0,5.0,0.0,0.0
1628436,0022401020,1610612738,4.0,0.0,8.0,3.0,4.0,2.0,0.0,0.0
1631248,0022401020,1610612738,0.0,0.0,0.0,0.0,4.0,0.0,0.0,0.0
1630202,0022401020,1610612738,18.0,4.0,2.0,0.0,13.0,6.0,3.0,2.0
1628470,0022401020,1610612738,0.0,0.0,0.0,0.0,0.0,0.0,0.0,0.0
1631120,0022401020,1610612738,4.0,0.0,3.0,0.0,3.0,2.0,0.0,0.0
1641775,0022401020,1610612738,4.0,0.0,1.0,0.0,2.0,2.0,0.0,0.0
1629674,0022401020,1610612738,0.0,1.0,1.0,0.0,0.0,0.0,0.0,0.0
1641809,0022401020,1610612738,0.0,0.0,0.0,0.0,0.0,0.0,0.0,0.0
1629004,0022401020,1610612762,4.0,1.0,1.0,0.0,5.0,1.0,2.0,2.0
1642262,0022401020,1610612762,4.0,0.0,1.0,1.0,6.0,2.0,0.0,0.0
1631117,0022401020,1610612762,8.0,6.0,11.0,1.0,9.0,4.0,0.0,0.0
1629012,0022401020,1610612762,30.0,3.0,2.0,0.0,16.0,12.0,3.0,2.0
1642268,0022401020,1610612762,5.0,5.0,4.0,0.0,9.0,2.0,2.0,1.0
1641718,0022401020,1610612762,19.0,7.0,4.0,0.0,16.0,7.0,0.0,0.0
1642271,0022401020,1610612762,4.0,0.0,4.0,0.0,4.0,1.0,2.0,1.0
1630548,0022401020,1610612762,11.0,1.0,2.0,0.0,8.0,4.0,1.0,1.0
1630695,0022401020,1610612762,7.0,1.0,5.0,0.0,4.0,2.0,2.0,2.0
1641729,0022401020,1610612762,7.0,0.0,4.0,0.0,7.0,3.0,0.0,0.0
1641926,2022400464,1612709914,19.0,1.0,6.0,2.0,16.0,6.0,2.0,2.0
1642384,2022400464,1612709914,21.0,1.0,9.0,2.0,19.0,9.0,2.0,1.0
1627746,2022400464,1612709914,9.0,5.0,5.0,3.0,11.0,2.0,4.0,3.0
1630222,2022400464,1612709914,24.0,5.0,4.0,0.0,17.0,8.0,3.0,2.0
1631399,2022400464,1612709914,16.0,7.0,8.0,0.0,8.0,4.0,5.0,5.0
1642606,2022400464,1612709914,0.0,0.0,3.0,1.0,3.0,0.0,0.0,0.0
1626184,2022400464,1612709914,7.0,1.0,4.0,0.0,8.0,2.0,1.0,1.0
1628968,2022400464,1612709914,9.0,1.0,6.0,1.0,5.0,3.0,1.0,1.0
1642428,2022400464,1612709914,0.0,1.0,0.0,0.0,0.0,0.0,1.0,0.0
1641794,2022400464,1612709889,13.0,5.0,6.0,1.0,18.0,5.0,1.0,1.0
1642046,2022400464,1612709889,3.0,1.0,2.0,0.0,4.0,0.0,1.0,1.0
1631489,2022400464,1612709889,6.0,2.0,6.0,1.0,6.0,3.0,0.0,0.0
1631451,2022400464,1612709889,28.0,2.0,7.0,1.0,16.0,9.0,5.0,3.0
1642504,2022400464,1612709889,12.0,2.0,4.0,0.0,8.0,3.0,2.0,2.0
1630186,2022400464,1612709889,28.0,3.0,3.0,0.0,19.0,9.0,5.0,5.0
1641939,2022400464,1612709889,4.0,0.0,2.0,1.0,6.0,2.0,0.0,0.0
1642637,2022400464,1612709889,2.0,0.0,3.0,0.0,2.0,1.0,0.0,0.0
1642502,2022400464,1612709889,4.0,0.0,16.0,2.0,5.0,1.0,1.0,1.0
1641991,2022400464,1612709889,4.0,1.0,5.0,0.0,5.0,1.0,2.0,1.0
1630647,2022400466,1612709920,22.0,4.0,4.0,0.0,15.0,7.0,3.0,3.0
1630663,2022400466,1612709920,13.0,1.0,7.0,0.0,11.0,6.0,1.0,0.0
1630732,2022400466,1612709920,6.0,2.0,5.0,2.0,5.0,3.0,0.0,0.0
1631407,2022400466,1612709920,28.0,3.0,4.0,0.0,21.0,10.0,4.0,2.0
1642465,2022400466,1612709920,10.0,5.0,2.0,0.0,12.0,4.0,0.0,0.0
1642460,2022400466,1612709920,3.0,0.0,4.0,3.0,4.0,1.0,0.0,0.0
1642615,2022400466,1612709920,12.0,5.0,3.0,0.0,7.0,4.0,2.0,2.0
1631113,2022400466,1612709920,24.0,3.0,0.0,1.0,12.0,7.0,7.0,6.0
1642622,2022400466,1612709920,3.0,0.0,2.0,1.0,2.0,1.0,0.0,0.0
1631199,2022400466,1612709932,28.0,4.0,8.0,1.0,16.0,9.0,4.0,2.0
1641752,2022400466,1612709932,22.0,5.0,9.0,0.0,13.0,9.0,3.0,0.0
1642449,2022400466,1612709932,20.0,1.0,19.0,2.0,14.0,10.0,1.0,0.0
1642578,2022400466,1612709932,18.0,1.0,4.0,3.0,9.0,6.0,1.0,1.0
1642450,2022400466,1612709932,17.0,11.0,0.0,0.0,16.0,6.0,3.0,3.0
1642759,2022400466,1612709932,10.0,6.0,4.0,1.0,7.0,3.0,2.0,2.0
1642517,2022400466,1612709932,9.0,0.0,2.0,0.0,5.0,4.0,2.0,1.0
1642071,2022400466,1612709932,5.0,2.0,2.0,0.0,1.0,0.0,5.0,4.0
1642588,2022400466,1612709932,2.0,1.0,2.0,0.0,2.0,1.0,0.0,0.0
1642500,2022400466,1612709932,6.0,0.0,0.0,0.0,2.0,2.0,0.0,0.0
1628415,0022401015,1610612745,11.0,0.0,1.0,0.0,11.0,4.0,2.0,2.0
1641708,0022401015,1610612745,18.0,5.0,9.0,1.0,14.0,8.0,3.0,2.0
1630578,0022401015,1610612745,8.0,2.0,10.0,2.0,15.0,4.0,4.0,0.0
1630224,0022401015,1610612745,6.0,1.0,4.0,1.0,13.0,3.0,0.0,0.0
1627832,0022401015,1610612745,37.0,3.0,0.0,0.0,17.0,13.0,4.0,2.0
1631106,0022401015,1610612745,7.0,2.0,8.0,0.0,6.0,2.0,2.0,2.0
203500,0022401015,1610612745,4.0,1.0,8.0,0.0,2.0,2.0,2.0,0.0
1631095,0022401015,1610612745,11.0,0.0,6.0,0.0,6.0,3.0,4.0,2.0
203952,0022401015,1610612748,30.0,3.0,2.0,1.0,13.0,10.0,9.0,8.0
1628389,0022401015,1610612748,16.0,6.0,6.0,0.0,13.0,6.0,3.0,2.0
1642276,0022401015,1610612748,16.0,1.0,14.0,2.0,10.0,7.0,0.0,0.0
1631170,0022401015,1610612748,4.0,2.0,2.0,1.0,5.0,2.0,0.0,0.0
1629639,0022401015,1610612748,8.0,4.0,3.0,0.0,11.0,3.0,2.0,2.0
1630558,0022401015,1610612748,12.0,4.0,3.0,1.0,10.0,5.0,0.0,0.0
1629130,0022401015,1610612748,4.0,2.0,0.0,0.0,5.0,2.0,0.0,0.0
1629312,0022401015,1610612748,8.0,3.0,4.0,0.0,5.0,3.0,0.0,0.0
201567,0022401015,1610612748,0.0,0.0,0.0,0.0,0.0,0.0,0.0,0.0
202692,0022401015,1610612748,0.0,0.0,0.0,0.0,1.0,0.0,0.0,0.0
1630207,2022400469,1612709926,6.0,2.0,5.0,0.0,6.0,2.0,1.0,0.0
1641713,2022400469,1612709926,18.0,3.0,7.0,1.0,12.0,6.0,1.0,1.0
1630654,2022400469,1612709926,24.0,3.0,10.0,1.0,18.0,10.0,3.0,3.0
1630569,2022400469,1612709926,12.0,3.0,1.0,0.0,12.0,5.0,1.0,1.0
1642530,2022400469,1612709926,6.0,6.0,1.0,0.0,7.0,2.0,0.0,0.0
1630525,2022400469,1612709926,22.0,6.0,4.0,0.0,14.0,8.0,2.0,2.0
1641869,2022400469,1612709926,11.0,4.0,3.0,0.0,9.0,4.0,2.0,2.0
1641938,2022400469,1612709926,8.0,0.0,1.0,1.0,4.0,3.0,1.0,1.0
1641970,2022400469,1612709926,16.0,0.0,8.0,0.0,9.0,8.0,0.0,0.0
1631174,2022400469,1612709926,2.0,1.0,2.0,0.0,3.0,0.0,1.0,1.0
1642492,2022400469,1612709926,0.0,0.0,2.0,0.0,1.0,0.0,0.0,0.0
1642473,2022400469,1612709934,11.0,2.0,4.0,2.0,7.0,5.0,0.0,0.0
1641779,2022400469,1612709934,17.0,2.0,3.0,1.0,12.0,7.0,0.0,0.0
1629603,2022400469,1612709934,7.0,3.0,8.0,2.0,5.0,3.0,1.0,0.0
1631455,2022400469,1612709934,32.0,3.0,6.0,0.0,18.0,10.0,3.0,3.0
1631102,2022400469,1612709934,39.0,13.0,5.0,0.0,26.0,15.0,4.0,3.0
1642487,2022400469,1612709934,10.0,1.0,4.0,2.0,5.0,3.0,3.0,2.0
1642607,2022400469,1612709934,13.0,7.0,2.0,0.0,9.0,6.0,0.0,0.0
1628778,2022400469,1612709934,8.0,0.0,0.0,0.0,7.0,4.0,0.0,0.0
1629993,2022400469,1612709934,2.0,0.0,5.0,0.0,1.0,1.0,1.0,0.0
1641755,2022400465,1612709919,23.0,11.0,10.0,0.0,20.0,10.0,1.0,1.0
1642359,2022400465,1612709919,10.0,5.0,15.0,0.0,14.0,5.0,1.0,0.0
1629650,2022400465,1612709919,27.0,1.0,27.0,1.0,13.0,9.0,13.0,7.0
1631098,2022400465,1612709919,16.0,4.0,2.0,2.0,17.0,7.0,1.0,1.0
1642486,2022400465,1612709919,19.0,5.0,1.0,0.0,14.0,7.0,1.0,1.0
1631499,2022400465,1612709919,10.0,0.0,6.0,0.0,6.0,2.0,2.0,2.0
1641924,2022400465,1612709919,19.0,2.0,2.0,0.0,13.0,6.0,6.0,4.0
1641830,2022400465,1612709919,6.0,1.0,1.0,1.0,3.0,2.0,1.0,1.0
1630733,2022400465,1612709919,0.0,1.0,1.0,0.0,3.0,0.0,0.0,0.0
1641848,2022400465,1612709929,11.0,5.0,14.0,0.0,16.0,4.0,3.0,2.0
1631342,2022400465,1612709929,12.0,1.0,5.0,2.0,14.0,4.0,3.0,3.0
1628387,2022400465,1612709929,12.0,1.0,14.0,6.0,12.0,6.0,0.0,0.0
1630275,2022400465,1612709929,22.0,1.0,7.0,0.0,17.0,7.0,3.0,2.0
1642605,2022400465,1612709929,12.0,6.0,3.0,0.0,12.0,4.0,1.0,1.0
1641792,2022400465,1612709929,6.0,4.0,5.0,2.0,9.0,2.0,0.0,0.0
1641934,2022400465,1612709929,12.0,2.0,4.0,0.0,6.0,4.0,1.0,0.0
1641935,2022400465,1612709929,38.0,3.0,2.0,0.0,26.0,14.0,1.0,0.0
1630532,0022401014,1610612753,21.0,5.0,8.0,1.0,18.0,9.0,2.0,2.0
1631094,0022401014,1610612753,30.0,5.0,8.0,0.0,22.0,11.0,6.0,5.0
1628976,0022401014,1610612753,16.0,1.0,12.0,2.0,13.0,7.0,0.0,0.0
203484,0022401014,1610612753,11.0,1.0,5.0,1.0,6.0,4.0,1.0,0.0
202709,0022401014,1610612753,11.0,1.0,2.0,0.0,6.0,3.0,2.0,2.0
1631216,0022401014,1610612753,6.0,2.0,5.0,0.0,4.0,2.0,0.0,0.0
1641710,0022401014,1610612753,13.0,6.0,6.0,1.0,7.0,5.0,2.0,2.0
203914,0022401014,1610612753,0.0,0.0,2.0,0.0,4.0,0.0,0.0,0.0
1641783,0022401014,1610612753,9.0,1.0,5.0,0.0,9.0,4.0,0.0,0.0
1629048,0022401014,1610612753,0.0,2.0,1.0,2.0,0.0,0.0,0.0,0.0
1628371,0022401014,1610612753,0.0,0.0,1.0,1.0,1.0,0.0,0.0,0.0
1641724,0022401014,1610612753,3.0,0.0,0.0,0.0,4.0,1.0,0.0,0.0
1630644,0022401014,1610612753,0.0,1.0,0.0,0.0,2.0,0.0,0.0,0.0
1630551,0022401014,1610612764,3.0,0.0,6.0,0.0,4.0,1.0,2.0,1.0
203114,0022401014,1610612764,9.0,0.0,3.0,0.0,13.0,3.0,0.0,0.0
1642259,0022401014,1610612764,19.0,2.0,10.0,0.0,15.0,7.0,4.0,2.0
1642273,0022401014,1610612764,7.0,8.0,4.0,1.0,9.0,3.0,0.0,0.0
1629673,0022401014,1610612764,18.0,2.0,2.0,0.0,13.0,7.0,0.0,0.0
1642267,0022401014,1610612764,2.0,3.0,2.0,1.0,7.0,1.0,0.0,0.0
1630264,0022401014,1610612764,10.0,1.0,5.0,0.0,3.0,2.0,7.0,6.0
1641774,0022401014,1610612764,17.0,3.0,6.0,1.0,10.0,5.0,3.0,3.0
1642358,0022401014,1610612764,14.0,3.0,2.0,0.0,9.0,6.0,0.0,0.0
1641732,0022401014,1610612764,4.0,1.0,1.0,0.0,2.0,1.0,3.0,2.0
1630550,0022401014,1610612764,2.0,0.0,0.0,1.0,2.0,1.0,0.0,0.0
1631128,0022401022,1610612743,15.0,2.0,5.0,0.0,8.0,6.0,2.0,2.0
1629008,0022401022,1610612743,17.0,3.0,5.0,0.0,10.0,5.0,4.0,4.0
203932,0022401022,1610612743,23.0,4.0,3.0,0.0,10.0,6.0,12.0,10.0
201566,0022401022,1610612743,18.0,4.0,4.0,0.0,13.0,6.0,8.0,6.0
1627750,0022401022,1610612743,10.0,2.0,4.0,1.0,10.0,5.0,0.0,0.0
1631212,0022401022,1610612743,12.0,0.0,5.0,0.0,11.0,5.0,0.0,0.0
1630192,0022401022,1610612743,0.0,1.0,1.0,1.0,1.0,0.0,0.0,0.0
1629618,0022401022,1610612743,5.0,5.0,0.0,0.0,6.0,2.0,0.0,0.0
1642461,0022401022,1610612743,2.0,0.0,1.0,0.0,2.0,0.0,2.0,2.0
1641790,0022401022,1610612743,4.0,0.0,0.0,0.0,3.0,2.0,0.0,0.0
1641816,0022401022,1610612743,3.0,1.0,3.0,0.0,2.0,1.0,0.0,0.0
1628427,0022401022,1610612743,0.0,2.0,0.0,0.0,0.0,0.0,0.0,0.0
1630166,0022401022,1610612757,36.0,7.0,8.0,1.0,16.0,12.0,9.0,8.0
1631200,0022401022,1610612757,3.0,2.0,3.0,1.0,4.0,1.0,0.0,0.0
1641739,0022401022,1610612757,16.0,4.0,6.0,0.0,10.0,5.0,6.0,4.0
1631101,0022401022,1610612757,23.0,2.0,6.0,1.0,22.0,10.0,2.0,2.0
1630703,0022401022,1610612757,16.0,4.0,2.0,0.0,13.0,6.0,2.0,1.0
1641871,0022401022,1610612757,12.0,4.0,7.0,0.0,8.0,6.0,0.0,0.0
1630625,0022401022,1610612757,19.0,5.0,3.0,3.0,10.0,6.0,6.0,5.0
1629680,0022401022,1610612757,3.0,1.0,3.0,0.0,3.0,1.0,0.0,0.0
1631121,0022401022,1610612757,0.0,1.0,0.0,0.0,1.0,0.0,0.0,0.0
1631303,0022401022,1610612757,0.0,0.0,0.0,0.0,0.0,0.0,0.0,0.0
1641712,0022401022,1610612757,0.0,0.0,0.0,0.0,0.0,0.0,0.0,0.0
1642348,0022401018,1610612755,25.0,2.0,5.0,1.0,14.0,9.0,6.0,4.0
1629643,0022401018,1610612755,7.0,3.0,3.0,1.0,4.0,3.0,0.0,0.0
1627824,0022401018,1610612755,23.0,5.0,9.0,0.0,16.0,11.0,2.0,1.0
1629656,0022401018,1610612755,25.0,10.0,2.0,0.0,20.0,10.0,2.0,1.0
1630215,0022401018,1610612755,5.0,4.0,3.0,0.0,5.0,2.0,0.0,0.0
1641720,0022401018,1610612755,3.0,4.0,1.0,2.0,4.0,0.0,4.0,3.0
1629052,0022401018,1610612755,9.0,0.0,1.0,0.0,7.0,4.0,0.0,0.0
1641741,0022401018,1610612755,20.0,1.0,8.0,0.0,9.0,6.0,6.0,5.0
1629022,0022401018,1610612755,3.0,1.0,0.0,0.0,2.0,1.0,0.0,0.0
1630170,0022401018,1610612759,20.0,7.0,5.0,0.0,16.0,7.0,2.0,2.0
203084,0022401018,1610612759,14.0,3.0,0.0,1.0,10.0,5.0,2.0,2.0
1631110,0022401018,1610612759,23.0,2.0,9.0,0.0,17.0,11.0,2.0,1.0
1642264,0022401018,1610612759,17.0,14.0,5.0,1.0,14.0,6.0,5.0,5.0
101108,0022401018,1610612759,18.0,3.0,4.0,1.0,7.0,6.0,0.0,0.0
1629640,0022401018,1610612759,18.0,3.0,5.0,2.0,10.0,6.0,5.0,4.0
1630572,0022401018,1610612759,2.0,1.0,4.0,0.0,4.0,1.0,0.0,0.0
1630577,0022401018,1610612759,6.0,0.0,2.0,0.0,6.0,2.0,0.0,0.0
1631104,0022401018,1610612759,10.0,3.0,0.0,0.0,5.0,3.0,2.0,1.0
202699,0022401019,1610612765,9.0,3.0,6.0,1.0,11.0,4.0,0.0,0.0
1641709,0022401019,1610612765,8.0,3.0,3.0,0.0,8.0,3.0,2.0,2.0
1631105,0022401019,1610612765,14.0,3.0,9.0,2.0,5.0,5.0,6.0,4.0
203501,0022401019,1610612765,0.0,0.0,1.0,0.0,2.0,0.0,0.0,0.0
1630595,0022401019,1610612765,35.0,6.0,7.0,0.0,30.0,15.0,5.0,3.0
1627736,0022401019,1610612765,16.0,2.0,1.0,1.0,15.0,5.0,1.0,1.0
203471,0022401019,1610612765,11.0,4.0,3.0,0.0,7.0,3.0,4.0,3.0
1630191,0022401019,1610612765,8.0,2.0,6.0,1.0,6.0,4.0,0.0,0.0
1631323,0022401019,1610612765,4.0,0.0,0.0,0.0,5.0,2.0,0.0,0.0
1641842,0022401019,1610612765,12.0,1.0,5.0,0.0,9.0,5.0,1.0,1.0
1630230,0022401019,1610612742,19.0,5.0,11.0,1.0,12.0,8.0,4.0,2.0
1629023,0022401019,1610612742,27.0,0.0,3.0,4.0,16.0,9.0,6.0,4.0
1630539,0022401019,1610612742,10.0,3.0,7.0,2.0,6.0,5.0,0.0,0.0
202691,0022401019,1610612742,20.0,1.0,5.0,0.0,14.0,6.0,6.0,5.0
203915,0022401019,1610612742,31.0,7.0,3.0,0.0,12.0,9.0,13.0,11.0
1631108,0022401019,1610612742,5.0,2.0,8.0,0.0,4.0,1.0,2.0,2.0
1630702,0022401019,1610612742,0.0,0.0,1.0,0.0,5.0,0.0,0.0,0.0
203939,0022401019,1610612742,4.0,2.0,3.0,0.0,2.0,2.0,0.0,0.0
1630314,0022401019,1610612742,7.0,5.0,3.0,0.0,9.0,2.0,5.0,3.0
1642525,2022400468,1612709931,20.0,2.0,6.0,0.0,12.0,8.0,0.0,0.0
1641825,2022400468,1612709931,12.0,2.0,7.0,0.0,9.0,5.0,1.0,1.0
1631305,2022400468,1612709931,2.0,0.0,5.0,0.0,5.0,1.0,0.0,0.0
1642357,2022400468,1612709931,21.0,3.0,5.0,0.0,20.0,8.0,2.0,2.0
1642714,2022400468,1612709931,0.0,3.0,0.0,0.0,5.0,0.0,0.0,0.0
1630535,2022400468,1612709931,25.0,0.0,8.0,0.0,11.0,9.0,5.0,4.0
1642524,2022400468,1612709931,15.0,9.0,6.0,2.0,13.0,6.0,1.0,1.0
1642527,2022400468,1612709931,19.0,7.0,11.0,0.0,10.0,7.0,1.0,1.0
1642128,2022400468,1612709931,0.0,2.0,0.0,0.0,0.0,0.0,0.0,0.0
1631408,2022400468,1612709923,8.0,2.0,0.0,0.0,9.0,3.0,0.0,0.0
1630604,2022400468,1612709923,22.0,3.0,9.0,0.0,20.0,9.0,2.0,2.0
1641987,2022400468,1612709923,18.0,3.0,16.0,3.0,15.0,9.0,0.0,0.0
1631241,2022400468,1612709923,25.0,4.0,4.0,0.0,22.0,10.0,0.0,0.0
1642443,2022400468,1612709923,13.0,12.0,6.0,0.0,15.0,6.0,2.0,1.0
1627853,2022400468,1612709923,7.0,4.0,4.0,0.0,11.0,3.0,0.0,0.0
1630318,2022400468,1612709923,4.0,0.0,1.0,1.0,6.0,2.0,0.0,0.0
1630953,2022400468,1612709923,2.0,1.0,3.0,0.0,5.0,1.0,0.0,0.0
1642549,2022400468,1612709923,2.0,2.0,3.0,0.0,3.0,1.0,0.0,0.0
1628579,2022400468,1612709923,0.0,0.0,1.0,0.0,2.0,0.0,0.0,0.0
1629622,0022401021,1610612739,9.0,1.0,4.0,0.0,5.0,3.0,0.0,0.0
1630596,0022401021,1610612739,16.0,5.0,12.0,2.0,14.0,7.0,2.0,0.0
1628386,0022401021,1610612739,6.0,1.0,6.0,2.0,4.0,3.0,0.0,0.0
1628378,0022401021,1610612739,7.0,3.0,4.0,0.0,18.0,2.0,4.0,3.0
1629636,0022401021,1610612739,18.0,6.0,5.0,0.0,16.0,8.0,0.0,0.0
1629660,0022401021,1610612739,16.0,5.0,1.0,1.0,8.0,5.0,4.0,4.0
1629631,0022401021,1610612739,17.0,1.0,1.0,0.0,8.0,6.0,2.0,2.0
1630241,0022401021,1610612739,4.0,0.0,7.0,0.0,7.0,2.0,0.0,0.0
1629731,0022401021,1610612739,6.0,0.0,0.0,0.0,3.0,2.0,0.0,0.0
1630171,0022401021,1610612739,10.0,1.0,1.0,0.0,6.0,3.0,2.0,2.0
1629750,0022401021,1610612739,3.0,1.0,3.0,0.0,5.0,1.0,0.0,0.0
1642346,0022401021,1610612756,10.0,1.0,9.0,1.0,9.0,4.0,0.0,0.0
201142,0022401021,1610612756,42.0,8.0,6.0,1.0,29.0,17.0,4.0,4.0
1642345,0022401021,1610612756,6.0,4.0,13.0,0.0,7.0,3.0,0.0,0.0
1626164,0022401021,1610612756,17.0,10.0,2.0,0.0,17.0,7.0,2.0,2.0
1631221,0022401021,1610612756,13.0,4.0,2.0,0.0,6.0,5.0,0.0,0.0
1626220,0022401021,1610612756,15.0,2.0,5.0,0.0,8.0,5.0,0.0,0.0
1626145,0022401021,1610612756,16.0,3.0,3.0,0.0,11.0,6.0,0.0,0.0
1628998,0022401021,1610612756,4.0,1.0,6.0,1.0,5.0,1.0,2.0,2.0
1630219,2022400461,1612709911,5.0,3.0,1.0,0.0,6.0,2.0,0.0,0.0
1631159,2022400461,1612709911,30.0,3.0,8.0,0.0,19.0,13.0,0.0,0.0
1642399,2022400461,1612709911,6.0,1.0,10.0,3.0,8.0,3.0,1.0,0.0
1631211,2022400461,1612709911,20.0,2.0,4.0,0.0,15.0,8.0,2.0,1.0
1641803,2022400461,1612709911,7.0,5.0,4.0,1.0,13.0,3.0,0.0,0.0
1641735,2022400461,1612709911,23.0,7.0,5.0,1.0,17.0,9.0,4.0,3.0
1642558,2022400461,1612709911,2.0,0.0,2.0,0.0,1.0,1.0,0.0,0.0
1642554,2022400461,1612709911,6.0,6.0,1.0,0.0,8.0,3.0,0.0,0.0
1641526,2022400461,1612709911,11.0,0.0,5.0,0.0,10.0,5.0,1.0,1.0
1642442,2022400461,1612709911,1.0,0.0,1.0,0.0,1.0,0.0,2.0,1.0
1642475,2022400461,1612709911,4.0,0.0,1.0,0.0,2.0,2.0,0.0,0.0
1630667,2022400461,1612709890,19.0,4.0,4.0,0.0,13.0,8.0,0.0,0.0
1631103,2022400461,1612709890,17.0,4.0,4.0,0.0,14.0,7.0,2.0,2.0
1642496,2022400461,1612709890,2.0,2.0,3.0,3.0,1.0,0.0,1.0,1.0
1630561,2022400461,1612709890,14.0,1.0,6.0,0.0,10.0,6.0,0.0,0.0
1630201,2022400461,1612709890,22.0,6.0,4.0,0.0,14.0,9.0,0.0,0.0
1642563,2022400461,1612709890,21.0,1.0,13.0,0.0,12.0,9.0,5.0,2.0
1642392,2022400461,1612709890,12.0,3.0,4.0,1.0,9.0,4.0,3.0,2.0
1629051,2022400461,1612709890,10.0,2.0,7.0,0.0,9.0,4.0,0.0,0.0
1641988,2022400461,1612709890,17.0,3.0,2.0,0.0,11.0,6.0,1.0,0.0
1642565,2022400461,1612709890,0.0,0.0,0.0,0.0,1.0,0.0,0.0,0.0
1642684,2022400461,1612709890,2.0,1.0,1.0,0.0,2.0,1.0,0.0,0.0
1630750,2022400458,1612709910,10.0,4.0,2.0,0.0,11.0,3.0,3.0,3.0
1630787,2022400458,1612709910,18.0,4.0,9.0,0.0,13.0,6.0,1.0,1.0
1626143,2022400458,1612709910,6.0,4.0,5.0,0.0,6.0,3.0,0.0,0.0
1629751,2022400458,1612709910,23.0,3.0,3.0,0.0,17.0,9.0,0.0,0.0
1642027,2022400458,1612709910,25.0,5.0,8.0,0.0,20.0,12.0,0.0,0.0
1631497,2022400458,1612709910,3.0,1.0,5.0,1.0,3.0,1.0,2.0,1.0
1642407,2022400458,1612709910,4.0,0.0,1.0,0.0,5.0,2.0,0.0,0.0
1631249,2022400458,1612709910,11.0,3.0,4.0,1.0,9.0,4.0,0.0,0.0
1642551,2022400458,1612709910,0.0,0.0,0.0,0.0,2.0,0.0,0.0,0.0
1627208,2022400458,1612709910,3.0,0.0,4.0,0.0,3.0,1.0,0.0,0.0
1631198,2022400458,1612709909,2.0,2.0,4.0,0.0,4.0,0.0,2.0,1.0
1630542,2022400458,1612709909,15.0,1.0,10.0,1.0,12.0,5.0,2.0,2.0
1630600,2022400458,1612709909,27.0,5.0,6.0,1.0,16.0,10.0,3.0,2.0
1641823,2022400458,1612709909,12.0,3.0,7.0,2.0,10.0,4.0,2.0,2.0
1629600,2022400458,1612709909,22.0,6.0,5.0,0.0,17.0,9.0,1.0,0.0
1627775,2022400458,1612709909,15.0,3.0,4.0,2.0,10.0,7.0,0.0,0.0
1631171,2022400458,1612709909,9.0,0.0,4.0,0.0,6.0,4.0,0.0,0.0
1628876,2022400458,1612709909,11.0,3.0,1.0,0.0,6.0,3.0,1.0,1.0
1630218,2022400458,1612709909,0.0,0.0,0.0,0.0,1.0,0.0,0.0,0.0
1628989,0022401013,1610612741,25.0,7.0,5.0,1.0,16.0,10.0,0.0,0.0
1641824,0022401013,1610612741,5.0,0.0,1.0,1.0,5.0,2.0,0.0,0.0
202696,0022401013,1610612741,24.0,8.0,14.0,0.0,14.0,9.0,2.0,2.0
1629632,0022401013,1610612741,35.0,5.0,1.0,0.0,18.0,10.0,14.0,13.0
1630200,0022401013,1610612741,15.0,7.0,4.0,0.0,10.0,6.0,2.0,2.0
1631207,0022401013,1610612741,9.0,2.0,5.0,0.0,6.0,2.0,4.0,3.0
1641763,0022401013,1610612741,2.0,0.0,6.0,0.0,8.0,1.0,0.0,0.0
1630172,0022401013,1610612741,7.0,3.0,1.0,0.0,5.0,2.0,4.0,3.0
1628380,0022401013,1610612741,6.0,0.0,3.0,0.0,4.0,3.0,0.0,0.0
201942,0022401013,1610612758,22.0,5.0,3.0,0.0,22.0,9.0,4.0,2.0
1631099,0022401013,1610612758,10.0,3.0,9.0,2.0,8.0,4.0,0.0,0.0
202685,0022401013,1610612758,6.0,1.0,5.0,1.0,7.0,3.0,0.0,0.0
203897,0022401013,1610612758,8.0,5.0,1.0,0.0,9.0,2.0,3.0,3.0
1628370,0022401013,1610612758,34.0,5.0,1.0,0.0,19.0,12.0,5.0,5.0
1631165,0022401013,1610612758,0.0,0.0,2.0,0.0,2.0,0.0,0.0,0.0
1626168,0022401013,1610612758,22.0,3.0,6.0,1.0,11.0,6.0,6.0,6.0
1642269,0022401013,1610612758,4.0,2.0,2.0,0.0,5.0,2.0,2.0,0.0
1631222,0022401013,1610612758,10.0,3.0,7.0,1.0,3.0,3.0,3.0,3.0
1628398,0022400996,1610612749,20.0,5.0,5.0,0.0,16.0,9.0,5.0,2.0
203507,0022400996,1610612749,28.0,4.0,7.0,1.0,15.0,9.0,12.0,10.0
201572,0022400996,1610612749,11.0,0.0,7.0,2.0,8.0,4.0,2.0,2.0
1627752,0022400996,1610612749,6.0,1.0,2.0,0.0,5.0,2.0,2.0,2.0
1631157,0022400996,1610612749,10.0,4.0,5.0,1.0,11.0,3.0,2.0,2.0
1629018,0022400996,1610612749,23.0,3.0,3.0,0.0,10.0,6.0,5.0,5.0
1629645,0022400996,1610612749,3.0,1.0,4.0,0.0,5.0,1.0,2.0,1.0
1631260,0022400996,1610612749,6.0,2.0,3.0,0.0,5.0,2.0,0.0,0.0
1631250,0022400996,1610612749,2.0,0.0,0.0,0.0,3.0,1.0,0.0,0.0
1626192,0022400996,1610612749,2.0,3.0,2.0,0.0,3.0,1.0,0.0,0.0
1641748,0022400996,1610612749,3.0,1.0,2.0,0.0,1.0,1.0,2.0,1.0
1641753,0022400996,1610612749,4.0,0.0,1.0,0.0,1.0,1.0,2.0,2.0
1641890,0022400996,1610612749,0.0,0.0,0.0,0.0,1.0,0.0,0.0,0.0
1642261,0022400996,1610612747,17.0,3.0,4.0,0.0,14.0,5.0,5.0,4.0
202693,0022400996,1610612747,9.0,2.0,4.0,1.0,11.0,3.0,2.0,2.0
1629637,0022400996,1610612747,9.0,3.0,5.0,0.0,5.0,4.0,2.0,1.0
1630692,0022400996,1610612747,8.0,5.0,8.0,2.0,8.0,3.0,0.0,0.0
1629216,0022400996,1610612747,9.0,4.0,2.0,0.0,12.0,3.0,2.0,1.0
1629003,0022400996,1610612747,4.0,3.0,6.0,0.0,6.0,2.0,0.0,0.0
1641998,0022400996,1610612747,4.0,0.0,5.0,0.0,3.0,2.0,0.0,0.0
1642355,0022400996,1610612747,17.0,5.0,3.0,1.0,10.0,7.0,1.0,1.0
1629629,0022400996,1610612747,2.0,0.0,4.0,0.0,6.0,1.0,0.0,0.0
203458,0022400996,1610612747,10.0,1.0,9.0,0.0,7.0,4.0,4.0,1.0
1631257,2022400463,1612709908,15.0,6.0,15.0,1.0,9.0,5.0,2.0,2.0
1629098,2022400463,1612709908,6.0,1.0,3.0,0.0,12.0,1.0,1.0,1.0
1642368,2022400463,1612709908,20.0,1.0,13.0,3.0,14.0,10.0,2.0,0.0
1631223,2022400463,1612709908,2.0,2.0,6.0,0.0,7.0,1.0,0.0,0.0
1630227,2022400463,1612709908,30.0,6.0,4.0,0.0,20.0,12.0,3.0,3.0
1642591,2022400463,1612709908,0.0,1.0,3.0,0.0,1.0,0.0,0.0,0.0
1641806,2022400463,1612709908,18.0,8.0,1.0,0.0,12.0,5.0,2.0,2.0
1642592,2022400463,1612709908,7.0,1.0,1.0,1.0,7.0,3.0,0.0,0.0
1642516,2022400463,1612709908,8.0,1.0,1.0,0.0,4.0,3.0,1.0,1.0
1627748,2022400463,1612709908,3.0,1.0,3.0,1.0,2.0,1.0,1.0,1.0
1642280,2022400463,1612709924,27.0,2.0,8.0,0.0,24.0,12.0,3.0,1.0
1641738,2022400463,1612709924,10.0,3.0,4.0,1.0,12.0,5.0,1.0,0.0
1641862,2022400463,1612709924,6.0,2.0,9.0,0.0,8.0,3.0,1.0,0.0
1642353,2022400463,1612709924,6.0,1.0,0.0,0.0,4.0,2.0,0.0,0.0
1631167,2022400463,1612709924,12.0,1.0,4.0,0.0,10.0,5.0,1.0,0.0
1631286,2022400463,1612709924,18.0,0.0,6.0,0.0,17.0,6.0,5.0,4.0
1642584,2022400463,1612709924,3.0,3.0,2.0,1.0,2.0,1.0,0.0,0.0
1630675,2022400463,1612709924,7.0,1.0,2.0,0.0,8.0,3.0,0.0,0.0
1642669,2022400463,1612709924,6.0,3.0,0.0,0.0,3.0,2.0,1.0,1.0
1642522,2022400463,1612709924,0.0,0.0,1.0,0.0,1.0,0.0,0.0,0.0
1628384,0022401010,1610612752,25.0,2.0,6.0,1.0,19.0,7.0,8.0,8.0
1628404,0022401010,1610612752,13.0,6.0,4.0,0.0,8.0,5.0,0.0,0.0
1626157,0022401010,1610612752,24.0,3.0,10.0,0.0,21.0,10.0,2.0,2.0
1628969,0022401010,1610612752,16.0,6.0,4.0,0.0,11.0,5.0,8.0,6.0
1630540,0022401010,1610612752,9.0,6.0,3.0,1.0,10.0,4.0,0.0,0.0
1630173,0022401010,1610612752,2.0,0.0,6.0,0.0,5.0,1.0,2.0,0.0
1629013,0022401010,1610612752,0.0,0.0,0.0,0.0,3.0,0.0,0.0,0.0
1626166,0022401010,1610612752,5.0,3.0,3.0,0.0,8.0,2.0,0.0,0.0
1641817,0022401010,1610612752,2.0,0.0,1.0,0.0,2.0,1.0,0.0,0.0
1642278,0022401010,1610612752,0.0,0.0,0.0,0.0,1.0,0.0,0.0,0.0
1630699,0022401010,1610612752,2.0,0.0,1.0,0.0,2.0,1.0,0.0,0.0
1630182,0022401010,1610612766,5.0,1.0,0.0,0.0,5.0,2.0,0.0,0.0
1628970,0022401010,1610612766,15.0,4.0,10.0,0.0,17.0,6.0,1.0,1.0
1631109,0022401010,1610612766,19.0,4.0,14.0,3.0,14.0,8.0,3.0,3.0
1629610,0022401010,1610612766,14.0,0.0,4.0,0.0,7.0,4.0,4.0,3.0
1630163,0022401010,1610612766,25.0,8.0,5.0,0.0,23.0,10.0,0.0,0.0
203552,0022401010,1610612766,4.0,3.0,1.0,0.0,3.0,2.0,0.0,0.0
1631111,0022401010,1610612766,2.0,2.0,1.0,0.0,2.0,1.0,0.0,0.0
203994,0022401010,1610612766,9.0,0.0,7.0,0.0,3.0,3.0,2.0,1.0
1641733,0022401010,1610612766,13.0,3.0,4.0,0.0,10.0,4.0,3.0,3.0
1631217,0022401010,1610612766,7.0,0.0,5.0,0.0,3.0,2.0,4.0,3.0
201959,0022401010,1610612766,2.0,0.0,1.0,0.0,1.0,1.0,0.0,0.0
1641787,2022400460,1612709921,18.0,3.0,11.0,1.0,11.0,4.0,5.0,5.0
1641727,2022400460,1612709921,3.0,2.0,1.0,0.0,7.0,1.0,1.0,0.0
1631166,2022400460,1612709921,30.0,2.0,12.0,0.0,15.0,12.0,3.0,2.0
1630623,2022400460,1612709921,16.0,0.0,4.0,0.0,13.0,5.0,1.0,1.0
1642011,2022400460,1612709921,4.0,5.0,4.0,0.0,7.0,2.0,0.0,0.0
1642573,2022400460,1612709921,0.0,0.0,0.0,0.0,0.0,0.0,0.0,0.0
1630165,2022400460,1612709921,7.0,3.0,5.0,0.0,11.0,3.0,0.0,0.0
1641736,2022400460,1612709921,11.0,5.0,4.0,2.0,11.0,5.0,1.0,0.0
1630286,2022400460,1612709921,12.0,1.0,5.0,0.0,6.0,4.0,2.0,1.0
1626159,2022400460,1612709927,10.0,5.0,8.0,0.0,11.0,4.0,1.0,1.0
1631219,2022400460,1612709927,7.0,2.0,6.0,1.0,3.0,2.0,1.0,1.0
1627740,2022400460,1612709927,26.0,5.0,11.0,1.0,19.0,9.0,4.0,4.0
1630649,2022400460,1612709927,21.0,0.0,2.0,2.0,15.0,8.0,1.0,1.0
1631123,2022400460,1612709927,18.0,4.0,4.0,1.0,13.0,7.0,4.0,2.0
1629808,2022400460,1612709927,21.0,1.0,3.0,0.0,14.0,8.0,2.0,1.0
1630641,2022400460,1612709927,2.0,0.0,3.0,0.0,0.0,0.0,1.0,1.0
1631231,2022400460,1612709927,8.0,10.0,2.0,0.0,10.0,3.0,1.0,0.0
1629056,2022400460,1612709927,0.0,2.0,3.0,0.0,1.0,0.0,0.0,0.0
1631400,2022400460,1612709927,0.0,0.0,2.0,0.0,1.0,0.0,0.0,0.0
1631457,2022400459,1612709925,9.0,6.0,11.0,1.0,5.0,3.0,1.0,1.0
1642066,2022400459,1612709925,10.0,3.0,2.0,1.0,7.0,4.0,1.0,0.0
1641771,2022400459,1612709925,13.0,3.0,8.0,1.0,6.0,4.0,3.0,2.0
1630679,2022400459,1612709925,26.0,6.0,1.0,0.0,17.0,9.0,1.0,1.0
1630644,2022400459,1612709925,27.0,6.0,5.0,0.0,22.0,11.0,4.0,3.0
1629633,2022400459,1612709925,29.0,2.0,7.0,0.0,17.0,12.0,2.0,2.0
1641918,2022400459,1612709925,4.0,1.0,3.0,0.0,4.0,2.0,0.0,0.0
1630606,2022400459,1612709925,22.0,7.0,2.0,0.0,14.0,8.0,1.0,1.0
1626217,2022400459,1612709925,0.0,0.0,1.0,1.0,0.0,0.0,0.0,0.0
1642485,2022400459,1612709915,9.0,1.0,1.0,0.0,6.0,4.0,0.0,0.0
1641936,2022400459,1612709915,6.0,2.0,5.0,1.0,8.0,2.0,1.0,1.0
1630791,2022400459,1612709915,2.0,0.0,3.0,0.0,2.0,1.0,0.0,0.0
1641809,2022400459,1612709915,25.0,10.0,13.0,0.0,15.0,8.0,4.0,3.0
1631120,2022400459,1612709915,29.0,4.0,3.0,1.0,23.0,12.0,3.0,1.0
1642508,2022400459,1612709915,2.0,2.0,0.0,3.0,1.0,1.0,0.0,0.0
1642400,2022400459,1612709915,17.0,4.0,9.0,0.0,11.0,6.0,3.0,2.0
1630648,2022400459,1612709915,3.0,0.0,2.0,0.0,2.0,1.0,0.0,0.0
1630206,2022400459,1612709915,29.0,1.0,3.0,0.0,16.0,11.0,2.0,2.0
1630762,2022400459,1612709915,11.0,0.0,4.0,2.0,8.0,3.0,3.0,3.0
1642050,2022400462,1612709902,29.0,7.0,10.0,2.0,12.0,8.0,5.0,5.0
1642396,2022400462,1612709902,18.0,1.0,8.0,0.0,18.0,7.0,0.0,0.0
1630296,2022400462,1612709902,15.0,3.0,5.0,1.0,18.0,6.0,2.0,1.0
1641881,2022400462,1612709902,13.0,0.0,4.0,1.0,11.0,5.0,0.0,0.0
1641879,2022400462,1612709902,15.0,12.0,3.0,0.0,13.0,7.0,1.0,0.0
1642379,2022400462,1612709902,15.0,10.0,6.0,0.0,11.0,7.0,0.0,0.0
1642764,2022400462,1612709902,10.0,0.0,2.0,0.0,9.0,5.0,0.0,0.0
1630721,2022400462,1612709902,16.0,0.0,1.0,0.0,5.0,5.0,1.0,1.0
1642679,2022400462,1612709902,0.0,0.0,4.0,0.0,1.0,0.0,0.0,0.0
1629015,2022400462,1612709918,30.0,3.0,3.0,1.0,18.0,11.0,5.0,3.0
1641986,2022400462,1612709918,19.0,1.0,7.0,1.0,12.0,8.0,1.0,1.0
1642499,2022400462,1612709918,8.0,2.0,9.0,1.0,5.0,4.0,1.0,0.0
1642701,2022400462,1612709918,10.0,3.0,4.0,0.0,7.0,4.0,0.0,0.0
1641789,2022400462,1612709918,21.0,10.0,3.0,2.0,19.0,8.0,2.0,2.0
1631236,2022400462,1612709918,3.0,0.0,1.0,0.0,1.0,1.0,0.0,0.0
1631160,2022400462,1612709918,8.0,7.0,8.0,2.0,11.0,3.0,0.0,0.0
1642540,2022400462,1612709918,15.0,2.0,8.0,2.0,11.0,6.0,2.0,2.0
1642691,2022400462,1612709918,2.0,0.0,0.0,0.0,3.0,1.0,0.0,0.0
1642367,0022401005,1610612761,5.0,4.0,5.0,0.0,5.0,2.0,1.0,1.0
1630567,0022401005,1610612761,29.0,6.0,10.0,1.0,16.0,11.0,8.0,6.0
1627751,0022401005,1610612761,18.0,2.0,8.0,2.0,9.0,8.0,2.0,2.0
1630534,0022401005,1610612761,9.0,1.0,5.0,1.0,6.0,4.0,0.0,0.0
1630193,0022401005,1610612761,21.0,8.0,4.0,0.0,17.0,8.0,3.0,2.0
1642419,0022401005,1610612761,14.0,2.0,2.0,0.0,12.0,5.0,0.0,0.0
1630658,0022401005,1610612761,7.0,2.0,3.0,0.0,4.0,2.0,4.0,3.0
1642347,0022401005,1610612761,11.0,6.0,4.0,0.0,7.0,4.0,1.0,1.0
1630639,0022401005,1610612761,0.0,0.0,2.0,0.0,2.0,0.0,0.0,0.0
202066,0022401005,1610612761,0.0,1.0,1.0,0.0,0.0,0.0,0.0,0.0
1630541,0022401005,1610612744,4.0,2.0,1.0,1.0,5.0,0.0,4.0,4.0
202710,0022401005,1610612744,16.0,12.0,11.0,2.0,15.0,4.0,10.0,7.0
203110,0022401005,1610612744,21.0,5.0,7.0,0.0,18.0,7.0,2.0,2.0
1641764,0022401005,1610612744,15.0,1.0,3.0,0.0,14.0,6.0,0.0,0.0
201939,0022401005,1610612744,17.0,1.0,2.0,1.0,8.0,6.0,5.0,3.0
1630611,0022401005,1610612744,0.0,2.0,1.0,0.0,0.0,0.0,0.0,0.0
1630228,0022401005,1610612744,16.0,3.0,4.0,0.0,15.0,7.0,1.0,1.0
1642366,0022401005,1610612744,18.0,0.0,2.0,1.0,10.0,6.0,0.0,0.0
1627741,0022401005,1610612744,8.0,4.0,5.0,0.0,4.0,1.0,5.0,5.0
1626172,0022401005,1610612744,2.0,0.0,2.0,0.0,1.0,1.0,1.0,0.0
1630592,0022401011,1610612751,0.0,0.0,1.0,0.0,4.0,0.0,0.0,0.0
1630533,0022401011,1610612751,22.0,1.0,5.0,0.0,15.0,8.0,1.0,0.0
1629651,0022401011,1610612751,6.0,0.0,14.0,2.0,5.0,3.0,0.0,0.0
1630553,0022401011,1610612751,6.0,2.0,3.0,0.0,12.0,2.0,2.0,1.0
1626156,0022401011,1610612751,22.0,6.0,1.0,0.0,22.0,7.0,6.0,5.0
1631213,0022401011,1610612751,4.0,4.0,4.0,0.0,8.0,1.0,2.0,2.0
1630570,0022401011,1610612751,15.0,2.0,5.0,0.0,11.0,6.0,4.0,2.0
1630549,0022401011,1610612751,6.0,2.0,9.0,2.0,8.0,3.0,0.0,0.0
1641721,0022401011,1610612751,8.0,2.0,2.0,0.0,6.0,3.0,0.0,0.0
1641730,0022401011,1610612751,10.0,1.0,3.0,0.0,10.0,3.0,3.0,3.0
1630174,0022401011,1610612754,14.0,0.0,6.0,0.0,9.0,4.0,4.0,4.0
1627783,0022401011,1610612754,6.0,5.0,6.0,0.0,8.0,2.0,3.0,2.0
1626167,0022401011,1610612754,23.0,1.0,10.0,5.0,11.0,8.0,5.0,5.0
1631097,0022401011,1610612754,28.0,3.0,16.0,0.0,17.0,10.0,7.0,6.0
1629614,0022401011,1610612754,9.0,4.0,3.0,0.0,12.0,4.0,0.0,0.0
1630167,0022401011,1610612754,7.0,1.0,3.0,0.0,6.0,2.0,3.0,3.0
1641767,0022401011,1610612754,0.0,2.0,8.0,1.0,6.0,0.0,0.0,0.0
1628418,0022401011,1610612754,3.0,0.0,3.0,2.0,3.0,1.0,2.0,1.0
204456,0022401011,1610612754,7.0,1.0,1.0,0.0,3.0,1.0,6.0,5.0
1641716,0022401011,1610612754,8.0,1.0,0.0,0.0,6.0,3.0,1.0,1.0
1631245,0022401011,1610612754,0.0,0.0,1.0,0.0,0.0,0.0,0.0,0.0
1629023,0022400998,1610612742,26.0,0.0,5.0,0.0,18.0,9.0,10.0,6.0
1630556,0022400998,1610612742,9.0,1.0,2.0,0.0,5.0,3.0,0.0,0.0
1630539,0022400998,1610612742,18.0,1.0,11.0,0.0,9.0,8.0,2.0,2.0
1630230,0022400998,1610612742,20.0,3.0,9.0,0.0,15.0,8.0,7.0,4.0
203915,0022400998,1610612742,17.0,12.0,3.0,0.0,16.0,6.0,3.0,3.0
1631108,0022400998,1610612742,17.0,1.0,8.0,0.0,11.0,6.0,4.0,4.0
203939,0022400998,1610612742,0.0,3.0,1.0,0.0,1.0,0.0,0.0,0.0
1630702,0022400998,1610612742,24.0,2.0,2.0,0.0,13.0,8.0,6.0,5.0
1630174,0022400998,1610612754,18.0,2.0,5.0,0.0,9.0,6.0,3.0,3.0
1627783,0022400998,1610612754,29.0,5.0,1.0,1.0,16.0,11.0,5.0,4.0
1626167,0022400998,1610612754,9.0,2.0,6.0,3.0,6.0,3.0,4.0,3.0
1631097,0022400998,1610612754,23.0,1.0,7.0,0.0,12.0,6.0,12.0,10.0
1629614,0022400998,1610612754,22.0,8.0,3.0,1.0,14.0,7.0,9.0,6.0
1630167,0022400998,1610612754,13.0,2.0,4.0,0.0,6.0,4.0,2.0,2.0
1641767,0022400998,1610612754,5.0,1.0,6.0,0.0,6.0,2.0,2.0,1.0
1628418,0022400998,1610612754,7.0,0.0,3.0,0.0,4.0,3.0,0.0,0.0
204456,0022400998,1610612754,3.0,8.0,2.0,0.0,6.0,1.0,0.0,0.0
1641716,0022400998,1610612754,3.0,0.0,1.0,0.0,2.0,1.0,0.0,0.0
1628396,0022400998,1610612754,3.0,0.0,0.0,0.0,1.0,1.0,0.0,0.0
1629052,0022401002,1610612755,0.0,1.0,6.0,0.0,4.0,0.0,0.0,0.0
1642348,0022401002,1610612755,19.0,2.0,2.0,1.0,14.0,7.0,2.0,2.0
1627824,0022401002,1610612755,11.0,2.0,4.0,0.0,9.0,4.0,0.0,0.0
1629656,0022401002,1610612755,28.0,5.0,2.0,0.0,21.0,10.0,6.0,5.0
1630215,0022401002,1610612755,7.0,4.0,2.0,0.0,13.0,3.0,0.0,0.0
1641741,0022401002,1610612755,4.0,3.0,4.0,0.0,11.0,1.0,4.0,2.0
1641720,0022401002,1610612755,6.0,5.0,1.0,1.0,9.0,2.0,2.0,1.0
1629643,0022401002,1610612755,14.0,2.0,15.0,1.0,6.0,5.0,0.0,0.0
1642024,0022401002,1610612755,11.0,0.0,5.0,0.0,8.0,3.0,2.0,2.0
1641794,0022401002,1610612760,11.0,5.0,5.0,0.0,7.0,3.0,4.0,3.0
1631119,0022401002,1610612760,19.0,11.0,17.0,0.0,11.0,7.0,2.0,2.0
1631096,0022401002,1610612760,19.0,1.0,7.0,1.0,11.0,6.0,6.0,5.0
1630198,0022401002,1610612760,21.0,5.0,3.0,0.0,13.0,7.0,2.0,2.0
1630598,0022401002,1610612760,26.0,6.0,4.0,0.0,18.0,10.0,3.0,2.0
1629026,0022401002,1610612760,13.0,1.0,5.0,1.0,9.0,5.0,0.0,0.0
1642382,0022401002,1610612760,16.0,2.0,6.0,2.0,10.0,6.0,3.0,1.0
1641745,0022401002,1610612760,5.0,4.0,4.0,1.0,9.0,2.0,0.0,0.0
1642505,0022401002,1610612760,3.0,1.0,4.0,0.0,2.0,1.0,0.0,0.0
1641926,2022400452,1612709914,19.0,3.0,1.0,1.0,16.0,7.0,1.0,1.0
1642384,2022400452,1612709914,29.0,5.0,14.0,1.0,19.0,12.0,1.0,0.0
1627746,2022400452,1612709914,24.0,5.0,14.0,2.0,14.0,10.0,1.0,0.0
1630222,2022400452,1612709914,22.0,13.0,7.0,1.0,15.0,6.0,4.0,4.0
1631399,2022400452,1612709914,2.0,7.0,2.0,0.0,5.0,0.0,1.0,1.0
1642606,2022400452,1612709914,8.0,0.0,3.0,0.0,3.0,3.0,1.0,1.0
1626184,2022400452,1612709914,14.0,2.0,3.0,1.0,9.0,4.0,1.0,1.0
1642428,2022400452,1612709914,0.0,0.0,0.0,0.0,1.0,0.0,0.0,0.0
1628968,2022400452,1612709914,3.0,1.0,5.0,0.0,4.0,1.0,0.0,0.0
1642046,2022400452,1612709889,22.0,2.0,7.0,0.0,11.0,7.0,1.0,1.0
1631451,2022400452,1612709889,7.0,6.0,2.0,0.0,13.0,2.0,3.0,1.0
1631489,2022400452,1612709889,11.0,5.0,7.0,1.0,7.0,4.0,1.0,1.0
1641991,2022400452,1612709889,14.0,4.0,1.0,0.0,14.0,7.0,3.0,0.0
1642504,2022400452,1612709889,12.0,1.0,1.0,0.0,12.0,4.0,1.0,1.0
1630186,2022400452,1612709889,21.0,1.0,8.0,0.0,14.0,9.0,0.0,0.0
1642637,2022400452,1612709889,0.0,1.0,1.0,1.0,3.0,0.0,0.0,0.0
1641939,2022400452,1612709889,10.0,2.0,3.0,0.0,5.0,4.0,3.0,1.0
1642502,2022400452,1612709889,4.0,2.0,6.0,0.0,5.0,1.0,1.0,1.0
1629008,0022401006,1610612743,12.0,1.0,4.0,0.0,10.0,5.0,1.0,1.0
1631212,0022401006,1610612743,12.0,2.0,2.0,1.0,8.0,5.0,4.0,1.0
203932,0022401006,1610612743,26.0,0.0,11.0,0.0,14.0,9.0,4.0,3.0
1631128,0022401006,1610612743,10.0,3.0,4.0,0.0,6.0,4.0,4.0,2.0
201566,0022401006,1610612743,12.0,9.0,4.0,0.0,14.0,4.0,5.0,3.0
1642461,0022401006,1610612743,9.0,0.0,3.0,1.0,8.0,4.0,1.0,1.0
1628427,0022401006,1610612743,2.0,3.0,8.0,0.0,4.0,1.0,0.0,0.0
1630192,0022401006,1610612743,0.0,0.0,2.0,0.0,6.0,0.0,0.0,0.0
1629618,0022401006,1610612743,14.0,5.0,4.0,0.0,9.0,5.0,0.0,0.0
1641816,0022401006,1610612743,6.0,1.0,1.0,0.0,6.0,2.0,2.0,2.0
1641790,0022401006,1610612743,5.0,1.0,2.0,2.0,2.0,2.0,0.0,0.0
1630692,0022401006,1610612747,8.0,3.0,3.0,0.0,7.0,2.0,4.0,4.0
1627827,0022401006,1610612747,14.0,4.0,4.0,0.0,7.0,5.0,2.0,1.0
1629637,0022401006,1610612747,6.0,0.0,7.0,1.0,4.0,3.0,2.0,0.0
1630559,0022401006,1610612747,22.0,8.0,5.0,1.0,16.0,8.0,4.0,4.0
1629029,0022401006,1610612747,31.0,7.0,8.0,1.0,21.0,10.0,10.0,7.0
1629216,0022401006,1610612747,12.0,1.0,0.0,0.0,6.0,4.0,0.0,0.0
1629020,0022401006,1610612747,10.0,1.0,2.0,0.0,6.0,4.0,2.0,2.0
1642261,0022401006,1610612747,12.0,1.0,3.0,0.0,10.0,4.0,2.0,1.0
1631132,0022401006,1610612747,4.0,0.0,5.0,0.0,2.0,2.0,0.0,0.0
1629003,0022401006,1610612747,1.0,0.0,1.0,0.0,4.0,0.0,2.0,1.0
1642355,0022401006,1610612747,0.0,0.0,0.0,0.0,0.0,0.0,0.0,0.0
1629718,2022400455,1612709920,29.0,1.0,7.0,1.0,18.0,9.0,3.0,3.0
1630663,2022400455,1612709920,17.0,3.0,5.0,0.0,10.0,6.0,1.0,1.0
1630732,2022400455,1612709920,10.0,5.0,7.0,0.0,6.0,4.0,0.0,0.0
1642615,2022400455,1612709920,6.0,0.0,2.0,1.0,9.0,3.0,0.0,0.0
1631407,2022400455,1612709920,27.0,8.0,2.0,0.0,18.0,10.0,3.0,3.0
1642465,2022400455,1612709920,15.0,5.0,3.0,0.0,9.0,4.0,4.0,4.0
1642460,2022400455,1612709920,3.0,1.0,5.0,0.0,2.0,1.0,0.0,0.0
1630767,2022400455,1612709920,0.0,0.0,1.0,0.0,1.0,0.0,0.0,0.0
1631113,2022400455,1612709920,8.0,1.0,0.0,0.0,9.0,2.0,2.0,2.0
1641856,2022400455,1612709917,19.0,3.0,4.0,0.0,14.0,6.0,1.0,1.0
1642440,2022400455,1612709917,13.0,0.0,2.0,0.0,7.0,4.0,2.0,1.0
1641777,2022400455,1612709917,26.0,1.0,15.0,3.0,12.0,9.0,6.0,4.0
1642019,2022400455,1612709917,26.0,10.0,5.0,0.0,20.0,9.0,2.0,2.0
1641725,2022400455,1612709917,32.0,7.0,7.0,0.0,11.0,8.0,10.0,10.0
1641847,2022400455,1612709917,3.0,2.0,1.0,0.0,4.0,1.0,0.0,0.0
1642444,2022400455,1612709917,0.0,2.0,1.0,0.0,5.0,0.0,0.0,0.0
1642595,2022400455,1612709917,2.0,0.0,0.0,0.0,2.0,1.0,0.0,0.0
1642597,2022400455,1612709917,2.0,1.0,1.0,1.0,1.0,0.0,2.0,1.0
1641709,0022401000,1610612765,14.0,1.0,6.0,1.0,10.0,7.0,0.0,0.0
202699,0022401000,1610612765,13.0,2.0,5.0,4.0,9.0,6.0,2.0,1.0
1631105,0022401000,1610612765,15.0,1.0,11.0,0.0,9.0,6.0,4.0,3.0
203501,0022401000,1610612765,10.0,1.0,2.0,1.0,8.0,3.0,3.0,3.0
1630595,0022401000,1610612765,25.0,11.0,12.0,2.0,25.0,11.0,0.0,0.0
1630191,0022401000,1610612765,6.0,2.0,6.0,0.0,4.0,3.0,0.0,0.0
1627736,0022401000,1610612765,16.0,3.0,1.0,0.0,11.0,5.0,2.0,1.0
203471,0022401000,1610612765,8.0,3.0,1.0,1.0,8.0,1.0,6.0,6.0
1631323,0022401000,1610612765,2.0,0.0,2.0,0.0,3.0,1.0,0.0,0.0
1641842,0022401000,1610612765,7.0,1.0,1.0,1.0,4.0,3.0,1.0,1.0
1631170,0022401000,1610612748,7.0,2.0,4.0,0.0,10.0,3.0,2.0,1.0
1628389,0022401000,1610612748,30.0,8.0,9.0,1.0,24.0,12.0,4.0,4.0
1642276,0022401000,1610612748,14.0,0.0,12.0,3.0,10.0,7.0,0.0,0.0
1629130,0022401000,1610612748,14.0,1.0,1.0,0.0,10.0,5.0,2.0,1.0
1629639,0022401000,1610612748,29.0,3.0,4.0,0.0,20.0,10.0,6.0,6.0
1630558,0022401000,1610612748,12.0,4.0,1.0,0.0,6.0,5.0,3.0,2.0
1629312,0022401000,1610612748,3.0,3.0,3.0,1.0,4.0,1.0,0.0,0.0
202692,0022401000,1610612748,4.0,2.0,3.0,0.0,4.0,1.0,1.0,1.0
1641796,0022401000,1610612748,0.0,1.0,0.0,0.0,2.0,0.0,0.0,0.0
1629627,0022401001,1610612740,29.0,8.0,5.0,0.0,16.0,12.0,9.0,5.0
203482,0022401001,1610612740,13.0,0.0,4.0,1.0,8.0,6.0,0.0,0.0
1642274,0022401001,1610612740,13.0,2.0,7.0,3.0,12.0,6.0,4.0,1.0
203468,0022401001,1610612740,18.0,3.0,6.0,0.0,18.0,7.0,2.0,1.0
1630631,0022401001,1610612740,8.0,6.0,3.0,0.0,5.0,3.0,0.0,0.0
1628971,0022401001,1610612740,15.0,6.0,7.0,0.0,11.0,5.0,2.0,1.0
1631255,0022401001,1610612740,5.0,2.0,1.0,1.0,4.0,2.0,1.0,1.0
1641722,0022401001,1610612740,13.0,1.0,6.0,1.0,10.0,4.0,4.0,3.0
1630526,0022401001,1610612740,5.0,0.0,7.0,0.0,5.0,2.0,0.0,0.0
1630183,0022401001,1610612750,5.0,4.0,0.0,2.0,4.0,2.0,0.0,0.0
203944,0022401001,1610612750,17.0,3.0,3.0,1.0,10.0,7.0,2.0,1.0
203497,0022401001,1610612750,10.0,1.0,9.0,1.0,4.0,3.0,6.0,4.0
1630162,0022401001,1610612750,29.0,4.0,6.0,1.0,19.0,5.0,17.0,15.0
201144,0022401001,1610612750,16.0,2.0,2.0,0.0,8.0,6.0,0.0,0.0
1629675,0022401001,1610612750,9.0,4.0,7.0,1.0,11.0,3.0,2.0,1.0
1628978,0022401001,1610612750,11.0,1.0,7.0,0.0,9.0,4.0,2.0,1.0
1629638,0022401001,1610612750,9.0,2.0,4.0,0.0,7.0,1.0,7.0,7.0
1641740,0022401001,1610612750,9.0,0.0,2.0,0.0,5.0,4.0,0.0,0.0
1630545,0022401001,1610612750,0.0,0.0,0.0,0.0,0.0,0.0,0.0,0.0
1628415,0022400999,1610612745,15.0,3.0,3.0,0.0,10.0,5.0,2.0,2.0
1631106,0022400999,1610612745,16.0,4.0,9.0,1.0,10.0,7.0,2.0,2.0
1630578,0022400999,1610612745,22.0,4.0,12.0,0.0,18.0,9.0,3.0,3.0
1630224,0022400999,1610612745,26.0,2.0,7.0,0.0,18.0,8.0,10.0,7.0
1627832,0022400999,1610612745,19.0,3.0,6.0,0.0,15.0,4.0,8.0,8.0
1631095,0022400999,1610612745,13.0,2.0,3.0,2.0,6.0,4.0,4.0,4.0
203500,0022400999,1610612745,3.0,0.0,6.0,1.0,2.0,1.0,1.0,1.0
201145,0022400999,1610612745,2.0,0.0,0.0,0.0,0.0,0.0,2.0,2.0
1628988,0022400999,1610612745,0.0,0.0,0.0,1.0,2.0,0.0,0.0,0.0
1630532,0022400999,1610612753,20.0,7.0,8.0,0.0,19.0,8.0,2.0,2.0
1631094,0022400999,1610612753,31.0,5.0,6.0,0.0,21.0,10.0,8.0,8.0
1628976,0022400999,1610612753,4.0,0.0,6.0,1.0,4.0,1.0,2.0,2.0
203484,0022400999,1610612753,10.0,4.0,2.0,0.0,12.0,4.0,0.0,0.0
202709,0022400999,1610612753,13.0,2.0,1.0,0.0,9.0,5.0,1.0,1.0
1628371,0022400999,1610612753,2.0,0.0,3.0,1.0,6.0,1.0,0.0,0.0
1641710,0022400999,1610612753,7.0,3.0,4.0,1.0,7.0,3.0,1.0,1.0
1629048,0022400999,1610612753,19.0,0.0,8.0,1.0,10.0,8.0,6.0,3.0
1641783,0022400999,1610612753,2.0,2.0,2.0,0.0,3.0,1.0,0.0,0.0
203914,0022400999,1610612753,0.0,0.0,1.0,0.0,1.0,0.0,0.0,0.0
1631216,0022400999,1610612753,0.0,0.0,0.0,0.0,0.0,0.0,0.0,0.0
1628989,0022401007,1610612741,15.0,4.0,2.0,1.0,11.0,6.0,0.0,0.0
1641824,0022401007,1610612741,5.0,1.0,0.0,0.0,6.0,1.0,3.0,3.0
202696,0022401007,1610612741,24.0,2.0,6.0,3.0,17.0,10.0,2.0,0.0
1629632,0022401007,1610612741,24.0,5.0,6.0,0.0,18.0,9.0,4.0,3.0
1630200,0022401007,1610612741,12.0,9.0,6.0,1.0,7.0,5.0,2.0,2.0
1630581,0022401007,1610612741,22.0,7.0,7.0,1.0,15.0,10.0,0.0,0.0
1641763,0022401007,1610612741,6.0,0.0,2.0,0.0,4.0,2.0,0.0,0.0
1630172,0022401007,1610612741,5.0,0.0,2.0,1.0,5.0,2.0,1.0,0.0
1628380,0022401007,1610612741,8.0,1.0,7.0,1.0,6.0,4.0,0.0,0.0
1631207,0022401007,1610612741,0.0,0.0,2.0,0.0,1.0,0.0,0.0,0.0
1642346,0022401007,1610612756,16.0,0.0,5.0,1.0,11.0,7.0,1.0,0.0
201142,0022401007,1610612756,26.0,8.0,4.0,0.0,15.0,8.0,8.0,7.0
1630208,0022401007,1610612756,18.0,2.0,9.0,3.0,16.0,8.0,2.0,2.0
1626164,0022401007,1610612756,41.0,7.0,4.0,0.0,26.0,14.0,7.0,7.0
1631221,0022401007,1610612756,4.0,7.0,5.0,0.0,6.0,1.0,2.0,2.0
1626220,0022401007,1610612756,5.0,5.0,10.0,1.0,7.0,2.0,0.0,0.0
1626145,0022401007,1610612756,6.0,2.0,1.0,0.0,7.0,2.0,0.0,0.0
1642345,0022401007,1610612756,4.0,3.0,6.0,0.0,2.0,2.0,0.0,0.0
1628998,0022401007,1610612756,7.0,0.0,2.0,1.0,6.0,3.0,0.0,0.0
1628384,0022401003,1610612752,14.0,1.0,5.0,2.0,15.0,5.0,3.0,2.0
1628404,0022401003,1610612752,2.0,7.0,7.0,2.0,4.0,1.0,0.0,0.0
1626157,0022401003,1610612752,32.0,2.0,9.0,0.0,21.0,11.0,9.0,8.0
1628969,0022401003,1610612752,14.0,7.0,5.0,0.0,13.0,5.0,3.0,3.0
1630540,0022401003,1610612752,11.0,5.0,3.0,0.0,14.0,4.0,0.0,0.0
1629011,0022401003,1610612752,13.0,0.0,11.0,2.0,6.0,5.0,6.0,3.0
1629013,0022401003,1610612752,2.0,0.0,2.0,0.0,6.0,1.0,0.0,0.0
1626166,0022401003,1610612752,11.0,4.0,0.0,1.0,9.0,4.0,0.0,0.0
1630173,0022401003,1610612752,4.0,0.0,2.0,0.0,3.0,2.0,0.0,0.0
200782,0022401003,1610612752,0.0,0.0,0.0,0.0,0.0,0.0,0.0,0.0
1642278,0022401003,1610612752,2.0,1.0,0.0,0.0,1.0,1.0,0.0,0.0
1626153,0022401003,1610612752,0.0,1.0,0.0,0.0,0.0,0.0,0.0,0.0
1641817,0022401003,1610612752,0.0,0.0,0.0,0.0,0.0,0.0,0.0,0.0
1630170,0022401003,1610612759,10.0,3.0,4.0,4.0,9.0,3.0,4.0,3.0
203084,0022401003,1610612759,11.0,1.0,4.0,1.0,8.0,4.0,2.0,1.0
1631110,0022401003,1610612759,10.0,3.0,6.0,0.0,14.0,5.0,0.0,0.0
1642264,0022401003,1610612759,22.0,3.0,3.0,1.0,16.0,8.0,6.0,4.0
101108,0022401003,1610612759,12.0,9.0,6.0,1.0,8.0,5.0,0.0,0.0
1629640,0022401003,1610612759,6.0,1.0,10.0,0.0,9.0,2.0,2.0,1.0
202687,0022401003,1610612759,4.0,0.0,4.0,0.0,3.0,2.0,0.0,0.0
1630577,0022401003,1610612759,5.0,2.0,4.0,0.0,4.0,1.0,2.0,2.0
1631104,0022401003,1610612759,6.0,3.0,2.0,0.0,5.0,2.0,3.0,2.0
1630572,0022401003,1610612759,34.0,3.0,9.0,0.0,14.0,13.0,1.0,1.0
1630207,2022400453,1612709926,10.0,2.0,11.0,0.0,8.0,4.0,0.0,0.0
1641713,2022400453,1612709926,9.0,3.0,5.0,0.0,15.0,3.0,1.0,1.0
1630654,2022400453,1612709926,16.0,3.0,12.0,0.0,19.0,7.0,0.0,0.0
1642530,2022400453,1612709926,16.0,8.0,1.0,1.0,7.0,5.0,1.0,1.0
1630569,2022400453,1612709926,27.0,6.0,1.0,0.0,19.0,12.0,1.0,1.0
1630525,2022400453,1612709926,19.0,2.0,7.0,0.0,12.0,7.0,4.0,1.0
1641869,2022400453,1612709926,9.0,3.0,1.0,0.0,9.0,4.0,0.0,0.0
1642492,2022400453,1612709926,0.0,0.0,1.0,0.0,0.0,0.0,0.0,0.0
1641938,2022400453,1612709926,3.0,0.0,4.0,0.0,2.0,1.0,0.0,0.0
1631174,2022400453,1612709926,3.0,0.0,2.0,0.0,1.0,1.0,0.0,0.0
1641970,2022400453,1612709926,0.0,0.0,3.0,0.0,4.0,0.0,0.0,0.0
1641779,2022400453,1612709934,15.0,1.0,5.0,1.0,12.0,6.0,0.0,0.0
1642473,2022400453,1612709934,12.0,0.0,6.0,0.0,10.0,4.0,1.0,1.0
1629603,2022400453,1612709934,28.0,0.0,15.0,1.0,16.0,11.0,3.0,2.0
1631102,2022400453,1612709934,24.0,12.0,7.0,0.0,28.0,9.0,3.0,2.0
1631455,2022400453,1612709934,14.0,2.0,3.0,0.0,11.0,4.0,1.0,1.0
1642487,2022400453,1612709934,6.0,3.0,7.0,1.0,3.0,3.0,1.0,0.0
1628778,2022400453,1612709934,0.0,2.0,3.0,0.0,5.0,0.0,0.0,0.0
1642607,2022400453,1612709934,5.0,6.0,2.0,0.0,8.0,1.0,1.0,1.0
1630321,2022400453,1612709934,7.0,1.0,2.0,0.0,5.0,3.0,2.0,1.0
1641755,2022400454,1612709919,20.0,10.0,10.0,0.0,11.0,7.0,5.0,3.0
1642359,2022400454,1612709919,20.0,2.0,3.0,0.0,13.0,4.0,5.0,4.0
1629650,2022400454,1612709919,21.0,1.0,17.0,0.0,17.0,10.0,3.0,1.0
1631098,2022400454,1612709919,19.0,4.0,6.0,1.0,15.0,6.0,1.0,1.0
1642486,2022400454,1612709919,16.0,3.0,2.0,0.0,11.0,6.0,0.0,0.0
1641924,2022400454,1612709919,19.0,5.0,4.0,0.0,10.0,3.0,6.0,5.0
1631499,2022400454,1612709919,8.0,2.0,4.0,0.0,9.0,2.0,1.0,1.0
1641830,2022400454,1612709919,4.0,0.0,8.0,4.0,7.0,2.0,1.0,0.0
1630733,2022400454,1612709919,11.0,0.0,3.0,0.0,7.0,3.0,1.0,1.0
1631342,2022400454,1612709929,27.0,3.0,5.0,1.0,16.0,9.0,3.0,3.0
1631210,2022400454,1612709929,24.0,4.0,10.0,2.0,20.0,10.0,2.0,1.0
1641792,2022400454,1612709929,0.0,3.0,5.0,0.0,5.0,0.0,0.0,0.0
1630275,2022400454,1612709929,17.0,3.0,2.0,0.0,14.0,7.0,2.0,1.0
1642605,2022400454,1612709929,25.0,9.0,6.0,0.0,19.0,10.0,1.0,1.0
1628387,2022400454,1612709929,4.0,0.0,8.0,0.0,4.0,2.0,0.0,0.0
1630284,2022400454,1612709929,13.0,3.0,7.0,1.0,13.0,5.0,2.0,1.0
1641848,2022400454,1612709929,8.0,3.0,3.0,3.0,7.0,4.0,1.0,0.0
1641935,2022400454,1612709929,5.0,1.0,2.0,1.0,6.0,1.0,1.0,1.0
1641934,2022400454,1612709929,0.0,1.0,1.0,0.0,1.0,0.0,0.0,0.0
1629731,0022401009,1610612739,12.0,1.0,7.0,0.0,8.0,4.0,0.0,0.0
1630596,0022401009,1610612739,31.0,2.0,10.0,0.0,18.0,13.0,1.0,1.0
1628386,0022401009,1610612739,10.0,2.0,5.0,0.0,5.0,4.0,4.0,2.0
1629622,0022401009,1610612739,12.0,2.0,4.0,0.0,10.0,5.0,2.0,1.0
1628378,0022401009,1610612739,26.0,4.0,5.0,0.0,17.0,8.0,9.0,9.0
1629631,0022401009,1610612739,8.0,3.0,4.0,0.0,8.0,3.0,0.0,0.0
1629660,0022401009,1610612739,14.0,6.0,1.0,0.0,15.0,7.0,0.0,0.0
1630241,0022401009,1610612739,0.0,4.0,1.0,0.0,0.0,0.0,0.0,0.0
1630171,0022401009,1610612739,5.0,0.0,0.0,1.0,3.0,2.0,0.0,0.0
1641854,0022401009,1610612739,1.0,0.0,0.0,0.0,0.0,0.0,2.0,1.0
201942,0022401009,1610612758,27.0,4.0,1.0,0.0,19.0,10.0,6.0,5.0
1631099,0022401009,1610612758,13.0,3.0,4.0,0.0,11.0,5.0,0.0,0.0
202685,0022401009,1610612758,12.0,2.0,13.0,0.0,11.0,5.0,2.0,2.0
1631165,0022401009,1610612758,13.0,2.0,4.0,0.0,5.0,4.0,2.0,2.0
1628370,0022401009,1610612758,22.0,8.0,6.0,1.0,18.0,8.0,2.0,2.0
1642269,0022401009,1610612758,16.0,3.0,5.0,0.0,11.0,6.0,2.0,2.0
1626168,0022401009,1610612758,13.0,5.0,7.0,0.0,9.0,5.0,2.0,2.0
1628365,0022401009,1610612758,5.0,1.0,0.0,0.0,6.0,2.0,0.0,0.0
1642403,0022401009,1610612758,2.0,0.0,1.0,0.0,1.0,1.0,0.0,0.0
1642267,0022400627,1610612764,6.0,4.0,5.0,1.0,5.0,3.0,0.0,0.0
1641774,0022400627,1610612764,17.0,0.0,5.0,2.0,11.0,8.0,2.0,0.0
1642259,0022400627,1610612764,22.0,2.0,9.0,0.0,14.0,7.0,4.0,4.0
1642358,0022400627,1610612764,12.0,6.0,1.0,0.0,10.0,5.0,1.0,1.0
1629673,0022400627,1610612764,2.0,5.0,2.0,0.0,11.0,1.0,0.0,0.0
1630550,0022400627,1610612764,8.0,3.0,3.0,0.0,8.0,3.0,2.0,2.0
1641798,0022400627,1610612764,11.0,1.0,7.0,0.0,11.0,4.0,2.0,2.0
1641732,0022400627,1610612764,24.0,3.0,4.0,0.0,11.0,9.0,3.0,2.0
1630264,0022400627,1610612764,10.0,2.0,1.0,0.0,6.0,3.0,4.0,3.0
203935,0022400627,1610612764,0.0,4.0,0.0,1.0,6.0,0.0,0.0,0.0
1642262,0022400627,1610612762,2.0,1.0,1.0,0.0,7.0,1.0,0.0,0.0
1642271,0022400627,1610612762,21.0,2.0,4.0,0.0,11.0,8.0,4.0,1.0
1631117,0022400627,1610612762,7.0,2.0,5.0,1.0,8.0,3.0,0.0,0.0
1629012,0022400627,1610612762,18.0,5.0,3.0,0.0,8.0,7.0,4.0,2.0
1642268,0022400627,1610612762,16.0,6.0,3.0,0.0,10.0,7.0,0.0,0.0
1631131,0022400627,1610612762,4.0,2.0,10.0,0.0,3.0,1.0,2.0,2.0
1630695,0022400627,1610612762,0.0,1.0,3.0,0.0,1.0,0.0,0.0,0.0
1641718,0022400627,1610612762,20.0,4.0,4.0,0.0,12.0,7.0,4.0,3.0
203903,0022400627,1610612762,14.0,4.0,3.0,0.0,11.0,5.0,4.0,3.0
1641729,0022400627,1610612762,17.0,1.0,0.0,0.0,11.0,7.0,0.0,0.0
1630548,0022400627,1610612762,9.0,2.0,6.0,0.0,7.0,4.0,0.0,0.0
1642525,2022400450,1612709931,17.0,0.0,8.0,0.0,18.0,8.0,0.0,0.0
1641825,2022400450,1612709931,15.0,3.0,4.0,0.0,14.0,6.0,0.0,0.0
1631305,2022400450,1612709931,8.0,3.0,3.0,1.0,10.0,4.0,1.0,0.0
1642357,2022400450,1612709931,14.0,10.0,10.0,2.0,13.0,6.0,1.0,1.0
1642714,2022400450,1612709931,6.0,1.0,2.0,1.0,10.0,2.0,0.0,0.0
1642524,2022400450,1612709931,2.0,1.0,1.0,2.0,4.0,1.0,0.0,0.0
1630535,2022400450,1612709931,19.0,0.0,9.0,0.0,18.0,9.0,2.0,1.0
1642527,2022400450,1612709931,8.0,2.0,4.0,0.0,6.0,2.0,2.0,1.0
1642128,2022400450,1612709931,6.0,4.0,1.0,0.0,5.0,3.0,0.0,0.0
1642752,2022400450,1612709931,0.0,0.0,0.0,0.0,1.0,0.0,0.0,0.0
1641864,2022400450,1612709903,9.0,2.0,2.0,0.0,7.0,3.0,0.0,0.0
1641795,2022400450,1612709903,13.0,2.0,1.0,0.0,10.0,6.0,1.0,0.0
1631131,2022400450,1612709903,37.0,1.0,26.0,2.0,18.0,15.0,5.0,4.0
1631220,2022400450,1612709903,8.0,14.0,6.0,0.0,8.0,3.0,4.0,1.0
202738,2022400450,1612709903,27.0,4.0,1.0,0.0,17.0,7.0,4.0,4.0
1630546,2022400450,1612709903,15.0,8.0,5.0,0.0,8.0,5.0,0.0,0.0
1641863,2022400450,1612709903,14.0,6.0,2.0,0.0,10.0,5.0,0.0,0.0
1642693,2022400450,1612709903,0.0,0.0,1.0,1.0,0.0,0.0,0.0,0.0
1642544,2022400450,1612709903,2.0,0.0,0.0,0.0,1.0,1.0,0.0,0.0
1642640,2022400450,1612709903,0.0,0.0,0.0,0.0,1.0,0.0,0.0,0.0
1631306,2022400457,1612709905,20.0,0.0,2.0,0.0,15.0,7.0,1.0,1.0
1626169,2022400457,1612709905,24.0,5.0,8.0,0.0,15.0,6.0,11.0,8.0
1630283,2022400457,1612709905,16.0,2.0,18.0,1.0,12.0,8.0,0.0,0.0
1642439,2022400457,1612709905,8.0,3.0,4.0,0.0,13.0,3.0,0.0,0.0
1642438,2022400457,1612709905,13.0,9.0,5.0,0.0,11.0,5.0,3.0,2.0
1642547,2022400457,1612709905,4.0,0.0,7.0,0.0,4.0,2.0,1.0,0.0
1641811,2022400457,1612709905,15.0,3.0,3.0,0.0,10.0,4.0,5.0,4.0
1642618,2022400457,1612709905,10.0,2.0,6.0,0.0,5.0,3.0,2.0,2.0
1641888,2022400457,1612709905,9.0,0.0,2.0,0.0,7.0,3.0,1.0,1.0
1629642,2022400457,1612709904,6.0,5.0,5.0,1.0,9.0,3.0,0.0,0.0
1642352,2022400457,1612709904,20.0,0.0,8.0,1.0,16.0,7.0,4.0,2.0
1642013,2022400457,1612709904,7.0,0.0,7.0,0.0,5.0,3.0,0.0,0.0
1630528,2022400457,1612709904,24.0,0.0,5.0,2.0,20.0,8.0,5.0,4.0
1641815,2022400457,1612709904,14.0,9.0,4.0,0.0,11.0,6.0,1.0,1.0
1631214,2022400457,1612709904,13.0,5.0,2.0,0.0,10.0,4.0,3.0,2.0
1642552,2022400457,1612709904,3.0,0.0,0.0,0.0,1.0,1.0,0.0,0.0
1641915,2022400457,1612709904,6.0,0.0,5.0,0.0,0.0,0.0,3.0,3.0
1641985,2022400457,1612709904,17.0,0.0,3.0,0.0,10.0,6.0,0.0,0.0
1629751,2022400451,1612709910,27.0,6.0,7.0,0.0,18.0,10.0,3.0,3.0
1630787,2022400451,1612709910,9.0,2.0,10.0,2.0,12.0,3.0,3.0,3.0
1626143,2022400451,1612709910,25.0,5.0,13.0,0.0,14.0,10.0,2.0,2.0
1630750,2022400451,1612709910,11.0,2.0,5.0,0.0,13.0,5.0,0.0,0.0
1642027,2022400451,1612709910,14.0,5.0,4.0,1.0,14.0,4.0,7.0,5.0
1631249,2022400451,1612709910,5.0,4.0,2.0,2.0,7.0,2.0,0.0,0.0
1642407,2022400451,1612709910,6.0,1.0,2.0,0.0,6.0,2.0,0.0,0.0
1631497,2022400451,1612709910,8.0,1.0,6.0,0.0,6.0,3.0,1.0,1.0
1642551,2022400451,1612709910,2.0,0.0,1.0,0.0,2.0,1.0,0.0,0.0
1641917,2022400451,1612709928,13.0,3.0,5.0,0.0,8.0,4.0,1.0,1.0
1629667,2022400451,1612709928,19.0,6.0,8.0,0.0,11.0,6.0,3.0,2.0
1631338,2022400451,1612709928,18.0,1.0,5.0,1.0,16.0,9.0,2.0,0.0
1641778,2022400451,1612709928,11.0,3.0,7.0,0.0,10.0,4.0,3.0,2.0
1630184,2022400451,1612709928,8.0,10.0,2.0,0.0,10.0,4.0,0.0,0.0
1641907,2022400451,1612709928,25.0,2.0,2.0,0.0,18.0,9.0,2.0,2.0
1631485,2022400451,1612709928,4.0,1.0,9.0,2.0,4.0,1.0,1.0,1.0
1642541,2022400451,1612709928,0.0,0.0,0.0,0.0,1.0,0.0,0.0,0.0
1642377,0022401008,1610612763,2.0,0.0,1.0,0.0,7.0,1.0,0.0,0.0
1628991,0022401008,1610612763,14.0,2.0,5.0,0.0,18.0,5.0,2.0,2.0
1641744,0022401008,1610612763,6.0,2.0,3.0,0.0,4.0,2.0,2.0,2.0
1630217,0022401008,1610612763,20.0,4.0,7.0,0.0,16.0,7.0,5.0,4.0
1628379,0022401008,1610612763,6.0,3.0,3.0,0.0,7.0,3.0,0.0,0.0
1630590,0022401008,1610612763,18.0,4.0,6.0,0.0,17.0,7.0,5.0,4.0
1629634,0022401008,1610612763,0.0,0.0,1.0,0.0,1.0,0.0,0.0,0.0
1630583,0022401008,1610612763,16.0,1.0,5.0,0.0,10.0,6.0,3.0,2.0
1631246,0022401008,1610612763,4.0,3.0,2.0,1.0,4.0,2.0,0.0,0.0
1629723,0022401008,1610612763,3.0,2.0,3.0,1.0,3.0,1.0,0.0,0.0
1630643,0022401008,1610612763,8.0,2.0,3.0,2.0,4.0,2.0,4.0,3.0
1642285,0022401008,1610612763,0.0,0.0,0.0,0.0,0.0,0.0,0.0,0.0
1628963,0022401008,1610612763,2.0,0.0,1.0,0.0,1.0,1.0,0.0,0.0
1630166,0022401008,1610612757,31.0,8.0,16.0,2.0,18.0,9.0,9.0,8.0
1641739,0022401008,1610612757,15.0,3.0,2.0,0.0,11.0,6.0,2.0,0.0
1642270,0022401008,1610612757,7.0,0.0,11.0,3.0,4.0,2.0,2.0,2.0
1631101,0022401008,1610612757,17.0,5.0,7.0,0.0,13.0,6.0,2.0,2.0
1629014,0022401008,1610612757,22.0,3.0,5.0,0.0,24.0,8.0,4.0,4.0
1630703,0022401008,1610612757,5.0,5.0,3.0,0.0,10.0,2.0,0.0,0.0
1641871,0022401008,1610612757,13.0,0.0,9.0,1.0,9.0,5.0,0.0,0.0
1631200,0022401008,1610612757,2.0,0.0,4.0,0.0,3.0,1.0,0.0,0.0
1629680,0022401008,1610612757,3.0,1.0,6.0,0.0,3.0,1.0,2.0,1.0
1630625,0022401008,1610612757,0.0,0.0,0.0,0.0,0.0,0.0,0.0,0.0
1631303,0022401008,1610612757,0.0,0.0,1.0,0.0,0.0,0.0,0.0,0.0
1631121,0022401008,1610612757,0.0,0.0,1.0,0.0,1.0,0.0,0.0,0.0
1641712,0022401008,1610612757,0.0,0.0,0.0,0.0,0.0,0.0,0.0,0.0
1642578,2022400456,1612709932,10,1,4,0,12,4,0,0
1641752,2022400456,1612709932,6,4,10,0,11,3,0,0
1642449,2022400456,1612709932,16,3,9,1,8,6,3,2
1631199,2022400456,1612709932,19,0,2,1,15,5,3,3
1642450,2022400456,1612709932,9,5,5,0,16,3,1,1
1642676,2022400456,1612709932,13,3,2,0,9,5,2,2
1642588,2022400456,1612709932,6,0,5,0,4,3,0,0
1642759,2022400456,1612709932,7,0,4,0,6,2,1,1
1642517,2022400456,1612709932,6,0,2,0,4,2,1,1
1642071,2022400456,1612709932,2,0,1,0,2,1,0,0
1642500,2022400456,1612709932,0,0,1,0,1,0,0,0
1641799,2022400456,1612709922,12,2,7,0,8,5,1,1
1631301,2022400456,1612709922,24,1,7,0,10,6,6,5
1629617,2022400456,1612709922,12,1,4,1,10,3,2,2
1641749,2022400456,1612709922,10,4,4,0,11,4,1,1
1642354,2022400456,1612709922,19,7,6,0,15,8,2,1
1642531,2022400456,1612709922,14,1,8,2,9,6,1,1
1630640,2022400456,1612709922,14,1,2,0,7,5,0,0
1631474,2022400456,1612709922,4,4,5,1,5,2,0,0
1630340,2022400456,1612709922,0,0,0,0,1,0,0,0
1642072,2022400456,1612709922,0,0,0,0,0,0,0,0
1629661,0022400994,1610612751,11.0,4.0,2.0,1.0,9.0,4.0,3.0,2.0
1630533,0022400994,1610612751,15.0,0.0,4.0,0.0,11.0,5.0,2.0,2.0
1629651,0022400994,1610612751,6.0,2.0,9.0,0.0,6.0,3.0,0.0,0.0
1630553,0022400994,1610612751,13.0,1.0,3.0,0.0,12.0,5.0,0.0,0.0
1626156,0022400994,1610612751,18.0,7.0,5.0,0.0,18.0,6.0,3.0,2.0
1631213,0022400994,1610612751,9.0,1.0,3.0,0.0,5.0,3.0,2.0,2.0
1630549,0022400994,1610612751,9.0,1.0,7.0,1.0,6.0,4.0,0.0,0.0
1641721,0022400994,1610612751,3.0,0.0,4.0,0.0,4.0,1.0,2.0,1.0
1641730,0022400994,1610612751,1.0,1.0,2.0,0.0,5.0,0.0,2.0,1.0
1630570,0022400994,1610612751,11.0,4.0,0.0,0.0,9.0,5.0,3.0,1.0
1630592,0022400994,1610612751,0.0,0.0,0.0,0.0,3.0,0.0,0.0,0.0
1630573,0022400994,1610612738,8.0,0.0,7.0,0.0,8.0,3.0,0.0,0.0
201143,0022400994,1610612738,4.0,6.0,5.0,0.0,5.0,1.0,2.0,1.0
204001,0022400994,1610612738,25.0,3.0,13.0,3.0,13.0,9.0,8.0,6.0
1628401,0022400994,1610612738,18.0,4.0,5.0,1.0,19.0,6.0,3.0,3.0
201950,0022400994,1610612738,12.0,8.0,6.0,1.0,14.0,5.0,2.0,2.0
1630202,0022400994,1610612738,10.0,2.0,4.0,0.0,9.0,3.0,1.0,1.0
1628436,0022400994,1610612738,1.0,0.0,1.0,0.0,0.0,0.0,2.0,1.0
1631248,0022400994,1610612738,20.0,1.0,3.0,0.0,8.0,7.0,0.0,0.0
1628470,0022400994,1610612738,2.0,0.0,2.0,0.0,2.0,0.0,2.0,2.0
1629674,0022400994,1610612738,4.0,0.0,2.0,0.0,1.0,1.0,2.0,2.0
1631257,2022400449,1612709908,14.0,4.0,5.0,1.0,9.0,4.0,3.0,2.0
1629098,2022400449,1612709908,11.0,1.0,3.0,1.0,10.0,4.0,0.0,0.0
1642368,2022400449,1612709908,26.0,3.0,9.0,1.0,13.0,11.0,3.0,3.0
1631223,2022400449,1612709908,25.0,4.0,5.0,0.0,15.0,11.0,1.0,0.0
1630227,2022400449,1612709908,13.0,4.0,8.0,0.0,8.0,4.0,4.0,2.0
1641999,2022400449,1612709908,4.0,3.0,4.0,0.0,2.0,2.0,0.0,0.0
1642591,2022400449,1612709908,13.0,2.0,9.0,0.0,8.0,3.0,3.0,3.0
1641806,2022400449,1612709908,13.0,11.0,4.0,1.0,9.0,4.0,4.0,3.0
1627748,2022400449,1612709908,2.0,0.0,0.0,0.0,2.0,1.0,0.0,0.0
1642280,2022400449,1612709924,25.0,1.0,2.0,1.0,15.0,8.0,3.0,3.0
1631116,2022400449,1612709924,7.0,1.0,4.0,0.0,9.0,3.0,0.0,0.0
1641862,2022400449,1612709924,10.0,3.0,8.0,0.0,8.0,5.0,0.0,0.0
1642353,2022400449,1612709924,4.0,3.0,4.0,2.0,10.0,1.0,3.0,1.0
1630618,2022400449,1612709924,11.0,3.0,1.0,0.0,8.0,4.0,1.0,1.0
1631167,2022400449,1612709924,9.0,2.0,1.0,0.0,6.0,3.0,2.0,1.0
1631286,2022400449,1612709924,25.0,1.0,0.0,0.0,11.0,8.0,2.0,2.0
1642669,2022400449,1612709924,3.0,2.0,1.0,0.0,2.0,1.0,1.0,1.0
1642584,2022400449,1612709924,9.0,3.0,3.0,0.0,8.0,4.0,0.0,0.0
1630675,2022400449,1612709924,5.0,2.0,1.0,1.0,6.0,1.0,1.0,1.0
1642258,0022400993,1610612737,21.0,2.0,8.0,1.0,15.0,7.0,2.0,2.0
1631243,0022400993,1610612737,4.0,1.0,3.0,0.0,6.0,1.0,2.0,1.0
1630168,0022400993,1610612737,15.0,3.0,10.0,0.0,10.0,5.0,2.0,2.0
1630700,0022400993,1610612737,22.0,7.0,7.0,1.0,12.0,10.0,3.0,1.0
1629027,0022400993,1610612737,31.0,8.0,2.0,0.0,20.0,11.0,4.0,4.0
1630249,0022400993,1610612737,5.0,2.0,4.0,1.0,4.0,1.0,2.0,2.0
1629611,0022400993,1610612737,12.0,2.0,4.0,1.0,8.0,5.0,0.0,0.0
1627777,0022400993,1610612737,6.0,0.0,0.0,1.0,4.0,2.0,0.0,0.0
1631230,0022400993,1610612737,12.0,1.0,6.0,2.0,11.0,6.0,0.0,0.0
1629726,0022400993,1610612737,6.0,1.0,2.0,1.0,3.0,2.0,0.0,0.0
1630182,0022400993,1610612766,2.0,3.0,2.0,0.0,6.0,1.0,0.0,0.0
1629610,0022400993,1610612766,19.0,1.0,5.0,2.0,12.0,8.0,0.0,0.0
1631109,0022400993,1610612766,4.0,5.0,5.0,2.0,3.0,1.0,2.0,2.0
203552,0022400993,1610612766,19.0,1.0,0.0,0.0,11.0,6.0,3.0,3.0
1641878,0022400993,1610612766,11.0,5.0,9.0,0.0,11.0,4.0,2.0,2.0
1641733,0022400993,1610612766,11.0,4.0,5.0,0.0,13.0,4.0,4.0,3.0
1630585,0022400993,1610612766,12.0,3.0,3.0,1.0,10.0,5.0,2.0,1.0
203994,0022400993,1610612766,11.0,0.0,2.0,1.0,7.0,4.0,3.0,2.0
1631111,0022400993,1610612766,11.0,3.0,6.0,0.0,8.0,4.0,5.0,3.0
1631217,0022400993,1610612766,2.0,0.0,2.0,2.0,3.0,1.0,0.0,0.0
1641727,2022400447,1612709921,16.0,0.0,2.0,1.0,14.0,6.0,1.0,1.0
1641787,2022400447,1612709921,12.0,7.0,6.0,1.0,16.0,5.0,1.0,1.0
1631166,2022400447,1612709921,27.0,2.0,17.0,1.0,16.0,6.0,9.0,8.0
1630623,2022400447,1612709921,16.0,1.0,3.0,0.0,9.0,6.0,1.0,1.0
1642011,2022400447,1612709921,8.0,3.0,6.0,0.0,6.0,4.0,1.0,0.0
1630165,2022400447,1612709921,18.0,7.0,7.0,2.0,19.0,6.0,2.0,2.0
1641736,2022400447,1612709921,2.0,1.0,4.0,0.0,6.0,1.0,0.0,0.0
1630286,2022400447,1612709921,2.0,1.0,3.0,0.0,5.0,1.0,1.0,0.0
1642573,2022400447,1612709921,0.0,0.0,1.0,0.0,0.0,0.0,0.0,0.0
1626159,2022400447,1612709927,27.0,1.0,11.0,0.0,16.0,11.0,3.0,2.0
1627740,2022400447,1612709927,29.0,2.0,18.0,0.0,28.0,13.0,1.0,1.0
1630641,2022400447,1612709927,2.0,1.0,7.0,8.0,3.0,1.0,0.0,0.0
1629056,2022400447,1612709927,12.0,5.0,9.0,0.0,16.0,5.0,0.0,0.0
1629808,2022400447,1612709927,18.0,5.0,3.0,0.0,17.0,7.0,1.0,1.0
1631400,2022400447,1612709927,4.0,4.0,3.0,1.0,6.0,2.0,0.0,0.0
1631219,2022400447,1612709927,3.0,1.0,5.0,2.0,8.0,1.0,0.0,0.0
1642667,2022400447,1612709927,2.0,0.0,0.0,0.0,4.0,1.0,0.0,0.0
1642395,2022400447,1612709927,0.0,0.0,0.0,0.0,0.0,0.0,0.0,0.0
1642050,2022400448,1612709902,19.0,4.0,2.0,0.0,15.0,8.0,1.0,1.0
1642396,2022400448,1612709902,28.0,3.0,10.0,1.0,21.0,11.0,3.0,2.0
1630296,2022400448,1612709902,23.0,5.0,9.0,2.0,22.0,10.0,3.0,2.0
1641881,2022400448,1612709902,15.0,2.0,4.0,0.0,13.0,6.0,0.0,0.0
1641879,2022400448,1612709902,10.0,11.0,1.0,1.0,10.0,4.0,0.0,0.0
1642379,2022400448,1612709902,14.0,7.0,7.0,0.0,13.0,5.0,4.0,2.0
1642429,2022400448,1612709902,7.0,2.0,6.0,0.0,7.0,3.0,0.0,0.0
1642764,2022400448,1612709902,11.0,1.0,8.0,1.0,7.0,5.0,1.0,1.0
1642679,2022400448,1612709902,0.0,0.0,4.0,0.0,1.0,0.0,0.0,0.0
1629015,2022400448,1612709918,22.0,4.0,4.0,3.0,7.0,5.0,6.0,6.0
1641986,2022400448,1612709918,15.0,6.0,7.0,3.0,18.0,7.0,1.0,0.0
1642499,2022400448,1612709918,9.0,4.0,13.0,2.0,6.0,4.0,0.0,0.0
1642701,2022400448,1612709918,14.0,1.0,2.0,0.0,6.0,5.0,0.0,0.0
1641789,2022400448,1612709918,15.0,5.0,7.0,1.0,23.0,7.0,0.0,0.0
1631160,2022400448,1612709918,17.0,2.0,6.0,0.0,11.0,6.0,2.0,1.0
1631236,2022400448,1612709918,2.0,1.0,0.0,0.0,1.0,1.0,0.0,0.0
1642540,2022400448,1612709918,4.0,1.0,4.0,1.0,1.0,0.0,2.0,2.0
1642480,2022400448,1612709918,18.0,3.0,1.0,0.0,12.0,6.0,0.0,0.0
1630600,2022400445,1612709909,19.0,3.0,8.0,2.0,17.0,7.0,2.0,1.0
1630542,2022400445,1612709909,25.0,3.0,9.0,0.0,17.0,7.0,8.0,7.0
1641823,2022400445,1612709909,13.0,4.0,9.0,2.0,7.0,5.0,1.0,1.0
1629600,2022400445,1612709909,24.0,10.0,1.0,1.0,15.0,6.0,5.0,5.0
1631198,2022400445,1612709909,10.0,3.0,7.0,1.0,9.0,4.0,3.0,1.0
1630218,2022400445,1612709909,4.0,0.0,1.0,1.0,3.0,2.0,0.0,0.0
1627775,2022400445,1612709909,15.0,2.0,3.0,1.0,7.0,5.0,1.0,1.0
1628876,2022400445,1612709909,13.0,1.0,1.0,0.0,7.0,5.0,0.0,0.0
1629667,2022400445,1612709928,34.0,2.0,5.0,2.0,13.0,10.0,5.0,5.0
1641917,2022400445,1612709928,7.0,2.0,4.0,0.0,8.0,3.0,0.0,0.0
1631338,2022400445,1612709928,7.0,4.0,5.0,2.0,7.0,3.0,3.0,1.0
1629669,2022400445,1612709928,33.0,6.0,6.0,0.0,19.0,10.0,6.0,6.0
1630184,2022400445,1612709928,19.0,9.0,4.0,0.0,19.0,8.0,0.0,0.0
1641778,2022400445,1612709928,14.0,6.0,7.0,0.0,16.0,6.0,0.0,0.0
1630701,2022400445,1612709928,0.0,1.0,0.0,0.0,0.0,0.0,0.0,0.0
1631485,2022400445,1612709928,6.0,0.0,4.0,0.0,4.0,3.0,0.0,0.0
1629622,0022400997,1610612739,24.0,1.0,4.0,0.0,12.0,8.0,3.0,3.0
1630596,0022400997,1610612739,17.0,1.0,3.0,0.0,12.0,7.0,6.0,3.0
1628386,0022400997,1610612739,8.0,1.0,8.0,0.0,7.0,4.0,2.0,0.0
1628378,0022400997,1610612739,18.0,11.0,4.0,0.0,18.0,5.0,6.0,6.0
1629636,0022400997,1610612739,17.0,8.0,5.0,0.0,14.0,6.0,3.0,3.0
1629660,0022400997,1610612739,10.0,4.0,0.0,0.0,9.0,4.0,5.0,2.0
1629631,0022400997,1610612739,17.0,0.0,1.0,0.0,10.0,7.0,1.0,0.0
1630241,0022400997,1610612739,3.0,0.0,1.0,0.0,3.0,1.0,0.0,0.0
1629731,0022400997,1610612739,2.0,1.0,3.0,0.0,1.0,1.0,0.0,0.0
1630171,0022400997,1610612739,3.0,2.0,0.0,0.0,4.0,1.0,0.0,0.0
1642281,0022400997,1610612739,0.0,0.0,0.0,0.0,0.0,0.0,0.0,0.0
1641854,0022400997,1610612739,0.0,0.0,0.0,0.0,0.0,0.0,0.0,0.0
1629750,0022400997,1610612739,0.0,0.0,0.0,0.0,0.0,0.0,0.0,0.0
1626181,0022400997,1610612746,11.0,1.0,1.0,0.0,6.0,3.0,4.0,4.0
202695,0022400997,1610612746,33.0,4.0,7.0,0.0,19.0,12.0,4.0,4.0
1627826,0022400997,1610612746,28.0,1.0,20.0,1.0,18.0,13.0,5.0,2.0
1627739,0022400997,1610612746,2.0,0.0,1.0,1.0,2.0,0.0,2.0,2.0
201935,0022400997,1610612746,22.0,9.0,4.0,1.0,18.0,5.0,11.0,10.0
203992,0022400997,1610612746,20.0,7.0,4.0,0.0,8.0,8.0,0.0,0.0
1627884,0022400997,1610612746,10.0,0.0,3.0,2.0,6.0,3.0,2.0,2.0
201587,0022400997,1610612746,3.0,3.0,5.0,0.0,2.0,1.0,0.0,0.0
1627732,0022400997,1610612746,0.0,2.0,2.0,0.0,1.0,0.0,0.0,0.0
1629599,0022400997,1610612746,3.0,1.0,2.0,0.0,4.0,1.0,0.0,0.0
1641712,2022400446,1612709933,32.0,2.0,3.0,0.0,25.0,13.0,2.0,2.0
1630651,2022400446,1612709933,21.0,5.0,10.0,0.0,16.0,7.0,1.0,1.0
1631376,2022400446,1612709933,4.0,4.0,9.0,3.0,6.0,1.0,4.0,1.0
1642412,2022400446,1612709933,9.0,9.0,7.0,0.0,5.0,2.0,3.0,3.0
1630310,2022400446,1612709933,27.0,4.0,9.0,0.0,22.0,10.0,1.0,1.0
1630812,2022400446,1612709933,10.0,1.0,3.0,0.0,7.0,4.0,4.0,1.0
1642568,2022400446,1612709933,12.0,2.0,3.0,0.0,9.0,4.0,0.0,0.0
1641941,2022400446,1612709933,3.0,1.0,6.0,0.0,7.0,1.0,0.0,0.0
1642046,2022400446,1612709889,6.0,1.0,5.0,0.0,9.0,2.0,0.0,0.0
1631451,2022400446,1612709889,9.0,2.0,7.0,1.0,11.0,2.0,3.0,2.0
1631489,2022400446,1612709889,2.0,3.0,4.0,1.0,2.0,1.0,0.0,0.0
1641991,2022400446,1612709889,26.0,5.0,5.0,0.0,17.0,10.0,3.0,3.0
1642504,2022400446,1612709889,22.0,0.0,3.0,0.0,11.0,6.0,4.0,4.0
1642637,2022400446,1612709889,13.0,0.0,6.0,1.0,7.0,4.0,3.0,1.0
1630186,2022400446,1612709889,24.0,8.0,6.0,0.0,14.0,9.0,5.0,3.0
1641939,2022400446,1612709889,12.0,2.0,8.0,0.0,6.0,6.0,0.0,0.0
1642502,2022400446,1612709889,10.0,1.0,2.0,2.0,7.0,4.0,1.0,0.0
1628398,0022401012,1610612749,22.0,2.0,2.0,0.0,16.0,7.0,3.0,3.0
203507,0022401012,1610612749,20.0,7.0,9.0,2.0,16.0,5.0,15.0,10.0
201572,0022401012,1610612749,16.0,1.0,4.0,0.0,10.0,7.0,0.0,0.0
1627752,0022401012,1610612749,6.0,1.0,8.0,0.0,4.0,2.0,0.0,0.0
203081,0022401012,1610612749,16.0,4.0,3.0,1.0,18.0,6.0,4.0,2.0
1629645,0022401012,1610612749,2.0,2.0,5.0,0.0,4.0,1.0,0.0,0.0
1629018,0022401012,1610612749,10.0,0.0,1.0,1.0,9.0,3.0,3.0,3.0
1631260,0022401012,1610612749,1.0,0.0,2.0,0.0,2.0,0.0,2.0,1.0
1631157,0022401012,1610612749,0.0,2.0,0.0,0.0,0.0,0.0,0.0,0.0
202710,0022401012,1610612744,24.0,10.0,8.0,0.0,13.0,6.0,11.0,11.0
203110,0022401012,1610612744,3.0,4.0,10.0,4.0,6.0,1.0,2.0,1.0
1642366,0022401012,1610612744,14.0,3.0,4.0,0.0,10.0,5.0,0.0,0.0
1630541,0022401012,1610612744,7.0,3.0,7.0,0.0,9.0,2.0,2.0,2.0
1641764,0022401012,1610612744,17.0,1.0,7.0,0.0,10.0,6.0,2.0,1.0
1630611,0022401012,1610612744,3.0,1.0,4.0,0.0,1.0,1.0,0.0,0.0
1630228,0022401012,1610612744,10.0,2.0,2.0,0.0,10.0,2.0,6.0,6.0
1627741,0022401012,1610612744,15.0,0.0,6.0,0.0,7.0,5.0,1.0,1.0
1627780,0022401012,1610612744,8.0,1.0,0.0,0.0,7.0,3.0,0.0,0.0
1626172,0022401012,1610612744,0.0,0.0,1.0,2.0,1.0,0.0,0.0,0.0
1630311,0022401012,1610612744,2.0,0.0,2.0,0.0,2.0,1.0,0.0,0.0
1631218,0022401012,1610612744,1.0,0.0,1.0,0.0,1.0,0.0,2.0,1.0
1629312,0022400984,1610612748,2.0,2.0,2.0,0.0,5.0,1.0,0.0,0.0
1631170,0022400984,1610612748,6.0,7.0,11.0,2.0,8.0,3.0,0.0,0.0
1628389,0022400984,1610612748,12.0,4.0,7.0,2.0,12.0,5.0,2.0,2.0
1629639,0022400984,1610612748,20.0,1.0,3.0,0.0,18.0,10.0,0.0,0.0
1629130,0022400984,1610612748,22.0,2.0,2.0,0.0,12.0,8.0,1.0,1.0
1630558,0022400984,1610612748,12.0,5.0,4.0,1.0,10.0,3.0,6.0,6.0
1642276,0022400984,1610612748,10.0,0.0,6.0,1.0,6.0,5.0,0.0,0.0
203937,0022400984,1610612748,7.0,1.0,1.0,0.0,6.0,3.0,1.0,1.0
1626179,0022400984,1610612748,0.0,1.0,0.0,0.0,3.0,0.0,0.0,0.0
1641796,0022400984,1610612748,4.0,0.0,3.0,0.0,2.0,1.0,2.0,1.0
1628384,0022400984,1610612752,9.0,2.0,1.0,2.0,13.0,3.0,2.0,2.0
1628404,0022400984,1610612752,12.0,11.0,13.0,1.0,9.0,5.0,0.0,0.0
1626157,0022400984,1610612752,23.0,3.0,7.0,1.0,17.0,10.0,0.0,0.0
1628969,0022400984,1610612752,28.0,3.0,1.0,0.0,14.0,10.0,4.0,4.0
1630540,0022400984,1610612752,10.0,3.0,2.0,0.0,12.0,4.0,0.0,0.0
1629011,0022400984,1610612752,10.0,1.0,9.0,2.0,7.0,5.0,0.0,0.0
1629013,0022400984,1610612752,9.0,0.0,3.0,0.0,9.0,3.0,0.0,0.0
1626166,0022400984,1610612752,7.0,5.0,2.0,0.0,8.0,3.0,0.0,0.0
1630173,0022400984,1610612752,4.0,0.0,3.0,0.0,3.0,2.0,0.0,0.0
1642359,0022400984,1610612752,0.0,0.0,0.0,0.0,1.0,0.0,0.0,0.0
1642278,0022400984,1610612752,2.0,1.0,0.0,0.0,1.0,1.0,0.0,0.0
1641817,0022400984,1610612752,2.0,1.0,0.0,0.0,1.0,1.0,0.0,0.0
1642377,0022400992,1610612763,14.0,2.0,4.0,0.0,11.0,4.0,3.0,3.0
1628991,0022400992,1610612763,12.0,3.0,3.0,0.0,11.0,5.0,2.0,2.0
1641744,0022400992,1610612763,12.0,1.0,8.0,4.0,11.0,6.0,0.0,0.0
1630217,0022400992,1610612763,44.0,4.0,6.0,0.0,25.0,15.0,7.0,7.0
1628379,0022400992,1610612763,8.0,8.0,2.0,0.0,11.0,4.0,0.0,0.0
1631246,0022400992,1610612763,2.0,0.0,3.0,1.0,3.0,0.0,2.0,2.0
1629634,0022400992,1610612763,15.0,3.0,8.0,1.0,8.0,6.0,3.0,3.0
1642285,0022400992,1610612763,7.0,2.0,3.0,0.0,5.0,2.0,2.0,2.0
1630205,0022400992,1610612763,0.0,0.0,1.0,0.0,2.0,0.0,0.0,0.0
1630643,0022400992,1610612763,0.0,0.0,2.0,0.0,1.0,0.0,0.0,0.0
1629723,0022400992,1610612763,8.0,1.0,8.0,1.0,2.0,2.0,2.0,2.0
201942,0022400992,1610612758,22.0,8.0,6.0,1.0,19.0,7.0,7.0,5.0
1631099,0022400992,1610612758,16.0,1.0,9.0,0.0,14.0,6.0,1.0,1.0
1627734,0022400992,1610612758,6.0,4.0,1.0,0.0,4.0,3.0,1.0,0.0
203897,0022400992,1610612758,23.0,6.0,2.0,0.0,11.0,7.0,5.0,4.0
1628370,0022400992,1610612758,28.0,7.0,3.0,3.0,17.0,10.0,4.0,4.0
202685,0022400992,1610612758,8.0,3.0,5.0,3.0,5.0,4.0,0.0,0.0
1631165,0022400992,1610612758,9.0,3.0,0.0,0.0,6.0,3.0,0.0,0.0
1631222,0022400992,1610612758,12.0,1.0,2.0,0.0,7.0,4.0,2.0,2.0
1642269,0022400992,1610612758,2.0,2.0,1.0,0.0,1.0,0.0,6.0,2.0
1626168,0022400992,1610612758,5.0,0.0,9.0,0.0,4.0,2.0,2.0,1.0
1642384,0022400992,1610612758,1.0,0.0,0.0,0.0,0.0,0.0,2.0,1.0
1629008,0022400990,1610612743,21.0,5.0,10.0,0.0,18.0,7.0,4.0,4.0
1631212,0022400990,1610612743,13.0,1.0,5.0,4.0,8.0,5.0,6.0,2.0
203932,0022400990,1610612743,38.0,3.0,6.0,0.0,23.0,14.0,6.0,6.0
1641816,0022400990,1610612743,9.0,2.0,7.0,0.0,9.0,4.0,0.0,0.0
201566,0022400990,1610612743,12.0,16.0,12.0,2.0,18.0,5.0,0.0,0.0
1630192,0022400990,1610612743,7.0,0.0,3.0,0.0,2.0,2.0,2.0,2.0
1628427,0022400990,1610612743,5.0,2.0,8.0,0.0,4.0,2.0,0.0,0.0
1629618,0022400990,1610612743,3.0,2.0,1.0,0.0,6.0,1.0,0.0,0.0
1642461,0022400990,1610612743,6.0,1.0,1.0,1.0,4.0,3.0,0.0,0.0
202710,0022400990,1610612744,23.0,6.0,8.0,1.0,16.0,8.0,10.0,6.0
203110,0022400990,1610612744,10.0,5.0,6.0,5.0,6.0,5.0,1.0,0.0
1642366,0022400990,1610612744,4.0,0.0,1.0,0.0,3.0,2.0,0.0,0.0
1630541,0022400990,1610612744,9.0,0.0,2.0,1.0,9.0,4.0,0.0,0.0
201939,0022400990,1610612744,20.0,7.0,4.0,0.0,21.0,6.0,4.0,4.0
1630228,0022400990,1610612744,13.0,4.0,3.0,0.0,11.0,4.0,8.0,5.0
1627741,0022400990,1610612744,2.0,1.0,0.0,0.0,4.0,1.0,0.0,0.0
1630611,0022400990,1610612744,0.0,0.0,4.0,1.0,1.0,0.0,0.0,0.0
1626172,0022400990,1610612744,6.0,0.0,7.0,1.0,3.0,3.0,3.0,0.0
1627780,0022400990,1610612744,18.0,1.0,3.0,1.0,10.0,8.0,1.0,0.0
1641741,0022400985,1610612755,10.0,2.0,1.0,0.0,6.0,3.0,1.0,1.0
1642348,0022400985,1610612755,18.0,4.0,3.0,0.0,15.0,7.0,0.0,0.0
1629052,0022400985,1610612755,11.0,2.0,5.0,2.0,9.0,4.0,5.0,2.0
1629656,0022400985,1610612755,46.0,4.0,13.0,1.0,27.0,15.0,13.0,8.0
1630215,0022400985,1610612755,21.0,5.0,2.0,1.0,15.0,7.0,6.0,6.0
1642024,0022400985,1610612755,6.0,0.0,1.0,0.0,4.0,2.0,0.0,0.0
1641720,0022400985,1610612755,12.0,1.0,4.0,0.0,9.0,5.0,0.0,0.0
1630288,0022400985,1610612755,11.0,2.0,3.0,0.0,8.0,4.0,0.0,0.0
1629643,0022400985,1610612755,2.0,1.0,3.0,0.0,2.0,1.0,0.0,0.0
1631106,0022400985,1610612745,21.0,1.0,8.0,1.0,19.0,8.0,4.0,3.0
1628415,0022400985,1610612745,25.0,5.0,6.0,1.0,19.0,8.0,4.0,4.0
1630578,0022400985,1610612745,13.0,5.0,11.0,0.0,9.0,5.0,5.0,3.0
1630224,0022400985,1610612745,30.0,13.0,7.0,1.0,26.0,10.0,5.0,5.0
1627832,0022400985,1610612745,3.0,5.0,7.0,2.0,6.0,1.0,0.0,0.0
1631095,0022400985,1610612745,30.0,3.0,8.0,0.0,17.0,11.0,4.0,3.0
1629111,0022400985,1610612745,7.0,1.0,3.0,0.0,3.0,3.0,0.0,0.0
1628988,0022400985,1610612745,8.0,1.0,1.0,0.0,3.0,2.0,2.0,2.0
1630256,0022400985,1610612745,7.0,1.0,7.0,0.0,5.0,3.0,0.0,0.0
203500,0022400985,1610612745,0.0,0.0,0.0,0.0,0.0,0.0,0.0,0.0
1642358,0022400995,1610612764,8.0,4.0,7.0,1.0,8.0,3.0,2.0,1.0
203114,0022400995,1610612764,4.0,0.0,3.0,0.0,3.0,2.0,0.0,0.0
1642259,0022400995,1610612764,20.0,3.0,4.0,2.0,16.0,7.0,3.0,3.0
1642273,0022400995,1610612764,11.0,0.0,3.0,0.0,11.0,5.0,0.0,0.0
1629673,0022400995,1610612764,9.0,1.0,1.0,0.0,6.0,3.0,1.0,1.0
1641798,0022400995,1610612764,11.0,3.0,6.0,0.0,10.0,5.0,0.0,0.0
1642267,0022400995,1610612764,3.0,8.0,4.0,1.0,7.0,1.0,2.0,1.0
1641732,0022400995,1610612764,2.0,3.0,4.0,1.0,4.0,1.0,0.0,0.0
1630551,0022400995,1610612764,5.0,2.0,5.0,0.0,9.0,2.0,0.0,0.0
1641774,0022400995,1610612764,17.0,2.0,8.0,2.0,13.0,6.0,2.0,2.0
1630264,0022400995,1610612764,7.0,1.0,4.0,0.0,5.0,3.0,2.0,1.0
1630166,0022400995,1610612757,15.0,2.0,6.0,0.0,11.0,5.0,2.0,2.0
1631200,0022400995,1610612757,5.0,3.0,10.0,0.0,8.0,2.0,2.0,1.0
1642270,0022400995,1610612757,11.0,2.0,13.0,0.0,9.0,5.0,4.0,1.0
1631101,0022400995,1610612757,16.0,2.0,5.0,0.0,14.0,6.0,4.0,2.0
1629014,0022400995,1610612757,30.0,2.0,1.0,0.0,17.0,10.0,5.0,5.0
1630703,0022400995,1610612757,11.0,3.0,5.0,0.0,14.0,5.0,0.0,0.0
1641871,0022400995,1610612757,15.0,3.0,4.0,1.0,11.0,5.0,2.0,2.0
1629680,0022400995,1610612757,9.0,3.0,4.0,1.0,9.0,4.0,0.0,0.0
1630625,0022400995,1610612757,0.0,5.0,1.0,1.0,2.0,0.0,0.0,0.0
1631121,0022400995,1610612757,0.0,0.0,1.0,0.0,4.0,0.0,0.0,0.0
1631303,0022400995,1610612757,0.0,0.0,0.0,0.0,0.0,0.0,0.0,0.0
1641709,0022400987,1610612765,9,3,4,2,4,3,4,3
202699,0022400987,1610612765,9,0,6,0,8,3,4,3
1631105,0022400987,1610612765,9,6,7,2,6,4,2,1
203501,0022400987,1610612765,8,0,3,0,8,3,0,0
1630595,0022400987,1610612765,24,8,4,0,16,10,4,3
1627736,0022400987,1610612765,11,3,4,0,14,4,0,0
203471,0022400987,1610612765,12,5,0,0,4,2,9,8
1630191,0022400987,1610612765,6,1,5,2,3,3,0,0
1631323,0022400987,1610612765,23,0,7,0,10,9,0,0
1641842,0022400987,1610612765,10,3,2,1,4,3,6,4
1630194,0022400987,1610612765,3,1,4,0,2,1,0,0
1631204,0022400987,1610612765,3,1,2,0,3,1,0,0
1630322,0022400987,1610612765,0,2,2,0,2,0,0,0
1629627,0022400987,1610612740,30,3,6,2,18,9,15,12
203482,0022400987,1610612740,9,3,3,1,6,3,2,2
1642274,0022400987,1610612740,12,0,10,2,7,4,6,4
1630530,0022400987,1610612740,0,0,0,0,0,0,0,0
203468,0022400987,1610612740,3,5,4,0,15,1,5,1
1641722,0022400987,1610612740,6,1,2,1,11,2,0,0
1630631,0022400987,1610612740,3,4,1,0,10,1,1,0
1628971,0022400987,1610612740,2,0,1,0,4,1,0,0
1631255,0022400987,1610612740,7,0,7,0,4,3,1,1
1630526,0022400987,1610612740,6,1,1,0,4,3,0,0
1641810,0022400987,1610612740,3,0,0,0,6,1,0,0
1628964,0022400987,1610612740,0,1,4,0,1,0,0,0
1630170,0022400537,1610612759,17.0,2.0,8.0,1.0,13.0,6.0,2.0,2.0
203084,0022400537,1610612759,7.0,3.0,2.0,0.0,6.0,3.0,0.0,0.0
202687,0022400537,1610612759,4.0,1.0,4.0,0.0,3.0,2.0,0.0,0.0
1642264,0022400537,1610612759,23.0,3.0,8.0,0.0,19.0,8.0,6.0,4.0
101108,0022400537,1610612759,9.0,8.0,6.0,0.0,7.0,3.0,1.0,1.0
1629640,0022400537,1610612759,11.0,2.0,4.0,2.0,10.0,4.0,3.0,3.0
1631110,0022400537,1610612759,15.0,1.0,3.0,0.0,9.0,7.0,0.0,0.0
1630577,0022400537,1610612759,6.0,5.0,4.0,1.0,8.0,2.0,0.0,0.0
1630572,0022400537,1610612759,10.0,0.0,2.0,0.0,6.0,3.0,2.0,2.0
1631104,0022400537,1610612759,7.0,5.0,3.0,1.0,7.0,3.0,0.0,0.0
1630692,0022400537,1610612747,15.0,3.0,4.0,1.0,9.0,6.0,0.0,0.0
1627827,0022400537,1610612747,15.0,1.0,3.0,0.0,12.0,5.0,2.0,1.0
1629637,0022400537,1610612747,9.0,3.0,11.0,1.0,5.0,3.0,4.0,3.0
1630559,0022400537,1610612747,30.0,6.0,7.0,0.0,21.0,12.0,1.0,1.0
1629029,0022400537,1610612747,21.0,14.0,9.0,1.0,20.0,5.0,13.0,10.0
1629216,0022400537,1610612747,11.0,1.0,2.0,0.0,6.0,4.0,0.0,0.0
1642261,0022400537,1610612747,13.0,3.0,3.0,1.0,10.0,4.0,4.0,3.0
1631132,0022400537,1610612747,4.0,1.0,2.0,0.0,2.0,2.0,0.0,0.0
1629020,0022400537,1610612747,2.0,1.0,1.0,0.0,2.0,1.0,0.0,0.0
1629003,0022400537,1610612747,2.0,1.0,0.0,0.0,1.0,1.0,0.0,0.0
1642355,0022400537,1610612747,3.0,0.0,0.0,0.0,2.0,1.0,0.0,0.0
1630167,0022400986,1610612754,34.0,2.0,10.0,1.0,19.0,12.0,4.0,3.0
1641716,0022400986,1610612754,13.0,1.0,5.0,0.0,12.0,5.0,0.0,0.0
1628418,0022400986,1610612754,10.0,0.0,7.0,2.0,12.0,4.0,1.0,1.0
1631097,0022400986,1610612754,22.0,1.0,3.0,1.0,17.0,6.0,8.0,7.0
1629614,0022400986,1610612754,12.0,3.0,2.0,0.0,8.0,5.0,2.0,1.0
1641767,0022400986,1610612754,3.0,6.0,6.0,0.0,3.0,1.0,0.0,0.0
1628396,0022400986,1610612754,12.0,2.0,9.0,2.0,8.0,6.0,0.0,0.0
1631245,0022400986,1610612754,13.0,0.0,2.0,0.0,6.0,4.0,4.0,4.0
204456,0022400986,1610612754,11.0,13.0,4.0,0.0,12.0,5.0,2.0,1.0
1642402,0022400986,1610612754,2.0,0.0,0.0,0.0,0.0,0.0,2.0,2.0
1630183,0022400986,1610612750,13.0,4.0,7.0,1.0,14.0,6.0,0.0,0.0
203944,0022400986,1610612750,17.0,4.0,6.0,0.0,11.0,5.0,10.0,6.0
203497,0022400986,1610612750,3.0,1.0,7.0,3.0,2.0,1.0,2.0,1.0
1630162,0022400986,1610612750,38.0,5.0,3.0,2.0,24.0,9.0,20.0,19.0
201144,0022400986,1610612750,9.0,5.0,3.0,0.0,3.0,2.0,4.0,3.0
1628978,0022400986,1610612750,19.0,3.0,3.0,0.0,16.0,7.0,0.0,0.0
1629675,0022400986,1610612750,21.0,0.0,4.0,1.0,16.0,9.0,0.0,0.0
1629638,0022400986,1610612750,8.0,3.0,9.0,0.0,8.0,4.0,0.0,0.0
1641740,0022400986,1610612750,2.0,0.0,2.0,0.0,3.0,1.0,0.0,0.0
1642367,0022400991,1610612761,2.0,2.0,6.0,0.0,7.0,1.0,0.0,0.0
1630567,0022400991,1610612761,16.0,3.0,4.0,0.0,13.0,5.0,8.0,5.0
1630658,0022400991,1610612761,10.0,0.0,6.0,2.0,4.0,3.0,6.0,4.0
1642419,0022400991,1610612761,14.0,1.0,3.0,0.0,14.0,5.0,0.0,0.0
1630193,0022400991,1610612761,15.0,7.0,7.0,0.0,14.0,5.0,4.0,3.0
1630639,0022400991,1610612761,12.0,0.0,3.0,0.0,9.0,4.0,2.0,2.0
1642347,0022400991,1610612761,3.0,4.0,1.0,0.0,8.0,1.0,1.0,1.0
1631115,0022400991,1610612761,12.0,3.0,8.0,0.0,12.0,6.0,0.0,0.0
202066,0022400991,1610612761,5.0,0.0,2.0,0.0,6.0,1.0,2.0,2.0
1642346,0022400991,1610612756,17.0,0.0,6.0,1.0,16.0,7.0,0.0,0.0
201142,0022400991,1610612756,14.0,3.0,3.0,0.0,7.0,5.0,3.0,3.0
1630208,0022400991,1610612756,10.0,1.0,4.0,0.0,8.0,4.0,2.0,2.0
1626164,0022400991,1610612756,27.0,6.0,4.0,0.0,15.0,8.0,8.0,8.0
1631221,0022400991,1610612756,3.0,2.0,2.0,1.0,4.0,1.0,0.0,0.0
203486,0022400991,1610612756,0.0,0.0,4.0,0.0,0.0,0.0,0.0,0.0
1626145,0022400991,1610612756,15.0,4.0,3.0,0.0,12.0,5.0,1.0,1.0
1626220,0022400991,1610612756,11.0,3.0,10.0,1.0,8.0,4.0,0.0,0.0
1628998,0022400991,1610612756,2.0,6.0,5.0,0.0,6.0,1.0,0.0,0.0
1642345,0022400991,1610612756,9.0,4.0,9.0,1.0,6.0,4.0,1.0,1.0
1631102,0022400991,1610612756,3.0,3.0,0.0,0.0,2.0,1.0,0.0,0.0
1627814,0022400991,1610612756,2.0,1.0,0.0,0.0,1.0,1.0,0.0,0.0
1628420,0022400991,1610612756,12.0,0.0,1.0,0.0,5.0,4.0,0.0,0.0
203995,0022400991,1610612756,0.0,0.0,2.0,0.0,0.0,0.0,0.0,0.0
1629626,0022400991,1610612756,4.0,1.0,1.0,0.0,2.0,2.0,0.0,0.0
1628989,0022400989,1610612741,17.0,2.0,9.0,1.0,11.0,6.0,0.0,0.0
1641824,0022400989,1610612741,17.0,2.0,9.0,1.0,13.0,7.0,0.0,0.0
202696,0022400989,1610612741,10.0,4.0,10.0,1.0,15.0,3.0,2.0,2.0
1629632,0022400989,1610612741,26.0,4.0,3.0,0.0,19.0,9.0,7.0,6.0
1630200,0022400989,1610612741,18.0,12.0,4.0,0.0,10.0,8.0,1.0,1.0
1641763,0022400989,1610612741,5.0,1.0,1.0,0.0,3.0,2.0,0.0,0.0
1630172,0022400989,1610612741,5.0,2.0,6.0,0.0,10.0,2.0,2.0,1.0
1628380,0022400989,1610612741,0.0,1.0,3.0,0.0,6.0,0.0,0.0,0.0
1631207,0022400989,1610612741,12.0,1.0,3.0,0.0,7.0,5.0,2.0,2.0
1629659,0022400989,1610612741,1.0,0.0,1.0,0.0,3.0,0.0,2.0,1.0
1628374,0022400989,1610612762,16.0,1.0,2.0,1.0,16.0,7.0,1.0,1.0
1630695,0022400989,1610612762,2.0,1.0,7.0,0.0,2.0,0.0,2.0,2.0
1631117,0022400989,1610612762,7.0,1.0,12.0,3.0,11.0,3.0,1.0,1.0
1642262,0022400989,1610612762,5.0,2.0,3.0,0.0,8.0,2.0,2.0,0.0
1642268,0022400989,1610612762,8.0,8.0,6.0,0.0,10.0,3.0,2.0,2.0
1630548,0022400989,1610612762,8.0,0.0,2.0,0.0,6.0,3.0,0.0,0.0
1641718,0022400989,1610612762,16.0,2.0,2.0,0.0,7.0,4.0,7.0,7.0
203903,0022400989,1610612762,14.0,3.0,3.0,0.0,10.0,5.0,5.0,3.0
1642271,0022400989,1610612762,8.0,1.0,5.0,0.0,9.0,4.0,0.0,0.0
1641729,0022400989,1610612762,13.0,1.0,6.0,0.0,7.0,4.0,2.0,2.0
1630604,2022400444,1612709923,6,5,4,2,4,2,2,1
1641801,2022400444,1612709923,22,1,8,1,15,7,3,3
1641987,2022400444,1612709923,12,3,11,1,7,4,3,3
1631241,2022400444,1612709923,29,2,4,1,17,9,6,4
1642443,2022400444,1612709923,15,5,3,0,7,4,3,3
1631408,2022400444,1612709923,7,1,1,0,8,3,0,0
1630953,2022400444,1612709923,0,1,3,0,3,0,0,0
1627853,2022400444,1612709923,4,2,2,0,2,0,2,2
1642549,2022400444,1612709923,11,1,3,0,7,2,4,3
1630318,2022400444,1612709923,8,1,3,0,8,3,1,1
1628579,2022400444,1612709923,0,0,0,0,1,0,0,0
1630663,2022400444,1612709920,20,2,8,0,12,6,4,4
1630647,2022400444,1612709920,4,1,6,0,7,1,1,1
1630732,2022400444,1612709920,6,2,7,0,5,3,1,0
1629718,2022400444,1612709920,19,2,3,2,6,3,6,6
1631407,2022400444,1612709920,34,5,5,0,19,10,9,8
1630767,2022400444,1612709920,2,0,2,0,1,0,1,1
1642615,2022400444,1612709920,5,1,2,0,7,2,0,0
1631113,2022400444,1612709920,0,2,0,0,3,0,1,0
1642465,2022400444,1612709920,25,3,5,0,9,2,12,12
1642460,2022400444,1612709920,0,1,4,1,1,0,0,0
1642262,0022400981,1610612762,2.0,1.0,1.0,0.0,4.0,1.0,0.0,0.0
1628374,0022400981,1610612762,16.0,2.0,1.0,0.0,12.0,5.0,2.0,2.0
1631117,0022400981,1610612762,15.0,0.0,19.0,0.0,15.0,6.0,2.0,2.0
1629012,0022400981,1610612762,22.0,4.0,4.0,0.0,18.0,9.0,5.0,3.0
1642268,0022400981,1610612762,11.0,6.0,6.0,0.0,9.0,4.0,3.0,3.0
1630548,0022400981,1610612762,12.0,3.0,1.0,0.0,14.0,5.0,1.0,1.0
1641729,0022400981,1610612762,6.0,2.0,5.0,0.0,4.0,2.0,2.0,1.0
1642271,0022400981,1610612762,10.0,3.0,4.0,0.0,7.0,4.0,0.0,0.0
1629004,0022400981,1610612762,8.0,2.0,3.0,0.0,7.0,3.0,0.0,0.0
1630183,0022400981,1610612750,20.0,2.0,12.0,2.0,13.0,8.0,2.0,2.0
203944,0022400981,1610612750,11.0,4.0,3.0,0.0,9.0,4.0,4.0,2.0
203497,0022400981,1610612750,7.0,0.0,6.0,2.0,5.0,3.0,2.0,1.0
1630162,0022400981,1610612750,41.0,2.0,2.0,0.0,27.0,16.0,6.0,4.0
1628978,0022400981,1610612750,11.0,7.0,1.0,0.0,9.0,4.0,0.0,0.0
1629638,0022400981,1610612750,9.0,3.0,6.0,1.0,6.0,3.0,2.0,2.0
1629675,0022400981,1610612750,5.0,3.0,9.0,1.0,10.0,2.0,2.0,1.0
1641740,0022400981,1610612750,8.0,4.0,3.0,0.0,2.0,1.0,8.0,6.0
1630545,0022400981,1610612750,4.0,1.0,4.0,0.0,4.0,2.0,0.0,0.0
1631169,0022400981,1610612750,5.0,1.0,2.0,0.0,2.0,2.0,0.0,0.0
1642265,0022400981,1610612750,2.0,0.0,1.0,0.0,3.0,1.0,0.0,0.0
1630568,0022400981,1610612750,3.0,2.0,0.0,0.0,5.0,1.0,0.0,0.0
1630538,0022400981,1610612750,2.0,1.0,0.0,0.0,2.0,1.0,0.0,0.0
1630219,2022400442,1612709911,9.0,2.0,6.0,0.0,7.0,4.0,0.0,0.0
1631159,2022400442,1612709911,15.0,3.0,11.0,0.0,22.0,6.0,1.0,1.0
1642399,2022400442,1612709911,4.0,2.0,8.0,2.0,7.0,2.0,0.0,0.0
1631211,2022400442,1612709911,29.0,3.0,2.0,0.0,20.0,12.0,2.0,2.0
1641803,2022400442,1612709911,10.0,7.0,8.0,2.0,14.0,3.0,3.0,2.0
1630705,2022400442,1612709911,4.0,1.0,3.0,0.0,5.0,2.0,1.0,0.0
1641735,2022400442,1612709911,3.0,3.0,1.0,0.0,5.0,1.0,0.0,0.0
1641526,2022400442,1612709911,4.0,1.0,4.0,0.0,6.0,2.0,0.0,0.0
1642554,2022400442,1612709911,17.0,7.0,4.0,0.0,12.0,5.0,4.0,4.0
1642558,2022400442,1612709911,6.0,0.0,2.0,0.0,4.0,3.0,0.0,0.0
1629642,2022400442,1612709904,26.0,2.0,10.0,1.0,13.0,9.0,2.0,2.0
1642352,2022400442,1612709904,29.0,1.0,6.0,3.0,17.0,10.0,5.0,3.0
1642013,2022400442,1612709904,6.0,3.0,7.0,3.0,7.0,3.0,1.0,0.0
1630528,2022400442,1612709904,12.0,6.0,3.0,0.0,15.0,5.0,0.0,0.0
1641815,2022400442,1612709904,7.0,12.0,1.0,0.0,7.0,2.0,1.0,1.0
1631214,2022400442,1612709904,19.0,9.0,5.0,0.0,11.0,7.0,2.0,2.0
1642552,2022400442,1612709904,2.0,0.0,1.0,0.0,3.0,1.0,0.0,0.0
1641915,2022400442,1612709904,17.0,1.0,11.0,0.0,10.0,8.0,0.0,0.0
1641985,2022400442,1612709904,3.0,1.0,0.0,0.0,3.0,1.0,0.0,0.0
1642550,2022400442,1612709904,0.0,0.0,0.0,0.0,0.0,0.0,0.0,0.0
1642628,2022400442,1612709904,0.0,0.0,1.0,0.0,0.0,0.0,0.0,0.0
1631247,2022400435,1612709893,11.0,8.0,9.0,3.0,10.0,4.0,3.0,3.0
1641734,2022400435,1612709893,23.0,2.0,1.0,0.0,22.0,8.0,3.0,2.0
1630624,2022400435,1612709893,25.0,3.0,4.0,1.0,14.0,10.0,3.0,2.0
1641772,2022400435,1612709893,16.0,4.0,9.0,5.0,12.0,6.0,1.0,1.0
1631262,2022400435,1612709893,26.0,4.0,4.0,0.0,12.0,7.0,8.0,6.0
1642468,2022400435,1612709893,0.0,2.0,3.0,0.0,0.0,0.0,0.0,0.0
1630190,2022400435,1612709893,14.0,1.0,2.0,1.0,11.0,5.0,2.0,1.0
1631449,2022400435,1612709893,0.0,1.0,2.0,0.0,1.0,0.0,0.0,0.0
1642619,2022400435,1612709893,3.0,0.0,3.0,0.0,2.0,1.0,0.0,0.0
1631395,2022400435,1612709893,3.0,0.0,0.0,0.0,1.0,1.0,0.0,0.0
1642578,2022400435,1612709932,16.0,3.0,6.0,0.0,11.0,6.0,2.0,1.0
1641752,2022400435,1612709932,26.0,8.0,10.0,1.0,15.0,8.0,6.0,5.0
1642449,2022400435,1612709932,22.0,2.0,13.0,0.0,17.0,10.0,3.0,2.0
1631199,2022400435,1612709932,25.0,3.0,6.0,1.0,17.0,8.0,2.0,2.0
1642450,2022400435,1612709932,20.0,11.0,3.0,1.0,18.0,9.0,1.0,0.0
1642517,2022400435,1612709932,7.0,0.0,4.0,0.0,5.0,3.0,2.0,1.0
1642676,2022400435,1612709932,8.0,4.0,5.0,0.0,7.0,4.0,0.0,0.0
1642759,2022400435,1612709932,9.0,0.0,3.0,0.0,7.0,3.0,0.0,0.0
1642588,2022400435,1612709932,2.0,1.0,1.0,0.0,2.0,1.0,0.0,0.0
1642500,2022400435,1612709932,0.0,0.0,0.0,0.0,0.0,0.0,0.0,0.0
1642071,2022400435,1612709932,0.0,1.0,1.0,0.0,0.0,0.0,0.0,0.0
1631379,2022400435,1612709932,0.0,0.0,1.0,0.0,1.0,0.0,0.0,0.0
1642485,2022400439,1612709915,2.0,1.0,2.0,0.0,4.0,1.0,0.0,0.0
1641936,2022400439,1612709915,13.0,0.0,3.0,0.0,7.0,4.0,1.0,1.0
1630791,2022400439,1612709915,2.0,1.0,6.0,3.0,2.0,1.0,1.0,0.0
1641809,2022400439,1612709915,14.0,8.0,7.0,0.0,14.0,4.0,3.0,3.0
1631120,2022400439,1612709915,34.0,5.0,5.0,2.0,21.0,12.0,6.0,3.0
1630648,2022400439,1612709915,3.0,1.0,3.0,0.0,3.0,1.0,0.0,0.0
1642508,2022400439,1612709915,16.0,1.0,7.0,1.0,10.0,8.0,0.0,0.0
1630206,2022400439,1612709915,8.0,1.0,1.0,0.0,8.0,3.0,1.0,1.0
1642400,2022400439,1612709915,15.0,2.0,6.0,0.0,9.0,5.0,5.0,3.0
1630762,2022400439,1612709915,8.0,0.0,8.0,0.0,7.0,3.0,1.0,1.0
1641749,2022400439,1612709922,21.0,2.0,4.0,0.0,14.0,9.0,2.0,1.0
1631301,2022400439,1612709922,23.0,3.0,4.0,0.0,17.0,9.0,3.0,2.0
1642531,2022400439,1612709922,9.0,2.0,13.0,0.0,8.0,3.0,1.0,1.0
1641878,2022400439,1612709922,16.0,9.0,7.0,0.0,15.0,5.0,1.0,1.0
1642354,2022400439,1612709922,16.0,2.0,1.0,0.0,16.0,6.0,2.0,2.0
1641799,2022400439,1612709922,14.0,1.0,2.0,0.0,10.0,5.0,0.0,0.0
1642072,2022400439,1612709922,7.0,1.0,7.0,2.0,4.0,3.0,1.0,1.0
1630640,2022400439,1612709922,4.0,1.0,0.0,0.0,5.0,2.0,0.0,0.0
1631474,2022400439,1612709922,0.0,6.0,0.0,0.0,4.0,0.0,0.0,0.0
1642258,0022400978,1610612737,16.0,0.0,2.0,0.0,13.0,7.0,0.0,0.0
1631243,0022400978,1610612737,2.0,1.0,2.0,3.0,4.0,1.0,0.0,0.0
1630168,0022400978,1610612737,21.0,1.0,15.0,3.0,11.0,7.0,7.0,6.0
1630700,0022400978,1610612737,14.0,7.0,6.0,1.0,11.0,6.0,4.0,1.0
1629027,0022400978,1610612737,28.0,12.0,6.0,0.0,18.0,9.0,8.0,7.0
1630249,0022400978,1610612737,8.0,2.0,1.0,1.0,6.0,3.0,0.0,0.0
1629611,0022400978,1610612737,13.0,1.0,1.0,0.0,12.0,5.0,3.0,3.0
1627777,0022400978,1610612737,12.0,1.0,4.0,0.0,14.0,4.0,2.0,2.0
1631230,0022400978,1610612737,0.0,2.0,1.0,3.0,1.0,0.0,0.0,0.0
1629661,0022400978,1610612751,28.0,7.0,4.0,0.0,16.0,7.0,10.0,10.0
1630592,0022400978,1610612751,13.0,6.0,4.0,0.0,11.0,5.0,1.0,1.0
1629651,0022400978,1610612751,7.0,2.0,6.0,1.0,6.0,3.0,4.0,1.0
1630553,0022400978,1610612751,22.0,5.0,8.0,1.0,20.0,8.0,2.0,2.0
1631213,0022400978,1610612751,16.0,3.0,6.0,0.0,13.0,6.0,2.0,1.0
1630570,0022400978,1610612751,13.0,5.0,1.0,1.0,8.0,4.0,4.0,4.0
1641721,0022400978,1610612751,10.0,2.0,1.0,0.0,7.0,4.0,0.0,0.0
1630549,0022400978,1610612751,8.0,2.0,7.0,2.0,7.0,4.0,0.0,0.0
1641736,0022400978,1610612751,5.0,1.0,3.0,0.0,2.0,2.0,0.0,0.0
1630182,0022400538,1610612766,8.0,2.0,1.0,1.0,8.0,3.0,2.0,2.0
1628970,0022400538,1610612766,7.0,3.0,4.0,1.0,10.0,3.0,0.0,0.0
1631109,0022400538,1610612766,18.0,7.0,15.0,1.0,15.0,9.0,0.0,0.0
1629610,0022400538,1610612766,5.0,3.0,5.0,2.0,11.0,2.0,0.0,0.0
1630163,0022400538,1610612766,16.0,5.0,2.0,0.0,18.0,5.0,5.0,4.0
1641733,0022400538,1610612766,9.0,1.0,1.0,0.0,9.0,4.0,0.0,0.0
203994,0022400538,1610612766,4.0,0.0,5.0,0.0,6.0,2.0,0.0,0.0
203552,0022400538,1610612766,0.0,1.0,1.0,0.0,3.0,0.0,0.0,0.0
1630585,0022400538,1610612766,7.0,2.0,1.0,0.0,5.0,3.0,0.0,0.0
1631111,0022400538,1610612766,8.0,2.0,6.0,0.0,5.0,4.0,0.0,0.0
1631217,0022400538,1610612766,6.0,1.0,3.0,0.0,4.0,2.0,2.0,2.0
202695,0022400538,1610612746,23.0,5.0,6.0,1.0,16.0,9.0,2.0,2.0
1627884,0022400538,1610612746,12.0,0.0,3.0,0.0,7.0,5.0,2.0,1.0
1627826,0022400538,1610612746,17.0,8.0,14.0,2.0,14.0,7.0,4.0,3.0
1626181,0022400538,1610612746,7.0,0.0,1.0,0.0,13.0,3.0,0.0,0.0
201935,0022400538,1610612746,31.0,7.0,10.0,0.0,15.0,9.0,9.0,9.0
203992,0022400538,1610612746,7.0,1.0,4.0,0.0,4.0,3.0,0.0,0.0
1629599,0022400538,1610612746,9.0,1.0,3.0,0.0,13.0,4.0,0.0,0.0
1627732,0022400538,1610612746,0.0,3.0,2.0,1.0,3.0,0.0,0.0,0.0
201587,0022400538,1610612746,3.0,1.0,5.0,0.0,1.0,1.0,0.0,0.0
1629234,0022400538,1610612746,7.0,1.0,9.0,1.0,3.0,2.0,4.0,3.0
1641738,0022400538,1610612746,2.0,1.0,1.0,0.0,1.0,1.0,0.0,0.0
201988,0022400538,1610612746,5.0,0.0,0.0,0.0,1.0,1.0,2.0,2.0
1642353,0022400538,1610612746,0.0,2.0,0.0,0.0,2.0,0.0,0.0,0.0
1630284,2022400436,1612709929,10.0,4.0,5.0,0.0,11.0,4.0,2.0,1.0
1631210,2022400436,1612709929,8.0,1.0,6.0,0.0,15.0,3.0,1.0,1.0
1628387,2022400436,1612709929,4.0,1.0,9.0,1.0,6.0,2.0,0.0,0.0
1631342,2022400436,1612709929,18.0,1.0,5.0,1.0,18.0,8.0,1.0,0.0
1642605,2022400436,1612709929,6.0,4.0,3.0,0.0,8.0,3.0,0.0,0.0
1642365,2022400436,1612709929,2.0,1.0,1.0,0.0,3.0,1.0,0.0,0.0
1630275,2022400436,1612709929,6.0,0.0,6.0,0.0,14.0,2.0,1.0,1.0
1641935,2022400436,1612709929,20.0,4.0,4.0,0.0,21.0,9.0,0.0,0.0
1641792,2022400436,1612709929,7.0,0.0,9.0,0.0,8.0,3.0,0.0,0.0
1641934,2022400436,1612709929,2.0,0.0,3.0,0.0,3.0,1.0,0.0,0.0
1641848,2022400436,1612709929,6.0,1.0,2.0,0.0,1.0,0.0,4.0,4.0
1629667,2022400436,1612709928,9.0,5.0,11.0,1.0,7.0,4.0,0.0,0.0
1630550,2022400436,1612709928,16.0,7.0,7.0,2.0,10.0,6.0,1.0,1.0
1631338,2022400436,1612709928,12.0,1.0,6.0,1.0,9.0,5.0,1.0,1.0
1629669,2022400436,1612709928,30.0,8.0,8.0,2.0,20.0,9.0,4.0,4.0
1630184,2022400436,1612709928,15.0,3.0,5.0,0.0,17.0,6.0,1.0,0.0
1630701,2022400436,1612709928,11.0,1.0,6.0,1.0,4.0,4.0,2.0,1.0
1641798,2022400436,1612709928,4.0,0.0,5.0,0.0,7.0,2.0,0.0,0.0
1641917,2022400436,1612709928,5.0,1.0,1.0,0.0,2.0,1.0,1.0,1.0
1641778,2022400436,1612709928,10.0,5.0,2.0,1.0,6.0,4.0,0.0,0.0
1642346,0022400977,1610612756,13.0,1.0,3.0,2.0,12.0,5.0,2.0,1.0
201142,0022400977,1610612756,21.0,2.0,9.0,0.0,17.0,6.0,10.0,7.0
1630208,0022400977,1610612756,11.0,0.0,6.0,1.0,6.0,5.0,1.0,1.0
203078,0022400977,1610612756,4.0,0.0,2.0,0.0,6.0,2.0,0.0,0.0
1626164,0022400977,1610612756,19.0,11.0,6.0,0.0,17.0,6.0,7.0,7.0
203486,0022400977,1610612756,0.0,0.0,3.0,0.0,0.0,0.0,0.0,0.0
1626220,0022400977,1610612756,10.0,1.0,5.0,0.0,11.0,4.0,0.0,0.0
1631221,0022400977,1610612756,3.0,3.0,7.0,0.0,7.0,1.0,0.0,0.0
1626145,0022400977,1610612756,8.0,5.0,0.0,0.0,7.0,3.0,0.0,0.0
1642345,0022400977,1610612756,4.0,2.0,4.0,0.0,3.0,2.0,0.0,0.0
1628998,0022400977,1610612756,3.0,0.0,6.0,1.0,3.0,1.0,1.0,1.0
1630692,0022400977,1610612747,2.0,1.0,3.0,2.0,5.0,1.0,0.0,0.0
1627827,0022400977,1610612747,10.0,3.0,6.0,1.0,7.0,3.0,4.0,2.0
1629637,0022400977,1610612747,19.0,3.0,6.0,1.0,10.0,8.0,7.0,3.0
1630559,0022400977,1610612747,28.0,6.0,4.0,1.0,21.0,10.0,5.0,4.0
1629029,0022400977,1610612747,33.0,8.0,11.0,0.0,20.0,8.0,14.0,13.0
1629216,0022400977,1610612747,9.0,1.0,1.0,0.0,7.0,3.0,0.0,0.0
1631132,0022400977,1610612747,3.0,0.0,4.0,0.0,5.0,1.0,2.0,1.0
1629020,0022400977,1610612747,0.0,0.0,3.0,0.0,1.0,0.0,0.0,0.0
1642261,0022400977,1610612747,3.0,0.0,2.0,0.0,5.0,1.0,0.0,0.0
1642473,2022400440,1612709934,14.0,2.0,3.0,0.0,10.0,6.0,1.0,0.0
1641779,2022400440,1612709934,8.0,3.0,4.0,0.0,6.0,2.0,1.0,1.0
1629603,2022400440,1612709934,23.0,2.0,9.0,2.0,10.0,8.0,4.0,3.0
1631455,2022400440,1612709934,23.0,4.0,5.0,0.0,18.0,4.0,9.0,9.0
1642607,2022400440,1612709934,22.0,3.0,2.0,0.0,16.0,9.0,0.0,0.0
1642487,2022400440,1612709934,10.0,3.0,6.0,0.0,5.0,4.0,1.0,1.0
1628778,2022400440,1612709934,9.0,2.0,4.0,0.0,10.0,4.0,0.0,0.0
1630321,2022400440,1612709934,2.0,1.0,0.0,0.0,1.0,0.0,2.0,1.0
1629993,2022400440,1612709934,2.0,0.0,3.0,0.0,2.0,1.0,0.0,0.0
1631127,2022400440,1612709890,8.0,5.0,11.0,2.0,13.0,4.0,0.0,0.0
1642755,2022400440,1612709890,12.0,1.0,1.0,0.0,8.0,5.0,0.0,0.0
1642496,2022400440,1612709890,4.0,0.0,5.0,1.0,3.0,1.0,1.0,1.0
1630667,2022400440,1612709890,12.0,1.0,4.0,0.0,7.0,5.0,0.0,0.0
1630201,2022400440,1612709890,28.0,3.0,2.0,0.0,20.0,8.0,4.0,4.0
1642563,2022400440,1612709890,8.0,0.0,8.0,2.0,3.0,2.0,3.0,2.0
1631103,2022400440,1612709890,26.0,4.0,3.0,0.0,18.0,12.0,1.0,0.0
1629051,2022400440,1612709890,7.0,0.0,1.0,0.0,6.0,2.0,1.0,1.0
1642392,2022400440,1612709890,6.0,4.0,3.0,0.0,9.0,2.0,1.0,1.0
1642684,2022400440,1612709890,0.0,0.0,0.0,0.0,0.0,0.0,0.0,0.0
1642419,0022400980,1610612761,9.0,1.0,2.0,0.0,7.0,3.0,0.0,0.0
1630567,0022400980,1610612761,16.0,6.0,6.0,0.0,11.0,4.0,9.0,8.0
1627751,0022400980,1610612761,19.0,3.0,8.0,0.0,13.0,9.0,2.0,0.0
1630534,0022400980,1610612761,19.0,2.0,3.0,0.0,15.0,7.0,3.0,3.0
1642347,0022400980,1610612761,10.0,6.0,2.0,0.0,5.0,3.0,2.0,1.0
1630639,0022400980,1610612761,9.0,6.0,8.0,0.0,14.0,4.0,0.0,0.0
1630658,0022400980,1610612761,8.0,2.0,12.0,0.0,10.0,3.0,2.0,2.0
202066,0022400980,1610612761,2.0,1.0,2.0,0.0,7.0,1.0,0.0,0.0
1631115,0022400980,1610612761,10.0,2.0,4.0,0.0,12.0,4.0,2.0,2.0
1630166,0022400980,1610612757,19.0,6.0,6.0,0.0,8.0,4.0,9.0,8.0
1641739,0022400980,1610612757,21.0,3.0,7.0,2.0,16.0,8.0,0.0,0.0
1642270,0022400980,1610612757,5.0,1.0,14.0,3.0,6.0,2.0,2.0,1.0
1631101,0022400980,1610612757,17.0,1.0,4.0,0.0,16.0,7.0,2.0,2.0
1629014,0022400980,1610612757,22.0,4.0,1.0,0.0,15.0,7.0,3.0,2.0
1630703,0022400980,1610612757,5.0,5.0,5.0,0.0,12.0,2.0,0.0,0.0
1641871,0022400980,1610612757,9.0,0.0,5.0,1.0,8.0,3.0,2.0,2.0
1631200,0022400980,1610612757,7.0,1.0,7.0,0.0,7.0,3.0,0.0,0.0
1630625,0022400980,1610612757,0.0,0.0,0.0,0.0,0.0,0.0,0.0,0.0
1629680,0022400980,1610612757,0.0,0.0,2.0,1.0,0.0,0.0,0.0,0.0
1641926,2022400438,1612709914,19,4,3,1,20,8,0,0
1630678,2022400438,1612709914,21,2,6,1,17,7,3,2
1627746,2022400438,1612709914,14,2,7,1,10,5,2,2
1630222,2022400438,1612709914,13,5,5,1,11,5,1,1
1631399,2022400438,1612709914,13,7,5,2,11,4,1,1
1642428,2022400438,1612709914,5,0,4,0,5,2,0,0
1626184,2022400438,1612709914,12,4,1,0,9,5,0,0
1642606,2022400438,1612709914,0,2,3,0,2,0,0,0
1628968,2022400438,1612709914,15,1,8,0,13,6,1,1
1642052,2022400438,1612709914,3,1,0,0,3,1,0,0
1631457,2022400438,1612709925,12,6,15,2,9,6,0,0
1642066,2022400438,1612709925,18,3,5,2,9,7,2,1
1641771,2022400438,1612709925,28,0,7,1,17,11,3,2
1630679,2022400438,1612709925,30,3,1,1,16,10,2,2
1630644,2022400438,1612709925,19,8,4,1,13,8,1,1
1641918,2022400438,1612709925,2,1,4,1,4,1,2,0
1629633,2022400438,1612709925,13,2,0,0,10,6,0,0
1630606,2022400438,1612709925,13,5,3,0,8,5,1,1
1626217,2022400438,1612709925,0,0,3,2,1,0,0,0
1642235,2022400438,1612709925,0,0,0,0,1,0,0,0
1630532,0022400979,1610612753,22.0,2.0,8.0,0.0,19.0,8.0,6.0,5.0
1631094,0022400979,1610612753,24.0,7.0,11.0,1.0,22.0,6.0,11.0,9.0
1628976,0022400979,1610612753,16.0,1.0,14.0,0.0,13.0,6.0,3.0,2.0
203484,0022400979,1610612753,15.0,3.0,2.0,0.0,9.0,5.0,2.0,2.0
202709,0022400979,1610612753,3.0,4.0,3.0,0.0,4.0,1.0,0.0,0.0
1631216,0022400979,1610612753,2.0,0.0,0.0,0.0,1.0,1.0,0.0,0.0
1630175,0022400979,1610612753,2.0,0.0,1.0,0.0,1.0,0.0,2.0,2.0
1641710,0022400979,1610612753,17.0,2.0,3.0,0.0,7.0,5.0,6.0,4.0
1628371,0022400979,1610612753,2.0,0.0,1.0,1.0,2.0,1.0,0.0,0.0
1641783,0022400979,1610612753,0.0,0.0,1.0,0.0,2.0,0.0,0.0,0.0
203914,0022400979,1610612753,2.0,1.0,3.0,0.0,1.0,1.0,0.0,0.0
1629048,0022400979,1610612753,3.0,1.0,0.0,1.0,0.0,0.0,4.0,3.0
1629622,0022400979,1610612739,10.0,5.0,6.0,0.0,8.0,4.0,2.0,1.0
1629631,0022400979,1610612739,9.0,1.0,5.0,0.0,11.0,2.0,4.0,4.0
1628386,0022400979,1610612739,20.0,2.0,12.0,1.0,11.0,8.0,6.0,4.0
1628378,0022400979,1610612739,23.0,5.0,6.0,0.0,28.0,9.0,2.0,2.0
1629636,0022400979,1610612739,19.0,4.0,6.0,0.0,16.0,8.0,2.0,1.0
1629660,0022400979,1610612739,12.0,1.0,1.0,0.0,9.0,5.0,4.0,1.0
1629731,0022400979,1610612739,3.0,0.0,6.0,0.0,2.0,1.0,0.0,0.0
1630241,0022400979,1610612739,5.0,2.0,1.0,0.0,8.0,2.0,0.0,0.0
202684,0022400979,1610612739,0.0,1.0,3.0,0.0,1.0,0.0,0.0,0.0
1630171,0022400979,1610612739,2.0,0.0,2.0,0.0,2.0,1.0,0.0,0.0
1629026,0022400982,1610612760,0.0,5.0,6.0,0.0,3.0,0.0,0.0,0.0
1631096,0022400982,1610612760,16.0,3.0,8.0,0.0,9.0,6.0,4.0,2.0
1628392,0022400982,1610612760,24.0,3.0,12.0,0.0,15.0,11.0,3.0,2.0
1641717,0022400982,1610612760,9.0,1.0,4.0,0.0,7.0,4.0,0.0,0.0
1628983,0022400982,1610612760,31.0,8.0,2.0,1.0,27.0,11.0,11.0,9.0
1641794,0022400982,1610612760,0.0,0.0,3.0,0.0,0.0,0.0,0.0,0.0
1631119,0022400982,1610612760,3.0,0.0,1.0,0.0,1.0,1.0,0.0,0.0
1627936,0022400982,1610612760,10.0,5.0,3.0,1.0,6.0,4.0,3.0,2.0
1630198,0022400982,1610612760,19.0,2.0,6.0,0.0,12.0,6.0,2.0,2.0
1630598,0022400982,1610612760,9.0,3.0,4.0,1.0,8.0,3.0,2.0,2.0
1641745,0022400982,1610612760,0.0,0.0,1.0,0.0,1.0,0.0,0.0,0.0
1628398,0022400982,1610612749,10.0,2.0,1.0,1.0,11.0,4.0,0.0,0.0
203507,0022400982,1610612749,21.0,10.0,12.0,2.0,15.0,7.0,12.0,7.0
201572,0022400982,1610612749,8.0,0.0,5.0,2.0,8.0,3.0,2.0,2.0
1627752,0022400982,1610612749,6.0,1.0,1.0,0.0,6.0,3.0,1.0,0.0
203081,0022400982,1610612749,19.0,2.0,1.0,0.0,9.0,3.0,11.0,11.0
1629645,0022400982,1610612749,11.0,1.0,4.0,0.0,9.0,3.0,2.0,2.0
1629018,0022400982,1610612749,12.0,2.0,1.0,0.0,11.0,4.0,2.0,1.0
1630579,0022400982,1610612749,0.0,1.0,4.0,1.0,2.0,0.0,0.0,0.0
1631260,0022400982,1610612749,8.0,1.0,2.0,0.0,5.0,3.0,0.0,0.0
1641748,0022400982,1610612749,2.0,0.0,2.0,0.0,2.0,1.0,0.0,0.0
1626192,0022400982,1610612749,2.0,1.0,0.0,0.0,1.0,0.0,2.0,2.0
1631157,0022400982,1610612749,6.0,0.0,1.0,2.0,3.0,2.0,1.0,1.0
1641890,0022400982,1610612749,0.0,0.0,0.0,0.0,1.0,0.0,0.0,0.0
1641753,0022400982,1610612749,0.0,0.0,0.0,0.0,0.0,0.0,0.0,0.0
1642396,2022400441,1612709902,15.0,1.0,5.0,0.0,8.0,5.0,3.0,1.0
1642050,2022400441,1612709902,18.0,3.0,6.0,0.0,17.0,9.0,0.0,0.0
1630296,2022400441,1612709902,21.0,3.0,12.0,0.0,16.0,7.0,5.0,4.0
1641881,2022400441,1612709902,5.0,0.0,1.0,0.0,5.0,2.0,0.0,0.0
1641879,2022400441,1612709902,16.0,13.0,1.0,0.0,14.0,6.0,2.0,1.0
1642764,2022400441,1612709902,3.0,1.0,3.0,0.0,4.0,1.0,0.0,0.0
1642429,2022400441,1612709902,17.0,0.0,7.0,0.0,9.0,5.0,4.0,4.0
1642379,2022400441,1612709902,12.0,6.0,8.0,1.0,8.0,5.0,2.0,1.0
1642679,2022400441,1612709902,0.0,0.0,4.0,0.0,1.0,0.0,0.0,0.0
1630342,2022400441,1612709913,6.0,3.0,7.0,1.0,8.0,2.0,0.0,0.0
1631232,2022400441,1612709913,16.0,2.0,10.0,1.0,11.0,6.0,0.0,0.0
1642490,2022400441,1612709913,19.0,0.0,8.0,1.0,13.0,8.0,2.0,2.0
1631311,2022400441,1612709913,17.0,8.0,5.0,0.0,17.0,7.0,2.0,1.0
1630622,2022400441,1612709913,22.0,9.0,3.0,0.0,21.0,8.0,1.0,1.0
1628432,2022400441,1612709913,6.0,4.0,0.0,1.0,9.0,2.0,0.0,0.0
1630272,2022400441,1612709913,4.0,1.0,5.0,0.0,5.0,2.0,0.0,0.0
1629955,2022400441,1612709913,6.0,0.0,0.0,0.0,5.0,3.0,0.0,0.0
1642771,2022400441,1612709913,2.0,0.0,1.0,0.0,0.0,0.0,1.0,1.0
1641741,0022400976,1610612755,13.0,0.0,10.0,1.0,8.0,4.0,4.0,4.0
1642348,0022400976,1610612755,10.0,0.0,4.0,1.0,10.0,5.0,0.0,0.0
1627824,0022400976,1610612755,14.0,1.0,6.0,0.0,10.0,5.0,2.0,2.0
1629656,0022400976,1610612755,28.0,6.0,2.0,0.0,19.0,10.0,9.0,6.0
1630215,0022400976,1610612755,8.0,7.0,1.0,0.0,7.0,2.0,4.0,4.0
1641720,0022400976,1610612755,19.0,1.0,2.0,1.0,11.0,6.0,2.0,2.0
1629052,0022400976,1610612755,13.0,1.0,5.0,0.0,9.0,6.0,0.0,0.0
1630288,0022400976,1610612755,14.0,3.0,3.0,0.0,12.0,6.0,3.0,2.0
1642024,0022400976,1610612755,6.0,1.0,2.0,0.0,2.0,2.0,0.0,0.0
1629643,0022400976,1610612755,5.0,1.0,4.0,0.0,4.0,2.0,0.0,0.0
1630230,0022400976,1610612742,21.0,6.0,8.0,0.0,20.0,8.0,6.0,4.0
1629023,0022400976,1610612742,29.0,2.0,12.0,0.0,17.0,11.0,9.0,7.0
1630556,0022400976,1610612742,5.0,1.0,7.0,1.0,3.0,2.0,0.0,0.0
202691,0022400976,1610612742,21.0,2.0,3.0,0.0,15.0,9.0,0.0,0.0
1630314,0022400976,1610612742,11.0,2.0,2.0,1.0,8.0,3.0,5.0,5.0
203915,0022400976,1610612742,18.0,7.0,4.0,0.0,15.0,6.0,6.0,5.0
203939,0022400976,1610612742,2.0,3.0,1.0,0.0,1.0,1.0,0.0,0.0
1631108,0022400976,1610612742,18.0,3.0,8.0,1.0,8.0,6.0,4.0,2.0
1641825,2022400443,1612709931,2.0,2.0,4.0,0.0,6.0,0.0,2.0,1.0
1642525,2022400443,1612709931,20.0,2.0,4.0,2.0,7.0,7.0,1.0,1.0
1631305,2022400443,1612709931,7.0,0.0,6.0,1.0,5.0,3.0,1.0,1.0
1642357,2022400443,1612709931,35.0,4.0,9.0,1.0,21.0,11.0,8.0,8.0
1642714,2022400443,1612709931,0.0,3.0,3.0,0.0,3.0,0.0,0.0,0.0
1642527,2022400443,1612709931,14.0,1.0,7.0,1.0,9.0,3.0,3.0,3.0
1630535,2022400443,1612709931,30.0,1.0,9.0,2.0,12.0,10.0,9.0,7.0
1642128,2022400443,1612709931,2.0,4.0,2.0,0.0,3.0,1.0,0.0,0.0
1642524,2022400443,1612709931,3.0,2.0,3.0,0.0,4.0,1.0,0.0,0.0
1642280,2022400443,1612709924,28.0,2.0,4.0,0.0,18.0,9.0,4.0,3.0
1631116,2022400443,1612709924,18.0,3.0,5.0,1.0,15.0,5.0,3.0,3.0
1641862,2022400443,1612709924,8.0,1.0,5.0,0.0,5.0,4.0,0.0,0.0
1631167,2022400443,1612709924,13.0,1.0,1.0,0.0,13.0,6.0,0.0,0.0
1630618,2022400443,1612709924,5.0,6.0,1.0,0.0,8.0,1.0,3.0,2.0
1631286,2022400443,1612709924,16.0,2.0,2.0,0.0,12.0,7.0,0.0,0.0
1642669,2022400443,1612709924,4.0,5.0,3.0,1.0,2.0,0.0,2.0,2.0
1641990,2022400443,1612709924,6.0,0.0,4.0,0.0,8.0,3.0,0.0,0.0
1642583,2022400443,1612709924,0.0,0.0,1.0,1.0,0.0,0.0,0.0,0.0
1642584,2022400443,1612709924,3.0,1.0,2.0,3.0,1.0,1.0,0.0,0.0
1630675,2022400443,1612709924,5.0,1.0,2.0,0.0,5.0,2.0,0.0,0.0
1641712,2022400437,1612709933,28.0,6.0,7.0,0.0,17.0,11.0,4.0,3.0
1630651,2022400437,1612709933,14.0,2.0,3.0,0.0,9.0,5.0,2.0,1.0
1631376,2022400437,1612709933,0.0,0.0,3.0,0.0,5.0,0.0,0.0,0.0
1642412,2022400437,1612709933,7.0,7.0,9.0,1.0,6.0,3.0,0.0,0.0
1630310,2022400437,1612709933,24.0,6.0,7.0,0.0,22.0,10.0,1.0,1.0
1642568,2022400437,1612709933,11.0,0.0,1.0,0.0,10.0,4.0,1.0,0.0
1630812,2022400437,1612709933,12.0,2.0,12.0,0.0,9.0,5.0,1.0,1.0
1641941,2022400437,1612709933,7.0,0.0,3.0,0.0,4.0,2.0,1.0,1.0
1642501,2022400437,1612709933,0.0,1.0,0.0,1.0,0.0,0.0,0.0,0.0
1642440,2022400437,1612709917,6.0,1.0,5.0,0.0,6.0,2.0,0.0,0.0
1642461,2022400437,1612709917,35.0,1.0,9.0,0.0,23.0,14.0,1.0,1.0
1641777,2022400437,1612709917,4.0,0.0,3.0,0.0,4.0,2.0,0.0,0.0
1641856,2022400437,1612709917,5.0,3.0,1.0,0.0,8.0,2.0,1.0,1.0
1641725,2022400437,1612709917,22.0,6.0,4.0,0.0,20.0,8.0,6.0,4.0
1642019,2022400437,1612709917,14.0,6.0,7.0,1.0,13.0,6.0,1.0,0.0
1641847,2022400437,1612709917,6.0,3.0,2.0,0.0,5.0,2.0,0.0,0.0
1642597,2022400437,1612709917,6.0,0.0,3.0,1.0,4.0,3.0,0.0,0.0
1642444,2022400437,1612709917,12.0,2.0,2.0,1.0,8.0,6.0,0.0,0.0
1628404,0022400974,1610612752,0.0,7.0,7.0,1.0,7.0,0.0,0.0,0.0
1628384,0022400974,1610612752,23.0,2.0,9.0,1.0,15.0,7.0,9.0,7.0
1626157,0022400974,1610612752,29.0,3.0,12.0,1.0,21.0,12.0,2.0,2.0
1628969,0022400974,1610612752,19.0,3.0,6.0,0.0,14.0,8.0,2.0,2.0
1630540,0022400974,1610612752,19.0,4.0,5.0,1.0,17.0,8.0,0.0,0.0
1629011,0022400974,1610612752,2.0,0.0,5.0,1.0,3.0,1.0,0.0,0.0
1629013,0022400974,1610612752,2.0,0.0,3.0,0.0,4.0,1.0,0.0,0.0
1626166,0022400974,1610612752,0.0,1.0,1.0,1.0,4.0,0.0,0.0,0.0
1630173,0022400974,1610612752,0.0,0.0,1.0,0.0,1.0,0.0,0.0,0.0
202710,0022400974,1610612744,11.0,7.0,6.0,0.0,11.0,3.0,4.0,4.0
1630611,0022400974,1610612744,5.0,0.0,7.0,0.0,4.0,2.0,1.0,0.0
203110,0022400974,1610612744,9.0,3.0,4.0,1.0,9.0,3.0,2.0,2.0
1630541,0022400974,1610612744,18.0,1.0,1.0,0.0,14.0,7.0,0.0,0.0
201939,0022400974,1610612744,28.0,5.0,7.0,1.0,20.0,8.0,9.0,8.0
1630228,0022400974,1610612744,10.0,5.0,5.0,1.0,8.0,3.0,6.0,4.0
1642366,0022400974,1610612744,5.0,2.0,6.0,1.0,4.0,2.0,0.0,0.0
1627741,0022400974,1610612744,3.0,0.0,2.0,0.0,7.0,1.0,0.0,0.0
1627780,0022400974,1610612744,6.0,2.0,4.0,1.0,5.0,3.0,0.0,0.0
1626172,0022400974,1610612744,2.0,0.0,3.0,0.0,1.0,1.0,0.0,0.0
203952,0022400971,1610612748,8.0,1.0,0.0,0.0,8.0,3.0,1.0,1.0
1628389,0022400971,1610612748,18.0,0.0,6.0,2.0,15.0,7.0,2.0,2.0
1642276,0022400971,1610612748,19.0,1.0,11.0,0.0,14.0,8.0,3.0,1.0
1629130,0022400971,1610612748,0.0,1.0,0.0,0.0,3.0,0.0,0.0,0.0
1629639,0022400971,1610612748,8.0,7.0,2.0,1.0,12.0,3.0,1.0,1.0
203937,0022400971,1610612748,13.0,5.0,6.0,0.0,8.0,5.0,2.0,2.0
1630558,0022400971,1610612748,3.0,2.0,2.0,1.0,4.0,1.0,0.0,0.0
1631170,0022400971,1610612748,13.0,3.0,5.0,0.0,10.0,4.0,6.0,5.0
1626179,0022400971,1610612748,5.0,2.0,3.0,0.0,9.0,2.0,0.0,0.0
1641796,0022400971,1610612748,4.0,2.0,2.0,0.0,5.0,2.0,0.0,0.0
1642377,0022400971,1610612763,8.0,2.0,3.0,0.0,9.0,3.0,2.0,1.0
1628991,0022400971,1610612763,31.0,1.0,6.0,2.0,18.0,13.0,4.0,4.0
1641744,0022400971,1610612763,12.0,1.0,8.0,2.0,9.0,5.0,2.0,2.0
1630217,0022400971,1610612763,22.0,8.0,10.0,0.0,16.0,9.0,0.0,0.0
1628379,0022400971,1610612763,11.0,4.0,4.0,0.0,8.0,5.0,0.0,0.0
1630590,0022400971,1610612763,11.0,11.0,6.0,1.0,10.0,4.0,1.0,1.0
1629634,0022400971,1610612763,12.0,0.0,2.0,0.0,7.0,6.0,0.0,0.0
1630205,0022400971,1610612763,7.0,1.0,5.0,1.0,6.0,3.0,1.0,1.0
1642285,0022400971,1610612763,6.0,3.0,2.0,0.0,5.0,2.0,0.0,0.0
1641713,0022400971,1610612763,5.0,0.0,2.0,0.0,4.0,1.0,2.0,2.0
1629723,0022400971,1610612763,0.0,0.0,2.0,0.0,0.0,0.0,0.0,0.0
1628963,0022400971,1610612763,0.0,0.0,1.0,0.0,0.0,0.0,0.0,0.0
1631223,2022400432,1612709908,24.0,2.0,11.0,0.0,19.0,9.0,2.0,1.0
1631257,2022400432,1612709908,13.0,2.0,8.0,0.0,15.0,6.0,1.0,0.0
1642368,2022400432,1612709908,17.0,1.0,10.0,3.0,9.0,7.0,3.0,2.0
1629098,2022400432,1612709908,8.0,2.0,4.0,0.0,14.0,3.0,1.0,1.0
1630227,2022400432,1612709908,18.0,6.0,4.0,1.0,9.0,5.0,6.0,4.0
1641806,2022400432,1612709908,21.0,4.0,5.0,0.0,13.0,6.0,4.0,4.0
1627748,2022400432,1612709908,3.0,0.0,2.0,0.0,2.0,0.0,3.0,2.0
1642591,2022400432,1612709908,4.0,1.0,3.0,0.0,6.0,2.0,0.0,0.0
1631306,2022400432,1612709905,25.0,1.0,5.0,0.0,16.0,8.0,1.0,1.0
1626169,2022400432,1612709905,11.0,8.0,8.0,0.0,11.0,3.0,3.0,3.0
1630283,2022400432,1612709905,6.0,0.0,2.0,1.0,7.0,3.0,0.0,0.0
1642439,2022400432,1612709905,25.0,5.0,9.0,1.0,19.0,7.0,4.0,4.0
1642438,2022400432,1612709905,9.0,9.0,4.0,1.0,8.0,4.0,0.0,0.0
1642547,2022400432,1612709905,13.0,2.0,5.0,0.0,9.0,4.0,2.0,2.0
1641811,2022400432,1612709905,11.0,0.0,2.0,0.0,8.0,4.0,3.0,1.0
1642618,2022400432,1612709905,7.0,0.0,5.0,0.0,5.0,3.0,0.0,0.0
1641888,2022400432,1612709905,0.0,0.0,0.0,0.0,0.0,0.0,0.0,0.0
1642053,2022400432,1612709905,2.0,0.0,3.0,0.0,1.0,1.0,0.0,0.0
1629652,0022400969,1610612760,7.0,1.0,7.0,1.0,6.0,3.0,0.0,0.0
1629026,0022400969,1610612760,10.0,1.0,5.0,0.0,9.0,5.0,0.0,0.0
1628392,0022400969,1610612760,12.0,5.0,10.0,3.0,9.0,5.0,4.0,2.0
1641717,0022400969,1610612760,20.0,0.0,5.0,0.0,15.0,9.0,0.0,0.0
1628983,0022400969,1610612760,48.0,6.0,4.0,1.0,26.0,17.0,10.0,10.0
1631119,0022400969,1610612760,2.0,1.0,8.0,2.0,5.0,0.0,4.0,2.0
1627936,0022400969,1610612760,3.0,1.0,0.0,1.0,4.0,0.0,4.0,3.0
1630198,0022400969,1610612760,11.0,1.0,4.0,0.0,13.0,4.0,0.0,0.0
1641794,0022400969,1610612760,0.0,1.0,1.0,0.0,1.0,0.0,0.0,0.0
1631172,0022400969,1610612760,0.0,0.0,0.0,0.0,1.0,0.0,0.0,0.0
1641745,0022400969,1610612760,0.0,0.0,0.0,0.0,0.0,0.0,0.0,0.0
1641709,0022400969,1610612765,8.0,1.0,4.0,0.0,7.0,3.0,2.0,1.0
202699,0022400969,1610612765,18.0,0.0,7.0,0.0,12.0,6.0,4.0,4.0
1631105,0022400969,1610612765,8.0,2.0,5.0,0.0,6.0,3.0,4.0,2.0
203501,0022400969,1610612765,11.0,0.0,1.0,0.0,10.0,4.0,0.0,0.0
1630595,0022400969,1610612765,11.0,9.0,7.0,0.0,18.0,5.0,1.0,1.0
1627736,0022400969,1610612765,15.0,2.0,0.0,0.0,11.0,6.0,0.0,0.0
203471,0022400969,1610612765,17.0,11.0,3.0,0.0,12.0,6.0,2.0,1.0
1630191,0022400969,1610612765,9.0,0.0,7.0,3.0,4.0,4.0,0.0,0.0
1631323,0022400969,1610612765,4.0,2.0,2.0,0.0,4.0,2.0,0.0,0.0
1641842,0022400969,1610612765,6.0,2.0,3.0,0.0,4.0,3.0,0.0,0.0
1641795,2022400434,1612709903,12,5,3,1,8,6,0,0
1641864,2022400434,1612709903,14,4,7,0,9,5,0,0
1631131,2022400434,1612709903,14,1,20,2,13,7,0,0
1631220,2022400434,1612709903,16,5,8,0,9,5,5,3
202738,2022400434,1612709903,25,6,0,0,22,11,0,0
1630546,2022400434,1612709903,20,6,7,0,15,8,2,0
1630695,2022400434,1612709903,13,1,7,1,18,6,0,0
1641863,2022400434,1612709903,5,2,3,0,4,2,0,0
1642405,2022400434,1612709903,2,0,3,0,3,1,0,0
1642640,2022400434,1612709903,0,0,1,0,2,0,0,0
1642544,2022400434,1612709903,0,0,0,1,3,0,0,0
1642693,2022400434,1612709903,0,0,1,0,0,0,0,0
1629015,2022400434,1612709918,17,2,4,1,16,6,4,3
1641986,2022400434,1612709918,16,4,7,3,19,6,3,2
1642499,2022400434,1612709918,4,3,6,0,5,2,0,0
1642701,2022400434,1612709918,2,1,4,0,7,1,0,0
1641789,2022400434,1612709918,12,4,1,1,11,5,0,0
1631160,2022400434,1612709918,18,9,9,2,15,7,1,1
1642480,2022400434,1612709918,13,3,2,0,11,4,1,1
1642481,2022400434,1612709918,6,2,6,3,4,3,0,0
1642540,2022400434,1612709918,8,0,1,0,7,4,0,0
1631236,2022400434,1612709918,5,0,3,0,2,2,0,0
1628989,0022400970,1610612741,9.0,4.0,1.0,0.0,11.0,4.0,0.0,0.0
1641824,0022400970,1610612741,10.0,1.0,3.0,2.0,10.0,4.0,0.0,0.0
202696,0022400970,1610612741,15.0,3.0,7.0,0.0,10.0,6.0,0.0,0.0
1629632,0022400970,1610612741,23.0,4.0,7.0,0.0,21.0,7.0,8.0,8.0
1630200,0022400970,1610612741,19.0,6.0,2.0,0.0,13.0,8.0,2.0,1.0
1641763,0022400970,1610612741,8.0,1.0,1.0,0.0,6.0,2.0,3.0,3.0
1631207,0022400970,1610612741,11.0,3.0,1.0,1.0,5.0,4.0,0.0,0.0
1628380,0022400970,1610612741,5.0,0.0,5.0,1.0,5.0,2.0,1.0,1.0
1630172,0022400970,1610612741,10.0,1.0,3.0,1.0,5.0,4.0,2.0,1.0
1630188,0022400970,1610612741,4.0,1.0,6.0,0.0,7.0,2.0,0.0,0.0
1628415,0022400970,1610612745,13.0,3.0,5.0,0.0,12.0,6.0,0.0,0.0
1631095,0022400970,1610612745,12.0,1.0,9.0,0.0,11.0,4.0,4.0,3.0
1630578,0022400970,1610612745,24.0,4.0,15.0,2.0,18.0,9.0,8.0,6.0
1630224,0022400970,1610612745,28.0,3.0,6.0,1.0,25.0,11.0,2.0,1.0
1627832,0022400970,1610612745,23.0,7.0,4.0,1.0,20.0,8.0,4.0,2.0
1630256,0022400970,1610612745,7.0,1.0,4.0,2.0,3.0,2.0,2.0,2.0
203500,0022400970,1610612745,4.0,3.0,9.0,0.0,4.0,2.0,4.0,0.0
201145,0022400970,1610612745,2.0,2.0,1.0,0.0,2.0,1.0,0.0,0.0
1628988,0022400970,1610612745,4.0,0.0,1.0,0.0,3.0,1.0,2.0,1.0
1630530,0022400973,1610612740,20.0,3.0,6.0,1.0,16.0,7.0,2.0,2.0
203482,0022400973,1610612740,14.0,7.0,6.0,0.0,12.0,7.0,0.0,0.0
1631255,0022400973,1610612740,12.0,0.0,11.0,0.0,10.0,6.0,0.0,0.0
1628971,0022400973,1610612740,19.0,6.0,6.0,0.0,13.0,8.0,2.0,2.0
203468,0022400973,1610612740,26.0,9.0,7.0,0.0,22.0,10.0,1.0,1.0
1641722,0022400973,1610612740,0.0,2.0,1.0,1.0,5.0,0.0,0.0,0.0
1630631,0022400973,1610612740,7.0,5.0,0.0,0.0,8.0,3.0,0.0,0.0
1628964,0022400973,1610612740,8.0,0.0,6.0,1.0,3.0,3.0,2.0,2.0
1630526,0022400973,1610612740,6.0,2.0,8.0,0.0,2.0,1.0,4.0,4.0
1641810,0022400973,1610612740,3.0,0.0,1.0,0.0,1.0,1.0,0.0,0.0
1630170,0022400973,1610612759,22.0,1.0,5.0,0.0,17.0,6.0,7.0,6.0
203084,0022400973,1610612759,19.0,0.0,4.0,0.0,9.0,6.0,4.0,4.0
202687,0022400973,1610612759,2.0,1.0,2.0,0.0,1.0,0.0,2.0,2.0
1642264,0022400973,1610612759,17.0,7.0,1.0,0.0,15.0,5.0,8.0,7.0
101108,0022400973,1610612759,4.0,6.0,3.0,0.0,5.0,2.0,0.0,0.0
1629640,0022400973,1610612759,19.0,2.0,5.0,0.0,12.0,7.0,3.0,2.0
1630577,0022400973,1610612759,12.0,3.0,4.0,1.0,7.0,3.0,4.0,3.0
1631110,0022400973,1610612759,14.0,4.0,5.0,1.0,8.0,6.0,3.0,1.0
1631104,0022400973,1610612759,0.0,1.0,1.0,0.0,3.0,0.0,2.0,0.0
1630572,0022400973,1610612759,10.0,1.0,7.0,0.0,7.0,4.0,0.0,0.0
1630174,0022400972,1610612754,30.0,2.0,4.0,0.0,16.0,11.0,2.0,2.0
1627783,0022400972,1610612754,26.0,2.0,7.0,2.0,22.0,12.0,1.0,0.0
1626167,0022400972,1610612754,14.0,2.0,4.0,0.0,13.0,4.0,4.0,4.0
1629614,0022400972,1610612754,7.0,2.0,3.0,1.0,7.0,3.0,0.0,0.0
1630169,0022400972,1610612754,24.0,15.0,6.0,0.0,16.0,9.0,5.0,4.0
1631097,0022400972,1610612754,6.0,0.0,1.0,0.0,3.0,2.0,0.0,0.0
1630167,0022400972,1610612754,8.0,3.0,3.0,1.0,9.0,3.0,1.0,0.0
204456,0022400972,1610612754,4.0,2.0,1.0,0.0,8.0,2.0,0.0,0.0
1641767,0022400972,1610612754,0.0,1.0,2.0,0.0,1.0,0.0,0.0,0.0
1628418,0022400972,1610612754,0.0,0.0,1.0,0.0,1.0,0.0,0.0,0.0
1628398,0022400972,1610612749,8.0,0.0,8.0,0.0,11.0,4.0,0.0,0.0
203507,0022400972,1610612749,34.0,7.0,10.0,3.0,19.0,14.0,6.0,6.0
201572,0022400972,1610612749,10.0,1.0,2.0,0.0,5.0,4.0,1.0,1.0
1627752,0022400972,1610612749,14.0,1.0,3.0,1.0,6.0,4.0,4.0,4.0
203081,0022400972,1610612749,25.0,8.0,10.0,0.0,15.0,7.0,5.0,5.0
1629018,0022400972,1610612749,13.0,3.0,4.0,0.0,9.0,5.0,0.0,0.0
1629645,0022400972,1610612749,16.0,4.0,6.0,0.0,7.0,3.0,9.0,9.0
1630579,0022400972,1610612749,0.0,1.0,1.0,0.0,0.0,0.0,0.0,0.0
1641748,0022400972,1610612749,0.0,0.0,0.0,0.0,0.0,0.0,0.0,0.0
1631260,0022400972,1610612749,6.0,3.0,1.0,0.0,7.0,2.0,1.0,0.0
1630573,0022400968,1610612738,11.0,1.0,2.0,0.0,7.0,4.0,0.0,0.0
1628369,0022400968,1610612738,20.0,8.0,8.0,0.0,19.0,8.0,3.0,3.0
204001,0022400968,1610612738,24.0,0.0,2.0,1.0,16.0,9.0,6.0,5.0
1627759,0022400968,1610612738,8.0,3.0,6.0,2.0,8.0,3.0,2.0,1.0
201950,0022400968,1610612738,11.0,12.0,5.0,2.0,12.0,5.0,0.0,0.0
1630202,0022400968,1610612738,22.0,3.0,6.0,0.0,11.0,7.0,4.0,3.0
1628436,0022400968,1610612738,10.0,1.0,8.0,2.0,7.0,5.0,1.0,0.0
1631248,0022400968,1610612738,3.0,1.0,0.0,0.0,2.0,1.0,0.0,0.0
1629674,0022400968,1610612738,6.0,0.0,1.0,0.0,2.0,2.0,3.0,2.0
1629661,0022400968,1610612751,23.0,6.0,10.0,1.0,19.0,9.0,3.0,3.0
1630533,0022400968,1610612751,14.0,2.0,5.0,1.0,9.0,5.0,0.0,0.0
1630549,0022400968,1610612751,9.0,5.0,16.0,0.0,10.0,4.0,2.0,1.0
1630553,0022400968,1610612751,21.0,2.0,6.0,0.0,15.0,8.0,0.0,0.0
1626156,0022400968,1610612751,11.0,8.0,3.0,0.0,8.0,3.0,6.0,4.0
1630592,0022400968,1610612751,15.0,1.0,0.0,0.0,11.0,5.0,2.0,1.0
1631213,0022400968,1610612751,5.0,6.0,1.0,0.0,6.0,2.0,0.0,0.0
1641736,0022400968,1610612751,0.0,3.0,2.0,0.0,5.0,0.0,0.0,0.0
1641721,0022400968,1610612751,15.0,1.0,2.0,1.0,7.0,6.0,0.0,0.0
1642273,0022400975,1610612764,19.0,5.0,7.0,1.0,11.0,6.0,4.0,3.0
1630551,0022400975,1610612764,16.0,2.0,13.0,0.0,10.0,6.0,2.0,2.0
1642259,0022400975,1610612764,34.0,5.0,6.0,1.0,28.0,12.0,5.0,5.0
203114,0022400975,1610612764,10.0,4.0,4.0,0.0,10.0,4.0,0.0,0.0
1629673,0022400975,1610612764,19.0,6.0,0.0,1.0,11.0,7.0,2.0,1.0
1630557,0022400975,1610612764,4.0,1.0,2.0,0.0,5.0,2.0,0.0,0.0
1626158,0022400975,1610612764,6.0,0.0,6.0,1.0,4.0,2.0,2.0,2.0
1642267,0022400975,1610612764,9.0,7.0,4.0,0.0,12.0,4.0,0.0,0.0
1642358,0022400975,1610612764,9.0,4.0,2.0,0.0,4.0,3.0,2.0,2.0
1631128,0022400975,1610612743,9.0,4.0,3.0,0.0,4.0,4.0,0.0,0.0
1629008,0022400975,1610612743,20.0,1.0,11.0,1.0,16.0,7.0,4.0,3.0
203999,0022400975,1610612743,40.0,9.0,13.0,2.0,30.0,16.0,7.0,7.0
201566,0022400975,1610612743,22.0,11.0,4.0,0.0,19.0,9.0,0.0,0.0
1627750,0022400975,1610612743,24.0,7.0,6.0,0.0,16.0,9.0,3.0,3.0
1629618,0022400975,1610612743,0.0,3.0,1.0,0.0,1.0,0.0,0.0,0.0
1630192,0022400975,1610612743,6.0,2.0,1.0,3.0,5.0,2.0,3.0,2.0
1631212,0022400975,1610612743,2.0,3.0,3.0,2.0,3.0,1.0,0.0,0.0
1628427,0022400975,1610612743,0.0,0.0,0.0,0.0,1.0,0.0,0.0,0.0
1641801,2022400431,1612709923,22.0,1.0,5.0,2.0,18.0,9.0,3.0,2.0
1630604,2022400431,1612709923,14.0,4.0,5.0,3.0,12.0,3.0,6.0,4.0
1641987,2022400431,1612709923,14.0,2.0,7.0,6.0,7.0,6.0,1.0,1.0
1642443,2022400431,1612709923,32.0,6.0,5.0,0.0,19.0,14.0,2.0,0.0
1631241,2022400431,1612709923,14.0,10.0,13.0,2.0,14.0,3.0,5.0,5.0
1631408,2022400431,1612709923,16.0,0.0,4.0,0.0,8.0,6.0,1.0,1.0
1630953,2022400431,1612709923,8.0,0.0,6.0,0.0,9.0,4.0,0.0,0.0
1642549,2022400431,1612709923,0.0,3.0,1.0,0.0,2.0,0.0,0.0,0.0
1627853,2022400431,1612709923,6.0,1.0,2.0,0.0,5.0,2.0,0.0,0.0
1630318,2022400431,1612709923,2.0,0.0,0.0,0.0,4.0,1.0,1.0,0.0
1631197,2022400431,1612709920,26.0,1.0,4.0,0.0,18.0,10.0,3.0,3.0
1630663,2022400431,1612709920,12.0,3.0,7.0,2.0,13.0,6.0,1.0,0.0
1630647,2022400431,1612709920,19.0,13.0,5.0,0.0,20.0,7.0,2.0,2.0
1629718,2022400431,1612709920,9.0,1.0,1.0,1.0,8.0,4.0,0.0,0.0
1631407,2022400431,1612709920,10.0,0.0,3.0,0.0,11.0,4.0,1.0,0.0
1642615,2022400431,1612709920,11.0,2.0,3.0,0.0,9.0,3.0,4.0,3.0
1630732,2022400431,1612709920,8.0,3.0,6.0,1.0,6.0,3.0,1.0,1.0
1631113,2022400431,1612709920,29.0,2.0,4.0,1.0,13.0,10.0,5.0,4.0
1642465,2022400431,1612709920,2.0,1.0,3.0,0.0,5.0,0.0,1.0,1.0
1630767,2022400431,1612709920,0.0,0.0,0.0,0.0,0.0,0.0,0.0,0.0
1641712,2022400433,1612709933,17.0,4.0,8.0,0.0,13.0,7.0,3.0,2.0
1630651,2022400433,1612709933,7.0,2.0,7.0,0.0,10.0,3.0,0.0,0.0
1631376,2022400433,1612709933,7.0,1.0,9.0,3.0,3.0,2.0,2.0,2.0
1631321,2022400433,1612709933,10.0,2.0,1.0,0.0,6.0,3.0,2.0,2.0
1630310,2022400433,1612709933,17.0,2.0,2.0,0.0,24.0,7.0,1.0,0.0
1642568,2022400433,1612709933,12.0,2.0,2.0,0.0,10.0,4.0,0.0,0.0
1642412,2022400433,1612709933,4.0,6.0,6.0,0.0,2.0,2.0,1.0,0.0
1630812,2022400433,1612709933,17.0,2.0,3.0,0.0,11.0,7.0,3.0,2.0
1641941,2022400433,1612709933,9.0,2.0,2.0,0.0,5.0,3.0,0.0,0.0
1642440,2022400433,1612709917,8.0,2.0,6.0,2.0,6.0,3.0,1.0,1.0
1642461,2022400433,1612709917,23.0,5.0,11.0,1.0,14.0,9.0,1.0,1.0
1641777,2022400433,1612709917,17.0,1.0,10.0,1.0,10.0,5.0,3.0,3.0
1641856,2022400433,1612709917,5.0,1.0,2.0,0.0,11.0,2.0,1.0,0.0
1641725,2022400433,1612709917,26.0,6.0,3.0,0.0,18.0,8.0,3.0,3.0
1642444,2022400433,1612709917,2.0,1.0,2.0,2.0,5.0,1.0,0.0,0.0
1642019,2022400433,1612709917,19.0,4.0,2.0,0.0,12.0,7.0,0.0,0.0
1641847,2022400433,1612709917,9.0,2.0,5.0,0.0,6.0,3.0,0.0,0.0
1642597,2022400433,1612709917,0.0,0.0,1.0,0.0,0.0,0.0,0.0,0.0
1642249,2022400433,1612709917,2.0,0.0,1.0,0.0,1.0,0.0,1.0,1.0
1630895,2022400433,1612709917,2.0,1.0,1.0,0.0,3.0,1.0,0.0,0.0
1642595,2022400433,1612709917,4.0,0.0,0.0,0.0,2.0,2.0,0.0,0.0
1642485,2022400423,1612709915,0.0,0.0,5.0,0.0,3.0,0.0,0.0,0.0
1641936,2022400423,1612709915,19.0,2.0,7.0,1.0,11.0,6.0,2.0,2.0
1630791,2022400423,1612709915,2.0,1.0,6.0,3.0,4.0,1.0,0.0,0.0
1641809,2022400423,1612709915,22.0,3.0,4.0,0.0,18.0,8.0,2.0,2.0
1631120,2022400423,1612709915,23.0,10.0,9.0,0.0,19.0,8.0,6.0,4.0
1642508,2022400423,1612709915,11.0,2.0,7.0,0.0,4.0,4.0,2.0,2.0
1630648,2022400423,1612709915,16.0,1.0,6.0,0.0,10.0,6.0,0.0,0.0
1630206,2022400423,1612709915,13.0,1.0,4.0,0.0,14.0,4.0,2.0,2.0
1630762,2022400423,1612709915,9.0,1.0,7.0,0.0,5.0,4.0,1.0,0.0
1642696,2022400423,1612709915,0.0,0.0,0.0,0.0,1.0,0.0,0.0,0.0
1641749,2022400423,1612709922,10.0,0.0,1.0,0.0,12.0,4.0,0.0,0.0
1642275,2022400423,1612709922,4.0,1.0,7.0,0.0,6.0,1.0,1.0,1.0
1642531,2022400423,1612709922,9.0,1.0,8.0,1.0,7.0,3.0,2.0,2.0
1641878,2022400423,1612709922,11.0,6.0,8.0,0.0,15.0,4.0,2.0,1.0
1642354,2022400423,1612709922,18.0,0.0,5.0,0.0,17.0,8.0,0.0,0.0
1631301,2022400423,1612709922,23.0,3.0,2.0,0.0,13.0,7.0,3.0,3.0
1630640,2022400423,1612709922,9.0,1.0,3.0,0.0,10.0,4.0,0.0,0.0
1642072,2022400423,1612709922,11.0,0.0,6.0,0.0,4.0,4.0,1.0,1.0
1631474,2022400423,1612709922,0.0,6.0,4.0,0.0,6.0,0.0,0.0,0.0
1641799,2022400423,1612709922,9.0,0.0,0.0,0.0,7.0,3.0,1.0,1.0
1630230,0022400961,1610612742,21.0,3.0,5.0,1.0,15.0,8.0,4.0,4.0
1630556,0022400961,1610612742,12.0,0.0,6.0,4.0,10.0,4.0,2.0,2.0
203939,0022400961,1610612742,1.0,2.0,2.0,1.0,1.0,0.0,2.0,1.0
202691,0022400961,1610612742,5.0,3.0,9.0,0.0,16.0,2.0,1.0,1.0
203957,0022400961,1610612742,2.0,0.0,0.0,0.0,3.0,1.0,0.0,0.0
1631108,0022400961,1610612742,2.0,0.0,4.0,0.0,13.0,1.0,0.0,0.0
203915,0022400961,1610612742,20.0,2.0,3.0,0.0,15.0,9.0,1.0,0.0
1628997,0022400961,1610612742,8.0,2.0,1.0,0.0,7.0,3.0,1.0,1.0
1630314,0022400961,1610612742,25.0,2.0,4.0,0.0,14.0,11.0,1.0,1.0
1631106,0022400961,1610612745,30.0,2.0,8.0,2.0,15.0,11.0,6.0,6.0
1628415,0022400961,1610612745,12.0,3.0,2.0,0.0,13.0,5.0,0.0,0.0
1630578,0022400961,1610612745,16.0,4.0,15.0,0.0,16.0,7.0,3.0,2.0
1630224,0022400961,1610612745,23.0,5.0,9.0,2.0,19.0,9.0,2.0,1.0
1627832,0022400961,1610612745,8.0,3.0,7.0,0.0,8.0,3.0,0.0,0.0
1631095,0022400961,1610612745,13.0,2.0,8.0,2.0,10.0,6.0,1.0,1.0
1629111,0022400961,1610612745,6.0,0.0,5.0,0.0,4.0,3.0,0.0,0.0
201145,0022400961,1610612745,0.0,1.0,4.0,0.0,0.0,0.0,0.0,0.0
1628988,0022400961,1610612745,13.0,4.0,3.0,0.0,9.0,5.0,0.0,0.0
1630256,0022400961,1610612745,2.0,1.0,5.0,0.0,3.0,1.0,0.0,0.0
1631466,0022400961,1610612745,0.0,1.0,1.0,0.0,2.0,0.0,0.0,0.0
1641715,0022400961,1610612745,10.0,1.0,0.0,0.0,6.0,4.0,0.0,0.0
202695,0022400960,1610612746,25.0,2.0,6.0,0.0,21.0,11.0,4.0,2.0
201587,0022400960,1610612746,11.0,2.0,7.0,1.0,8.0,4.0,0.0,0.0
1627826,0022400960,1610612746,18.0,2.0,6.0,0.0,9.0,8.0,3.0,2.0
1627739,0022400960,1610612746,0.0,1.0,3.0,1.0,4.0,0.0,0.0,0.0
201935,0022400960,1610612746,25.0,7.0,8.0,2.0,14.0,8.0,6.0,5.0
1627884,0022400960,1610612746,14.0,0.0,2.0,1.0,10.0,5.0,5.0,4.0
1629599,0022400960,1610612746,12.0,3.0,1.0,0.0,9.0,5.0,0.0,0.0
203992,0022400960,1610612746,12.0,3.0,3.0,0.0,6.0,4.0,2.0,2.0
1627732,0022400960,1610612746,2.0,4.0,2.0,0.0,4.0,1.0,0.0,0.0
1642353,0022400960,1610612746,2.0,1.0,1.0,0.0,1.0,1.0,0.0,0.0
1629234,0022400960,1610612746,0.0,0.0,0.0,0.0,0.0,0.0,0.0,0.0
1641738,0022400960,1610612746,0.0,1.0,1.0,0.0,0.0,0.0,0.0,0.0
201988,0022400960,1610612746,0.0,1.0,0.0,0.0,0.0,0.0,0.0,0.0
1642258,0022400960,1610612737,15.0,1.0,7.0,0.0,10.0,6.0,2.0,2.0
1631243,0022400960,1610612737,5.0,0.0,4.0,1.0,4.0,2.0,0.0,0.0
1630168,0022400960,1610612737,18.0,3.0,10.0,3.0,10.0,6.0,6.0,6.0
1630700,0022400960,1610612737,6.0,5.0,6.0,0.0,12.0,2.0,2.0,2.0
1629027,0022400960,1610612737,17.0,7.0,4.0,0.0,18.0,6.0,4.0,3.0
1627777,0022400960,1610612737,0.0,1.0,0.0,0.0,5.0,0.0,0.0,0.0
1631230,0022400960,1610612737,10.0,0.0,4.0,0.0,8.0,5.0,1.0,0.0
1627747,0022400960,1610612737,12.0,2.0,4.0,1.0,9.0,4.0,2.0,2.0
1629611,0022400960,1610612737,9.0,4.0,3.0,0.0,8.0,4.0,0.0,0.0
1630249,0022400960,1610612737,6.0,2.0,2.0,1.0,4.0,2.0,0.0,0.0
1631247,2022400428,1612709893,9.0,2.0,7.0,0.0,6.0,4.0,0.0,0.0
1630624,2022400428,1612709893,21.0,1.0,9.0,0.0,13.0,8.0,2.0,2.0
1641772,2022400428,1612709893,17.0,1.0,7.0,0.0,19.0,6.0,1.0,1.0
1641734,2022400428,1612709893,19.0,5.0,8.0,0.0,17.0,6.0,1.0,1.0
1631262,2022400428,1612709893,16.0,5.0,6.0,0.0,15.0,4.0,4.0,3.0
1642468,2022400428,1612709893,0.0,2.0,8.0,0.0,2.0,0.0,0.0,0.0
1630190,2022400428,1612709893,15.0,5.0,4.0,0.0,10.0,5.0,1.0,1.0
1631449,2022400428,1612709893,8.0,1.0,6.0,1.0,5.0,4.0,1.0,0.0
1642619,2022400428,1612709893,3.0,1.0,1.0,0.0,1.0,1.0,0.0,0.0
1631395,2022400428,1612709893,0.0,1.0,0.0,0.0,0.0,0.0,0.0,0.0
1626159,2022400428,1612709927,12.0,5.0,9.0,0.0,13.0,4.0,3.0,2.0
1631219,2022400428,1612709927,10.0,2.0,4.0,1.0,7.0,3.0,2.0,1.0
1627740,2022400428,1612709927,10.0,5.0,7.0,1.0,9.0,4.0,1.0,1.0
1630649,2022400428,1612709927,17.0,1.0,2.0,0.0,17.0,7.0,0.0,0.0
1631123,2022400428,1612709927,15.0,5.0,3.0,1.0,10.0,6.0,0.0,0.0
1629056,2022400428,1612709927,17.0,1.0,4.0,1.0,16.0,7.0,0.0,0.0
1631250,2022400428,1612709927,9.0,1.0,3.0,1.0,6.0,4.0,1.0,0.0
1629808,2022400428,1612709927,12.0,7.0,1.0,1.0,8.0,4.0,2.0,2.0
1630641,2022400428,1612709927,2.0,1.0,4.0,0.0,3.0,1.0,0.0,0.0
1642667,2022400428,1612709927,0.0,1.0,0.0,0.0,1.0,0.0,0.0,0.0
1631400,2022400428,1612709927,2.0,0.0,1.0,0.0,2.0,1.0,0.0,0.0
201942,0022400967,1610612758,23.0,1.0,0.0,0.0,13.0,9.0,3.0,2.0
1631099,0022400967,1610612758,14.0,2.0,8.0,0.0,13.0,6.0,0.0,0.0
1627734,0022400967,1610612758,12.0,12.0,11.0,1.0,11.0,4.0,4.0,4.0
203897,0022400967,1610612758,21.0,2.0,3.0,0.0,13.0,7.0,6.0,5.0
1628370,0022400967,1610612758,18.0,5.0,8.0,0.0,18.0,8.0,2.0,2.0
1631165,0022400967,1610612758,7.0,1.0,1.0,0.0,2.0,2.0,3.0,3.0
202685,0022400967,1610612758,6.0,2.0,5.0,0.0,5.0,2.0,2.0,2.0
1631222,0022400967,1610612758,3.0,0.0,2.0,0.0,4.0,1.0,0.0,0.0
1642269,0022400967,1610612758,0.0,0.0,1.0,0.0,0.0,0.0,0.0,0.0
1642403,0022400967,1610612758,2.0,0.0,1.0,0.0,1.0,1.0,0.0,0.0
1642384,0022400967,1610612758,0.0,0.0,0.0,0.0,0.0,0.0,0.0,0.0
1628365,0022400967,1610612758,0.0,0.0,0.0,0.0,1.0,0.0,0.0,0.0
1642346,0022400967,1610612756,16.0,3.0,5.0,0.0,16.0,6.0,2.0,2.0
201142,0022400967,1610612756,22.0,6.0,4.0,2.0,15.0,7.0,4.0,4.0
203486,0022400967,1610612756,2.0,1.0,5.0,0.0,3.0,1.0,0.0,0.0
203078,0022400967,1610612756,15.0,2.0,3.0,0.0,9.0,5.0,3.0,1.0
1626164,0022400967,1610612756,22.0,13.0,4.0,0.0,17.0,8.0,2.0,2.0
1642345,0022400967,1610612756,11.0,1.0,6.0,1.0,5.0,4.0,4.0,3.0
1631221,0022400967,1610612756,5.0,2.0,1.0,0.0,3.0,1.0,2.0,2.0
1626220,0022400967,1610612756,9.0,1.0,3.0,0.0,4.0,3.0,0.0,0.0
1626145,0022400967,1610612756,20.0,4.0,2.0,0.0,7.0,6.0,2.0,2.0
1631102,0022400967,1610612756,0.0,0.0,0.0,0.0,0.0,0.0,0.0,0.0
1629626,0022400967,1610612756,0.0,0.0,1.0,0.0,0.0,0.0,0.0,0.0
1630171,0022400962,1610612739,7,2,3,0,4,3,0,0
1630596,0022400962,1610612739,22,3,11,2,16,9,2,1
1628386,0022400962,1610612739,16,3,6,1,7,6,8,4
1629622,0022400962,1610612739,9,5,4,0,4,2,3,3
1629636,0022400962,1610612739,20,9,2,0,17,7,3,3
1629631,0022400962,1610612739,18,1,5,0,6,4,8,7
1629660,0022400962,1610612739,12,5,2,0,8,4,3,3
1630241,0022400962,1610612739,14,2,1,0,7,5,0,0
1629731,0022400962,1610612739,2,0,4,0,4,1,0,0
1629750,0022400962,1610612739,10,2,4,0,10,3,2,2
202684,0022400962,1610612739,0,0,0,0,0,0,0,0
1641854,0022400962,1610612739,1,0,0,1,1,0,2,1
1642281,0022400962,1610612739,2,0,1,0,4,0,2,2
1642377,0022400962,1610612763,7,0,0,0,5,3,1,1
1628991,0022400962,1610612763,13,0,3,2,10,4,2,2
1641744,0022400962,1610612763,6,1,3,0,4,2,2,2
1630217,0022400962,1610612763,12,3,6,0,16,5,1,0
1629630,0022400962,1610612763,44,7,8,0,22,17,10,9
1631246,0022400962,1610612763,3,2,3,0,2,1,0,0
1629634,0022400962,1610612763,13,1,5,0,7,5,5,3
1630590,0022400962,1610612763,8,6,3,1,6,3,0,0
1628379,0022400962,1610612763,0,0,1,0,5,0,0,0
1641713,0022400962,1610612763,4,1,6,0,9,2,0,0
1630643,0022400962,1610612763,2,0,0,0,1,1,0,0
1630205,0022400962,1610612763,7,1,5,0,4,3,0,0
1642285,0022400962,1610612763,3,2,0,0,4,1,0,0
1628963,0022400962,1610612763,0,0,1,0,1,0,0,0
1629723,0022400962,1610612763,2,1,1,0,1,1,0,0
1641825,2022400430,1612709931,9.0,1.0,5.0,0.0,7.0,3.0,1.0,1.0
1642525,2022400430,1612709931,10.0,0.0,6.0,0.0,8.0,4.0,0.0,0.0
1631305,2022400430,1612709931,8.0,2.0,1.0,1.0,5.0,3.0,1.0,1.0
1642357,2022400430,1612709931,51.0,4.0,8.0,0.0,25.0,15.0,12.0,12.0
1642714,2022400430,1612709931,5.0,4.0,0.0,0.0,7.0,2.0,0.0,0.0
1642128,2022400430,1612709931,2.0,5.0,0.0,0.0,3.0,1.0,0.0,0.0
1642524,2022400430,1612709931,10.0,4.0,5.0,1.0,5.0,4.0,0.0,0.0
1642527,2022400430,1612709931,8.0,2.0,6.0,0.0,5.0,3.0,0.0,0.0
1630535,2022400430,1612709931,7.0,0.0,4.0,1.0,8.0,3.0,0.0,0.0
1642280,2022400430,1612709924,22.0,0.0,8.0,0.0,12.0,7.0,4.0,4.0
1631116,2022400430,1612709924,17.0,2.0,4.0,1.0,15.0,7.0,0.0,0.0
1641862,2022400430,1612709924,6.0,1.0,12.0,1.0,2.0,2.0,1.0,1.0
1631167,2022400430,1612709924,13.0,5.0,1.0,0.0,18.0,5.0,1.0,1.0
1630618,2022400430,1612709924,11.0,9.0,6.0,1.0,14.0,5.0,2.0,0.0
1642584,2022400430,1612709924,4.0,1.0,1.0,0.0,4.0,2.0,0.0,0.0
1631286,2022400430,1612709924,21.0,2.0,1.0,0.0,9.0,8.0,2.0,2.0
1641990,2022400430,1612709924,4.0,1.0,0.0,0.0,2.0,1.0,2.0,1.0
1642669,2022400430,1612709924,2.0,1.0,2.0,0.0,3.0,1.0,0.0,0.0
1642583,2022400430,1612709924,2.0,0.0,0.0,0.0,2.0,1.0,0.0,0.0
1630675,2022400430,1612709924,2.0,0.0,0.0,0.0,1.0,1.0,0.0,0.0
1630207,2022400424,1612709926,25.0,2.0,10.0,0.0,19.0,10.0,2.0,1.0
1641970,2022400424,1612709926,4.0,0.0,3.0,0.0,4.0,2.0,0.0,0.0
1630654,2022400424,1612709926,21.0,2.0,14.0,0.0,13.0,6.0,6.0,5.0
1630569,2022400424,1612709926,25.0,6.0,4.0,0.0,16.0,8.0,6.0,5.0
1642530,2022400424,1612709926,16.0,7.0,2.0,0.0,14.0,6.0,0.0,0.0
1641869,2022400424,1612709926,12.0,3.0,1.0,0.0,9.0,5.0,0.0,0.0
1629666,2022400424,1612709926,6.0,0.0,5.0,0.0,5.0,2.0,2.0,1.0
1631174,2022400424,1612709926,7.0,0.0,5.0,0.0,3.0,3.0,0.0,0.0
1642492,2022400424,1612709926,0.0,0.0,1.0,0.0,1.0,0.0,0.0,0.0
1641727,2022400424,1612709921,7.0,4.0,6.0,1.0,9.0,3.0,0.0,0.0
1641787,2022400424,1612709921,17.0,4.0,10.0,1.0,10.0,4.0,4.0,4.0
1631166,2022400424,1612709921,28.0,6.0,8.0,0.0,14.0,9.0,4.0,4.0
1630623,2022400424,1612709921,15.0,3.0,1.0,0.0,10.0,7.0,0.0,0.0
1642011,2022400424,1612709921,13.0,9.0,4.0,0.0,11.0,6.0,1.0,0.0
1630286,2022400424,1612709921,10.0,1.0,1.0,0.0,8.0,4.0,1.0,0.0
1630165,2022400424,1612709921,38.0,6.0,5.0,0.0,25.0,15.0,1.0,0.0
1642573,2022400424,1612709921,2.0,0.0,1.0,0.0,1.0,1.0,0.0,0.0
1630174,0022400959,1610612754,16.0,2.0,3.0,0.0,11.0,6.0,2.0,1.0
1627783,0022400959,1610612754,27.0,4.0,7.0,2.0,20.0,12.0,3.0,2.0
1626167,0022400959,1610612754,18.0,1.0,7.0,1.0,13.0,7.0,2.0,2.0
1629614,0022400959,1610612754,5.0,7.0,2.0,0.0,6.0,1.0,2.0,2.0
1630169,0022400959,1610612754,14.0,10.0,5.0,0.0,13.0,5.0,3.0,2.0
1630167,0022400959,1610612754,11.0,3.0,8.0,0.0,7.0,4.0,4.0,3.0
1628418,0022400959,1610612754,6.0,1.0,6.0,1.0,4.0,3.0,0.0,0.0
204456,0022400959,1610612754,8.0,0.0,2.0,0.0,4.0,4.0,0.0,0.0
1631097,0022400959,1610612754,5.0,1.0,1.0,0.0,7.0,1.0,2.0,2.0
1641767,0022400959,1610612754,2.0,1.0,4.0,0.0,4.0,1.0,0.0,0.0
1631245,0022400959,1610612754,0.0,1.0,0.0,0.0,0.0,0.0,0.0,0.0
1642277,0022400959,1610612754,0.0,0.0,0.0,0.0,0.0,0.0,0.0,0.0
1628396,0022400959,1610612754,0.0,0.0,0.0,0.0,0.0,0.0,0.0,0.0
1641741,0022400959,1610612755,14.0,0.0,4.0,3.0,14.0,5.0,3.0,2.0
1627824,0022400959,1610612755,5.0,2.0,15.0,0.0,6.0,1.0,4.0,2.0
1641737,0022400959,1610612755,16.0,0.0,9.0,1.0,8.0,5.0,7.0,6.0
1630288,0022400959,1610612755,24.0,4.0,5.0,1.0,20.0,11.0,1.0,1.0
1630215,0022400959,1610612755,17.0,4.0,3.0,1.0,13.0,6.0,2.0,2.0
1641720,0022400959,1610612755,5.0,3.0,3.0,0.0,8.0,2.0,2.0,1.0
1642024,0022400959,1610612755,5.0,0.0,3.0,2.0,5.0,2.0,0.0,0.0
1629052,0022400959,1610612755,14.0,0.0,1.0,1.0,8.0,5.0,3.0,1.0
1628369,0022400958,1610612738,28.0,5.0,4.0,0.0,21.0,8.0,7.0,7.0
201143,0022400958,1610612738,9.0,5.0,9.0,1.0,7.0,3.0,2.0,2.0
1628436,0022400958,1610612738,4.0,1.0,4.0,0.0,3.0,2.0,0.0,0.0
1628401,0022400958,1610612738,18.0,4.0,5.0,0.0,18.0,7.0,2.0,1.0
201950,0022400958,1610612738,25.0,3.0,4.0,2.0,15.0,10.0,0.0,0.0
1630202,0022400958,1610612738,11.0,0.0,3.0,0.0,12.0,4.0,0.0,0.0
1630573,0022400958,1610612738,6.0,0.0,3.0,0.0,4.0,2.0,0.0,0.0
1629674,0022400958,1610612738,2.0,0.0,8.0,1.0,2.0,0.0,2.0,2.0
1641775,0022400958,1610612738,0.0,0.0,1.0,0.0,1.0,0.0,0.0,0.0
203952,0022400958,1610612748,23.0,3.0,4.0,0.0,21.0,9.0,4.0,2.0
1631170,0022400958,1610612748,13.0,3.0,5.0,0.0,10.0,5.0,3.0,1.0
1628389,0022400958,1610612748,9.0,2.0,9.0,1.0,7.0,3.0,3.0,3.0
1629130,0022400958,1610612748,6.0,0.0,3.0,0.0,6.0,2.0,0.0,0.0
1629639,0022400958,1610612748,19.0,6.0,5.0,2.0,15.0,7.0,2.0,2.0
1630558,0022400958,1610612748,12.0,4.0,9.0,0.0,8.0,4.0,3.0,1.0
1629312,0022400958,1610612748,0.0,0.0,0.0,0.0,2.0,0.0,0.0,0.0
1642276,0022400958,1610612748,7.0,0.0,3.0,1.0,4.0,3.0,2.0,1.0
1641796,0022400958,1610612748,2.0,0.0,0.0,0.0,2.0,1.0,0.0,0.0
1642396,2022400427,1612709902,25.0,3.0,7.0,1.0,14.0,9.0,4.0,2.0
1642050,2022400427,1612709902,17.0,4.0,13.0,0.0,12.0,8.0,1.0,0.0
1630296,2022400427,1612709902,26.0,4.0,8.0,1.0,12.0,10.0,5.0,4.0
1641881,2022400427,1612709902,12.0,1.0,4.0,0.0,14.0,5.0,0.0,0.0
1641879,2022400427,1612709902,12.0,9.0,3.0,0.0,10.0,5.0,0.0,0.0
1642764,2022400427,1612709902,5.0,1.0,1.0,0.0,3.0,2.0,0.0,0.0
1642429,2022400427,1612709902,7.0,0.0,1.0,0.0,4.0,2.0,1.0,1.0
1642379,2022400427,1612709902,7.0,10.0,6.0,0.0,10.0,3.0,1.0,0.0
1642679,2022400427,1612709902,2.0,1.0,4.0,0.0,3.0,1.0,0.0,0.0
1630342,2022400427,1612709913,12.0,2.0,5.0,2.0,11.0,4.0,1.0,1.0
1631232,2022400427,1612709913,25.0,1.0,6.0,0.0,15.0,10.0,3.0,3.0
1642490,2022400427,1612709913,8.0,2.0,4.0,0.0,6.0,4.0,0.0,0.0
1631311,2022400427,1612709913,15.0,10.0,5.0,1.0,17.0,6.0,1.0,0.0
1630622,2022400427,1612709913,21.0,8.0,2.0,0.0,19.0,8.0,0.0,0.0
1629955,2022400427,1612709913,2.0,0.0,0.0,0.0,3.0,1.0,0.0,0.0
1628432,2022400427,1612709913,13.0,3.0,9.0,0.0,8.0,5.0,0.0,0.0
1630272,2022400427,1612709913,4.0,3.0,6.0,0.0,3.0,2.0,0.0,0.0
1631462,2022400427,1612709913,0.0,0.0,0.0,0.0,2.0,0.0,0.0,0.0
1630182,0022400964,1610612766,20.0,3.0,1.0,0.0,11.0,7.0,0.0,0.0
1628970,0022400964,1610612766,21.0,8.0,7.0,1.0,14.0,7.0,7.0,5.0
1631109,0022400964,1610612766,14.0,3.0,10.0,0.0,6.0,5.0,4.0,4.0
1629610,0022400964,1610612766,13.0,1.0,1.0,0.0,9.0,5.0,0.0,0.0
1630163,0022400964,1610612766,27.0,15.0,3.0,0.0,13.0,9.0,2.0,2.0
1630585,0022400964,1610612766,5.0,3.0,1.0,1.0,6.0,1.0,2.0,2.0
1641733,0022400964,1610612766,26.0,5.0,3.0,0.0,12.0,9.0,2.0,2.0
203994,0022400964,1610612766,14.0,1.0,3.0,0.0,7.0,6.0,2.0,2.0
203552,0022400964,1610612766,5.0,2.0,2.0,0.0,4.0,2.0,0.0,0.0
1631111,0022400964,1610612766,0.0,1.0,1.0,0.0,1.0,0.0,0.0,0.0
1631217,0022400964,1610612766,0.0,0.0,2.0,0.0,2.0,0.0,0.0,0.0
1630170,0022400964,1610612759,22.0,3.0,3.0,1.0,16.0,9.0,1.0,1.0
203084,0022400964,1610612759,10.0,1.0,1.0,0.0,9.0,4.0,1.0,0.0
202687,0022400964,1610612759,0.0,4.0,2.0,1.0,0.0,0.0,0.0,0.0
1642264,0022400964,1610612759,26.0,1.0,3.0,1.0,17.0,10.0,4.0,3.0
101108,0022400964,1610612759,3.0,3.0,1.0,0.0,3.0,1.0,0.0,0.0
1630577,0022400964,1610612759,12.0,2.0,5.0,0.0,8.0,4.0,1.0,1.0
1629640,0022400964,1610612759,12.0,3.0,5.0,0.0,11.0,4.0,3.0,3.0
1631110,0022400964,1610612759,14.0,2.0,4.0,0.0,9.0,4.0,6.0,5.0
1630572,0022400964,1610612759,13.0,1.0,3.0,2.0,12.0,5.0,0.0,0.0
1631104,0022400964,1610612759,10.0,3.0,4.0,0.0,6.0,3.0,4.0,3.0
1631127,0022400964,1610612759,2.0,1.0,3.0,0.0,1.0,1.0,0.0,0.0
1631103,0022400964,1610612759,7.0,1.0,0.0,0.0,2.0,2.0,2.0,1.0
1629162,0022400964,1610612759,3.0,2.0,2.0,0.0,1.0,1.0,0.0,0.0
1641795,2022400429,1612709903,5.0,1.0,3.0,1.0,5.0,2.0,1.0,0.0
1630695,2022400429,1612709903,3.0,2.0,8.0,0.0,4.0,1.0,1.0,1.0
1631131,2022400429,1612709903,22.0,8.0,20.0,1.0,15.0,8.0,5.0,3.0
1641989,2022400429,1612709903,9.0,1.0,1.0,0.0,10.0,3.0,2.0,1.0
202738,2022400429,1612709903,30.0,6.0,0.0,0.0,24.0,9.0,4.0,4.0
1641864,2022400429,1612709903,14.0,2.0,3.0,1.0,11.0,5.0,0.0,0.0
1630546,2022400429,1612709903,15.0,5.0,2.0,0.0,12.0,5.0,1.0,1.0
1641863,2022400429,1612709903,19.0,0.0,4.0,0.0,12.0,8.0,1.0,1.0
1631220,2022400429,1612709903,21.0,7.0,1.0,0.0,11.0,8.0,3.0,3.0
1629015,2022400429,1612709918,27.0,2.0,3.0,1.0,15.0,11.0,3.0,2.0
1641986,2022400429,1612709918,16.0,1.0,6.0,5.0,13.0,5.0,2.0,2.0
1642499,2022400429,1612709918,10.0,5.0,13.0,3.0,7.0,4.0,1.0,1.0
1642701,2022400429,1612709918,5.0,1.0,5.0,0.0,6.0,2.0,0.0,0.0
1641789,2022400429,1612709918,33.0,8.0,4.0,0.0,18.0,13.0,3.0,3.0
1642480,2022400429,1612709918,22.0,1.0,1.0,0.0,11.0,7.0,2.0,2.0
1631160,2022400429,1612709918,9.0,9.0,6.0,1.0,11.0,4.0,0.0,0.0
1631236,2022400429,1612709918,0.0,0.0,0.0,0.0,2.0,0.0,0.0,0.0
1642540,2022400429,1612709918,8.0,2.0,6.0,0.0,5.0,3.0,1.0,1.0
1629628,0022400966,1610612761,17.0,5.0,2.0,0.0,14.0,7.0,3.0,2.0
1630567,0022400966,1610612761,20.0,3.0,10.0,0.0,16.0,8.0,6.0,3.0
1630658,0022400966,1610612761,13.0,2.0,7.0,0.0,5.0,5.0,2.0,2.0
1642419,0022400966,1610612761,7.0,0.0,6.0,2.0,11.0,3.0,0.0,0.0
1630193,0022400966,1610612761,20.0,5.0,5.0,0.0,13.0,6.0,6.0,6.0
1642347,0022400966,1610612761,11.0,5.0,2.0,2.0,9.0,4.0,0.0,0.0
1631115,0022400966,1610612761,14.0,5.0,10.0,2.0,10.0,4.0,8.0,6.0
1630639,0022400966,1610612761,18.0,0.0,5.0,0.0,10.0,6.0,6.0,4.0
202066,0022400966,1610612761,6.0,3.0,4.0,0.0,3.0,1.0,4.0,3.0
1628374,0022400966,1610612762,16.0,0.0,5.0,0.0,14.0,5.0,2.0,2.0
1642262,0022400966,1610612762,6.0,0.0,4.0,0.0,5.0,2.0,0.0,0.0
1642271,0022400966,1610612762,18.0,3.0,11.0,1.0,11.0,5.0,6.0,5.0
1629012,0022400966,1610612762,8.0,2.0,1.0,0.0,13.0,3.0,3.0,2.0
1642268,0022400966,1610612762,16.0,8.0,5.0,0.0,11.0,6.0,5.0,4.0
203903,0022400966,1610612762,19.0,3.0,2.0,0.0,9.0,5.0,9.0,7.0
1630231,0022400966,1610612762,2.0,3.0,1.0,0.0,3.0,1.0,0.0,0.0
1641729,0022400966,1610612762,13.0,0.0,1.0,0.0,7.0,5.0,0.0,0.0
1630548,0022400966,1610612762,14.0,1.0,4.0,0.0,12.0,5.0,2.0,2.0
1630531,0022400966,1610612762,6.0,3.0,1.0,1.0,4.0,2.0,4.0,2.0
1642261,0022400965,1610612747,32.0,1.0,2.0,0.0,27.0,13.0,2.0,1.0
1629020,0022400965,1610612747,9.0,7.0,7.0,0.0,6.0,3.0,4.0,2.0
203458,0022400965,1610612747,2.0,1.0,5.0,0.0,2.0,1.0,0.0,0.0
1630559,0022400965,1610612747,37.0,13.0,8.0,0.0,26.0,13.0,7.0,7.0
1630692,0022400965,1610612747,10.0,2.0,6.0,1.0,8.0,4.0,0.0,0.0
1631132,0022400965,1610612747,8.0,2.0,7.0,1.0,7.0,4.0,0.0,0.0
1629003,0022400965,1610612747,16.0,3.0,5.0,0.0,11.0,7.0,1.0,1.0
202693,0022400965,1610612747,7.0,3.0,5.0,0.0,11.0,3.0,0.0,0.0
1642355,0022400965,1610612747,5.0,0.0,2.0,0.0,5.0,1.0,2.0,2.0
1629629,0022400965,1610612747,0.0,0.0,0.0,0.0,2.0,0.0,0.0,0.0
1629008,0022400965,1610612743,13.0,2.0,4.0,0.0,11.0,5.0,2.0,2.0
203932,0022400965,1610612743,17.0,4.0,7.0,1.0,6.0,3.0,10.0,9.0
203999,0022400965,1610612743,28.0,5.0,7.0,1.0,16.0,8.0,17.0,12.0
1631128,0022400965,1610612743,22.0,6.0,5.0,0.0,10.0,9.0,2.0,2.0
1627750,0022400965,1610612743,26.0,5.0,4.0,1.0,16.0,9.0,3.0,3.0
201566,0022400965,1610612743,17.0,7.0,6.0,0.0,16.0,7.0,0.0,0.0
1630192,0022400965,1610612743,4.0,0.0,5.0,1.0,5.0,2.0,0.0,0.0
1631212,0022400965,1610612743,4.0,1.0,1.0,1.0,5.0,1.0,4.0,2.0
1629618,0022400965,1610612743,0.0,0.0,0.0,0.0,0.0,0.0,0.0,0.0
1629667,2022400425,1612709928,11.0,1.0,5.0,1.0,8.0,4.0,1.0,1.0
1630550,2022400425,1612709928,10.0,1.0,5.0,1.0,5.0,4.0,2.0,1.0
1641774,2022400425,1612709928,14.0,3.0,8.0,0.0,8.0,5.0,1.0,1.0
1630184,2022400425,1612709928,15.0,6.0,0.0,0.0,11.0,5.0,1.0,1.0
1629669,2022400425,1612709928,28.0,4.0,1.0,1.0,17.0,9.0,5.0,5.0
1631338,2022400425,1612709928,2.0,1.0,2.0,0.0,5.0,1.0,0.0,0.0
1641778,2022400425,1612709928,7.0,2.0,6.0,0.0,8.0,3.0,0.0,0.0
1641907,2022400425,1612709928,5.0,2.0,1.0,0.0,6.0,2.0,0.0,0.0
1641732,2022400425,1612709928,10.0,4.0,4.0,0.0,6.0,4.0,0.0,0.0
1641798,2022400425,1612709928,7.0,0.0,2.0,0.0,3.0,2.0,3.0,2.0
1642578,2022400425,1612709932,17.0,0.0,5.0,4.0,12.0,7.0,0.0,0.0
1641752,2022400425,1612709932,15.0,6.0,9.0,0.0,10.0,6.0,3.0,2.0
1642449,2022400425,1612709932,16.0,4.0,6.0,2.0,13.0,8.0,3.0,0.0
1631199,2022400425,1612709932,12.0,4.0,2.0,0.0,12.0,4.0,1.0,1.0
1642450,2022400425,1612709932,21.0,7.0,4.0,1.0,20.0,7.0,3.0,2.0
1642676,2022400425,1612709932,10.0,5.0,2.0,0.0,5.0,5.0,0.0,0.0
1642588,2022400425,1612709932,7.0,1.0,11.0,0.0,5.0,3.0,2.0,1.0
1642759,2022400425,1612709932,5.0,2.0,2.0,0.0,3.0,2.0,0.0,0.0
1642517,2022400425,1612709932,12.0,0.0,3.0,0.0,6.0,6.0,1.0,0.0
1642657,2022400425,1612709932,3.0,0.0,0.0,0.0,1.0,1.0,0.0,0.0
1630532,0022400963,1610612753,16.0,4.0,4.0,0.0,16.0,4.0,8.0,8.0
1631094,0022400963,1610612753,43.0,3.0,10.0,0.0,32.0,16.0,11.0,9.0
1628976,0022400963,1610612753,4.0,2.0,2.0,1.0,5.0,2.0,0.0,0.0
1641783,0022400963,1610612753,8.0,0.0,3.0,0.0,6.0,3.0,0.0,0.0
202709,0022400963,1610612753,8.0,3.0,3.0,1.0,6.0,4.0,1.0,0.0
1629048,0022400963,1610612753,0.0,1.0,1.0,1.0,0.0,0.0,0.0,0.0
203914,0022400963,1610612753,3.0,1.0,1.0,2.0,2.0,1.0,0.0,0.0
1641710,0022400963,1610612753,6.0,2.0,4.0,0.0,8.0,2.0,2.0,2.0
1628371,0022400963,1610612753,3.0,1.0,1.0,0.0,3.0,1.0,0.0,0.0
1641724,0022400963,1610612753,2.0,0.0,1.0,0.0,2.0,1.0,0.0,0.0
1631216,0022400963,1610612753,18.0,1.0,1.0,0.0,9.0,6.0,0.0,0.0
1630183,0022400963,1610612750,11.0,2.0,8.0,2.0,6.0,4.0,2.0,1.0
203944,0022400963,1610612750,22.0,5.0,7.0,0.0,13.0,7.0,8.0,7.0
203497,0022400963,1610612750,12.0,1.0,12.0,0.0,7.0,5.0,4.0,2.0
1630162,0022400963,1610612750,28.0,5.0,4.0,1.0,19.0,9.0,8.0,7.0
201144,0022400963,1610612750,9.0,3.0,1.0,0.0,6.0,3.0,0.0,0.0
1628978,0022400963,1610612750,14.0,5.0,3.0,1.0,11.0,6.0,0.0,0.0
1629675,0022400963,1610612750,8.0,3.0,7.0,2.0,9.0,3.0,2.0,0.0
1629638,0022400963,1610612750,12.0,1.0,3.0,0.0,8.0,4.0,4.0,3.0
1641740,0022400963,1610612750,2.0,1.0,0.0,0.0,1.0,1.0,0.0,0.0
1641926,2022400426,1612709914,12.0,1.0,1.0,1.0,11.0,5.0,0.0,0.0
1630678,2022400426,1612709914,25.0,2.0,6.0,0.0,22.0,9.0,1.0,1.0
1627746,2022400426,1612709914,8.0,3.0,6.0,1.0,8.0,4.0,0.0,0.0
1630222,2022400426,1612709914,27.0,9.0,4.0,1.0,18.0,10.0,2.0,2.0
1631399,2022400426,1612709914,10.0,8.0,3.0,1.0,7.0,2.0,3.0,3.0
1642606,2022400426,1612709914,6.0,1.0,8.0,0.0,6.0,3.0,0.0,0.0
1626184,2022400426,1612709914,13.0,3.0,5.0,0.0,6.0,4.0,3.0,2.0
1628968,2022400426,1612709914,9.0,1.0,5.0,0.0,8.0,3.0,2.0,2.0
1642428,2022400426,1612709914,5.0,2.0,1.0,0.0,3.0,2.0,0.0,0.0
1642052,2022400426,1612709914,4.0,1.0,1.0,0.0,4.0,2.0,0.0,0.0
1631457,2022400426,1612709925,13.0,2.0,6.0,0.0,7.0,5.0,1.0,1.0
1642066,2022400426,1612709925,7.0,4.0,6.0,1.0,8.0,3.0,0.0,0.0
1641771,2022400426,1612709925,18.0,5.0,12.0,2.0,7.0,3.0,7.0,5.0
1630679,2022400426,1612709925,19.0,2.0,3.0,0.0,13.0,5.0,4.0,3.0
1630644,2022400426,1612709925,32.0,5.0,5.0,0.0,21.0,13.0,1.0,1.0
1641918,2022400426,1612709925,11.0,0.0,5.0,0.0,6.0,5.0,0.0,0.0
1629633,2022400426,1612709925,18.0,3.0,5.0,2.0,13.0,7.0,2.0,2.0
1630606,2022400426,1612709925,15.0,4.0,2.0,0.0,10.0,5.0,0.0,0.0
1626217,2022400426,1612709925,4.0,0.0,2.0,0.0,4.0,2.0,0.0,0.0
1642235,2022400426,1612709925,0.0,0.0,0.0,0.0,0.0,0.0,0.0,0.0
1630284,2022400418,1612709929,24.0,6.0,7.0,1.0,20.0,10.0,2.0,1.0
1631210,2022400418,1612709929,21.0,4.0,14.0,0.0,18.0,9.0,3.0,2.0
1628387,2022400418,1612709929,4.0,2.0,14.0,1.0,5.0,1.0,1.0,1.0
1642605,2022400418,1612709929,19.0,4.0,2.0,0.0,15.0,7.0,4.0,3.0
1630811,2022400418,1612709929,6.0,1.0,0.0,0.0,3.0,2.0,0.0,0.0
1642365,2022400418,1612709929,16.0,4.0,2.0,0.0,13.0,5.0,2.0,2.0
1641934,2022400418,1612709929,0.0,0.0,1.0,0.0,2.0,0.0,0.0,0.0
1631342,2022400418,1612709929,10.0,3.0,3.0,0.0,9.0,4.0,0.0,0.0
1630275,2022400418,1612709929,20.0,1.0,4.0,0.0,13.0,7.0,2.0,1.0
1641848,2022400418,1612709929,2.0,0.0,0.0,0.0,2.0,1.0,0.0,0.0
1631198,2022400418,1612709909,10.0,5.0,2.0,0.0,8.0,5.0,0.0,0.0
1641823,2022400418,1612709909,13.0,4.0,5.0,1.0,6.0,3.0,6.0,4.0
1630600,2022400418,1612709909,26.0,3.0,7.0,0.0,14.0,8.0,2.0,2.0
1630542,2022400418,1612709909,16.0,1.0,15.0,0.0,12.0,6.0,0.0,0.0
1641720,2022400418,1612709909,30.0,7.0,2.0,0.0,19.0,12.0,3.0,2.0
1629600,2022400418,1612709909,20.0,6.0,7.0,1.0,12.0,7.0,6.0,4.0
1627775,2022400418,1612709909,5.0,4.0,2.0,2.0,5.0,1.0,1.0,1.0
1628876,2022400418,1612709909,0.0,2.0,0.0,0.0,2.0,0.0,0.0,0.0
1631171,2022400418,1612709909,2.0,0.0,2.0,0.0,3.0,1.0,0.0,0.0
1630218,2022400418,1612709909,4.0,1.0,4.0,1.0,5.0,2.0,0.0,0.0
1629661,0022400956,1610612751,16.0,1.0,6.0,1.0,12.0,7.0,0.0,0.0
1630533,0022400956,1610612751,11.0,1.0,4.0,0.0,7.0,5.0,0.0,0.0
1629651,0022400956,1610612751,18.0,5.0,14.0,0.0,13.0,8.0,4.0,2.0
1630560,0022400956,1610612751,24.0,10.0,6.0,1.0,23.0,8.0,6.0,5.0
1626156,0022400956,1610612751,4.0,4.0,3.0,1.0,9.0,2.0,0.0,0.0
1631213,0022400956,1610612751,19.0,3.0,4.0,0.0,13.0,7.0,0.0,0.0
1630570,0022400956,1610612751,7.0,3.0,3.0,0.0,7.0,1.0,6.0,5.0
1630592,0022400956,1610612751,2.0,0.0,2.0,0.0,3.0,1.0,0.0,0.0
1630553,0022400956,1610612751,2.0,2.0,2.0,2.0,4.0,1.0,0.0,0.0
1630549,0022400956,1610612751,7.0,3.0,6.0,2.0,5.0,3.0,2.0,1.0
1628989,0022400956,1610612741,18.0,3.0,9.0,0.0,16.0,7.0,2.0,2.0
1641824,0022400956,1610612741,6.0,1.0,3.0,0.0,7.0,2.0,2.0,2.0
202696,0022400956,1610612741,7.0,3.0,3.0,0.0,6.0,3.0,2.0,1.0
1629632,0022400956,1610612741,31.0,4.0,7.0,0.0,24.0,12.0,4.0,4.0
1630200,0022400956,1610612741,18.0,6.0,6.0,0.0,12.0,6.0,6.0,5.0
1641763,0022400956,1610612741,16.0,5.0,7.0,1.0,10.0,5.0,4.0,4.0
1630172,0022400956,1610612741,10.0,1.0,2.0,0.0,8.0,4.0,0.0,0.0
1628380,0022400956,1610612741,9.0,1.0,9.0,3.0,4.0,2.0,4.0,4.0
1631207,0022400956,1610612741,1.0,0.0,1.0,0.0,3.0,0.0,2.0,1.0
1629659,0022400956,1610612741,0.0,0.0,0.0,0.0,0.0,0.0,0.0,0.0
1629216,0022400955,1610612747,6.0,1.0,1.0,0.0,10.0,3.0,0.0,0.0
1627827,0022400955,1610612747,5.0,0.0,1.0,0.0,8.0,2.0,0.0,0.0
203458,0022400955,1610612747,2.0,1.0,3.0,0.0,3.0,1.0,0.0,0.0
1630559,0022400955,1610612747,28.0,3.0,8.0,0.0,17.0,10.0,4.0,4.0
1629029,0022400955,1610612747,45.0,3.0,11.0,1.0,27.0,14.0,12.0,10.0
1642261,0022400955,1610612747,10.0,3.0,5.0,0.0,7.0,4.0,0.0,0.0
1630692,0022400955,1610612747,0.0,3.0,4.0,1.0,2.0,0.0,0.0,0.0
1631132,0022400955,1610612747,2.0,1.0,0.0,2.0,3.0,1.0,0.0,0.0
1629020,0022400955,1610612747,4.0,1.0,3.0,0.0,4.0,2.0,0.0,0.0
202693,0022400955,1610612747,4.0,2.0,1.0,0.0,4.0,1.0,2.0,1.0
1629003,0022400955,1610612747,0.0,0.0,1.0,0.0,2.0,0.0,0.0,0.0
1628398,0022400955,1610612749,5.0,0.0,4.0,0.0,9.0,2.0,0.0,0.0
203507,0022400955,1610612749,24.0,9.0,12.0,1.0,17.0,8.0,13.0,8.0
201572,0022400955,1610612749,23.0,5.0,4.0,4.0,9.0,8.0,5.0,4.0
1627752,0022400955,1610612749,7.0,1.0,4.0,1.0,6.0,3.0,0.0,0.0
203081,0022400955,1610612749,22.0,10.0,6.0,0.0,14.0,6.0,8.0,8.0
1629645,0022400955,1610612749,22.0,1.0,3.0,2.0,10.0,5.0,7.0,7.0
1629018,0022400955,1610612749,16.0,1.0,0.0,0.0,14.0,6.0,0.0,0.0
1630579,0022400955,1610612749,4.0,1.0,11.0,0.0,2.0,2.0,0.0,0.0
1631260,0022400955,1610612749,3.0,2.0,0.0,0.0,2.0,1.0,0.0,0.0
1631157,0022400955,1610612749,0.0,0.0,2.0,0.0,0.0,0.0,0.0,0.0
1641748,0022400955,1610612749,0.0,0.0,1.0,0.0,0.0,0.0,0.0,0.0
1641753,0022400955,1610612749,0.0,0.0,1.0,0.0,3.0,0.0,0.0,0.0
1631250,0022400955,1610612749,0.0,0.0,0.0,0.0,0.0,0.0,0.0,0.0
1631223,2022400422,1612709908,3.0,3.0,6.0,0.0,7.0,1.0,0.0,0.0
1631257,2022400422,1612709908,14.0,2.0,10.0,0.0,11.0,7.0,1.0,0.0
1642368,2022400422,1612709908,19.0,2.0,9.0,1.0,11.0,8.0,4.0,2.0
1629098,2022400422,1612709908,26.0,2.0,4.0,0.0,22.0,10.0,1.0,1.0
1630227,2022400422,1612709908,12.0,6.0,7.0,0.0,17.0,6.0,1.0,0.0
1641999,2022400422,1612709908,4.0,3.0,1.0,0.0,3.0,2.0,0.0,0.0
1642591,2022400422,1612709908,3.0,2.0,3.0,0.0,5.0,1.0,0.0,0.0
1641806,2022400422,1612709908,12.0,11.0,2.0,0.0,13.0,4.0,1.0,1.0
1627748,2022400422,1612709908,7.0,0.0,5.0,1.0,9.0,3.0,0.0,0.0
1629729,2022400422,1612709908,0.0,0.0,1.0,0.0,0.0,0.0,0.0,0.0
1631306,2022400422,1612709905,17.0,2.0,7.0,0.0,12.0,6.0,1.0,1.0
1626169,2022400422,1612709905,17.0,5.0,5.0,0.0,12.0,7.0,1.0,1.0
1630283,2022400422,1612709905,12.0,1.0,9.0,3.0,9.0,6.0,1.0,0.0
1642439,2022400422,1612709905,28.0,8.0,8.0,0.0,15.0,9.0,4.0,2.0
1642438,2022400422,1612709905,4.0,5.0,2.0,0.0,5.0,2.0,0.0,0.0
1642618,2022400422,1612709905,0.0,2.0,3.0,0.0,2.0,0.0,0.0,0.0
1641811,2022400422,1612709905,18.0,4.0,2.0,0.0,7.0,6.0,2.0,1.0
1642547,2022400422,1612709905,11.0,3.0,3.0,0.0,8.0,5.0,1.0,0.0
1641888,2022400422,1612709905,0.0,0.0,0.0,1.0,1.0,0.0,0.0,0.0
1629751,2022400421,1612709910,24.0,2.0,6.0,0.0,17.0,9.0,1.0,1.0
1642402,2022400421,1612709910,13.0,3.0,11.0,2.0,7.0,4.0,3.0,3.0
1626143,2022400421,1612709910,17.0,5.0,9.0,0.0,13.0,8.0,1.0,1.0
1630750,2022400421,1612709910,9.0,2.0,3.0,2.0,10.0,4.0,1.0,0.0
1642484,2022400421,1612709910,33.0,9.0,7.0,1.0,28.0,12.0,2.0,2.0
1630787,2022400421,1612709910,6.0,1.0,5.0,0.0,6.0,2.0,1.0,1.0
1642407,2022400421,1612709910,8.0,1.0,0.0,0.0,8.0,3.0,1.0,1.0
1642027,2022400421,1612709910,2.0,1.0,0.0,0.0,3.0,1.0,0.0,0.0
1631249,2022400421,1612709910,2.0,2.0,4.0,2.0,2.0,1.0,0.0,0.0
1641801,2022400421,1612709923,8.0,3.0,3.0,0.0,8.0,3.0,1.0,0.0
1631408,2022400421,1612709923,9.0,1.0,0.0,1.0,10.0,3.0,0.0,0.0
1641987,2022400421,1612709923,12.0,4.0,8.0,1.0,9.0,5.0,1.0,1.0
1631241,2022400421,1612709923,19.0,2.0,11.0,0.0,15.0,7.0,1.0,1.0
1642443,2022400421,1612709923,21.0,8.0,6.0,0.0,19.0,6.0,3.0,3.0
1630604,2022400421,1612709923,14.0,5.0,10.0,4.0,11.0,3.0,3.0,3.0
1642549,2022400421,1612709923,6.0,1.0,2.0,1.0,4.0,0.0,3.0,3.0
1630953,2022400421,1612709923,2.0,1.0,3.0,0.0,3.0,0.0,1.0,1.0
1630318,2022400421,1612709923,4.0,0.0,1.0,0.0,3.0,1.0,1.0,1.0
1628579,2022400421,1612709923,2.0,0.0,0.0,0.0,2.0,1.0,0.0,0.0
201942,0022400957,1610612758,23.0,7.0,5.0,0.0,13.0,8.0,8.0,7.0
1631099,0022400957,1610612758,6.0,2.0,4.0,2.0,10.0,2.0,0.0,0.0
202685,0022400957,1610612758,5.0,0.0,9.0,1.0,7.0,2.0,2.0,1.0
203897,0022400957,1610612758,14.0,3.0,1.0,0.0,6.0,5.0,0.0,0.0
1628370,0022400957,1610612758,7.0,6.0,4.0,1.0,13.0,3.0,3.0,1.0
1631165,0022400957,1610612758,18.0,4.0,0.0,0.0,12.0,7.0,2.0,1.0
1631222,0022400957,1610612758,13.0,1.0,0.0,0.0,7.0,5.0,2.0,1.0
1626168,0022400957,1610612758,11.0,0.0,5.0,0.0,6.0,4.0,1.0,1.0
1642269,0022400957,1610612758,5.0,2.0,1.0,0.0,1.0,1.0,2.0,2.0
203926,0022400957,1610612758,0.0,0.0,0.0,0.0,1.0,0.0,0.0,0.0
1642403,0022400957,1610612758,2.0,0.0,1.0,0.0,0.0,0.0,2.0,2.0
1628365,0022400957,1610612758,0.0,0.0,0.0,0.0,2.0,0.0,0.0,0.0
1642384,0022400957,1610612758,0.0,0.0,0.0,0.0,1.0,0.0,0.0,0.0
202710,0022400957,1610612744,6.0,7.0,5.0,0.0,5.0,2.0,2.0,2.0
203110,0022400957,1610612744,23.0,4.0,4.0,1.0,14.0,8.0,4.0,3.0
1642366,0022400957,1610612744,10.0,0.0,4.0,1.0,7.0,3.0,2.0,1.0
1630541,0022400957,1610612744,17.0,6.0,4.0,1.0,7.0,4.0,6.0,5.0
201939,0022400957,1610612744,11.0,5.0,2.0,1.0,9.0,4.0,1.0,1.0
1630228,0022400957,1610612744,18.0,1.0,3.0,0.0,10.0,7.0,6.0,4.0
1627741,0022400957,1610612744,16.0,5.0,4.0,0.0,10.0,6.0,1.0,0.0
1627780,0022400957,1610612744,11.0,2.0,4.0,0.0,6.0,4.0,0.0,0.0
1626172,0022400957,1610612744,6.0,1.0,6.0,1.0,3.0,2.0,2.0,2.0
1630611,0022400957,1610612744,10.0,3.0,5.0,0.0,4.0,4.0,0.0,0.0
1630311,0022400957,1610612744,2.0,0.0,0.0,0.0,3.0,1.0,0.0,0.0
1631218,0022400957,1610612744,0.0,1.0,2.0,0.0,0.0,0.0,0.0,0.0
1630551,0022400954,1610612764,17.0,1.0,9.0,0.0,9.0,6.0,2.0,2.0
203114,0022400954,1610612764,16.0,8.0,7.0,0.0,13.0,6.0,3.0,3.0
1642259,0022400954,1610612764,19.0,3.0,5.0,4.0,12.0,7.0,2.0,2.0
1642273,0022400954,1610612764,9.0,1.0,4.0,0.0,8.0,3.0,0.0,0.0
1629673,0022400954,1610612764,17.0,4.0,6.0,0.0,13.0,4.0,6.0,5.0
1630557,0022400954,1610612764,14.0,2.0,2.0,0.0,7.0,4.0,4.0,4.0
1642267,0022400954,1610612764,16.0,3.0,4.0,0.0,12.0,6.0,3.0,3.0
203935,0022400954,1610612764,15.0,7.0,4.0,0.0,13.0,5.0,4.0,2.0
1626158,0022400954,1610612764,6.0,1.0,6.0,1.0,3.0,2.0,3.0,2.0
1630264,0022400954,1610612764,0.0,0.0,0.0,0.0,0.0,0.0,0.0,0.0
1641709,0022400954,1610612765,10.0,1.0,4.0,1.0,6.0,4.0,2.0,1.0
202699,0022400954,1610612765,14.0,3.0,6.0,1.0,12.0,5.0,3.0,2.0
1631105,0022400954,1610612765,18.0,0.0,14.0,1.0,10.0,8.0,2.0,2.0
203501,0022400954,1610612765,10.0,1.0,3.0,0.0,11.0,3.0,3.0,2.0
1630595,0022400954,1610612765,38.0,10.0,3.0,2.0,25.0,9.0,21.0,20.0
1627736,0022400954,1610612765,8.0,2.0,2.0,0.0,5.0,2.0,4.0,2.0
1630191,0022400954,1610612765,4.0,2.0,1.0,1.0,1.0,1.0,2.0,2.0
203471,0022400954,1610612765,11.0,3.0,2.0,0.0,6.0,3.0,4.0,4.0
1631323,0022400954,1610612765,9.0,1.0,2.0,0.0,5.0,3.0,1.0,1.0
1641842,0022400954,1610612765,3.0,0.0,4.0,0.0,4.0,1.0,1.0,1.0
1631127,2022400419,1612709890,26.0,4.0,13.0,0.0,18.0,10.0,3.0,1.0
1642755,2022400419,1612709890,3.0,1.0,5.0,0.0,8.0,1.0,0.0,0.0
1642496,2022400419,1612709890,6.0,0.0,10.0,3.0,6.0,3.0,0.0,0.0
1630667,2022400419,1612709890,12.0,4.0,4.0,1.0,17.0,4.0,3.0,1.0
1630201,2022400419,1612709890,34.0,3.0,7.0,0.0,24.0,14.0,2.0,1.0
1642563,2022400419,1612709890,6.0,0.0,4.0,0.0,6.0,2.0,1.0,1.0
1642392,2022400419,1612709890,17.0,3.0,5.0,0.0,12.0,7.0,1.0,1.0
1629051,2022400419,1612709890,4.0,2.0,1.0,0.0,6.0,2.0,0.0,0.0
1641988,2022400419,1612709890,0.0,0.0,1.0,1.0,4.0,0.0,0.0,0.0
1641749,2022400419,1612709922,32.0,5.0,5.0,0.0,20.0,13.0,3.0,2.0
1631301,2022400419,1612709922,19.0,2.0,6.0,0.0,9.0,6.0,3.0,3.0
1642531,2022400419,1612709922,2.0,0.0,5.0,1.0,3.0,0.0,1.0,1.0
1641878,2022400419,1612709922,7.0,6.0,5.0,0.0,13.0,3.0,1.0,0.0
1642354,2022400419,1612709922,23.0,2.0,7.0,0.0,17.0,7.0,4.0,3.0
1641799,2022400419,1612709922,5.0,1.0,4.0,0.0,4.0,2.0,0.0,0.0
1642072,2022400419,1612709922,14.0,0.0,10.0,1.0,6.0,5.0,2.0,2.0
1631474,2022400419,1612709922,8.0,7.0,4.0,1.0,10.0,4.0,0.0,0.0
1630640,2022400419,1612709922,5.0,0.0,0.0,1.0,5.0,2.0,0.0,0.0
1630207,2022400420,1612709926,15.0,8.0,6.0,0.0,9.0,6.0,4.0,2.0
1641970,2022400420,1612709926,17.0,1.0,4.0,3.0,9.0,7.0,1.0,1.0
1630654,2022400420,1612709926,26.0,0.0,9.0,1.0,14.0,9.0,7.0,5.0
1630569,2022400420,1612709926,17.0,6.0,5.0,0.0,16.0,7.0,1.0,1.0
1642530,2022400420,1612709926,11.0,8.0,4.0,0.0,8.0,4.0,0.0,0.0
1630525,2022400420,1612709926,14.0,4.0,5.0,2.0,14.0,4.0,3.0,3.0
1641869,2022400420,1612709926,16.0,1.0,2.0,0.0,9.0,7.0,1.0,1.0
1642492,2022400420,1612709926,0.0,0.0,1.0,0.0,0.0,0.0,0.0,0.0
1629666,2022400420,1612709926,2.0,0.0,3.0,0.0,2.0,1.0,0.0,0.0
1631174,2022400420,1612709926,0.0,0.0,3.0,0.0,1.0,0.0,0.0,0.0
1641727,2022400420,1612709921,23.0,2.0,5.0,0.0,17.0,9.0,1.0,0.0
1641787,2022400420,1612709921,17.0,5.0,11.0,0.0,21.0,7.0,2.0,1.0
1631166,2022400420,1612709921,21.0,6.0,7.0,2.0,11.0,9.0,1.0,1.0
1630623,2022400420,1612709921,18.0,4.0,5.0,0.0,11.0,4.0,4.0,4.0
1642011,2022400420,1612709921,16.0,12.0,4.0,0.0,13.0,6.0,0.0,0.0
1642378,2022400420,1612709921,5.0,4.0,0.0,1.0,5.0,2.0,0.0,0.0
1629052,2022400420,1612709921,20.0,2.0,4.0,1.0,8.0,6.0,6.0,4.0
1642573,2022400420,1612709921,0.0,0.0,0.0,0.0,0.0,0.0,0.0,0.0
1630286,2022400420,1612709921,12.0,0.0,2.0,0.0,12.0,5.0,1.0,0.0
1630532,0022401141,1610612753,27.0,5.0,6.0,0.0,17.0,11.0,4.0,4.0
1631094,0022401141,1610612753,34.0,4.0,11.0,1.0,22.0,14.0,2.0,2.0
1628976,0022401141,1610612753,8.0,2.0,4.0,1.0,7.0,3.0,2.0,2.0
203484,0022401141,1610612753,12.0,3.0,3.0,1.0,10.0,5.0,0.0,0.0
202709,0022401141,1610612753,12.0,3.0,6.0,0.0,9.0,4.0,2.0,2.0
1628371,0022401141,1610612753,8.0,1.0,3.0,2.0,3.0,2.0,8.0,4.0
1641724,0022401141,1610612753,0.0,1.0,1.0,0.0,4.0,0.0,0.0,0.0
1641710,0022401141,1610612753,6.0,2.0,1.0,1.0,4.0,2.0,0.0,0.0
1641783,0022401141,1610612753,3.0,1.0,2.0,1.0,5.0,1.0,0.0,0.0
1631216,0022401141,1610612753,3.0,1.0,1.0,0.0,2.0,1.0,0.0,0.0
1629048,0022401141,1610612753,0.0,2.0,1.0,0.0,0.0,0.0,0.0,0.0
1630243,0022401141,1610612753,0.0,0.0,0.0,0.0,0.0,0.0,0.0,0.0
1630530,0022401141,1610612740,17.0,2.0,5.0,0.0,12.0,5.0,6.0,6.0
1629627,0022401141,1610612740,20.0,5.0,8.0,0.0,15.0,8.0,6.0,4.0
1631255,0022401141,1610612740,8.0,1.0,6.0,2.0,8.0,4.0,0.0,0.0
1628971,0022401141,1610612740,0.0,2.0,0.0,1.0,3.0,0.0,0.0,0.0
203468,0022401141,1610612740,9.0,4.0,2.0,0.0,10.0,3.0,2.0,2.0
1641722,0022401141,1610612740,11.0,1.0,0.0,0.0,8.0,4.0,2.0,2.0
1628964,0022401141,1610612740,2.0,1.0,8.0,1.0,3.0,1.0,0.0,0.0
1630631,0022401141,1610612740,12.0,4.0,2.0,0.0,10.0,5.0,1.0,0.0
1630526,0022401141,1610612740,11.0,3.0,6.0,0.0,7.0,4.0,2.0,1.0
1641810,0022401141,1610612740,3.0,0.0,3.0,0.0,3.0,1.0,2.0,1.0
1631288,0022401141,1610612740,0.0,0.0,0.0,0.0,0.0,0.0,0.0,0.0
1629652,0022400946,1610612760,13.0,0.0,4.0,0.0,12.0,5.0,2.0,0.0
1630598,0022400946,1610612760,0.0,1.0,3.0,0.0,9.0,0.0,0.0,0.0
1631096,0022400946,1610612760,23.0,2.0,15.0,1.0,14.0,8.0,7.0,4.0
1641717,0022400946,1610612760,14.0,3.0,4.0,1.0,6.0,5.0,4.0,3.0
1628983,0022400946,1610612760,34.0,7.0,5.0,0.0,20.0,11.0,11.0,10.0
1628392,0022400946,1610612760,11.0,3.0,6.0,0.0,7.0,4.0,4.0,3.0
1629026,0022400946,1610612760,10.0,1.0,4.0,0.0,6.0,3.0,4.0,2.0
1630198,0022400946,1610612760,11.0,2.0,2.0,0.0,7.0,3.0,3.0,3.0
1631172,0022400946,1610612760,2.0,0.0,1.0,0.0,1.0,1.0,0.0,0.0
1627759,0022400946,1610612738,10.0,2.0,5.0,1.0,15.0,5.0,0.0,0.0
1628369,0022400946,1610612738,33.0,8.0,8.0,0.0,23.0,12.0,5.0,5.0
201143,0022400946,1610612738,18.0,6.0,10.0,2.0,14.0,6.0,0.0,0.0
1628401,0022400946,1610612738,22.0,5.0,8.0,3.0,14.0,7.0,3.0,2.0
201950,0022400946,1610612738,9.0,2.0,3.0,0.0,10.0,4.0,0.0,0.0
1630202,0022400946,1610612738,8.0,1.0,1.0,0.0,10.0,3.0,0.0,0.0
1628470,0022400946,1610612738,0.0,0.0,0.0,0.0,1.0,0.0,0.0,0.0
1630573,0022400946,1610612738,3.0,1.0,2.0,0.0,4.0,1.0,0.0,0.0
1628436,0022400946,1610612738,9.0,0.0,4.0,0.0,3.0,3.0,4.0,3.0
1628404,0022400953,1610612752,11.0,9.0,11.0,0.0,14.0,4.0,2.0,1.0
1628384,0022400953,1610612752,23.0,3.0,7.0,1.0,20.0,8.0,6.0,4.0
1626157,0022400953,1610612752,21.0,4.0,7.0,1.0,12.0,8.0,4.0,3.0
1628969,0022400953,1610612752,33.0,4.0,4.0,1.0,21.0,13.0,6.0,5.0
1630540,0022400953,1610612752,11.0,5.0,1.0,2.0,12.0,4.0,0.0,0.0
1629013,0022400953,1610612752,6.0,0.0,2.0,0.0,6.0,3.0,0.0,0.0
1629011,0022400953,1610612752,3.0,1.0,4.0,2.0,1.0,1.0,2.0,1.0
1626166,0022400953,1610612752,6.0,1.0,0.0,0.0,6.0,3.0,0.0,0.0
1630173,0022400953,1610612752,0.0,0.0,2.0,0.0,2.0,0.0,0.0,0.0
1630166,0022400953,1610612757,27.0,5.0,15.0,0.0,18.0,8.0,11.0,7.0
1641739,0022400953,1610612757,14.0,4.0,3.0,0.0,10.0,6.0,0.0,0.0
1642270,0022400953,1610612757,6.0,1.0,12.0,3.0,7.0,3.0,0.0,0.0
1631101,0022400953,1610612757,21.0,2.0,9.0,0.0,18.0,8.0,2.0,2.0
1629014,0022400953,1610612757,6.0,5.0,4.0,0.0,11.0,2.0,0.0,0.0
1630703,0022400953,1610612757,30.0,2.0,3.0,0.0,16.0,10.0,10.0,6.0
1641871,0022400953,1610612757,6.0,1.0,2.0,3.0,6.0,2.0,0.0,0.0
1631133,0022400953,1610612757,0.0,0.0,2.0,0.0,1.0,0.0,0.0,0.0
1631200,0022400953,1610612757,3.0,0.0,2.0,0.0,3.0,1.0,2.0,1.0
1631303,2022400413,1612709933,13.0,1.0,5.0,1.0,13.0,6.0,1.0,0.0
1642412,2022400413,1612709933,6.0,4.0,6.0,0.0,3.0,3.0,0.0,0.0
1630812,2022400413,1612709933,6.0,1.0,6.0,0.0,4.0,2.0,4.0,1.0
1631321,2022400413,1612709933,21.0,0.0,5.0,0.0,13.0,8.0,7.0,3.0
1631121,2022400413,1612709933,34.0,1.0,7.0,0.0,22.0,10.0,10.0,8.0
1630651,2022400413,1612709933,8.0,4.0,6.0,1.0,9.0,4.0,0.0,0.0
1630310,2022400413,1612709933,19.0,6.0,3.0,0.0,21.0,7.0,2.0,2.0
1642568,2022400413,1612709933,2.0,0.0,2.0,0.0,3.0,1.0,0.0,0.0
1641941,2022400413,1612709933,4.0,0.0,1.0,0.0,3.0,2.0,1.0,0.0
1641734,2022400413,1612709893,15.0,3.0,11.0,3.0,16.0,4.0,2.0,2.0
1630624,2022400413,1612709893,28.0,2.0,10.0,0.0,16.0,10.0,3.0,3.0
1641772,2022400413,1612709893,23.0,4.0,7.0,1.0,12.0,7.0,9.0,6.0
1631247,2022400413,1612709893,16.0,10.0,11.0,1.0,10.0,5.0,4.0,3.0
1631262,2022400413,1612709893,28.0,3.0,6.0,0.0,21.0,11.0,4.0,3.0
1631395,2022400413,1612709893,7.0,1.0,3.0,0.0,5.0,3.0,0.0,0.0
1642609,2022400413,1612709893,0.0,0.0,1.0,0.0,1.0,0.0,0.0,0.0
1642619,2022400413,1612709893,3.0,0.0,1.0,0.0,5.0,1.0,0.0,0.0
1631436,2022400413,1612709893,0.0,1.0,3.0,0.0,2.0,0.0,0.0,0.0
203992,0022400948,1610612746,30.0,4.0,10.0,0.0,16.0,11.0,4.0,4.0
201587,0022400948,1610612746,6.0,2.0,2.0,0.0,6.0,2.0,0.0,0.0
1627826,0022400948,1610612746,26.0,1.0,14.0,0.0,16.0,12.0,3.0,2.0
1627739,0022400948,1610612746,4.0,3.0,2.0,0.0,3.0,2.0,0.0,0.0
201935,0022400948,1610612746,24.0,11.0,8.0,0.0,20.0,6.0,13.0,9.0
1627884,0022400948,1610612746,8.0,0.0,4.0,0.0,3.0,3.0,4.0,1.0
1629599,0022400948,1610612746,13.0,1.0,2.0,0.0,7.0,5.0,0.0,0.0
1629234,0022400948,1610612746,6.0,1.0,2.0,0.0,3.0,3.0,0.0,0.0
201988,0022400948,1610612746,0.0,0.0,0.0,0.0,0.0,0.0,0.0,0.0
1641738,0022400948,1610612746,0.0,0.0,1.0,0.0,1.0,0.0,0.0,0.0
1641757,0022400948,1610612746,2.0,1.0,0.0,0.0,1.0,1.0,0.0,0.0
203952,0022400948,1610612748,22.0,5.0,3.0,3.0,17.0,9.0,5.0,2.0
1628389,0022400948,1610612748,6.0,7.0,7.0,0.0,7.0,2.0,2.0,2.0
1642276,0022400948,1610612748,4.0,2.0,7.0,0.0,4.0,2.0,0.0,0.0
1629639,0022400948,1610612748,31.0,7.0,6.0,0.0,23.0,13.0,3.0,3.0
1630558,0022400948,1610612748,6.0,0.0,0.0,0.0,4.0,2.0,2.0,1.0
1629312,0022400948,1610612748,0.0,1.0,3.0,0.0,3.0,0.0,0.0,0.0
1629130,0022400948,1610612748,15.0,0.0,1.0,0.0,9.0,5.0,0.0,0.0
1626179,0022400948,1610612748,7.0,4.0,1.0,0.0,8.0,3.0,0.0,0.0
1631170,0022400948,1610612748,3.0,0.0,1.0,0.0,1.0,1.0,0.0,0.0
1641796,0022400948,1610612748,10.0,1.0,0.0,0.0,8.0,3.0,2.0,2.0
1630182,0022400945,1610612766,2.0,0.0,3.0,0.0,5.0,1.0,0.0,0.0
1628970,0022400945,1610612766,31.0,5.0,11.0,4.0,19.0,11.0,6.0,4.0
1631109,0022400945,1610612766,14.0,2.0,14.0,2.0,9.0,6.0,2.0,2.0
1629610,0022400945,1610612766,20.0,1.0,0.0,2.0,15.0,8.0,0.0,0.0
1630163,0022400945,1610612766,25.0,9.0,2.0,1.0,21.0,6.0,10.0,10.0
1630585,0022400945,1610612766,4.0,5.0,1.0,0.0,6.0,2.0,0.0,0.0
203994,0022400945,1610612766,2.0,0.0,5.0,0.0,2.0,1.0,0.0,0.0
1641733,0022400945,1610612766,7.0,2.0,3.0,0.0,7.0,3.0,0.0,0.0
203552,0022400945,1610612766,0.0,1.0,1.0,0.0,1.0,0.0,0.0,0.0
1631111,0022400945,1610612766,3.0,2.0,2.0,0.0,2.0,1.0,0.0,0.0
1631217,0022400945,1610612766,2.0,2.0,5.0,0.0,1.0,1.0,0.0,0.0
1642258,0022400945,1610612737,8.0,0.0,4.0,1.0,7.0,3.0,0.0,0.0
1631243,0022400945,1610612737,6.0,1.0,3.0,2.0,3.0,2.0,2.0,1.0
1630168,0022400945,1610612737,7.0,1.0,10.0,0.0,12.0,3.0,0.0,0.0
1630700,0022400945,1610612737,10.0,3.0,5.0,2.0,14.0,5.0,0.0,0.0
1629027,0022400945,1610612737,35.0,12.0,7.0,0.0,20.0,7.0,21.0,21.0
1627747,0022400945,1610612737,15.0,2.0,4.0,0.0,9.0,5.0,1.0,1.0
1627777,0022400945,1610612737,12.0,3.0,4.0,0.0,5.0,3.0,4.0,4.0
1631230,0022400945,1610612737,9.0,2.0,3.0,1.0,6.0,2.0,6.0,5.0
1629611,0022400945,1610612737,10.0,2.0,2.0,0.0,8.0,4.0,2.0,1.0
1630249,0022400945,1610612737,11.0,0.0,1.0,0.0,4.0,3.0,3.0,2.0
202691,0022400951,1610612742,12.0,7.0,4.0,0.0,9.0,5.0,0.0,0.0
1630230,0022400951,1610612742,15.0,3.0,3.0,0.0,15.0,7.0,1.0,0.0
1630556,0022400951,1610612742,15.0,0.0,3.0,0.0,8.0,6.0,2.0,1.0
1631108,0022400951,1610612742,6.0,4.0,4.0,0.0,6.0,2.0,0.0,0.0
203957,0022400951,1610612742,17.0,3.0,3.0,0.0,7.0,6.0,3.0,3.0
203915,0022400951,1610612742,14.0,4.0,4.0,0.0,10.0,5.0,2.0,2.0
203939,0022400951,1610612742,11.0,0.0,4.0,0.0,6.0,5.0,1.0,1.0
1630314,0022400951,1610612742,19.0,6.0,3.0,0.0,12.0,6.0,6.0,5.0
1628997,0022400951,1610612742,7.0,3.0,3.0,0.0,8.0,3.0,2.0,1.0
1630170,0022400951,1610612759,16.0,6.0,10.0,1.0,14.0,6.0,2.0,2.0
203084,0022400951,1610612759,14.0,1.0,3.0,0.0,7.0,6.0,2.0,1.0
202687,0022400951,1610612759,4.0,0.0,6.0,1.0,2.0,2.0,0.0,0.0
1628368,0022400951,1610612759,32.0,11.0,9.0,0.0,25.0,12.0,6.0,6.0
101108,0022400951,1610612759,9.0,9.0,2.0,0.0,6.0,3.0,0.0,0.0
1642264,0022400951,1610612759,8.0,1.0,2.0,0.0,7.0,3.0,1.0,1.0
1629640,0022400951,1610612759,18.0,2.0,5.0,0.0,9.0,7.0,4.0,4.0
1630572,0022400951,1610612759,0.0,0.0,1.0,0.0,2.0,0.0,0.0,0.0
1631110,0022400951,1610612759,18.0,2.0,7.0,0.0,13.0,8.0,0.0,0.0
1630577,0022400951,1610612759,7.0,0.0,2.0,0.0,9.0,3.0,1.0,1.0
1641809,2022400417,1612709915,19,6,5,0,15,8,1,1
1642400,2022400417,1612709915,11,1,5,1,7,4,2,2
1630791,2022400417,1612709915,8,1,10,1,8,3,1,1
1642485,2022400417,1612709915,4,0,4,0,4,1,1,1
1631120,2022400417,1612709915,16,5,5,2,13,6,2,2
1642696,2022400417,1612709915,0,1,1,0,2,0,0,0
1630648,2022400417,1612709915,12,1,1,0,7,4,1,1
1642508,2022400417,1612709915,10,1,13,3,7,4,1,1
1630206,2022400417,1612709915,26,0,5,0,20,10,1,1
1641936,2022400417,1612709915,14,2,7,1,16,5,0,0
1630762,2022400417,1612709915,9,1,3,1,6,4,0,0
1629800,2022400417,1612709915,0,0,2,1,0,0,0,0
1642620,2022400417,1612709915,0,0,0,0,1,0,0,0
1641801,2022400417,1612709923,19,3,6,2,16,8,2,2
1630604,2022400417,1612709923,17,1,10,1,15,6,4,2
1641987,2022400417,1612709923,8,2,16,1,9,4,1,0
1631241,2022400417,1612709923,17,5,6,0,15,5,4,2
1642443,2022400417,1612709923,20,6,2,1,21,7,3,3
1630318,2022400417,1612709923,6,1,2,0,6,3,4,0
1631408,2022400417,1612709923,8,1,2,1,7,3,2,1
1630953,2022400417,1612709923,5,3,1,0,5,2,0,0
1628579,2022400417,1612709923,0,0,3,1,2,0,0,0
1629667,2022400412,1612709928,13.0,1.0,8.0,1.0,7.0,6.0,1.0,1.0
1631338,2022400412,1612709928,7.0,2.0,3.0,1.0,4.0,3.0,3.0,1.0
1630550,2022400412,1612709928,21.0,3.0,6.0,1.0,11.0,9.0,2.0,1.0
1642358,2022400412,1612709928,12.0,5.0,2.0,0.0,10.0,5.0,0.0,0.0
1629669,2022400412,1612709928,17.0,7.0,4.0,0.0,11.0,6.0,2.0,2.0
1641778,2022400412,1612709928,4.0,8.0,2.0,1.0,4.0,2.0,0.0,0.0
1630701,2022400412,1612709928,8.0,2.0,2.0,5.0,7.0,2.0,2.0,2.0
1641907,2022400412,1612709928,23.0,3.0,2.0,0.0,13.0,9.0,0.0,0.0
1641732,2022400412,1612709928,3.0,0.0,2.0,0.0,4.0,1.0,0.0,0.0
1630184,2022400412,1612709928,10.0,3.0,5.0,0.0,6.0,4.0,0.0,0.0
1642517,2022400412,1612709932,10.0,0.0,1.0,0.0,8.0,5.0,2.0,0.0
1641752,2022400412,1612709932,14.0,3.0,7.0,2.0,8.0,5.0,3.0,2.0
1642449,2022400412,1612709932,14.0,1.0,9.0,0.0,9.0,5.0,3.0,2.0
1642759,2022400412,1612709932,10.0,2.0,3.0,0.0,10.0,4.0,2.0,1.0
1642450,2022400412,1612709932,14.0,5.0,4.0,1.0,22.0,5.0,0.0,0.0
1642588,2022400412,1612709932,10.0,2.0,11.0,1.0,10.0,5.0,0.0,0.0
1642578,2022400412,1612709932,10.0,1.0,4.0,0.0,6.0,4.0,0.0,0.0
1642676,2022400412,1612709932,12.0,2.0,4.0,0.0,8.0,5.0,3.0,2.0
1642657,2022400412,1612709932,2.0,1.0,3.0,0.0,3.0,0.0,2.0,1.0
1642071,2022400412,1612709932,4.0,2.0,1.0,0.0,6.0,2.0,0.0,0.0
1642500,2022400412,1612709932,0.0,0.0,0.0,0.0,1.0,0.0,0.0,0.0
1631379,2022400412,1612709932,3.0,0.0,0.0,0.0,2.0,1.0,0.0,0.0
1628374,0022400950,1610612762,14.0,0.0,6.0,0.0,14.0,5.0,1.0,1.0
1628381,0022400950,1610612762,22.0,0.0,7.0,0.0,12.0,8.0,7.0,5.0
1631117,0022400950,1610612762,9.0,5.0,14.0,6.0,5.0,4.0,2.0,1.0
1629012,0022400950,1610612762,22.0,7.0,8.0,0.0,17.0,9.0,5.0,3.0
1642268,0022400950,1610612762,11.0,6.0,4.0,0.0,8.0,4.0,4.0,2.0
203903,0022400950,1610612762,12.0,2.0,4.0,0.0,10.0,3.0,5.0,4.0
1642262,0022400950,1610612762,5.0,0.0,6.0,1.0,5.0,2.0,0.0,0.0
1642271,0022400950,1610612762,9.0,3.0,8.0,0.0,7.0,3.0,4.0,3.0
1630231,0022400950,1610612762,0.0,0.0,0.0,0.0,3.0,0.0,0.0,0.0
1641729,0022400950,1610612762,11.0,1.0,3.0,1.0,9.0,4.0,0.0,0.0
1642377,0022400950,1610612763,3.0,2.0,4.0,0.0,7.0,1.0,0.0,0.0
1641713,0022400950,1610612763,8.0,0.0,4.0,0.0,6.0,3.0,0.0,0.0
1641744,0022400950,1610612763,8.0,0.0,4.0,1.0,7.0,4.0,1.0,0.0
1630217,0022400950,1610612763,17.0,9.0,5.0,1.0,14.0,6.0,2.0,2.0
1629630,0022400950,1610612763,28.0,7.0,1.0,0.0,17.0,8.0,11.0,8.0
1630643,0022400950,1610612763,5.0,1.0,4.0,1.0,6.0,2.0,0.0,0.0
1628379,0022400950,1610612763,30.0,1.0,4.0,1.0,14.0,11.0,1.0,1.0
1630590,0022400950,1610612763,11.0,6.0,0.0,1.0,8.0,3.0,4.0,3.0
1631246,0022400950,1610612763,2.0,3.0,3.0,0.0,5.0,1.0,0.0,0.0
1630205,0022400950,1610612763,2.0,0.0,6.0,1.0,3.0,0.0,2.0,2.0
1629634,0022400950,1610612763,8.0,1.0,4.0,0.0,7.0,4.0,0.0,0.0
1642348,0022400947,1610612755,4.0,2.0,1.0,1.0,8.0,2.0,0.0,0.0
1626162,0022400947,1610612755,13.0,0.0,5.0,1.0,12.0,5.0,6.0,3.0
203083,0022400947,1610612755,4.0,1.0,6.0,2.0,6.0,2.0,0.0,0.0
1629656,0022400947,1610612755,29.0,3.0,4.0,2.0,23.0,11.0,6.0,5.0
1630215,0022400947,1610612755,9.0,8.0,6.0,0.0,9.0,3.0,2.0,1.0
1629022,0022400947,1610612755,0.0,0.0,1.0,0.0,0.0,0.0,0.0,0.0
1641741,0022400947,1610612755,11.0,1.0,3.0,0.0,14.0,3.0,4.0,4.0
1630288,0022400947,1610612755,20.0,3.0,2.0,0.0,14.0,9.0,0.0,0.0
1641737,0022400947,1610612755,13.0,1.0,9.0,2.0,7.0,5.0,4.0,3.0
1642024,0022400947,1610612755,2.0,0.0,3.0,3.0,3.0,1.0,0.0,0.0
1631197,0022400947,1610612761,25.0,5.0,12.0,0.0,19.0,9.0,4.0,3.0
1630658,0022400947,1610612761,7.0,2.0,14.0,3.0,8.0,3.0,1.0,1.0
1627751,0022400947,1610612761,9.0,2.0,5.0,2.0,6.0,4.0,1.0,1.0
1642419,0022400947,1610612761,11.0,1.0,8.0,0.0,15.0,4.0,0.0,0.0
1642347,0022400947,1610612761,5.0,5.0,0.0,0.0,6.0,2.0,0.0,0.0
1630639,0022400947,1610612761,28.0,4.0,6.0,0.0,20.0,10.0,6.0,4.0
1631115,0022400947,1610612761,25.0,6.0,12.0,0.0,19.0,9.0,6.0,5.0
202066,0022400947,1610612761,8.0,8.0,2.0,0.0,7.0,3.0,0.0,0.0
1630183,0022400952,1610612750,16.0,1.0,8.0,1.0,13.0,7.0,0.0,0.0
203944,0022400952,1610612750,25.0,3.0,4.0,0.0,12.0,9.0,6.0,4.0
203497,0022400952,1610612750,11.0,3.0,10.0,1.0,8.0,4.0,4.0,3.0
1630162,0022400952,1610612750,29.0,6.0,4.0,0.0,22.0,10.0,5.0,4.0
201144,0022400952,1610612750,8.0,5.0,1.0,0.0,5.0,3.0,1.0,1.0
1629675,0022400952,1610612750,8.0,2.0,5.0,1.0,7.0,3.0,0.0,0.0
1628978,0022400952,1610612750,10.0,6.0,6.0,2.0,10.0,4.0,0.0,0.0
1629638,0022400952,1610612750,3.0,4.0,3.0,0.0,3.0,1.0,0.0,0.0
1641740,0022400952,1610612750,0.0,0.0,0.0,0.0,2.0,0.0,0.0,0.0
1630568,0022400952,1610612750,5.0,0.0,2.0,0.0,5.0,2.0,0.0,0.0
1630545,0022400952,1610612750,0.0,1.0,0.0,0.0,0.0,0.0,0.0,0.0
1642265,0022400952,1610612750,0.0,0.0,2.0,0.0,1.0,0.0,0.0,0.0
1631169,0022400952,1610612750,0.0,0.0,3.0,0.0,2.0,0.0,0.0,0.0
1631128,0022400952,1610612743,6.0,0.0,4.0,0.0,10.0,3.0,2.0,0.0
1629008,0022400952,1610612743,10.0,2.0,9.0,0.0,10.0,3.0,5.0,4.0
203999,0022400952,1610612743,34.0,4.0,8.0,0.0,23.0,13.0,8.0,6.0
201566,0022400952,1610612743,19.0,1.0,4.0,0.0,12.0,8.0,2.0,2.0
1627750,0022400952,1610612743,12.0,8.0,5.0,0.0,15.0,4.0,3.0,3.0
1630192,0022400952,1610612743,0.0,0.0,3.0,2.0,1.0,0.0,0.0,0.0
1629618,0022400952,1610612743,3.0,2.0,2.0,0.0,5.0,1.0,0.0,0.0
1631212,0022400952,1610612743,0.0,1.0,3.0,1.0,4.0,0.0,0.0,0.0
1628427,0022400952,1610612743,0.0,0.0,2.0,0.0,0.0,0.0,0.0,0.0
1641725,0022400952,1610612743,1.0,1.0,0.0,0.0,2.0,0.0,2.0,1.0
1641816,0022400952,1610612743,8.0,0.0,0.0,0.0,5.0,3.0,0.0,0.0
1642461,0022400952,1610612743,0.0,1.0,1.0,1.0,1.0,0.0,0.0,0.0
1641790,0022400952,1610612743,2.0,0.0,1.0,0.0,1.0,1.0,0.0,0.0
1631159,2022400416,1612709911,33.0,4.0,17.0,0.0,24.0,15.0,1.0,1.0
1631211,2022400416,1612709911,9.0,3.0,2.0,0.0,16.0,4.0,0.0,0.0
1642399,2022400416,1612709911,2.0,0.0,3.0,1.0,2.0,1.0,1.0,0.0
1641803,2022400416,1612709911,7.0,7.0,6.0,0.0,9.0,2.0,3.0,2.0
1630219,2022400416,1612709911,11.0,3.0,2.0,0.0,9.0,4.0,0.0,0.0
1641526,2022400416,1612709911,11.0,0.0,2.0,0.0,8.0,4.0,2.0,1.0
1642554,2022400416,1612709911,3.0,5.0,2.0,0.0,8.0,1.0,0.0,0.0
1630705,2022400416,1612709911,11.0,1.0,1.0,1.0,8.0,4.0,0.0,0.0
1641735,2022400416,1612709911,11.0,3.0,2.0,0.0,12.0,5.0,0.0,0.0
1642558,2022400416,1612709911,4.0,1.0,2.0,2.0,2.0,2.0,0.0,0.0
1642046,2022400416,1612709889,12.0,2.0,11.0,0.0,11.0,5.0,0.0,0.0
1631451,2022400416,1612709889,28.0,2.0,4.0,0.0,12.0,11.0,1.0,0.0
1642382,2022400416,1612709889,17.0,4.0,10.0,3.0,14.0,5.0,2.0,2.0
1641794,2022400416,1612709889,12.0,7.0,8.0,0.0,11.0,6.0,1.0,0.0
1642504,2022400416,1612709889,16.0,3.0,2.0,1.0,12.0,5.0,3.0,3.0
1630186,2022400416,1612709889,23.0,4.0,2.0,0.0,17.0,9.0,1.0,1.0
1642502,2022400416,1612709889,5.0,1.0,5.0,3.0,2.0,1.0,2.0,2.0
1631489,2022400416,1612709889,6.0,4.0,5.0,0.0,3.0,1.0,2.0,2.0
1641991,2022400416,1612709889,9.0,3.0,3.0,1.0,7.0,4.0,2.0,0.0
1642637,2022400416,1612709889,2.0,1.0,4.0,0.0,6.0,1.0,0.0,0.0
1642050,2022400414,1612709902,18.0,3.0,8.0,0.0,11.0,5.0,3.0,3.0
1642396,2022400414,1612709902,37.0,0.0,4.0,0.0,19.0,13.0,6.0,3.0
1630296,2022400414,1612709902,26.0,3.0,8.0,1.0,18.0,10.0,4.0,2.0
1641881,2022400414,1612709902,23.0,1.0,2.0,0.0,13.0,8.0,1.0,1.0
1641879,2022400414,1612709902,15.0,11.0,6.0,0.0,13.0,7.0,0.0,0.0
1642429,2022400414,1612709902,7.0,7.0,6.0,0.0,4.0,3.0,0.0,0.0
1642764,2022400414,1612709902,4.0,1.0,1.0,2.0,3.0,2.0,0.0,0.0
1642379,2022400414,1612709902,11.0,7.0,6.0,0.0,5.0,3.0,3.0,2.0
1642679,2022400414,1612709902,4.0,1.0,10.0,1.0,2.0,2.0,0.0,0.0
1642631,2022400414,1612709902,0.0,0.0,0.0,0.0,2.0,0.0,0.0,0.0
1631457,2022400414,1612709925,6.0,2.0,6.0,1.0,6.0,3.0,0.0,0.0
1642066,2022400414,1612709925,23.0,0.0,16.0,1.0,19.0,10.0,1.0,0.0
1641771,2022400414,1612709925,12.0,3.0,7.0,1.0,7.0,4.0,2.0,1.0
1630679,2022400414,1612709925,16.0,2.0,4.0,0.0,14.0,5.0,2.0,2.0
1630644,2022400414,1612709925,25.0,1.0,1.0,0.0,13.0,5.0,8.0,7.0
1629633,2022400414,1612709925,15.0,3.0,5.0,1.0,15.0,5.0,2.0,2.0
1630606,2022400414,1612709925,8.0,4.0,1.0,0.0,12.0,3.0,0.0,0.0
1642235,2022400414,1612709925,2.0,1.0,1.0,0.0,2.0,0.0,2.0,2.0
1626217,2022400414,1612709925,4.0,1.0,4.0,1.0,5.0,2.0,0.0,0.0
1641918,2022400414,1612709925,0.0,1.0,0.0,0.0,1.0,0.0,0.0,0.0
1630678,2022400415,1612709914,21.0,4.0,5.0,2.0,22.0,9.0,0.0,0.0
1641926,2022400415,1612709914,16.0,2.0,9.0,0.0,15.0,6.0,0.0,0.0
1627746,2022400415,1612709914,23.0,1.0,8.0,1.0,13.0,8.0,3.0,3.0
1630222,2022400415,1612709914,16.0,8.0,7.0,0.0,14.0,7.0,2.0,0.0
1631399,2022400415,1612709914,9.0,8.0,3.0,0.0,9.0,3.0,1.0,1.0
1626184,2022400415,1612709914,19.0,5.0,2.0,0.0,9.0,5.0,4.0,3.0
1628968,2022400415,1612709914,2.0,0.0,7.0,1.0,4.0,1.0,0.0,0.0
1642606,2022400415,1612709914,8.0,1.0,7.0,0.0,4.0,4.0,0.0,0.0
1642428,2022400415,1612709914,0.0,1.0,1.0,0.0,2.0,0.0,0.0,0.0
1628432,2022400415,1612709913,10.0,2.0,7.0,2.0,13.0,3.0,1.0,1.0
1630342,2022400415,1612709913,21.0,1.0,0.0,0.0,15.0,9.0,0.0,0.0
1642490,2022400415,1612709913,14.0,2.0,13.0,0.0,15.0,6.0,2.0,1.0
1631311,2022400415,1612709913,22.0,10.0,8.0,0.0,18.0,9.0,2.0,1.0
1630622,2022400415,1612709913,37.0,7.0,8.0,0.0,21.0,13.0,3.0,2.0
1629955,2022400415,1612709913,3.0,1.0,4.0,0.0,4.0,1.0,0.0,0.0
1631462,2022400415,1612709913,10.0,1.0,4.0,0.0,7.0,3.0,1.0,1.0
1630272,2022400415,1612709913,2.0,3.0,2.0,0.0,1.0,1.0,0.0,0.0
1626220,0022400949,1610612756,2.0,8.0,4.0,1.0,6.0,1.0,0.0,0.0
201142,0022400949,1610612756,19.0,0.0,7.0,1.0,12.0,8.0,2.0,1.0
203486,0022400949,1610612756,4.0,0.0,6.0,0.0,2.0,2.0,0.0,0.0
203078,0022400949,1610612756,25.0,3.0,0.0,0.0,14.0,9.0,7.0,7.0
1626164,0022400949,1610612756,19.0,4.0,3.0,0.0,15.0,7.0,5.0,3.0
1629626,0022400949,1610612756,7.0,1.0,3.0,0.0,7.0,2.0,2.0,2.0
1626145,0022400949,1610612756,11.0,4.0,4.0,0.0,8.0,4.0,0.0,0.0
1642345,0022400949,1610612756,8.0,0.0,6.0,4.0,4.0,4.0,0.0,0.0
1642346,0022400949,1610612756,4.0,0.0,2.0,2.0,3.0,1.0,2.0,1.0
1631221,0022400949,1610612756,2.0,2.0,2.0,0.0,0.0,0.0,2.0,2.0
1631102,0022400949,1610612756,0.0,0.0,0.0,0.0,1.0,0.0,0.0,0.0
1627814,0022400949,1610612756,3.0,0.0,0.0,0.0,1.0,1.0,0.0,0.0
1631106,0022400949,1610612745,15.0,1.0,10.0,2.0,13.0,6.0,2.0,1.0
1628415,0022400949,1610612745,19.0,4.0,1.0,0.0,14.0,8.0,3.0,1.0
1630578,0022400949,1610612745,20.0,7.0,4.0,0.0,7.0,7.0,6.0,5.0
1630224,0022400949,1610612745,29.0,4.0,7.0,0.0,16.0,8.0,11.0,10.0
1627832,0022400949,1610612745,10.0,4.0,2.0,0.0,9.0,4.0,0.0,0.0
1631095,0022400949,1610612745,8.0,3.0,4.0,0.0,12.0,4.0,0.0,0.0
203500,0022400949,1610612745,1.0,1.0,4.0,0.0,1.0,0.0,2.0,1.0
201145,0022400949,1610612745,0.0,0.0,1.0,0.0,2.0,0.0,0.0,0.0
1628988,0022400949,1610612745,6.0,0.0,1.0,1.0,6.0,2.0,0.0,0.0
1641715,0022400949,1610612745,0.0,0.0,1.0,0.0,5.0,0.0,0.0,0.0
1629111,0022400949,1610612745,3.0,1.0,3.0,0.0,3.0,1.0,1.0,1.0
1630256,0022400949,1610612745,0.0,0.0,0.0,0.0,0.0,0.0,0.0,0.0
1631466,0022400949,1610612745,0.0,0.0,0.0,0.0,0.0,0.0,0.0,0.0
1641864,2022400409,1612709903,11.0,2.0,5.0,0.0,10.0,3.0,1.0,1.0
1630695,2022400409,1612709903,16.0,6.0,13.0,0.0,13.0,5.0,4.0,3.0
1631131,2022400409,1612709903,9.0,3.0,9.0,2.0,7.0,4.0,2.0,1.0
1641795,2022400409,1612709903,13.0,7.0,2.0,0.0,10.0,6.0,0.0,0.0
1641989,2022400409,1612709903,44.0,2.0,2.0,0.0,22.0,13.0,5.0,5.0
1641863,2022400409,1612709903,6.0,1.0,6.0,0.0,10.0,3.0,0.0,0.0
1630546,2022400409,1612709903,17.0,6.0,3.0,0.0,16.0,6.0,0.0,0.0
1642640,2022400409,1612709903,5.0,1.0,1.0,0.0,5.0,2.0,0.0,0.0
1642405,2022400409,1612709903,0.0,0.0,2.0,0.0,1.0,0.0,0.0,0.0
1630207,2022400409,1612709926,14.0,1.0,13.0,0.0,12.0,6.0,2.0,2.0
1641970,2022400409,1612709926,8.0,2.0,1.0,1.0,5.0,3.0,2.0,2.0
1630654,2022400409,1612709926,9.0,2.0,7.0,2.0,17.0,4.0,0.0,0.0
1630569,2022400409,1612709926,17.0,7.0,5.0,0.0,13.0,7.0,0.0,0.0
1642530,2022400409,1612709926,16.0,15.0,5.0,0.0,13.0,6.0,0.0,0.0
1630525,2022400409,1612709926,27.0,1.0,4.0,1.0,16.0,8.0,2.0,2.0
1641869,2022400409,1612709926,11.0,5.0,6.0,0.0,9.0,5.0,1.0,0.0
1641938,2022400409,1612709926,13.0,1.0,2.0,1.0,6.0,4.0,1.0,1.0
1642492,2022400409,1612709926,4.0,0.0,2.0,0.0,2.0,2.0,0.0,0.0
202695,0022400943,1610612746,29.0,3.0,8.0,1.0,20.0,12.0,3.0,1.0
201587,0022400943,1610612746,8.0,0.0,2.0,2.0,9.0,3.0,0.0,0.0
1627826,0022400943,1610612746,19.0,5.0,11.0,4.0,12.0,9.0,2.0,1.0
1627739,0022400943,1610612746,11.0,5.0,3.0,0.0,11.0,5.0,0.0,0.0
201935,0022400943,1610612746,25.0,17.0,4.0,0.0,15.0,6.0,9.0,9.0
203992,0022400943,1610612746,8.0,1.0,2.0,0.0,9.0,3.0,1.0,1.0
1629599,0022400943,1610612746,9.0,1.0,1.0,0.0,8.0,4.0,0.0,0.0
1627884,0022400943,1610612746,11.0,1.0,3.0,1.0,7.0,4.0,3.0,2.0
1641738,0022400943,1610612746,0.0,1.0,0.0,0.0,1.0,0.0,0.0,0.0
1630530,0022400943,1610612740,21.0,3.0,4.0,0.0,19.0,8.0,2.0,2.0
1629627,0022400943,1610612740,22.0,12.0,10.0,1.0,13.0,8.0,6.0,6.0
1642274,0022400943,1610612740,9.0,1.0,8.0,2.0,6.0,3.0,5.0,3.0
1628971,0022400943,1610612740,12.0,5.0,5.0,0.0,9.0,5.0,1.0,1.0
203468,0022400943,1610612740,23.0,7.0,3.0,0.0,16.0,8.0,2.0,2.0
1641722,0022400943,1610612740,11.0,1.0,3.0,1.0,7.0,4.0,0.0,0.0
1631255,0022400943,1610612740,15.0,1.0,4.0,2.0,7.0,6.0,2.0,2.0
1628964,0022400943,1610612740,0.0,0.0,7.0,1.0,2.0,0.0,0.0,0.0
1630631,0022400943,1610612740,14.0,4.0,2.0,0.0,6.0,5.0,0.0,0.0
1642280,2022400408,1612709924,8.0,2.0,7.0,0.0,11.0,3.0,1.0,1.0
1631116,2022400408,1612709924,27.0,7.0,5.0,1.0,16.0,10.0,2.0,1.0
1641862,2022400408,1612709924,2.0,1.0,5.0,0.0,2.0,1.0,0.0,0.0
1642353,2022400408,1612709924,21.0,4.0,7.0,2.0,17.0,8.0,3.0,2.0
1630618,2022400408,1612709924,22.0,7.0,4.0,0.0,19.0,8.0,3.0,2.0
1631167,2022400408,1612709924,30.0,3.0,7.0,0.0,20.0,10.0,1.0,1.0
1631286,2022400408,1612709924,4.0,3.0,5.0,0.0,5.0,2.0,0.0,0.0
1642669,2022400408,1612709924,2.0,0.0,1.0,0.0,2.0,1.0,0.0,0.0
1642584,2022400408,1612709924,2.0,2.0,1.0,0.0,2.0,1.0,0.0,0.0
1642522,2022400408,1612709924,0.0,0.0,0.0,0.0,0.0,0.0,0.0,0.0
1630528,2022400408,1612709904,29.0,4.0,1.0,1.0,20.0,11.0,4.0,3.0
1629642,2022400408,1612709904,23.0,3.0,11.0,1.0,14.0,10.0,1.0,1.0
1642013,2022400408,1612709904,22.0,2.0,9.0,2.0,22.0,9.0,2.0,1.0
1631214,2022400408,1612709904,16.0,13.0,9.0,2.0,16.0,6.0,3.0,2.0
1641985,2022400408,1612709904,3.0,4.0,0.0,0.0,3.0,1.0,0.0,0.0
1641915,2022400408,1612709904,13.0,1.0,6.0,0.0,7.0,5.0,1.0,1.0
1642514,2022400408,1612709904,6.0,0.0,1.0,0.0,2.0,2.0,1.0,1.0
1642550,2022400408,1612709904,2.0,4.0,3.0,0.0,3.0,1.0,0.0,0.0
1642628,2022400408,1612709904,4.0,0.0,1.0,1.0,3.0,2.0,0.0,0.0
1642552,2022400408,1612709904,3.0,0.0,2.0,1.0,1.0,1.0,1.0,0.0
1630667,2022400410,1612709890,23.0,2.0,4.0,0.0,17.0,9.0,0.0,0.0
1642755,2022400410,1612709890,14.0,3.0,3.0,0.0,14.0,5.0,1.0,1.0
1642496,2022400410,1612709890,2.0,0.0,6.0,1.0,2.0,1.0,1.0,0.0
1630201,2022400410,1612709890,30.0,7.0,6.0,0.0,15.0,10.0,3.0,3.0
1631127,2022400410,1612709890,12.0,2.0,11.0,2.0,9.0,4.0,5.0,4.0
1629051,2022400410,1612709890,10.0,0.0,6.0,0.0,8.0,3.0,4.0,3.0
1642563,2022400410,1612709890,4.0,1.0,17.0,1.0,1.0,1.0,2.0,1.0
1642392,2022400410,1612709890,8.0,3.0,3.0,0.0,9.0,3.0,2.0,1.0
1641988,2022400410,1612709890,6.0,0.0,0.0,0.0,5.0,2.0,2.0,1.0
1642357,2022400410,1612709931,25.0,5.0,10.0,1.0,24.0,8.0,6.0,6.0
1641825,2022400410,1612709931,24.0,2.0,6.0,0.0,18.0,10.0,2.0,0.0
1642527,2022400410,1612709931,11.0,3.0,2.0,0.0,8.0,3.0,1.0,1.0
1642714,2022400410,1612709931,19.0,7.0,2.0,0.0,13.0,7.0,2.0,2.0
1629308,2022400410,1612709931,9.0,4.0,4.0,0.0,11.0,4.0,0.0,0.0
1642524,2022400410,1612709931,3.0,0.0,2.0,0.0,4.0,1.0,1.0,0.0
1642128,2022400410,1612709931,0.0,0.0,0.0,0.0,2.0,0.0,0.0,0.0
1631305,2022400410,1612709931,0.0,0.0,5.0,0.0,2.0,0.0,0.0,0.0
1642525,2022400410,1612709931,5.0,1.0,3.0,0.0,4.0,2.0,0.0,0.0
1629098,2022400411,1612709908,29.0,0.0,1.0,0.0,19.0,12.0,0.0,0.0
1631257,2022400411,1612709908,11.0,2.0,3.0,0.0,8.0,4.0,2.0,2.0
1642368,2022400411,1612709908,14.0,2.0,13.0,4.0,7.0,6.0,1.0,1.0
1641999,2022400411,1612709908,0.0,4.0,1.0,0.0,1.0,0.0,0.0,0.0
1630227,2022400411,1612709908,24.0,11.0,11.0,0.0,22.0,8.0,6.0,3.0
1631223,2022400411,1612709908,6.0,5.0,6.0,0.0,9.0,2.0,0.0,0.0
1641806,2022400411,1612709908,4.0,4.0,2.0,0.0,7.0,2.0,0.0,0.0
1642591,2022400411,1612709908,8.0,0.0,1.0,0.0,4.0,3.0,0.0,0.0
1642592,2022400411,1612709908,14.0,0.0,3.0,0.0,9.0,5.0,1.0,1.0
1642516,2022400411,1612709908,6.0,1.0,6.0,2.0,9.0,3.0,0.0,0.0
1629729,2022400411,1612709908,2.0,1.0,0.0,0.0,2.0,1.0,0.0,0.0
1642473,2022400411,1612709934,17.0,5.0,3.0,1.0,14.0,6.0,2.0,1.0
1641779,2022400411,1612709934,17.0,2.0,3.0,0.0,9.0,4.0,4.0,4.0
1629603,2022400411,1612709934,12.0,4.0,3.0,4.0,6.0,5.0,0.0,0.0
1631455,2022400411,1612709934,29.0,3.0,4.0,0.0,17.0,8.0,6.0,6.0
1642607,2022400411,1612709934,19.0,9.0,5.0,0.0,12.0,6.0,4.0,3.0
1642487,2022400411,1612709934,8.0,1.0,7.0,1.0,7.0,4.0,1.0,0.0
1628778,2022400411,1612709934,17.0,0.0,5.0,0.0,14.0,6.0,2.0,2.0
1629993,2022400411,1612709934,0.0,0.0,2.0,0.0,0.0,0.0,0.0,0.0
1630321,2022400411,1612709934,4.0,1.0,1.0,2.0,4.0,1.0,1.0,1.0
1641727,2022400405,1612709921,9.0,1.0,5.0,0.0,10.0,3.0,1.0,1.0
1641787,2022400405,1612709921,13.0,1.0,5.0,1.0,10.0,5.0,1.0,1.0
1631166,2022400405,1612709921,40.0,4.0,12.0,1.0,24.0,15.0,3.0,3.0
1642011,2022400405,1612709921,10.0,10.0,7.0,0.0,11.0,5.0,0.0,0.0
1630623,2022400405,1612709921,12.0,3.0,1.0,0.0,15.0,5.0,1.0,0.0
1642378,2022400405,1612709921,5.0,2.0,1.0,0.0,11.0,2.0,0.0,0.0
1629052,2022400405,1612709921,3.0,2.0,4.0,0.0,9.0,1.0,0.0,0.0
1630286,2022400405,1612709921,0.0,0.0,2.0,0.0,3.0,0.0,0.0,0.0
1642573,2022400405,1612709921,0.0,0.0,3.0,0.0,1.0,0.0,0.0,0.0
1630697,2022400405,1612709921,0.0,0.0,1.0,0.0,0.0,0.0,2.0,0.0
1641893,2022400405,1612709921,1.0,0.0,1.0,0.0,0.0,0.0,2.0,1.0
1629643,2022400405,1612709919,17.0,10.0,6.0,0.0,13.0,5.0,3.0,2.0
1641755,2022400405,1612709919,8.0,2.0,4.0,2.0,8.0,3.0,2.0,1.0
1629650,2022400405,1612709919,28.0,2.0,15.0,2.0,18.0,13.0,3.0,1.0
1642486,2022400405,1612709919,8.0,3.0,2.0,0.0,10.0,4.0,0.0,0.0
203933,2022400405,1612709919,11.0,10.0,12.0,1.0,5.0,4.0,0.0,0.0
1642359,2022400405,1612709919,14.0,0.0,5.0,1.0,9.0,5.0,1.0,1.0
1641924,2022400405,1612709919,13.0,4.0,5.0,0.0,7.0,4.0,3.0,2.0
1630733,2022400405,1612709919,5.0,0.0,3.0,0.0,6.0,1.0,1.0,1.0
1641830,2022400405,1612709919,6.0,0.0,5.0,1.0,6.0,3.0,0.0,0.0
1631499,2022400405,1612709919,0.0,0.0,1.0,0.0,0.0,0.0,0.0,0.0
1642028,2022400405,1612709919,0.0,0.0,1.0,0.0,0.0,0.0,0.0,0.0
1630551,0022400941,1610612764,5.0,1.0,8.0,1.0,8.0,2.0,0.0,0.0
203114,0022400941,1610612764,8.0,0.0,3.0,0.0,9.0,3.0,2.0,2.0
1642259,0022400941,1610612764,8.0,2.0,7.0,1.0,9.0,2.0,6.0,3.0
1642273,0022400941,1610612764,12.0,2.0,5.0,1.0,9.0,4.0,2.0,2.0
1629673,0022400941,1610612764,15.0,3.0,5.0,0.0,15.0,5.0,2.0,2.0
1630557,0022400941,1610612764,10.0,3.0,6.0,0.0,9.0,3.0,3.0,3.0
1642267,0022400941,1610612764,15.0,3.0,3.0,0.0,11.0,6.0,0.0,0.0
1626158,0022400941,1610612764,14.0,2.0,8.0,0.0,10.0,6.0,2.0,2.0
203935,0022400941,1610612764,16.0,2.0,2.0,1.0,10.0,6.0,3.0,2.0
1630264,0022400941,1610612764,0.0,2.0,0.0,0.0,1.0,0.0,0.0,0.0
1641732,0022400941,1610612764,0.0,0.0,0.0,0.0,0.0,0.0,0.0,0.0
1641798,0022400941,1610612764,0.0,0.0,0.0,0.0,1.0,0.0,0.0,0.0
1641709,0022400941,1610612765,8.0,1.0,5.0,2.0,8.0,3.0,2.0,2.0
202699,0022400941,1610612765,12.0,1.0,8.0,0.0,12.0,5.0,0.0,0.0
1631105,0022400941,1610612765,15.0,0.0,13.0,2.0,11.0,7.0,2.0,1.0
203501,0022400941,1610612765,11.0,1.0,4.0,0.0,8.0,3.0,3.0,2.0
1630595,0022400941,1610612765,27.0,10.0,8.0,0.0,23.0,11.0,5.0,4.0
1627736,0022400941,1610612765,14.0,2.0,4.0,0.0,10.0,5.0,0.0,0.0
203471,0022400941,1610612765,11.0,4.0,1.0,1.0,11.0,4.0,2.0,1.0
1631323,0022400941,1610612765,8.0,2.0,5.0,0.0,5.0,3.0,0.0,0.0
1630191,0022400941,1610612765,7.0,4.0,7.0,0.0,6.0,3.0,1.0,1.0
1641842,0022400941,1610612765,4.0,2.0,4.0,0.0,7.0,2.0,0.0,0.0
1631204,0022400941,1610612765,0.0,1.0,0.0,0.0,0.0,0.0,0.0,0.0
1630194,0022400941,1610612765,0.0,0.0,2.0,0.0,1.0,0.0,0.0,0.0
1630322,0022400941,1610612765,6.0,1.0,0.0,0.0,2.0,2.0,0.0,0.0
1641799,2022400407,1612709922,14,5,14,1,14,7,0,0
1641749,2022400407,1612709922,26,3,6,0,19,10,2,2
1642531,2022400407,1612709922,16,0,11,1,10,6,3,2
1631301,2022400407,1612709922,17,4,4,0,10,4,4,3
1642354,2022400407,1612709922,15,8,5,0,14,3,6,5
1630640,2022400407,1612709922,4,1,2,1,11,2,0,0
1642072,2022400407,1612709922,8,0,5,0,5,4,3,0
1631474,2022400407,1612709922,4,4,5,0,4,1,1,1
1642045,2022400407,1612709922,0,0,0,0,1,0,0,0
1631457,2022400407,1612709925,5,1,8,0,4,2,0,0
1642066,2022400407,1612709925,19,1,1,0,9,7,1,1
1641771,2022400407,1612709925,26,5,11,2,13,9,5,3
1630679,2022400407,1612709925,17,4,5,0,10,4,6,4
1630644,2022400407,1612709925,15,7,2,0,15,6,2,1
1629633,2022400407,1612709925,14,4,6,2,11,6,0,0
1642235,2022400407,1612709925,3,3,4,0,2,1,0,0
1630606,2022400407,1612709925,11,7,0,0,12,2,3,3
1626217,2022400407,1612709925,6,1,3,1,2,1,3,2
1641918,2022400407,1612709925,2,0,2,0,2,1,0,0
1642365,2022400406,1612709929,15,2,7,1,13,5,2,2
1631210,2022400406,1612709929,32,4,6,0,18,10,9,7
1641792,2022400406,1612709929,0,0,0,0,0,0,0,0
1630275,2022400406,1612709929,20,4,8,1,16,9,0,0
1642605,2022400406,1612709929,17,16,4,1,10,7,0,0
1641934,2022400406,1612709929,10,1,4,1,6,4,2,2
1631342,2022400406,1612709929,7,4,6,0,12,3,1,0
1641935,2022400406,1612709929,10,5,8,0,10,4,0,0
1641848,2022400406,1612709929,6,1,5,2,8,3,0,0
1628387,2022400406,1612709929,7,0,2,2,4,3,0,0
1631198,2022400406,1612709909,8,2,6,1,13,4,1,0
1641823,2022400406,1612709909,16,5,11,3,11,6,2,0
1630600,2022400406,1612709909,24,4,7,1,19,9,3,3
1628876,2022400406,1612709909,4,4,6,0,6,2,0,0
1641720,2022400406,1612709909,33,5,4,0,26,14,1,1
1627775,2022400406,1612709909,15,2,4,1,11,6,0,0
1631171,2022400406,1612709909,13,1,7,2,10,5,0,0
1630218,2022400406,1612709909,7,4,4,1,7,3,0,0
1629661,0022400940,1610612751,17.0,5.0,5.0,1.0,10.0,6.0,2.0,2.0
1630533,0022400940,1610612751,14.0,3.0,6.0,0.0,11.0,5.0,0.0,0.0
1629651,0022400940,1610612751,9.0,4.0,4.0,2.0,8.0,4.0,2.0,1.0
1630560,0022400940,1610612751,27.0,3.0,1.0,0.0,22.0,10.0,3.0,3.0
1630553,0022400940,1610612751,1.0,2.0,7.0,0.0,4.0,0.0,2.0,1.0
1630570,0022400940,1610612751,2.0,6.0,5.0,0.0,3.0,1.0,0.0,0.0
1630549,0022400940,1610612751,8.0,2.0,7.0,0.0,6.0,4.0,0.0,0.0
1631213,0022400940,1610612751,5.0,2.0,2.0,0.0,8.0,2.0,0.0,0.0
1630592,0022400940,1610612751,9.0,3.0,0.0,0.0,5.0,3.0,3.0,2.0
1641730,0022400940,1610612751,12.0,1.0,1.0,0.0,7.0,4.0,2.0,1.0
1630171,0022400940,1610612739,6.0,0.0,5.0,0.0,10.0,3.0,2.0,0.0
1630596,0022400940,1610612739,21.0,6.0,9.0,1.0,13.0,9.0,2.0,2.0
1628386,0022400940,1610612739,23.0,1.0,13.0,3.0,12.0,7.0,11.0,9.0
1629622,0022400940,1610612739,10.0,4.0,5.0,0.0,10.0,2.0,4.0,4.0
1629636,0022400940,1610612739,30.0,8.0,4.0,0.0,24.0,11.0,5.0,5.0
1630241,0022400940,1610612739,6.0,0.0,6.0,0.0,7.0,2.0,1.0,1.0
1629731,0022400940,1610612739,3.0,1.0,1.0,0.0,4.0,1.0,0.0,0.0
1641854,0022400940,1610612739,7.0,3.0,4.0,0.0,6.0,3.0,0.0,0.0
1629750,0022400940,1610612739,3.0,0.0,1.0,0.0,3.0,1.0,0.0,0.0
1628398,0022400942,1610612749,9.0,2.0,4.0,0.0,9.0,4.0,2.0,1.0
203507,0022400942,1610612749,19.0,7.0,17.0,1.0,14.0,9.0,3.0,1.0
201572,0022400942,1610612749,23.0,1.0,7.0,0.0,11.0,9.0,3.0,3.0
1627752,0022400942,1610612749,18.0,3.0,6.0,0.0,16.0,7.0,0.0,0.0
203081,0022400942,1610612749,15.0,11.0,3.0,0.0,14.0,4.0,6.0,5.0
1629645,0022400942,1610612749,9.0,4.0,2.0,0.0,5.0,2.0,5.0,4.0
1631260,0022400942,1610612749,6.0,4.0,1.0,0.0,5.0,2.0,0.0,0.0
1630579,0022400942,1610612749,6.0,0.0,3.0,1.0,3.0,3.0,0.0,0.0
1629018,0022400942,1610612749,9.0,0.0,1.0,0.0,7.0,3.0,0.0,0.0
1630174,0022400942,1610612754,9.0,1.0,4.0,0.0,11.0,4.0,0.0,0.0
1627783,0022400942,1610612754,25.0,5.0,12.0,0.0,15.0,10.0,3.0,2.0
1626167,0022400942,1610612754,13.0,2.0,6.0,2.0,12.0,5.0,3.0,2.0
1629614,0022400942,1610612754,12.0,3.0,2.0,0.0,6.0,4.0,3.0,2.0
1630169,0022400942,1610612754,14.0,10.0,3.0,0.0,12.0,5.0,2.0,2.0
1628418,0022400942,1610612754,10.0,0.0,3.0,0.0,7.0,4.0,2.0,1.0
1631097,0022400942,1610612754,17.0,1.0,4.0,0.0,12.0,5.0,4.0,4.0
204456,0022400942,1610612754,12.0,7.0,2.0,1.0,9.0,6.0,0.0,0.0
1641767,0022400942,1610612754,0.0,1.0,1.0,0.0,1.0,0.0,0.0,0.0
1630167,0022400942,1610612754,3.0,0.0,0.0,0.0,2.0,1.0,1.0,1.0
1628396,0022400942,1610612754,0.0,0.0,1.0,0.0,0.0,0.0,0.0,0.0
1630532,0022400934,1610612753,15.0,5.0,7.0,0.0,17.0,6.0,4.0,3.0
1631094,0022400934,1610612753,25.0,3.0,5.0,1.0,23.0,10.0,4.0,3.0
1628976,0022400934,1610612753,8.0,1.0,12.0,1.0,8.0,2.0,3.0,3.0
203484,0022400934,1610612753,0.0,0.0,1.0,0.0,0.0,0.0,0.0,0.0
1630175,0022400934,1610612753,9.0,3.0,4.0,0.0,13.0,4.0,0.0,0.0
1641710,0022400934,1610612753,3.0,2.0,2.0,0.0,4.0,0.0,4.0,3.0
1631216,0022400934,1610612753,5.0,0.0,0.0,0.0,2.0,1.0,3.0,3.0
1629048,0022400934,1610612753,4.0,0.0,2.0,2.0,2.0,1.0,2.0,1.0
203914,0022400934,1610612753,3.0,1.0,1.0,0.0,3.0,1.0,0.0,0.0
1641783,0022400934,1610612753,0.0,0.0,1.0,0.0,3.0,0.0,0.0,0.0
1628371,0022400934,1610612753,8.0,0.0,3.0,1.0,4.0,2.0,2.0,2.0
1630243,0022400934,1610612753,4.0,0.0,3.0,0.0,4.0,1.0,2.0,2.0
1641724,0022400934,1610612753,0.0,0.0,1.0,0.0,3.0,0.0,0.0,0.0
1631106,0022400934,1610612745,6.0,2.0,7.0,1.0,12.0,3.0,0.0,0.0
1631095,0022400934,1610612745,20.0,0.0,7.0,1.0,13.0,5.0,7.0,5.0
1630578,0022400934,1610612745,14.0,4.0,14.0,1.0,9.0,5.0,4.0,3.0
1628415,0022400934,1610612745,17.0,1.0,4.0,0.0,21.0,7.0,0.0,0.0
1630224,0022400934,1610612745,15.0,8.0,7.0,0.0,18.0,6.0,0.0,0.0
201145,0022400934,1610612745,9.0,0.0,4.0,0.0,7.0,3.0,0.0,0.0
203500,0022400934,1610612745,11.0,1.0,17.0,0.0,6.0,5.0,3.0,1.0
1628988,0022400934,1610612745,5.0,4.0,1.0,0.0,3.0,1.0,4.0,2.0
1630256,0022400934,1610612745,0.0,0.0,0.0,1.0,0.0,0.0,0.0,0.0
1631466,0022400934,1610612745,0.0,0.0,0.0,0.0,0.0,0.0,0.0,0.0
1641715,0022400934,1610612745,0.0,0.0,1.0,0.0,0.0,0.0,0.0,0.0
1629111,0022400934,1610612745,0.0,0.0,1.0,0.0,0.0,0.0,0.0,0.0
1630219,2022400403,1612709911,8.0,3.0,2.0,0.0,5.0,3.0,0.0,0.0
1631159,2022400403,1612709911,15.0,4.0,7.0,1.0,15.0,5.0,3.0,2.0
1642399,2022400403,1612709911,6.0,2.0,10.0,2.0,6.0,3.0,2.0,0.0
1631211,2022400403,1612709911,20.0,1.0,1.0,0.0,13.0,8.0,0.0,0.0
1641803,2022400403,1612709911,8.0,6.0,4.0,0.0,7.0,0.0,6.0,4.0
1630705,2022400403,1612709911,5.0,2.0,3.0,0.0,7.0,2.0,0.0,0.0
1642558,2022400403,1612709911,4.0,1.0,7.0,1.0,5.0,2.0,0.0,0.0
1642554,2022400403,1612709911,11.0,2.0,2.0,0.0,14.0,4.0,2.0,1.0
1641526,2022400403,1612709911,13.0,0.0,3.0,0.0,8.0,4.0,2.0,2.0
1641909,2022400403,1612709911,3.0,1.0,0.0,1.0,3.0,1.0,0.0,0.0
1642442,2022400403,1612709911,0.0,0.0,0.0,0.0,1.0,0.0,0.0,0.0
1641794,2022400403,1612709889,7.0,8.0,6.0,2.0,9.0,2.0,2.0,2.0
1631451,2022400403,1612709889,24.0,3.0,6.0,0.0,11.0,9.0,1.0,1.0
1642382,2022400403,1612709889,15.0,4.0,9.0,4.0,11.0,5.0,2.0,2.0
1641745,2022400403,1612709889,31.0,5.0,7.0,0.0,20.0,10.0,2.0,2.0
1642504,2022400403,1612709889,9.0,1.0,6.0,0.0,8.0,3.0,1.0,1.0
1630186,2022400403,1612709889,18.0,1.0,5.0,0.0,14.0,8.0,0.0,0.0
1642502,2022400403,1612709889,4.0,2.0,8.0,2.0,5.0,2.0,1.0,0.0
1642046,2022400403,1612709889,11.0,2.0,6.0,2.0,11.0,4.0,1.0,1.0
1631489,2022400403,1612709889,2.0,1.0,6.0,0.0,4.0,1.0,0.0,0.0
1641991,2022400403,1612709889,2.0,3.0,1.0,0.0,2.0,1.0,0.0,0.0
1642637,2022400403,1612709889,0.0,0.0,0.0,0.0,1.0,0.0,0.0,0.0
1631128,0022400936,1610612743,14.0,5.0,5.0,1.0,11.0,4.0,4.0,4.0
1629008,0022400936,1610612743,17.0,2.0,6.0,0.0,12.0,7.0,0.0,0.0
203999,0022400936,1610612743,35.0,8.0,18.0,1.0,20.0,15.0,5.0,4.0
201566,0022400936,1610612743,16.0,7.0,5.0,1.0,10.0,6.0,2.0,1.0
1627750,0022400936,1610612743,34.0,6.0,4.0,0.0,22.0,11.0,9.0,9.0
1631212,0022400936,1610612743,16.0,0.0,1.0,2.0,7.0,6.0,0.0,0.0
1630192,0022400936,1610612743,0.0,3.0,3.0,0.0,0.0,0.0,0.0,0.0
1629618,0022400936,1610612743,8.0,1.0,1.0,0.0,4.0,3.0,0.0,0.0
1631114,0022400936,1610612760,12.0,6.0,2.0,0.0,10.0,5.0,2.0,1.0
1631096,0022400936,1610612760,8.0,1.0,4.0,2.0,11.0,3.0,3.0,2.0
1628392,0022400936,1610612760,20.0,2.0,7.0,0.0,16.0,8.0,4.0,4.0
1629652,0022400936,1610612760,26.0,0.0,7.0,1.0,16.0,9.0,0.0,0.0
1628983,0022400936,1610612760,25.0,7.0,3.0,2.0,14.0,8.0,6.0,6.0
1630598,0022400936,1610612760,8.0,1.0,4.0,0.0,8.0,3.0,0.0,0.0
1641717,0022400936,1610612760,12.0,8.0,3.0,1.0,8.0,5.0,0.0,0.0
1627936,0022400936,1610612760,13.0,0.0,1.0,0.0,8.0,5.0,1.0,1.0
1631119,0022400936,1610612760,0.0,0.0,3.0,0.0,4.0,0.0,0.0,0.0
1630198,0022400936,1610612760,3.0,3.0,2.0,0.0,5.0,1.0,0.0,0.0
1641794,0022400936,1610612760,0.0,0.0,0.0,0.0,0.0,0.0,0.0,0.0
1631172,0022400936,1610612760,0.0,1.0,1.0,0.0,0.0,0.0,0.0,0.0
1630548,0022400929,1610612762,4.0,0.0,4.0,0.0,5.0,2.0,0.0,0.0
1628381,0022400929,1610612762,28.0,2.0,10.0,0.0,30.0,12.0,2.0,2.0
1631117,0022400929,1610612762,11.0,1.0,10.0,2.0,7.0,4.0,5.0,3.0
1629012,0022400929,1610612762,16.0,13.0,3.0,0.0,16.0,6.0,2.0,2.0
1642268,0022400929,1610612762,8.0,4.0,1.0,0.0,5.0,3.0,2.0,1.0
1629004,0022400929,1610612762,8.0,2.0,4.0,0.0,8.0,3.0,0.0,0.0
1642271,0022400929,1610612762,6.0,0.0,5.0,1.0,8.0,3.0,0.0,0.0
1641729,0022400929,1610612762,22.0,5.0,4.0,0.0,11.0,8.0,1.0,1.0
1630231,0022400929,1610612762,0.0,1.0,3.0,0.0,1.0,0.0,0.0,0.0
1642262,0022400929,1610612762,5.0,1.0,4.0,1.0,4.0,2.0,0.0,0.0
1627759,0022400929,1610612738,26.0,7.0,8.0,1.0,20.0,8.0,11.0,10.0
1630573,0022400929,1610612738,33.0,1.0,6.0,0.0,23.0,11.0,2.0,2.0
1628436,0022400929,1610612738,5.0,0.0,8.0,1.0,4.0,2.0,2.0,1.0
1628401,0022400929,1610612738,18.0,10.0,5.0,3.0,16.0,6.0,3.0,3.0
201950,0022400929,1610612738,10.0,4.0,6.0,1.0,9.0,4.0,0.0,0.0
1630202,0022400929,1610612738,8.0,3.0,1.0,0.0,11.0,3.0,0.0,0.0
1628470,0022400929,1610612738,6.0,0.0,3.0,1.0,5.0,2.0,0.0,0.0
1631248,0022400929,1610612738,0.0,2.0,2.0,0.0,1.0,0.0,0.0,0.0
1629674,0022400929,1610612738,8.0,1.0,8.0,1.0,4.0,4.0,0.0,0.0
1641731,0022400932,1610612764,4.0,1.0,2.0,0.0,1.0,1.0,3.0,2.0
1642273,0022400932,1610612764,13.0,3.0,3.0,5.0,8.0,4.0,2.0,2.0
1642259,0022400932,1610612764,16.0,2.0,11.0,3.0,19.0,5.0,5.0,4.0
1629673,0022400932,1610612764,16.0,1.0,3.0,0.0,12.0,6.0,2.0,2.0
1642267,0022400932,1610612764,5.0,5.0,4.0,0.0,11.0,2.0,0.0,0.0
1630551,0022400932,1610612764,6.0,2.0,9.0,2.0,9.0,3.0,0.0,0.0
1630557,0022400932,1610612764,13.0,2.0,1.0,1.0,12.0,5.0,0.0,0.0
1642358,0022400932,1610612764,3.0,6.0,3.0,0.0,7.0,1.0,1.0,1.0
1641774,0022400932,1610612764,15.0,2.0,7.0,1.0,15.0,6.0,1.0,1.0
1630264,0022400932,1610612764,5.0,1.0,3.0,0.0,3.0,2.0,1.0,0.0
1630550,0022400932,1610612764,3.0,0.0,5.0,0.0,3.0,1.0,0.0,0.0
1641798,0022400932,1610612764,5.0,0.0,3.0,0.0,5.0,2.0,0.0,0.0
1629628,0022400932,1610612761,14.0,8.0,10.0,0.0,18.0,6.0,4.0,1.0
1630567,0022400932,1610612761,14.0,2.0,13.0,0.0,19.0,6.0,4.0,2.0
1631115,0022400932,1610612761,13.0,4.0,11.0,1.0,9.0,5.0,2.0,2.0
1631197,0022400932,1610612761,11.0,0.0,3.0,0.0,9.0,3.0,2.0,2.0
1630193,0022400932,1610612761,15.0,6.0,6.0,0.0,12.0,5.0,4.0,2.0
1630639,0022400932,1610612761,32.0,0.0,12.0,0.0,21.0,9.0,11.0,7.0
1642419,0022400932,1610612761,5.0,0.0,3.0,0.0,6.0,2.0,0.0,0.0
1642347,0022400932,1610612761,8.0,1.0,4.0,1.0,9.0,4.0,0.0,0.0
1630658,0022400932,1610612761,7.0,3.0,9.0,0.0,5.0,3.0,2.0,1.0
202066,0022400932,1610612761,0.0,2.0,2.0,0.0,1.0,0.0,0.0,0.0
1629022,0022400928,1610612755,11.0,5.0,5.0,0.0,14.0,4.0,3.0,1.0
1642348,0022400928,1610612755,6.0,1.0,1.0,1.0,6.0,2.0,2.0,1.0
1627824,0022400928,1610612755,7.0,4.0,3.0,0.0,5.0,2.0,4.0,3.0
1629656,0022400928,1610612755,35.0,5.0,7.0,1.0,25.0,14.0,2.0,2.0
1630215,0022400928,1610612755,11.0,6.0,3.0,0.0,9.0,4.0,0.0,0.0
1641741,0022400928,1610612755,19.0,3.0,4.0,0.0,13.0,7.0,4.0,4.0
1641737,0022400928,1610612755,12.0,1.0,2.0,1.0,5.0,5.0,2.0,2.0
1630288,0022400928,1610612755,17.0,4.0,3.0,0.0,9.0,6.0,1.0,1.0
1642024,0022400928,1610612755,5.0,0.0,3.0,0.0,5.0,2.0,2.0,1.0
1642258,0022400928,1610612737,22.0,2.0,8.0,0.0,16.0,9.0,1.0,1.0
1631243,0022400928,1610612737,14.0,2.0,7.0,2.0,8.0,4.0,4.0,4.0
1630168,0022400928,1610612737,15.0,3.0,5.0,0.0,9.0,6.0,0.0,0.0
1630700,0022400928,1610612737,25.0,9.0,6.0,0.0,14.0,10.0,5.0,4.0
1630811,0022400928,1610612737,7.0,6.0,2.0,0.0,11.0,3.0,0.0,0.0
1627777,0022400928,1610612737,18.0,3.0,4.0,0.0,16.0,7.0,3.0,1.0
1629611,0022400928,1610612737,19.0,4.0,6.0,1.0,13.0,9.0,1.0,1.0
203991,0022400928,1610612737,4.0,1.0,9.0,2.0,5.0,2.0,0.0,0.0
1630249,0022400928,1610612737,8.0,4.0,1.0,1.0,6.0,3.0,0.0,0.0
1628404,0022400939,1610612752,18.0,3.0,6.0,0.0,11.0,6.0,2.0,2.0
1628384,0022400939,1610612752,24.0,8.0,7.0,0.0,15.0,7.0,8.0,7.0
1626157,0022400939,1610612752,26.0,3.0,9.0,1.0,15.0,8.0,9.0,7.0
1628969,0022400939,1610612752,15.0,8.0,3.0,0.0,10.0,6.0,2.0,2.0
1630540,0022400939,1610612752,21.0,7.0,3.0,0.0,11.0,7.0,5.0,3.0
1629011,0022400939,1610612752,2.0,1.0,5.0,0.0,1.0,1.0,0.0,0.0
1629013,0022400939,1610612752,13.0,0.0,3.0,0.0,7.0,5.0,0.0,0.0
1630173,0022400939,1610612752,2.0,0.0,0.0,0.0,2.0,1.0,0.0,0.0
1626166,0022400939,1610612752,6.0,3.0,0.0,0.0,3.0,2.0,0.0,0.0
1626153,0022400939,1610612752,3.0,0.0,2.0,0.0,1.0,1.0,0.0,0.0
1642278,0022400939,1610612752,0.0,0.0,0.0,0.0,2.0,0.0,0.0,0.0
1630699,0022400939,1610612752,3.0,0.0,2.0,0.0,3.0,1.0,0.0,0.0
1641817,0022400939,1610612752,0.0,1.0,0.0,0.0,3.0,0.0,0.0,0.0
201942,0022400939,1610612758,11.0,5.0,1.0,0.0,10.0,4.0,3.0,3.0
1631099,0022400939,1610612758,9.0,0.0,2.0,0.0,11.0,4.0,0.0,0.0
202685,0022400939,1610612758,10.0,1.0,13.0,1.0,8.0,4.0,2.0,2.0
203897,0022400939,1610612758,17.0,3.0,4.0,1.0,10.0,5.0,5.0,5.0
1628370,0022400939,1610612758,21.0,3.0,1.0,0.0,18.0,7.0,6.0,4.0
1631165,0022400939,1610612758,9.0,0.0,3.0,1.0,7.0,4.0,0.0,0.0
1626168,0022400939,1610612758,3.0,1.0,1.0,0.0,4.0,1.0,0.0,0.0
1642403,0022400939,1610612758,12.0,2.0,5.0,0.0,5.0,3.0,6.0,5.0
1642269,0022400939,1610612758,3.0,1.0,4.0,0.0,2.0,1.0,2.0,1.0
203926,0022400939,1610612758,0.0,0.0,0.0,0.0,2.0,0.0,0.0,0.0
1628365,0022400939,1610612758,2.0,2.0,0.0,0.0,4.0,1.0,0.0,0.0
1627746,0022400939,1610612758,0.0,0.0,2.0,0.0,2.0,0.0,0.0,0.0
1642384,0022400939,1610612758,5.0,0.0,1.0,0.0,2.0,2.0,0.0,0.0
1630222,0022400939,1610612758,2.0,0.0,0.0,1.0,1.0,0.0,2.0,2.0
1629216,0022400930,1610612747,24.0,3.0,0.0,0.0,12.0,8.0,2.0,2.0
1642261,0022400930,1610612747,19.0,1.0,4.0,0.0,18.0,8.0,2.0,0.0
203458,0022400930,1610612747,0.0,2.0,2.0,1.0,1.0,0.0,0.0,0.0
1630559,0022400930,1610612747,17.0,10.0,8.0,1.0,14.0,3.0,11.0,10.0
1629029,0022400930,1610612747,22.0,12.0,12.0,0.0,26.0,8.0,4.0,3.0
1641998,0022400930,1610612747,2.0,0.0,3.0,2.0,3.0,1.0,0.0,0.0
1629020,0022400930,1610612747,7.0,2.0,6.0,0.0,3.0,3.0,0.0,0.0
1630692,0022400930,1610612747,17.0,0.0,8.0,0.0,8.0,6.0,0.0,0.0
1629003,0022400930,1610612747,0.0,1.0,0.0,0.0,0.0,0.0,0.0,0.0
1629661,0022400930,1610612751,18.0,5.0,7.0,0.0,14.0,6.0,8.0,4.0
1630533,0022400930,1610612751,7.0,2.0,9.0,2.0,10.0,2.0,2.0,2.0
1629651,0022400930,1610612751,12.0,1.0,6.0,1.0,7.0,6.0,0.0,0.0
1630553,0022400930,1610612751,18.0,3.0,3.0,0.0,10.0,6.0,6.0,3.0
1626156,0022400930,1610612751,8.0,7.0,3.0,1.0,9.0,2.0,4.0,2.0
1641736,0022400930,1610612751,3.0,0.0,1.0,0.0,3.0,1.0,0.0,0.0
1631213,0022400930,1610612751,14.0,3.0,3.0,1.0,14.0,5.0,0.0,0.0
1641730,0022400930,1610612751,19.0,0.0,5.0,1.0,11.0,5.0,7.0,6.0
1630549,0022400930,1610612751,8.0,1.0,7.0,0.0,7.0,3.0,2.0,1.0
1630592,0022400930,1610612751,4.0,0.0,3.0,0.0,5.0,1.0,1.0,1.0
1630166,0022400938,1610612757,34.0,6.0,16.0,0.0,15.0,11.0,7.0,7.0
1641739,0022400938,1610612757,7.0,2.0,1.0,1.0,9.0,3.0,0.0,0.0
1642270,0022400938,1610612757,15.0,6.0,9.0,4.0,9.0,6.0,4.0,2.0
1631101,0022400938,1610612757,9.0,8.0,7.0,0.0,10.0,3.0,3.0,2.0
1629014,0022400938,1610612757,32.0,2.0,2.0,0.0,21.0,12.0,2.0,2.0
1641871,0022400938,1610612757,2.0,2.0,3.0,0.0,5.0,1.0,0.0,0.0
1630703,0022400938,1610612757,12.0,4.0,2.0,0.0,13.0,5.0,1.0,1.0
1631133,0022400938,1610612757,9.0,1.0,2.0,0.0,4.0,3.0,0.0,0.0
1630625,0022400938,1610612757,0.0,0.0,1.0,0.0,5.0,0.0,0.0,0.0
202710,0022400938,1610612744,15.0,10.0,10.0,0.0,10.0,4.0,8.0,7.0
203110,0022400938,1610612744,4.0,7.0,4.0,0.0,3.0,1.0,2.0,1.0
1642366,0022400938,1610612744,11.0,2.0,7.0,3.0,10.0,4.0,0.0,0.0
1630541,0022400938,1610612744,20.0,0.0,2.0,0.0,10.0,7.0,4.0,4.0
201939,0022400938,1610612744,24.0,3.0,2.0,0.0,14.0,6.0,7.0,7.0
1627741,0022400938,1610612744,20.0,7.0,2.0,1.0,10.0,7.0,0.0,0.0
1627780,0022400938,1610612744,26.0,1.0,2.0,1.0,16.0,11.0,0.0,0.0
1626172,0022400938,1610612744,6.0,3.0,6.0,0.0,6.0,3.0,0.0,0.0
1630611,0022400938,1610612744,4.0,2.0,5.0,0.0,6.0,2.0,0.0,0.0
1642517,2022400404,1612709932,12.0,1.0,5.0,0.0,8.0,6.0,0.0,0.0
1641752,2022400404,1612709932,4.0,1.0,4.0,0.0,5.0,2.0,1.0,0.0
1642449,2022400404,1612709932,19.0,2.0,14.0,3.0,15.0,9.0,5.0,1.0
1631199,2022400404,1612709932,6.0,2.0,0.0,0.0,6.0,2.0,1.0,1.0
1642450,2022400404,1612709932,19.0,8.0,4.0,0.0,20.0,8.0,0.0,0.0
1642578,2022400404,1612709932,18.0,2.0,3.0,2.0,14.0,7.0,0.0,0.0
1642759,2022400404,1612709932,18.0,3.0,2.0,1.0,12.0,6.0,3.0,2.0
1642676,2022400404,1612709932,4.0,2.0,4.0,0.0,3.0,2.0,0.0,0.0
1642588,2022400404,1612709932,6.0,1.0,5.0,2.0,3.0,3.0,0.0,0.0
1642657,2022400404,1612709932,0.0,2.0,0.0,0.0,0.0,0.0,0.0,0.0
1642071,2022400404,1612709932,4.0,4.0,3.0,0.0,6.0,2.0,0.0,0.0
1631306,2022400404,1612709905,24.0,2.0,8.0,1.0,11.0,7.0,2.0,2.0
1626169,2022400404,1612709905,6.0,4.0,7.0,0.0,9.0,2.0,0.0,0.0
1642618,2022400404,1612709905,9.0,2.0,6.0,0.0,10.0,3.0,1.0,0.0
1642439,2022400404,1612709905,16.0,5.0,1.0,0.0,13.0,5.0,4.0,3.0
1642355,2022400404,1612709905,16.0,3.0,2.0,0.0,16.0,5.0,4.0,3.0
1642438,2022400404,1612709905,2.0,5.0,1.0,0.0,4.0,1.0,0.0,0.0
1642547,2022400404,1612709905,9.0,1.0,7.0,1.0,5.0,4.0,0.0,0.0
1630283,2022400404,1612709905,12.0,0.0,5.0,2.0,4.0,4.0,3.0,2.0
1641888,2022400404,1612709905,0.0,0.0,0.0,0.0,0.0,0.0,0.0,0.0
1641811,2022400404,1612709905,3.0,2.0,0.0,0.0,4.0,1.0,1.0,1.0
202691,0022400937,1610612742,26.0,3.0,2.0,0.0,14.0,8.0,7.0,7.0
1630230,0022400937,1610612742,23.0,3.0,5.0,0.0,16.0,8.0,6.0,6.0
1630556,0022400937,1610612742,22.0,3.0,11.0,0.0,12.0,9.0,4.0,4.0
1631108,0022400937,1610612742,12.0,5.0,4.0,0.0,15.0,4.0,2.0,2.0
203957,0022400937,1610612742,10.0,1.0,2.0,0.0,9.0,4.0,0.0,0.0
203915,0022400937,1610612742,28.0,6.0,7.0,0.0,16.0,9.0,6.0,6.0
1628997,0022400937,1610612742,3.0,1.0,3.0,1.0,1.0,1.0,2.0,1.0
203939,0022400937,1610612742,9.0,3.0,6.0,1.0,5.0,4.0,3.0,1.0
1630170,0022400937,1610612759,24.0,3.0,4.0,0.0,22.0,10.0,1.0,1.0
203084,0022400937,1610612759,29.0,0.0,8.0,1.0,14.0,12.0,3.0,1.0
202687,0022400937,1610612759,3.0,1.0,5.0,1.0,1.0,1.0,2.0,1.0
1628368,0022400937,1610612759,14.0,8.0,4.0,0.0,13.0,6.0,2.0,1.0
101108,0022400937,1610612759,6.0,9.0,2.0,0.0,5.0,2.0,1.0,1.0
1629640,0022400937,1610612759,28.0,0.0,5.0,0.0,16.0,10.0,5.0,4.0
1642264,0022400937,1610612759,14.0,6.0,5.0,0.0,12.0,4.0,8.0,4.0
1631104,0022400937,1610612759,3.0,0.0,0.0,0.0,2.0,1.0,0.0,0.0
1630577,0022400937,1610612759,5.0,0.0,1.0,0.0,6.0,2.0,0.0,0.0
1630572,0022400937,1610612759,3.0,2.0,4.0,0.0,3.0,1.0,2.0,1.0
1630182,0022400931,1610612766,3.0,2.0,6.0,0.0,4.0,1.0,0.0,0.0
1628970,0022400931,1610612766,35.0,5.0,5.0,2.0,19.0,12.0,6.0,6.0
1631109,0022400931,1610612766,24.0,2.0,10.0,2.0,13.0,9.0,7.0,6.0
1629610,0022400931,1610612766,8.0,1.0,3.0,2.0,7.0,2.0,2.0,2.0
1630163,0022400931,1610612766,15.0,10.0,6.0,0.0,21.0,5.0,3.0,3.0
203994,0022400931,1610612766,6.0,0.0,2.0,0.0,3.0,2.0,2.0,2.0
1630201,0022400931,1610612766,5.0,4.0,2.0,0.0,5.0,1.0,3.0,3.0
1641733,0022400931,1610612766,4.0,1.0,1.0,0.0,6.0,2.0,0.0,0.0
1631111,0022400931,1610612766,3.0,0.0,0.0,0.0,2.0,1.0,0.0,0.0
203552,0022400931,1610612766,0.0,1.0,1.0,0.0,3.0,0.0,0.0,0.0
1631217,0022400931,1610612766,2.0,0.0,0.0,0.0,3.0,1.0,0.0,0.0
203952,0022400931,1610612748,19.0,2.0,7.0,1.0,17.0,8.0,2.0,2.0
1628389,0022400931,1610612748,23.0,8.0,14.0,0.0,16.0,8.0,7.0,5.0
1642276,0022400931,1610612748,2.0,3.0,5.0,1.0,6.0,1.0,0.0,0.0
1629639,0022400931,1610612748,21.0,2.0,3.0,0.0,17.0,9.0,4.0,2.0
1630558,0022400931,1610612748,7.0,3.0,3.0,0.0,6.0,3.0,0.0,0.0
1629312,0022400931,1610612748,7.0,2.0,4.0,0.0,4.0,3.0,0.0,0.0
1629130,0022400931,1610612748,14.0,1.0,0.0,0.0,9.0,4.0,3.0,3.0
1631170,0022400931,1610612748,5.0,1.0,4.0,1.0,5.0,2.0,2.0,1.0
1626179,0022400931,1610612748,4.0,1.0,6.0,0.0,5.0,1.0,2.0,1.0
1641796,0022400931,1610612748,0.0,1.0,0.0,0.0,0.0,0.0,0.0,0.0
203937,0022400931,1610612748,0.0,0.0,0.0,0.0,0.0,0.0,0.0,0.0
1630174,0022400933,1610612754,9.0,2.0,5.0,1.0,9.0,3.0,0.0,0.0
1627783,0022400933,1610612754,13.0,4.0,1.0,0.0,12.0,6.0,2.0,0.0
1626167,0022400933,1610612754,15.0,2.0,4.0,1.0,12.0,5.0,4.0,3.0
1631097,0022400933,1610612754,5.0,3.0,2.0,0.0,9.0,2.0,1.0,1.0
1629614,0022400933,1610612754,8.0,3.0,3.0,0.0,7.0,3.0,2.0,2.0
204456,0022400933,1610612754,6.0,1.0,0.0,0.0,6.0,3.0,0.0,0.0
1630167,0022400933,1610612754,10.0,1.0,3.0,0.0,8.0,4.0,2.0,2.0
1628418,0022400933,1610612754,2.0,0.0,1.0,1.0,3.0,0.0,2.0,2.0
1641767,0022400933,1610612754,12.0,3.0,2.0,0.0,7.0,4.0,2.0,2.0
1642277,0022400933,1610612754,4.0,0.0,8.0,0.0,5.0,2.0,0.0,0.0
1631245,0022400933,1610612754,5.0,5.0,3.0,0.0,8.0,2.0,0.0,0.0
1641716,0022400933,1610612754,6.0,2.0,2.0,0.0,5.0,2.0,2.0,1.0
1628396,0022400933,1610612754,6.0,1.0,2.0,1.0,3.0,3.0,2.0,0.0
1642484,0022400933,1610612754,2.0,3.0,2.0,0.0,5.0,1.0,0.0,0.0
201949,0022400933,1610612754,0.0,0.0,1.0,0.0,2.0,0.0,0.0,0.0
1630581,0022400933,1610612741,29.0,4.0,10.0,1.0,18.0,11.0,5.0,5.0
1641824,0022400933,1610612741,8.0,1.0,4.0,1.0,9.0,4.0,0.0,0.0
1628380,0022400933,1610612741,7.0,6.0,9.0,1.0,4.0,3.0,0.0,0.0
1629632,0022400933,1610612741,29.0,4.0,7.0,0.0,20.0,11.0,5.0,4.0
1630200,0022400933,1610612741,8.0,8.0,3.0,1.0,12.0,4.0,0.0,0.0
1628989,0022400933,1610612741,13.0,1.0,4.0,1.0,15.0,5.0,0.0,0.0
202696,0022400933,1610612741,11.0,1.0,11.0,0.0,8.0,5.0,0.0,0.0
1630172,0022400933,1610612741,2.0,1.0,3.0,0.0,3.0,1.0,2.0,0.0
1641763,0022400933,1610612741,9.0,1.0,4.0,1.0,5.0,3.0,2.0,2.0
1631207,0022400933,1610612741,0.0,2.0,0.0,0.0,1.0,0.0,0.0,0.0
1629659,0022400933,1610612741,0.0,0.0,1.0,0.0,0.0,0.0,0.0,0.0
1628975,0022400933,1610612741,5.0,1.0,0.0,0.0,3.0,2.0,0.0,0.0
201142,0022400935,1610612756,35.0,5.0,5.0,1.0,24.0,11.0,6.0,6.0
1629626,0022400935,1610612756,7.0,0.0,0.0,1.0,7.0,3.0,0.0,0.0
1630208,0022400935,1610612756,10.0,2.0,12.0,0.0,9.0,5.0,0.0,0.0
1626145,0022400935,1610612756,12.0,7.0,3.0,0.0,9.0,4.0,0.0,0.0
1626164,0022400935,1610612756,26.0,6.0,9.0,0.0,21.0,9.0,6.0,5.0
1626220,0022400935,1610612756,9.0,2.0,4.0,0.0,6.0,3.0,0.0,0.0
1628960,0022400935,1610612756,9.0,3.0,1.0,0.0,5.0,2.0,4.0,3.0
203486,0022400935,1610612756,10.0,1.0,8.0,0.0,5.0,4.0,6.0,2.0
1631221,0022400935,1610612756,0.0,5.0,4.0,0.0,4.0,0.0,0.0,0.0
1642346,0022400935,1610612756,0.0,0.0,0.0,0.0,0.0,0.0,0.0,0.0
1642377,0022400935,1610612763,2.0,2.0,6.0,0.0,9.0,1.0,0.0,0.0
1641713,0022400935,1610612763,14.0,3.0,4.0,0.0,12.0,6.0,0.0,0.0
1630643,0022400935,1610612763,14.0,0.0,3.0,2.0,11.0,5.0,0.0,0.0
1630217,0022400935,1610612763,10.0,3.0,7.0,1.0,11.0,4.0,2.0,1.0
1629630,0022400935,1610612763,29.0,12.0,4.0,0.0,13.0,9.0,10.0,10.0
1628963,0022400935,1610612763,9.0,0.0,5.0,2.0,7.0,3.0,4.0,3.0
1629723,0022400935,1610612763,0.0,0.0,1.0,0.0,0.0,0.0,0.0,0.0
1630590,0022400935,1610612763,13.0,2.0,1.0,1.0,7.0,3.0,7.0,6.0
1630205,0022400935,1610612763,13.0,3.0,5.0,1.0,7.0,4.0,2.0,1.0
1642285,0022400935,1610612763,16.0,1.0,3.0,0.0,9.0,5.0,2.0,2.0
1641729,0022400924,1610612762,14.0,4.0,5.0,0.0,12.0,5.0,0.0,0.0
1630231,0022400924,1610612762,14.0,3.0,7.0,2.0,8.0,5.0,3.0,3.0
1642271,0022400924,1610612762,25.0,3.0,7.0,0.0,16.0,8.0,7.0,5.0
1630548,0022400924,1610612762,15.0,1.0,7.0,0.0,12.0,5.0,2.0,2.0
1642268,0022400924,1610612762,13.0,10.0,5.0,0.0,10.0,4.0,5.0,5.0
1641718,0022400924,1610612762,25.0,3.0,6.0,0.0,20.0,7.0,10.0,8.0
1642262,0022400924,1610612762,7.0,0.0,4.0,1.0,4.0,2.0,2.0,2.0
1629004,0022400924,1610612762,0.0,1.0,1.0,0.0,2.0,0.0,0.0,0.0
1630695,0022400924,1610612762,9.0,0.0,2.0,1.0,9.0,3.0,2.0,1.0
1642348,0022400924,1610612755,11.0,2.0,4.0,0.0,13.0,3.0,4.0,4.0
1627824,0022400924,1610612755,0.0,0.0,2.0,0.0,3.0,0.0,0.0,0.0
203083,0022400924,1610612755,6.0,0.0,2.0,1.0,6.0,2.0,2.0,2.0
1626162,0022400924,1610612755,6.0,2.0,2.0,0.0,7.0,3.0,0.0,0.0
1629656,0022400924,1610612755,25.0,6.0,1.0,1.0,13.0,6.0,9.0,9.0
1629022,0022400924,1610612755,25.0,5.0,11.0,0.0,18.0,8.0,6.0,6.0
1630215,0022400924,1610612755,15.0,9.0,0.0,1.0,8.0,5.0,2.0,2.0
1641737,0022400924,1610612755,14.0,1.0,15.0,5.0,13.0,7.0,0.0,0.0
1641741,0022400924,1610612755,8.0,2.0,3.0,0.0,7.0,3.0,0.0,0.0
1642024,0022400924,1610612755,6.0,0.0,9.0,1.0,3.0,2.0,2.0,1.0
1630288,0022400924,1610612755,10.0,0.0,1.0,0.0,5.0,4.0,0.0,0.0
202699,0022400926,1610612765,20.0,2.0,9.0,2.0,13.0,9.0,2.0,1.0
1641709,0022400926,1610612765,5.0,2.0,6.0,0.0,5.0,2.0,4.0,1.0
1631105,0022400926,1610612765,18.0,2.0,12.0,0.0,10.0,7.0,4.0,4.0
203501,0022400926,1610612765,13.0,2.0,7.0,0.0,11.0,5.0,0.0,0.0
1630595,0022400926,1610612765,28.0,5.0,4.0,0.0,17.0,9.0,9.0,8.0
1627736,0022400926,1610612765,10.0,0.0,2.0,0.0,11.0,4.0,0.0,0.0
203471,0022400926,1610612765,12.0,4.0,4.0,0.0,10.0,3.0,6.0,6.0
1630191,0022400926,1610612765,5.0,2.0,6.0,5.0,6.0,2.0,4.0,1.0
1631323,0022400926,1610612765,5.0,2.0,3.0,0.0,1.0,1.0,2.0,2.0
1641842,0022400926,1610612765,3.0,1.0,1.0,1.0,3.0,1.0,1.0,1.0
203924,0022400926,1610612757,25.0,1.0,2.0,0.0,12.0,6.0,7.0,7.0
1641739,0022400926,1610612757,7.0,5.0,5.0,2.0,6.0,2.0,4.0,2.0
1642270,0022400926,1610612757,3.0,3.0,9.0,2.0,3.0,1.0,3.0,1.0
1631101,0022400926,1610612757,12.0,1.0,4.0,0.0,11.0,4.0,5.0,4.0
1629014,0022400926,1610612757,34.0,1.0,2.0,0.0,26.0,14.0,2.0,2.0
1630703,0022400926,1610612757,15.0,2.0,5.0,0.0,14.0,4.0,7.0,6.0
1641871,0022400926,1610612757,5.0,1.0,3.0,0.0,9.0,1.0,2.0,2.0
1631133,0022400926,1610612757,9.0,1.0,9.0,0.0,8.0,3.0,2.0,1.0
1630625,0022400926,1610612757,2.0,2.0,2.0,0.0,4.0,1.0,0.0,0.0
1629622,0022400922,1610612739,17,2,9,0,11,6,0,0
1630596,0022400922,1610612739,13,2,7,1,10,5,2,1
1628386,0022400922,1610612739,11,3,6,1,6,5,2,1
1628378,0022400922,1610612739,15,6,5,0,15,4,7,6
1629636,0022400922,1610612739,13,5,5,0,13,4,4,4
1629631,0022400922,1610612739,6,2,3,0,6,2,2,1
1629660,0022400922,1610612739,9,1,1,0,9,3,2,2
1630241,0022400922,1610612739,9,1,2,0,6,3,0,0
1629731,0022400922,1610612739,9,1,3,0,3,3,0,0
1630171,0022400922,1610612739,5,1,1,0,3,2,0,0
1642281,0022400922,1610612739,0,1,0,0,1,0,0,0
202684,0022400922,1610612739,2,0,2,0,3,1,0,0
1629750,0022400922,1610612739,3,0,0,0,2,1,0,0
1641854,0022400922,1610612739,0,0,0,0,0,0,0,0
1628398,0022400922,1610612749,14,1,6,0,13,6,0,0
203507,0022400922,1610612749,30,3,9,0,24,13,8,4
201572,0022400922,1610612749,7,0,9,2,5,2,2,2
1627752,0022400922,1610612749,6,3,2,0,7,2,0,0
203081,0022400922,1610612749,22,4,5,0,19,8,6,5
1631260,0022400922,1610612749,2,0,3,0,3,1,0,0
1629018,0022400922,1610612749,5,0,1,0,9,1,2,2
1630579,0022400922,1610612749,0,3,10,0,1,0,0,0
1629645,0022400922,1610612749,2,2,2,0,3,1,0,0
1641890,0022400922,1610612749,0,0,0,0,1,0,0,0
1641748,0022400922,1610612749,0,1,2,0,0,0,0,0
1631157,0022400922,1610612749,10,0,1,0,5,4,0,0
1641753,0022400922,1610612749,2,0,0,0,1,1,0,0
1629008,0022400920,1610612743,24.0,0.0,15.0,1.0,19.0,10.0,2.0,1.0
203932,0022400920,1610612743,5.0,0.0,2.0,0.0,3.0,2.0,1.0,0.0
203999,0022400920,1610612743,24.0,9.0,13.0,3.0,23.0,10.0,6.0,2.0
1631128,0022400920,1610612743,19.0,2.0,3.0,0.0,15.0,8.0,1.0,0.0
1627750,0022400920,1610612743,17.0,4.0,2.0,0.0,17.0,6.0,4.0,4.0
201566,0022400920,1610612743,4.0,5.0,11.0,1.0,9.0,1.0,2.0,1.0
1630192,0022400920,1610612743,3.0,0.0,1.0,1.0,1.0,0.0,4.0,3.0
1631212,0022400920,1610612743,0.0,0.0,0.0,0.0,1.0,0.0,0.0,0.0
1629618,0022400920,1610612743,7.0,2.0,1.0,0.0,8.0,3.0,0.0,0.0
1642461,0022400920,1610612743,0.0,0.0,0.0,0.0,1.0,0.0,0.0,0.0
1641816,0022400920,1610612743,0.0,0.0,0.0,0.0,0.0,0.0,0.0,0.0
1628427,0022400920,1610612743,0.0,0.0,0.0,0.0,0.0,0.0,0.0,0.0
1641725,0022400920,1610612743,0.0,0.0,0.0,0.0,0.0,0.0,0.0,0.0
1631114,0022400920,1610612760,26.0,8.0,9.0,1.0,14.0,7.0,11.0,10.0
1631096,0022400920,1610612760,14.0,1.0,8.0,4.0,10.0,6.0,1.0,1.0
1628392,0022400920,1610612760,10.0,1.0,11.0,0.0,6.0,5.0,0.0,0.0
1629652,0022400920,1610612760,6.0,3.0,6.0,1.0,8.0,2.0,0.0,0.0
1628983,0022400920,1610612760,40.0,5.0,8.0,3.0,32.0,15.0,8.0,8.0
1630198,0022400920,1610612760,5.0,2.0,0.0,0.0,4.0,2.0,0.0,0.0
1631119,0022400920,1610612760,9.0,1.0,5.0,0.0,5.0,3.0,2.0,0.0
1641717,0022400920,1610612760,5.0,1.0,0.0,3.0,5.0,1.0,2.0,2.0
1630598,0022400920,1610612760,4.0,1.0,7.0,0.0,5.0,2.0,0.0,0.0
1627936,0022400920,1610612760,8.0,2.0,2.0,2.0,5.0,3.0,1.0,1.0
1629026,0022400920,1610612760,0.0,0.0,0.0,0.0,0.0,0.0,0.0,0.0
1631172,0022400920,1610612760,0.0,0.0,0.0,0.0,0.0,0.0,0.0,0.0
1642377,0022400923,1610612763,9.0,2.0,7.0,1.0,12.0,3.0,2.0,0.0
1631246,0022400923,1610612763,7.0,2.0,4.0,1.0,12.0,3.0,0.0,0.0
1641744,0022400923,1610612763,6.0,2.0,12.0,1.0,7.0,3.0,0.0,0.0
1630217,0022400923,1610612763,30.0,8.0,9.0,0.0,23.0,13.0,2.0,2.0
1629630,0022400923,1610612763,32.0,6.0,4.0,0.0,23.0,11.0,11.0,7.0
1630590,0022400923,1610612763,12.0,2.0,6.0,1.0,6.0,4.0,2.0,2.0
1629634,0022400923,1610612763,2.0,0.0,5.0,1.0,4.0,1.0,0.0,0.0
1641713,0022400923,1610612763,0.0,0.0,1.0,0.0,4.0,0.0,0.0,0.0
1630205,0022400923,1610612763,1.0,0.0,2.0,0.0,1.0,0.0,2.0,1.0
1629723,0022400923,1610612763,0.0,0.0,3.0,0.0,0.0,0.0,0.0,0.0
1630643,0022400923,1610612763,8.0,2.0,4.0,1.0,7.0,3.0,0.0,0.0
1630530,0022400923,1610612740,27.0,2.0,5.0,2.0,21.0,9.0,9.0,7.0
203482,0022400923,1610612740,12.0,4.0,4.0,0.0,7.0,4.0,6.0,4.0
1642274,0022400923,1610612740,10.0,0.0,9.0,1.0,8.0,4.0,3.0,2.0
1641722,0022400923,1610612740,12.0,0.0,5.0,0.0,10.0,5.0,0.0,0.0
1630631,0022400923,1610612740,11.0,11.0,0.0,2.0,14.0,3.0,2.0,2.0
1628971,0022400923,1610612740,5.0,2.0,1.0,0.0,7.0,1.0,3.0,3.0
1631255,0022400923,1610612740,13.0,1.0,11.0,1.0,7.0,5.0,2.0,1.0
1630526,0022400923,1610612740,0.0,1.0,1.0,0.0,3.0,0.0,0.0,0.0
1641810,0022400923,1610612740,11.0,3.0,2.0,0.0,5.0,3.0,2.0,2.0
1631288,0022400923,1610612740,3.0,0.0,1.0,0.0,3.0,1.0,0.0,0.0
1629751,2022400395,1612709910,21.0,5.0,8.0,0.0,17.0,7.0,4.0,4.0
1630787,2022400395,1612709910,21.0,1.0,5.0,0.0,12.0,6.0,3.0,3.0
1626143,2022400395,1612709910,6.0,1.0,12.0,2.0,5.0,3.0,1.0,0.0
1630750,2022400395,1612709910,11.0,2.0,1.0,1.0,12.0,5.0,0.0,0.0
1642027,2022400395,1612709910,24.0,9.0,5.0,0.0,14.0,8.0,3.0,3.0
1642407,2022400395,1612709910,17.0,1.0,6.0,1.0,18.0,6.0,2.0,2.0
1631249,2022400395,1612709910,3.0,0.0,1.0,0.0,3.0,1.0,0.0,0.0
1642551,2022400395,1612709910,3.0,0.0,0.0,0.0,1.0,1.0,0.0,0.0
1629600,2022400395,1612709909,19.0,7.0,5.0,3.0,10.0,4.0,6.0,5.0
1630542,2022400395,1612709909,8.0,2.0,5.0,0.0,8.0,3.0,0.0,0.0
1631171,2022400395,1612709909,21.0,3.0,8.0,1.0,18.0,10.0,0.0,0.0
1628876,2022400395,1612709909,16.0,1.0,3.0,0.0,12.0,5.0,1.0,1.0
1641720,2022400395,1612709909,18.0,2.0,0.0,0.0,11.0,6.0,1.0,1.0
1627775,2022400395,1612709909,9.0,3.0,1.0,1.0,5.0,3.0,2.0,2.0
1641823,2022400395,1612709909,5.0,2.0,8.0,1.0,4.0,2.0,0.0,0.0
1631198,2022400395,1612709909,10.0,1.0,8.0,0.0,7.0,4.0,2.0,1.0
1630218,2022400395,1612709909,2.0,2.0,3.0,0.0,7.0,1.0,0.0,0.0
1630550,2022400396,1612709928,14.0,0.0,5.0,2.0,12.0,7.0,1.0,0.0
1629667,2022400396,1612709928,2.0,0.0,4.0,4.0,6.0,0.0,1.0,1.0
1641774,2022400396,1612709928,22.0,1.0,10.0,3.0,16.0,10.0,0.0,0.0
1642358,2022400396,1612709928,10.0,6.0,7.0,1.0,9.0,3.0,3.0,3.0
1629669,2022400396,1612709928,17.0,7.0,5.0,1.0,11.0,7.0,1.0,1.0
1641778,2022400396,1612709928,15.0,5.0,9.0,1.0,9.0,7.0,0.0,0.0
1631338,2022400396,1612709928,14.0,0.0,7.0,1.0,9.0,6.0,3.0,1.0
1641798,2022400396,1612709928,12.0,2.0,3.0,1.0,8.0,4.0,2.0,2.0
1630184,2022400396,1612709928,8.0,5.0,2.0,0.0,8.0,2.0,1.0,1.0
1641907,2022400396,1612709928,0.0,6.0,5.0,1.0,2.0,0.0,0.0,0.0
1631485,2022400396,1612709928,0.0,1.0,1.0,0.0,0.0,0.0,0.0,0.0
1629718,2022400396,1612709920,11.0,0.0,5.0,0.0,12.0,4.0,2.0,1.0
1630663,2022400396,1612709920,25.0,3.0,15.0,1.0,19.0,9.0,3.0,2.0
1630647,2022400396,1612709920,14.0,3.0,6.0,0.0,23.0,5.0,3.0,1.0
1642465,2022400396,1612709920,11.0,3.0,2.0,0.0,10.0,3.0,1.0,1.0
1631407,2022400396,1612709920,8.0,8.0,2.0,0.0,10.0,3.0,1.0,1.0
1630732,2022400396,1612709920,2.0,0.0,5.0,2.0,3.0,0.0,1.0,1.0
1642615,2022400396,1612709920,9.0,0.0,6.0,0.0,7.0,4.0,1.0,0.0
1631113,2022400396,1612709920,14.0,5.0,5.0,1.0,11.0,5.0,2.0,2.0
1630767,2022400396,1612709920,0.0,0.0,0.0,0.0,1.0,0.0,0.0,0.0
1630170,0022400925,1610612759,13.0,2.0,4.0,1.0,8.0,4.0,2.0,2.0
203084,0022400925,1610612759,15.0,1.0,2.0,0.0,8.0,4.0,5.0,5.0
202687,0022400925,1610612759,10.0,0.0,4.0,0.0,5.0,5.0,0.0,0.0
1628368,0022400925,1610612759,22.0,3.0,2.0,0.0,12.0,8.0,2.0,2.0
101108,0022400925,1610612759,7.0,7.0,1.0,1.0,5.0,3.0,0.0,0.0
1631110,0022400925,1610612759,5.0,0.0,3.0,0.0,5.0,2.0,2.0,1.0
1642264,0022400925,1610612759,20.0,4.0,7.0,0.0,15.0,7.0,9.0,6.0
1629640,0022400925,1610612759,13.0,2.0,4.0,0.0,10.0,6.0,2.0,1.0
1630577,0022400925,1610612759,4.0,1.0,5.0,0.0,7.0,1.0,2.0,2.0
1630572,0022400925,1610612759,8.0,2.0,3.0,1.0,5.0,4.0,0.0,0.0
1631104,0022400925,1610612759,2.0,3.0,1.0,0.0,2.0,1.0,0.0,0.0
1629162,0022400925,1610612759,5.0,1.0,0.0,0.0,3.0,2.0,0.0,0.0
1630183,0022400925,1610612750,16.0,7.0,4.0,0.0,12.0,7.0,0.0,0.0
203944,0022400925,1610612750,14.0,10.0,7.0,1.0,14.0,5.0,2.0,2.0
203497,0022400925,1610612750,16.0,2.0,8.0,0.0,8.0,7.0,2.0,2.0
1630162,0022400925,1610612750,25.0,3.0,3.0,0.0,15.0,10.0,3.0,3.0
201144,0022400925,1610612750,13.0,5.0,5.0,0.0,8.0,4.0,2.0,2.0
1628978,0022400925,1610612750,17.0,3.0,2.0,0.0,10.0,6.0,2.0,1.0
1629675,0022400925,1610612750,20.0,4.0,7.0,2.0,15.0,8.0,0.0,0.0
1629638,0022400925,1610612750,10.0,2.0,2.0,0.0,6.0,3.0,2.0,2.0
1641740,0022400925,1610612750,3.0,1.0,1.0,0.0,1.0,1.0,0.0,0.0
1630545,0022400925,1610612750,0.0,0.0,2.0,0.0,1.0,0.0,0.0,0.0
1642265,0022400925,1610612750,0.0,1.0,0.0,0.0,1.0,0.0,0.0,0.0
1630568,0022400925,1610612750,4.0,0.0,1.0,0.0,2.0,1.0,2.0,2.0
1631169,0022400925,1610612750,3.0,0.0,0.0,1.0,2.0,1.0,0.0,0.0
1641795,2022400397,1612709903,8.0,3.0,3.0,2.0,7.0,4.0,0.0,0.0
1641864,2022400397,1612709903,19.0,1.0,7.0,0.0,13.0,7.0,0.0,0.0
1642693,2022400397,1612709903,8.0,0.0,10.0,2.0,4.0,4.0,0.0,0.0
1641863,2022400397,1612709903,16.0,4.0,5.0,0.0,11.0,6.0,0.0,0.0
1641989,2022400397,1612709903,40.0,3.0,6.0,0.0,30.0,12.0,7.0,6.0
1642405,2022400397,1612709903,12.0,1.0,8.0,0.0,7.0,5.0,1.0,1.0
1631220,2022400397,1612709903,0.0,2.0,1.0,0.0,7.0,0.0,0.0,0.0
1630546,2022400397,1612709903,24.0,5.0,1.0,0.0,17.0,7.0,3.0,3.0
1642640,2022400397,1612709903,2.0,7.0,4.0,1.0,3.0,1.0,1.0,0.0
1641869,2022400397,1612709926,16.0,1.0,4.0,0.0,14.0,8.0,0.0,0.0
1630207,2022400397,1612709926,12.0,5.0,16.0,0.0,8.0,5.0,4.0,1.0
1630654,2022400397,1612709926,32.0,0.0,5.0,1.0,18.0,12.0,7.0,4.0
1630569,2022400397,1612709926,21.0,8.0,7.0,0.0,17.0,8.0,2.0,2.0
1642530,2022400397,1612709926,10.0,10.0,4.0,0.0,8.0,4.0,0.0,0.0
1630525,2022400397,1612709926,19.0,3.0,10.0,0.0,22.0,8.0,0.0,0.0
1641938,2022400397,1612709926,0.0,0.0,2.0,0.0,4.0,0.0,0.0,0.0
1641970,2022400397,1612709926,11.0,1.0,5.0,1.0,5.0,5.0,0.0,0.0
1641825,2022400399,1612709931,14.0,2.0,4.0,0.0,14.0,6.0,2.0,2.0
1629308,2022400399,1612709931,22.0,10.0,11.0,0.0,16.0,7.0,5.0,5.0
1642527,2022400399,1612709931,3.0,0.0,1.0,0.0,3.0,1.0,0.0,0.0
1642357,2022400399,1612709931,33.0,3.0,12.0,0.0,26.0,13.0,2.0,2.0
1642714,2022400399,1612709931,0.0,5.0,1.0,0.0,5.0,0.0,0.0,0.0
1642524,2022400399,1612709931,9.0,0.0,1.0,0.0,6.0,4.0,0.0,0.0
1631305,2022400399,1612709931,4.0,0.0,3.0,1.0,2.0,1.0,1.0,1.0
1630535,2022400399,1612709931,17.0,0.0,7.0,3.0,14.0,7.0,2.0,1.0
1642128,2022400399,1612709931,2.0,2.0,0.0,0.0,2.0,1.0,0.0,0.0
1642525,2022400399,1612709931,3.0,0.0,3.0,1.0,3.0,1.0,0.0,0.0
1642396,2022400399,1612709902,17.0,1.0,4.0,0.0,10.0,6.0,3.0,2.0
1630296,2022400399,1612709902,19.0,4.0,8.0,0.0,13.0,9.0,1.0,0.0
1631218,2022400399,1612709902,22.0,2.0,8.0,3.0,16.0,11.0,3.0,0.0
1630311,2022400399,1612709902,25.0,6.0,5.0,0.0,16.0,7.0,7.0,7.0
1641879,2022400399,1612709902,2.0,9.0,1.0,2.0,6.0,1.0,0.0,0.0
1642379,2022400399,1612709902,10.0,4.0,6.0,0.0,6.0,4.0,0.0,0.0
1642429,2022400399,1612709902,6.0,2.0,5.0,1.0,4.0,2.0,0.0,0.0
1641881,2022400399,1612709902,12.0,0.0,2.0,0.0,10.0,4.0,0.0,0.0
1642764,2022400399,1612709902,5.0,1.0,2.0,0.0,3.0,1.0,2.0,2.0
1642280,2022400400,1612709924,23.0,2.0,10.0,1.0,17.0,10.0,2.0,0.0
1631116,2022400400,1612709924,18.0,8.0,12.0,1.0,19.0,8.0,2.0,1.0
1641862,2022400400,1612709924,14.0,2.0,15.0,1.0,14.0,6.0,2.0,1.0
1642353,2022400400,1612709924,16.0,3.0,6.0,0.0,14.0,6.0,2.0,2.0
1630618,2022400400,1612709924,16.0,7.0,3.0,0.0,10.0,6.0,3.0,1.0
1631167,2022400400,1612709924,16.0,2.0,3.0,0.0,12.0,4.0,2.0,2.0
1631286,2022400400,1612709924,14.0,4.0,6.0,0.0,11.0,5.0,2.0,1.0
1642669,2022400400,1612709924,0.0,2.0,0.0,1.0,1.0,0.0,0.0,0.0
1642584,2022400400,1612709924,9.0,3.0,3.0,0.0,6.0,4.0,0.0,0.0
1641926,2022400400,1612709914,18.0,3.0,3.0,2.0,21.0,7.0,3.0,2.0
1630678,2022400400,1612709914,33.0,4.0,11.0,2.0,22.0,12.0,3.0,3.0
1642606,2022400400,1612709914,16.0,0.0,8.0,1.0,10.0,8.0,0.0,0.0
1626184,2022400400,1612709914,10.0,6.0,4.0,0.0,10.0,4.0,0.0,0.0
1631399,2022400400,1612709914,25.0,8.0,5.0,0.0,13.0,5.0,9.0,8.0
1642052,2022400400,1612709914,0.0,1.0,2.0,0.0,1.0,0.0,0.0,0.0
1628968,2022400400,1612709914,4.0,1.0,9.0,0.0,7.0,1.0,1.0,1.0
1642428,2022400400,1612709914,7.0,2.0,4.0,0.0,3.0,2.0,1.0,1.0
201942,0022400927,1610612758,31.0,10.0,7.0,0.0,20.0,9.0,12.0,12.0
1631099,0022400927,1610612758,15.0,2.0,6.0,0.0,12.0,6.0,0.0,0.0
202685,0022400927,1610612758,9.0,7.0,17.0,1.0,10.0,3.0,4.0,3.0
203897,0022400927,1610612758,30.0,2.0,7.0,0.0,22.0,12.0,5.0,5.0
1631165,0022400927,1610612758,8.0,2.0,0.0,0.0,9.0,3.0,0.0,0.0
1631222,0022400927,1610612758,7.0,2.0,3.0,0.0,5.0,3.0,0.0,0.0
1626168,0022400927,1610612758,2.0,1.0,5.0,0.0,4.0,1.0,0.0,0.0
1628365,0022400927,1610612758,0.0,0.0,0.0,0.0,1.0,0.0,0.0,0.0
1642269,0022400927,1610612758,8.0,1.0,3.0,0.0,4.0,3.0,4.0,1.0
202695,0022400927,1610612746,17.0,2.0,4.0,1.0,19.0,7.0,4.0,2.0
201587,0022400927,1610612746,9.0,0.0,4.0,1.0,3.0,3.0,0.0,0.0
1627826,0022400927,1610612746,22.0,2.0,14.0,1.0,14.0,9.0,8.0,4.0
1627739,0022400927,1610612746,4.0,4.0,2.0,1.0,7.0,2.0,0.0,0.0
201935,0022400927,1610612746,29.0,11.0,9.0,0.0,19.0,10.0,8.0,6.0
1627884,0022400927,1610612746,17.0,0.0,3.0,0.0,9.0,7.0,3.0,1.0
203992,0022400927,1610612746,9.0,4.0,2.0,1.0,5.0,3.0,2.0,2.0
1629599,0022400927,1610612746,2.0,0.0,0.0,0.0,4.0,1.0,0.0,0.0
1641738,0022400927,1610612746,2.0,0.0,0.0,0.0,1.0,1.0,0.0,0.0
1629056,2022400402,1612709927,18.0,2.0,1.0,0.0,10.0,8.0,0.0,0.0
1627740,2022400402,1612709927,14.0,5.0,11.0,1.0,13.0,6.0,3.0,2.0
1630641,2022400402,1612709927,10.0,2.0,3.0,6.0,6.0,4.0,1.0,1.0
1629808,2022400402,1612709927,27.0,7.0,10.0,0.0,23.0,11.0,1.0,1.0
1631231,2022400402,1612709927,21.0,9.0,3.0,0.0,19.0,9.0,1.0,1.0
1631219,2022400402,1612709927,14.0,1.0,9.0,1.0,7.0,4.0,1.0,1.0
1626159,2022400402,1612709927,12.0,4.0,6.0,1.0,10.0,4.0,2.0,1.0
1631321,2022400402,1612709933,10.0,3.0,2.0,2.0,13.0,4.0,3.0,1.0
1630651,2022400402,1612709933,2.0,2.0,1.0,0.0,3.0,0.0,1.0,1.0
1631376,2022400402,1612709933,19.0,2.0,11.0,2.0,14.0,7.0,3.0,3.0
1630310,2022400402,1612709933,43.0,4.0,5.0,0.0,33.0,16.0,0.0,0.0
1630547,2022400402,1612709933,14.0,8.0,5.0,2.0,13.0,5.0,1.0,0.0
1630812,2022400402,1612709933,14.0,0.0,5.0,0.0,8.0,5.0,3.0,2.0
1642568,2022400402,1612709933,8.0,0.0,1.0,0.0,6.0,3.0,0.0,0.0
1642412,2022400402,1612709933,2.0,5.0,15.0,0.0,1.0,0.0,1.0,1.0
1641941,2022400402,1612709933,0.0,1.0,0.0,0.0,1.0,0.0,0.0,0.0
1641755,2022400401,1612709919,6.0,6.0,2.0,0.0,7.0,1.0,4.0,3.0
1629643,2022400401,1612709919,22.0,6.0,6.0,2.0,18.0,8.0,1.0,1.0
1629650,2022400401,1612709919,17.0,0.0,14.0,0.0,11.0,8.0,3.0,1.0
203933,2022400401,1612709919,3.0,5.0,4.0,0.0,4.0,1.0,2.0,1.0
1642486,2022400401,1612709919,5.0,0.0,1.0,1.0,8.0,2.0,1.0,0.0
1642359,2022400401,1612709919,13.0,4.0,4.0,0.0,8.0,4.0,2.0,2.0
1641924,2022400401,1612709919,16.0,1.0,4.0,0.0,10.0,6.0,0.0,0.0
1630733,2022400401,1612709919,18.0,2.0,5.0,0.0,12.0,6.0,3.0,3.0
1641830,2022400401,1612709919,4.0,1.0,2.0,5.0,2.0,2.0,0.0,0.0
1630342,2022400401,1612709913,7.0,1.0,3.0,2.0,9.0,3.0,0.0,0.0
1628432,2022400401,1612709913,11.0,2.0,4.0,0.0,7.0,3.0,2.0,1.0
1642490,2022400401,1612709913,18.0,3.0,17.0,2.0,14.0,7.0,2.0,2.0
1631311,2022400401,1612709913,22.0,4.0,2.0,1.0,20.0,5.0,4.0,4.0
1630622,2022400401,1612709913,29.0,3.0,3.0,0.0,22.0,11.0,1.0,1.0
1629955,2022400401,1612709913,5.0,2.0,0.0,0.0,4.0,2.0,0.0,0.0
1630272,2022400401,1612709913,2.0,4.0,2.0,0.0,4.0,1.0,0.0,0.0
1631462,2022400401,1612709913,6.0,1.0,1.0,0.0,3.0,2.0,0.0,0.0
204105,2022400401,1612709913,0.0,0.0,0.0,0.0,1.0,0.0,0.0,0.0
1630585,2022400398,1612709922,7.0,3.0,4.0,1.0,13.0,3.0,0.0,0.0
1631301,2022400398,1612709922,17.0,2.0,4.0,0.0,14.0,6.0,2.0,2.0
1629617,2022400398,1612709922,10.0,2.0,5.0,1.0,9.0,3.0,2.0,2.0
1641749,2022400398,1612709922,22.0,3.0,5.0,0.0,16.0,7.0,3.0,2.0
1642354,2022400398,1612709922,17.0,4.0,2.0,0.0,14.0,5.0,3.0,3.0
1642531,2022400398,1612709922,7.0,0.0,5.0,1.0,5.0,3.0,1.0,1.0
1631474,2022400398,1612709922,12.0,5.0,5.0,0.0,7.0,5.0,1.0,1.0
1641799,2022400398,1612709922,2.0,4.0,7.0,0.0,3.0,1.0,0.0,0.0
1630640,2022400398,1612709922,7.0,1.0,1.0,0.0,5.0,3.0,0.0,0.0
1642072,2022400398,1612709922,7.0,0.0,3.0,2.0,4.0,3.0,1.0,0.0
1642045,2022400398,1612709922,2.0,0.0,3.0,0.0,3.0,1.0,0.0,0.0
1631457,2022400398,1612709925,2.0,3.0,4.0,0.0,4.0,1.0,0.0,0.0
1642066,2022400398,1612709925,25.0,2.0,8.0,1.0,13.0,8.0,3.0,3.0
1641771,2022400398,1612709925,12.0,2.0,6.0,2.0,10.0,5.0,2.0,1.0
1630679,2022400398,1612709925,14.0,3.0,5.0,0.0,9.0,3.0,5.0,3.0
1630644,2022400398,1612709925,35.0,11.0,6.0,1.0,26.0,15.0,1.0,0.0
1629633,2022400398,1612709925,14.0,2.0,9.0,0.0,12.0,6.0,1.0,0.0
1642235,2022400398,1612709925,0.0,1.0,2.0,0.0,1.0,0.0,0.0,0.0
1630606,2022400398,1612709925,22.0,4.0,5.0,0.0,17.0,8.0,2.0,1.0
1626217,2022400398,1612709925,0.0,0.0,5.0,1.0,1.0,0.0,0.0,0.0
201142,0022400921,1610612756,21.0,8.0,9.0,1.0,15.0,8.0,4.0,4.0
1629626,0022400921,1610612756,6.0,1.0,5.0,0.0,5.0,3.0,0.0,0.0
1630208,0022400921,1610612756,14.0,0.0,9.0,1.0,7.0,6.0,2.0,2.0
203078,0022400921,1610612756,19.0,6.0,3.0,0.0,10.0,7.0,2.0,2.0
1626164,0022400921,1610612756,24.0,6.0,3.0,0.0,21.0,10.0,4.0,4.0
203486,0022400921,1610612756,13.0,1.0,5.0,0.0,6.0,5.0,4.0,3.0
1626220,0022400921,1610612756,6.0,3.0,8.0,0.0,4.0,2.0,0.0,0.0
1628960,0022400921,1610612756,17.0,4.0,1.0,2.0,10.0,6.0,2.0,2.0
1626145,0022400921,1610612756,2.0,4.0,2.0,0.0,4.0,1.0,0.0,0.0
1631221,0022400921,1610612756,3.0,0.0,0.0,0.0,2.0,1.0,0.0,0.0
1642346,0022400921,1610612756,0.0,0.0,1.0,0.0,0.0,0.0,0.0,0.0
202691,0022400921,1610612742,26.0,4.0,5.0,0.0,20.0,8.0,5.0,5.0
1630230,0022400921,1610612742,34.0,10.0,9.0,0.0,22.0,13.0,6.0,5.0
1630556,0022400921,1610612742,10.0,2.0,3.0,1.0,10.0,4.0,0.0,0.0
1631108,0022400921,1610612742,12.0,2.0,3.0,0.0,5.0,4.0,0.0,0.0
1630314,0022400921,1610612742,13.0,5.0,5.0,0.0,10.0,5.0,2.0,2.0
203915,0022400921,1610612742,4.0,2.0,1.0,0.0,6.0,2.0,2.0,0.0
203939,0022400921,1610612742,2.0,0.0,3.0,1.0,1.0,1.0,0.0,0.0
1628997,0022400921,1610612742,3.0,2.0,1.0,0.0,6.0,1.0,1.0,1.0
203957,0022400921,1610612742,12.0,2.0,2.0,0.0,8.0,5.0,0.0,0.0
1627827,0022400918,1610612747,8.0,0.0,4.0,0.0,8.0,3.0,0.0,0.0
2544,0022400918,1610612747,22.0,9.0,14.0,0.0,23.0,11.0,3.0,0.0
1629020,0022400918,1610612747,4.0,2.0,8.0,0.0,5.0,2.0,1.0,0.0
1630559,0022400918,1610612747,16.0,2.0,3.0,0.0,12.0,5.0,2.0,2.0
1629029,0022400918,1610612747,34.0,3.0,8.0,0.0,22.0,11.0,8.0,7.0
1629216,0022400918,1610612747,2.0,1.0,0.0,0.0,4.0,1.0,0.0,0.0
1642261,0022400918,1610612747,9.0,1.0,5.0,1.0,6.0,4.0,0.0,0.0
1630692,0022400918,1610612747,6.0,0.0,3.0,0.0,6.0,2.0,0.0,0.0
1641998,0022400918,1610612747,0.0,0.0,0.0,0.0,1.0,0.0,0.0,0.0
1627759,0022400918,1610612738,31.0,2.0,6.0,0.0,25.0,13.0,4.0,2.0
1628369,0022400918,1610612738,40.0,8.0,12.0,1.0,28.0,12.0,12.0,10.0
201143,0022400918,1610612738,14.0,4.0,9.0,1.0,9.0,5.0,4.0,3.0
1628401,0022400918,1610612738,10.0,7.0,5.0,1.0,7.0,3.0,3.0,3.0
201950,0022400918,1610612738,7.0,1.0,5.0,0.0,6.0,3.0,0.0,0.0
1630202,0022400918,1610612738,3.0,2.0,2.0,2.0,5.0,1.0,0.0,0.0
1628436,0022400918,1610612738,6.0,0.0,4.0,0.0,3.0,3.0,2.0,0.0
1630573,0022400918,1610612738,0.0,0.0,0.0,0.0,1.0,0.0,0.0,0.0
1630174,0022400914,1610612754,14.0,2.0,1.0,0.0,12.0,6.0,0.0,0.0
1627783,0022400914,1610612754,23.0,3.0,7.0,1.0,19.0,8.0,6.0,6.0
1626167,0022400914,1610612754,14.0,2.0,6.0,2.0,10.0,4.0,7.0,6.0
1641767,0022400914,1610612754,5.0,0.0,4.0,0.0,5.0,2.0,1.0,1.0
1629614,0022400914,1610612754,11.0,12.0,5.0,0.0,11.0,5.0,0.0,0.0
1631097,0022400914,1610612754,30.0,5.0,8.0,0.0,20.0,9.0,10.0,8.0
204456,0022400914,1610612754,0.0,0.0,0.0,0.0,0.0,0.0,0.0,0.0
1630167,0022400914,1610612754,9.0,1.0,3.0,1.0,6.0,3.0,4.0,3.0
1641716,0022400914,1610612754,0.0,0.0,0.0,0.0,0.0,0.0,0.0,0.0
1628418,0022400914,1610612754,10.0,1.0,5.0,2.0,7.0,3.0,2.0,2.0
1631245,0022400914,1610612754,2.0,3.0,2.0,0.0,4.0,1.0,0.0,0.0
1642258,0022400914,1610612737,6.0,0.0,1.0,2.0,7.0,3.0,0.0,0.0
1631243,0022400914,1610612737,6.0,2.0,0.0,2.0,5.0,2.0,2.0,2.0
1630168,0022400914,1610612737,16.0,2.0,16.0,3.0,12.0,7.0,2.0,2.0
1630700,0022400914,1610612737,10.0,4.0,6.0,0.0,10.0,4.0,0.0,0.0
1629027,0022400914,1610612737,36.0,8.0,4.0,0.0,24.0,11.0,12.0,11.0
1627747,0022400914,1610612737,26.0,1.0,3.0,2.0,17.0,10.0,2.0,2.0
1627777,0022400914,1610612737,6.0,1.0,4.0,1.0,6.0,2.0,1.0,1.0
203991,0022400914,1610612737,8.0,1.0,9.0,0.0,9.0,4.0,0.0,0.0
1629611,0022400914,1610612737,6.0,4.0,5.0,0.0,7.0,2.0,2.0,2.0
1630811,0022400914,1610612737,0.0,0.0,0.0,0.0,0.0,0.0,0.0,0.0
1630553,0022400912,1610612751,1.0,2.0,3.0,1.0,2.0,0.0,2.0,1.0
1630533,0022400912,1610612751,19.0,1.0,3.0,2.0,11.0,6.0,3.0,3.0
1629651,0022400912,1610612751,8.0,2.0,6.0,2.0,5.0,4.0,0.0,0.0
1630560,0022400912,1610612751,16.0,3.0,2.0,0.0,18.0,7.0,1.0,1.0
1626156,0022400912,1610612751,28.0,7.0,6.0,1.0,18.0,10.0,6.0,4.0
1631213,0022400912,1610612751,7.0,1.0,5.0,1.0,5.0,3.0,0.0,0.0
1630592,0022400912,1610612751,7.0,0.0,1.0,0.0,4.0,2.0,1.0,1.0
1630570,0022400912,1610612751,12.0,2.0,4.0,1.0,11.0,5.0,0.0,0.0
1641730,0022400912,1610612751,0.0,1.0,4.0,0.0,5.0,0.0,0.0,0.0
1630549,0022400912,1610612751,4.0,1.0,3.0,2.0,3.0,1.0,2.0,2.0
1630182,0022400912,1610612766,0.0,5.0,4.0,0.0,5.0,0.0,0.0,0.0
1628970,0022400912,1610612766,26.0,5.0,12.0,1.0,20.0,9.0,6.0,6.0
1631217,0022400912,1610612766,16.0,2.0,15.0,0.0,12.0,8.0,0.0,0.0
1641733,0022400912,1610612766,19.0,2.0,2.0,0.0,16.0,6.0,4.0,4.0
1641878,0022400912,1610612766,14.0,4.0,2.0,0.0,17.0,6.0,1.0,0.0
1642275,0022400912,1610612766,9.0,2.0,3.0,0.0,8.0,3.0,2.0,2.0
1630201,0022400912,1610612766,9.0,1.0,5.0,0.0,7.0,3.0,3.0,2.0
1629610,0022400912,1610612766,3.0,1.0,0.0,0.0,5.0,1.0,0.0,0.0
201959,0022400912,1610612766,4.0,1.0,2.0,0.0,4.0,2.0,0.0,0.0
1631111,0022400912,1610612766,5.0,2.0,5.0,1.0,4.0,2.0,0.0,0.0
1642485,2022400390,1612709915,4.0,3.0,8.0,0.0,4.0,0.0,2.0,2.0
1642400,2022400390,1612709915,26.0,0.0,4.0,0.0,16.0,8.0,6.0,4.0
1630791,2022400390,1612709915,4.0,0.0,5.0,0.0,3.0,2.0,0.0,0.0
1631120,2022400390,1612709915,36.0,10.0,5.0,0.0,25.0,12.0,7.0,6.0
1642696,2022400390,1612709915,0.0,1.0,4.0,0.0,4.0,0.0,0.0,0.0
1642508,2022400390,1612709915,10.0,1.0,2.0,2.0,5.0,4.0,2.0,1.0
1630206,2022400390,1612709915,20.0,3.0,6.0,1.0,19.0,8.0,2.0,0.0
1641936,2022400390,1612709915,14.0,1.0,6.0,0.0,10.0,5.0,0.0,0.0
1642620,2022400390,1612709915,3.0,2.0,0.0,0.0,2.0,1.0,0.0,0.0
1629800,2022400390,1612709915,2.0,0.0,4.0,0.0,3.0,1.0,0.0,0.0
1630762,2022400390,1612709915,4.0,1.0,6.0,1.0,5.0,2.0,0.0,0.0
1631247,2022400390,1612709893,16.0,9.0,10.0,0.0,18.0,7.0,2.0,1.0
1631449,2022400390,1612709893,10.0,2.0,8.0,1.0,8.0,5.0,0.0,0.0
1641772,2022400390,1612709893,33.0,0.0,11.0,2.0,16.0,14.0,1.0,1.0
1641734,2022400390,1612709893,24.0,5.0,8.0,0.0,18.0,9.0,6.0,1.0
1642468,2022400390,1612709893,9.0,4.0,4.0,0.0,5.0,3.0,1.0,1.0
1630190,2022400390,1612709893,7.0,0.0,0.0,0.0,13.0,2.0,1.0,1.0
1631262,2022400390,1612709893,18.0,4.0,5.0,0.0,12.0,5.0,4.0,4.0
1631436,2022400390,1612709893,4.0,0.0,0.0,0.0,0.0,0.0,2.0,2.0
1642619,2022400390,1612709893,3.0,0.0,1.0,0.0,1.0,1.0,0.0,0.0
1631395,2022400390,1612709893,3.0,2.0,1.0,0.0,2.0,1.0,0.0,0.0
1630532,0022400917,1610612753,18.0,5.0,7.0,0.0,17.0,8.0,1.0,1.0
1631094,0022400917,1610612753,29.0,2.0,6.0,0.0,16.0,9.0,10.0,7.0
1628976,0022400917,1610612753,7.0,0.0,4.0,0.0,7.0,3.0,1.0,1.0
203484,0022400917,1610612753,9.0,1.0,3.0,1.0,8.0,3.0,2.0,2.0
1630175,0022400917,1610612753,22.0,9.0,4.0,3.0,13.0,8.0,2.0,2.0
1628371,0022400917,1610612753,4.0,0.0,1.0,0.0,2.0,2.0,0.0,0.0
1641710,0022400917,1610612753,11.0,0.0,2.0,1.0,9.0,5.0,0.0,0.0
1631216,0022400917,1610612753,3.0,0.0,0.0,0.0,4.0,1.0,0.0,0.0
1641783,0022400917,1610612753,5.0,1.0,3.0,0.0,4.0,2.0,1.0,1.0
203914,0022400917,1610612753,0.0,1.0,2.0,0.0,1.0,0.0,0.0,0.0
1629048,0022400917,1610612753,3.0,0.0,2.0,0.0,1.0,1.0,2.0,1.0
1628398,0022400917,1610612749,11.0,0.0,8.0,0.0,10.0,3.0,8.0,5.0
203507,0022400917,1610612749,37.0,4.0,11.0,0.0,23.0,15.0,11.0,7.0
201572,0022400917,1610612749,8.0,0.0,2.0,1.0,4.0,3.0,0.0,0.0
1627752,0022400917,1610612749,13.0,3.0,4.0,0.0,10.0,5.0,0.0,0.0
203081,0022400917,1610612749,26.0,4.0,7.0,0.0,18.0,9.0,4.0,4.0
1631260,0022400917,1610612749,0.0,4.0,2.0,0.0,3.0,0.0,0.0,0.0
1629645,0022400917,1610612749,12.0,2.0,2.0,0.0,6.0,5.0,0.0,0.0
1630579,0022400917,1610612749,2.0,0.0,2.0,3.0,1.0,1.0,0.0,0.0
1630581,0022400916,1610612741,26.0,12.0,10.0,1.0,15.0,9.0,6.0,5.0
1641824,0022400916,1610612741,13.0,1.0,5.0,0.0,9.0,4.0,4.0,4.0
1628380,0022400916,1610612741,18.0,3.0,15.0,0.0,11.0,6.0,2.0,2.0
1629632,0022400916,1610612741,21.0,3.0,3.0,0.0,16.0,6.0,9.0,9.0
1630200,0022400916,1610612741,15.0,5.0,5.0,1.0,11.0,7.0,0.0,0.0
1628989,0022400916,1610612741,11.0,0.0,3.0,0.0,13.0,4.0,4.0,2.0
1631207,0022400916,1610612741,3.0,0.0,1.0,0.0,1.0,1.0,1.0,1.0
1630188,0022400916,1610612741,7.0,1.0,4.0,2.0,9.0,3.0,0.0,0.0
1641763,0022400916,1610612741,0.0,0.0,3.0,0.0,2.0,0.0,0.0,0.0
1629659,0022400916,1610612741,0.0,2.0,2.0,0.0,1.0,0.0,0.0,0.0
203952,0022400916,1610612748,22.0,1.0,3.0,1.0,17.0,9.0,2.0,1.0
1628389,0022400916,1610612748,22.0,2.0,6.0,0.0,17.0,8.0,6.0,5.0
1642276,0022400916,1610612748,7.0,0.0,12.0,2.0,7.0,3.0,2.0,1.0
1629639,0022400916,1610612748,21.0,6.0,8.0,2.0,19.0,8.0,3.0,3.0
1630558,0022400916,1610612748,4.0,8.0,3.0,0.0,5.0,2.0,2.0,0.0
1629312,0022400916,1610612748,2.0,2.0,3.0,0.0,5.0,0.0,2.0,2.0
1629130,0022400916,1610612748,12.0,4.0,1.0,0.0,15.0,4.0,2.0,2.0
1626179,0022400916,1610612748,15.0,0.0,4.0,0.0,9.0,5.0,0.0,0.0
1631170,0022400916,1610612748,4.0,2.0,4.0,0.0,3.0,2.0,0.0,0.0
1642450,2022400393,1612709932,18.0,4.0,6.0,0.0,18.0,8.0,0.0,0.0
1641752,2022400393,1612709932,6.0,6.0,4.0,0.0,8.0,2.0,1.0,1.0
1642449,2022400393,1612709932,16.0,0.0,13.0,1.0,10.0,7.0,4.0,1.0
1631199,2022400393,1612709932,18.0,1.0,5.0,1.0,15.0,6.0,1.0,1.0
1642517,2022400393,1612709932,10.0,1.0,4.0,0.0,8.0,5.0,0.0,0.0
1642588,2022400393,1612709932,6.0,0.0,2.0,0.0,6.0,3.0,0.0,0.0
1642759,2022400393,1612709932,8.0,5.0,4.0,1.0,9.0,3.0,1.0,1.0
1642578,2022400393,1612709932,8.0,2.0,2.0,1.0,6.0,3.0,1.0,1.0
1642676,2022400393,1612709932,4.0,1.0,0.0,0.0,2.0,1.0,2.0,1.0
1642071,2022400393,1612709932,2.0,1.0,1.0,0.0,2.0,1.0,0.0,0.0
1642500,2022400393,1612709932,5.0,0.0,0.0,0.0,1.0,1.0,1.0,1.0
1631379,2022400393,1612709932,2.0,1.0,0.0,0.0,3.0,1.0,0.0,0.0
1631306,2022400393,1612709905,17.0,2.0,3.0,0.0,14.0,6.0,1.0,1.0
1626169,2022400393,1612709905,8.0,3.0,10.0,0.0,9.0,3.0,0.0,0.0
1642618,2022400393,1612709905,24.0,2.0,8.0,2.0,13.0,8.0,2.0,2.0
1642439,2022400393,1612709905,7.0,4.0,1.0,0.0,7.0,3.0,0.0,0.0
1642355,2022400393,1612709905,16.0,7.0,5.0,0.0,9.0,5.0,2.0,2.0
1642438,2022400393,1612709905,4.0,8.0,2.0,0.0,5.0,2.0,0.0,0.0
1642547,2022400393,1612709905,10.0,1.0,2.0,0.0,6.0,4.0,1.0,1.0
1630283,2022400393,1612709905,8.0,1.0,3.0,4.0,3.0,2.0,2.0,2.0
1641811,2022400393,1612709905,3.0,1.0,0.0,0.0,4.0,1.0,0.0,0.0
1641888,2022400393,1612709905,24.0,1.0,2.0,0.0,11.0,9.0,0.0,0.0
1642053,2022400393,1612709905,0.0,0.0,1.0,0.0,1.0,0.0,0.0,0.0
1629627,0022400913,1610612740,20.0,3.0,2.0,0.0,19.0,10.0,2.0,0.0
203482,0022400913,1610612740,0.0,6.0,6.0,2.0,5.0,0.0,0.0,0.0
1642274,0022400913,1610612740,14.0,4.0,6.0,0.0,7.0,6.0,2.0,2.0
1630530,0022400913,1610612740,13.0,2.0,5.0,1.0,12.0,6.0,2.0,1.0
203468,0022400913,1610612740,17.0,2.0,5.0,0.0,13.0,6.0,2.0,1.0
1641722,0022400913,1610612740,13.0,1.0,2.0,0.0,12.0,4.0,2.0,1.0
1631255,0022400913,1610612740,11.0,1.0,7.0,0.0,5.0,5.0,1.0,1.0
1630526,0022400913,1610612740,7.0,1.0,4.0,0.0,6.0,3.0,0.0,0.0
1630631,0022400913,1610612740,17.0,7.0,4.0,0.0,16.0,7.0,1.0,1.0
1631288,0022400913,1610612740,5.0,2.0,3.0,0.0,4.0,1.0,4.0,2.0
1628415,0022400913,1610612745,27.0,3.0,4.0,0.0,14.0,9.0,2.0,2.0
1631106,0022400913,1610612745,12.0,1.0,2.0,0.0,11.0,6.0,0.0,0.0
1630578,0022400913,1610612745,20.0,6.0,5.0,2.0,11.0,7.0,7.0,6.0
1630224,0022400913,1610612745,14.0,3.0,7.0,0.0,15.0,5.0,2.0,2.0
1641708,0022400913,1610612745,15.0,11.0,9.0,1.0,11.0,7.0,2.0,1.0
1631095,0022400913,1610612745,14.0,1.0,5.0,0.0,9.0,6.0,0.0,0.0
203500,0022400913,1610612745,6.0,2.0,8.0,2.0,5.0,3.0,0.0,0.0
1628988,0022400913,1610612745,20.0,2.0,4.0,0.0,14.0,7.0,2.0,2.0
201145,0022400913,1610612745,3.0,1.0,2.0,1.0,1.0,1.0,0.0,0.0
1641715,0022400913,1610612745,8.0,2.0,0.0,0.0,3.0,2.0,4.0,4.0
1631466,0022400913,1610612745,3.0,0.0,0.0,1.0,4.0,1.0,0.0,0.0
1629111,0022400913,1610612745,0.0,0.0,1.0,0.0,0.0,0.0,0.0,0.0
1630256,0022400913,1610612745,4.0,0.0,1.0,0.0,1.0,1.0,2.0,2.0
1642273,0022400915,1610612764,5.0,3.0,6.0,3.0,6.0,2.0,0.0,0.0
203114,0022400915,1610612764,12.0,2.0,3.0,0.0,9.0,4.0,4.0,3.0
1642259,0022400915,1610612764,10.0,3.0,14.0,1.0,16.0,5.0,2.0,0.0
1641731,0022400915,1610612764,18.0,4.0,10.0,0.0,15.0,7.0,4.0,3.0
1629673,0022400915,1610612764,34.0,5.0,2.0,1.0,20.0,12.0,3.0,3.0
1642267,0022400915,1610612764,8.0,3.0,2.0,0.0,9.0,3.0,0.0,0.0
1630557,0022400915,1610612764,12.0,1.0,1.0,0.0,7.0,4.0,4.0,3.0
1626158,0022400915,1610612764,10.0,4.0,11.0,1.0,11.0,5.0,0.0,0.0
203935,0022400915,1610612764,9.0,4.0,1.0,0.0,7.0,2.0,6.0,5.0
1630551,0022400915,1610612764,0.0,0.0,0.0,1.0,0.0,0.0,0.0,0.0
1629628,0022400915,1610612761,23.0,3.0,9.0,1.0,17.0,7.0,5.0,5.0
1630567,0022400915,1610612761,18.0,4.0,2.0,0.0,16.0,4.0,10.0,9.0
1627751,0022400915,1610612761,21.0,5.0,5.0,0.0,13.0,9.0,3.0,3.0
1630639,0022400915,1610612761,7.0,2.0,3.0,0.0,11.0,2.0,2.0,2.0
1642347,0022400915,1610612761,11.0,9.0,5.0,0.0,12.0,5.0,0.0,0.0
1630658,0022400915,1610612761,6.0,0.0,6.0,2.0,6.0,3.0,0.0,0.0
1631197,0022400915,1610612761,13.0,0.0,4.0,1.0,8.0,4.0,6.0,5.0
1631115,0022400915,1610612761,7.0,1.0,7.0,2.0,5.0,2.0,4.0,3.0
1642419,0022400915,1610612761,11.0,0.0,8.0,0.0,7.0,4.0,0.0,0.0
1642280,2022400394,1612709924,16.0,3.0,8.0,0.0,13.0,5.0,3.0,3.0
1631116,2022400394,1612709924,24.0,3.0,9.0,2.0,16.0,10.0,2.0,1.0
1641862,2022400394,1612709924,2.0,3.0,5.0,0.0,3.0,1.0,0.0,0.0
1642353,2022400394,1612709924,10.0,1.0,1.0,0.0,17.0,4.0,0.0,0.0
1630618,2022400394,1612709924,18.0,4.0,2.0,1.0,11.0,4.0,3.0,3.0
1631167,2022400394,1612709924,15.0,3.0,1.0,0.0,10.0,3.0,4.0,4.0
1642669,2022400394,1612709924,0.0,2.0,6.0,0.0,1.0,0.0,0.0,0.0
1631286,2022400394,1612709924,20.0,0.0,4.0,0.0,13.0,7.0,1.0,1.0
1642584,2022400394,1612709924,0.0,2.0,3.0,0.0,1.0,0.0,0.0,0.0
1642522,2022400394,1612709924,0.0,0.0,1.0,0.0,0.0,0.0,0.0,0.0
1641926,2022400394,1612709914,18.0,2.0,4.0,1.0,15.0,6.0,1.0,1.0
1630678,2022400394,1612709914,27.0,1.0,5.0,2.0,18.0,10.0,4.0,4.0
1642606,2022400394,1612709914,4.0,2.0,11.0,2.0,5.0,2.0,0.0,0.0
1630222,2022400394,1612709914,29.0,14.0,10.0,0.0,20.0,11.0,1.0,1.0
1631399,2022400394,1612709914,21.0,7.0,4.0,1.0,12.0,8.0,0.0,0.0
1628968,2022400394,1612709914,8.0,0.0,9.0,0.0,12.0,4.0,0.0,0.0
1626184,2022400394,1612709914,12.0,2.0,1.0,0.0,8.0,5.0,0.0,0.0
1642428,2022400394,1612709914,2.0,1.0,1.0,0.0,1.0,0.0,1.0,1.0
1642052,2022400394,1612709914,2.0,0.0,0.0,0.0,1.0,1.0,0.0,0.0
202699,0022400919,1610612765,15.0,2.0,12.0,0.0,11.0,4.0,8.0,7.0
1641709,0022400919,1610612765,6.0,0.0,5.0,1.0,6.0,2.0,2.0,2.0
1631105,0022400919,1610612765,13.0,2.0,13.0,0.0,11.0,6.0,3.0,1.0
203501,0022400919,1610612765,6.0,2.0,2.0,0.0,9.0,2.0,2.0,1.0
1630595,0022400919,1610612765,31.0,5.0,4.0,2.0,17.0,10.0,10.0,9.0
1627736,0022400919,1610612765,17.0,1.0,2.0,1.0,14.0,6.0,6.0,3.0
1631323,0022400919,1610612765,0.0,0.0,2.0,0.0,1.0,0.0,0.0,0.0
1630191,0022400919,1610612765,7.0,1.0,3.0,0.0,3.0,2.0,3.0,3.0
203471,0022400919,1610612765,11.0,4.0,0.0,0.0,8.0,5.0,2.0,1.0
1641842,0022400919,1610612765,4.0,0.0,1.0,0.0,5.0,2.0,0.0,0.0
202710,0022400919,1610612744,26.0,5.0,9.0,0.0,17.0,9.0,7.0,6.0
203110,0022400919,1610612744,12.0,7.0,9.0,1.0,7.0,3.0,6.0,4.0
1642366,0022400919,1610612744,6.0,1.0,2.0,0.0,10.0,3.0,0.0,0.0
1630541,0022400919,1610612744,12.0,3.0,7.0,0.0,11.0,3.0,4.0,4.0
201939,0022400919,1610612744,32.0,4.0,3.0,0.0,22.0,8.0,12.0,12.0
1627741,0022400919,1610612744,8.0,2.0,4.0,1.0,7.0,3.0,2.0,1.0
1627780,0022400919,1610612744,2.0,1.0,2.0,0.0,1.0,0.0,2.0,2.0
1626172,0022400919,1610612744,2.0,1.0,4.0,0.0,1.0,1.0,0.0,0.0
1630611,0022400919,1610612744,15.0,1.0,6.0,1.0,8.0,5.0,6.0,4.0
1631218,0022400919,1610612744,0.0,1.0,0.0,1.0,0.0,0.0,2.0,0.0
1630311,0022400919,1610612744,0.0,0.0,0.0,0.0,0.0,0.0,0.0,0.0
1641856,2022400391,1612709917,9,3,2,0,13,2,2,2
1641790,2022400391,1612709917,12,1,10,2,14,6,0,0
1641777,2022400391,1612709917,10,3,13,0,7,3,4,2
1641847,2022400391,1612709917,21,2,6,1,15,7,2,1
1642019,2022400391,1612709917,6,8,2,0,13,3,1,0
1642595,2022400391,1612709917,23,3,1,0,17,9,0,0
1642440,2022400391,1612709917,11,0,8,1,9,4,2,2
1642597,2022400391,1612709917,2,0,1,0,1,1,0,0
1642249,2022400391,1612709917,5,1,2,0,1,1,3,2
1642444,2022400391,1612709917,5,0,1,0,3,2,1,1
1630895,2022400391,1612709917,3,2,0,0,1,1,0,0
1631311,2022400391,1612709913,21,6,5,0,11,6,7,4
1631232,2022400391,1612709913,8,3,4,0,5,2,2,2
1628964,2022400391,1612709913,24,3,18,3,15,7,3,3
1641810,2022400391,1612709913,24,3,3,1,19,11,0,0
1630622,2022400391,1612709913,14,5,2,0,10,5,1,1
1642490,2022400391,1612709913,4,1,4,0,4,2,0,0
1628432,2022400391,1612709913,10,4,2,0,5,2,2,2
1630342,2022400391,1612709913,11,0,1,1,5,4,0,0
1629955,2022400391,1612709913,4,4,5,0,4,1,1,1
1630272,2022400391,1612709913,2,1,0,0,2,1,0,0
204105,2022400391,1612709913,3,0,0,0,1,1,0,0
1631462,2022400391,1612709913,3,0,1,0,2,1,0,0
1641986,2022400392,1612709918,23.0,5.0,10.0,3.0,19.0,6.0,6.0,5.0
1642701,2022400392,1612709918,10.0,2.0,5.0,0.0,17.0,4.0,0.0,0.0
1642499,2022400392,1612709918,11.0,4.0,21.0,0.0,8.0,5.0,0.0,0.0
1629015,2022400392,1612709918,34.0,4.0,6.0,2.0,20.0,10.0,5.0,5.0
1641789,2022400392,1612709918,10.0,2.0,3.0,0.0,10.0,4.0,1.0,1.0
1631236,2022400392,1612709918,6.0,2.0,2.0,0.0,4.0,2.0,0.0,0.0
1641947,2022400392,1612709918,10.0,2.0,3.0,1.0,10.0,4.0,0.0,0.0
1631257,2022400392,1612709908,2.0,0.0,10.0,2.0,6.0,1.0,0.0,0.0
1629098,2022400392,1612709908,14.0,1.0,10.0,0.0,17.0,6.0,0.0,0.0
1642516,2022400392,1612709908,10.0,4.0,11.0,1.0,8.0,4.0,1.0,1.0
1630227,2022400392,1612709908,15.0,1.0,6.0,0.0,11.0,5.0,4.0,3.0
1641999,2022400392,1612709908,2.0,2.0,2.0,0.0,2.0,1.0,1.0,0.0
1641806,2022400392,1612709908,34.0,9.0,5.0,0.0,20.0,13.0,1.0,1.0
1631223,2022400392,1612709908,13.0,1.0,4.0,1.0,13.0,5.0,0.0,0.0
1642591,2022400392,1612709908,3.0,0.0,1.0,0.0,5.0,1.0,0.0,0.0
1642592,2022400392,1612709908,20.0,3.0,2.0,0.0,13.0,8.0,0.0,0.0
1629729,2022400392,1612709908,2.0,1.0,1.0,1.0,1.0,1.0,1.0,0.0
1642377,0022400906,1610612763,5.0,1.0,5.0,1.0,4.0,2.0,0.0,0.0
1630583,0022400906,1610612763,6.0,3.0,5.0,0.0,6.0,3.0,0.0,0.0
1641744,0022400906,1610612763,8.0,0.0,12.0,3.0,11.0,4.0,0.0,0.0
1630217,0022400906,1610612763,27.0,6.0,16.0,2.0,24.0,11.0,3.0,3.0
1629630,0022400906,1610612763,31.0,8.0,4.0,0.0,29.0,13.0,5.0,4.0
1631246,0022400906,1610612763,12.0,1.0,4.0,0.0,6.0,4.0,2.0,2.0
1630590,0022400906,1610612763,4.0,4.0,2.0,0.0,5.0,2.0,0.0,0.0
1629634,0022400906,1610612763,17.0,2.0,8.0,4.0,10.0,6.0,6.0,5.0
1628379,0022400906,1610612763,7.0,3.0,1.0,1.0,7.0,3.0,0.0,0.0
1641713,0022400906,1610612763,5.0,0.0,2.0,1.0,4.0,2.0,0.0,0.0
202691,0022400906,1610612742,15.0,1.0,4.0,3.0,19.0,6.0,0.0,0.0
1630230,0022400906,1610612742,29.0,2.0,17.0,0.0,23.0,10.0,9.0,8.0
1630556,0022400906,1610612742,13.0,3.0,3.0,1.0,9.0,4.0,2.0,2.0
1631108,0022400906,1610612742,8.0,3.0,5.0,1.0,11.0,3.0,0.0,0.0
203957,0022400906,1610612742,3.0,1.0,2.0,0.0,6.0,1.0,0.0,0.0
1630314,0022400906,1610612742,31.0,6.0,5.0,0.0,15.0,10.0,8.0,7.0
203915,0022400906,1610612742,10.0,4.0,3.0,1.0,12.0,2.0,5.0,5.0
203939,0022400906,1610612742,0.0,1.0,2.0,0.0,0.0,0.0,0.0,0.0
1628997,0022400906,1610612742,2.0,3.0,4.0,1.0,1.0,1.0,0.0,0.0
201142,0022400909,1610612756,29.0,5.0,9.0,0.0,16.0,10.0,7.0,6.0
1629626,0022400909,1610612756,5.0,1.0,5.0,0.0,6.0,2.0,0.0,0.0
1630208,0022400909,1610612756,18.0,0.0,5.0,1.0,13.0,9.0,1.0,0.0
203078,0022400909,1610612756,11.0,9.0,1.0,0.0,13.0,5.0,2.0,1.0
1626164,0022400909,1610612756,34.0,7.0,6.0,0.0,19.0,10.0,9.0,9.0
1628960,0022400909,1610612756,11.0,4.0,0.0,0.0,4.0,3.0,5.0,3.0
203486,0022400909,1610612756,18.0,0.0,11.0,1.0,8.0,7.0,5.0,4.0
1626145,0022400909,1610612756,6.0,5.0,1.0,0.0,7.0,2.0,0.0,0.0
1626220,0022400909,1610612756,6.0,5.0,1.0,0.0,4.0,2.0,0.0,0.0
1631221,0022400909,1610612756,3.0,0.0,0.0,0.0,1.0,1.0,0.0,0.0
1629008,0022400909,1610612743,16.0,3.0,2.0,1.0,13.0,7.0,2.0,1.0
203932,0022400909,1610612743,27.0,1.0,3.0,0.0,15.0,9.0,2.0,2.0
203999,0022400909,1610612743,31.0,22.0,21.0,0.0,22.0,13.0,3.0,2.0
1631128,0022400909,1610612743,25.0,5.0,5.0,1.0,11.0,8.0,6.0,5.0
1627750,0022400909,1610612743,19.0,8.0,1.0,0.0,14.0,8.0,2.0,2.0
201566,0022400909,1610612743,14.0,4.0,3.0,0.0,11.0,6.0,1.0,1.0
1631212,0022400909,1610612743,11.0,2.0,2.0,1.0,7.0,4.0,0.0,0.0
1630192,0022400909,1610612743,6.0,0.0,1.0,0.0,4.0,2.0,2.0,1.0
1641749,2022400385,1612709922,29.0,1.0,4.0,0.0,16.0,12.0,2.0,2.0
1631301,2022400385,1612709922,13.0,6.0,4.0,0.0,9.0,3.0,4.0,4.0
1629617,2022400385,1612709922,4.0,0.0,3.0,1.0,8.0,2.0,0.0,0.0
1630585,2022400385,1612709922,16.0,4.0,6.0,0.0,9.0,6.0,4.0,3.0
1642354,2022400385,1612709922,32.0,2.0,7.0,0.0,19.0,12.0,4.0,2.0
1631474,2022400385,1612709922,4.0,4.0,0.0,0.0,3.0,2.0,0.0,0.0
1641799,2022400385,1612709922,4.0,1.0,6.0,0.0,4.0,1.0,2.0,1.0
1642531,2022400385,1612709922,6.0,3.0,9.0,1.0,3.0,3.0,0.0,0.0
1630640,2022400385,1612709922,8.0,0.0,3.0,0.0,5.0,3.0,0.0,0.0
1642072,2022400385,1612709922,2.0,0.0,0.0,2.0,2.0,1.0,0.0,0.0
1630542,2022400385,1612709909,9.0,0.0,10.0,0.0,9.0,2.0,3.0,2.0
1641741,2022400385,1612709909,40.0,2.0,6.0,0.0,27.0,14.0,7.0,5.0
1642024,2022400385,1612709909,9.0,0.0,5.0,1.0,12.0,3.0,1.0,1.0
1629600,2022400385,1612709909,3.0,2.0,3.0,0.0,6.0,1.0,0.0,0.0
1630288,2022400385,1612709909,27.0,5.0,4.0,1.0,22.0,11.0,2.0,2.0
1641823,2022400385,1612709909,0.0,1.0,4.0,0.0,1.0,0.0,0.0,0.0
1630600,2022400385,1612709909,10.0,2.0,6.0,1.0,5.0,3.0,2.0,1.0
1627775,2022400385,1612709909,3.0,0.0,0.0,0.0,3.0,1.0,0.0,0.0
1628876,2022400385,1612709909,0.0,0.0,0.0,0.0,1.0,0.0,0.0,0.0
1631198,2022400385,1612709909,6.0,0.0,1.0,0.0,2.0,2.0,2.0,1.0
1641864,2022400383,1612709903,21.0,5.0,7.0,0.0,16.0,8.0,0.0,0.0
1641863,2022400383,1612709903,24.0,0.0,2.0,1.0,18.0,8.0,2.0,2.0
1631131,2022400383,1612709903,11.0,3.0,24.0,0.0,8.0,3.0,5.0,4.0
1631220,2022400383,1612709903,29.0,8.0,2.0,0.0,23.0,9.0,7.0,7.0
1641795,2022400383,1612709903,9.0,1.0,3.0,0.0,6.0,3.0,1.0,1.0
1630546,2022400383,1612709903,25.0,8.0,4.0,0.0,18.0,9.0,3.0,3.0
1642693,2022400383,1612709903,4.0,0.0,2.0,0.0,3.0,2.0,0.0,0.0
1642544,2022400383,1612709903,3.0,0.0,0.0,0.0,5.0,1.0,0.0,0.0
1642640,2022400383,1612709903,5.0,1.0,1.0,0.0,5.0,2.0,0.0,0.0
1642046,2022400383,1612709889,22.0,2.0,2.0,1.0,11.0,7.0,1.0,1.0
1631451,2022400383,1612709889,19.0,2.0,4.0,1.0,14.0,7.0,3.0,2.0
1631489,2022400383,1612709889,6.0,3.0,4.0,2.0,2.0,2.0,2.0,1.0
1641991,2022400383,1612709889,18.0,11.0,1.0,0.0,8.0,6.0,3.0,3.0
1642504,2022400383,1612709889,6.0,2.0,2.0,0.0,5.0,2.0,0.0,0.0
1630186,2022400383,1612709889,27.0,4.0,7.0,1.0,17.0,10.0,4.0,3.0
1631205,2022400383,1612709889,8.0,0.0,0.0,0.0,6.0,3.0,1.0,0.0
1642502,2022400383,1612709889,14.0,6.0,9.0,1.0,11.0,6.0,0.0,0.0
1642637,2022400383,1612709889,9.0,1.0,6.0,0.0,6.0,3.0,0.0,0.0
1641939,2022400383,1612709889,4.0,0.0,3.0,0.0,3.0,2.0,0.0,0.0
1642485,2022400384,1612709915,12.0,5.0,5.0,0.0,11.0,4.0,2.0,1.0
1642400,2022400384,1612709915,18.0,2.0,6.0,0.0,12.0,8.0,4.0,0.0
1630791,2022400384,1612709915,10.0,1.0,7.0,2.0,7.0,4.0,2.0,1.0
1642696,2022400384,1612709915,10.0,2.0,3.0,0.0,9.0,5.0,0.0,0.0
1631120,2022400384,1612709915,30.0,13.0,11.0,1.0,22.0,12.0,3.0,2.0
1642508,2022400384,1612709915,3.0,0.0,8.0,3.0,4.0,1.0,2.0,1.0
1641936,2022400384,1612709915,10.0,0.0,5.0,0.0,11.0,4.0,0.0,0.0
1630206,2022400384,1612709915,18.0,4.0,7.0,0.0,11.0,5.0,3.0,2.0
1642620,2022400384,1612709915,3.0,1.0,0.0,0.0,4.0,1.0,0.0,0.0
1631247,2022400384,1612709893,17.0,8.0,11.0,2.0,14.0,7.0,2.0,2.0
1630624,2022400384,1612709893,12.0,1.0,9.0,0.0,10.0,4.0,4.0,3.0
1641772,2022400384,1612709893,14.0,1.0,6.0,2.0,16.0,5.0,3.0,1.0
1641734,2022400384,1612709893,16.0,3.0,8.0,0.0,14.0,7.0,1.0,1.0
1642468,2022400384,1612709893,5.0,2.0,3.0,0.0,9.0,2.0,0.0,0.0
1630190,2022400384,1612709893,14.0,2.0,4.0,0.0,16.0,5.0,0.0,0.0
1631449,2022400384,1612709893,8.0,2.0,8.0,1.0,5.0,4.0,1.0,0.0
1631262,2022400384,1612709893,17.0,5.0,6.0,0.0,18.0,6.0,2.0,1.0
1631395,2022400384,1612709893,5.0,2.0,0.0,0.0,3.0,2.0,0.0,0.0
1631436,2022400384,1612709893,2.0,1.0,2.0,0.0,0.0,0.0,1.0,1.0
1641739,0022400908,1610612757,7.0,2.0,10.0,2.0,13.0,2.0,4.0,2.0
203924,0022400908,1610612757,4.0,0.0,5.0,0.0,10.0,2.0,0.0,0.0
1642270,0022400908,1610612757,8.0,1.0,12.0,1.0,6.0,3.0,2.0,2.0
1631101,0022400908,1610612757,19.0,2.0,3.0,0.0,14.0,7.0,3.0,3.0
1629014,0022400908,1610612757,14.0,5.0,5.0,0.0,16.0,5.0,3.0,3.0
1630703,0022400908,1610612757,22.0,3.0,4.0,0.0,15.0,8.0,5.0,4.0
1631200,0022400908,1610612757,2.0,0.0,1.0,0.0,4.0,1.0,0.0,0.0
1641871,0022400908,1610612757,8.0,2.0,3.0,1.0,6.0,3.0,0.0,0.0
1631133,0022400908,1610612757,5.0,0.0,9.0,0.0,8.0,2.0,1.0,1.0
1631321,0022400908,1610612757,0.0,0.0,1.0,0.0,0.0,0.0,0.0,0.0
1631121,0022400908,1610612757,0.0,0.0,0.0,0.0,1.0,0.0,0.0,0.0
1641712,0022400908,1610612757,0.0,0.0,0.0,0.0,1.0,0.0,0.0,0.0
1631303,0022400908,1610612757,0.0,0.0,0.0,0.0,1.0,0.0,0.0,0.0
1629026,0022400908,1610612760,10.0,1.0,6.0,1.0,9.0,3.0,4.0,3.0
1631172,0022400908,1610612760,16.0,1.0,6.0,0.0,10.0,6.0,0.0,0.0
1631119,0022400908,1610612760,10.0,11.0,11.0,2.0,7.0,4.0,0.0,0.0
1630198,0022400908,1610612760,16.0,6.0,6.0,1.0,12.0,4.0,5.0,5.0
1630598,0022400908,1610612760,30.0,3.0,5.0,1.0,26.0,13.0,2.0,2.0
1641794,0022400908,1610612760,6.0,1.0,4.0,0.0,7.0,3.0,0.0,0.0
1627936,0022400908,1610612760,17.0,1.0,1.0,1.0,8.0,6.0,4.0,3.0
1642382,0022400908,1610612760,2.0,1.0,3.0,2.0,4.0,0.0,2.0,2.0
1641745,0022400908,1610612760,0.0,0.0,1.0,0.0,1.0,0.0,0.0,0.0
1630278,2022400389,1612709927,8.0,0.0,3.0,1.0,6.0,3.0,0.0,0.0
1627740,2022400389,1612709927,16.0,2.0,15.0,0.0,20.0,6.0,2.0,2.0
1630641,2022400389,1612709927,6.0,1.0,10.0,3.0,4.0,1.0,2.0,2.0
1629808,2022400389,1612709927,8.0,3.0,3.0,0.0,11.0,3.0,3.0,2.0
1631231,2022400389,1612709927,31.0,9.0,4.0,1.0,19.0,11.0,3.0,3.0
1631219,2022400389,1612709927,12.0,1.0,3.0,6.0,11.0,5.0,0.0,0.0
1629056,2022400389,1612709927,23.0,0.0,2.0,0.0,12.0,8.0,1.0,1.0
1626159,2022400389,1612709927,8.0,4.0,5.0,1.0,7.0,3.0,2.0,1.0
1642396,2022400389,1612709902,34.0,0.0,2.0,0.0,21.0,11.0,3.0,3.0
1642429,2022400389,1612709902,2.0,3.0,10.0,1.0,7.0,1.0,0.0,0.0
1630296,2022400389,1612709902,25.0,4.0,13.0,3.0,12.0,8.0,7.0,4.0
1641881,2022400389,1612709902,18.0,1.0,8.0,2.0,13.0,6.0,1.0,1.0
1641879,2022400389,1612709902,8.0,8.0,1.0,1.0,16.0,4.0,0.0,0.0
1642679,2022400389,1612709902,6.0,0.0,6.0,0.0,4.0,2.0,1.0,1.0
1642764,2022400389,1612709902,15.0,2.0,3.0,0.0,7.0,5.0,1.0,1.0
1642379,2022400389,1612709902,0.0,7.0,1.0,0.0,2.0,0.0,0.0,0.0
1642651,2022400389,1612709902,2.0,4.0,1.0,0.0,3.0,1.0,0.0,0.0
1628404,0022400911,1610612752,14.0,6.0,20.0,0.0,13.0,6.0,2.0,1.0
1628384,0022400911,1610612752,11.0,1.0,8.0,1.0,15.0,4.0,1.0,1.0
1626157,0022400911,1610612752,23.0,2.0,10.0,0.0,21.0,8.0,4.0,4.0
1628969,0022400911,1610612752,22.0,5.0,4.0,1.0,12.0,8.0,6.0,6.0
1630540,0022400911,1610612752,7.0,6.0,2.0,0.0,13.0,2.0,2.0,1.0
1629013,0022400911,1610612752,4.0,0.0,2.0,0.0,4.0,1.0,2.0,2.0
1630173,0022400911,1610612752,9.0,2.0,5.0,1.0,6.0,4.0,1.0,1.0
1626166,0022400911,1610612752,5.0,3.0,2.0,1.0,7.0,2.0,0.0,0.0
202695,0022400911,1610612746,20.0,6.0,7.0,0.0,18.0,6.0,8.0,7.0
201587,0022400911,1610612746,17.0,1.0,4.0,2.0,9.0,6.0,0.0,0.0
1627826,0022400911,1610612746,16.0,3.0,14.0,1.0,18.0,8.0,0.0,0.0
1627739,0022400911,1610612746,2.0,3.0,2.0,2.0,3.0,1.0,0.0,0.0
201935,0022400911,1610612746,27.0,7.0,3.0,2.0,20.0,7.0,9.0,8.0
203992,0022400911,1610612746,8.0,3.0,12.0,0.0,9.0,4.0,0.0,0.0
1627884,0022400911,1610612746,9.0,0.0,3.0,1.0,5.0,3.0,2.0,1.0
1629599,0022400911,1610612746,6.0,0.0,1.0,0.0,4.0,2.0,0.0,0.0
1629234,0022400911,1610612746,0.0,0.0,1.0,0.0,2.0,0.0,0.0,0.0
1630550,2022400388,1612709928,11.0,1.0,2.0,1.0,5.0,4.0,1.0,1.0
1629667,2022400388,1612709928,5.0,2.0,10.0,0.0,9.0,1.0,3.0,2.0
1630701,2022400388,1612709928,6.0,2.0,8.0,0.0,4.0,2.0,3.0,1.0
1630184,2022400388,1612709928,11.0,6.0,4.0,0.0,8.0,3.0,2.0,2.0
1629669,2022400388,1612709928,31.0,2.0,1.0,0.0,20.0,13.0,3.0,2.0
1641907,2022400388,1612709928,18.0,9.0,3.0,0.0,18.0,8.0,0.0,0.0
1641917,2022400388,1612709928,8.0,0.0,7.0,0.0,8.0,3.0,2.0,1.0
1641778,2022400388,1612709928,16.0,2.0,7.0,0.0,11.0,5.0,2.0,1.0
1631338,2022400388,1612709928,7.0,0.0,8.0,1.0,8.0,3.0,2.0,1.0
1642473,2022400388,1612709934,9.0,3.0,5.0,1.0,7.0,3.0,2.0,2.0
1641779,2022400388,1612709934,8.0,1.0,11.0,1.0,11.0,3.0,3.0,1.0
1629603,2022400388,1612709934,6.0,3.0,8.0,0.0,8.0,2.0,3.0,1.0
1642607,2022400388,1612709934,12.0,8.0,6.0,0.0,10.0,5.0,0.0,0.0
1631455,2022400388,1612709934,34.0,6.0,4.0,0.0,23.0,11.0,4.0,3.0
1642487,2022400388,1612709934,14.0,0.0,4.0,0.0,4.0,4.0,4.0,3.0
1628778,2022400388,1612709934,14.0,4.0,5.0,0.0,8.0,5.0,0.0,0.0
1630321,2022400388,1612709934,7.0,1.0,4.0,1.0,7.0,3.0,0.0,0.0
1629993,2022400388,1612709934,8.0,2.0,2.0,1.0,7.0,4.0,1.0,0.0
1629622,0022400904,1610612739,3.0,1.0,3.0,0.0,3.0,0.0,3.0,3.0
1630596,0022400904,1610612739,19.0,4.0,10.0,2.0,13.0,6.0,7.0,6.0
1628386,0022400904,1610612739,14.0,0.0,11.0,1.0,10.0,4.0,6.0,6.0
1628378,0022400904,1610612739,24.0,1.0,3.0,1.0,19.0,6.0,18.0,12.0
1629636,0022400904,1610612739,20.0,2.0,1.0,0.0,10.0,4.0,9.0,9.0
1629660,0022400904,1610612739,6.0,3.0,5.0,0.0,4.0,2.0,2.0,2.0
1629631,0022400904,1610612739,15.0,4.0,6.0,0.0,6.0,4.0,6.0,5.0
1630241,0022400904,1610612739,12.0,0.0,1.0,0.0,4.0,4.0,0.0,0.0
1629731,0022400904,1610612739,0.0,1.0,3.0,0.0,3.0,0.0,0.0,0.0
1630171,0022400904,1610612739,5.0,0.0,2.0,0.0,4.0,2.0,0.0,0.0
1629610,0022400904,1610612766,6.0,1.0,2.0,1.0,3.0,2.0,2.0,1.0
1628970,0022400904,1610612766,46.0,2.0,8.0,0.0,32.0,15.0,13.0,12.0
203994,0022400904,1610612766,12.0,5.0,15.0,1.0,11.0,6.0,2.0,0.0
1630182,0022400904,1610612766,3.0,1.0,3.0,0.0,4.0,1.0,2.0,1.0
1630163,0022400904,1610612766,13.0,7.0,1.0,0.0,13.0,4.0,2.0,2.0
1641878,0022400904,1610612766,6.0,4.0,1.0,0.0,7.0,3.0,0.0,0.0
1641733,0022400904,1610612766,9.0,2.0,2.0,0.0,9.0,4.0,0.0,0.0
1631217,0022400904,1610612766,6.0,2.0,3.0,1.0,5.0,3.0,0.0,0.0
203552,0022400904,1610612766,5.0,1.0,2.0,0.0,2.0,2.0,0.0,0.0
201959,0022400904,1610612766,2.0,1.0,0.0,0.0,1.0,1.0,0.0,0.0
1642275,0022400904,1610612766,9.0,3.0,6.0,0.0,5.0,3.0,0.0,0.0
1630183,0022400907,1610612750,13.0,4.0,6.0,0.0,12.0,6.0,0.0,0.0
203944,0022400907,1610612750,13.0,9.0,10.0,0.0,9.0,4.0,6.0,5.0
1629675,0022400907,1610612750,15.0,3.0,4.0,2.0,13.0,6.0,0.0,0.0
1630162,0022400907,1610612750,13.0,6.0,13.0,0.0,10.0,4.0,4.0,2.0
201144,0022400907,1610612750,15.0,2.0,2.0,1.0,9.0,6.0,0.0,0.0
1628978,0022400907,1610612750,15.0,4.0,6.0,1.0,13.0,6.0,2.0,0.0
1629638,0022400907,1610612750,12.0,0.0,2.0,2.0,11.0,4.0,2.0,1.0
1630545,0022400907,1610612750,6.0,0.0,0.0,0.0,2.0,2.0,0.0,0.0
1641740,0022400907,1610612750,4.0,0.0,0.0,0.0,2.0,2.0,0.0,0.0
204060,0022400907,1610612750,0.0,0.0,0.0,0.0,0.0,0.0,0.0,0.0
1641796,0022400907,1610612748,5.0,1.0,4.0,0.0,8.0,2.0,1.0,1.0
201567,0022400907,1610612748,6.0,1.0,2.0,0.0,4.0,2.0,0.0,0.0
1628389,0022400907,1610612748,29.0,4.0,13.0,0.0,21.0,11.0,7.0,6.0
1629639,0022400907,1610612748,22.0,7.0,6.0,2.0,21.0,9.0,1.0,0.0
1630558,0022400907,1610612748,7.0,10.0,4.0,0.0,9.0,3.0,0.0,0.0
1629312,0022400907,1610612748,9.0,4.0,5.0,0.0,7.0,4.0,0.0,0.0
1629130,0022400907,1610612748,15.0,1.0,4.0,0.0,9.0,5.0,2.0,1.0
203937,0022400907,1610612748,2.0,1.0,0.0,0.0,3.0,1.0,0.0,0.0
1631170,0022400907,1610612748,4.0,0.0,1.0,0.0,4.0,2.0,0.0,0.0
1626179,0022400907,1610612748,5.0,0.0,2.0,0.0,3.0,2.0,0.0,0.0
1630170,0022400910,1610612759,10.0,3.0,2.0,2.0,13.0,4.0,0.0,0.0
203084,0022400910,1610612759,12.0,0.0,2.0,0.0,6.0,4.0,2.0,0.0
202687,0022400910,1610612759,5.0,1.0,4.0,1.0,4.0,2.0,4.0,1.0
1628368,0022400910,1610612759,16.0,8.0,4.0,0.0,17.0,6.0,5.0,4.0
101108,0022400910,1610612759,9.0,6.0,4.0,0.0,7.0,3.0,0.0,0.0
1642264,0022400910,1610612759,25.0,3.0,2.0,0.0,17.0,10.0,3.0,3.0
1629640,0022400910,1610612759,11.0,1.0,4.0,1.0,8.0,4.0,0.0,0.0
1631110,0022400910,1610612759,9.0,2.0,8.0,0.0,9.0,4.0,4.0,1.0
1630577,0022400910,1610612759,1.0,1.0,4.0,0.0,2.0,0.0,1.0,1.0
1630572,0022400910,1610612759,7.0,1.0,2.0,0.0,3.0,2.0,2.0,1.0
1631103,0022400910,1610612759,0.0,0.0,0.0,0.0,0.0,0.0,0.0,0.0
1629162,0022400910,1610612759,2.0,0.0,0.0,0.0,0.0,0.0,2.0,2.0
1631104,0022400910,1610612759,2.0,1.0,0.0,0.0,1.0,1.0,0.0,0.0
201942,0022400910,1610612758,22.0,7.0,9.0,0.0,19.0,8.0,6.0,5.0
1631099,0022400910,1610612758,19.0,1.0,9.0,2.0,14.0,7.0,2.0,2.0
202685,0022400910,1610612758,15.0,6.0,12.0,1.0,8.0,7.0,2.0,1.0
203897,0022400910,1610612758,36.0,3.0,4.0,0.0,22.0,14.0,1.0,1.0
1631165,0022400910,1610612758,10.0,4.0,3.0,1.0,9.0,4.0,0.0,0.0
1628365,0022400910,1610612758,0.0,0.0,1.0,0.0,2.0,0.0,0.0,0.0
1626168,0022400910,1610612758,6.0,5.0,3.0,0.0,5.0,2.0,4.0,1.0
1631222,0022400910,1610612758,6.0,3.0,8.0,0.0,9.0,2.0,2.0,1.0
1642269,0022400910,1610612758,8.0,2.0,2.0,0.0,5.0,3.0,2.0,1.0
1642384,0022400910,1610612758,0.0,0.0,0.0,0.0,0.0,0.0,0.0,0.0
1627746,0022400910,1610612758,5.0,0.0,0.0,0.0,2.0,2.0,0.0,0.0
1642403,0022400910,1610612758,0.0,0.0,0.0,0.0,0.0,0.0,0.0,0.0
1630222,0022400910,1610612758,0.0,0.0,0.0,0.0,1.0,0.0,0.0,0.0
1641729,0022400905,1610612762,11.0,0.0,4.0,0.0,9.0,4.0,0.0,0.0
1630231,0022400905,1610612762,5.0,1.0,3.0,1.0,5.0,2.0,1.0,1.0
1631117,0022400905,1610612762,18.0,0.0,25.0,8.0,11.0,8.0,7.0,2.0
1629012,0022400905,1610612762,17.0,3.0,2.0,1.0,15.0,6.0,8.0,5.0
1642268,0022400905,1610612762,6.0,6.0,3.0,0.0,4.0,1.0,6.0,4.0
1642271,0022400905,1610612762,17.0,3.0,5.0,0.0,10.0,7.0,2.0,1.0
1630548,0022400905,1610612762,5.0,0.0,2.0,0.0,5.0,2.0,2.0,1.0
1630695,0022400905,1610612762,2.0,0.0,4.0,0.0,3.0,1.0,0.0,0.0
1641718,0022400905,1610612762,18.0,8.0,6.0,0.0,14.0,4.0,13.0,9.0
1642262,0022400905,1610612762,10.0,0.0,2.0,0.0,8.0,4.0,0.0,0.0
1630639,0022400905,1610612761,6.0,1.0,3.0,0.0,13.0,2.0,2.0,1.0
1630567,0022400905,1610612761,22.0,6.0,12.0,3.0,19.0,8.0,8.0,6.0
1631115,0022400905,1610612761,7.0,2.0,7.0,1.0,10.0,3.0,0.0,0.0
1642266,0022400905,1610612761,14.0,2.0,5.0,0.0,12.0,5.0,2.0,2.0
1630193,0022400905,1610612761,34.0,5.0,5.0,0.0,20.0,10.0,8.0,8.0
1630658,0022400905,1610612761,2.0,5.0,7.0,0.0,3.0,1.0,0.0,0.0
1642419,0022400905,1610612761,11.0,0.0,1.0,1.0,6.0,4.0,0.0,0.0
1642347,0022400905,1610612761,8.0,5.0,2.0,0.0,9.0,3.0,2.0,2.0
1631197,0022400905,1610612761,14.0,1.0,5.0,0.0,10.0,4.0,6.0,5.0
202066,0022400905,1610612761,0.0,0.0,1.0,0.0,2.0,0.0,0.0,0.0
1630284,2022400386,1612709929,37.0,1.0,5.0,0.0,17.0,10.0,11.0,10.0
1641792,2022400386,1612709929,13.0,1.0,8.0,0.0,5.0,4.0,1.0,1.0
1631210,2022400386,1612709929,14.0,1.0,10.0,0.0,9.0,5.0,2.0,2.0
1630275,2022400386,1612709929,16.0,3.0,7.0,0.0,9.0,6.0,3.0,3.0
1642605,2022400386,1612709929,16.0,5.0,2.0,0.0,8.0,6.0,2.0,0.0
1642365,2022400386,1612709929,24.0,8.0,5.0,0.0,17.0,9.0,6.0,4.0
1641848,2022400386,1612709929,4.0,0.0,5.0,0.0,3.0,1.0,1.0,1.0
1641935,2022400386,1612709929,10.0,1.0,1.0,0.0,13.0,3.0,2.0,2.0
1629718,2022400386,1612709920,26.0,8.0,5.0,0.0,18.0,10.0,2.0,2.0
1630663,2022400386,1612709920,16.0,2.0,4.0,0.0,6.0,4.0,3.0,3.0
1630647,2022400386,1612709920,39.0,8.0,6.0,0.0,26.0,17.0,3.0,2.0
1642465,2022400386,1612709920,15.0,1.0,3.0,1.0,6.0,4.0,3.0,3.0
1631407,2022400386,1612709920,11.0,8.0,3.0,0.0,8.0,4.0,1.0,1.0
1642615,2022400386,1612709920,12.0,4.0,3.0,0.0,10.0,4.0,2.0,1.0
1630732,2022400386,1612709920,0.0,0.0,4.0,2.0,2.0,0.0,0.0,0.0
1631113,2022400386,1612709920,8.0,4.0,3.0,0.0,9.0,1.0,4.0,2.0
1630767,2022400386,1612709920,0.0,0.0,0.0,0.0,0.0,0.0,0.0,0.0
1630528,2022400387,1612709904,22.0,3.0,1.0,0.0,16.0,7.0,3.0,3.0
1629642,2022400387,1612709904,19.0,1.0,8.0,1.0,16.0,8.0,0.0,0.0
1642013,2022400387,1612709904,25.0,0.0,14.0,4.0,18.0,9.0,1.0,1.0
1631214,2022400387,1612709904,14.0,4.0,5.0,0.0,16.0,4.0,3.0,3.0
1641985,2022400387,1612709904,12.0,7.0,5.0,0.0,7.0,3.0,1.0,1.0
1641915,2022400387,1612709904,6.0,1.0,6.0,0.0,6.0,3.0,0.0,0.0
1642514,2022400387,1612709904,0.0,0.0,4.0,2.0,3.0,0.0,0.0,0.0
1642550,2022400387,1612709904,2.0,4.0,1.0,1.0,3.0,1.0,0.0,0.0
1642628,2022400387,1612709904,8.0,0.0,3.0,0.0,8.0,4.0,1.0,0.0
1631127,2022400387,1612709890,20.0,8.0,8.0,1.0,14.0,9.0,2.0,0.0
1642755,2022400387,1612709890,15.0,2.0,5.0,0.0,10.0,5.0,0.0,0.0
1642496,2022400387,1612709890,10.0,2.0,6.0,3.0,7.0,4.0,1.0,1.0
1630561,2022400387,1612709890,17.0,6.0,7.0,1.0,17.0,7.0,2.0,2.0
1642392,2022400387,1612709890,14.0,2.0,3.0,0.0,14.0,6.0,1.0,1.0
1642563,2022400387,1612709890,0.0,0.0,2.0,3.0,1.0,0.0,2.0,0.0
1630667,2022400387,1612709890,15.0,1.0,4.0,1.0,12.0,7.0,1.0,0.0
1629051,2022400387,1612709890,8.0,0.0,4.0,1.0,6.0,2.0,2.0,2.0
1641988,2022400387,1612709890,0.0,0.0,0.0,1.0,0.0,0.0,0.0,0.0
1642561,2022400387,1612709890,2.0,0.0,3.0,0.0,5.0,1.0,0.0,0.0
1641716,0022400899,1610612754,8.0,1.0,7.0,1.0,9.0,4.0,0.0,0.0
1627783,0022400899,1610612754,35.0,3.0,9.0,0.0,18.0,12.0,9.0,8.0
1626167,0022400899,1610612754,17.0,1.0,9.0,2.0,8.0,6.0,4.0,4.0
1630174,0022400899,1610612754,21.0,2.0,3.0,2.0,15.0,8.0,1.0,1.0
1629614,0022400899,1610612754,15.0,10.0,1.0,0.0,13.0,5.0,3.0,3.0
1630167,0022400899,1610612754,3.0,3.0,2.0,0.0,5.0,1.0,0.0,0.0
204456,0022400899,1610612754,9.0,6.0,4.0,0.0,10.0,4.0,0.0,0.0
1641767,0022400899,1610612754,8.0,1.0,2.0,0.0,8.0,3.0,0.0,0.0
1628418,0022400899,1610612754,2.0,0.0,5.0,0.0,5.0,1.0,0.0,0.0
1642258,0022400899,1610612737,11.0,2.0,4.0,1.0,9.0,4.0,0.0,0.0
1631243,0022400899,1610612737,4.0,0.0,5.0,1.0,7.0,2.0,0.0,0.0
1630168,0022400899,1610612737,20.0,2.0,13.0,1.0,8.0,7.0,7.0,6.0
1630700,0022400899,1610612737,17.0,5.0,4.0,0.0,12.0,8.0,0.0,0.0
1629027,0022400899,1610612737,22.0,16.0,3.0,0.0,17.0,7.0,7.0,7.0
1627747,0022400899,1610612737,8.0,4.0,2.0,1.0,11.0,4.0,2.0,0.0
1627777,0022400899,1610612737,24.0,3.0,6.0,0.0,15.0,10.0,0.0,0.0
203991,0022400899,1610612737,6.0,0.0,5.0,0.0,6.0,3.0,0.0,0.0
1629611,0022400899,1610612737,12.0,0.0,1.0,0.0,9.0,5.0,2.0,1.0
1628415,0022400902,1610612745,14.0,1.0,4.0,0.0,9.0,6.0,2.0,1.0
1631106,0022400902,1610612745,20.0,4.0,2.0,1.0,14.0,7.0,2.0,2.0
1630578,0022400902,1610612745,22.0,8.0,6.0,1.0,14.0,11.0,3.0,0.0
1630224,0022400902,1610612745,9.0,8.0,2.0,1.0,10.0,3.0,1.0,1.0
1641708,0022400902,1610612745,21.0,2.0,11.0,1.0,13.0,10.0,4.0,1.0
203500,0022400902,1610612745,3.0,6.0,8.0,0.0,2.0,1.0,2.0,1.0
1631095,0022400902,1610612745,16.0,1.0,5.0,1.0,13.0,6.0,4.0,2.0
1642263,0022400902,1610612745,2.0,3.0,3.0,0.0,5.0,1.0,0.0,0.0
201145,0022400902,1610612745,2.0,0.0,0.0,1.0,1.0,1.0,0.0,0.0
1629627,0022400902,1610612740,20.0,3.0,10.0,2.0,15.0,5.0,12.0,10.0
203482,0022400902,1610612740,8.0,2.0,5.0,1.0,5.0,2.0,4.0,3.0
1642274,0022400902,1610612740,10.0,1.0,4.0,0.0,5.0,3.0,6.0,4.0
1630530,0022400902,1610612740,26.0,0.0,5.0,2.0,15.0,9.0,5.0,5.0
203468,0022400902,1610612740,13.0,2.0,2.0,0.0,15.0,5.0,0.0,0.0
1628971,0022400902,1610612740,0.0,2.0,2.0,0.0,2.0,0.0,0.0,0.0
1641722,0022400902,1610612740,7.0,0.0,5.0,0.0,8.0,2.0,2.0,2.0
1631255,0022400902,1610612740,6.0,3.0,6.0,2.0,9.0,2.0,4.0,2.0
1630631,0022400902,1610612740,7.0,4.0,2.0,0.0,9.0,3.0,0.0,0.0
1630541,0022400901,1610612744,10.0,2.0,5.0,0.0,7.0,4.0,0.0,0.0
202710,0022400901,1610612744,25.0,6.0,2.0,0.0,13.0,7.0,10.0,10.0
203110,0022400901,1610612744,7.0,10.0,7.0,0.0,5.0,2.0,3.0,3.0
1641764,0022400901,1610612744,0.0,0.0,0.0,0.0,0.0,0.0,0.0,0.0
201939,0022400901,1610612744,40.0,4.0,4.0,0.0,20.0,12.0,9.0,9.0
1627741,0022400901,1610612744,0.0,1.0,1.0,0.0,8.0,0.0,0.0,0.0
1627780,0022400901,1610612744,16.0,1.0,9.0,0.0,12.0,7.0,2.0,2.0
1630611,0022400901,1610612744,6.0,3.0,3.0,1.0,4.0,2.0,2.0,2.0
1626172,0022400901,1610612744,5.0,1.0,5.0,1.0,4.0,1.0,4.0,3.0
1630311,0022400901,1610612744,2.0,1.0,2.0,0.0,1.0,1.0,0.0,0.0
1642366,0022400901,1610612744,10.0,2.0,7.0,2.0,8.0,4.0,2.0,0.0
1630553,0022400901,1610612751,12.0,2.0,1.0,0.0,7.0,5.0,0.0,0.0
1629661,0022400901,1610612751,26.0,4.0,6.0,0.0,16.0,9.0,6.0,5.0
1629651,0022400901,1610612751,8.0,10.0,9.0,2.0,7.0,4.0,0.0,0.0
1630560,0022400901,1610612751,23.0,7.0,3.0,0.0,18.0,8.0,6.0,5.0
1626156,0022400901,1610612751,7.0,4.0,0.0,1.0,7.0,3.0,0.0,0.0
1630592,0022400901,1610612751,9.0,0.0,3.0,0.0,3.0,1.0,6.0,6.0
1631213,0022400901,1610612751,17.0,1.0,2.0,0.0,12.0,7.0,0.0,0.0
1630533,0022400901,1610612751,10.0,1.0,1.0,0.0,8.0,4.0,0.0,0.0
1630549,0022400901,1610612751,2.0,0.0,5.0,2.0,4.0,1.0,0.0,0.0
1630570,0022400901,1610612751,5.0,1.0,2.0,0.0,5.0,2.0,0.0,0.0
1641856,2022400379,1612709917,29.0,3.0,6.0,0.0,16.0,12.0,1.0,0.0
1641790,2022400379,1612709917,18.0,1.0,12.0,3.0,12.0,5.0,3.0,3.0
1641777,2022400379,1612709917,4.0,0.0,5.0,3.0,3.0,2.0,0.0,0.0
1641847,2022400379,1612709917,28.0,4.0,4.0,1.0,14.0,10.0,0.0,0.0
1641725,2022400379,1612709917,27.0,17.0,7.0,2.0,19.0,7.0,6.0,5.0
1642597,2022400379,1612709917,0.0,0.0,0.0,0.0,1.0,0.0,0.0,0.0
1642019,2022400379,1612709917,18.0,3.0,4.0,0.0,9.0,6.0,1.0,1.0
1642440,2022400379,1612709917,3.0,1.0,3.0,0.0,1.0,1.0,1.0,0.0
1642595,2022400379,1612709917,0.0,0.0,0.0,0.0,1.0,0.0,0.0,0.0
1642444,2022400379,1612709917,9.0,3.0,1.0,2.0,6.0,4.0,2.0,0.0
1631311,2022400379,1612709913,31.0,4.0,1.0,0.0,17.0,12.0,2.0,1.0
1631232,2022400379,1612709913,9.0,3.0,7.0,0.0,6.0,3.0,2.0,1.0
1628964,2022400379,1612709913,18.0,2.0,11.0,4.0,16.0,8.0,1.0,0.0
1641810,2022400379,1612709913,22.0,2.0,6.0,0.0,27.0,10.0,0.0,0.0
1630622,2022400379,1612709913,17.0,8.0,1.0,0.0,9.0,6.0,2.0,2.0
1628432,2022400379,1612709913,4.0,0.0,2.0,0.0,5.0,2.0,0.0,0.0
1642490,2022400379,1612709913,4.0,4.0,8.0,1.0,8.0,2.0,0.0,0.0
1630342,2022400379,1612709913,8.0,1.0,0.0,0.0,3.0,3.0,0.0,0.0
1629955,2022400379,1612709913,2.0,1.0,2.0,0.0,0.0,0.0,1.0,1.0
1630272,2022400379,1612709913,0.0,0.0,0.0,0.0,0.0,0.0,0.0,0.0
1631462,2022400379,1612709913,0.0,0.0,0.0,0.0,0.0,0.0,0.0,0.0
1630284,2022400377,1612709929,10.0,9.0,4.0,1.0,12.0,2.0,3.0,2.0
1631210,2022400377,1612709929,27.0,2.0,4.0,1.0,15.0,11.0,3.0,2.0
1641792,2022400377,1612709929,10.0,3.0,10.0,2.0,7.0,4.0,0.0,0.0
1630275,2022400377,1612709929,25.0,3.0,6.0,0.0,13.0,8.0,4.0,4.0
1642605,2022400377,1612709929,7.0,8.0,6.0,0.0,7.0,3.0,0.0,0.0
1642365,2022400377,1612709929,6.0,2.0,3.0,0.0,4.0,1.0,2.0,2.0
1641934,2022400377,1612709929,15.0,3.0,5.0,0.0,9.0,6.0,0.0,0.0
1641935,2022400377,1612709929,11.0,3.0,1.0,0.0,9.0,4.0,0.0,0.0
1641848,2022400377,1612709929,9.0,0.0,4.0,0.0,7.0,4.0,1.0,0.0
1642419,2022400377,1612709920,11.0,1.0,7.0,0.0,12.0,5.0,0.0,0.0
1630647,2022400377,1612709920,16.0,1.0,3.0,1.0,11.0,6.0,3.0,1.0
1630658,2022400377,1612709920,27.0,5.0,6.0,2.0,18.0,12.0,2.0,1.0
1629718,2022400377,1612709920,13.0,4.0,8.0,1.0,17.0,4.0,1.0,1.0
1631407,2022400377,1612709920,17.0,9.0,1.0,0.0,13.0,7.0,2.0,2.0
1631113,2022400377,1612709920,13.0,2.0,1.0,0.0,10.0,6.0,0.0,0.0
1630663,2022400377,1612709920,7.0,0.0,6.0,1.0,10.0,3.0,0.0,0.0
1642465,2022400377,1612709920,11.0,4.0,4.0,1.0,5.0,2.0,5.0,5.0
1642615,2022400377,1612709920,2.0,2.0,5.0,0.0,1.0,1.0,0.0,0.0
1630732,2022400377,1612709920,0.0,1.0,0.0,0.0,0.0,0.0,0.0,0.0
1641986,2022400381,1612709918,17.0,2.0,3.0,1.0,13.0,6.0,4.0,4.0
1630762,2022400381,1612709918,14.0,2.0,6.0,0.0,13.0,5.0,3.0,1.0
1642499,2022400381,1612709918,14.0,5.0,5.0,0.0,5.0,4.0,4.0,4.0
1629015,2022400381,1612709918,27.0,0.0,6.0,4.0,18.0,10.0,3.0,3.0
1641789,2022400381,1612709918,22.0,12.0,3.0,0.0,16.0,10.0,2.0,1.0
1642481,2022400381,1612709918,2.0,3.0,2.0,3.0,0.0,0.0,2.0,1.0
1642701,2022400381,1612709918,13.0,1.0,4.0,0.0,10.0,5.0,0.0,0.0
1641947,2022400381,1612709918,4.0,1.0,3.0,1.0,2.0,0.0,4.0,3.0
1631236,2022400381,1612709918,5.0,0.0,0.0,0.0,5.0,2.0,0.0,0.0
1631257,2022400381,1612709908,5.0,3.0,7.0,0.0,4.0,2.0,0.0,0.0
1629098,2022400381,1612709908,23.0,1.0,4.0,0.0,13.0,7.0,2.0,2.0
1642368,2022400381,1612709908,16.0,1.0,8.0,1.0,10.0,7.0,1.0,1.0
1630227,2022400381,1612709908,18.0,6.0,3.0,0.0,12.0,5.0,4.0,4.0
1641999,2022400381,1612709908,10.0,3.0,2.0,0.0,6.0,4.0,1.0,1.0
1642591,2022400381,1612709908,8.0,1.0,0.0,2.0,9.0,3.0,0.0,0.0
1641806,2022400381,1612709908,3.0,17.0,3.0,0.0,5.0,1.0,1.0,0.0
1642592,2022400381,1612709908,19.0,2.0,5.0,0.0,6.0,4.0,6.0,6.0
1642516,2022400381,1612709908,18.0,1.0,7.0,0.0,10.0,8.0,0.0,0.0
1631223,2022400381,1612709908,18.0,0.0,2.0,0.0,12.0,7.0,1.0,0.0
1629729,2022400381,1612709908,2.0,0.0,2.0,0.0,2.0,1.0,0.0,0.0
1631306,2022400380,1612709905,25.0,0.0,8.0,0.0,13.0,9.0,2.0,2.0
1626169,2022400380,1612709905,10.0,2.0,4.0,0.0,11.0,5.0,0.0,0.0
1631132,2022400380,1612709905,20.0,1.0,12.0,1.0,13.0,9.0,3.0,2.0
1642439,2022400380,1612709905,18.0,8.0,0.0,0.0,8.0,5.0,4.0,4.0
1642438,2022400380,1612709905,11.0,10.0,6.0,0.0,9.0,4.0,0.0,0.0
1642547,2022400380,1612709905,10.0,3.0,4.0,0.0,6.0,4.0,1.0,1.0
1641811,2022400380,1612709905,15.0,4.0,1.0,0.0,6.0,5.0,1.0,1.0
1642618,2022400380,1612709905,7.0,2.0,4.0,0.0,7.0,3.0,0.0,0.0
1641888,2022400380,1612709905,12.0,1.0,2.0,1.0,8.0,4.0,1.0,0.0
1641869,2022400380,1612709926,23.0,6.0,3.0,1.0,18.0,10.0,2.0,1.0
1630207,2022400380,1612709926,17.0,5.0,11.0,0.0,13.0,6.0,2.0,1.0
1630654,2022400380,1612709926,31.0,3.0,7.0,0.0,17.0,9.0,4.0,4.0
1630525,2022400380,1612709926,27.0,4.0,4.0,1.0,18.0,10.0,1.0,1.0
1642530,2022400380,1612709926,10.0,6.0,2.0,0.0,12.0,3.0,1.0,1.0
1642492,2022400380,1612709926,0.0,0.0,3.0,0.0,1.0,0.0,0.0,0.0
1641938,2022400380,1612709926,7.0,2.0,4.0,0.0,12.0,3.0,1.0,0.0
1641970,2022400380,1612709926,9.0,1.0,3.0,0.0,6.0,3.0,1.0,1.0
1629666,2022400380,1612709926,0.0,0.0,2.0,0.0,1.0,0.0,0.0,0.0
1642348,0022400900,1610612755,14.0,2.0,4.0,1.0,7.0,5.0,2.0,2.0
1627824,0022400900,1610612755,4.0,4.0,4.0,0.0,7.0,2.0,0.0,0.0
203083,0022400900,1610612755,9.0,2.0,10.0,0.0,10.0,4.0,0.0,0.0
1626162,0022400900,1610612755,27.0,6.0,5.0,0.0,20.0,9.0,7.0,6.0
1629656,0022400900,1610612755,6.0,5.0,8.0,0.0,11.0,2.0,2.0,1.0
1629022,0022400900,1610612755,17.0,3.0,1.0,0.0,13.0,6.0,0.0,0.0
1630215,0022400900,1610612755,5.0,1.0,5.0,0.0,5.0,2.0,0.0,0.0
1630288,0022400900,1610612755,10.0,2.0,1.0,1.0,6.0,4.0,0.0,0.0
1641737,0022400900,1610612755,6.0,1.0,2.0,1.0,5.0,3.0,0.0,0.0
1642024,0022400900,1610612755,3.0,1.0,3.0,2.0,4.0,1.0,1.0,1.0
1641741,0022400900,1610612755,4.0,2.0,2.0,0.0,7.0,2.0,0.0,0.0
1628369,0022400900,1610612738,35.0,2.0,7.0,0.0,23.0,14.0,2.0,2.0
1629674,0022400900,1610612738,8.0,4.0,9.0,2.0,10.0,4.0,0.0,0.0
1628436,0022400900,1610612738,9.0,4.0,7.0,4.0,4.0,4.0,2.0,1.0
1641809,0022400900,1610612738,0.0,2.0,3.0,0.0,3.0,0.0,0.0,0.0
1628401,0022400900,1610612738,12.0,6.0,3.0,0.0,14.0,4.0,2.0,2.0
1630202,0022400900,1610612738,19.0,6.0,4.0,0.0,13.0,6.0,3.0,3.0
1631248,0022400900,1610612738,15.0,3.0,3.0,0.0,10.0,5.0,2.0,2.0
1641775,0022400900,1610612738,5.0,3.0,4.0,0.0,3.0,2.0,0.0,0.0
1628470,0022400900,1610612738,12.0,1.0,4.0,0.0,5.0,4.0,2.0,2.0
1631120,0022400900,1610612738,3.0,1.0,0.0,0.0,2.0,1.0,0.0,0.0
1630214,0022400900,1610612738,5.0,0.0,0.0,0.0,4.0,2.0,0.0,0.0
1641936,0022400900,1610612738,0.0,0.0,2.0,0.0,0.0,0.0,0.0,0.0
1629643,2022400378,1612709919,13.0,3.0,11.0,2.0,14.0,6.0,1.0,0.0
203933,2022400378,1612709919,31.0,6.0,8.0,0.0,26.0,13.0,2.0,2.0
1629650,2022400378,1612709919,25.0,3.0,21.0,0.0,14.0,10.0,5.0,3.0
1641755,2022400378,1612709919,7.0,2.0,5.0,0.0,13.0,1.0,4.0,4.0
1642486,2022400378,1612709919,3.0,0.0,0.0,0.0,6.0,1.0,0.0,0.0
1631098,2022400378,1612709919,7.0,0.0,0.0,0.0,4.0,3.0,0.0,0.0
1641830,2022400378,1612709919,0.0,0.0,0.0,0.0,0.0,0.0,0.0,0.0
1641924,2022400378,1612709919,2.0,3.0,1.0,0.0,7.0,1.0,0.0,0.0
1642359,2022400378,1612709919,10.0,3.0,4.0,0.0,8.0,3.0,2.0,1.0
1631499,2022400378,1612709919,9.0,0.0,6.0,0.0,10.0,4.0,0.0,0.0
1630733,2022400378,1612709919,0.0,1.0,1.0,0.0,1.0,0.0,0.0,0.0
1631127,2022400378,1612709890,21.0,6.0,11.0,0.0,18.0,10.0,0.0,0.0
1642755,2022400378,1612709890,17.0,1.0,9.0,0.0,17.0,6.0,2.0,1.0
1642496,2022400378,1612709890,12.0,1.0,10.0,8.0,8.0,4.0,2.0,2.0
1630561,2022400378,1612709890,27.0,6.0,13.0,2.0,22.0,11.0,1.0,1.0
1642392,2022400378,1612709890,17.0,5.0,5.0,0.0,16.0,8.0,1.0,0.0
1641988,2022400378,1612709890,12.0,2.0,2.0,0.0,11.0,4.0,0.0,0.0
1629051,2022400378,1612709890,13.0,3.0,5.0,0.0,10.0,4.0,1.0,1.0
1642684,2022400378,1612709890,2.0,0.0,0.0,0.0,2.0,1.0,1.0,0.0
1629667,2022400382,1612709928,13.0,3.0,8.0,0.0,10.0,3.0,5.0,3.0
1630701,2022400382,1612709928,12.0,4.0,7.0,2.0,12.0,4.0,2.0,1.0
1630550,2022400382,1612709928,10.0,1.0,2.0,0.0,11.0,4.0,0.0,0.0
1629669,2022400382,1612709928,26.0,5.0,1.0,0.0,18.0,8.0,5.0,4.0
1630184,2022400382,1612709928,18.0,3.0,6.0,0.0,17.0,7.0,1.0,1.0
1631338,2022400382,1612709928,5.0,4.0,4.0,1.0,2.0,2.0,0.0,0.0
1641778,2022400382,1612709928,9.0,3.0,5.0,0.0,5.0,4.0,0.0,0.0
1641917,2022400382,1612709928,6.0,0.0,4.0,1.0,6.0,1.0,1.0,1.0
1641907,2022400382,1612709928,7.0,5.0,5.0,0.0,8.0,3.0,0.0,0.0
1641779,2022400382,1612709934,22.0,2.0,7.0,1.0,14.0,8.0,3.0,2.0
1642345,2022400382,1612709934,10.0,4.0,6.0,2.0,5.0,5.0,0.0,0.0
1642473,2022400382,1612709934,15.0,1.0,3.0,1.0,8.0,6.0,0.0,0.0
1631102,2022400382,1612709934,19.0,9.0,4.0,0.0,15.0,6.0,3.0,3.0
204065,2022400382,1612709934,7.0,6.0,2.0,0.0,3.0,1.0,2.0,2.0
1631455,2022400382,1612709934,14.0,1.0,4.0,0.0,11.0,5.0,1.0,1.0
1628778,2022400382,1612709934,15.0,3.0,5.0,0.0,13.0,5.0,1.0,1.0
1629603,2022400382,1612709934,10.0,2.0,7.0,4.0,7.0,4.0,1.0,1.0
1630321,2022400382,1612709934,2.0,2.0,4.0,0.0,5.0,1.0,0.0,0.0
1642487,2022400382,1612709934,0.0,0.0,3.0,1.0,1.0,0.0,0.0,0.0
1630581,0022400944,1610612741,19.0,9.0,13.0,0.0,14.0,6.0,8.0,7.0
1641824,0022400944,1610612741,11.0,2.0,5.0,3.0,8.0,4.0,1.0,1.0
1628380,0022400944,1610612741,3.0,0.0,2.0,1.0,1.0,0.0,4.0,3.0
1629632,0022400944,1610612741,44.0,1.0,5.0,0.0,28.0,16.0,6.0,5.0
1630200,0022400944,1610612741,20.0,4.0,5.0,0.0,12.0,7.0,5.0,5.0
1630188,0022400944,1610612741,3.0,3.0,9.0,1.0,6.0,1.0,2.0,1.0
1628989,0022400944,1610612741,13.0,3.0,5.0,0.0,9.0,4.0,2.0,2.0
1629659,0022400944,1610612741,3.0,1.0,1.0,0.0,2.0,1.0,2.0,0.0
1641763,0022400944,1610612741,4.0,1.0,1.0,1.0,2.0,2.0,0.0,0.0
1631207,0022400944,1610612741,5.0,1.0,2.0,1.0,4.0,2.0,0.0,0.0
1630532,0022400944,1610612753,18.0,6.0,2.0,1.0,17.0,6.0,7.0,6.0
1631094,0022400944,1610612753,20.0,3.0,9.0,0.0,15.0,5.0,11.0,10.0
1628976,0022400944,1610612753,17.0,2.0,5.0,1.0,9.0,5.0,6.0,5.0
203484,0022400944,1610612753,19.0,2.0,4.0,0.0,10.0,8.0,2.0,1.0
1630175,0022400944,1610612753,20.0,3.0,4.0,1.0,12.0,6.0,6.0,6.0
1629048,0022400944,1610612753,8.0,3.0,1.0,1.0,3.0,3.0,2.0,2.0
1641724,0022400944,1610612753,4.0,0.0,0.0,0.0,6.0,2.0,0.0,0.0
1641710,0022400944,1610612753,8.0,2.0,3.0,1.0,4.0,3.0,2.0,0.0
1641783,0022400944,1610612753,6.0,3.0,2.0,0.0,7.0,1.0,4.0,4.0
202709,0022400944,1610612753,0.0,2.0,1.0,0.0,2.0,0.0,0.0,0.0
1631216,0022400944,1610612753,3.0,0.0,2.0,0.0,2.0,1.0,0.0,0.0
1642517,2022400376,1612709932,8.0,2.0,6.0,0.0,6.0,2.0,3.0,3.0
1641752,2022400376,1612709932,20.0,5.0,9.0,0.0,15.0,7.0,2.0,2.0
1642449,2022400376,1612709932,18.0,4.0,14.0,0.0,13.0,8.0,2.0,1.0
1631199,2022400376,1612709932,25.0,4.0,7.0,2.0,18.0,9.0,1.0,1.0
1642450,2022400376,1612709932,23.0,7.0,4.0,1.0,17.0,9.0,3.0,3.0
1642578,2022400376,1612709932,5.0,1.0,1.0,0.0,5.0,2.0,0.0,0.0
1642588,2022400376,1612709932,12.0,1.0,4.0,0.0,7.0,5.0,3.0,2.0
1642759,2022400376,1612709932,7.0,1.0,0.0,1.0,5.0,3.0,1.0,0.0
1642676,2022400376,1612709932,0.0,0.0,0.0,0.0,0.0,0.0,0.0,0.0
1642071,2022400376,1612709932,0.0,0.0,0.0,0.0,1.0,0.0,0.0,0.0
1642280,2022400376,1612709924,16.0,2.0,5.0,1.0,12.0,5.0,3.0,3.0
1631116,2022400376,1612709924,22.0,2.0,4.0,2.0,19.0,8.0,3.0,3.0
1642583,2022400376,1612709924,2.0,1.0,4.0,0.0,1.0,1.0,0.0,0.0
1642353,2022400376,1612709924,24.0,1.0,3.0,0.0,17.0,6.0,6.0,6.0
1630618,2022400376,1612709924,19.0,4.0,3.0,1.0,14.0,7.0,2.0,2.0
1631286,2022400376,1612709924,6.0,2.0,4.0,0.0,6.0,3.0,0.0,0.0
1642584,2022400376,1612709924,2.0,1.0,1.0,0.0,2.0,0.0,1.0,1.0
1642669,2022400376,1612709924,3.0,1.0,1.0,0.0,1.0,1.0,0.0,0.0
1631167,2022400376,1612709924,18.0,5.0,3.0,1.0,13.0,7.0,0.0,0.0
1641862,2022400376,1612709924,2.0,1.0,6.0,1.0,4.0,1.0,0.0,0.0
1628404,0022400903,1610612752,18.0,2.0,10.0,0.0,13.0,6.0,7.0,4.0
1628384,0022400903,1610612752,20.0,1.0,4.0,1.0,18.0,7.0,3.0,2.0
1626157,0022400903,1610612752,12.0,1.0,14.0,0.0,13.0,3.0,7.0,5.0
1628969,0022400903,1610612752,6.0,3.0,3.0,0.0,6.0,3.0,0.0,0.0
1628973,0022400903,1610612752,39.0,10.0,4.0,0.0,26.0,13.0,13.0,12.0
1629011,0022400903,1610612752,6.0,0.0,4.0,0.0,3.0,2.0,2.0,2.0
1630540,0022400903,1610612752,0.0,2.0,5.0,1.0,6.0,0.0,0.0,0.0
1629013,0022400903,1610612752,5.0,0.0,0.0,0.0,3.0,2.0,0.0,0.0
1626166,0022400903,1610612752,3.0,1.0,2.0,0.0,6.0,1.0,0.0,0.0
1627827,0022400903,1610612747,2.0,0.0,5.0,0.0,5.0,1.0,0.0,0.0
2544,0022400903,1610612747,31.0,8.0,12.0,1.0,23.0,11.0,8.0,7.0
1629637,0022400903,1610612747,8.0,3.0,5.0,2.0,5.0,3.0,2.0,2.0
1630559,0022400903,1610612747,8.0,0.0,6.0,0.0,13.0,2.0,4.0,3.0
1629029,0022400903,1610612747,32.0,12.0,7.0,0.0,23.0,9.0,12.0,10.0
1629020,0022400903,1610612747,2.0,0.0,5.0,1.0,3.0,1.0,0.0,0.0
1642261,0022400903,1610612747,11.0,1.0,4.0,0.0,8.0,4.0,0.0,0.0
1629216,0022400903,1610612747,12.0,1.0,1.0,0.0,5.0,4.0,0.0,0.0
1641998,0022400903,1610612747,7.0,0.0,4.0,0.0,4.0,3.0,2.0,1.0
202691,0022400897,1610612742,28.0,4.0,4.0,0.0,27.0,11.0,0.0,0.0
1630230,0022400897,1610612742,22.0,2.0,11.0,0.0,18.0,10.0,1.0,0.0
203939,0022400897,1610612742,6.0,4.0,3.0,1.0,4.0,3.0,0.0,0.0
1631108,0022400897,1610612742,13.0,1.0,2.0,0.0,16.0,5.0,1.0,1.0
203915,0022400897,1610612742,8.0,6.0,1.0,1.0,7.0,3.0,4.0,1.0
1630314,0022400897,1610612742,14.0,8.0,5.0,0.0,15.0,7.0,0.0,0.0
1630556,0022400897,1610612742,7.0,3.0,2.0,1.0,4.0,3.0,0.0,0.0
1641765,0022400897,1610612742,9.0,2.0,2.0,0.0,7.0,3.0,4.0,2.0
1628398,0022400897,1610612749,17.0,0.0,4.0,0.0,9.0,7.0,1.0,1.0
203507,0022400897,1610612749,32.0,4.0,15.0,0.0,20.0,13.0,6.0,6.0
201572,0022400897,1610612749,2.0,1.0,2.0,2.0,1.0,1.0,0.0,0.0
1627752,0022400897,1610612749,3.0,0.0,4.0,0.0,6.0,1.0,0.0,0.0
203081,0022400897,1610612749,34.0,5.0,3.0,0.0,15.0,11.0,7.0,7.0
1631260,0022400897,1610612749,18.0,2.0,2.0,0.0,9.0,6.0,0.0,0.0
1629645,0022400897,1610612749,10.0,14.0,11.0,0.0,11.0,4.0,3.0,2.0
1630579,0022400897,1610612749,10.0,0.0,8.0,1.0,5.0,5.0,0.0,0.0
1641748,0022400897,1610612749,8.0,0.0,1.0,0.0,7.0,3.0,0.0,0.0
1641753,0022400897,1610612749,1.0,1.0,3.0,0.0,1.0,0.0,2.0,1.0
1630649,0022400897,1610612749,0.0,1.0,1.0,1.0,3.0,0.0,0.0,0.0
1631123,0022400897,1610612749,2.0,1.0,0.0,0.0,1.0,1.0,0.0,0.0
1641890,0022400897,1610612749,0.0,0.0,1.0,0.0,1.0,0.0,0.0,0.0
203501,0022400898,1610612765,7.0,1.0,4.0,0.0,6.0,3.0,1.0,1.0
1641709,0022400898,1610612765,10.0,1.0,6.0,1.0,13.0,5.0,0.0,0.0
1631105,0022400898,1610612765,7.0,4.0,3.0,0.0,3.0,2.0,6.0,3.0
1627736,0022400898,1610612765,14.0,0.0,0.0,0.0,12.0,5.0,0.0,0.0
1630595,0022400898,1610612765,37.0,10.0,7.0,0.0,25.0,15.0,6.0,5.0
203471,0022400898,1610612765,21.0,7.0,6.0,0.0,14.0,8.0,0.0,0.0
1630191,0022400898,1610612765,10.0,3.0,6.0,1.0,6.0,4.0,2.0,2.0
1631323,0022400898,1610612765,2.0,1.0,2.0,0.0,4.0,1.0,0.0,0.0
1641842,0022400898,1610612765,7.0,0.0,0.0,0.0,3.0,2.0,4.0,3.0
203992,0022400898,1610612746,23.0,3.0,3.0,1.0,16.0,8.0,4.0,4.0
201587,0022400898,1610612746,5.0,0.0,3.0,2.0,1.0,1.0,2.0,2.0
1627826,0022400898,1610612746,22.0,3.0,11.0,0.0,20.0,11.0,0.0,0.0
1627739,0022400898,1610612746,8.0,6.0,4.0,1.0,3.0,3.0,0.0,0.0
201935,0022400898,1610612746,50.0,5.0,4.0,1.0,24.0,14.0,20.0,16.0
1629599,0022400898,1610612746,7.0,0.0,2.0,0.0,7.0,3.0,0.0,0.0
1629234,0022400898,1610612746,2.0,0.0,0.0,0.0,3.0,1.0,0.0,0.0
1641738,0022400898,1610612746,4.0,1.0,4.0,1.0,4.0,2.0,0.0,0.0
1641757,0022400898,1610612746,2.0,0.0,2.0,0.0,2.0,1.0,0.0,0.0
1630183,0022400892,1610612750,29.0,4.0,10.0,0.0,21.0,13.0,0.0,0.0
203944,0022400892,1610612750,25.0,9.0,10.0,0.0,18.0,8.0,8.0,7.0
1629675,0022400892,1610612750,13.0,2.0,10.0,0.0,12.0,5.0,2.0,1.0
1630162,0022400892,1610612750,29.0,6.0,3.0,1.0,20.0,9.0,8.0,5.0
1628978,0022400892,1610612750,16.0,1.0,5.0,0.0,7.0,5.0,2.0,2.0
1630545,0022400892,1610612750,4.0,0.0,0.0,0.0,3.0,1.0,2.0,1.0
1629638,0022400892,1610612750,3.0,3.0,4.0,1.0,5.0,1.0,0.0,0.0
1642265,0022400892,1610612750,3.0,2.0,0.0,1.0,1.0,1.0,0.0,0.0
1641740,0022400892,1610612750,3.0,0.0,1.0,0.0,3.0,1.0,0.0,0.0
1629610,0022400892,1610612766,6.0,2.0,2.0,0.0,5.0,3.0,0.0,0.0
1628970,0022400892,1610612766,23.0,5.0,9.0,0.0,20.0,9.0,6.0,4.0
1631109,0022400892,1610612766,12.0,2.0,8.0,1.0,7.0,5.0,4.0,2.0
1641733,0022400892,1610612766,11.0,3.0,4.0,0.0,10.0,4.0,0.0,0.0
1630163,0022400892,1610612766,28.0,6.0,10.0,0.0,28.0,11.0,2.0,2.0
203994,0022400892,1610612766,2.0,0.0,5.0,0.0,4.0,0.0,2.0,2.0
1641878,0022400892,1610612766,4.0,2.0,1.0,0.0,5.0,2.0,0.0,0.0
1642275,0022400892,1610612766,4.0,3.0,7.0,0.0,2.0,1.0,2.0,2.0
203552,0022400892,1610612766,14.0,2.0,7.0,0.0,11.0,5.0,0.0,0.0
1631217,0022400892,1610612766,6.0,1.0,4.0,1.0,3.0,2.0,2.0,2.0
1641864,2022400373,1612709903,2.0,2.0,3.0,0.0,9.0,1.0,0.0,0.0
1641863,2022400373,1612709903,31.0,3.0,5.0,1.0,14.0,11.0,2.0,1.0
1642405,2022400373,1612709903,8.0,0.0,10.0,0.0,12.0,3.0,2.0,1.0
1631220,2022400373,1612709903,17.0,7.0,5.0,1.0,17.0,6.0,4.0,3.0
1641795,2022400373,1612709903,6.0,4.0,6.0,0.0,11.0,2.0,1.0,1.0
1630546,2022400373,1612709903,25.0,8.0,2.0,0.0,15.0,7.0,5.0,5.0
1642693,2022400373,1612709903,4.0,1.0,9.0,3.0,3.0,2.0,0.0,0.0
1642640,2022400373,1612709903,6.0,1.0,2.0,0.0,5.0,1.0,2.0,2.0
1642544,2022400373,1612709903,3.0,1.0,1.0,0.0,5.0,1.0,0.0,0.0
1641794,2022400373,1612709889,12.0,6.0,9.0,0.0,8.0,4.0,4.0,2.0
1642046,2022400373,1612709889,2.0,2.0,6.0,0.0,5.0,1.0,0.0,0.0
1642382,2022400373,1612709889,22.0,2.0,10.0,6.0,15.0,8.0,1.0,1.0
1631451,2022400373,1612709889,16.0,3.0,5.0,0.0,15.0,6.0,3.0,2.0
1642504,2022400373,1612709889,10.0,2.0,2.0,0.0,10.0,4.0,0.0,0.0
1630186,2022400373,1612709889,13.0,2.0,6.0,0.0,13.0,5.0,1.0,1.0
1642502,2022400373,1612709889,14.0,1.0,5.0,1.0,6.0,5.0,2.0,2.0
1631489,2022400373,1612709889,8.0,1.0,6.0,0.0,4.0,3.0,1.0,1.0
1631205,2022400373,1612709889,6.0,3.0,5.0,1.0,7.0,2.0,0.0,0.0
1641991,2022400373,1612709889,14.0,2.0,1.0,0.0,8.0,5.0,2.0,2.0
1630166,0022400891,1610612757,12.0,2.0,6.0,2.0,10.0,5.0,2.0,1.0
1641739,0022400891,1610612757,12.0,2.0,4.0,0.0,11.0,3.0,5.0,4.0
1642270,0022400891,1610612757,2.0,1.0,7.0,1.0,3.0,1.0,0.0,0.0
1631101,0022400891,1610612757,25.0,2.0,6.0,0.0,18.0,11.0,0.0,0.0
1629014,0022400891,1610612757,30.0,6.0,1.0,0.0,21.0,12.0,3.0,3.0
1630703,0022400891,1610612757,13.0,4.0,2.0,0.0,11.0,4.0,5.0,4.0
1641871,0022400891,1610612757,0.0,0.0,2.0,0.0,2.0,0.0,0.0,0.0
1631200,0022400891,1610612757,2.0,1.0,4.0,0.0,4.0,1.0,0.0,0.0
1631133,0022400891,1610612757,22.0,0.0,6.0,0.0,9.0,8.0,2.0,0.0
1630625,0022400891,1610612757,0.0,1.0,1.0,0.0,1.0,0.0,0.0,0.0
1630573,0022400891,1610612738,5.0,0.0,6.0,0.0,9.0,2.0,0.0,0.0
201143,0022400891,1610612738,12.0,4.0,9.0,2.0,9.0,4.0,2.0,2.0
1628436,0022400891,1610612738,2.0,4.0,6.0,1.0,4.0,1.0,0.0,0.0
1627759,0022400891,1610612738,18.0,8.0,8.0,0.0,23.0,7.0,6.0,4.0
1628401,0022400891,1610612738,41.0,2.0,3.0,1.0,26.0,14.0,4.0,4.0
1630202,0022400891,1610612738,43.0,5.0,10.0,0.0,20.0,14.0,5.0,5.0
1641775,0022400891,1610612738,3.0,1.0,6.0,1.0,1.0,1.0,0.0,0.0
1629674,0022400891,1610612738,4.0,0.0,4.0,1.0,5.0,2.0,0.0,0.0
1631120,0022400891,1610612738,0.0,0.0,0.0,0.0,0.0,0.0,0.0,0.0
1641809,0022400891,1610612738,0.0,0.0,0.0,0.0,0.0,0.0,0.0,0.0
201942,0022400896,1610612758,35.0,5.0,6.0,0.0,32.0,14.0,4.0,3.0
1631099,0022400896,1610612758,6.0,0.0,3.0,2.0,7.0,3.0,0.0,0.0
202685,0022400896,1610612758,19.0,6.0,13.0,0.0,14.0,8.0,4.0,3.0
203897,0022400896,1610612758,20.0,6.0,4.0,0.0,16.0,7.0,4.0,3.0
1631165,0022400896,1610612758,11.0,3.0,7.0,2.0,9.0,4.0,2.0,2.0
1631222,0022400896,1610612758,15.0,1.0,5.0,0.0,10.0,6.0,0.0,0.0
1626168,0022400896,1610612758,4.0,1.0,5.0,0.0,6.0,2.0,0.0,0.0
1628365,0022400896,1610612758,0.0,0.0,1.0,1.0,2.0,0.0,0.0,0.0
203926,0022400896,1610612758,0.0,0.0,1.0,1.0,0.0,0.0,0.0,0.0
1627746,0022400896,1610612758,0.0,0.0,0.0,0.0,0.0,0.0,0.0,0.0
1631128,0022400896,1610612743,15.0,7.0,2.0,1.0,10.0,5.0,2.0,2.0
1629008,0022400896,1610612743,13.0,0.0,12.0,1.0,13.0,5.0,2.0,2.0
203999,0022400896,1610612743,22.0,6.0,15.0,0.0,18.0,9.0,6.0,4.0
201566,0022400896,1610612743,25.0,3.0,5.0,2.0,20.0,10.0,1.0,1.0
1627750,0022400896,1610612743,24.0,8.0,4.0,1.0,10.0,4.0,15.0,14.0
1629618,0022400896,1610612743,5.0,3.0,2.0,0.0,5.0,2.0,0.0,0.0
1630192,0022400896,1610612743,10.0,0.0,3.0,3.0,7.0,4.0,2.0,1.0
1631212,0022400896,1610612743,2.0,1.0,3.0,0.0,4.0,1.0,2.0,0.0
1629652,0022400895,1610612760,3.0,3.0,4.0,0.0,7.0,1.0,0.0,0.0
1631114,0022400895,1610612760,20.0,9.0,5.0,1.0,17.0,7.0,5.0,5.0
1628392,0022400895,1610612760,10.0,2.0,15.0,1.0,9.0,5.0,0.0,0.0
1641717,0022400895,1610612760,4.0,1.0,4.0,0.0,3.0,2.0,0.0,0.0
1628983,0022400895,1610612760,41.0,8.0,2.0,0.0,25.0,14.0,10.0,10.0
1630598,0022400895,1610612760,16.0,3.0,1.0,0.0,9.0,6.0,2.0,1.0
1631119,0022400895,1610612760,13.0,0.0,4.0,2.0,4.0,4.0,2.0,1.0
1630198,0022400895,1610612760,8.0,1.0,3.0,0.0,7.0,3.0,0.0,0.0
1629026,0022400895,1610612760,0.0,0.0,0.0,0.0,3.0,0.0,0.0,0.0
1631172,0022400895,1610612760,5.0,0.0,1.0,0.0,3.0,2.0,0.0,0.0
1641745,0022400895,1610612760,0.0,0.0,0.0,0.0,0.0,0.0,0.0,0.0
1642377,0022400895,1610612763,3.0,1.0,5.0,0.0,5.0,0.0,4.0,3.0
1631246,0022400895,1610612763,12.0,2.0,3.0,0.0,12.0,5.0,1.0,1.0
1641744,0022400895,1610612763,6.0,0.0,9.0,0.0,8.0,3.0,0.0,0.0
1630217,0022400895,1610612763,15.0,1.0,6.0,1.0,14.0,5.0,5.0,4.0
1629630,0022400895,1610612763,24.0,6.0,3.0,0.0,22.0,8.0,6.0,6.0
1628379,0022400895,1610612763,2.0,4.0,2.0,0.0,4.0,1.0,0.0,0.0
1629634,0022400895,1610612763,13.0,2.0,11.0,0.0,7.0,5.0,3.0,3.0
1628963,0022400895,1610612763,3.0,0.0,2.0,0.0,2.0,1.0,0.0,0.0
1630590,0022400895,1610612763,15.0,3.0,5.0,0.0,9.0,6.0,1.0,1.0
1641713,0022400895,1610612763,6.0,2.0,3.0,0.0,7.0,2.0,0.0,0.0
1630205,0022400895,1610612763,2.0,0.0,0.0,0.0,1.0,1.0,0.0,0.0
1630643,0022400895,1610612763,0.0,0.0,0.0,0.0,0.0,0.0,0.0,0.0
1642285,0022400895,1610612763,2.0,0.0,0.0,0.0,0.0,0.0,2.0,2.0
1630231,0022400894,1610612762,5.0,1.0,5.0,0.0,6.0,2.0,0.0,0.0
1641729,0022400894,1610612762,15.0,3.0,4.0,1.0,15.0,5.0,3.0,3.0
1642271,0022400894,1610612762,23.0,0.0,13.0,1.0,17.0,10.0,3.0,2.0
1630548,0022400894,1610612762,27.0,2.0,7.0,1.0,15.0,10.0,3.0,2.0
1642268,0022400894,1610612762,19.0,6.0,6.0,0.0,14.0,7.0,9.0,5.0
1642262,0022400894,1610612762,12.0,2.0,3.0,0.0,9.0,4.0,2.0,2.0
1629004,0022400894,1610612762,11.0,6.0,1.0,0.0,15.0,4.0,0.0,0.0
1630695,0022400894,1610612762,4.0,1.0,6.0,0.0,4.0,2.0,0.0,0.0
1631131,0022400894,1610612762,6.0,0.0,13.0,0.0,6.0,3.0,0.0,0.0
1642273,0022400894,1610612764,23.0,2.0,7.0,1.0,17.0,8.0,5.0,4.0
203114,0022400894,1610612764,14.0,6.0,6.0,1.0,12.0,5.0,3.0,3.0
1642259,0022400894,1610612764,21.0,4.0,5.0,2.0,12.0,8.0,4.0,3.0
1641731,0022400894,1610612764,11.0,0.0,5.0,3.0,10.0,5.0,0.0,0.0
1642267,0022400894,1610612764,12.0,9.0,5.0,2.0,10.0,4.0,5.0,4.0
1630551,0022400894,1610612764,17.0,2.0,3.0,0.0,9.0,5.0,3.0,3.0
1630557,0022400894,1610612764,6.0,3.0,3.0,1.0,6.0,1.0,5.0,3.0
1641774,0022400894,1610612764,8.0,1.0,7.0,2.0,10.0,2.0,2.0,2.0
203935,0022400894,1610612764,13.0,5.0,4.0,0.0,9.0,4.0,2.0,2.0
1630278,2022400375,1612709927,6.0,1.0,5.0,1.0,10.0,2.0,1.0,0.0
1627740,2022400375,1612709927,28.0,7.0,18.0,0.0,15.0,8.0,7.0,7.0
1630641,2022400375,1612709927,2.0,1.0,7.0,0.0,2.0,1.0,1.0,0.0
1629808,2022400375,1612709927,28.0,1.0,10.0,2.0,21.0,10.0,3.0,3.0
1631231,2022400375,1612709927,28.0,6.0,0.0,1.0,21.0,11.0,2.0,1.0
1629056,2022400375,1612709927,4.0,3.0,1.0,0.0,6.0,2.0,0.0,0.0
1626159,2022400375,1612709927,14.0,2.0,5.0,1.0,7.0,5.0,2.0,1.0
1642520,2022400375,1612709927,6.0,0.0,3.0,0.0,5.0,3.0,0.0,0.0
1642500,2022400375,1612709927,0.0,1.0,1.0,0.0,0.0,0.0,0.0,0.0
1642395,2022400375,1612709927,0.0,0.0,0.0,0.0,0.0,0.0,0.0,0.0
1642396,2022400375,1612709902,17.0,1.0,5.0,0.0,16.0,5.0,3.0,2.0
1642429,2022400375,1612709902,7.0,1.0,7.0,0.0,6.0,2.0,1.0,1.0
1642679,2022400375,1612709902,6.0,1.0,4.0,0.0,4.0,3.0,0.0,0.0
1641881,2022400375,1612709902,22.0,6.0,3.0,0.0,17.0,7.0,1.0,1.0
1641879,2022400375,1612709902,4.0,7.0,4.0,0.0,12.0,2.0,1.0,0.0
1642651,2022400375,1612709902,8.0,5.0,3.0,0.0,6.0,2.0,3.0,2.0
1642764,2022400375,1612709902,2.0,0.0,1.0,1.0,4.0,1.0,0.0,0.0
1630296,2022400375,1612709902,30.0,3.0,13.0,1.0,16.0,10.0,9.0,5.0
1630721,2022400375,1612709902,2.0,0.0,4.0,0.0,6.0,1.0,0.0,0.0
1642631,2022400375,1612709902,0.0,0.0,0.0,0.0,0.0,0.0,0.0,0.0
1642066,2022400372,1612709925,34.0,1.0,7.0,0.0,20.0,13.0,3.0,3.0
1641771,2022400372,1612709925,14.0,4.0,7.0,0.0,12.0,4.0,4.0,2.0
1626217,2022400372,1612709925,2.0,1.0,3.0,1.0,3.0,1.0,1.0,0.0
1631457,2022400372,1612709925,12.0,6.0,12.0,0.0,12.0,6.0,0.0,0.0
1630606,2022400372,1612709925,25.0,4.0,2.0,0.0,18.0,6.0,7.0,6.0
1629633,2022400372,1612709925,27.0,5.0,2.0,0.0,14.0,9.0,1.0,1.0
1641918,2022400372,1612709925,0.0,0.0,0.0,0.0,2.0,0.0,0.0,0.0
1630679,2022400372,1612709925,35.0,5.0,6.0,1.0,18.0,10.0,10.0,8.0
1642235,2022400372,1612709925,0.0,2.0,1.0,0.0,1.0,0.0,0.0,0.0
1641734,2022400372,1612709893,31.0,6.0,8.0,1.0,20.0,9.0,4.0,3.0
1631449,2022400372,1612709893,18.0,3.0,14.0,1.0,8.0,6.0,3.0,3.0
1641772,2022400372,1612709893,21.0,1.0,6.0,3.0,19.0,10.0,0.0,0.0
1642281,2022400372,1612709893,21.0,6.0,7.0,2.0,17.0,8.0,1.0,1.0
1631247,2022400372,1612709893,15.0,11.0,9.0,2.0,10.0,4.0,3.0,3.0
1630190,2022400372,1612709893,8.0,1.0,1.0,0.0,5.0,3.0,0.0,0.0
1630624,2022400372,1612709893,23.0,2.0,7.0,3.0,15.0,9.0,3.0,2.0
1630767,2022400372,1612709893,2.0,0.0,0.0,0.0,1.0,0.0,1.0,1.0
1642468,2022400372,1612709893,2.0,3.0,1.0,0.0,2.0,1.0,0.0,0.0
1642619,2022400372,1612709893,3.0,0.0,1.0,0.0,1.0,1.0,0.0,0.0
202692,0022400893,1610612748,5.0,2.0,5.0,0.0,8.0,2.0,1.0,0.0
201567,0022400893,1610612748,10.0,1.0,6.0,2.0,8.0,3.0,4.0,3.0
1628389,0022400893,1610612748,34.0,5.0,12.0,0.0,18.0,11.0,9.0,9.0
1626179,0022400893,1610612748,12.0,2.0,1.0,0.0,14.0,3.0,5.0,5.0
1630558,0022400893,1610612748,9.0,7.0,1.0,0.0,5.0,3.0,2.0,2.0
1629312,0022400893,1610612748,13.0,2.0,3.0,0.0,9.0,5.0,2.0,2.0
1629130,0022400893,1610612748,14.0,2.0,3.0,0.0,10.0,5.0,0.0,0.0
203937,0022400893,1610612748,7.0,7.0,11.0,0.0,8.0,3.0,2.0,1.0
1641796,0022400893,1610612748,3.0,1.0,0.0,0.0,3.0,1.0,0.0,0.0
1629622,0022400893,1610612739,11.0,2.0,2.0,0.0,8.0,4.0,0.0,0.0
1630596,0022400893,1610612739,16.0,3.0,13.0,1.0,10.0,7.0,7.0,2.0
1628386,0022400893,1610612739,4.0,1.0,8.0,2.0,6.0,2.0,0.0,0.0
1628378,0022400893,1610612739,26.0,5.0,7.0,0.0,17.0,8.0,7.0,6.0
1629636,0022400893,1610612739,15.0,10.0,3.0,0.0,12.0,5.0,2.0,2.0
1629660,0022400893,1610612739,12.0,1.0,5.0,0.0,12.0,4.0,2.0,2.0
1629631,0022400893,1610612739,16.0,2.0,5.0,1.0,12.0,6.0,4.0,4.0
1630241,0022400893,1610612739,3.0,0.0,2.0,0.0,3.0,1.0,0.0,0.0
1629731,0022400893,1610612739,2.0,1.0,0.0,0.0,2.0,1.0,0.0,0.0
1630171,0022400893,1610612739,7.0,1.0,2.0,0.0,5.0,3.0,0.0,0.0
1642357,2022400374,1612709931,25.0,2.0,10.0,3.0,18.0,9.0,3.0,3.0
1629308,2022400374,1612709931,12.0,1.0,4.0,0.0,18.0,5.0,0.0,0.0
1642527,2022400374,1612709931,10.0,3.0,7.0,2.0,8.0,4.0,0.0,0.0
1641825,2022400374,1612709931,13.0,4.0,8.0,0.0,14.0,5.0,3.0,1.0
1642714,2022400374,1612709931,26.0,4.0,5.0,0.0,20.0,10.0,1.0,1.0
1642525,2022400374,1612709931,2.0,0.0,0.0,0.0,1.0,1.0,0.0,0.0
1631305,2022400374,1612709931,6.0,2.0,3.0,1.0,2.0,1.0,2.0,2.0
1642128,2022400374,1612709931,9.0,2.0,1.0,0.0,2.0,2.0,2.0,2.0
1630535,2022400374,1612709931,6.0,1.0,5.0,2.0,7.0,2.0,2.0,1.0
1642524,2022400374,1612709931,1.0,2.0,6.0,0.0,3.0,0.0,2.0,1.0
1630929,2022400374,1612709933,17.0,2.0,7.0,0.0,20.0,8.0,0.0,0.0
1630651,2022400374,1612709933,9.0,3.0,3.0,1.0,7.0,4.0,0.0,0.0
1631376,2022400374,1612709933,20.0,5.0,7.0,3.0,13.0,8.0,4.0,4.0
1630547,2022400374,1612709933,22.0,8.0,5.0,0.0,14.0,7.0,4.0,3.0
1630310,2022400374,1612709933,21.0,7.0,8.0,0.0,18.0,7.0,1.0,1.0
1630812,2022400374,1612709933,25.0,0.0,7.0,0.0,12.0,10.0,4.0,4.0
1642412,2022400374,1612709933,0.0,6.0,10.0,0.0,2.0,0.0,0.0,0.0
1642568,2022400374,1612709933,8.0,1.0,0.0,0.0,8.0,3.0,0.0,0.0
1641941,2022400374,1612709933,2.0,0.0,1.0,0.0,3.0,1.0,0.0,0.0
1629622,0022400886,1610612739,11,5,3,0,7,4,0,0
1629631,0022400886,1610612739,6,0,5,1,7,2,2,2
1628386,0022400886,1610612739,25,3,17,0,11,10,5,5
1628378,0022400886,1610612739,28,5,7,0,17,7,14,13
1629636,0022400886,1610612739,19,7,3,0,22,7,0,0
1629660,0022400886,1610612739,16,2,3,0,10,3,9,9
1629731,0022400886,1610612739,6,0,4,1,7,2,0,0
1630241,0022400886,1610612739,11,0,2,2,6,4,0,0
1630171,0022400886,1610612739,4,1,1,0,4,2,0,0
1629750,0022400886,1610612739,11,2,6,0,5,4,3,1
1642281,0022400886,1610612739,2,1,0,0,2,1,0,0
202684,0022400886,1610612739,0,1,2,0,0,0,0,0
1641854,0022400886,1610612739,0,0,0,0,0,0,0,0
1631207,0022400886,1610612741,4,2,1,0,5,2,0,0
1641824,0022400886,1610612741,17,3,7,1,17,7,2,2
1628380,0022400886,1610612741,20,2,12,1,16,10,0,0
1629632,0022400886,1610612741,25,7,4,1,23,9,5,4
1630200,0022400886,1610612741,9,7,8,1,9,4,2,0
1629659,0022400886,1610612741,22,6,4,0,18,9,2,1
1641763,0022400886,1610612741,4,1,0,0,4,1,2,2
1628975,0022400886,1610612741,3,3,2,1,5,1,0,0
1630188,0022400886,1610612741,13,0,11,1,7,4,4,3
1642443,0022400886,1610612741,0,1,1,0,0,0,0,0
1641801,0022400886,1610612741,0,0,0,0,0,0,0,0
1630604,0022400886,1610612741,0,0,0,0,2,0,0,0
1642696,2022400364,1612709915,9.0,0.0,3.0,0.0,4.0,3.0,1.0,1.0
1641809,2022400364,1612709915,18.0,8.0,10.0,0.0,17.0,6.0,1.0,1.0
1630791,2022400364,1612709915,8.0,0.0,5.0,1.0,3.0,3.0,3.0,2.0
1642400,2022400364,1612709915,12.0,1.0,6.0,0.0,10.0,6.0,0.0,0.0
1631120,2022400364,1612709915,34.0,7.0,5.0,1.0,23.0,13.0,4.0,4.0
1642508,2022400364,1612709915,2.0,0.0,5.0,3.0,2.0,1.0,1.0,0.0
1630648,2022400364,1612709915,6.0,0.0,2.0,0.0,5.0,2.0,0.0,0.0
1630206,2022400364,1612709915,22.0,1.0,7.0,2.0,15.0,8.0,4.0,3.0
1642620,2022400364,1612709915,7.0,1.0,2.0,0.0,8.0,3.0,0.0,0.0
1641992,2022400364,1612709915,0.0,0.0,1.0,0.0,0.0,0.0,0.0,0.0
1629800,2022400364,1612709915,4.0,0.0,0.0,1.0,3.0,2.0,0.0,0.0
1641856,2022400364,1612709917,14.0,3.0,3.0,0.0,14.0,4.0,2.0,2.0
1641790,2022400364,1612709917,26.0,1.0,14.0,0.0,18.0,7.0,5.0,5.0
1641777,2022400364,1612709917,13.0,1.0,10.0,0.0,8.0,5.0,1.0,1.0
1641847,2022400364,1612709917,12.0,4.0,6.0,0.0,9.0,5.0,0.0,0.0
1641725,2022400364,1612709917,21.0,4.0,6.0,1.0,16.0,5.0,6.0,6.0
1642440,2022400364,1612709917,8.0,1.0,5.0,1.0,9.0,3.0,2.0,1.0
1642595,2022400364,1612709917,4.0,4.0,0.0,0.0,5.0,1.0,1.0,1.0
1642019,2022400364,1612709917,4.0,4.0,5.0,0.0,9.0,1.0,1.0,1.0
1642444,2022400364,1612709917,9.0,2.0,4.0,0.0,5.0,3.0,1.0,1.0
1628398,0022400884,1610612749,17.0,2.0,10.0,0.0,10.0,7.0,3.0,2.0
203507,0022400884,1610612749,26.0,10.0,12.0,0.0,18.0,9.0,12.0,8.0
201572,0022400884,1610612749,13.0,3.0,13.0,1.0,14.0,5.0,2.0,2.0
1627752,0022400884,1610612749,8.0,2.0,2.0,0.0,9.0,3.0,0.0,0.0
203081,0022400884,1610612749,23.0,4.0,5.0,0.0,18.0,9.0,3.0,3.0
1631260,0022400884,1610612749,8.0,1.0,4.0,0.0,8.0,3.0,0.0,0.0
1629018,0022400884,1610612749,15.0,2.0,0.0,0.0,10.0,6.0,1.0,1.0
1630579,0022400884,1610612749,2.0,1.0,3.0,0.0,2.0,1.0,0.0,0.0
1629645,0022400884,1610612749,15.0,2.0,2.0,0.0,7.0,6.0,2.0,2.0
1642258,0022400884,1610612737,7.0,0.0,4.0,0.0,10.0,3.0,1.0,0.0
1631243,0022400884,1610612737,15.0,1.0,5.0,1.0,7.0,5.0,2.0,1.0
1630168,0022400884,1610612737,6.0,2.0,9.0,2.0,7.0,3.0,0.0,0.0
1630700,0022400884,1610612737,16.0,6.0,9.0,0.0,14.0,7.0,2.0,0.0
1629027,0022400884,1610612737,28.0,13.0,2.0,0.0,24.0,9.0,9.0,9.0
1627747,0022400884,1610612737,21.0,4.0,3.0,0.0,13.0,8.0,3.0,3.0
203991,0022400884,1610612737,8.0,1.0,8.0,2.0,8.0,4.0,0.0,0.0
1627777,0022400884,1610612737,8.0,2.0,3.0,0.0,11.0,3.0,0.0,0.0
1629611,0022400884,1610612737,12.0,4.0,4.0,1.0,7.0,4.0,0.0,0.0
1641823,2022400367,1612709909,17.0,2.0,5.0,0.0,6.0,5.0,2.0,2.0
1630542,2022400367,1612709909,21.0,2.0,11.0,1.0,12.0,8.0,0.0,0.0
1630600,2022400367,1612709909,7.0,3.0,1.0,0.0,7.0,3.0,2.0,1.0
1628876,2022400367,1612709909,5.0,3.0,1.0,0.0,8.0,2.0,0.0,0.0
1629600,2022400367,1612709909,25.0,6.0,3.0,0.0,20.0,9.0,2.0,1.0
1631171,2022400367,1612709909,11.0,3.0,9.0,0.0,8.0,3.0,5.0,3.0
1627775,2022400367,1612709909,13.0,4.0,2.0,0.0,11.0,5.0,1.0,1.0
1630218,2022400367,1612709909,4.0,1.0,3.0,0.0,3.0,2.0,1.0,0.0
1631198,2022400367,1612709909,8.0,5.0,4.0,0.0,4.0,3.0,2.0,1.0
1630342,2022400367,1612709913,11.0,3.0,4.0,2.0,7.0,4.0,0.0,0.0
1631232,2022400367,1612709913,12.0,2.0,2.0,0.0,10.0,4.0,1.0,1.0
1628964,2022400367,1612709913,26.0,0.0,15.0,1.0,16.0,9.0,4.0,3.0
1631311,2022400367,1612709913,16.0,8.0,5.0,1.0,11.0,6.0,2.0,1.0
1630622,2022400367,1612709913,25.0,8.0,1.0,0.0,15.0,9.0,0.0,0.0
1642490,2022400367,1612709913,12.0,8.0,11.0,2.0,10.0,5.0,1.0,1.0
1629955,2022400367,1612709913,2.0,1.0,3.0,1.0,4.0,1.0,0.0,0.0
1628432,2022400367,1612709913,8.0,1.0,4.0,0.0,8.0,3.0,1.0,0.0
1631462,2022400367,1612709913,0.0,0.0,0.0,0.0,3.0,0.0,0.0,0.0
202331,0022400887,1610612755,7.0,6.0,7.0,0.0,11.0,3.0,0.0,0.0
1627824,0022400887,1610612755,18.0,0.0,7.0,0.0,14.0,7.0,4.0,3.0
203083,0022400887,1610612755,4.0,3.0,7.0,1.0,5.0,1.0,2.0,2.0
1626162,0022400887,1610612755,24.0,2.0,3.0,1.0,19.0,11.0,3.0,1.0
1629656,0022400887,1610612755,30.0,2.0,3.0,0.0,18.0,12.0,3.0,3.0
1641737,0022400887,1610612755,1.0,1.0,1.0,0.0,0.0,0.0,2.0,1.0
1629022,0022400887,1610612755,6.0,1.0,2.0,0.0,7.0,2.0,1.0,1.0
1630288,0022400887,1610612755,5.0,2.0,3.0,0.0,0.0,0.0,8.0,5.0
1641741,0022400887,1610612755,3.0,1.0,0.0,0.0,4.0,1.0,0.0,0.0
1630215,0022400887,1610612755,11.0,4.0,3.0,0.0,7.0,4.0,4.0,3.0
1642024,0022400887,1610612755,3.0,0.0,0.0,0.0,1.0,1.0,0.0,0.0
1630183,0022400887,1610612750,17.0,2.0,3.0,4.0,10.0,7.0,2.0,2.0
203944,0022400887,1610612750,16.0,5.0,8.0,0.0,9.0,5.0,6.0,6.0
1629675,0022400887,1610612750,23.0,2.0,6.0,1.0,18.0,9.0,0.0,0.0
1630162,0022400887,1610612750,18.0,1.0,5.0,0.0,11.0,5.0,7.0,6.0
201144,0022400887,1610612750,12.0,6.0,7.0,0.0,6.0,4.0,1.0,1.0
1628978,0022400887,1610612750,12.0,8.0,2.0,0.0,9.0,4.0,0.0,0.0
1629638,0022400887,1610612750,20.0,3.0,3.0,0.0,11.0,8.0,1.0,1.0
1630545,0022400887,1610612750,2.0,0.0,2.0,0.0,1.0,1.0,0.0,0.0
1641740,0022400887,1610612750,0.0,1.0,0.0,0.0,1.0,0.0,0.0,0.0
1642265,0022400887,1610612750,4.0,0.0,0.0,0.0,4.0,2.0,0.0,0.0
1631169,0022400887,1610612750,0.0,0.0,0.0,0.0,0.0,0.0,0.0,0.0
1631159,0022400887,1610612750,2.0,0.0,1.0,0.0,1.0,1.0,0.0,0.0
1630568,0022400887,1610612750,0.0,0.0,0.0,0.0,0.0,0.0,0.0,0.0
1642399,0022400887,1610612750,0.0,1.0,0.0,0.0,0.0,0.0,0.0,0.0
1629661,0022400888,1610612751,17.0,4.0,3.0,0.0,10.0,6.0,2.0,2.0
1630533,0022400888,1610612751,7.0,1.0,3.0,0.0,7.0,2.0,2.0,2.0
1629651,0022400888,1610612751,6.0,4.0,7.0,0.0,7.0,3.0,2.0,0.0
1630560,0022400888,1610612751,24.0,6.0,1.0,0.0,19.0,8.0,4.0,4.0
1626156,0022400888,1610612751,12.0,4.0,1.0,1.0,11.0,4.0,2.0,2.0
1630553,0022400888,1610612751,8.0,1.0,7.0,0.0,5.0,2.0,3.0,3.0
1631213,0022400888,1610612751,9.0,3.0,3.0,0.0,8.0,4.0,0.0,0.0
1630549,0022400888,1610612751,2.0,0.0,4.0,1.0,2.0,1.0,0.0,0.0
1630592,0022400888,1610612751,13.0,1.0,0.0,0.0,7.0,4.0,2.0,2.0
1630570,0022400888,1610612751,12.0,5.0,10.0,0.0,8.0,4.0,4.0,3.0
1641727,0022400888,1610612751,3.0,0.0,0.0,0.0,2.0,1.0,0.0,0.0
1641721,0022400888,1610612751,0.0,0.0,1.0,0.0,0.0,0.0,0.0,0.0
1630170,0022400888,1610612759,37.0,5.0,11.0,1.0,20.0,14.0,1.0,1.0
203084,0022400888,1610612759,9.0,3.0,2.0,0.0,6.0,3.0,1.0,1.0
202687,0022400888,1610612759,13.0,3.0,14.0,2.0,10.0,6.0,2.0,1.0
1628368,0022400888,1610612759,15.0,7.0,3.0,0.0,12.0,7.0,0.0,0.0
101108,0022400888,1610612759,11.0,7.0,0.0,0.0,5.0,4.0,0.0,0.0
1642264,0022400888,1610612759,17.0,6.0,4.0,0.0,15.0,8.0,4.0,0.0
1629640,0022400888,1610612759,15.0,1.0,8.0,0.0,14.0,6.0,2.0,2.0
1631110,0022400888,1610612759,2.0,3.0,2.0,1.0,4.0,1.0,0.0,0.0
1630577,0022400888,1610612759,8.0,2.0,1.0,0.0,8.0,3.0,0.0,0.0
1630572,0022400888,1610612759,0.0,0.0,1.0,0.0,0.0,0.0,0.0,0.0
1631103,0022400888,1610612759,0.0,0.0,0.0,0.0,0.0,0.0,0.0,0.0
1631104,0022400888,1610612759,0.0,0.0,0.0,0.0,1.0,0.0,0.0,0.0
1628415,0022400882,1610612745,13.0,2.0,4.0,0.0,16.0,4.0,4.0,3.0
1631095,0022400882,1610612745,12.0,0.0,9.0,0.0,11.0,4.0,4.0,2.0
1630578,0022400882,1610612745,25.0,7.0,9.0,0.0,19.0,12.0,2.0,1.0
1630224,0022400882,1610612745,12.0,2.0,4.0,0.0,13.0,4.0,4.0,2.0
1641708,0022400882,1610612745,13.0,4.0,12.0,0.0,13.0,5.0,6.0,3.0
1631106,0022400882,1610612745,16.0,4.0,14.0,0.0,14.0,7.0,0.0,0.0
1642263,0022400882,1610612745,4.0,2.0,1.0,0.0,6.0,2.0,2.0,0.0
203500,0022400882,1610612745,3.0,1.0,3.0,0.0,3.0,1.0,2.0,1.0
1641715,0022400882,1610612745,3.0,0.0,1.0,0.0,2.0,1.0,0.0,0.0
1631466,0022400882,1610612745,1.0,0.0,0.0,0.0,1.0,0.0,2.0,1.0
1628988,0022400882,1610612745,0.0,0.0,0.0,0.0,0.0,0.0,0.0,0.0
1630256,0022400882,1610612745,0.0,0.0,1.0,0.0,0.0,0.0,0.0,0.0
1630174,0022400882,1610612754,16.0,0.0,5.0,0.0,13.0,7.0,1.0,1.0
1627783,0022400882,1610612754,18.0,2.0,2.0,0.0,19.0,8.0,2.0,2.0
1626167,0022400882,1610612754,16.0,1.0,4.0,4.0,11.0,6.0,0.0,0.0
1629614,0022400882,1610612754,5.0,6.0,6.0,2.0,6.0,2.0,0.0,0.0
1630169,0022400882,1610612754,28.0,15.0,3.0,0.0,16.0,9.0,5.0,5.0
1628418,0022400882,1610612754,10.0,1.0,5.0,0.0,5.0,4.0,0.0,0.0
1630167,0022400882,1610612754,13.0,1.0,5.0,0.0,6.0,4.0,2.0,2.0
204456,0022400882,1610612754,2.0,3.0,1.0,0.0,4.0,1.0,0.0,0.0
1641767,0022400882,1610612754,5.0,3.0,3.0,0.0,4.0,2.0,0.0,0.0
1641716,0022400882,1610612754,2.0,2.0,0.0,0.0,1.0,1.0,0.0,0.0
1642277,0022400882,1610612754,0.0,0.0,0.0,0.0,1.0,0.0,0.0,0.0
1628396,0022400882,1610612754,0.0,0.0,1.0,0.0,0.0,0.0,0.0,0.0
1629643,2022400366,1612709919,14.0,3.0,9.0,2.0,16.0,4.0,3.0,2.0
1629650,2022400366,1612709919,28.0,2.0,22.0,2.0,13.0,9.0,8.0,6.0
203933,2022400366,1612709919,17.0,4.0,2.0,1.0,9.0,4.0,7.0,7.0
1641755,2022400366,1612709919,21.0,2.0,7.0,1.0,14.0,7.0,2.0,2.0
1642486,2022400366,1612709919,2.0,1.0,0.0,0.0,6.0,1.0,1.0,0.0
1631098,2022400366,1612709919,10.0,2.0,4.0,0.0,12.0,5.0,2.0,0.0
1641924,2022400366,1612709919,4.0,2.0,4.0,1.0,5.0,2.0,0.0,0.0
1630733,2022400366,1612709919,13.0,2.0,2.0,0.0,7.0,3.0,2.0,2.0
1631499,2022400366,1612709919,2.0,0.0,1.0,0.0,1.0,0.0,1.0,1.0
1631127,2022400366,1612709890,14.0,5.0,6.0,1.0,20.0,6.0,0.0,0.0
1642755,2022400366,1612709890,11.0,1.0,4.0,0.0,8.0,4.0,0.0,0.0
1642496,2022400366,1612709890,6.0,0.0,8.0,7.0,6.0,3.0,0.0,0.0
1630561,2022400366,1612709890,32.0,6.0,12.0,0.0,24.0,11.0,4.0,3.0
1642392,2022400366,1612709890,19.0,6.0,4.0,1.0,15.0,7.0,4.0,2.0
1641988,2022400366,1612709890,8.0,0.0,5.0,0.0,7.0,3.0,0.0,0.0
1629051,2022400366,1612709890,8.0,2.0,4.0,2.0,12.0,4.0,0.0,0.0
1642684,2022400366,1612709890,5.0,0.0,1.0,1.0,2.0,2.0,1.0,1.0
1631306,2022400369,1612709905,20.0,3.0,12.0,0.0,11.0,6.0,4.0,4.0
1626169,2022400369,1612709905,18.0,8.0,10.0,0.0,18.0,8.0,0.0,0.0
1631132,2022400369,1612709905,18.0,3.0,13.0,1.0,13.0,4.0,5.0,5.0
1642439,2022400369,1612709905,8.0,3.0,0.0,0.0,8.0,3.0,0.0,0.0
1642438,2022400369,1612709905,5.0,5.0,2.0,0.0,5.0,2.0,0.0,0.0
1641788,2022400369,1612709905,3.0,0.0,0.0,0.0,4.0,1.0,0.0,0.0
1642618,2022400369,1612709905,14.0,2.0,3.0,0.0,10.0,5.0,0.0,0.0
1641888,2022400369,1612709905,19.0,0.0,4.0,1.0,7.0,6.0,1.0,1.0
1641811,2022400369,1612709905,11.0,8.0,1.0,1.0,10.0,2.0,4.0,4.0
1642547,2022400369,1612709905,2.0,0.0,6.0,0.0,3.0,1.0,0.0,0.0
1641869,2022400369,1612709926,12.0,5.0,6.0,0.0,13.0,5.0,1.0,1.0
1630207,2022400369,1612709926,9.0,3.0,12.0,0.0,7.0,2.0,1.0,1.0
1630643,2022400369,1612709926,21.0,4.0,10.0,4.0,18.0,7.0,5.0,3.0
1642285,2022400369,1612709926,24.0,3.0,2.0,0.0,14.0,8.0,2.0,2.0
1630569,2022400369,1612709926,2.0,0.0,0.0,0.0,7.0,1.0,0.0,0.0
1630654,2022400369,1612709926,10.0,2.0,4.0,0.0,8.0,5.0,0.0,0.0
1630525,2022400369,1612709926,19.0,4.0,6.0,1.0,18.0,7.0,1.0,1.0
1641970,2022400369,1612709926,8.0,2.0,6.0,0.0,10.0,4.0,0.0,0.0
1641938,2022400369,1612709926,3.0,3.0,2.0,0.0,4.0,1.0,1.0,1.0
1629627,0022400890,1610612740,37.0,6.0,4.0,1.0,23.0,17.0,6.0,3.0
203482,0022400890,1610612740,11.0,2.0,4.0,1.0,9.0,4.0,2.0,2.0
1642274,0022400890,1610612740,2.0,1.0,2.0,0.0,4.0,1.0,2.0,0.0
1630530,0022400890,1610612740,19.0,5.0,6.0,0.0,12.0,6.0,7.0,6.0
203468,0022400890,1610612740,10.0,5.0,3.0,0.0,11.0,4.0,1.0,1.0
1641722,0022400890,1610612740,17.0,1.0,4.0,0.0,14.0,6.0,2.0,1.0
1628971,0022400890,1610612740,4.0,1.0,5.0,0.0,5.0,2.0,0.0,0.0
1630631,0022400890,1610612740,5.0,3.0,2.0,0.0,8.0,2.0,0.0,0.0
1631255,0022400890,1610612740,5.0,3.0,4.0,1.0,4.0,2.0,1.0,1.0
1630526,0022400890,1610612740,5.0,0.0,0.0,0.0,3.0,2.0,0.0,0.0
1631288,0022400890,1610612740,0.0,2.0,1.0,0.0,0.0,0.0,0.0,0.0
1627827,0022400890,1610612747,8.0,0.0,5.0,0.0,10.0,3.0,0.0,0.0
2544,0022400890,1610612747,34.0,6.0,8.0,2.0,18.0,10.0,9.0,9.0
1629637,0022400890,1610612747,19.0,0.0,10.0,0.0,8.0,8.0,3.0,3.0
1629216,0022400890,1610612747,2.0,3.0,0.0,0.0,7.0,1.0,0.0,0.0
1629029,0022400890,1610612747,30.0,15.0,8.0,1.0,19.0,9.0,11.0,6.0
1629020,0022400890,1610612747,12.0,1.0,8.0,2.0,7.0,4.0,2.0,2.0
1642261,0022400890,1610612747,13.0,3.0,4.0,0.0,9.0,5.0,2.0,1.0
1629003,0022400890,1610612747,12.0,2.0,2.0,0.0,7.0,5.0,0.0,0.0
1641998,0022400890,1610612747,4.0,2.0,5.0,0.0,2.0,2.0,0.0,0.0
203458,0022400890,1610612747,0.0,0.0,0.0,0.0,0.0,0.0,0.0,0.0
1642355,0022400890,1610612747,2.0,0.0,1.0,0.0,3.0,1.0,0.0,0.0
1641787,2022400368,1612709921,19.0,5.0,9.0,1.0,14.0,7.0,3.0,2.0
1630286,2022400368,1612709921,18.0,2.0,5.0,1.0,17.0,7.0,2.0,1.0
1631166,2022400368,1612709921,27.0,1.0,15.0,0.0,18.0,11.0,3.0,2.0
1642011,2022400368,1612709921,13.0,9.0,7.0,1.0,13.0,5.0,0.0,0.0
1630623,2022400368,1612709921,22.0,3.0,2.0,0.0,14.0,7.0,4.0,4.0
1642378,2022400368,1612709921,11.0,5.0,1.0,1.0,14.0,5.0,0.0,0.0
1642573,2022400368,1612709921,0.0,0.0,6.0,0.0,2.0,0.0,0.0,0.0
1641893,2022400368,1612709921,4.0,0.0,2.0,1.0,2.0,2.0,0.0,0.0
1629751,2022400368,1612709910,11.0,0.0,1.0,0.0,13.0,4.0,0.0,0.0
1642402,2022400368,1612709910,4.0,2.0,12.0,2.0,8.0,1.0,1.0,1.0
1626143,2022400368,1612709910,21.0,2.0,9.0,0.0,15.0,9.0,2.0,2.0
1631245,2022400368,1612709910,30.0,4.0,8.0,1.0,22.0,11.0,3.0,3.0
1642484,2022400368,1612709910,27.0,9.0,8.0,1.0,22.0,12.0,1.0,0.0
1630787,2022400368,1612709910,0.0,0.0,3.0,0.0,3.0,0.0,0.0,0.0
1630667,2022400368,1612709910,11.0,0.0,1.0,2.0,9.0,4.0,1.0,1.0
1631249,2022400368,1612709910,5.0,1.0,3.0,0.0,3.0,2.0,0.0,0.0
1631497,2022400368,1612709910,0.0,0.0,0.0,0.0,0.0,0.0,0.0,0.0
1642473,2022400371,1612709934,7.0,0.0,2.0,1.0,3.0,2.0,1.0,1.0
1641779,2022400371,1612709934,14.0,1.0,7.0,0.0,11.0,6.0,0.0,0.0
1629603,2022400371,1612709934,15.0,4.0,7.0,2.0,8.0,5.0,5.0,3.0
1631102,2022400371,1612709934,24.0,6.0,6.0,0.0,16.0,9.0,3.0,2.0
204065,2022400371,1612709934,23.0,6.0,3.0,1.0,15.0,9.0,1.0,1.0
1642487,2022400371,1612709934,12.0,3.0,6.0,3.0,4.0,3.0,3.0,3.0
1631455,2022400371,1612709934,19.0,5.0,3.0,0.0,21.0,6.0,4.0,3.0
1628778,2022400371,1612709934,5.0,3.0,1.0,0.0,8.0,1.0,1.0,1.0
1630321,2022400371,1612709934,8.0,0.0,5.0,1.0,7.0,4.0,0.0,0.0
1642384,2022400371,1612709914,3.0,0.0,1.0,2.0,5.0,1.0,0.0,0.0
1630678,2022400371,1612709914,21.0,1.0,6.0,0.0,16.0,10.0,0.0,0.0
1642606,2022400371,1612709914,8.0,3.0,9.0,1.0,8.0,4.0,1.0,0.0
1630222,2022400371,1612709914,49.0,8.0,4.0,0.0,23.0,15.0,7.0,6.0
1631399,2022400371,1612709914,10.0,6.0,5.0,0.0,8.0,3.0,1.0,1.0
1626184,2022400371,1612709914,3.0,3.0,2.0,0.0,2.0,1.0,0.0,0.0
1641926,2022400371,1612709914,20.0,0.0,4.0,2.0,8.0,6.0,3.0,3.0
1628968,2022400371,1612709914,16.0,3.0,6.0,0.0,9.0,6.0,1.0,1.0
1642407,2022400371,1612709914,6.0,5.0,4.0,0.0,6.0,2.0,0.0,0.0
1642428,2022400371,1612709914,0.0,0.0,0.0,0.0,0.0,0.0,0.0,0.0
202695,0022400889,1610612746,21.0,3.0,4.0,1.0,20.0,9.0,2.0,2.0
203992,0022400889,1610612746,13.0,3.0,4.0,0.0,7.0,5.0,0.0,0.0
1627826,0022400889,1610612746,35.0,3.0,10.0,1.0,19.0,15.0,6.0,5.0
1627739,0022400889,1610612746,2.0,3.0,1.0,0.0,6.0,1.0,0.0,0.0
201935,0022400889,1610612746,21.0,15.0,6.0,0.0,14.0,5.0,11.0,9.0
1629599,0022400889,1610612746,13.0,0.0,2.0,0.0,8.0,5.0,2.0,2.0
1629234,0022400889,1610612746,7.0,0.0,4.0,1.0,4.0,1.0,6.0,5.0
201587,0022400889,1610612746,3.0,2.0,3.0,0.0,4.0,1.0,0.0,0.0
1641757,0022400889,1610612746,2.0,0.0,3.0,0.0,1.0,1.0,0.0,0.0
201142,0022400889,1610612756,34.0,4.0,7.0,2.0,22.0,10.0,10.0,10.0
1629626,0022400889,1610612756,2.0,0.0,1.0,0.0,5.0,1.0,0.0,0.0
1630208,0022400889,1610612756,16.0,0.0,7.0,0.0,10.0,8.0,0.0,0.0
203078,0022400889,1610612756,0.0,2.0,2.0,1.0,4.0,0.0,0.0,0.0
1626164,0022400889,1610612756,17.0,8.0,5.0,0.0,11.0,6.0,8.0,4.0
1626220,0022400889,1610612756,12.0,3.0,3.0,0.0,9.0,4.0,0.0,0.0
203486,0022400889,1610612756,14.0,4.0,6.0,0.0,7.0,4.0,6.0,6.0
1628960,0022400889,1610612756,8.0,2.0,3.0,0.0,3.0,3.0,0.0,0.0
1626145,0022400889,1610612756,6.0,5.0,1.0,0.0,3.0,1.0,3.0,3.0
1631221,0022400889,1610612756,10.0,3.0,2.0,0.0,6.0,4.0,0.0,0.0
202710,0022400885,1610612744,19.0,4.0,4.0,0.0,12.0,6.0,9.0,7.0
1630541,0022400885,1610612744,9.0,2.0,4.0,0.0,8.0,4.0,0.0,0.0
203110,0022400885,1610612744,8.0,8.0,9.0,0.0,4.0,2.0,4.0,4.0
201939,0022400885,1610612744,28.0,9.0,7.0,0.0,21.0,10.0,3.0,3.0
1641764,0022400885,1610612744,19.0,4.0,5.0,0.0,16.0,8.0,1.0,1.0
1630611,0022400885,1610612744,9.0,2.0,1.0,1.0,6.0,4.0,0.0,0.0
1627741,0022400885,1610612744,15.0,0.0,6.0,1.0,13.0,6.0,0.0,0.0
1626172,0022400885,1610612744,2.0,0.0,4.0,2.0,1.0,1.0,2.0,0.0
1628995,0022400885,1610612744,2.0,1.0,1.0,2.0,3.0,1.0,0.0,0.0
1642366,0022400885,1610612744,3.0,0.0,3.0,1.0,4.0,1.0,0.0,0.0
1628384,0022400885,1610612752,29.0,3.0,3.0,0.0,19.0,11.0,5.0,3.0
1628404,0022400885,1610612752,2.0,3.0,8.0,0.0,8.0,1.0,0.0,0.0
1629011,0022400885,1610612752,7.0,0.0,5.0,0.0,6.0,3.0,1.0,1.0
1628969,0022400885,1610612752,15.0,4.0,4.0,1.0,15.0,7.0,0.0,0.0
1628973,0022400885,1610612752,25.0,7.0,2.0,0.0,18.0,9.0,7.0,6.0
1630173,0022400885,1610612752,8.0,0.0,15.0,1.0,10.0,4.0,0.0,0.0
1630540,0022400885,1610612752,6.0,5.0,4.0,0.0,7.0,2.0,2.0,2.0
1629013,0022400885,1610612752,5.0,0.0,0.0,0.0,3.0,2.0,0.0,0.0
1626166,0022400885,1610612752,5.0,4.0,1.0,0.0,6.0,2.0,0.0,0.0
1630528,2022400370,1612709904,30.0,6.0,5.0,0.0,20.0,11.0,2.0,1.0
1629642,2022400370,1612709904,22.0,4.0,4.0,0.0,14.0,10.0,1.0,1.0
1642013,2022400370,1612709904,12.0,1.0,10.0,0.0,8.0,4.0,3.0,3.0
1631214,2022400370,1612709904,19.0,3.0,5.0,0.0,18.0,9.0,2.0,0.0
1641985,2022400370,1612709904,24.0,8.0,3.0,0.0,18.0,9.0,0.0,0.0
1642550,2022400370,1612709904,0.0,2.0,1.0,0.0,3.0,0.0,0.0,0.0
1642514,2022400370,1612709904,4.0,1.0,6.0,1.0,2.0,2.0,0.0,0.0
1641915,2022400370,1612709904,6.0,0.0,3.0,0.0,5.0,3.0,0.0,0.0
1642628,2022400370,1612709904,2.0,0.0,1.0,0.0,1.0,0.0,2.0,1.0
1631257,2022400370,1612709908,18.0,3.0,5.0,2.0,12.0,8.0,3.0,0.0
1629098,2022400370,1612709908,15.0,1.0,4.0,1.0,13.0,4.0,4.0,4.0
1642368,2022400370,1612709908,16.0,0.0,11.0,1.0,9.0,8.0,0.0,0.0
1630227,2022400370,1612709908,19.0,12.0,7.0,0.0,8.0,5.0,6.0,5.0
1641999,2022400370,1612709908,4.0,1.0,6.0,0.0,5.0,2.0,0.0,0.0
1642591,2022400370,1612709908,11.0,2.0,1.0,1.0,8.0,4.0,0.0,0.0
1641806,2022400370,1612709908,17.0,9.0,4.0,1.0,11.0,6.0,2.0,2.0
1629729,2022400370,1612709908,0.0,1.0,0.0,0.0,0.0,0.0,0.0,0.0
1642592,2022400370,1612709908,20.0,4.0,3.0,0.0,16.0,8.0,0.0,0.0
1642516,2022400370,1612709908,4.0,0.0,1.0,0.0,7.0,2.0,0.0,0.0
1641749,2022400365,1612709922,13.0,0.0,3.0,0.0,8.0,4.0,2.0,2.0
1631301,2022400365,1612709922,24.0,0.0,8.0,0.0,11.0,7.0,5.0,5.0
1629617,2022400365,1612709922,18.0,5.0,15.0,1.0,18.0,7.0,2.0,2.0
1630585,2022400365,1612709922,6.0,7.0,0.0,0.0,5.0,2.0,2.0,1.0
1642354,2022400365,1612709922,34.0,4.0,6.0,2.0,16.0,11.0,5.0,4.0
1641799,2022400365,1612709922,2.0,0.0,6.0,0.0,3.0,1.0,0.0,0.0
1631474,2022400365,1612709922,2.0,4.0,0.0,0.0,3.0,0.0,3.0,2.0
1642045,2022400365,1612709922,0.0,0.0,2.0,0.0,1.0,0.0,0.0,0.0
1630640,2022400365,1612709922,12.0,0.0,2.0,0.0,12.0,4.0,0.0,0.0
1642072,2022400365,1612709922,0.0,0.0,5.0,0.0,1.0,0.0,0.0,0.0
1641732,2022400365,1612709928,8.0,0.0,3.0,0.0,6.0,4.0,1.0,0.0
1641778,2022400365,1612709928,13.0,1.0,6.0,1.0,8.0,6.0,0.0,0.0
1641774,2022400365,1612709928,23.0,3.0,8.0,1.0,21.0,8.0,4.0,2.0
1629669,2022400365,1612709928,16.0,5.0,3.0,0.0,15.0,6.0,3.0,3.0
1630184,2022400365,1612709928,17.0,9.0,4.0,0.0,12.0,6.0,2.0,2.0
1641907,2022400365,1612709928,6.0,2.0,2.0,0.0,11.0,1.0,2.0,2.0
1641798,2022400365,1612709928,8.0,2.0,3.0,0.0,5.0,3.0,1.0,1.0
1630701,2022400365,1612709928,6.0,2.0,9.0,1.0,5.0,3.0,0.0,0.0
1641917,2022400365,1612709928,5.0,1.0,4.0,1.0,4.0,2.0,1.0,0.0
1630567,0022400883,1610612761,17.0,5.0,13.0,1.0,13.0,6.0,5.0,4.0
1629628,0022400883,1610612761,21.0,9.0,8.0,1.0,14.0,7.0,9.0,4.0
1627751,0022400883,1610612761,17.0,2.0,7.0,1.0,8.0,6.0,5.0,5.0
1642266,0022400883,1610612761,17.0,0.0,3.0,1.0,10.0,4.0,8.0,7.0
1630193,0022400883,1610612761,15.0,4.0,4.0,0.0,9.0,4.0,7.0,5.0
1642367,0022400883,1610612761,0.0,0.0,3.0,0.0,2.0,0.0,0.0,0.0
1631115,0022400883,1610612761,2.0,2.0,5.0,1.0,3.0,1.0,0.0,0.0
1642347,0022400883,1610612761,8.0,5.0,1.0,0.0,10.0,3.0,1.0,1.0
1630639,0022400883,1610612761,13.0,1.0,2.0,2.0,6.0,5.0,0.0,0.0
1631197,0022400883,1610612761,4.0,0.0,2.0,1.0,5.0,2.0,0.0,0.0
1630532,0022400883,1610612753,28.0,1.0,5.0,0.0,23.0,11.0,4.0,3.0
1631094,0022400883,1610612753,41.0,8.0,8.0,1.0,20.0,14.0,10.0,9.0
1628976,0022400883,1610612753,2.0,3.0,6.0,0.0,5.0,1.0,0.0,0.0
203484,0022400883,1610612753,12.0,3.0,2.0,0.0,11.0,5.0,1.0,1.0
202709,0022400883,1610612753,8.0,5.0,1.0,0.0,7.0,3.0,0.0,0.0
1641724,0022400883,1610612753,0.0,1.0,0.0,0.0,4.0,0.0,0.0,0.0
1641783,0022400883,1610612753,12.0,2.0,3.0,0.0,5.0,4.0,0.0,0.0
1641710,0022400883,1610612753,5.0,1.0,2.0,0.0,4.0,1.0,4.0,3.0
1628371,0022400883,1610612753,3.0,1.0,3.0,3.0,4.0,1.0,0.0,0.0
1629048,0022400883,1610612753,2.0,3.0,5.0,1.0,0.0,0.0,4.0,2.0
203114,0022400877,1610612764,16.0,3.0,3.0,0.0,9.0,6.0,4.0,3.0
1642273,0022400877,1610612764,10.0,5.0,8.0,0.0,14.0,4.0,0.0,0.0
1642259,0022400877,1610612764,9.0,3.0,4.0,0.0,12.0,3.0,2.0,2.0
1641731,0022400877,1610612764,3.0,0.0,3.0,0.0,6.0,1.0,2.0,1.0
1642267,0022400877,1610612764,14.0,7.0,5.0,0.0,15.0,5.0,0.0,0.0
1626158,0022400877,1610612764,7.0,2.0,8.0,0.0,6.0,3.0,2.0,1.0
1630551,0022400877,1610612764,7.0,1.0,8.0,0.0,5.0,2.0,3.0,3.0
1630557,0022400877,1610612764,8.0,0.0,2.0,0.0,8.0,3.0,1.0,1.0
203935,0022400877,1610612764,8.0,1.0,1.0,0.0,7.0,2.0,4.0,3.0
1642358,0022400877,1610612764,3.0,0.0,0.0,0.0,1.0,1.0,1.0,1.0
1641774,0022400877,1610612764,3.0,0.0,0.0,0.0,1.0,1.0,1.0,1.0
1630264,0022400877,1610612764,2.0,0.0,1.0,0.0,0.0,0.0,2.0,2.0
202692,0022400877,1610612748,9.0,1.0,3.0,0.0,7.0,3.0,0.0,0.0
201567,0022400877,1610612748,2.0,1.0,9.0,0.0,4.0,1.0,0.0,0.0
1628389,0022400877,1610612748,19.0,5.0,15.0,1.0,16.0,7.0,6.0,5.0
1629639,0022400877,1610612748,16.0,6.0,3.0,1.0,10.0,6.0,1.0,1.0
1626179,0022400877,1610612748,15.0,5.0,5.0,0.0,12.0,5.0,4.0,4.0
1629130,0022400877,1610612748,17.0,1.0,3.0,0.0,13.0,7.0,0.0,0.0
1629312,0022400877,1610612748,8.0,2.0,3.0,0.0,5.0,2.0,2.0,2.0
203937,0022400877,1610612748,4.0,5.0,3.0,2.0,4.0,2.0,0.0,0.0
1641796,0022400877,1610612748,16.0,5.0,4.0,0.0,11.0,6.0,5.0,3.0
1630166,0022400876,1610612757,9.0,4.0,6.0,0.0,14.0,3.0,6.0,3.0
1641739,0022400876,1610612757,11.0,1.0,9.0,0.0,8.0,5.0,0.0,0.0
1642270,0022400876,1610612757,13.0,2.0,13.0,3.0,12.0,6.0,2.0,1.0
1631101,0022400876,1610612757,20.0,5.0,11.0,0.0,17.0,8.0,3.0,3.0
1629014,0022400876,1610612757,34.0,3.0,4.0,0.0,26.0,13.0,2.0,2.0
1630703,0022400876,1610612757,7.0,6.0,3.0,0.0,9.0,3.0,2.0,1.0
1641871,0022400876,1610612757,13.0,2.0,5.0,2.0,6.0,5.0,0.0,0.0
1631133,0022400876,1610612757,6.0,0.0,3.0,1.0,2.0,2.0,2.0,2.0
1630625,0022400876,1610612757,2.0,1.0,1.0,0.0,2.0,1.0,0.0,0.0
1631200,0022400876,1610612757,4.0,2.0,6.0,0.0,3.0,2.0,2.0,0.0
1631121,0022400876,1610612757,0.0,0.0,0.0,0.0,0.0,0.0,0.0,0.0
1641712,0022400876,1610612757,0.0,0.0,0.0,0.0,0.0,0.0,0.0,0.0
1631321,0022400876,1610612757,0.0,0.0,0.0,0.0,0.0,0.0,0.0,0.0
1642348,0022400876,1610612755,16.0,1.0,6.0,0.0,15.0,7.0,0.0,0.0
1627824,0022400876,1610612755,9.0,3.0,3.0,0.0,5.0,3.0,2.0,1.0
203083,0022400876,1610612755,25.0,1.0,18.0,0.0,19.0,11.0,4.0,2.0
1629656,0022400876,1610612755,14.0,9.0,6.0,0.0,15.0,6.0,2.0,2.0
1630178,0022400876,1610612755,5.0,6.0,0.0,0.0,13.0,2.0,0.0,0.0
1641741,0022400876,1610612755,3.0,2.0,2.0,0.0,6.0,1.0,0.0,0.0
1629022,0022400876,1610612755,13.0,2.0,3.0,2.0,8.0,4.0,2.0,2.0
1641737,0022400876,1610612755,6.0,0.0,2.0,1.0,3.0,2.0,3.0,2.0
1630288,0022400876,1610612755,11.0,2.0,2.0,0.0,9.0,5.0,0.0,0.0
1630215,0022400876,1610612755,0.0,1.0,1.0,0.0,2.0,0.0,0.0,0.0
1642258,0022400878,1610612737,27.0,0.0,1.0,1.0,13.0,11.0,0.0,0.0
1631230,0022400878,1610612737,6.0,0.0,2.0,0.0,3.0,2.0,2.0,2.0
1630168,0022400878,1610612737,16.0,2.0,12.0,1.0,12.0,8.0,2.0,0.0
1630700,0022400878,1610612737,14.0,7.0,3.0,0.0,10.0,6.0,4.0,2.0
1629027,0022400878,1610612737,12.0,15.0,2.0,0.0,17.0,5.0,2.0,2.0
1627747,0022400878,1610612737,25.0,5.0,3.0,1.0,19.0,11.0,0.0,0.0
1629611,0022400878,1610612737,7.0,3.0,2.0,1.0,6.0,3.0,0.0,0.0
203991,0022400878,1610612737,11.0,1.0,4.0,1.0,7.0,4.0,6.0,3.0
1629726,0022400878,1610612737,11.0,1.0,2.0,2.0,6.0,4.0,1.0,0.0
1630811,0022400878,1610612737,3.0,1.0,1.0,0.0,3.0,1.0,0.0,0.0
1642377,0022400878,1610612763,12.0,6.0,2.0,0.0,11.0,4.0,2.0,2.0
1628991,0022400878,1610612763,0.0,0.0,0.0,0.0,0.0,0.0,0.0,0.0
1641744,0022400878,1610612763,15.0,2.0,5.0,1.0,8.0,6.0,2.0,2.0
1630217,0022400878,1610612763,35.0,10.0,10.0,0.0,19.0,9.0,14.0,14.0
1628379,0022400878,1610612763,17.0,7.0,3.0,0.0,15.0,8.0,0.0,0.0
1641713,0022400878,1610612763,11.0,3.0,7.0,1.0,11.0,3.0,4.0,3.0
1631246,0022400878,1610612763,15.0,3.0,3.0,0.0,9.0,6.0,0.0,0.0
1629634,0022400878,1610612763,11.0,1.0,7.0,1.0,7.0,5.0,2.0,1.0
1630590,0022400878,1610612763,9.0,4.0,4.0,0.0,8.0,4.0,1.0,1.0
1629723,0022400878,1610612763,5.0,0.0,1.0,0.0,3.0,2.0,0.0,0.0
1630205,0022400878,1610612763,0.0,0.0,1.0,0.0,2.0,0.0,0.0,0.0
1631197,2022400361,1612709920,24.0,6.0,8.0,0.0,23.0,10.0,1.0,1.0
1630663,2022400361,1612709920,4.0,0.0,8.0,1.0,9.0,1.0,3.0,1.0
1626163,2022400361,1612709920,13.0,3.0,7.0,1.0,12.0,6.0,1.0,1.0
1642615,2022400361,1612709920,2.0,2.0,2.0,0.0,3.0,1.0,0.0,0.0
1631407,2022400361,1612709920,22.0,5.0,8.0,1.0,19.0,6.0,6.0,6.0
1629718,2022400361,1612709920,26.0,3.0,3.0,1.0,16.0,8.0,3.0,2.0
1631113,2022400361,1612709920,8.0,1.0,4.0,0.0,8.0,3.0,3.0,2.0
1642465,2022400361,1612709920,13.0,2.0,2.0,1.0,7.0,3.0,2.0,2.0
1642277,2022400361,1612709910,12.0,3.0,8.0,0.0,11.0,5.0,1.0,0.0
1641716,2022400361,1612709910,20.0,10.0,12.0,3.0,15.0,8.0,3.0,1.0
1642402,2022400361,1612709910,30.0,2.0,10.0,1.0,19.0,14.0,0.0,0.0
1631245,2022400361,1612709910,28.0,6.0,8.0,2.0,18.0,9.0,7.0,7.0
1642484,2022400361,1612709910,19.0,10.0,7.0,1.0,19.0,8.0,2.0,2.0
1626143,2022400361,1612709910,6.0,2.0,6.0,0.0,4.0,3.0,0.0,0.0
1630667,2022400361,1612709910,7.0,3.0,3.0,1.0,4.0,2.0,2.0,1.0
1629751,2022400361,1612709910,0.0,0.0,1.0,0.0,1.0,0.0,0.0,0.0
203501,0022400881,1610612765,13.0,3.0,7.0,0.0,10.0,4.0,4.0,4.0
1641709,0022400881,1610612765,17.0,5.0,6.0,1.0,7.0,7.0,3.0,3.0
1631105,0022400881,1610612765,16.0,2.0,12.0,4.0,5.0,5.0,8.0,6.0
1627736,0022400881,1610612765,15.0,1.0,1.0,0.0,17.0,6.0,0.0,0.0
1630595,0022400881,1610612765,29.0,9.0,1.0,0.0,24.0,12.0,4.0,4.0
203471,0022400881,1610612765,7.0,4.0,3.0,1.0,8.0,3.0,1.0,0.0
1631323,0022400881,1610612765,10.0,1.0,4.0,1.0,9.0,4.0,2.0,0.0
1641842,0022400881,1610612765,8.0,2.0,1.0,0.0,2.0,2.0,6.0,4.0
1631204,0022400881,1610612765,5.0,3.0,0.0,0.0,2.0,2.0,0.0,0.0
1630194,0022400881,1610612765,6.0,2.0,4.0,1.0,4.0,3.0,0.0,0.0
1630322,0022400881,1610612765,8.0,0.0,0.0,0.0,4.0,3.0,0.0,0.0
1630548,0022400881,1610612762,8.0,0.0,4.0,0.0,8.0,2.0,2.0,2.0
1630231,0022400881,1610612762,5.0,0.0,2.0,0.0,2.0,2.0,3.0,1.0
1631117,0022400881,1610612762,14.0,1.0,9.0,1.0,9.0,7.0,0.0,0.0
1629012,0022400881,1610612762,16.0,3.0,1.0,0.0,12.0,5.0,6.0,6.0
1642268,0022400881,1610612762,11.0,2.0,3.0,0.0,12.0,4.0,4.0,3.0
1641718,0022400881,1610612762,12.0,3.0,3.0,0.0,10.0,4.0,1.0,1.0
1630531,0022400881,1610612762,0.0,1.0,3.0,0.0,2.0,0.0,0.0,0.0
1642262,0022400881,1610612762,6.0,3.0,1.0,0.0,3.0,1.0,5.0,4.0
1642271,0022400881,1610612762,25.0,1.0,8.0,0.0,13.0,7.0,8.0,7.0
1641729,0022400881,1610612762,0.0,0.0,2.0,0.0,5.0,0.0,0.0,0.0
1631131,0022400881,1610612762,1.0,1.0,3.0,0.0,2.0,0.0,2.0,1.0
1629004,0022400881,1610612762,8.0,4.0,2.0,0.0,4.0,3.0,1.0,1.0
201942,0022400880,1610612758,20.0,4.0,2.0,0.0,15.0,8.0,4.0,4.0
1631099,0022400880,1610612758,18.0,3.0,5.0,0.0,10.0,6.0,2.0,2.0
202685,0022400880,1610612758,14.0,3.0,9.0,2.0,15.0,6.0,2.0,2.0
203897,0022400880,1610612758,22.0,2.0,3.0,0.0,12.0,8.0,2.0,2.0
1628370,0022400880,1610612758,13.0,8.0,1.0,0.0,10.0,5.0,0.0,0.0
1631165,0022400880,1610612758,0.0,1.0,2.0,2.0,7.0,0.0,0.0,0.0
1631222,0022400880,1610612758,8.0,2.0,4.0,0.0,6.0,2.0,2.0,2.0
1626168,0022400880,1610612758,9.0,6.0,9.0,0.0,4.0,4.0,0.0,0.0
1628365,0022400880,1610612758,6.0,4.0,1.0,0.0,5.0,3.0,0.0,0.0
1642403,0022400880,1610612758,6.0,0.0,0.0,0.0,3.0,3.0,0.0,0.0
203926,0022400880,1610612758,6.0,0.0,0.0,0.0,3.0,2.0,0.0,0.0
1627746,0022400880,1610612758,0.0,1.0,1.0,0.0,0.0,0.0,0.0,0.0
202691,0022400880,1610612742,3.0,0.0,3.0,0.0,4.0,1.0,0.0,0.0
1630556,0022400880,1610612742,6.0,4.0,4.0,0.0,3.0,3.0,0.0,0.0
203939,0022400880,1610612742,2.0,0.0,2.0,0.0,1.0,1.0,0.0,0.0
203957,0022400880,1610612742,5.0,4.0,0.0,0.0,10.0,2.0,0.0,0.0
202681,0022400880,1610612742,7.0,1.0,1.0,0.0,4.0,2.0,3.0,3.0
1630539,0022400880,1610612742,21.0,0.0,8.0,1.0,10.0,9.0,4.0,3.0
1631108,0022400880,1610612742,10.0,4.0,5.0,0.0,11.0,4.0,1.0,1.0
1630230,0022400880,1610612742,18.0,6.0,5.0,0.0,13.0,7.0,4.0,4.0
203915,0022400880,1610612742,10.0,6.0,3.0,0.0,12.0,2.0,6.0,5.0
1630702,0022400880,1610612742,8.0,2.0,2.0,0.0,6.0,3.0,0.0,0.0
1641765,0022400880,1610612742,8.0,1.0,4.0,0.0,3.0,1.0,6.0,5.0
1641715,0022400879,1610612745,27.0,3.0,11.0,3.0,19.0,10.0,4.0,3.0
1631095,0022400879,1610612745,11.0,1.0,8.0,1.0,14.0,5.0,0.0,0.0
1629111,0022400879,1610612745,6.0,1.0,3.0,0.0,6.0,3.0,0.0,0.0
1630224,0022400879,1610612745,18.0,4.0,6.0,0.0,14.0,6.0,6.0,5.0
1642263,0022400879,1610612745,25.0,5.0,2.0,1.0,17.0,10.0,2.0,2.0
1628988,0022400879,1610612745,14.0,2.0,1.0,0.0,8.0,5.0,0.0,0.0
201145,0022400879,1610612745,3.0,1.0,4.0,0.0,2.0,1.0,0.0,0.0
1631466,0022400879,1610612745,6.0,0.0,1.0,0.0,9.0,2.0,2.0,2.0
1630256,0022400879,1610612745,2.0,2.0,4.0,0.0,4.0,1.0,0.0,0.0
1642368,0022400879,1610612745,10.0,1.0,9.0,2.0,6.0,4.0,3.0,2.0
1629098,0022400879,1610612745,6.0,0.0,0.0,0.0,2.0,2.0,0.0,0.0
1631114,0022400879,1610612760,24.0,3.0,4.0,1.0,16.0,8.0,6.0,4.0
1631096,0022400879,1610612760,11.0,3.0,11.0,3.0,11.0,4.0,4.0,3.0
1628392,0022400879,1610612760,8.0,6.0,5.0,1.0,4.0,3.0,2.0,2.0
1629652,0022400879,1610612760,11.0,2.0,0.0,0.0,8.0,4.0,0.0,0.0
1628983,0022400879,1610612760,51.0,7.0,5.0,1.0,30.0,18.0,10.0,10.0
1627936,0022400879,1610612760,0.0,1.0,3.0,0.0,1.0,0.0,0.0,0.0
1630598,0022400879,1610612760,8.0,2.0,7.0,0.0,9.0,3.0,0.0,0.0
1641717,0022400879,1610612760,14.0,4.0,5.0,0.0,9.0,4.0,4.0,4.0
1631119,0022400879,1610612760,3.0,1.0,2.0,0.0,3.0,1.0,1.0,1.0
1629026,0022400879,1610612760,7.0,2.0,7.0,0.0,6.0,3.0,0.0,0.0
1630541,0022400875,1610612744,5.0,0.0,5.0,0.0,6.0,1.0,3.0,3.0
202710,0022400875,1610612744,13.0,4.0,3.0,0.0,7.0,3.0,6.0,6.0
203110,0022400875,1610612744,16.0,7.0,12.0,0.0,15.0,6.0,2.0,2.0
1641764,0022400875,1610612744,19.0,2.0,11.0,0.0,16.0,6.0,4.0,3.0
201939,0022400875,1610612744,21.0,10.0,3.0,1.0,14.0,6.0,8.0,6.0
1627780,0022400875,1610612744,9.0,0.0,2.0,1.0,7.0,4.0,0.0,0.0
1627741,0022400875,1610612744,22.0,2.0,5.0,0.0,14.0,8.0,1.0,1.0
1626172,0022400875,1610612744,4.0,3.0,6.0,1.0,4.0,2.0,0.0,0.0
1630611,0022400875,1610612744,0.0,3.0,3.0,0.0,3.0,0.0,0.0,0.0
1642366,0022400875,1610612744,6.0,2.0,3.0,1.0,6.0,2.0,0.0,0.0
1631218,0022400875,1610612744,0.0,0.0,0.0,0.0,0.0,0.0,0.0,0.0
1628995,0022400875,1610612744,2.0,0.0,1.0,0.0,2.0,1.0,0.0,0.0
1630311,0022400875,1610612744,2.0,0.0,0.0,0.0,1.0,1.0,0.0,0.0
1630182,0022400875,1610612766,2.0,0.0,1.0,0.0,3.0,0.0,3.0,2.0
1628970,0022400875,1610612766,35.0,3.0,9.0,2.0,20.0,11.0,9.0,9.0
1631109,0022400875,1610612766,12.0,1.0,13.0,2.0,8.0,5.0,4.0,2.0
1641733,0022400875,1610612766,6.0,1.0,0.0,0.0,12.0,3.0,0.0,0.0
1630163,0022400875,1610612766,25.0,7.0,9.0,1.0,21.0,8.0,8.0,5.0
1641878,0022400875,1610612766,6.0,6.0,2.0,0.0,10.0,3.0,0.0,0.0
203552,0022400875,1610612766,0.0,0.0,1.0,0.0,1.0,0.0,0.0,0.0
1629610,0022400875,1610612766,0.0,0.0,5.0,0.0,5.0,0.0,0.0,0.0
1642275,0022400875,1610612766,10.0,0.0,2.0,0.0,3.0,3.0,3.0,1.0
203994,0022400875,1610612766,5.0,2.0,5.0,1.0,3.0,1.0,6.0,3.0
1631217,0022400875,1610612766,0.0,0.0,0.0,0.0,0.0,0.0,0.0,0.0
1630201,0022400875,1610612766,0.0,0.0,0.0,0.0,0.0,0.0,0.0,0.0
1631211,2022400362,1612709911,26.0,4.0,3.0,0.0,17.0,9.0,4.0,4.0
1630705,2022400362,1612709911,10.0,3.0,9.0,2.0,13.0,5.0,0.0,0.0
1642558,2022400362,1612709911,4.0,1.0,10.0,1.0,5.0,2.0,1.0,0.0
1642475,2022400362,1612709911,0.0,1.0,2.0,0.0,3.0,0.0,0.0,0.0
1630538,2022400362,1612709911,39.0,5.0,5.0,1.0,26.0,11.0,6.0,5.0
1630219,2022400362,1612709911,9.0,3.0,1.0,0.0,8.0,3.0,1.0,1.0
1641526,2022400362,1612709911,19.0,1.0,6.0,1.0,8.0,6.0,4.0,4.0
1642554,2022400362,1612709911,20.0,4.0,2.0,0.0,12.0,7.0,1.0,1.0
1642442,2022400362,1612709911,0.0,0.0,0.0,0.0,1.0,0.0,0.0,0.0
1641795,2022400362,1612709903,12.0,2.0,2.0,1.0,11.0,5.0,0.0,0.0
1630695,2022400362,1612709903,6.0,1.0,1.0,1.0,3.0,2.0,1.0,0.0
1631131,2022400362,1612709903,21.0,4.0,30.0,1.0,12.0,8.0,5.0,3.0
1631220,2022400362,1612709903,8.0,5.0,6.0,1.0,14.0,3.0,1.0,1.0
202738,2022400362,1612709903,37.0,7.0,2.0,0.0,23.0,12.0,8.0,7.0
1641864,2022400362,1612709903,17.0,2.0,2.0,0.0,11.0,5.0,2.0,2.0
1630546,2022400362,1612709903,14.0,8.0,3.0,0.0,10.0,5.0,1.0,1.0
1641863,2022400362,1612709903,15.0,1.0,3.0,2.0,11.0,5.0,1.0,1.0
1642405,2022400362,1612709903,0.0,0.0,3.0,0.0,0.0,0.0,0.0,0.0
1641801,2022400363,1612709923,18.0,2.0,9.0,2.0,16.0,6.0,6.0,4.0
1630604,2022400363,1612709923,17.0,5.0,4.0,1.0,10.0,6.0,1.0,1.0
1641987,2022400363,1612709923,14.0,2.0,15.0,0.0,9.0,7.0,1.0,0.0
1631408,2022400363,1612709923,20.0,1.0,4.0,0.0,16.0,8.0,0.0,0.0
1642443,2022400363,1612709923,26.0,9.0,5.0,0.0,25.0,11.0,1.0,1.0
1642549,2022400363,1612709923,16.0,4.0,2.0,1.0,11.0,6.0,4.0,2.0
1642038,2022400363,1612709923,0.0,1.0,1.0,0.0,3.0,0.0,0.0,0.0
1630318,2022400363,1612709923,7.0,3.0,3.0,0.0,4.0,3.0,1.0,1.0
1642607,2022400363,1612709923,2.0,0.0,1.0,0.0,2.0,1.0,0.0,0.0
1628579,2022400363,1612709923,3.0,1.0,2.0,0.0,2.0,1.0,0.0,0.0
1642066,2022400363,1612709925,24.0,1.0,8.0,0.0,13.0,10.0,1.0,1.0
1641771,2022400363,1612709925,11.0,0.0,8.0,1.0,7.0,3.0,2.0,2.0
1630658,2022400363,1612709925,19.0,3.0,8.0,1.0,10.0,8.0,2.0,2.0
1631457,2022400363,1612709925,5.0,8.0,4.0,1.0,6.0,2.0,0.0,0.0
1630644,2022400363,1612709925,33.0,5.0,4.0,2.0,22.0,11.0,7.0,4.0
1629633,2022400363,1612709925,18.0,0.0,3.0,1.0,11.0,5.0,3.0,2.0
1630606,2022400363,1612709925,15.0,7.0,1.0,0.0,11.0,5.0,3.0,1.0
1642235,2022400363,1612709925,0.0,0.0,0.0,0.0,0.0,0.0,0.0,0.0
1626217,2022400363,1612709925,0.0,0.0,2.0,0.0,2.0,0.0,0.0,0.0
1631207,0022400868,1610612741,2.0,1.0,1.0,0.0,5.0,1.0,0.0,0.0
1641824,0022400868,1610612741,18.0,3.0,6.0,1.0,16.0,8.0,0.0,0.0
1628380,0022400868,1610612741,16.0,2.0,5.0,0.0,9.0,6.0,2.0,2.0
1629632,0022400868,1610612741,26.0,1.0,7.0,0.0,18.0,10.0,2.0,2.0
1630581,0022400868,1610612741,18.0,7.0,9.0,0.0,15.0,5.0,11.0,8.0
1628975,0022400868,1610612741,2.0,1.0,1.0,0.0,3.0,1.0,0.0,0.0
1629659,0022400868,1610612741,6.0,1.0,3.0,2.0,6.0,3.0,0.0,0.0
1641763,0022400868,1610612741,3.0,0.0,4.0,1.0,3.0,1.0,2.0,1.0
1630188,0022400868,1610612741,10.0,2.0,6.0,0.0,7.0,4.0,0.0,0.0
1630200,0022400868,1610612741,11.0,6.0,0.0,0.0,6.0,5.0,1.0,1.0
1630174,0022400868,1610612754,27.0,1.0,5.0,0.0,16.0,9.0,4.0,3.0
1627783,0022400868,1610612754,20.0,4.0,6.0,2.0,14.0,8.0,7.0,3.0
1626167,0022400868,1610612754,16.0,2.0,6.0,1.0,14.0,6.0,2.0,2.0
1629614,0022400868,1610612754,11.0,4.0,2.0,0.0,5.0,4.0,1.0,1.0
1630169,0022400868,1610612754,17.0,12.0,5.0,0.0,12.0,7.0,1.0,1.0
1630167,0022400868,1610612754,6.0,1.0,5.0,0.0,5.0,3.0,0.0,0.0
1628418,0022400868,1610612754,7.0,0.0,2.0,1.0,7.0,3.0,0.0,0.0
1641716,0022400868,1610612754,3.0,2.0,0.0,0.0,3.0,1.0,0.0,0.0
204456,0022400868,1610612754,11.0,6.0,1.0,0.0,5.0,4.0,3.0,2.0
1641767,0022400868,1610612754,9.0,2.0,4.0,0.0,6.0,3.0,0.0,0.0
1642277,0022400868,1610612754,0.0,0.0,0.0,0.0,0.0,0.0,0.0,0.0
1628396,0022400868,1610612754,0.0,0.0,0.0,0.0,0.0,0.0,0.0,0.0
201949,0022400868,1610612754,0.0,0.0,0.0,0.0,0.0,0.0,0.0,0.0
1641787,2022400358,1612709921,19.0,2.0,6.0,0.0,12.0,6.0,3.0,3.0
1629052,2022400358,1612709921,18.0,2.0,4.0,1.0,12.0,5.0,5.0,4.0
1631166,2022400358,1612709921,31.0,6.0,8.0,0.0,18.0,9.0,6.0,6.0
1642011,2022400358,1612709921,4.0,4.0,3.0,1.0,8.0,2.0,0.0,0.0
1630623,2022400358,1612709921,32.0,1.0,3.0,0.0,22.0,12.0,5.0,3.0
1642378,2022400358,1612709921,4.0,3.0,2.0,0.0,7.0,1.0,1.0,1.0
1630286,2022400358,1612709921,8.0,3.0,7.0,0.0,5.0,2.0,1.0,1.0
1642573,2022400358,1612709921,2.0,2.0,1.0,0.0,1.0,1.0,0.0,0.0
1641986,2022400358,1612709918,15.0,1.0,0.0,3.0,8.0,6.0,2.0,2.0
1642499,2022400358,1612709918,22.0,2.0,12.0,1.0,10.0,8.0,4.0,3.0
1629015,2022400358,1612709918,19.0,6.0,5.0,0.0,15.0,9.0,1.0,1.0
1641789,2022400358,1612709918,12.0,7.0,7.0,1.0,11.0,6.0,0.0,0.0
1630314,2022400358,1612709918,34.0,7.0,4.0,1.0,21.0,10.0,6.0,6.0
1642481,2022400358,1612709918,6.0,0.0,9.0,3.0,5.0,3.0,1.0,0.0
1642701,2022400358,1612709918,4.0,0.0,0.0,0.0,3.0,2.0,2.0,0.0
1630762,2022400358,1612709918,10.0,2.0,1.0,1.0,8.0,3.0,4.0,3.0
1631236,2022400358,1612709918,0.0,0.0,0.0,0.0,0.0,0.0,0.0,0.0
1630166,0022400867,1610612757,30.0,10.0,12.0,0.0,13.0,8.0,13.0,13.0
1641739,0022400867,1610612757,19.0,2.0,5.0,0.0,11.0,7.0,2.0,2.0
1642270,0022400867,1610612757,4.0,2.0,3.0,0.0,2.0,1.0,4.0,2.0
1631101,0022400867,1610612757,18.0,2.0,6.0,0.0,20.0,7.0,3.0,3.0
1629014,0022400867,1610612757,27.0,2.0,2.0,0.0,23.0,8.0,7.0,7.0
1630703,0022400867,1610612757,15.0,6.0,4.0,0.0,12.0,5.0,4.0,2.0
1631133,0022400867,1610612757,2.0,0.0,2.0,0.0,2.0,1.0,0.0,0.0
1630625,0022400867,1610612757,7.0,1.0,4.0,0.0,5.0,3.0,0.0,0.0
1631200,0022400867,1610612757,0.0,0.0,3.0,0.0,3.0,0.0,0.0,0.0
1641871,0022400867,1610612757,7.0,0.0,5.0,1.0,5.0,2.0,2.0,2.0
1629631,0022400867,1610612739,32.0,0.0,7.0,0.0,15.0,8.0,12.0,11.0
1630596,0022400867,1610612739,20.0,3.0,8.0,1.0,14.0,6.0,10.0,7.0
1628386,0022400867,1610612739,12.0,4.0,10.0,2.0,7.0,5.0,2.0,2.0
1629622,0022400867,1610612739,14.0,3.0,8.0,0.0,15.0,5.0,0.0,0.0
1629636,0022400867,1610612739,13.0,7.0,2.0,0.0,16.0,4.0,4.0,3.0
1629660,0022400867,1610612739,25.0,6.0,5.0,0.0,17.0,8.0,7.0,7.0
1629731,0022400867,1610612739,5.0,1.0,1.0,0.0,3.0,2.0,0.0,0.0
1630171,0022400867,1610612739,3.0,0.0,3.0,1.0,3.0,1.0,0.0,0.0
1630241,0022400867,1610612739,9.0,1.0,2.0,0.0,7.0,3.0,0.0,0.0
1641854,0022400867,1610612739,0.0,2.0,1.0,1.0,0.0,0.0,0.0,0.0
1629098,2022400355,1612709908,27.0,0.0,5.0,0.0,18.0,9.0,2.0,2.0
1641999,2022400355,1612709908,2.0,7.0,4.0,1.0,1.0,1.0,0.0,0.0
1642368,2022400355,1612709908,22.0,2.0,11.0,1.0,10.0,8.0,8.0,3.0
1631257,2022400355,1612709908,9.0,5.0,6.0,0.0,11.0,4.0,1.0,0.0
1630227,2022400355,1612709908,7.0,6.0,5.0,1.0,9.0,3.0,0.0,0.0
1642516,2022400355,1612709908,12.0,0.0,4.0,0.0,8.0,5.0,1.0,1.0
1642591,2022400355,1612709908,5.0,0.0,3.0,0.0,4.0,2.0,0.0,0.0
1629729,2022400355,1612709908,7.0,2.0,3.0,1.0,5.0,2.0,1.0,1.0
1641806,2022400355,1612709908,9.0,9.0,1.0,0.0,11.0,4.0,1.0,0.0
1642592,2022400355,1612709908,26.0,1.0,5.0,0.0,15.0,8.0,2.0,2.0
1641934,2022400355,1612709929,2.0,1.0,5.0,0.0,2.0,1.0,0.0,0.0
1630284,2022400355,1612709929,13.0,5.0,5.0,0.0,9.0,3.0,3.0,3.0
1631230,2022400355,1612709929,26.0,2.0,11.0,0.0,23.0,10.0,6.0,3.0
1630811,2022400355,1612709929,18.0,7.0,4.0,1.0,19.0,7.0,0.0,0.0
1642605,2022400355,1612709929,2.0,1.0,2.0,0.0,6.0,1.0,0.0,0.0
1642365,2022400355,1612709929,8.0,0.0,5.0,0.0,5.0,1.0,4.0,3.0
1630275,2022400355,1612709929,7.0,3.0,8.0,0.0,6.0,3.0,0.0,0.0
1641792,2022400355,1612709929,2.0,3.0,2.0,0.0,3.0,1.0,0.0,0.0
1641935,2022400355,1612709929,19.0,0.0,1.0,0.0,15.0,7.0,0.0,0.0
1641848,2022400355,1612709929,11.0,1.0,7.0,1.0,8.0,4.0,1.0,1.0
1628404,0022400869,1610612752,14.0,3.0,7.0,1.0,12.0,7.0,0.0,0.0
1628384,0022400869,1610612752,23.0,5.0,9.0,3.0,18.0,9.0,2.0,1.0
1626157,0022400869,1610612752,19.0,0.0,16.0,1.0,11.0,6.0,7.0,6.0
1628969,0022400869,1610612752,5.0,8.0,4.0,0.0,11.0,2.0,0.0,0.0
1628973,0022400869,1610612752,31.0,6.0,5.0,0.0,25.0,13.0,4.0,2.0
1630540,0022400869,1610612752,12.0,2.0,2.0,0.0,10.0,4.0,2.0,1.0
1629011,0022400869,1610612752,2.0,0.0,2.0,1.0,1.0,1.0,0.0,0.0
1629013,0022400869,1610612752,5.0,0.0,0.0,0.0,4.0,2.0,0.0,0.0
1626166,0022400869,1610612752,5.0,3.0,1.0,0.0,3.0,2.0,0.0,0.0
202692,0022400869,1610612748,12.0,3.0,3.0,0.0,5.0,4.0,0.0,0.0
1628389,0022400869,1610612748,30.0,4.0,7.0,0.0,16.0,12.0,8.0,6.0
1642276,0022400869,1610612748,12.0,0.0,8.0,6.0,7.0,6.0,0.0,0.0
1629639,0022400869,1610612748,22.0,7.0,4.0,0.0,24.0,8.0,4.0,4.0
1630558,0022400869,1610612748,11.0,5.0,4.0,0.0,9.0,5.0,2.0,0.0
1629312,0022400869,1610612748,8.0,1.0,2.0,0.0,5.0,3.0,0.0,0.0
1629130,0022400869,1610612748,10.0,5.0,3.0,0.0,10.0,4.0,0.0,0.0
1626179,0022400869,1610612748,5.0,3.0,1.0,0.0,6.0,2.0,2.0,1.0
203937,0022400869,1610612748,2.0,1.0,2.0,0.0,2.0,1.0,0.0,0.0
1642357,2022400359,1612709931,41.0,6.0,5.0,0.0,26.0,16.0,5.0,4.0
1629308,2022400359,1612709931,9.0,3.0,6.0,0.0,10.0,3.0,3.0,2.0
1642527,2022400359,1612709931,3.0,0.0,3.0,0.0,3.0,1.0,0.0,0.0
1641825,2022400359,1612709931,13.0,1.0,4.0,0.0,10.0,5.0,2.0,2.0
1642714,2022400359,1612709931,10.0,4.0,1.0,0.0,6.0,2.0,4.0,3.0
1630535,2022400359,1612709931,8.0,0.0,2.0,3.0,10.0,2.0,4.0,2.0
1642524,2022400359,1612709931,0.0,1.0,4.0,0.0,3.0,0.0,0.0,0.0
1631305,2022400359,1612709931,8.0,0.0,5.0,0.0,5.0,4.0,1.0,0.0
1642128,2022400359,1612709931,3.0,7.0,2.0,0.0,4.0,1.0,0.0,0.0
1642525,2022400359,1612709931,15.0,0.0,5.0,0.0,12.0,6.0,0.0,0.0
1630651,2022400359,1612709933,14.0,3.0,5.0,0.0,7.0,6.0,2.0,0.0
1630929,2022400359,1612709933,16.0,6.0,10.0,0.0,13.0,5.0,2.0,2.0
1631376,2022400359,1612709933,18.0,6.0,11.0,1.0,10.0,8.0,1.0,1.0
1631121,2022400359,1612709933,28.0,5.0,4.0,0.0,19.0,6.0,9.0,9.0
1630310,2022400359,1612709933,26.0,2.0,5.0,0.0,17.0,8.0,1.0,1.0
1630812,2022400359,1612709933,13.0,2.0,7.0,0.0,9.0,5.0,2.0,2.0
1642568,2022400359,1612709933,12.0,0.0,1.0,0.0,4.0,3.0,3.0,3.0
1642412,2022400359,1612709933,2.0,2.0,3.0,0.0,1.0,1.0,0.0,0.0
1630547,2022400359,1612709933,2.0,2.0,10.0,0.0,8.0,1.0,0.0,0.0
1641941,2022400359,1612709933,2.0,2.0,1.0,0.0,4.0,1.0,0.0,0.0
1630567,0022400870,1610612761,10.0,4.0,3.0,1.0,12.0,5.0,0.0,0.0
1629628,0022400870,1610612761,22.0,5.0,5.0,0.0,13.0,7.0,10.0,6.0
1627751,0022400870,1610612761,16.0,3.0,11.0,1.0,10.0,6.0,5.0,4.0
1641711,0022400870,1610612761,2.0,0.0,1.0,0.0,4.0,1.0,0.0,0.0
1630193,0022400870,1610612761,24.0,4.0,2.0,0.0,19.0,8.0,6.0,6.0
1642367,0022400870,1610612761,5.0,1.0,5.0,1.0,4.0,2.0,2.0,1.0
1631115,0022400870,1610612761,6.0,0.0,7.0,1.0,4.0,2.0,2.0,2.0
1642347,0022400870,1610612761,12.0,4.0,2.0,0.0,8.0,4.0,3.0,2.0
1642266,0022400870,1610612761,7.0,1.0,4.0,0.0,4.0,2.0,2.0,2.0
1630639,0022400870,1610612761,0.0,0.0,0.0,0.0,2.0,0.0,0.0,0.0
1630532,0022400870,1610612753,25.0,1.0,4.0,0.0,17.0,9.0,6.0,6.0
1631094,0022400870,1610612753,23.0,5.0,4.0,0.0,9.0,5.0,15.0,12.0
1628976,0022400870,1610612753,14.0,5.0,9.0,1.0,6.0,3.0,8.0,7.0
203484,0022400870,1610612753,12.0,1.0,3.0,0.0,7.0,5.0,1.0,1.0
1630175,0022400870,1610612753,7.0,1.0,1.0,1.0,11.0,3.0,0.0,0.0
1641724,0022400870,1610612753,5.0,0.0,1.0,1.0,4.0,2.0,0.0,0.0
1641710,0022400870,1610612753,7.0,2.0,1.0,0.0,6.0,1.0,6.0,5.0
1629048,0022400870,1610612753,1.0,2.0,2.0,1.0,4.0,0.0,2.0,1.0
1628371,0022400870,1610612753,1.0,0.0,6.0,0.0,1.0,0.0,2.0,1.0
1641783,0022400870,1610612753,2.0,0.0,2.0,1.0,1.0,1.0,0.0,0.0
202709,0022400870,1610612753,5.0,0.0,2.0,0.0,1.0,1.0,2.0,2.0
1629652,0022400871,1610612760,9.0,2.0,9.0,0.0,9.0,4.0,0.0,0.0
1631114,0022400871,1610612760,41.0,6.0,6.0,1.0,24.0,15.0,7.0,7.0
1628392,0022400871,1610612760,10.0,7.0,11.0,1.0,8.0,5.0,0.0,0.0
1641717,0022400871,1610612760,19.0,4.0,3.0,0.0,14.0,7.0,1.0,1.0
1628983,0022400871,1610612760,31.0,8.0,4.0,2.0,19.0,10.0,9.0,8.0
1631119,0022400871,1610612760,2.0,1.0,3.0,0.0,3.0,1.0,0.0,0.0
1629026,0022400871,1610612760,0.0,1.0,3.0,0.0,0.0,0.0,0.0,0.0
1627936,0022400871,1610612760,10.0,2.0,1.0,1.0,7.0,4.0,1.0,1.0
1630598,0022400871,1610612760,17.0,2.0,3.0,0.0,12.0,6.0,2.0,0.0
1631172,0022400871,1610612760,7.0,1.0,2.0,1.0,5.0,3.0,0.0,0.0
1642505,0022400871,1610612760,0.0,0.0,0.0,0.0,0.0,0.0,0.0,0.0
1641794,0022400871,1610612760,0.0,0.0,0.0,0.0,0.0,0.0,0.0,0.0
1630170,0022400871,1610612759,15.0,5.0,3.0,1.0,16.0,7.0,0.0,0.0
203084,0022400871,1610612759,14.0,2.0,1.0,0.0,9.0,5.0,2.0,1.0
202687,0022400871,1610612759,2.0,2.0,4.0,0.0,2.0,1.0,0.0,0.0
1628368,0022400871,1610612759,20.0,4.0,4.0,0.0,18.0,8.0,2.0,2.0
101108,0022400871,1610612759,6.0,6.0,3.0,1.0,2.0,2.0,0.0,0.0
1642264,0022400871,1610612759,32.0,3.0,8.0,0.0,21.0,12.0,7.0,4.0
1629640,0022400871,1610612759,7.0,5.0,6.0,0.0,5.0,3.0,0.0,0.0
1631110,0022400871,1610612759,17.0,4.0,4.0,1.0,9.0,7.0,2.0,2.0
1630577,0022400871,1610612759,8.0,2.0,0.0,0.0,4.0,3.0,0.0,0.0
1631104,0022400871,1610612759,0.0,0.0,0.0,0.0,0.0,0.0,0.0,0.0
1630561,0022400871,1610612759,0.0,1.0,1.0,0.0,0.0,0.0,0.0,0.0
1629162,0022400871,1610612759,3.0,2.0,0.0,0.0,1.0,1.0,1.0,1.0
1631103,0022400871,1610612759,3.0,0.0,1.0,0.0,2.0,1.0,0.0,0.0
1630572,0022400871,1610612759,5.0,0.0,0.0,0.0,2.0,1.0,2.0,2.0
1629627,0022400872,1610612740,24.0,9.0,6.0,0.0,18.0,11.0,3.0,2.0
203482,0022400872,1610612740,26.0,4.0,9.0,0.0,14.0,10.0,5.0,3.0
1642274,0022400872,1610612740,8.0,0.0,7.0,1.0,6.0,4.0,0.0,0.0
1630530,0022400872,1610612740,20.0,6.0,6.0,1.0,20.0,8.0,1.0,1.0
203468,0022400872,1610612740,25.0,8.0,3.0,1.0,18.0,10.0,0.0,0.0
1641722,0022400872,1610612740,8.0,3.0,4.0,0.0,8.0,3.0,0.0,0.0
1631255,0022400872,1610612740,6.0,1.0,5.0,2.0,5.0,3.0,2.0,0.0
1628971,0022400872,1610612740,8.0,2.0,8.0,0.0,6.0,3.0,2.0,1.0
1630631,0022400872,1610612740,3.0,2.0,0.0,0.0,7.0,1.0,0.0,0.0
1630231,0022400872,1610612762,5.0,1.0,2.0,0.0,4.0,2.0,0.0,0.0
1630548,0022400872,1610612762,8.0,1.0,2.0,0.0,9.0,3.0,1.0,1.0
1642271,0022400872,1610612762,12.0,7.0,11.0,0.0,12.0,5.0,1.0,0.0
1641729,0022400872,1610612762,21.0,4.0,2.0,0.0,18.0,9.0,0.0,0.0
1642268,0022400872,1610612762,11.0,8.0,2.0,2.0,8.0,3.0,5.0,5.0
1642262,0022400872,1610612762,5.0,1.0,0.0,0.0,4.0,2.0,0.0,0.0
1641718,0022400872,1610612762,28.0,6.0,3.0,0.0,21.0,9.0,6.0,5.0
1630531,0022400872,1610612762,7.0,3.0,0.0,1.0,4.0,2.0,4.0,2.0
1631131,0022400872,1610612762,16.0,1.0,13.0,0.0,9.0,8.0,0.0,0.0
1630695,0022400872,1610612762,8.0,3.0,6.0,1.0,7.0,3.0,0.0,0.0
1627775,2022400357,1612709909,2.0,0.0,5.0,0.0,3.0,1.0,0.0,0.0
1642024,2022400357,1612709909,17.0,2.0,5.0,1.0,20.0,6.0,2.0,1.0
1630600,2022400357,1612709909,4.0,2.0,7.0,0.0,11.0,1.0,1.0,1.0
1628876,2022400357,1612709909,8.0,3.0,3.0,1.0,9.0,3.0,0.0,0.0
1629600,2022400357,1612709909,16.0,5.0,3.0,0.0,10.0,4.0,4.0,4.0
1641823,2022400357,1612709909,8.0,1.0,7.0,3.0,9.0,2.0,2.0,1.0
1631171,2022400357,1612709909,0.0,3.0,5.0,0.0,6.0,0.0,0.0,0.0
1630542,2022400357,1612709909,19.0,1.0,14.0,2.0,9.0,5.0,4.0,3.0
1631198,2022400357,1612709909,8.0,1.0,0.0,0.0,3.0,3.0,1.0,1.0
1630218,2022400357,1612709909,9.0,1.0,3.0,0.0,6.0,3.0,2.0,1.0
1630342,2022400357,1612709913,13.0,5.0,4.0,0.0,9.0,5.0,1.0,0.0
1631232,2022400357,1612709913,22.0,3.0,7.0,1.0,13.0,8.0,1.0,1.0
1628964,2022400357,1612709913,16.0,1.0,13.0,1.0,13.0,7.0,1.0,0.0
1631167,2022400357,1612709913,22.0,1.0,6.0,0.0,18.0,7.0,2.0,2.0
1631311,2022400357,1612709913,19.0,8.0,7.0,1.0,23.0,8.0,2.0,2.0
1642490,2022400357,1612709913,16.0,5.0,12.0,0.0,9.0,5.0,4.0,3.0
1629955,2022400357,1612709913,0.0,7.0,4.0,0.0,4.0,0.0,0.0,0.0
1631462,2022400357,1612709913,0.0,2.0,2.0,0.0,3.0,0.0,0.0,0.0
204105,2022400357,1612709913,3.0,0.0,1.0,0.0,3.0,1.0,0.0,0.0
1631160,2022400356,1612709923,20,4,3,2,16,7,1,1
1631408,2022400356,1612709923,8,2,5,0,14,4,1,0
1641987,2022400356,1612709923,12,4,7,1,8,6,0,0
1641801,2022400356,1612709923,27,2,9,0,16,10,5,5
1642443,2022400356,1612709923,16,3,3,0,15,4,3,3
1642038,2022400356,1612709923,0,1,0,0,1,0,0,0
1630318,2022400356,1612709923,8,2,2,1,9,4,0,0
1642549,2022400356,1612709923,7,6,2,0,10,3,0,0
1642607,2022400356,1612709923,3,3,5,1,5,1,0,0
1642066,2022400356,1612709925,30,1,12,1,16,13,0,0
1641771,2022400356,1612709925,9,7,5,0,6,2,3,3
1630658,2022400356,1612709925,13,1,10,1,6,5,3,2
1631457,2022400356,1612709925,12,5,6,1,9,5,1,1
1630644,2022400356,1612709925,17,6,1,0,16,7,1,1
1629633,2022400356,1612709925,28,3,12,1,20,10,5,3
1630606,2022400356,1612709925,18,3,1,0,11,7,1,1
1642235,2022400356,1612709925,4,2,3,0,5,1,2,2
1626217,2022400356,1612709925,1,0,8,0,2,0,2,1
1641918,2022400356,1612709925,0,0,1,1,1,0,0,0
1626181,0022400874,1610612746,4.0,1.0,1.0,0.0,5.0,1.0,2.0,2.0
202695,0022400874,1610612746,33.0,0.0,10.0,0.0,23.0,13.0,5.0,4.0
1627826,0022400874,1610612746,12.0,3.0,10.0,0.0,9.0,5.0,2.0,2.0
1627739,0022400874,1610612746,15.0,4.0,2.0,1.0,12.0,7.0,0.0,0.0
201935,0022400874,1610612746,13.0,8.0,2.0,0.0,14.0,4.0,4.0,3.0
1629599,0022400874,1610612746,3.0,3.0,3.0,0.0,0.0,0.0,4.0,3.0
203992,0022400874,1610612746,12.0,3.0,4.0,0.0,16.0,4.0,0.0,0.0
201587,0022400874,1610612746,6.0,0.0,1.0,0.0,3.0,2.0,0.0,0.0
1629234,0022400874,1610612746,4.0,2.0,5.0,0.0,4.0,2.0,0.0,0.0
1641757,0022400874,1610612746,0.0,0.0,1.0,0.0,1.0,0.0,0.0,0.0
1641738,0022400874,1610612746,0.0,0.0,1.0,0.0,1.0,0.0,0.0,0.0
1627827,0022400874,1610612747,11.0,0.0,4.0,0.0,9.0,4.0,2.0,1.0
2544,0022400874,1610612747,17.0,9.0,5.0,1.0,17.0,6.0,4.0,4.0
1629637,0022400874,1610612747,6.0,0.0,7.0,2.0,2.0,2.0,3.0,2.0
1629216,0022400874,1610612747,9.0,2.0,3.0,1.0,10.0,3.0,0.0,0.0
1629029,0022400874,1610612747,29.0,9.0,6.0,0.0,17.0,9.0,9.0,6.0
1629020,0022400874,1610612747,8.0,1.0,9.0,2.0,7.0,4.0,0.0,0.0
1641998,0022400874,1610612747,3.0,0.0,2.0,0.0,2.0,1.0,2.0,1.0
1642261,0022400874,1610612747,19.0,0.0,4.0,0.0,10.0,7.0,0.0,0.0
1629003,0022400874,1610612747,6.0,0.0,1.0,0.0,3.0,2.0,0.0,0.0
1631306,2022400360,1612709905,20.0,2.0,5.0,0.0,15.0,8.0,0.0,0.0
1626169,2022400360,1612709905,19.0,5.0,7.0,0.0,15.0,8.0,1.0,0.0
1631132,2022400360,1612709905,10.0,1.0,3.0,6.0,8.0,4.0,1.0,1.0
1642439,2022400360,1612709905,24.0,9.0,10.0,0.0,13.0,6.0,3.0,3.0
1642438,2022400360,1612709905,3.0,4.0,4.0,0.0,4.0,1.0,0.0,0.0
1641788,2022400360,1612709905,2.0,0.0,4.0,0.0,4.0,1.0,0.0,0.0
1641811,2022400360,1612709905,19.0,5.0,4.0,0.0,14.0,7.0,3.0,3.0
1642618,2022400360,1612709905,13.0,3.0,4.0,1.0,5.0,4.0,2.0,2.0
1641888,2022400360,1612709905,4.0,0.0,1.0,0.0,2.0,1.0,1.0,1.0
1642547,2022400360,1612709905,6.0,2.0,6.0,0.0,6.0,3.0,1.0,0.0
1631286,2022400360,1612709924,4.0,1.0,3.0,1.0,7.0,2.0,0.0,0.0
1631116,2022400360,1612709924,8.0,1.0,8.0,0.0,10.0,3.0,0.0,0.0
1630296,2022400360,1612709924,16.0,3.0,10.0,1.0,17.0,8.0,0.0,0.0
1642353,2022400360,1612709924,20.0,4.0,4.0,0.0,20.0,8.0,1.0,1.0
1630618,2022400360,1612709924,20.0,7.0,5.0,0.0,16.0,8.0,2.0,1.0
1642583,2022400360,1612709924,4.0,1.0,4.0,1.0,2.0,1.0,1.0,1.0
1642280,2022400360,1612709924,16.0,1.0,4.0,1.0,8.0,4.0,3.0,3.0
1642409,2022400360,1612709924,17.0,4.0,2.0,0.0,12.0,5.0,3.0,3.0
1642584,2022400360,1612709924,0.0,0.0,2.0,0.0,2.0,0.0,0.0,0.0
1630183,0022400873,1610612750,13.0,4.0,7.0,0.0,9.0,5.0,1.0,1.0
203944,0022400873,1610612750,20.0,3.0,6.0,0.0,14.0,8.0,2.0,2.0
1629675,0022400873,1610612750,7.0,5.0,10.0,1.0,15.0,3.0,2.0,0.0
1630162,0022400873,1610612750,44.0,7.0,5.0,0.0,22.0,12.0,14.0,14.0
201144,0022400873,1610612750,3.0,1.0,1.0,0.0,3.0,1.0,0.0,0.0
1629638,0022400873,1610612750,0.0,6.0,2.0,1.0,6.0,0.0,0.0,0.0
1628978,0022400873,1610612750,24.0,2.0,2.0,0.0,14.0,8.0,0.0,0.0
1630545,0022400873,1610612750,0.0,0.0,0.0,0.0,3.0,0.0,0.0,0.0
1641740,0022400873,1610612750,3.0,0.0,2.0,0.0,3.0,1.0,0.0,0.0
1642265,0022400873,1610612750,0.0,0.0,0.0,0.0,0.0,0.0,2.0,0.0
1631159,0022400873,1610612750,2.0,0.0,0.0,0.0,1.0,1.0,0.0,0.0
1631169,0022400873,1610612750,0.0,0.0,0.0,0.0,1.0,0.0,0.0,0.0
1630568,0022400873,1610612750,0.0,0.0,0.0,0.0,1.0,0.0,0.0,0.0
1642399,0022400873,1610612750,0.0,0.0,0.0,0.0,0.0,0.0,0.0,0.0
201142,0022400873,1610612756,26.0,4.0,10.0,2.0,23.0,10.0,7.0,3.0
1629626,0022400873,1610612756,9.0,3.0,11.0,0.0,9.0,4.0,0.0,0.0
1630208,0022400873,1610612756,4.0,2.0,8.0,1.0,0.0,0.0,4.0,4.0
1626164,0022400873,1610612756,17.0,5.0,4.0,0.0,12.0,5.0,4.0,4.0
203078,0022400873,1610612756,18.0,3.0,4.0,0.0,15.0,8.0,0.0,0.0
203486,0022400873,1610612756,4.0,2.0,7.0,0.0,2.0,1.0,2.0,2.0
1626220,0022400873,1610612756,0.0,1.0,5.0,1.0,3.0,0.0,0.0,0.0
1626145,0022400873,1610612756,10.0,1.0,1.0,0.0,4.0,4.0,0.0,0.0
1628960,0022400873,1610612756,5.0,1.0,2.0,2.0,4.0,1.0,2.0,2.0
1642346,0022400873,1610612756,5.0,1.0,3.0,1.0,6.0,2.0,0.0,0.0
1627814,0022400873,1610612756,0.0,0.0,1.0,0.0,1.0,0.0,0.0,0.0
203995,0022400873,1610612756,0.0,0.0,0.0,0.0,0.0,0.0,0.0,0.0
1642345,0022400873,1610612756,0.0,1.0,0.0,0.0,0.0,0.0,0.0,0.0
1631221,0022400873,1610612756,0.0,0.0,1.0,0.0,1.0,0.0,0.0,0.0
1631128,0022400866,1610612743,24.0,3.0,6.0,1.0,22.0,10.0,2.0,2.0
1629008,0022400866,1610612743,10.0,2.0,5.0,0.0,9.0,3.0,4.0,2.0
203999,0022400866,1610612743,20.0,9.0,14.0,0.0,15.0,9.0,0.0,0.0
201566,0022400866,1610612743,12.0,6.0,3.0,1.0,13.0,5.0,1.0,0.0
1627750,0022400866,1610612743,26.0,7.0,6.0,0.0,20.0,11.0,2.0,2.0
1631124,0022400866,1610612743,4.0,0.0,0.0,0.0,4.0,1.0,2.0,2.0
1630192,0022400866,1610612743,3.0,0.0,0.0,0.0,1.0,1.0,0.0,0.0
201599,0022400866,1610612743,1.0,0.0,3.0,0.0,1.0,0.0,2.0,1.0
1629618,0022400866,1610612743,3.0,0.0,1.0,0.0,1.0,1.0,0.0,0.0
1628369,0022400866,1610612738,16.0,7.0,11.0,0.0,15.0,4.0,8.0,7.0
201143,0022400866,1610612738,19.0,0.0,8.0,0.0,12.0,7.0,4.0,4.0
1628436,0022400866,1610612738,8.0,4.0,1.0,1.0,5.0,3.0,4.0,2.0
1627759,0022400866,1610612738,22.0,8.0,5.0,2.0,15.0,6.0,9.0,8.0
1628401,0022400866,1610612738,17.0,2.0,3.0,0.0,13.0,6.0,0.0,0.0
1630202,0022400866,1610612738,11.0,3.0,1.0,0.0,7.0,4.0,0.0,0.0
1629674,0022400866,1610612738,8.0,1.0,10.0,0.0,5.0,4.0,0.0,0.0
1630573,0022400866,1610612738,8.0,1.0,3.0,1.0,4.0,3.0,0.0,0.0
1628470,0022400866,1610612738,1.0,0.0,3.0,0.0,2.0,0.0,2.0,1.0
203933,2022400348,1612709919,27.0,4.0,13.0,1.0,24.0,9.0,3.0,3.0
1629643,2022400348,1612709919,9.0,6.0,7.0,0.0,14.0,4.0,0.0,0.0
1641830,2022400348,1612709919,4.0,2.0,10.0,0.0,6.0,2.0,0.0,0.0
1641755,2022400348,1612709919,13.0,1.0,11.0,0.0,11.0,5.0,2.0,2.0
1642486,2022400348,1612709919,16.0,1.0,3.0,0.0,11.0,5.0,2.0,1.0
1641924,2022400348,1612709919,4.0,2.0,1.0,1.0,6.0,1.0,1.0,1.0
1630733,2022400348,1612709919,11.0,0.0,2.0,1.0,11.0,4.0,0.0,0.0
1631499,2022400348,1612709919,5.0,0.0,2.0,0.0,6.0,2.0,0.0,0.0
1631098,2022400348,1612709919,8.0,4.0,5.0,5.0,6.0,3.0,1.0,1.0
1642070,2022400348,1612709919,0.0,0.0,1.0,0.0,0.0,0.0,0.0,0.0
1641749,2022400348,1612709922,19.0,5.0,3.0,1.0,15.0,8.0,3.0,2.0
1631301,2022400348,1612709922,7.0,1.0,1.0,0.0,6.0,2.0,2.0,1.0
1629617,2022400348,1612709922,20.0,3.0,10.0,0.0,16.0,7.0,3.0,3.0
1642354,2022400348,1612709922,23.0,4.0,10.0,1.0,14.0,5.0,7.0,7.0
1630585,2022400348,1612709922,20.0,3.0,8.0,2.0,14.0,7.0,1.0,1.0
1630640,2022400348,1612709922,0.0,0.0,0.0,0.0,6.0,0.0,0.0,0.0
1642072,2022400348,1612709922,10.0,0.0,6.0,1.0,4.0,4.0,2.0,1.0
1641799,2022400348,1612709922,6.0,3.0,6.0,2.0,4.0,3.0,0.0,0.0
1631474,2022400348,1612709922,4.0,3.0,2.0,0.0,6.0,2.0,0.0,0.0
1642045,2022400348,1612709922,5.0,0.0,0.0,0.0,3.0,1.0,1.0,1.0
1629751,2022400353,1612709910,22.0,1.0,5.0,0.0,15.0,6.0,3.0,3.0
1630787,2022400353,1612709910,11.0,0.0,10.0,0.0,11.0,4.0,1.0,1.0
1626143,2022400353,1612709910,14.0,1.0,5.0,1.0,3.0,2.0,5.0,5.0
1630667,2022400353,1612709910,13.0,3.0,5.0,1.0,10.0,5.0,3.0,1.0
1642027,2022400353,1612709910,9.0,1.0,1.0,1.0,5.0,1.0,4.0,4.0
1630750,2022400353,1612709910,19.0,4.0,1.0,0.0,8.0,6.0,8.0,6.0
1631249,2022400353,1612709910,4.0,2.0,4.0,0.0,6.0,2.0,0.0,0.0
1631497,2022400353,1612709910,6.0,0.0,7.0,0.0,2.0,1.0,4.0,3.0
1627208,2022400353,1612709910,2.0,0.0,4.0,0.0,4.0,1.0,1.0,0.0
1642551,2022400353,1612709910,3.0,0.0,0.0,0.0,1.0,1.0,0.0,0.0
1641738,2022400353,1612709924,16.0,3.0,5.0,1.0,17.0,5.0,3.0,3.0
1631116,2022400353,1612709924,7.0,1.0,6.0,1.0,11.0,3.0,1.0,0.0
1630296,2022400353,1612709924,15.0,3.0,5.0,1.0,6.0,3.0,5.0,4.0
1642353,2022400353,1612709924,26.0,2.0,6.0,0.0,18.0,9.0,2.0,1.0
1630618,2022400353,1612709924,19.0,3.0,2.0,0.0,12.0,7.0,2.0,2.0
1642583,2022400353,1612709924,0.0,0.0,5.0,0.0,1.0,0.0,0.0,0.0
1642280,2022400353,1612709924,20.0,3.0,5.0,0.0,11.0,8.0,1.0,1.0
1642409,2022400353,1612709924,9.0,6.0,6.0,0.0,13.0,3.0,1.0,1.0
1631286,2022400353,1612709924,4.0,2.0,2.0,0.0,2.0,1.0,1.0,1.0
1642584,2022400353,1612709924,2.0,2.0,1.0,0.0,2.0,1.0,0.0,0.0
1631197,2022400350,1612709920,22.0,1.0,11.0,2.0,15.0,8.0,6.0,3.0
1630647,2022400350,1612709920,17.0,4.0,8.0,1.0,14.0,7.0,1.0,1.0
1626163,2022400350,1612709920,18.0,7.0,8.0,0.0,21.0,8.0,1.0,1.0
1642615,2022400350,1612709920,10.0,0.0,0.0,0.0,6.0,4.0,0.0,0.0
1631407,2022400350,1612709920,14.0,7.0,1.0,0.0,7.0,4.0,5.0,4.0
1629718,2022400350,1612709920,9.0,3.0,4.0,2.0,5.0,4.0,1.0,0.0
1631113,2022400350,1612709920,6.0,5.0,0.0,0.0,5.0,2.0,2.0,1.0
1630663,2022400350,1612709920,6.0,1.0,10.0,0.0,7.0,2.0,1.0,1.0
1642465,2022400350,1612709920,0.0,0.0,1.0,0.0,2.0,0.0,0.0,0.0
1630278,2022400350,1612709927,10.0,1.0,4.0,2.0,12.0,5.0,0.0,0.0
1627740,2022400350,1612709927,30.0,2.0,13.0,0.0,21.0,10.0,5.0,5.0
1630641,2022400350,1612709927,12.0,0.0,3.0,6.0,5.0,5.0,1.0,1.0
1629808,2022400350,1612709927,8.0,2.0,7.0,2.0,12.0,2.0,2.0,1.0
1631231,2022400350,1612709927,19.0,14.0,5.0,0.0,20.0,9.0,0.0,0.0
1626159,2022400350,1612709927,16.0,1.0,3.0,0.0,11.0,4.0,3.0,2.0
1642520,2022400350,1612709927,9.0,0.0,6.0,0.0,5.0,3.0,1.0,1.0
1642500,2022400350,1612709927,0.0,0.0,0.0,0.0,1.0,0.0,0.0,0.0
1642395,2022400350,1612709927,0.0,0.0,0.0,0.0,0.0,0.0,0.0,0.0
1630207,2022400354,1612709926,12,7,6,1,7,4,1,1
1641936,2022400354,1612709926,14,2,2,0,11,6,0,0
1630654,2022400354,1612709926,21,2,15,0,18,8,3,2
1641869,2022400354,1612709926,21,4,5,0,10,9,3,3
1630569,2022400354,1612709926,17,8,7,1,17,7,1,1
1630525,2022400354,1612709926,28,1,4,1,18,8,4,4
1641970,2022400354,1612709926,7,4,3,2,5,3,2,0
1641938,2022400354,1612709926,3,0,2,2,5,1,0,0
1642492,2022400354,1612709926,0,0,1,0,0,0,1,0
1629666,2022400354,1612709926,2,1,2,0,3,1,0,0
1642396,2022400354,1612709902,22,0,6,0,18,7,3,3
1642429,2022400354,1612709902,9,0,6,0,9,4,1,0
1642679,2022400354,1612709902,0,0,1,1,1,0,0,0
1641881,2022400354,1612709902,22,4,5,0,17,8,2,2
1641879,2022400354,1612709902,24,13,7,1,24,10,0,0
1630721,2022400354,1612709902,13,1,3,0,10,5,0,0
1642651,2022400354,1612709902,8,7,0,0,6,2,2,2
1642631,2022400354,1612709902,10,2,11,0,7,5,0,0
1642764,2022400354,1612709902,9,2,3,1,4,3,2,1
1641787,2022400352,1612709921,22.0,3.0,13.0,1.0,17.0,8.0,3.0,3.0
1631112,2022400352,1612709921,6.0,0.0,1.0,0.0,2.0,1.0,2.0,2.0
1631166,2022400352,1612709921,22.0,4.0,13.0,1.0,20.0,9.0,2.0,1.0
1630623,2022400352,1612709921,18.0,4.0,2.0,0.0,17.0,6.0,4.0,3.0
1642011,2022400352,1612709921,14.0,9.0,8.0,0.0,15.0,5.0,2.0,1.0
1642378,2022400352,1612709921,4.0,0.0,0.0,2.0,9.0,1.0,1.0,1.0
1629052,2022400352,1612709921,14.0,1.0,12.0,0.0,14.0,5.0,2.0,1.0
1630286,2022400352,1612709921,10.0,4.0,11.0,1.0,11.0,4.0,0.0,0.0
1642573,2022400352,1612709921,0.0,0.0,1.0,0.0,2.0,0.0,0.0,0.0
1641986,2022400352,1612709918,12.0,1.0,5.0,4.0,18.0,5.0,0.0,0.0
1630762,2022400352,1612709918,20.0,2.0,4.0,0.0,17.0,9.0,2.0,1.0
1642499,2022400352,1612709918,6.0,6.0,13.0,1.0,7.0,3.0,0.0,0.0
1642480,2022400352,1612709918,20.0,1.0,1.0,0.0,12.0,5.0,2.0,2.0
1641789,2022400352,1612709918,30.0,10.0,5.0,0.0,15.0,11.0,3.0,3.0
1642481,2022400352,1612709918,5.0,2.0,7.0,7.0,4.0,2.0,2.0,1.0
1629015,2022400352,1612709918,10.0,3.0,5.0,2.0,10.0,5.0,0.0,0.0
1641920,2022400352,1612709918,0.0,0.0,0.0,0.0,1.0,0.0,0.0,0.0
1631236,2022400352,1612709918,0.0,0.0,3.0,0.0,2.0,0.0,0.0,0.0
201942,0022400862,1610612758,21.0,6.0,2.0,0.0,18.0,7.0,7.0,6.0
1631099,0022400862,1610612758,13.0,2.0,5.0,0.0,11.0,5.0,1.0,1.0
1627734,0022400862,1610612758,1.0,0.0,0.0,0.0,0.0,0.0,2.0,1.0
203897,0022400862,1610612758,20.0,4.0,6.0,0.0,16.0,8.0,3.0,2.0
1628370,0022400862,1610612758,16.0,4.0,5.0,0.0,13.0,7.0,1.0,1.0
202685,0022400862,1610612758,15.0,1.0,14.0,3.0,10.0,7.0,1.0,1.0
1631165,0022400862,1610612758,12.0,0.0,5.0,1.0,5.0,4.0,3.0,3.0
1631222,0022400862,1610612758,5.0,1.0,4.0,0.0,6.0,2.0,0.0,0.0
1626168,0022400862,1610612758,5.0,2.0,5.0,1.0,6.0,2.0,2.0,0.0
1628365,0022400862,1610612758,5.0,1.0,0.0,0.0,2.0,2.0,1.0,1.0
1628415,0022400862,1610612745,12.0,0.0,1.0,0.0,13.0,4.0,2.0,2.0
1641708,0022400862,1610612745,6.0,3.0,11.0,0.0,10.0,3.0,0.0,0.0
1630578,0022400862,1610612745,30.0,5.0,10.0,1.0,16.0,10.0,17.0,10.0
1630224,0022400862,1610612745,24.0,2.0,2.0,0.0,20.0,9.0,2.0,2.0
1627832,0022400862,1610612745,3.0,5.0,5.0,0.0,8.0,1.0,0.0,0.0
1631106,0022400862,1610612745,14.0,2.0,4.0,0.0,8.0,5.0,1.0,1.0
1631095,0022400862,1610612745,5.0,0.0,7.0,1.0,6.0,2.0,0.0,0.0
203500,0022400862,1610612745,2.0,1.0,2.0,0.0,3.0,1.0,0.0,0.0
1628988,0022400862,1610612745,7.0,0.0,1.0,0.0,2.0,2.0,1.0,1.0
1628398,0022400865,1610612749,10.0,2.0,8.0,0.0,10.0,4.0,2.0,1.0
203507,0022400865,1610612749,29.0,9.0,9.0,2.0,14.0,9.0,13.0,11.0
201572,0022400865,1610612749,13.0,3.0,6.0,2.0,10.0,6.0,0.0,0.0
1627752,0022400865,1610612749,9.0,5.0,7.0,1.0,8.0,3.0,1.0,1.0
203081,0022400865,1610612749,28.0,6.0,6.0,0.0,17.0,8.0,8.0,8.0
1631260,0022400865,1610612749,6.0,1.0,1.0,0.0,3.0,1.0,3.0,3.0
1629018,0022400865,1610612749,20.0,2.0,5.0,0.0,16.0,7.0,2.0,2.0
1630579,0022400865,1610612749,6.0,2.0,8.0,1.0,3.0,3.0,0.0,0.0
1629645,0022400865,1610612749,11.0,3.0,2.0,0.0,6.0,3.0,6.0,5.0
202691,0022400865,1610612742,16.0,5.0,2.0,0.0,14.0,5.0,2.0,2.0
1629023,0022400865,1610612742,4.0,0.0,5.0,0.0,8.0,2.0,1.0,0.0
1629650,0022400865,1610612742,18.0,0.0,9.0,0.0,9.0,8.0,2.0,2.0
1631108,0022400865,1610612742,5.0,3.0,2.0,0.0,6.0,2.0,0.0,0.0
202681,0022400865,1610612742,31.0,3.0,5.0,0.0,23.0,9.0,11.0,11.0
203939,0022400865,1610612742,2.0,3.0,3.0,1.0,1.0,1.0,1.0,0.0
203957,0022400865,1610612742,4.0,0.0,1.0,0.0,3.0,1.0,2.0,2.0
1630230,0022400865,1610612742,7.0,4.0,4.0,0.0,7.0,3.0,1.0,1.0
203915,0022400865,1610612742,12.0,3.0,0.0,0.0,9.0,5.0,5.0,2.0
1630702,0022400865,1610612742,16.0,4.0,1.0,0.0,10.0,6.0,0.0,0.0
1641765,0022400865,1610612742,2.0,0.0,1.0,0.0,1.0,1.0,0.0,0.0
1629661,0022400861,1610612751,13.0,0.0,4.0,0.0,20.0,3.0,8.0,7.0
1630533,0022400861,1610612751,11.0,1.0,3.0,0.0,14.0,5.0,2.0,1.0
1629651,0022400861,1610612751,9.0,2.0,6.0,5.0,9.0,3.0,4.0,3.0
1630553,0022400861,1610612751,10.0,2.0,8.0,1.0,15.0,3.0,2.0,2.0
1630165,0022400861,1610612751,4.0,3.0,4.0,0.0,6.0,1.0,2.0,2.0
1630592,0022400861,1610612751,14.0,3.0,3.0,0.0,5.0,3.0,8.0,7.0
1630549,0022400861,1610612751,4.0,6.0,5.0,1.0,6.0,2.0,0.0,0.0
1641736,0022400861,1610612751,3.0,1.0,1.0,0.0,5.0,1.0,2.0,1.0
1631213,0022400861,1610612751,23.0,1.0,1.0,1.0,11.0,7.0,7.0,7.0
1641721,0022400861,1610612751,3.0,0.0,3.0,0.0,4.0,1.0,0.0,0.0
1641709,0022400861,1610612765,13.0,3.0,5.0,1.0,9.0,6.0,2.0,1.0
202699,0022400861,1610612765,18.0,2.0,9.0,0.0,12.0,6.0,5.0,5.0
1631105,0022400861,1610612765,18.0,2.0,11.0,6.0,7.0,6.0,6.0,6.0
203501,0022400861,1610612765,9.0,2.0,1.0,0.0,9.0,3.0,0.0,0.0
1630595,0022400861,1610612765,15.0,9.0,7.0,2.0,9.0,4.0,6.0,5.0
1627736,0022400861,1610612765,18.0,1.0,0.0,0.0,10.0,6.0,2.0,1.0
203471,0022400861,1610612765,7.0,5.0,2.0,1.0,5.0,3.0,0.0,0.0
1631323,0022400861,1610612765,0.0,3.0,3.0,0.0,2.0,0.0,0.0,0.0
1630191,0022400861,1610612765,3.0,1.0,4.0,4.0,4.0,1.0,2.0,1.0
1641842,0022400861,1610612765,10.0,2.0,2.0,0.0,4.0,4.0,2.0,2.0
1631204,0022400861,1610612765,2.0,1.0,0.0,0.0,0.0,0.0,2.0,2.0
1630322,0022400861,1610612765,0.0,0.0,0.0,0.0,1.0,0.0,0.0,0.0
1630194,0022400861,1610612765,2.0,0.0,2.0,0.0,0.0,0.0,2.0,2.0
1641752,0022400861,1610612765,0.0,0.0,1.0,1.0,0.0,0.0,0.0,0.0
1642046,2022400349,1612709889,3.0,0.0,7.0,0.0,7.0,1.0,0.0,0.0
1642505,2022400349,1612709889,3.0,1.0,1.0,0.0,6.0,1.0,1.0,1.0
1642382,2022400349,1612709889,26.0,4.0,10.0,0.0,18.0,11.0,1.0,1.0
1642502,2022400349,1612709889,0.0,2.0,2.0,1.0,2.0,0.0,0.0,0.0
1641794,2022400349,1612709889,4.0,6.0,6.0,0.0,9.0,2.0,2.0,0.0
1642504,2022400349,1612709889,18.0,3.0,3.0,0.0,11.0,7.0,2.0,2.0
1641991,2022400349,1612709889,15.0,4.0,3.0,0.0,13.0,5.0,4.0,3.0
1631489,2022400349,1612709889,8.0,1.0,5.0,2.0,3.0,2.0,2.0,2.0
1631205,2022400349,1612709889,15.0,1.0,2.0,0.0,10.0,5.0,0.0,0.0
1642637,2022400349,1612709889,6.0,0.0,1.0,0.0,3.0,2.0,0.0,0.0
1641939,2022400349,1612709889,0.0,0.0,2.0,0.0,1.0,0.0,0.0,0.0
1631127,2022400349,1612709890,16.0,8.0,15.0,2.0,17.0,5.0,2.0,2.0
1642496,2022400349,1612709890,8.0,0.0,6.0,3.0,7.0,3.0,1.0,1.0
1642755,2022400349,1612709890,16.0,1.0,5.0,1.0,13.0,5.0,1.0,1.0
1630561,2022400349,1612709890,29.0,7.0,4.0,0.0,19.0,12.0,2.0,2.0
1631123,2022400349,1612709890,29.0,5.0,5.0,2.0,16.0,9.0,6.0,6.0
1642684,2022400349,1612709890,6.0,2.0,1.0,1.0,6.0,3.0,0.0,0.0
1641988,2022400349,1612709890,6.0,2.0,4.0,0.0,11.0,2.0,0.0,0.0
1642565,2022400349,1612709890,6.0,0.0,5.0,0.0,3.0,2.0,0.0,0.0
1629642,2022400351,1612709904,7.0,1.0,2.0,0.0,9.0,2.0,1.0,1.0
1642352,2022400351,1612709904,4.0,0.0,6.0,1.0,8.0,2.0,1.0,0.0
1642013,2022400351,1612709904,18.0,0.0,9.0,0.0,14.0,7.0,1.0,1.0
1631214,2022400351,1612709904,17.0,5.0,4.0,0.0,14.0,5.0,6.0,4.0
1641815,2022400351,1612709904,10.0,2.0,3.0,0.0,10.0,4.0,1.0,1.0
1630528,2022400351,1612709904,11.0,4.0,5.0,0.0,15.0,5.0,1.0,1.0
1641915,2022400351,1612709904,10.0,1.0,6.0,1.0,11.0,4.0,1.0,1.0
1641985,2022400351,1612709904,4.0,2.0,4.0,0.0,5.0,2.0,0.0,0.0
1642550,2022400351,1612709904,8.0,3.0,1.0,0.0,1.0,1.0,5.0,5.0
1642514,2022400351,1612709904,2.0,1.0,3.0,0.0,1.0,1.0,0.0,0.0
1642552,2022400351,1612709904,0.0,1.0,1.0,0.0,0.0,0.0,0.0,0.0
1642628,2022400351,1612709904,7.0,0.0,0.0,0.0,4.0,2.0,1.0,1.0
1642384,2022400351,1612709914,25.0,1.0,4.0,3.0,9.0,8.0,3.0,3.0
1642403,2022400351,1612709914,18.0,5.0,14.0,1.0,14.0,7.0,3.0,2.0
1627746,2022400351,1612709914,17.0,1.0,9.0,0.0,14.0,8.0,0.0,0.0
1642269,2022400351,1612709914,24.0,7.0,7.0,0.0,13.0,9.0,5.0,2.0
1630222,2022400351,1612709914,13.0,5.0,3.0,0.0,13.0,5.0,0.0,0.0
1641926,2022400351,1612709914,7.0,3.0,3.0,1.0,8.0,3.0,1.0,0.0
1631399,2022400351,1612709914,0.0,5.0,3.0,1.0,3.0,0.0,0.0,0.0
1628968,2022400351,1612709914,3.0,2.0,6.0,0.0,3.0,1.0,1.0,0.0
1626184,2022400351,1612709914,5.0,1.0,0.0,0.0,2.0,1.0,2.0,2.0
1642428,2022400351,1612709914,2.0,0.0,0.0,0.0,1.0,1.0,0.0,0.0
1642407,2022400351,1612709914,3.0,1.0,0.0,0.0,1.0,1.0,0.0,0.0
1642606,2022400351,1612709914,0.0,1.0,0.0,1.0,1.0,0.0,0.0,0.0
1630170,0022400863,1610612759,20.0,3.0,6.0,1.0,19.0,9.0,1.0,0.0
203084,0022400863,1610612759,5.0,1.0,0.0,0.0,5.0,2.0,0.0,0.0
202687,0022400863,1610612759,6.0,1.0,3.0,1.0,4.0,3.0,0.0,0.0
1628368,0022400863,1610612759,20.0,7.0,3.0,1.0,17.0,7.0,5.0,5.0
101108,0022400863,1610612759,8.0,8.0,3.0,0.0,5.0,3.0,1.0,0.0
1631110,0022400863,1610612759,18.0,3.0,11.0,0.0,9.0,7.0,4.0,3.0
1629640,0022400863,1610612759,15.0,1.0,6.0,1.0,13.0,6.0,4.0,1.0
1642264,0022400863,1610612759,24.0,7.0,3.0,0.0,16.0,8.0,6.0,6.0
1630577,0022400863,1610612759,14.0,2.0,7.0,0.0,8.0,5.0,1.0,1.0
1642377,0022400863,1610612763,18.0,3.0,2.0,0.0,14.0,7.0,0.0,0.0
1630583,0022400863,1610612763,15.0,11.0,8.0,1.0,16.0,7.0,0.0,0.0
1628991,0022400863,1610612763,42.0,2.0,4.0,2.0,25.0,15.0,8.0,7.0
1629723,0022400863,1610612763,0.0,2.0,3.0,1.0,3.0,0.0,0.0,0.0
1630590,0022400863,1610612763,12.0,7.0,4.0,0.0,12.0,5.0,1.0,1.0
1641744,0022400863,1610612763,17.0,0.0,9.0,3.0,7.0,7.0,4.0,3.0
1628379,0022400863,1610612763,14.0,5.0,6.0,0.0,9.0,6.0,3.0,2.0
1641713,0022400863,1610612763,4.0,1.0,1.0,0.0,2.0,1.0,2.0,2.0
1630643,0022400863,1610612763,0.0,0.0,0.0,1.0,0.0,0.0,0.0,0.0
1642285,0022400863,1610612763,0.0,0.0,0.0,0.0,1.0,0.0,0.0,0.0
1630205,0022400863,1610612763,6.0,0.0,4.0,0.0,6.0,2.0,2.0,2.0
203114,0022400860,1610612764,17.0,6.0,5.0,0.0,9.0,5.0,6.0,6.0
1642273,0022400860,1610612764,8.0,8.0,4.0,1.0,10.0,3.0,0.0,0.0
1642259,0022400860,1610612764,10.0,2.0,3.0,0.0,11.0,4.0,0.0,0.0
1641731,0022400860,1610612764,17.0,3.0,7.0,1.0,18.0,6.0,2.0,2.0
1642267,0022400860,1610612764,11.0,4.0,5.0,1.0,11.0,3.0,2.0,2.0
1630557,0022400860,1610612764,13.0,4.0,5.0,1.0,8.0,5.0,0.0,0.0
1626158,0022400860,1610612764,15.0,3.0,9.0,0.0,6.0,5.0,5.0,5.0
1630551,0022400860,1610612764,10.0,2.0,8.0,3.0,6.0,4.0,2.0,1.0
203935,0022400860,1610612764,12.0,1.0,2.0,0.0,9.0,5.0,0.0,0.0
1629667,0022400860,1610612764,0.0,0.0,0.0,0.0,0.0,0.0,0.0,0.0
1630182,0022400860,1610612766,13.0,5.0,4.0,1.0,10.0,5.0,2.0,0.0
1628970,0022400860,1610612766,18.0,7.0,7.0,1.0,16.0,7.0,1.0,1.0
1631109,0022400860,1610612766,24.0,3.0,12.0,2.0,14.0,11.0,2.0,2.0
1641733,0022400860,1610612766,12.0,4.0,4.0,0.0,16.0,5.0,0.0,0.0
1630163,0022400860,1610612766,20.0,3.0,7.0,0.0,19.0,7.0,1.0,1.0
1641878,0022400860,1610612766,5.0,2.0,5.0,1.0,6.0,2.0,0.0,0.0
1631217,0022400860,1610612766,4.0,1.0,2.0,0.0,5.0,2.0,0.0,0.0
1642275,0022400860,1610612766,0.0,0.0,2.0,0.0,3.0,0.0,0.0,0.0
1629610,0022400860,1610612766,2.0,1.0,1.0,0.0,3.0,1.0,0.0,0.0
1630201,0022400860,1610612766,2.0,2.0,0.0,0.0,1.0,1.0,0.0,0.0
1630541,0022400864,1610612744,10.0,0.0,2.0,1.0,8.0,3.0,3.0,2.0
203110,0022400864,1610612744,13.0,8.0,8.0,0.0,13.0,5.0,4.0,3.0
1642366,0022400864,1610612744,16.0,1.0,9.0,1.0,15.0,6.0,0.0,0.0
1641764,0022400864,1610612744,5.0,2.0,6.0,1.0,8.0,2.0,1.0,1.0
201939,0022400864,1610612744,29.0,13.0,5.0,0.0,18.0,10.0,4.0,4.0
1627780,0022400864,1610612744,15.0,4.0,7.0,0.0,11.0,7.0,2.0,1.0
1627741,0022400864,1610612744,6.0,3.0,2.0,0.0,9.0,3.0,0.0,0.0
1626172,0022400864,1610612744,10.0,0.0,4.0,1.0,6.0,4.0,2.0,2.0
1630611,0022400864,1610612744,14.0,2.0,4.0,0.0,8.0,6.0,1.0,1.0
1628995,0022400864,1610612744,1.0,0.0,1.0,0.0,2.0,0.0,2.0,1.0
1630311,0022400864,1610612744,0.0,0.0,1.0,0.0,2.0,0.0,0.0,0.0
1626162,0022400864,1610612755,20.0,1.0,2.0,1.0,13.0,6.0,7.0,5.0
202331,0022400864,1610612755,17.0,4.0,8.0,1.0,13.0,6.0,2.0,2.0
203083,0022400864,1610612755,10.0,2.0,14.0,0.0,5.0,3.0,6.0,4.0
1629656,0022400864,1610612755,44.0,1.0,6.0,1.0,24.0,18.0,8.0,2.0
1630178,0022400864,1610612755,5.0,11.0,3.0,0.0,14.0,2.0,1.0,1.0
1642348,0022400864,1610612755,4.0,0.0,1.0,0.0,3.0,2.0,0.0,0.0
1627824,0022400864,1610612755,18.0,5.0,6.0,0.0,8.0,5.0,4.0,3.0
1629022,0022400864,1610612755,3.0,0.0,0.0,0.0,2.0,1.0,0.0,0.0
1630288,0022400864,1610612755,5.0,3.0,0.0,0.0,3.0,2.0,0.0,0.0
1631306,2022400345,1612709905,24.0,4.0,8.0,1.0,15.0,9.0,0.0,0.0
1626169,2022400345,1612709905,12.0,3.0,5.0,0.0,16.0,4.0,1.0,1.0
1631132,2022400345,1612709905,22.0,1.0,8.0,4.0,12.0,9.0,3.0,1.0
1642439,2022400345,1612709905,6.0,3.0,2.0,0.0,6.0,2.0,0.0,0.0
1642355,2022400345,1612709905,16.0,9.0,5.0,0.0,18.0,6.0,0.0,0.0
1641788,2022400345,1612709905,2.0,0.0,3.0,0.0,3.0,0.0,1.0,1.0
1642438,2022400345,1612709905,2.0,1.0,2.0,0.0,2.0,1.0,0.0,0.0
1642618,2022400345,1612709905,3.0,0.0,0.0,0.0,2.0,1.0,0.0,0.0
1641811,2022400345,1612709905,14.0,5.0,5.0,0.0,16.0,6.0,1.0,1.0
1642547,2022400345,1612709905,5.0,3.0,7.0,0.0,5.0,2.0,2.0,1.0
1642053,2022400345,1612709905,8.0,0.0,3.0,1.0,5.0,3.0,2.0,1.0
1641795,2022400345,1612709903,10.0,4.0,1.0,0.0,6.0,4.0,1.0,1.0
1630695,2022400345,1612709903,16.0,1.0,3.0,0.0,10.0,6.0,2.0,2.0
1631131,2022400345,1612709903,23.0,4.0,18.0,1.0,11.0,8.0,6.0,4.0
1641989,2022400345,1612709903,12.0,6.0,4.0,1.0,12.0,4.0,4.0,1.0
202738,2022400345,1612709903,29.0,8.0,1.0,1.0,18.0,8.0,4.0,4.0
1641864,2022400345,1612709903,11.0,1.0,5.0,1.0,5.0,3.0,2.0,2.0
1631220,2022400345,1612709903,18.0,6.0,7.0,0.0,13.0,6.0,4.0,3.0
1630546,2022400345,1612709903,2.0,2.0,4.0,0.0,4.0,1.0,0.0,0.0
1641863,2022400345,1612709903,2.0,0.0,2.0,0.0,4.0,1.0,0.0,0.0
1630545,0022400858,1610612750,17.0,5.0,4.0,1.0,16.0,7.0,1.0,0.0
1630183,0022400858,1610612750,20.0,5.0,10.0,0.0,16.0,9.0,0.0,0.0
1629675,0022400858,1610612750,27.0,5.0,11.0,1.0,25.0,10.0,2.0,1.0
1629638,0022400858,1610612750,12.0,2.0,2.0,1.0,10.0,4.0,2.0,2.0
201144,0022400858,1610612750,3.0,6.0,1.0,0.0,5.0,1.0,0.0,0.0
1641740,0022400858,1610612750,5.0,2.0,1.0,0.0,5.0,2.0,0.0,0.0
1630568,0022400858,1610612750,16.0,1.0,1.0,0.0,7.0,5.0,9.0,5.0
1628978,0022400858,1610612750,12.0,5.0,7.0,1.0,13.0,4.0,0.0,0.0
1642265,0022400858,1610612750,4.0,4.0,3.0,0.0,4.0,2.0,0.0,0.0
1630548,0022400858,1610612762,2.0,1.0,6.0,0.0,6.0,1.0,0.0,0.0
1628381,0022400858,1610612762,29.0,1.0,12.0,1.0,18.0,12.0,3.0,2.0
1631117,0022400858,1610612762,9.0,1.0,13.0,2.0,7.0,4.0,2.0,1.0
1629012,0022400858,1610612762,13.0,3.0,1.0,0.0,11.0,5.0,1.0,1.0
1642268,0022400858,1610612762,11.0,14.0,3.0,0.0,8.0,4.0,4.0,3.0
1641729,0022400858,1610612762,17.0,2.0,3.0,0.0,10.0,6.0,0.0,0.0
1642262,0022400858,1610612762,9.0,1.0,0.0,0.0,7.0,3.0,0.0,0.0
1641718,0022400858,1610612762,5.0,9.0,4.0,0.0,8.0,2.0,1.0,1.0
1630231,0022400858,1610612762,11.0,0.0,4.0,1.0,5.0,5.0,2.0,1.0
1642271,0022400858,1610612762,11.0,2.0,13.0,0.0,10.0,5.0,1.0,0.0
1630531,0022400858,1610612762,0.0,1.0,1.0,0.0,2.0,0.0,0.0,0.0
1630174,0022400854,1610612754,7.0,2.0,6.0,1.0,8.0,3.0,0.0,0.0
1627783,0022400854,1610612754,36.0,2.0,6.0,0.0,21.0,13.0,4.0,2.0
1626167,0022400854,1610612754,22.0,3.0,3.0,0.0,12.0,7.0,4.0,3.0
1629614,0022400854,1610612754,9.0,11.0,3.0,2.0,7.0,4.0,0.0,0.0
1630169,0022400854,1610612754,19.0,10.0,2.0,0.0,15.0,8.0,0.0,0.0
1630167,0022400854,1610612754,7.0,0.0,1.0,0.0,4.0,3.0,0.0,0.0
1628418,0022400854,1610612754,8.0,1.0,5.0,0.0,10.0,4.0,0.0,0.0
1641767,0022400854,1610612754,5.0,1.0,4.0,0.0,3.0,2.0,0.0,0.0
204456,0022400854,1610612754,7.0,5.0,0.0,0.0,8.0,3.0,0.0,0.0
1641716,0022400854,1610612754,0.0,0.0,0.0,0.0,0.0,0.0,0.0,0.0
1631170,0022400854,1610612748,11.0,1.0,4.0,0.0,4.0,4.0,2.0,2.0
1628389,0022400854,1610612748,18.0,7.0,7.0,0.0,14.0,8.0,0.0,0.0
1642276,0022400854,1610612748,8.0,0.0,12.0,0.0,3.0,2.0,4.0,4.0
1629639,0022400854,1610612748,29.0,7.0,3.0,1.0,25.0,11.0,5.0,4.0
1630558,0022400854,1610612748,10.0,8.0,3.0,1.0,7.0,3.0,2.0,2.0
1629130,0022400854,1610612748,20.0,5.0,2.0,0.0,10.0,8.0,0.0,0.0
1629312,0022400854,1610612748,9.0,1.0,3.0,2.0,6.0,4.0,0.0,0.0
203937,0022400854,1610612748,3.0,1.0,1.0,0.0,1.0,1.0,0.0,0.0
1626179,0022400854,1610612748,4.0,3.0,1.0,0.0,5.0,2.0,0.0,0.0
202692,0022400854,1610612748,13.0,1.0,3.0,0.0,9.0,5.0,0.0,0.0
1630651,2022400346,1612709933,0.0,2.0,4.0,1.0,4.0,0.0,0.0,0.0
1630929,2022400346,1612709933,23.0,3.0,15.0,0.0,16.0,9.0,4.0,1.0
1631376,2022400346,1612709933,8.0,2.0,6.0,1.0,5.0,4.0,0.0,0.0
1631121,2022400346,1612709933,37.0,1.0,3.0,3.0,23.0,13.0,7.0,5.0
1630310,2022400346,1612709933,17.0,3.0,2.0,0.0,20.0,7.0,1.0,0.0
1641941,2022400346,1612709933,2.0,3.0,5.0,0.0,3.0,1.0,0.0,0.0
1630812,2022400346,1612709933,12.0,2.0,10.0,1.0,10.0,5.0,2.0,1.0
1642412,2022400346,1612709933,0.0,4.0,3.0,0.0,1.0,0.0,0.0,0.0
1642568,2022400346,1612709933,11.0,1.0,5.0,0.0,6.0,3.0,1.0,1.0
1642473,2022400346,1612709934,14.0,2.0,7.0,1.0,9.0,5.0,1.0,0.0
1641779,2022400346,1612709934,11.0,2.0,5.0,1.0,8.0,3.0,2.0,2.0
1629603,2022400346,1612709934,17.0,4.0,11.0,2.0,16.0,6.0,2.0,2.0
1631455,2022400346,1612709934,13.0,5.0,4.0,0.0,16.0,5.0,4.0,1.0
204065,2022400346,1612709934,33.0,8.0,1.0,0.0,20.0,12.0,3.0,2.0
1628778,2022400346,1612709934,8.0,0.0,4.0,1.0,8.0,3.0,2.0,0.0
1642487,2022400346,1612709934,9.0,1.0,5.0,3.0,5.0,4.0,2.0,0.0
1630199,2022400346,1612709934,5.0,0.0,3.0,0.0,3.0,1.0,1.0,1.0
1630321,2022400346,1612709934,4.0,3.0,2.0,0.0,3.0,1.0,2.0,1.0
1630567,0022400855,1610612761,24.0,6.0,8.0,1.0,19.0,10.0,2.0,2.0
1629628,0022400855,1610612761,18.0,8.0,7.0,0.0,19.0,8.0,1.0,1.0
1627751,0022400855,1610612761,10.0,3.0,4.0,0.0,7.0,5.0,0.0,0.0
1641711,0022400855,1610612761,13.0,1.0,9.0,0.0,11.0,4.0,4.0,2.0
1630193,0022400855,1610612761,23.0,5.0,5.0,0.0,16.0,6.0,8.0,7.0
1630534,0022400855,1610612761,3.0,0.0,0.0,0.0,1.0,1.0,0.0,0.0
1642347,0022400855,1610612761,5.0,2.0,2.0,0.0,8.0,2.0,0.0,0.0
1631115,0022400855,1610612761,12.0,3.0,8.0,1.0,11.0,4.0,4.0,3.0
1642367,0022400855,1610612761,0.0,1.0,4.0,1.0,4.0,0.0,0.0,0.0
1642266,0022400855,1610612761,7.0,1.0,4.0,0.0,7.0,3.0,1.0,1.0
1628366,0022400855,1610612741,14.0,2.0,2.0,0.0,13.0,5.0,0.0,0.0
1641824,0022400855,1610612741,10.0,3.0,4.0,0.0,8.0,4.0,2.0,2.0
1628380,0022400855,1610612741,15.0,5.0,13.0,1.0,10.0,5.0,6.0,5.0
1629632,0022400855,1610612741,24.0,3.0,4.0,0.0,19.0,8.0,6.0,6.0
1630581,0022400855,1610612741,19.0,12.0,8.0,1.0,17.0,7.0,4.0,3.0
1628989,0022400855,1610612741,15.0,2.0,1.0,1.0,10.0,4.0,3.0,3.0
1630245,0022400855,1610612741,11.0,2.0,5.0,0.0,9.0,5.0,2.0,1.0
1641763,0022400855,1610612741,3.0,0.0,1.0,0.0,1.0,1.0,0.0,0.0
1630188,0022400855,1610612741,4.0,1.0,6.0,1.0,7.0,2.0,0.0,0.0
1631207,0022400855,1610612741,0.0,0.0,0.0,0.0,1.0,0.0,0.0,0.0
1630200,0022400855,1610612741,10.0,2.0,1.0,0.0,6.0,4.0,2.0,2.0
1629098,2022400340,1612709908,20,1,3,1,14,6,4,3
1631257,2022400340,1612709908,12,2,11,0,11,5,3,1
1642368,2022400340,1612709908,14,0,14,2,10,7,4,0
1641999,2022400340,1612709908,11,2,5,1,5,2,5,4
1630227,2022400340,1612709908,23,11,11,1,10,5,5,5
1642592,2022400340,1612709908,8,1,1,0,11,3,1,1
1642516,2022400340,1612709908,0,1,2,0,1,0,0,0
1629729,2022400340,1612709908,0,2,2,0,3,0,0,0
1642591,2022400340,1612709908,12,0,8,0,10,3,2,2
1630275,2022400340,1612709929,17,3,8,0,12,6,2,2
1630284,2022400340,1612709929,15,1,6,0,16,5,3,2
1641792,2022400340,1612709929,4,4,5,0,4,1,1,1
1631342,2022400340,1612709929,11,2,6,0,14,5,0,0
1642605,2022400340,1612709929,2,3,2,0,5,1,0,0
1642365,2022400340,1612709929,16,4,3,1,10,5,4,4
1641935,2022400340,1612709929,16,3,4,0,17,6,3,2
1641934,2022400340,1612709929,0,0,7,0,1,0,0,0
1641848,2022400340,1612709929,6,0,4,0,6,2,0,0
1642771,2022400340,1612709929,0,0,1,0,1,0,0,0
1631200,0022400853,1610612757,11.0,1.0,2.0,0.0,8.0,5.0,0.0,0.0
1641739,0022400853,1610612757,19.0,4.0,3.0,0.0,11.0,6.0,4.0,3.0
1642270,0022400853,1610612757,12.0,3.0,7.0,2.0,8.0,5.0,7.0,2.0
1631101,0022400853,1610612757,25.0,5.0,4.0,1.0,14.0,9.0,5.0,3.0
1629014,0022400853,1610612757,14.0,6.0,3.0,0.0,11.0,6.0,0.0,0.0
1630703,0022400853,1610612757,12.0,9.0,3.0,1.0,9.0,4.0,4.0,3.0
1631133,0022400853,1610612757,5.0,3.0,6.0,0.0,4.0,2.0,2.0,1.0
1630625,0022400853,1610612757,23.0,0.0,8.0,0.0,11.0,8.0,5.0,4.0
1641712,0022400853,1610612757,0.0,0.0,0.0,0.0,1.0,0.0,0.0,0.0
1631321,0022400853,1610612757,0.0,0.0,0.0,0.0,0.0,0.0,0.0,0.0
1641871,0022400853,1610612757,0.0,0.0,0.0,0.0,1.0,0.0,0.0,0.0
1629661,0022400853,1610612751,14.0,4.0,4.0,0.0,11.0,4.0,4.0,4.0
1630533,0022400853,1610612751,5.0,1.0,0.0,0.0,4.0,2.0,0.0,0.0
1629651,0022400853,1610612751,16.0,3.0,5.0,0.0,9.0,6.0,5.0,4.0
1630560,0022400853,1610612751,16.0,1.0,2.0,0.0,17.0,7.0,2.0,2.0
1630165,0022400853,1610612751,16.0,4.0,4.0,1.0,8.0,5.0,4.0,4.0
1630553,0022400853,1610612751,10.0,0.0,6.0,0.0,8.0,3.0,4.0,3.0
1630592,0022400853,1610612751,9.0,1.0,5.0,0.0,8.0,2.0,6.0,5.0
1631213,0022400853,1610612751,5.0,2.0,4.0,0.0,8.0,2.0,0.0,0.0
1630549,0022400853,1610612751,6.0,1.0,7.0,1.0,5.0,3.0,0.0,0.0
1630570,0022400853,1610612751,5.0,2.0,3.0,0.0,6.0,2.0,2.0,1.0
1641736,0022400853,1610612751,0.0,0.0,2.0,0.0,2.0,0.0,0.0,0.0
1641721,0022400853,1610612751,0.0,1.0,3.0,0.0,1.0,0.0,0.0,0.0
203933,2022400342,1612709919,17,2,1,0,13,6,1,1
1631210,2022400342,1612709919,24,1,6,1,17,8,4,2
1629643,2022400342,1612709919,28,4,6,2,17,9,3,3
1641830,2022400342,1612709919,4,1,9,2,6,2,1,0
1642486,2022400342,1612709919,6,5,3,0,11,3,1,0
1641755,2022400342,1612709919,0,3,2,1,6,0,0,0
1641924,2022400342,1612709919,9,2,5,1,9,3,0,0
1631499,2022400342,1612709919,6,0,2,0,5,3,0,0
1630733,2022400342,1612709919,9,3,1,1,6,3,1,1
1642028,2022400342,1612709919,0,0,0,0,1,0,0,0
1642070,2022400342,1612709919,0,0,0,0,0,0,0,0
1641749,2022400342,1612709922,16,3,8,1,17,7,1,0
1631301,2022400342,1612709922,17,5,11,1,16,6,3,3
1629617,2022400342,1612709922,27,1,10,1,14,9,3,3
1630640,2022400342,1612709922,28,2,3,0,14,8,3,3
1630585,2022400342,1612709922,12,6,5,0,6,3,3,3
1642045,2022400342,1612709922,6,2,6,0,3,3,0,0
1642531,2022400342,1612709922,10,3,6,1,11,5,0,0
1631474,2022400342,1612709922,12,9,5,0,7,4,1,1
1642072,2022400342,1612709922,4,0,2,0,2,2,0,0
1629652,0022400851,1610612760,20.0,1.0,4.0,0.0,13.0,7.0,0.0,0.0
1631114,0022400851,1610612760,20.0,8.0,5.0,0.0,16.0,6.0,4.0,4.0
1631096,0022400851,1610612760,7.0,3.0,4.0,0.0,8.0,3.0,2.0,1.0
1641717,0022400851,1610612760,8.0,4.0,3.0,0.0,9.0,4.0,0.0,0.0
1628983,0022400851,1610612760,31.0,5.0,3.0,0.0,23.0,12.0,4.0,4.0
1630198,0022400851,1610612760,12.0,0.0,0.0,0.0,8.0,4.0,0.0,0.0
1628392,0022400851,1610612760,13.0,6.0,10.0,1.0,8.0,6.0,2.0,1.0
1629026,0022400851,1610612760,5.0,5.0,4.0,0.0,4.0,2.0,0.0,0.0
1630598,0022400851,1610612760,13.0,2.0,6.0,0.0,10.0,5.0,0.0,0.0
1631119,0022400851,1610612760,3.0,3.0,4.0,0.0,1.0,1.0,0.0,0.0
1641745,0022400851,1610612760,3.0,0.0,0.0,0.0,1.0,1.0,0.0,0.0
1642258,0022400851,1610612737,12.0,2.0,9.0,0.0,10.0,4.0,4.0,2.0
1631243,0022400851,1610612737,2.0,0.0,1.0,2.0,2.0,1.0,0.0,0.0
1630168,0022400851,1610612737,23.0,2.0,13.0,1.0,12.0,9.0,4.0,4.0
1630700,0022400851,1610612737,10.0,3.0,4.0,2.0,10.0,5.0,2.0,0.0
1629027,0022400851,1610612737,19.0,12.0,3.0,0.0,14.0,5.0,7.0,7.0
1627777,0022400851,1610612737,14.0,2.0,4.0,0.0,12.0,4.0,4.0,3.0
1627747,0022400851,1610612737,23.0,3.0,3.0,0.0,16.0,9.0,2.0,2.0
1629611,0022400851,1610612737,13.0,3.0,5.0,0.0,9.0,5.0,0.0,0.0
203991,0022400851,1610612737,0.0,0.0,4.0,0.0,2.0,0.0,0.0,0.0
1631230,0022400851,1610612737,0.0,0.0,0.0,0.0,0.0,0.0,0.0,0.0
1630811,0022400851,1610612737,3.0,0.0,0.0,0.0,1.0,1.0,0.0,0.0
1628404,0022400856,1610612752,12.0,6.0,4.0,1.0,6.0,2.0,8.0,7.0
1628384,0022400856,1610612752,19.0,3.0,3.0,2.0,17.0,7.0,1.0,1.0
1626157,0022400856,1610612752,11.0,2.0,7.0,1.0,11.0,4.0,3.0,2.0
1628969,0022400856,1610612752,15.0,3.0,2.0,2.0,14.0,7.0,2.0,1.0
1628973,0022400856,1610612752,23.0,6.0,7.0,1.0,23.0,10.0,1.0,1.0
1629011,0022400856,1610612752,6.0,1.0,5.0,0.0,4.0,3.0,0.0,0.0
1630540,0022400856,1610612752,17.0,3.0,4.0,0.0,11.0,7.0,0.0,0.0
1629013,0022400856,1610612752,5.0,2.0,0.0,0.0,2.0,2.0,0.0,0.0
1630173,0022400856,1610612752,3.0,0.0,1.0,0.0,2.0,1.0,1.0,1.0
1626166,0022400856,1610612752,3.0,3.0,2.0,0.0,5.0,1.0,0.0,0.0
1642377,0022400856,1610612763,3.0,2.0,1.0,0.0,3.0,1.0,0.0,0.0
1628991,0022400856,1610612763,18.0,1.0,7.0,2.0,16.0,6.0,6.0,5.0
1641744,0022400856,1610612763,10.0,1.0,11.0,2.0,5.0,4.0,2.0,2.0
1630217,0022400856,1610612763,24.0,4.0,12.0,0.0,17.0,9.0,6.0,6.0
1629630,0022400856,1610612763,25.0,7.0,4.0,0.0,22.0,9.0,7.0,7.0
1631246,0022400856,1610612763,7.0,4.0,7.0,0.0,6.0,3.0,0.0,0.0
1629634,0022400856,1610612763,11.0,2.0,7.0,0.0,5.0,5.0,1.0,1.0
1630583,0022400856,1610612763,9.0,2.0,5.0,0.0,11.0,4.0,0.0,0.0
1630590,0022400856,1610612763,0.0,0.0,3.0,0.0,2.0,0.0,0.0,0.0
1628379,0022400856,1610612763,6.0,3.0,1.0,0.0,7.0,3.0,0.0,0.0
1642066,2022400343,1612709925,10.0,4.0,16.0,1.0,12.0,4.0,1.0,0.0
1641771,2022400343,1612709925,23.0,3.0,7.0,1.0,13.0,9.0,2.0,2.0
1630658,2022400343,1612709925,8.0,1.0,5.0,0.0,7.0,3.0,1.0,1.0
1631457,2022400343,1612709925,11.0,6.0,7.0,0.0,11.0,5.0,0.0,0.0
1630644,2022400343,1612709925,23.0,7.0,6.0,1.0,17.0,9.0,1.0,1.0
1629633,2022400343,1612709925,9.0,0.0,5.0,2.0,11.0,3.0,2.0,2.0
1642235,2022400343,1612709925,9.0,3.0,3.0,0.0,5.0,4.0,0.0,0.0
1626217,2022400343,1612709925,10.0,1.0,13.0,4.0,7.0,4.0,1.0,1.0
1630606,2022400343,1612709925,20.0,4.0,5.0,0.0,17.0,7.0,1.0,1.0
1641918,2022400343,1612709925,2.0,0.0,2.0,0.0,1.0,1.0,0.0,0.0
1631211,2022400343,1612709911,15.0,2.0,3.0,0.0,20.0,6.0,2.0,0.0
1630705,2022400343,1612709911,8.0,1.0,6.0,1.0,11.0,4.0,0.0,0.0
1642558,2022400343,1612709911,13.0,1.0,13.0,3.0,9.0,6.0,1.0,0.0
1630219,2022400343,1612709911,4.0,7.0,0.0,0.0,11.0,1.0,2.0,2.0
1630538,2022400343,1612709911,28.0,5.0,4.0,1.0,19.0,8.0,3.0,2.0
1642554,2022400343,1612709911,17.0,3.0,2.0,0.0,13.0,6.0,3.0,2.0
1641526,2022400343,1612709911,4.0,2.0,5.0,1.0,6.0,2.0,0.0,0.0
1642442,2022400343,1612709911,0.0,0.0,2.0,0.0,4.0,0.0,1.0,0.0
1642475,2022400343,1612709911,12.0,0.0,5.0,0.0,8.0,5.0,1.0,1.0
1641734,2022400341,1612709893,17.0,1.0,4.0,0.0,16.0,6.0,1.0,1.0
1631247,2022400341,1612709893,15.0,8.0,14.0,0.0,19.0,7.0,1.0,0.0
1630550,2022400341,1612709893,17.0,2.0,5.0,0.0,12.0,6.0,4.0,3.0
1630190,2022400341,1612709893,26.0,0.0,6.0,0.0,15.0,8.0,2.0,2.0
1642468,2022400341,1612709893,2.0,2.0,4.0,0.0,7.0,1.0,0.0,0.0
1630624,2022400341,1612709893,11.0,3.0,8.0,1.0,8.0,4.0,2.0,2.0
1631262,2022400341,1612709893,15.0,3.0,0.0,0.0,9.0,4.0,2.0,2.0
1631449,2022400341,1612709893,12.0,2.0,7.0,2.0,7.0,6.0,0.0,0.0
1631395,2022400341,1612709893,0.0,0.0,1.0,0.0,0.0,0.0,0.0,0.0
1641725,2022400341,1612709917,29.0,6.0,2.0,1.0,24.0,11.0,2.0,1.0
1642440,2022400341,1612709917,13.0,4.0,11.0,1.0,13.0,6.0,0.0,0.0
1641777,2022400341,1612709917,15.0,2.0,16.0,2.0,6.0,5.0,7.0,3.0
1641847,2022400341,1612709917,0.0,2.0,1.0,0.0,6.0,0.0,0.0,0.0
1642019,2022400341,1612709917,22.0,6.0,6.0,2.0,16.0,8.0,2.0,2.0
1641856,2022400341,1612709917,22.0,5.0,7.0,0.0,19.0,9.0,0.0,0.0
1642444,2022400341,1612709917,14.0,2.0,5.0,0.0,11.0,6.0,0.0,0.0
1642595,2022400341,1612709917,0.0,2.0,0.0,0.0,1.0,0.0,0.0,0.0
1642597,2022400341,1612709917,8.0,0.0,3.0,0.0,3.0,3.0,1.0,1.0
1631197,2022400344,1612709920,20.0,1.0,9.0,0.0,17.0,8.0,2.0,2.0
1630647,2022400344,1612709920,23.0,5.0,6.0,0.0,10.0,7.0,7.0,4.0
1626163,2022400344,1612709920,14.0,3.0,10.0,0.0,13.0,6.0,1.0,0.0
1630639,2022400344,1612709920,15.0,4.0,2.0,1.0,10.0,6.0,1.0,1.0
1631407,2022400344,1612709920,12.0,9.0,0.0,0.0,7.0,5.0,0.0,0.0
1629718,2022400344,1612709920,5.0,1.0,4.0,1.0,7.0,2.0,0.0,0.0
1630663,2022400344,1612709920,6.0,0.0,1.0,0.0,5.0,2.0,2.0,1.0
1631113,2022400344,1612709920,9.0,2.0,2.0,0.0,9.0,4.0,0.0,0.0
1642615,2022400344,1612709920,0.0,1.0,2.0,0.0,1.0,0.0,0.0,0.0
1642465,2022400344,1612709920,0.0,0.0,0.0,0.0,0.0,0.0,0.0,0.0
1630649,2022400344,1612709927,33.0,3.0,3.0,0.0,17.0,11.0,3.0,2.0
1627740,2022400344,1612709927,21.0,7.0,8.0,2.0,14.0,8.0,2.0,2.0
1630641,2022400344,1612709927,10.0,0.0,8.0,4.0,8.0,5.0,0.0,0.0
1629808,2022400344,1612709927,22.0,6.0,9.0,0.0,15.0,8.0,3.0,2.0
1631231,2022400344,1612709927,20.0,11.0,6.0,0.0,16.0,7.0,3.0,3.0
1642520,2022400344,1612709927,2.0,2.0,3.0,0.0,3.0,1.0,0.0,0.0
1630278,2022400344,1612709927,10.0,3.0,3.0,1.0,11.0,4.0,1.0,0.0
1642500,2022400344,1612709927,0.0,1.0,1.0,0.0,1.0,0.0,0.0,0.0
1627884,0022400859,1610612746,8.0,1.0,4.0,0.0,7.0,3.0,0.0,0.0
202695,0022400859,1610612746,21.0,3.0,4.0,0.0,17.0,8.0,6.0,2.0
1627826,0022400859,1610612746,27.0,0.0,16.0,1.0,15.0,13.0,2.0,1.0
1627739,0022400859,1610612746,14.0,6.0,9.0,0.0,9.0,6.0,0.0,0.0
201935,0022400859,1610612746,18.0,9.0,7.0,0.0,22.0,5.0,7.0,7.0
203992,0022400859,1610612746,6.0,1.0,0.0,0.0,8.0,2.0,2.0,1.0
1629599,0022400859,1610612746,4.0,2.0,1.0,0.0,7.0,1.0,2.0,2.0
1627732,0022400859,1610612746,2.0,3.0,3.0,0.0,1.0,1.0,0.0,0.0
201587,0022400859,1610612746,2.0,0.0,0.0,0.0,1.0,0.0,2.0,2.0
1627827,0022400859,1610612747,7.0,3.0,5.0,0.0,6.0,3.0,0.0,0.0
2544,0022400859,1610612747,28.0,3.0,13.0,0.0,21.0,12.0,3.0,2.0
1629637,0022400859,1610612747,5.0,2.0,1.0,2.0,3.0,2.0,2.0,1.0
1630559,0022400859,1610612747,6.0,0.0,0.0,1.0,4.0,2.0,0.0,0.0
1629029,0022400859,1610612747,31.0,5.0,2.0,0.0,22.0,9.0,11.0,10.0
1641998,0022400859,1610612747,5.0,0.0,6.0,1.0,3.0,2.0,2.0,1.0
1629020,0022400859,1610612747,3.0,0.0,5.0,0.0,1.0,0.0,4.0,3.0
1629216,0022400859,1610612747,7.0,3.0,1.0,1.0,7.0,3.0,0.0,0.0
1630692,0022400859,1610612747,6.0,2.0,5.0,0.0,7.0,3.0,0.0,0.0
1642261,0022400859,1610612747,8.0,1.0,1.0,0.0,6.0,3.0,0.0,0.0
1630207,2022400347,1612709926,16,7,11,0,11,6,1,1
1641936,2022400347,1612709926,15,1,3,0,17,6,0,0
1630654,2022400347,1612709926,34,3,26,0,22,13,5,4
1641869,2022400347,1612709926,16,2,8,0,13,7,2,1
1630569,2022400347,1612709926,12,9,4,0,17,5,2,1
1630525,2022400347,1612709926,7,5,4,0,8,2,2,1
1641970,2022400347,1612709926,10,0,2,2,7,4,1,0
1641938,2022400347,1612709926,2,0,2,0,4,1,1,0
1642492,2022400347,1612709926,3,1,0,0,1,1,0,0
1629666,2022400347,1612709926,0,0,0,0,1,0,0,0
1642396,2022400347,1612709902,25,2,5,0,16,8,4,3
1642050,2022400347,1612709902,7,2,5,0,5,3,0,0
1642679,2022400347,1612709902,8,1,10,2,6,4,0,0
1641881,2022400347,1612709902,21,2,4,1,19,7,2,1
1641879,2022400347,1612709902,16,14,5,0,17,6,2,2
1642651,2022400347,1612709902,13,5,1,0,8,4,2,2
1642429,2022400347,1612709902,15,0,7,0,16,6,3,0
1630721,2022400347,1612709902,4,2,4,0,4,1,1,1
1642631,2022400347,1612709902,0,1,8,1,1,0,0,0
1642764,2022400347,1612709902,0,0,1,0,0,0,0,0
1630530,0022400857,1610612740,10.0,8.0,3.0,1.0,8.0,3.0,2.0,2.0
203482,0022400857,1610612740,11.0,5.0,7.0,0.0,10.0,5.0,0.0,0.0
1642274,0022400857,1610612740,24.0,1.0,5.0,1.0,14.0,11.0,3.0,2.0
1641722,0022400857,1610612740,24.0,4.0,2.0,1.0,17.0,10.0,2.0,1.0
1628971,0022400857,1610612740,10.0,3.0,4.0,0.0,10.0,4.0,2.0,1.0
1630631,0022400857,1610612740,3.0,4.0,5.0,0.0,6.0,1.0,2.0,1.0
1631255,0022400857,1610612740,2.0,1.0,5.0,0.0,8.0,1.0,0.0,0.0
1641810,0022400857,1610612740,11.0,1.0,2.0,0.0,7.0,4.0,1.0,1.0
1630526,0022400857,1610612740,9.0,0.0,1.0,0.0,5.0,4.0,1.0,0.0
1631288,0022400857,1610612740,4.0,1.0,1.0,0.0,2.0,1.0,2.0,1.0
201142,0022400857,1610612756,17.0,6.0,2.0,0.0,10.0,7.0,1.0,1.0
1629626,0022400857,1610612756,25.0,2.0,3.0,2.0,12.0,9.0,2.0,2.0
1630208,0022400857,1610612756,19.0,2.0,12.0,1.0,11.0,8.0,4.0,3.0
1626164,0022400857,1610612756,17.0,9.0,0.0,0.0,13.0,6.0,2.0,2.0
1626145,0022400857,1610612756,9.0,6.0,1.0,0.0,11.0,3.0,0.0,0.0
203486,0022400857,1610612756,6.0,3.0,9.0,0.0,5.0,2.0,2.0,2.0
1626220,0022400857,1610612756,18.0,3.0,3.0,0.0,9.0,6.0,0.0,0.0
1631221,0022400857,1610612756,9.0,4.0,2.0,0.0,5.0,4.0,0.0,0.0
1642346,0022400857,1610612756,5.0,0.0,2.0,0.0,2.0,2.0,2.0,0.0
1642345,0022400857,1610612756,0.0,0.0,1.0,0.0,0.0,0.0,0.0,0.0
1631102,0022400857,1610612756,0.0,0.0,0.0,0.0,1.0,0.0,0.0,0.0
1629622,0022400852,1610612739,2.0,2.0,4.0,0.0,3.0,1.0,0.0,0.0
1630596,0022400852,1610612739,17.0,3.0,12.0,1.0,12.0,6.0,4.0,3.0
1628386,0022400852,1610612739,10.0,1.0,4.0,0.0,4.0,4.0,2.0,2.0
1628378,0022400852,1610612739,41.0,5.0,3.0,0.0,26.0,13.0,11.0,10.0
1629636,0022400852,1610612739,20.0,7.0,3.0,0.0,23.0,9.0,0.0,0.0
1629660,0022400852,1610612739,8.0,3.0,4.0,0.0,10.0,3.0,0.0,0.0
1629631,0022400852,1610612739,12.0,1.0,5.0,1.0,6.0,4.0,2.0,1.0
1630241,0022400852,1610612739,3.0,0.0,3.0,0.0,1.0,1.0,0.0,0.0
1629731,0022400852,1610612739,5.0,1.0,3.0,0.0,5.0,2.0,0.0,0.0
1630171,0022400852,1610612739,5.0,0.0,3.0,1.0,4.0,2.0,0.0,0.0
1630573,0022400852,1610612738,6.0,1.0,6.0,0.0,8.0,2.0,0.0,0.0
1628369,0022400852,1610612738,46.0,9.0,16.0,3.0,37.0,19.0,5.0,4.0
201143,0022400852,1610612738,5.0,2.0,7.0,0.0,4.0,2.0,0.0,0.0
1627759,0022400852,1610612738,37.0,2.0,5.0,0.0,24.0,13.0,10.0,7.0
1628401,0022400852,1610612738,16.0,5.0,1.0,0.0,12.0,5.0,2.0,2.0
1628436,0022400852,1610612738,0.0,0.0,5.0,2.0,0.0,0.0,0.0,0.0
1630202,0022400852,1610612738,6.0,1.0,0.0,0.0,4.0,2.0,0.0,0.0
1641809,0022400852,1610612738,0.0,0.0,0.0,0.0,0.0,0.0,0.0,0.0
1628470,0022400852,1610612738,0.0,0.0,0.0,0.0,0.0,0.0,0.0,0.0
1630192,0022400850,1610612743,8.0,2.0,2.0,3.0,2.0,2.0,4.0,2.0
1629008,0022400850,1610612743,28.0,1.0,9.0,0.0,15.0,10.0,2.0,2.0
203999,0022400850,1610612743,23.0,15.0,17.0,2.0,12.0,6.0,12.0,11.0
1631128,0022400850,1610612743,23.0,2.0,6.0,1.0,14.0,10.0,1.0,1.0
1627750,0022400850,1610612743,31.0,4.0,3.0,1.0,22.0,10.0,7.0,6.0
201566,0022400850,1610612743,8.0,2.0,4.0,1.0,7.0,3.0,2.0,1.0
1631124,0022400850,1610612743,6.0,1.0,1.0,0.0,7.0,3.0,1.0,0.0
201599,0022400850,1610612743,4.0,0.0,6.0,0.0,3.0,2.0,2.0,0.0
1629618,0022400850,1610612743,0.0,1.0,1.0,0.0,0.0,0.0,0.0,0.0
203967,0022400850,1610612743,3.0,0.0,0.0,0.0,2.0,1.0,0.0,0.0
1641816,0022400850,1610612743,0.0,0.0,0.0,0.0,0.0,0.0,0.0,0.0
1642461,0022400850,1610612743,0.0,0.0,1.0,0.0,0.0,0.0,0.0,0.0
1641709,0022400850,1610612765,13.0,5.0,4.0,0.0,11.0,6.0,2.0,1.0
202699,0022400850,1610612765,12.0,3.0,2.0,0.0,10.0,5.0,0.0,0.0
1631105,0022400850,1610612765,8.0,2.0,8.0,0.0,5.0,3.0,4.0,2.0
203501,0022400850,1610612765,10.0,2.0,1.0,0.0,11.0,4.0,1.0,1.0
1630595,0022400850,1610612765,11.0,5.0,3.0,0.0,12.0,3.0,5.0,5.0
1630191,0022400850,1610612765,7.0,0.0,5.0,2.0,2.0,2.0,4.0,2.0
1627736,0022400850,1610612765,16.0,3.0,4.0,0.0,18.0,6.0,0.0,0.0
203471,0022400850,1610612765,8.0,7.0,6.0,0.0,7.0,3.0,0.0,0.0
1631323,0022400850,1610612765,12.0,0.0,0.0,0.0,7.0,4.0,4.0,3.0
1641842,0022400850,1610612765,8.0,1.0,4.0,1.0,5.0,3.0,2.0,2.0
1630194,0022400850,1610612765,8.0,2.0,4.0,0.0,6.0,4.0,0.0,0.0
1641752,0022400850,1610612765,0.0,0.0,1.0,0.0,0.0,0.0,0.0,0.0
1630322,0022400850,1610612765,0.0,0.0,0.0,0.0,2.0,0.0,0.0,0.0
1631204,0022400850,1610612765,6.0,2.0,0.0,0.0,3.0,2.0,1.0,1.0
1630182,0022400847,1610612766,7.0,2.0,2.0,0.0,6.0,2.0,2.0,1.0
1628970,0022400847,1610612766,20.0,6.0,12.0,1.0,24.0,9.0,0.0,0.0
1631109,0022400847,1610612766,26.0,3.0,16.0,1.0,18.0,10.0,7.0,6.0
1641733,0022400847,1610612766,12.0,7.0,3.0,0.0,14.0,5.0,0.0,0.0
1642354,0022400847,1610612766,11.0,5.0,4.0,0.0,10.0,5.0,0.0,0.0
201959,0022400847,1610612766,4.0,0.0,1.0,0.0,2.0,2.0,0.0,0.0
1641878,0022400847,1610612766,2.0,2.0,2.0,0.0,8.0,1.0,0.0,0.0
1629610,0022400847,1610612766,6.0,0.0,8.0,0.0,8.0,2.0,2.0,2.0
203552,0022400847,1610612766,0.0,0.0,2.0,0.0,1.0,0.0,1.0,0.0
1631217,0022400847,1610612766,8.0,0.0,6.0,0.0,7.0,4.0,1.0,0.0
202691,0022400847,1610612742,18.0,0.0,2.0,2.0,12.0,6.0,3.0,2.0
1630230,0022400847,1610612742,3.0,6.0,9.0,0.0,11.0,1.0,2.0,1.0
1629650,0022400847,1610612742,20.0,0.0,11.0,2.0,14.0,9.0,3.0,2.0
1631108,0022400847,1610612742,8.0,4.0,4.0,0.0,8.0,3.0,0.0,0.0
202681,0022400847,1610612742,25.0,5.0,9.0,2.0,24.0,11.0,1.0,1.0
203957,0022400847,1610612742,12.0,3.0,3.0,1.0,4.0,3.0,5.0,5.0
203915,0022400847,1610612742,8.0,2.0,2.0,0.0,9.0,3.0,2.0,1.0
1641765,0022400847,1610612742,0.0,0.0,1.0,0.0,3.0,0.0,0.0,0.0
1630556,0022400847,1610612742,3.0,0.0,1.0,0.0,4.0,1.0,0.0,0.0
203939,0022400847,1610612742,6.0,3.0,6.0,0.0,6.0,3.0,0.0,0.0
1630702,0022400847,1610612742,0.0,0.0,0.0,0.0,2.0,0.0,0.0,0.0
1629627,0022400848,1610612740,27.0,11.0,10.0,2.0,17.0,13.0,4.0,1.0
1631255,0022400848,1610612740,17.0,1.0,10.0,0.0,13.0,7.0,0.0,0.0
1642274,0022400848,1610612740,11.0,1.0,10.0,0.0,11.0,5.0,3.0,1.0
1630530,0022400848,1610612740,18.0,1.0,4.0,1.0,18.0,6.0,1.0,1.0
203468,0022400848,1610612740,19.0,2.0,4.0,0.0,18.0,7.0,2.0,2.0
1641722,0022400848,1610612740,10.0,3.0,5.0,2.0,9.0,4.0,0.0,0.0
1630526,0022400848,1610612740,5.0,1.0,6.0,1.0,5.0,2.0,0.0,0.0
1630631,0022400848,1610612740,14.0,5.0,1.0,0.0,9.0,5.0,2.0,2.0
1631288,0022400848,1610612740,3.0,0.0,0.0,0.0,4.0,1.0,0.0,0.0
201142,0022400848,1610612756,28.0,2.0,5.0,1.0,23.0,12.0,0.0,0.0
1629626,0022400848,1610612756,15.0,1.0,6.0,2.0,10.0,6.0,0.0,0.0
1630208,0022400848,1610612756,10.0,2.0,16.0,1.0,6.0,5.0,0.0,0.0
1626164,0022400848,1610612756,36.0,9.0,7.0,0.0,29.0,13.0,4.0,4.0
1626145,0022400848,1610612756,15.0,12.0,5.0,0.0,7.0,5.0,0.0,0.0
203486,0022400848,1610612756,4.0,0.0,8.0,1.0,1.0,1.0,4.0,2.0
1626220,0022400848,1610612756,6.0,0.0,1.0,0.0,3.0,2.0,0.0,0.0
1628960,0022400848,1610612756,0.0,2.0,1.0,0.0,7.0,0.0,0.0,0.0
1631221,0022400848,1610612756,2.0,1.0,1.0,0.0,2.0,0.0,2.0,2.0
1642346,0022400848,1610612756,0.0,0.0,2.0,1.0,5.0,0.0,0.0,0.0
1631102,0022400848,1610612756,0.0,0.0,0.0,0.0,1.0,0.0,0.0,0.0
1631311,2022400338,1612709913,19.0,2.0,10.0,0.0,19.0,6.0,5.0,4.0
1631232,2022400338,1612709913,17.0,3.0,5.0,3.0,17.0,7.0,2.0,1.0
1642490,2022400338,1612709913,19.0,7.0,12.0,5.0,10.0,6.0,4.0,4.0
1631167,2022400338,1612709913,24.0,3.0,6.0,0.0,16.0,9.0,2.0,1.0
1630622,2022400338,1612709913,10.0,7.0,3.0,1.0,11.0,3.0,1.0,1.0
1628387,2022400338,1612709913,9.0,0.0,7.0,3.0,3.0,3.0,2.0,2.0
1630342,2022400338,1612709913,2.0,2.0,1.0,1.0,4.0,1.0,0.0,0.0
1629955,2022400338,1612709913,0.0,1.0,0.0,1.0,2.0,0.0,0.0,0.0
1641801,2022400338,1612709923,9.0,1.0,4.0,2.0,12.0,4.0,0.0,0.0
1630604,2022400338,1612709923,10.0,6.0,8.0,2.0,10.0,4.0,1.0,0.0
1641987,2022400338,1612709923,8.0,6.0,12.0,3.0,8.0,4.0,0.0,0.0
1631160,2022400338,1612709923,23.0,3.0,6.0,1.0,18.0,10.0,0.0,0.0
1642443,2022400338,1612709923,13.0,5.0,7.0,0.0,15.0,5.0,2.0,2.0
1631241,2022400338,1612709923,20.0,2.0,8.0,0.0,18.0,7.0,2.0,1.0
1642549,2022400338,1612709923,4.0,3.0,2.0,1.0,9.0,2.0,0.0,0.0
1631408,2022400338,1612709923,11.0,2.0,1.0,1.0,7.0,5.0,0.0,0.0
1642038,2022400338,1612709923,0.0,0.0,4.0,0.0,3.0,0.0,0.0,0.0
1630318,2022400338,1612709923,4.0,1.0,0.0,1.0,1.0,1.0,1.0,1.0
1629751,2022400339,1612709910,32.0,6.0,8.0,1.0,14.0,9.0,3.0,3.0
1630787,2022400339,1612709910,16.0,2.0,7.0,1.0,17.0,6.0,1.0,1.0
1626143,2022400339,1612709910,10.0,4.0,16.0,0.0,12.0,5.0,0.0,0.0
1630667,2022400339,1612709910,11.0,6.0,1.0,1.0,14.0,4.0,1.0,0.0
1642027,2022400339,1612709910,12.0,1.0,2.0,1.0,8.0,5.0,1.0,0.0
1630750,2022400339,1612709910,8.0,2.0,0.0,1.0,6.0,3.0,1.0,1.0
1631249,2022400339,1612709910,5.0,2.0,0.0,0.0,8.0,2.0,0.0,0.0
1631497,2022400339,1612709910,6.0,2.0,7.0,0.0,8.0,3.0,0.0,0.0
1627208,2022400339,1612709910,0.0,1.0,0.0,0.0,1.0,0.0,0.0,0.0
1641757,2022400339,1612709924,26.0,1.0,5.0,1.0,10.0,7.0,8.0,7.0
1630296,2022400339,1612709924,14.0,1.0,12.0,1.0,11.0,5.0,2.0,2.0
1630539,2022400339,1612709924,10.0,4.0,13.0,3.0,6.0,5.0,0.0,0.0
1642353,2022400339,1612709924,19.0,2.0,3.0,0.0,17.0,7.0,2.0,1.0
1630618,2022400339,1612709924,6.0,3.0,4.0,0.0,8.0,1.0,2.0,2.0
1631116,2022400339,1612709924,15.0,1.0,11.0,3.0,15.0,6.0,0.0,0.0
1642409,2022400339,1612709924,14.0,3.0,3.0,0.0,12.0,4.0,5.0,4.0
1642584,2022400339,1612709924,0.0,1.0,3.0,0.0,1.0,0.0,0.0,0.0
1631286,2022400339,1612709924,6.0,0.0,2.0,1.0,7.0,3.0,0.0,0.0
1629008,0022400846,1610612743,12.0,3.0,10.0,0.0,22.0,5.0,0.0,0.0
203932,0022400846,1610612743,9.0,2.0,5.0,1.0,13.0,4.0,0.0,0.0
203999,0022400846,1610612743,32.0,10.0,14.0,0.0,16.0,13.0,7.0,5.0
1631128,0022400846,1610612743,13.0,3.0,10.0,0.0,11.0,5.0,3.0,3.0
1627750,0022400846,1610612743,20.0,5.0,3.0,0.0,20.0,9.0,0.0,0.0
201566,0022400846,1610612743,10.0,5.0,6.0,0.0,13.0,4.0,1.0,1.0
1630192,0022400846,1610612743,2.0,0.0,2.0,1.0,1.0,1.0,0.0,0.0
1631124,0022400846,1610612743,12.0,0.0,0.0,0.0,8.0,5.0,0.0,0.0
201599,0022400846,1610612743,2.0,0.0,5.0,0.0,1.0,1.0,0.0,0.0
1628398,0022400846,1610612749,16.0,5.0,9.0,2.0,15.0,5.0,6.0,5.0
203507,0022400846,1610612749,28.0,7.0,19.0,1.0,23.0,11.0,8.0,5.0
201572,0022400846,1610612749,22.0,3.0,4.0,1.0,16.0,7.0,8.0,7.0
1627752,0022400846,1610612749,10.0,1.0,4.0,0.0,7.0,4.0,0.0,0.0
203081,0022400846,1610612749,19.0,4.0,4.0,0.0,9.0,5.0,6.0,6.0
1631260,0022400846,1610612749,6.0,2.0,1.0,0.0,4.0,2.0,0.0,0.0
1629018,0022400846,1610612749,15.0,1.0,2.0,0.0,8.0,6.0,0.0,0.0
1629645,0022400846,1610612749,3.0,2.0,1.0,0.0,4.0,1.0,0.0,0.0
1630579,0022400846,1610612749,2.0,0.0,4.0,0.0,4.0,1.0,0.0,0.0
1641740,0022400849,1610612750,3.0,0.0,0.0,0.0,3.0,1.0,0.0,0.0
1630183,0022400849,1610612750,15.0,1.0,8.0,0.0,18.0,6.0,3.0,2.0
1629675,0022400849,1610612750,3.0,2.0,12.0,0.0,10.0,1.0,2.0,1.0
1630162,0022400849,1610612750,18.0,5.0,6.0,0.0,12.0,6.0,4.0,4.0
201144,0022400849,1610612750,10.0,4.0,1.0,1.0,5.0,3.0,2.0,2.0
1628978,0022400849,1610612750,9.0,6.0,5.0,0.0,6.0,3.0,0.0,0.0
1629638,0022400849,1610612750,14.0,2.0,2.0,1.0,10.0,4.0,7.0,4.0
1630545,0022400849,1610612750,25.0,2.0,5.0,0.0,15.0,9.0,6.0,6.0
1642265,0022400849,1610612750,4.0,2.0,1.0,0.0,5.0,2.0,0.0,0.0
1630568,0022400849,1610612750,1.0,1.0,1.0,1.0,0.0,0.0,2.0,1.0
1629060,0022400849,1610612747,5.0,2.0,3.0,0.0,6.0,2.0,0.0,0.0
2544,0022400849,1610612747,33.0,6.0,17.0,1.0,21.0,11.0,10.0,7.0
1629637,0022400849,1610612747,10.0,0.0,7.0,1.0,5.0,3.0,6.0,4.0
1630559,0022400849,1610612747,23.0,5.0,6.0,0.0,10.0,5.0,12.0,11.0
1629029,0022400849,1610612747,21.0,5.0,13.0,0.0,20.0,6.0,12.0,8.0
1627827,0022400849,1610612747,3.0,1.0,1.0,0.0,4.0,1.0,0.0,0.0
1629216,0022400849,1610612747,4.0,0.0,1.0,0.0,6.0,1.0,2.0,2.0
1629020,0022400849,1610612747,5.0,1.0,2.0,0.0,3.0,2.0,2.0,0.0
1630692,0022400849,1610612747,7.0,1.0,1.0,0.0,5.0,3.0,0.0,0.0
1642261,0022400849,1610612747,0.0,0.0,1.0,0.0,2.0,0.0,2.0,0.0
202710,0022400845,1610612744,5.0,7.0,4.0,1.0,7.0,1.0,4.0,3.0
1630541,0022400845,1610612744,10.0,0.0,1.0,1.0,5.0,1.0,7.0,7.0
203110,0022400845,1610612744,12.0,4.0,10.0,0.0,8.0,3.0,7.0,5.0
1641764,0022400845,1610612744,8.0,7.0,4.0,2.0,12.0,3.0,0.0,0.0
201939,0022400845,1610612744,56.0,3.0,4.0,0.0,25.0,16.0,12.0,12.0
1627741,0022400845,1610612744,3.0,2.0,1.0,1.0,5.0,1.0,0.0,0.0
1627780,0022400845,1610612744,5.0,1.0,1.0,1.0,3.0,2.0,2.0,1.0
1626172,0022400845,1610612744,0.0,1.0,7.0,0.0,0.0,0.0,0.0,0.0
1630611,0022400845,1610612744,2.0,0.0,0.0,0.0,2.0,1.0,0.0,0.0
1642366,0022400845,1610612744,18.0,1.0,5.0,1.0,9.0,7.0,2.0,2.0
1628995,0022400845,1610612744,2.0,0.0,1.0,0.0,3.0,1.0,0.0,0.0
1630532,0022400845,1610612753,27.0,4.0,2.0,0.0,22.0,11.0,5.0,4.0
1631094,0022400845,1610612753,41.0,5.0,6.0,0.0,27.0,16.0,8.0,5.0
1628976,0022400845,1610612753,9.0,4.0,14.0,0.0,8.0,4.0,0.0,0.0
203484,0022400845,1610612753,0.0,1.0,2.0,1.0,3.0,0.0,0.0,0.0
1630175,0022400845,1610612753,11.0,4.0,7.0,3.0,6.0,3.0,4.0,4.0
1641724,0022400845,1610612753,6.0,1.0,1.0,0.0,4.0,2.0,0.0,0.0
1629048,0022400845,1610612753,7.0,1.0,5.0,0.0,3.0,3.0,1.0,1.0
1641710,0022400845,1610612753,5.0,2.0,2.0,0.0,10.0,2.0,0.0,0.0
1628371,0022400845,1610612753,7.0,1.0,7.0,0.0,5.0,3.0,0.0,0.0
1641783,0022400845,1610612753,2.0,0.0,0.0,0.0,1.0,1.0,0.0,0.0
1629052,2022400336,1612709921,15.0,2.0,4.0,0.0,11.0,4.0,3.0,2.0
1631112,2022400336,1612709921,16.0,0.0,8.0,1.0,9.0,7.0,1.0,0.0
1631166,2022400336,1612709921,14.0,6.0,5.0,0.0,12.0,4.0,3.0,3.0
1630623,2022400336,1612709921,34.0,2.0,5.0,0.0,21.0,13.0,2.0,1.0
1642011,2022400336,1612709921,17.0,10.0,4.0,0.0,10.0,8.0,1.0,0.0
1630286,2022400336,1612709921,9.0,3.0,3.0,1.0,10.0,4.0,1.0,0.0
1642378,2022400336,1612709921,14.0,2.0,2.0,0.0,14.0,6.0,1.0,1.0
1642573,2022400336,1612709921,2.0,1.0,1.0,0.0,0.0,0.0,1.0,1.0
1641893,2022400336,1612709921,0.0,0.0,0.0,0.0,0.0,0.0,0.0,0.0
1630561,2022400336,1612709890,11.0,3.0,4.0,1.0,13.0,4.0,3.0,1.0
1631127,2022400336,1612709890,17.0,3.0,5.0,0.0,9.0,6.0,3.0,2.0
1642563,2022400336,1612709890,14.0,0.0,10.0,0.0,7.0,7.0,1.0,0.0
1631123,2022400336,1612709890,27.0,5.0,7.0,2.0,22.0,12.0,0.0,0.0
1630201,2022400336,1612709890,30.0,8.0,9.0,1.0,25.0,12.0,4.0,2.0
1642496,2022400336,1612709890,2.0,0.0,2.0,3.0,2.0,1.0,0.0,0.0
1642392,2022400336,1612709890,7.0,2.0,1.0,0.0,5.0,3.0,0.0,0.0
1642755,2022400336,1612709890,10.0,2.0,2.0,0.0,5.0,4.0,0.0,0.0
1641988,2022400336,1612709890,6.0,0.0,0.0,0.0,5.0,2.0,0.0,0.0
1642562,2022400337,1612709918,6.0,3.0,1.0,0.0,5.0,3.0,0.0,0.0
1641986,2022400337,1612709918,15.0,2.0,4.0,3.0,13.0,6.0,0.0,0.0
1642499,2022400337,1612709918,14.0,3.0,16.0,2.0,10.0,7.0,0.0,0.0
1642480,2022400337,1612709918,15.0,4.0,1.0,2.0,13.0,4.0,3.0,3.0
1641789,2022400337,1612709918,24.0,13.0,1.0,0.0,20.0,10.0,1.0,1.0
1641920,2022400337,1612709918,0.0,2.0,1.0,0.0,6.0,0.0,0.0,0.0
1630762,2022400337,1612709918,12.0,2.0,3.0,1.0,12.0,6.0,1.0,0.0
1642481,2022400337,1612709918,4.0,0.0,0.0,2.0,4.0,2.0,0.0,0.0
1629015,2022400337,1612709918,17.0,2.0,1.0,0.0,10.0,6.0,1.0,1.0
1629642,2022400337,1612709904,24.0,6.0,9.0,2.0,17.0,10.0,3.0,2.0
1642352,2022400337,1612709904,16.0,5.0,13.0,0.0,12.0,6.0,1.0,1.0
1642013,2022400337,1612709904,25.0,2.0,14.0,4.0,20.0,10.0,2.0,1.0
1631214,2022400337,1612709904,18.0,2.0,9.0,0.0,13.0,8.0,3.0,1.0
1641815,2022400337,1612709904,13.0,4.0,1.0,0.0,5.0,3.0,4.0,4.0
1630528,2022400337,1612709904,17.0,4.0,5.0,2.0,12.0,5.0,3.0,3.0
1641915,2022400337,1612709904,5.0,0.0,3.0,0.0,5.0,2.0,0.0,0.0
1641985,2022400337,1612709904,7.0,2.0,1.0,0.0,5.0,3.0,0.0,0.0
1642285,2022400333,1612709926,15.0,4.0,3.0,1.0,16.0,5.0,2.0,1.0
1641936,2022400333,1612709926,8.0,1.0,3.0,0.0,12.0,3.0,0.0,0.0
1630654,2022400333,1612709926,22.0,2.0,11.0,1.0,15.0,9.0,3.0,0.0
1630569,2022400333,1612709926,16.0,2.0,3.0,0.0,13.0,5.0,2.0,2.0
1642530,2022400333,1612709926,11.0,17.0,5.0,0.0,8.0,4.0,1.0,1.0
1630207,2022400333,1612709926,6.0,1.0,9.0,0.0,9.0,3.0,0.0,0.0
1630525,2022400333,1612709926,11.0,1.0,1.0,0.0,11.0,4.0,0.0,0.0
1641970,2022400333,1612709926,13.0,1.0,5.0,0.0,9.0,5.0,1.0,1.0
1641869,2022400333,1612709926,4.0,1.0,3.0,0.0,5.0,2.0,1.0,0.0
1629666,2022400333,1612709926,2.0,1.0,1.0,0.0,2.0,1.0,0.0,0.0
1642384,2022400333,1612709914,16.0,3.0,4.0,0.0,12.0,5.0,5.0,3.0
1642403,2022400333,1612709914,24.0,2.0,9.0,1.0,12.0,9.0,4.0,3.0
1627746,2022400333,1612709914,5.0,1.0,16.0,0.0,4.0,2.0,0.0,0.0
1642269,2022400333,1612709914,34.0,2.0,10.0,1.0,19.0,9.0,6.0,6.0
1631399,2022400333,1612709914,16.0,7.0,7.0,1.0,8.0,5.0,3.0,3.0
1630678,2022400333,1612709914,15.0,3.0,9.0,2.0,17.0,6.0,2.0,2.0
1642407,2022400333,1612709914,0.0,3.0,4.0,0.0,8.0,0.0,0.0,0.0
1626184,2022400333,1612709914,10.0,1.0,0.0,0.0,4.0,4.0,0.0,0.0
1627884,0022400842,1610612746,16.0,1.0,4.0,1.0,9.0,6.0,2.0,2.0
202695,0022400842,1610612746,17.0,4.0,8.0,1.0,14.0,6.0,2.0,2.0
1627826,0022400842,1610612746,10.0,3.0,10.0,2.0,8.0,5.0,2.0,0.0
1627739,0022400842,1610612746,5.0,3.0,4.0,0.0,4.0,1.0,2.0,2.0
201935,0022400842,1610612746,30.0,6.0,2.0,1.0,20.0,9.0,5.0,5.0
1629599,0022400842,1610612746,20.0,1.0,3.0,0.0,11.0,7.0,4.0,4.0
203992,0022400842,1610612746,14.0,6.0,0.0,1.0,7.0,5.0,0.0,0.0
1627732,0022400842,1610612746,6.0,8.0,8.0,1.0,8.0,3.0,0.0,0.0
201587,0022400842,1610612746,0.0,1.0,2.0,2.0,2.0,0.0,0.0,0.0
1629234,0022400842,1610612746,4.0,0.0,3.0,1.0,2.0,2.0,0.0,0.0
1628366,0022400842,1610612741,15.0,3.0,4.0,1.0,10.0,6.0,1.0,1.0
1641824,0022400842,1610612741,5.0,2.0,4.0,0.0,7.0,2.0,0.0,0.0
1628380,0022400842,1610612741,21.0,7.0,17.0,0.0,14.0,8.0,5.0,3.0
1629632,0022400842,1610612741,19.0,3.0,1.0,0.0,16.0,7.0,1.0,1.0
1630581,0022400842,1610612741,21.0,12.0,8.0,0.0,14.0,8.0,2.0,1.0
1628989,0022400842,1610612741,13.0,3.0,2.0,0.0,15.0,5.0,0.0,0.0
1631207,0022400842,1610612741,5.0,3.0,1.0,0.0,5.0,2.0,2.0,0.0
1641763,0022400842,1610612741,2.0,0.0,2.0,0.0,4.0,1.0,0.0,0.0
1630200,0022400842,1610612741,16.0,2.0,2.0,0.0,9.0,7.0,0.0,0.0
203924,0022400839,1610612757,15.0,1.0,6.0,1.0,14.0,4.0,7.0,6.0
1641739,0022400839,1610612757,11.0,2.0,5.0,0.0,8.0,4.0,4.0,3.0
1642270,0022400839,1610612757,4.0,3.0,8.0,0.0,4.0,2.0,0.0,0.0
1630166,0022400839,1610612757,5.0,1.0,2.0,0.0,4.0,2.0,2.0,1.0
1629014,0022400839,1610612757,16.0,5.0,4.0,0.0,13.0,5.0,3.0,3.0
1630703,0022400839,1610612757,16.0,1.0,2.0,0.0,13.0,5.0,2.0,2.0
1631101,0022400839,1610612757,36.0,5.0,8.0,1.0,26.0,13.0,10.0,7.0
1631133,0022400839,1610612757,12.0,4.0,4.0,0.0,9.0,5.0,3.0,2.0
1631200,0022400839,1610612757,12.0,1.0,6.0,2.0,9.0,5.0,2.0,1.0
1630625,0022400839,1610612757,2.0,4.0,1.0,0.0,1.0,0.0,2.0,2.0
1642273,0022400839,1610612764,7.0,2.0,5.0,2.0,5.0,2.0,2.0,2.0
203114,0022400839,1610612764,8.0,5.0,4.0,1.0,9.0,3.0,4.0,2.0
1626158,0022400839,1610612764,20.0,2.0,5.0,0.0,7.0,7.0,6.0,6.0
1641731,0022400839,1610612764,16.0,3.0,2.0,1.0,9.0,7.0,6.0,2.0
1629673,0022400839,1610612764,24.0,3.0,5.0,1.0,17.0,8.0,5.0,5.0
1642267,0022400839,1610612764,8.0,4.0,8.0,0.0,6.0,3.0,2.0,1.0
1630557,0022400839,1610612764,20.0,1.0,3.0,1.0,13.0,6.0,4.0,3.0
1641774,0022400839,1610612764,8.0,1.0,2.0,1.0,7.0,3.0,2.0,1.0
203935,0022400839,1610612764,10.0,3.0,2.0,0.0,9.0,4.0,2.0,1.0
1630551,0022400839,1610612764,0.0,1.0,5.0,1.0,1.0,0.0,0.0,0.0
1629667,0022400839,1610612764,0.0,0.0,0.0,0.0,0.0,0.0,0.0,0.0
1631114,0022400840,1610612760,22.0,4.0,5.0,1.0,16.0,8.0,7.0,5.0
1631096,0022400840,1610612760,22.0,4.0,17.0,3.0,12.0,7.0,7.0,6.0
1628392,0022400840,1610612760,13.0,3.0,2.0,0.0,9.0,6.0,2.0,1.0
1629652,0022400840,1610612760,3.0,2.0,1.0,0.0,7.0,1.0,0.0,0.0
1628983,0022400840,1610612760,27.0,5.0,6.0,0.0,11.0,7.0,13.0,12.0
1630198,0022400840,1610612760,0.0,0.0,2.0,0.0,2.0,0.0,0.0,0.0
1641717,0022400840,1610612760,13.0,2.0,3.0,0.0,10.0,6.0,0.0,0.0
1630598,0022400840,1610612760,24.0,3.0,5.0,0.0,19.0,11.0,0.0,0.0
1631119,0022400840,1610612760,0.0,1.0,2.0,0.0,1.0,0.0,0.0,0.0
1627936,0022400840,1610612760,5.0,3.0,2.0,0.0,3.0,2.0,0.0,0.0
1629661,0022400840,1610612751,19.0,7.0,3.0,0.0,13.0,6.0,4.0,3.0
1630533,0022400840,1610612751,18.0,1.0,10.0,1.0,15.0,6.0,2.0,1.0
1630549,0022400840,1610612751,25.0,5.0,15.0,3.0,10.0,8.0,7.0,7.0
1630553,0022400840,1610612751,16.0,4.0,3.0,1.0,12.0,4.0,4.0,4.0
1630165,0022400840,1610612751,19.0,7.0,2.0,0.0,13.0,7.0,0.0,0.0
1630592,0022400840,1610612751,7.0,2.0,1.0,0.0,5.0,2.0,2.0,2.0
1641736,0022400840,1610612751,2.0,1.0,2.0,0.0,5.0,1.0,0.0,0.0
1630570,0022400840,1610612751,3.0,4.0,5.0,0.0,7.0,1.0,2.0,1.0
1641787,0022400840,1610612751,9.0,0.0,3.0,0.0,8.0,2.0,4.0,4.0
1631213,0022400840,1610612751,3.0,0.0,2.0,0.0,5.0,1.0,0.0,0.0
201942,0022400843,1610612758,19.0,8.0,6.0,1.0,14.0,8.0,2.0,2.0
1631099,0022400843,1610612758,26.0,2.0,6.0,2.0,16.0,9.0,4.0,3.0
1627734,0022400843,1610612758,12.0,5.0,9.0,1.0,12.0,5.0,2.0,2.0
203897,0022400843,1610612758,22.0,3.0,8.0,0.0,18.0,9.0,0.0,0.0
1628370,0022400843,1610612758,13.0,6.0,9.0,0.0,12.0,5.0,2.0,2.0
1631165,0022400843,1610612758,11.0,2.0,1.0,3.0,5.0,4.0,0.0,0.0
1631222,0022400843,1610612758,0.0,0.0,0.0,0.0,3.0,0.0,0.0,0.0
202685,0022400843,1610612758,15.0,2.0,7.0,0.0,7.0,6.0,2.0,2.0
1628365,0022400843,1610612758,0.0,0.0,1.0,0.0,0.0,0.0,0.0,0.0
1641729,0022400843,1610612762,12.0,0.0,4.0,0.0,11.0,5.0,0.0,0.0
1630231,0022400843,1610612762,16.0,4.0,5.0,0.0,10.0,6.0,2.0,2.0
1631117,0022400843,1610612762,25.0,5.0,14.0,0.0,10.0,10.0,7.0,5.0
203903,0022400843,1610612762,2.0,6.0,0.0,0.0,14.0,1.0,0.0,0.0
1642268,0022400843,1610612762,9.0,7.0,3.0,0.0,6.0,3.0,4.0,1.0
1641718,0022400843,1610612762,11.0,5.0,3.0,1.0,12.0,4.0,0.0,0.0
1642262,0022400843,1610612762,3.0,0.0,2.0,0.0,7.0,1.0,0.0,0.0
1630531,0022400843,1610612762,5.0,2.0,1.0,0.0,4.0,2.0,0.0,0.0
1642271,0022400843,1610612762,9.0,3.0,1.0,0.0,5.0,3.0,2.0,0.0
1630548,0022400843,1610612762,9.0,0.0,1.0,1.0,5.0,3.0,2.0,1.0
1642258,0022400841,1610612737,11.0,3.0,3.0,0.0,6.0,4.0,2.0,1.0
1631243,0022400841,1610612737,5.0,0.0,1.0,0.0,3.0,2.0,0.0,0.0
1630168,0022400841,1610612737,13.0,3.0,9.0,2.0,15.0,6.0,1.0,0.0
1630700,0022400841,1610612737,18.0,5.0,5.0,0.0,10.0,8.0,2.0,1.0
1629027,0022400841,1610612737,17.0,8.0,2.0,0.0,12.0,4.0,8.0,8.0
1627777,0022400841,1610612737,7.0,2.0,4.0,1.0,10.0,3.0,0.0,0.0
1627747,0022400841,1610612737,17.0,2.0,2.0,0.0,12.0,6.0,2.0,2.0
1629611,0022400841,1610612737,13.0,4.0,4.0,0.0,7.0,4.0,4.0,3.0
203991,0022400841,1610612737,8.0,2.0,3.0,0.0,6.0,4.0,0.0,0.0
203952,0022400841,1610612748,15.0,6.0,2.0,0.0,9.0,3.0,10.0,8.0
1628389,0022400841,1610612748,20.0,3.0,9.0,1.0,12.0,9.0,2.0,1.0
1642276,0022400841,1610612748,12.0,2.0,8.0,0.0,6.0,5.0,0.0,0.0
1629639,0022400841,1610612748,24.0,10.0,2.0,0.0,16.0,7.0,7.0,6.0
1630558,0022400841,1610612748,20.0,6.0,0.0,0.0,8.0,7.0,1.0,1.0
1629130,0022400841,1610612748,24.0,6.0,5.0,0.0,16.0,9.0,0.0,0.0
203937,0022400841,1610612748,0.0,0.0,0.0,0.0,0.0,0.0,0.0,0.0
202692,0022400841,1610612748,0.0,0.0,0.0,0.0,2.0,0.0,0.0,0.0
1629312,0022400841,1610612748,14.0,5.0,7.0,1.0,5.0,4.0,2.0,2.0
1631170,0022400841,1610612748,2.0,1.0,2.0,0.0,2.0,1.0,0.0,0.0
1641796,0022400841,1610612748,0.0,0.0,0.0,0.0,0.0,0.0,0.0,0.0
202331,0022400838,1610612755,25.0,7.0,8.0,0.0,20.0,9.0,4.0,3.0
1626162,0022400838,1610612755,27.0,1.0,5.0,1.0,14.0,9.0,6.0,5.0
203083,0022400838,1610612755,7.0,5.0,9.0,1.0,6.0,3.0,2.0,1.0
1629656,0022400838,1610612755,3.0,0.0,1.0,1.0,4.0,1.0,0.0,0.0
1630178,0022400838,1610612755,30.0,5.0,4.0,1.0,32.0,12.0,6.0,6.0
1642348,0022400838,1610612755,6.0,2.0,1.0,0.0,6.0,2.0,0.0,0.0
1641737,0022400838,1610612755,5.0,0.0,5.0,1.0,2.0,2.0,2.0,1.0
1629022,0022400838,1610612755,2.0,0.0,1.0,1.0,4.0,1.0,0.0,0.0
1641741,0022400838,1610612755,0.0,1.0,1.0,0.0,0.0,0.0,0.0,0.0
1628384,0022400838,1610612752,16.0,3.0,9.0,0.0,15.0,5.0,5.0,5.0
1628404,0022400838,1610612752,7.0,4.0,17.0,1.0,5.0,3.0,4.0,1.0
1630574,0022400838,1610612752,8.0,0.0,2.0,1.0,5.0,4.0,0.0,0.0
1628969,0022400838,1610612752,28.0,3.0,2.0,1.0,18.0,12.0,2.0,1.0
1628973,0022400838,1610612752,34.0,7.0,3.0,0.0,17.0,8.0,16.0,15.0
1630540,0022400838,1610612752,6.0,1.0,2.0,1.0,4.0,3.0,0.0,0.0
1630173,0022400838,1610612752,7.0,2.0,6.0,4.0,6.0,3.0,2.0,1.0
1629013,0022400838,1610612752,0.0,0.0,1.0,0.0,2.0,0.0,0.0,0.0
1626166,0022400838,1610612752,4.0,2.0,1.0,0.0,5.0,2.0,0.0,0.0
1642419,2022400331,1612709920,10.0,1.0,4.0,1.0,8.0,4.0,0.0,0.0
1630647,2022400331,1612709920,27.0,6.0,10.0,2.0,21.0,10.0,4.0,3.0
1626163,2022400331,1612709920,19.0,7.0,12.0,2.0,16.0,8.0,0.0,0.0
1630639,2022400331,1612709920,13.0,1.0,9.0,0.0,17.0,3.0,4.0,3.0
1631407,2022400331,1612709920,14.0,6.0,2.0,1.0,11.0,6.0,0.0,0.0
1642463,2022400331,1612709920,0.0,0.0,1.0,0.0,1.0,0.0,0.0,0.0
1631197,2022400331,1612709920,14.0,2.0,4.0,0.0,15.0,6.0,2.0,1.0
1631113,2022400331,1612709920,15.0,3.0,1.0,0.0,8.0,4.0,3.0,3.0
1629718,2022400331,1612709920,7.0,4.0,8.0,0.0,11.0,3.0,2.0,1.0
1642615,2022400331,1612709920,0.0,0.0,2.0,0.0,1.0,0.0,0.0,0.0
1630663,2022400331,1612709920,0.0,1.0,2.0,0.0,1.0,0.0,1.0,0.0
1642046,2022400331,1612709889,12.0,2.0,6.0,0.0,8.0,4.0,1.0,1.0
1642502,2022400331,1612709889,6.0,2.0,9.0,1.0,4.0,2.0,1.0,1.0
1642382,2022400331,1612709889,18.0,2.0,7.0,6.0,6.0,3.0,4.0,4.0
1641794,2022400331,1612709889,20.0,7.0,9.0,0.0,21.0,7.0,7.0,5.0
1642505,2022400331,1612709889,8.0,0.0,3.0,0.0,8.0,2.0,1.0,1.0
1630186,2022400331,1612709889,27.0,1.0,4.0,1.0,22.0,11.0,3.0,2.0
1631489,2022400331,1612709889,6.0,1.0,8.0,0.0,3.0,2.0,2.0,1.0
1631205,2022400331,1612709889,6.0,2.0,5.0,0.0,10.0,2.0,0.0,0.0
1642504,2022400331,1612709889,16.0,3.0,5.0,0.0,9.0,6.0,2.0,2.0
1641991,2022400331,1612709889,4.0,3.0,1.0,0.0,3.0,1.0,2.0,1.0
1630284,2022400335,1612709929,25.0,1.0,9.0,0.0,19.0,9.0,4.0,2.0
1631342,2022400335,1612709929,23.0,3.0,5.0,3.0,15.0,7.0,2.0,2.0
1641792,2022400335,1612709929,12.0,3.0,5.0,1.0,11.0,4.0,0.0,0.0
1630275,2022400335,1612709929,13.0,2.0,5.0,0.0,7.0,4.0,1.0,1.0
1642605,2022400335,1612709929,12.0,8.0,2.0,2.0,11.0,5.0,0.0,0.0
1642365,2022400335,1612709929,10.0,3.0,2.0,0.0,8.0,3.0,2.0,2.0
1641935,2022400335,1612709929,11.0,3.0,3.0,0.0,8.0,4.0,2.0,1.0
1641848,2022400335,1612709929,0.0,1.0,3.0,0.0,2.0,0.0,0.0,0.0
1641934,2022400335,1612709929,11.0,2.0,3.0,2.0,4.0,3.0,1.0,1.0
1641795,2022400335,1612709903,9.0,0.0,4.0,0.0,13.0,4.0,0.0,0.0
1630695,2022400335,1612709903,20.0,2.0,9.0,1.0,14.0,8.0,0.0,0.0
1631131,2022400335,1612709903,16.0,3.0,17.0,1.0,8.0,6.0,3.0,2.0
1641989,2022400335,1612709903,28.0,9.0,7.0,0.0,21.0,9.0,5.0,5.0
202738,2022400335,1612709903,32.0,3.0,2.0,0.0,19.0,10.0,4.0,4.0
1641864,2022400335,1612709903,5.0,3.0,6.0,0.0,5.0,2.0,0.0,0.0
1631220,2022400335,1612709903,5.0,5.0,2.0,0.0,4.0,2.0,2.0,0.0
1641863,2022400335,1612709903,7.0,2.0,1.0,0.0,5.0,3.0,0.0,0.0
1630546,2022400335,1612709903,8.0,0.0,1.0,0.0,6.0,3.0,0.0,0.0
1630170,0022400844,1610612759,9.0,3.0,5.0,0.0,9.0,4.0,1.0,0.0
203084,0022400844,1610612759,3.0,1.0,1.0,0.0,4.0,1.0,0.0,0.0
202687,0022400844,1610612759,4.0,1.0,3.0,1.0,5.0,2.0,0.0,0.0
1628368,0022400844,1610612759,7.0,3.0,3.0,1.0,12.0,3.0,0.0,0.0
101108,0022400844,1610612759,4.0,4.0,1.0,0.0,5.0,1.0,2.0,2.0
1629640,0022400844,1610612759,22.0,2.0,5.0,0.0,13.0,8.0,6.0,6.0
1642264,0022400844,1610612759,22.0,5.0,7.0,0.0,22.0,9.0,4.0,3.0
1630577,0022400844,1610612759,11.0,1.0,4.0,3.0,8.0,4.0,2.0,2.0
1631110,0022400844,1610612759,7.0,0.0,5.0,0.0,5.0,3.0,2.0,1.0
1630572,0022400844,1610612759,12.0,0.0,4.0,0.0,12.0,5.0,0.0,0.0
1631104,0022400844,1610612759,5.0,5.0,1.0,0.0,4.0,2.0,4.0,1.0
1631103,0022400844,1610612759,0.0,0.0,2.0,0.0,1.0,0.0,0.0,0.0
1629162,0022400844,1610612759,0.0,3.0,0.0,0.0,0.0,0.0,0.0,0.0
1628415,0022400844,1610612745,19.0,1.0,4.0,0.0,13.0,7.0,0.0,0.0
1631095,0022400844,1610612745,9.0,1.0,10.0,0.0,15.0,4.0,2.0,1.0
1630578,0022400844,1610612745,9.0,3.0,11.0,1.0,5.0,1.0,8.0,7.0
1630224,0022400844,1610612745,21.0,4.0,7.0,0.0,17.0,9.0,0.0,0.0
1641708,0022400844,1610612745,25.0,5.0,9.0,2.0,15.0,12.0,0.0,0.0
1630256,0022400844,1610612745,7.0,2.0,6.0,0.0,7.0,3.0,0.0,0.0
201145,0022400844,1610612745,13.0,0.0,3.0,0.0,12.0,6.0,0.0,0.0
203500,0022400844,1610612745,4.0,5.0,5.0,2.0,6.0,2.0,0.0,0.0
1628988,0022400844,1610612745,2.0,0.0,1.0,0.0,4.0,1.0,0.0,0.0
1629111,0022400844,1610612745,5.0,0.0,3.0,0.0,4.0,2.0,2.0,1.0
1642263,0022400844,1610612745,2.0,1.0,1.0,0.0,0.0,0.0,2.0,2.0
1631466,0022400844,1610612745,2.0,0.0,0.0,0.0,4.0,1.0,0.0,0.0
1641715,0022400844,1610612745,0.0,0.0,0.0,0.0,0.0,0.0,0.0,0.0
1630534,0022400837,1610612761,10.0,0.0,4.0,0.0,10.0,4.0,0.0,0.0
1629628,0022400837,1610612761,16.0,5.0,2.0,0.0,15.0,5.0,5.0,5.0
1627751,0022400837,1610612761,10.0,2.0,5.0,0.0,8.0,4.0,4.0,2.0
1641711,0022400837,1610612761,10.0,4.0,5.0,0.0,12.0,4.0,0.0,0.0
1630193,0022400837,1610612761,18.0,6.0,2.0,0.0,15.0,8.0,3.0,1.0
1642367,0022400837,1610612761,16.0,0.0,6.0,1.0,11.0,7.0,2.0,2.0
1631115,0022400837,1610612761,8.0,1.0,3.0,0.0,5.0,4.0,0.0,0.0
1642347,0022400837,1610612761,0.0,4.0,1.0,0.0,2.0,0.0,0.0,0.0
1642266,0022400837,1610612761,3.0,1.0,8.0,0.0,6.0,1.0,2.0,1.0
1628449,0022400837,1610612761,0.0,0.0,4.0,1.0,3.0,0.0,0.0,0.0
1630174,0022400837,1610612754,12.0,3.0,5.0,0.0,9.0,5.0,0.0,0.0
1627783,0022400837,1610612754,15.0,2.0,8.0,0.0,14.0,7.0,4.0,1.0
1626167,0022400837,1610612754,18.0,2.0,10.0,2.0,8.0,6.0,2.0,1.0
1629614,0022400837,1610612754,7.0,3.0,0.0,0.0,7.0,3.0,2.0,1.0
1630169,0022400837,1610612754,33.0,11.0,3.0,2.0,15.0,12.0,2.0,2.0
1631097,0022400837,1610612754,10.0,2.0,4.0,1.0,9.0,3.0,4.0,4.0
1630167,0022400837,1610612754,4.0,0.0,1.0,1.0,8.0,2.0,0.0,0.0
1641767,0022400837,1610612754,4.0,3.0,5.0,1.0,4.0,2.0,0.0,0.0
1628418,0022400837,1610612754,8.0,1.0,4.0,0.0,4.0,3.0,2.0,1.0
1642484,0022400837,1610612754,0.0,1.0,1.0,0.0,2.0,0.0,0.0,0.0
1642277,0022400837,1610612754,0.0,0.0,0.0,0.0,0.0,0.0,0.0,0.0
1641716,0022400837,1610612754,0.0,0.0,0.0,0.0,1.0,0.0,0.0,0.0
1628369,0022400836,1610612738,27.0,3.0,6.0,0.0,19.0,10.0,4.0,3.0
201143,0022400836,1610612738,9.0,2.0,10.0,1.0,10.0,3.0,0.0,0.0
204001,0022400836,1610612738,11.0,1.0,2.0,0.0,11.0,4.0,3.0,1.0
1628401,0022400836,1610612738,18.0,3.0,3.0,0.0,12.0,6.0,2.0,1.0
201950,0022400836,1610612738,4.0,6.0,2.0,0.0,10.0,2.0,0.0,0.0
1630202,0022400836,1610612738,18.0,4.0,3.0,0.0,10.0,6.0,1.0,1.0
1641775,0022400836,1610612738,0.0,0.0,2.0,0.0,3.0,0.0,0.0,0.0
1630573,0022400836,1610612738,3.0,1.0,1.0,0.0,1.0,1.0,0.0,0.0
1629674,0022400836,1610612738,0.0,1.0,1.0,0.0,0.0,0.0,0.0,0.0
1631120,0022400836,1610612738,3.0,0.0,0.0,0.0,1.0,0.0,3.0,3.0
1630214,0022400836,1610612738,0.0,0.0,2.0,0.0,1.0,0.0,0.0,0.0
1641809,0022400836,1610612738,3.0,0.0,0.0,0.0,1.0,1.0,0.0,0.0
1631248,0022400836,1610612738,1.0,0.0,0.0,0.0,1.0,0.0,2.0,1.0
1641709,0022400836,1610612765,7.0,2.0,6.0,0.0,6.0,3.0,2.0,1.0
202699,0022400836,1610612765,16.0,2.0,9.0,2.0,10.0,6.0,2.0,2.0
1631105,0022400836,1610612765,13.0,2.0,11.0,0.0,7.0,6.0,2.0,1.0
203501,0022400836,1610612765,9.0,2.0,4.0,0.0,8.0,3.0,2.0,2.0
1630595,0022400836,1610612765,21.0,11.0,4.0,0.0,21.0,9.0,2.0,2.0
1627736,0022400836,1610612765,26.0,2.0,5.0,1.0,15.0,10.0,0.0,0.0
1631204,0022400836,1610612765,8.0,3.0,1.0,0.0,8.0,3.0,2.0,0.0
1630191,0022400836,1610612765,4.0,1.0,5.0,2.0,2.0,1.0,4.0,2.0
1641842,0022400836,1610612765,8.0,3.0,3.0,0.0,8.0,4.0,0.0,0.0
1630322,0022400836,1610612765,3.0,0.0,0.0,0.0,1.0,1.0,0.0,0.0
1630194,0022400836,1610612765,2.0,1.0,3.0,0.0,3.0,1.0,1.0,0.0
1641752,0022400836,1610612765,0.0,0.0,0.0,0.0,0.0,0.0,0.0,0.0
1642450,0022400836,1610612765,0.0,0.0,0.0,0.0,0.0,0.0,0.0,0.0
1641749,2022400332,1612709922,33.0,1.0,10.0,0.0,20.0,11.0,5.0,5.0
1631301,2022400332,1612709922,21.0,3.0,8.0,0.0,15.0,3.0,11.0,10.0
1629617,2022400332,1612709922,22.0,2.0,11.0,1.0,15.0,8.0,5.0,4.0
1630585,2022400332,1612709922,2.0,5.0,5.0,0.0,5.0,1.0,0.0,0.0
1630640,2022400332,1612709922,6.0,3.0,2.0,0.0,9.0,2.0,0.0,0.0
1631474,2022400332,1612709922,13.0,5.0,5.0,1.0,9.0,6.0,2.0,1.0
1642531,2022400332,1612709922,2.0,0.0,6.0,4.0,3.0,1.0,1.0,0.0
1642045,2022400332,1612709922,9.0,2.0,4.0,0.0,5.0,4.0,1.0,1.0
1641732,2022400332,1612709928,10.0,1.0,6.0,1.0,11.0,4.0,0.0,0.0
1641778,2022400332,1612709928,0.0,3.0,3.0,0.0,5.0,0.0,1.0,0.0
1630701,2022400332,1612709928,14.0,3.0,6.0,4.0,9.0,5.0,2.0,2.0
1629669,2022400332,1612709928,19.0,6.0,4.0,0.0,16.0,8.0,4.0,2.0
1642358,2022400332,1612709928,19.0,5.0,5.0,0.0,15.0,7.0,1.0,1.0
1641798,2022400332,1612709928,4.0,0.0,4.0,0.0,7.0,2.0,1.0,0.0
1641917,2022400332,1612709928,18.0,1.0,6.0,0.0,11.0,7.0,3.0,1.0
1631219,2022400332,1612709928,0.0,1.0,3.0,2.0,5.0,0.0,0.0,0.0
1630184,2022400332,1612709928,9.0,2.0,5.0,0.0,8.0,4.0,0.0,0.0
1641907,2022400332,1612709928,8.0,1.0,3.0,1.0,6.0,2.0,1.0,1.0
1629098,2022400334,1612709908,17.0,0.0,3.0,0.0,14.0,6.0,2.0,2.0
1631257,2022400334,1612709908,8.0,0.0,8.0,0.0,13.0,4.0,0.0,0.0
1642368,2022400334,1612709908,20.0,5.0,11.0,1.0,13.0,9.0,2.0,2.0
1641999,2022400334,1612709908,3.0,4.0,6.0,3.0,3.0,1.0,1.0,1.0
1641806,2022400334,1612709908,23.0,9.0,3.0,0.0,19.0,9.0,2.0,1.0
1630227,2022400334,1612709908,15.0,11.0,6.0,1.0,13.0,5.0,4.0,3.0
1642591,2022400334,1612709908,9.0,1.0,1.0,0.0,7.0,3.0,0.0,0.0
1642516,2022400334,1612709908,4.0,0.0,4.0,0.0,6.0,2.0,0.0,0.0
1642592,2022400334,1612709908,22.0,1.0,1.0,0.0,13.0,9.0,1.0,0.0
1629600,2022400334,1612709909,25.0,5.0,5.0,1.0,19.0,8.0,6.0,4.0
1630600,2022400334,1612709909,15.0,2.0,7.0,0.0,10.0,6.0,2.0,1.0
1642024,2022400334,1612709909,8.0,0.0,6.0,0.0,11.0,3.0,0.0,0.0
1628876,2022400334,1612709909,12.0,4.0,6.0,1.0,9.0,4.0,0.0,0.0
1641758,2022400334,1612709909,36.0,6.0,6.0,0.0,15.0,13.0,7.0,5.0
1627775,2022400334,1612709909,2.0,3.0,1.0,0.0,2.0,1.0,0.0,0.0
1631198,2022400334,1612709909,6.0,3.0,3.0,0.0,5.0,2.0,1.0,1.0
1630542,2022400334,1612709909,13.0,2.0,10.0,2.0,8.0,4.0,1.0,1.0
1631171,2022400334,1612709909,2.0,1.0,3.0,2.0,3.0,1.0,0.0,0.0
1630218,2022400334,1612709909,5.0,0.0,0.0,0.0,2.0,2.0,0.0,0.0
1641823,2022400334,1612709909,0.0,1.0,1.0,1.0,1.0,0.0,0.0,0.0
1642485,2022400326,1612709915,8.0,1.0,5.0,0.0,5.0,3.0,1.0,1.0
1641817,2022400326,1612709915,6.0,2.0,3.0,0.0,8.0,3.0,1.0,0.0
1630791,2022400326,1612709915,13.0,0.0,9.0,1.0,6.0,5.0,2.0,2.0
1642696,2022400326,1612709915,4.0,0.0,2.0,0.0,5.0,2.0,0.0,0.0
1641809,2022400326,1612709915,18.0,6.0,5.0,0.0,11.0,6.0,0.0,0.0
1642508,2022400326,1612709915,12.0,3.0,6.0,2.0,7.0,5.0,1.0,1.0
1642400,2022400326,1612709915,11.0,2.0,10.0,0.0,9.0,5.0,1.0,1.0
1630206,2022400326,1612709915,12.0,0.0,0.0,0.0,10.0,6.0,0.0,0.0
1630648,2022400326,1612709915,9.0,1.0,3.0,0.0,7.0,2.0,2.0,2.0
1642620,2022400326,1612709915,10.0,4.0,0.0,0.0,10.0,4.0,0.0,0.0
1641992,2022400326,1612709915,4.0,0.0,0.0,0.0,3.0,2.0,0.0,0.0
1642517,2022400326,1612709932,6.0,0.0,3.0,1.0,5.0,2.0,1.0,1.0
1641752,2022400326,1612709932,16.0,13.0,6.0,1.0,13.0,5.0,3.0,2.0
1642588,2022400326,1612709932,18.0,0.0,10.0,1.0,10.0,9.0,0.0,0.0
1642071,2022400326,1612709932,7.0,3.0,4.0,0.0,7.0,2.0,1.0,1.0
1642450,2022400326,1612709932,28.0,5.0,3.0,0.0,21.0,9.0,4.0,1.0
1642578,2022400326,1612709932,5.0,1.0,3.0,0.0,10.0,2.0,0.0,0.0
1641947,2022400326,1612709932,3.0,0.0,1.0,1.0,4.0,1.0,1.0,0.0
1642676,2022400326,1612709932,9.0,4.0,3.0,0.0,6.0,4.0,3.0,1.0
1642660,2022400326,1612709932,12.0,0.0,3.0,0.0,8.0,4.0,1.0,1.0
1630624,2022400325,1612709893,17.0,2.0,11.0,0.0,12.0,8.0,1.0,0.0
1630550,2022400325,1612709893,8.0,4.0,8.0,1.0,8.0,3.0,0.0,0.0
1641734,2022400325,1612709893,23.0,0.0,3.0,0.0,19.0,8.0,2.0,2.0
1631247,2022400325,1612709893,17.0,4.0,3.0,0.0,10.0,7.0,2.0,1.0
1642468,2022400325,1612709893,14.0,6.0,3.0,0.0,8.0,6.0,2.0,1.0
1630190,2022400325,1612709893,22.0,1.0,3.0,2.0,20.0,8.0,0.0,0.0
1631262,2022400325,1612709893,12.0,4.0,3.0,0.0,9.0,5.0,0.0,0.0
1630767,2022400325,1612709893,4.0,2.0,2.0,1.0,4.0,2.0,0.0,0.0
1631395,2022400325,1612709893,0.0,0.0,0.0,0.0,1.0,0.0,0.0,0.0
1642440,2022400325,1612709917,2.0,2.0,2.0,0.0,2.0,1.0,0.0,0.0
1642461,2022400325,1612709917,22.0,5.0,10.0,4.0,19.0,8.0,0.0,0.0
1641777,2022400325,1612709917,12.0,1.0,18.0,1.0,7.0,4.0,3.0,2.0
1641725,2022400325,1612709917,22.0,6.0,2.0,0.0,21.0,9.0,0.0,0.0
1642019,2022400325,1612709917,15.0,5.0,4.0,0.0,13.0,6.0,1.0,1.0
1641856,2022400325,1612709917,12.0,0.0,1.0,0.0,7.0,4.0,1.0,1.0
1642595,2022400325,1612709917,3.0,2.0,1.0,0.0,2.0,1.0,0.0,0.0
1642444,2022400325,1612709917,7.0,2.0,5.0,0.0,6.0,3.0,1.0,1.0
1641847,2022400325,1612709917,6.0,3.0,4.0,0.0,8.0,2.0,0.0,0.0
1642597,2022400325,1612709917,2.0,1.0,3.0,0.0,4.0,1.0,0.0,0.0
1630201,2022400330,1612709890,18.0,3.0,9.0,1.0,13.0,4.0,4.0,4.0
1631127,2022400330,1612709890,17.0,3.0,12.0,0.0,11.0,7.0,1.0,0.0
1642563,2022400330,1612709890,9.0,1.0,11.0,0.0,6.0,4.0,1.0,1.0
1631123,2022400330,1612709890,23.0,6.0,2.0,0.0,15.0,8.0,3.0,2.0
1630561,2022400330,1612709890,13.0,4.0,7.0,1.0,10.0,4.0,3.0,1.0
1642496,2022400330,1612709890,4.0,0.0,9.0,4.0,4.0,2.0,0.0,0.0
1642392,2022400330,1612709890,7.0,4.0,1.0,0.0,6.0,2.0,3.0,2.0
1642755,2022400330,1612709890,12.0,1.0,5.0,0.0,5.0,4.0,0.0,0.0
1641988,2022400330,1612709890,6.0,0.0,0.0,0.0,5.0,2.0,0.0,0.0
1642684,2022400330,1612709890,0.0,1.0,1.0,0.0,1.0,0.0,0.0,0.0
1642565,2022400330,1612709890,6.0,0.0,1.0,0.0,3.0,2.0,0.0,0.0
1641825,2022400330,1612709931,13.0,3.0,4.0,0.0,9.0,5.0,5.0,1.0
1630535,2022400330,1612709931,11.0,1.0,2.0,1.0,12.0,4.0,2.0,1.0
1629308,2022400330,1612709931,14.0,1.0,2.0,1.0,15.0,6.0,4.0,1.0
1642525,2022400330,1612709931,4.0,0.0,3.0,0.0,3.0,1.0,2.0,1.0
1642524,2022400330,1612709931,8.0,3.0,4.0,0.0,7.0,3.0,1.0,0.0
1642714,2022400330,1612709931,6.0,6.0,3.0,1.0,9.0,2.0,0.0,0.0
1642527,2022400330,1612709931,7.0,0.0,5.0,0.0,6.0,2.0,2.0,1.0
1642357,2022400330,1612709931,25.0,2.0,6.0,0.0,19.0,8.0,3.0,3.0
1642128,2022400330,1612709931,0.0,0.0,1.0,1.0,0.0,0.0,0.0,0.0
1642752,2022400330,1612709931,0.0,1.0,1.0,0.0,0.0,0.0,0.0,0.0
1630182,0022400834,1610612766,6.0,3.0,1.0,1.0,4.0,2.0,0.0,0.0
1628970,0022400834,1610612766,9.0,2.0,7.0,0.0,11.0,2.0,6.0,5.0
1631109,0022400834,1610612766,12.0,0.0,12.0,3.0,12.0,6.0,0.0,0.0
1641733,0022400834,1610612766,9.0,2.0,2.0,1.0,11.0,3.0,2.0,2.0
1642354,0022400834,1610612766,16.0,2.0,6.0,0.0,18.0,7.0,1.0,1.0
1631111,0022400834,1610612766,12.0,0.0,10.0,0.0,8.0,5.0,0.0,0.0
1641878,0022400834,1610612766,9.0,5.0,5.0,0.0,13.0,2.0,4.0,4.0
1631217,0022400834,1610612766,5.0,3.0,5.0,2.0,2.0,1.0,4.0,3.0
203552,0022400834,1610612766,14.0,1.0,2.0,1.0,10.0,5.0,1.0,0.0
202710,0022400834,1610612744,6.0,5.0,8.0,0.0,8.0,3.0,1.0,0.0
1630541,0022400834,1610612744,13.0,1.0,1.0,0.0,5.0,4.0,2.0,2.0
203110,0022400834,1610612744,15.0,6.0,6.0,2.0,12.0,6.0,2.0,2.0
1641764,0022400834,1610612744,10.0,2.0,5.0,0.0,6.0,4.0,2.0,2.0
201939,0022400834,1610612744,15.0,6.0,4.0,0.0,14.0,6.0,1.0,1.0
1627780,0022400834,1610612744,14.0,4.0,2.0,0.0,9.0,6.0,0.0,0.0
1627741,0022400834,1610612744,16.0,1.0,2.0,0.0,11.0,6.0,1.0,0.0
1626172,0022400834,1610612744,4.0,1.0,3.0,1.0,3.0,1.0,2.0,2.0
1630611,0022400834,1610612744,3.0,6.0,5.0,0.0,5.0,1.0,1.0,1.0
1642366,0022400834,1610612744,8.0,2.0,3.0,0.0,8.0,3.0,2.0,1.0
1628995,0022400834,1610612744,12.0,3.0,5.0,2.0,7.0,4.0,2.0,2.0
1630311,0022400834,1610612744,6.0,0.0,5.0,0.0,9.0,3.0,0.0,0.0
1641879,0022400834,1610612744,0.0,3.0,1.0,0.0,0.0,0.0,0.0,0.0
1642050,0022400834,1610612744,6.0,0.0,1.0,0.0,3.0,2.0,2.0,2.0
1630573,0022400829,1610612738,10.0,0.0,5.0,1.0,6.0,4.0,0.0,0.0
1628369,0022400829,1610612738,19.0,11.0,6.0,0.0,18.0,7.0,2.0,2.0
1628470,0022400829,1610612738,4.0,0.0,3.0,0.0,7.0,2.0,0.0,0.0
1627759,0022400829,1610612738,24.0,4.0,5.0,0.0,18.0,10.0,4.0,4.0
1628401,0022400829,1610612738,22.0,5.0,3.0,2.0,15.0,7.0,2.0,2.0
1629674,0022400829,1610612738,8.0,0.0,5.0,1.0,6.0,4.0,0.0,0.0
1630202,0022400829,1610612738,20.0,2.0,7.0,0.0,17.0,8.0,0.0,0.0
1641775,0022400829,1610612738,2.0,1.0,2.0,0.0,1.0,1.0,0.0,0.0
1631248,0022400829,1610612738,2.0,0.0,2.0,0.0,4.0,1.0,0.0,0.0
1631120,0022400829,1610612738,0.0,1.0,1.0,0.0,1.0,0.0,0.0,0.0
1629628,0022400829,1610612761,22.0,3.0,8.0,0.0,16.0,10.0,2.0,1.0
1630567,0022400829,1610612761,21.0,6.0,3.0,0.0,14.0,7.0,9.0,7.0
1642367,0022400829,1610612761,4.0,2.0,4.0,0.0,4.0,2.0,0.0,0.0
1641711,0022400829,1610612761,12.0,1.0,5.0,0.0,10.0,4.0,2.0,2.0
1630193,0022400829,1610612761,10.0,7.0,6.0,0.0,13.0,4.0,3.0,2.0
1630534,0022400829,1610612761,8.0,1.0,5.0,0.0,5.0,3.0,0.0,0.0
1642347,0022400829,1610612761,6.0,6.0,2.0,1.0,5.0,3.0,0.0,0.0
1631115,0022400829,1610612761,4.0,1.0,2.0,0.0,2.0,2.0,0.0,0.0
1642266,0022400829,1610612761,6.0,0.0,3.0,0.0,8.0,3.0,0.0,0.0
1628449,0022400829,1610612761,8.0,0.0,2.0,0.0,6.0,4.0,0.0,0.0
202691,0022400835,1610612742,22.0,1.0,8.0,0.0,17.0,8.0,2.0,1.0
1629023,0022400835,1610612742,0.0,5.0,10.0,4.0,9.0,0.0,0.0,0.0
1630556,0022400835,1610612742,4.0,0.0,3.0,0.0,5.0,2.0,0.0,0.0
1631108,0022400835,1610612742,10.0,6.0,1.0,1.0,13.0,4.0,0.0,0.0
202681,0022400835,1610612742,35.0,4.0,7.0,2.0,27.0,12.0,6.0,6.0
203915,0022400835,1610612742,9.0,3.0,1.0,1.0,8.0,3.0,1.0,1.0
203957,0022400835,1610612742,8.0,1.0,3.0,0.0,9.0,3.0,0.0,0.0
1630230,0022400835,1610612742,9.0,3.0,5.0,1.0,7.0,2.0,4.0,4.0
1641765,0022400835,1610612742,0.0,0.0,2.0,1.0,1.0,0.0,0.0,0.0
203939,0022400835,1610612742,2.0,0.0,5.0,1.0,2.0,1.0,0.0,0.0
1629060,0022400835,1610612747,15.0,0.0,6.0,2.0,12.0,6.0,2.0,1.0
2544,0022400835,1610612747,27.0,3.0,12.0,0.0,17.0,11.0,4.0,3.0
1629637,0022400835,1610612747,8.0,0.0,8.0,2.0,5.0,4.0,0.0,0.0
1630559,0022400835,1610612747,20.0,5.0,3.0,0.0,12.0,5.0,8.0,7.0
1629029,0022400835,1610612747,19.0,12.0,15.0,2.0,17.0,6.0,8.0,6.0
1627827,0022400835,1610612747,2.0,2.0,8.0,1.0,6.0,1.0,0.0,0.0
1629216,0022400835,1610612747,2.0,0.0,0.0,0.0,6.0,1.0,0.0,0.0
1629020,0022400835,1610612747,8.0,2.0,3.0,0.0,5.0,3.0,0.0,0.0
1630692,0022400835,1610612747,1.0,0.0,2.0,1.0,2.0,0.0,2.0,1.0
1642261,0022400835,1610612747,5.0,0.0,0.0,0.0,5.0,2.0,0.0,0.0
1642562,2022400329,1612709918,15.0,1.0,4.0,3.0,11.0,6.0,1.0,0.0
1641986,2022400329,1612709918,15.0,3.0,3.0,2.0,14.0,4.0,3.0,2.0
1642499,2022400329,1612709918,11.0,5.0,13.0,2.0,5.0,4.0,1.0,1.0
1642480,2022400329,1612709918,13.0,1.0,3.0,0.0,11.0,4.0,2.0,2.0
1641789,2022400329,1612709918,18.0,6.0,1.0,1.0,17.0,9.0,1.0,0.0
1642481,2022400329,1612709918,6.0,1.0,6.0,5.0,3.0,3.0,0.0,0.0
1630762,2022400329,1612709918,23.0,5.0,9.0,0.0,12.0,6.0,6.0,6.0
1641920,2022400329,1612709918,6.0,1.0,1.0,1.0,7.0,2.0,0.0,0.0
1631236,2022400329,1612709918,0.0,0.0,1.0,0.0,1.0,0.0,0.0,0.0
1629642,2022400329,1612709904,10.0,3.0,4.0,1.0,10.0,4.0,1.0,1.0
1642352,2022400329,1612709904,11.0,4.0,8.0,2.0,8.0,3.0,4.0,3.0
1642013,2022400329,1612709904,24.0,1.0,12.0,1.0,19.0,9.0,4.0,2.0
1631214,2022400329,1612709904,40.0,8.0,7.0,0.0,22.0,14.0,5.0,5.0
1641985,2022400329,1612709904,9.0,3.0,1.0,0.0,11.0,3.0,0.0,0.0
1641915,2022400329,1612709904,11.0,3.0,6.0,0.0,7.0,4.0,1.0,1.0
203503,2022400329,1612709904,0.0,0.0,0.0,0.0,0.0,0.0,0.0,0.0
1642550,2022400329,1612709904,2.0,2.0,3.0,1.0,4.0,0.0,1.0,1.0
1642514,2022400329,1612709904,2.0,0.0,3.0,0.0,2.0,1.0,0.0,0.0
1642628,2022400329,1612709904,5.0,1.0,3.0,0.0,6.0,2.0,1.0,1.0
1642412,2022400011,1612709933,10.0,4.0,6.0,0.0,5.0,4.0,2.0,2.0
1630651,2022400011,1612709933,0.0,2.0,9.0,0.0,6.0,0.0,0.0,0.0
1631376,2022400011,1612709933,11.0,1.0,11.0,0.0,11.0,4.0,1.0,1.0
1630547,2022400011,1612709933,7.0,4.0,1.0,0.0,4.0,3.0,1.0,0.0
1631321,2022400011,1612709933,18.0,3.0,2.0,0.0,6.0,4.0,9.0,5.0
1630812,2022400011,1612709933,17.0,3.0,7.0,2.0,14.0,7.0,3.0,2.0
1630310,2022400011,1612709933,33.0,5.0,2.0,0.0,29.0,13.0,2.0,1.0
1641941,2022400011,1612709933,2.0,2.0,6.0,1.0,7.0,1.0,0.0,0.0
1642568,2022400011,1612709933,11.0,0.0,3.0,0.0,11.0,4.0,0.0,0.0
1642473,2022400011,1612709934,9.0,2.0,5.0,0.0,4.0,2.0,2.0,2.0
1641779,2022400011,1612709934,17.0,4.0,7.0,0.0,12.0,7.0,1.0,1.0
1629603,2022400011,1612709934,20.0,5.0,13.0,2.0,17.0,8.0,1.0,1.0
1631455,2022400011,1612709934,15.0,3.0,2.0,0.0,13.0,6.0,2.0,2.0
204065,2022400011,1612709934,15.0,9.0,3.0,0.0,10.0,4.0,4.0,3.0
1642487,2022400011,1612709934,8.0,1.0,6.0,1.0,7.0,3.0,3.0,1.0
1630199,2022400011,1612709934,25.0,2.0,4.0,1.0,8.0,7.0,6.0,4.0
1628778,2022400011,1612709934,13.0,3.0,0.0,0.0,8.0,4.0,2.0,1.0
1630321,2022400011,1612709934,11.0,2.0,4.0,0.0,7.0,4.0,1.0,1.0
1629993,2022400011,1612709934,2.0,0.0,1.0,0.0,1.0,1.0,0.0,0.0
1630711,2022400011,1612709934,0.0,0.0,0.0,0.0,0.0,0.0,0.0,0.0
1641727,2022400327,1612709921,10.0,2.0,1.0,1.0,6.0,3.0,2.0,2.0
1631112,2022400327,1612709921,17.0,3.0,9.0,0.0,17.0,8.0,1.0,1.0
1631166,2022400327,1612709921,26.0,4.0,12.0,0.0,19.0,12.0,3.0,2.0
1630623,2022400327,1612709921,20.0,6.0,3.0,0.0,15.0,7.0,0.0,0.0
1642011,2022400327,1612709921,10.0,9.0,10.0,0.0,11.0,4.0,1.0,1.0
1629052,2022400327,1612709921,2.0,1.0,1.0,1.0,10.0,1.0,0.0,0.0
1630286,2022400327,1612709921,10.0,2.0,15.0,0.0,10.0,4.0,0.0,0.0
1642378,2022400327,1612709921,24.0,0.0,1.0,0.0,17.0,11.0,0.0,0.0
1631210,2022400327,1612709919,30.0,3.0,12.0,1.0,18.0,11.0,5.0,5.0
1629643,2022400327,1612709919,30.0,6.0,11.0,1.0,22.0,12.0,3.0,3.0
1641830,2022400327,1612709919,2.0,1.0,4.0,1.0,3.0,1.0,1.0,0.0
203933,2022400327,1612709919,9.0,2.0,5.0,1.0,10.0,4.0,0.0,0.0
1642278,2022400327,1612709919,5.0,7.0,2.0,0.0,9.0,2.0,0.0,0.0
1641924,2022400327,1612709919,5.0,3.0,6.0,4.0,8.0,1.0,1.0,1.0
1641755,2022400327,1612709919,10.0,5.0,5.0,0.0,10.0,4.0,2.0,1.0
1642359,2022400327,1612709919,9.0,1.0,4.0,0.0,9.0,4.0,0.0,0.0
1642486,2022400327,1612709919,17.0,2.0,5.0,2.0,13.0,6.0,0.0,0.0
1641801,2022400328,1612709923,15.0,4.0,6.0,2.0,9.0,5.0,3.0,3.0
1630604,2022400328,1612709923,19.0,2.0,6.0,4.0,13.0,6.0,3.0,3.0
1641987,2022400328,1612709923,13.0,4.0,14.0,0.0,8.0,6.0,1.0,1.0
1631160,2022400328,1612709923,6.0,1.0,4.0,0.0,11.0,2.0,0.0,0.0
1642443,2022400328,1612709923,20.0,7.0,4.0,0.0,10.0,7.0,3.0,3.0
1631408,2022400328,1612709923,3.0,0.0,0.0,0.0,5.0,1.0,2.0,1.0
1631241,2022400328,1612709923,16.0,5.0,5.0,0.0,18.0,7.0,2.0,1.0
1642549,2022400328,1612709923,8.0,2.0,2.0,0.0,4.0,2.0,1.0,1.0
1630318,2022400328,1612709923,6.0,1.0,3.0,0.0,5.0,3.0,0.0,0.0
1630278,2022400328,1612709927,7.0,3.0,4.0,0.0,9.0,3.0,0.0,0.0
1627740,2022400328,1612709927,35.0,3.0,12.0,0.0,26.0,15.0,2.0,1.0
1630641,2022400328,1612709927,4.0,0.0,3.0,5.0,3.0,2.0,1.0,0.0
1629056,2022400328,1612709927,10.0,0.0,1.0,0.0,9.0,4.0,0.0,0.0
1631231,2022400328,1612709927,15.0,11.0,4.0,0.0,18.0,6.0,1.0,1.0
1629808,2022400328,1612709927,27.0,6.0,10.0,2.0,15.0,10.0,1.0,1.0
1642520,2022400328,1612709927,6.0,1.0,1.0,0.0,9.0,3.0,1.0,0.0
1642500,2022400328,1612709927,0.0,1.0,4.0,0.0,1.0,0.0,0.0,0.0
201142,0022400832,1610612756,26.0,7.0,8.0,0.0,19.0,8.0,7.0,7.0
1629626,0022400832,1610612756,23.0,1.0,8.0,2.0,11.0,8.0,6.0,5.0
1630208,0022400832,1610612756,6.0,0.0,4.0,1.0,7.0,3.0,0.0,0.0
1626164,0022400832,1610612756,28.0,10.0,3.0,0.0,20.0,12.0,2.0,2.0
203078,0022400832,1610612756,24.0,11.0,5.0,1.0,20.0,9.0,2.0,2.0
203486,0022400832,1610612756,7.0,3.0,7.0,1.0,3.0,3.0,2.0,1.0
1626220,0022400832,1610612756,10.0,1.0,4.0,0.0,5.0,3.0,2.0,1.0
1628960,0022400832,1610612756,21.0,3.0,3.0,1.0,10.0,6.0,5.0,3.0
1626145,0022400832,1610612756,3.0,3.0,3.0,0.0,3.0,1.0,0.0,0.0
1642346,0022400832,1610612756,0.0,0.0,1.0,0.0,1.0,0.0,0.0,0.0
1642377,0022400832,1610612763,19.0,2.0,5.0,0.0,12.0,7.0,0.0,0.0
1628991,0022400832,1610612763,28.0,1.0,6.0,2.0,13.0,11.0,5.0,3.0
1641744,0022400832,1610612763,8.0,1.0,8.0,1.0,4.0,3.0,2.0,2.0
1630217,0022400832,1610612763,25.0,9.0,3.0,0.0,15.0,8.0,6.0,6.0
1629630,0022400832,1610612763,29.0,8.0,4.0,0.0,25.0,7.0,14.0,14.0
1630583,0022400832,1610612763,17.0,5.0,6.0,0.0,9.0,6.0,0.0,0.0
1641713,0022400832,1610612763,0.0,3.0,1.0,0.0,0.0,0.0,0.0,0.0
1629634,0022400832,1610612763,14.0,2.0,5.0,1.0,10.0,6.0,3.0,2.0
1631246,0022400832,1610612763,5.0,0.0,0.0,0.0,6.0,2.0,0.0,0.0
1628379,0022400832,1610612763,6.0,5.0,0.0,0.0,5.0,2.0,0.0,0.0
1629622,0022400830,1610612739,17.0,2.0,1.0,0.0,9.0,6.0,0.0,0.0
1630596,0022400830,1610612739,17.0,2.0,8.0,2.0,9.0,6.0,6.0,4.0
1628386,0022400830,1610612739,8.0,1.0,7.0,1.0,7.0,4.0,0.0,0.0
1630171,0022400830,1610612739,8.0,2.0,4.0,1.0,4.0,2.0,2.0,2.0
1628378,0022400830,1610612739,11.0,5.0,3.0,0.0,12.0,5.0,0.0,0.0
1629631,0022400830,1610612739,17.0,2.0,3.0,0.0,8.0,5.0,4.0,3.0
1630241,0022400830,1610612739,5.0,1.0,2.0,0.0,4.0,1.0,2.0,2.0
1629660,0022400830,1610612739,20.0,2.0,2.0,0.0,12.0,7.0,2.0,2.0
1629731,0022400830,1610612739,5.0,2.0,7.0,0.0,3.0,2.0,0.0,0.0
1641854,0022400830,1610612739,2.0,5.0,2.0,1.0,3.0,1.0,0.0,0.0
1642281,0022400830,1610612739,4.0,1.0,2.0,0.0,3.0,2.0,0.0,0.0
1629750,0022400830,1610612739,4.0,0.0,3.0,0.0,2.0,2.0,0.0,0.0
202684,0022400830,1610612739,2.0,0.0,1.0,0.0,1.0,1.0,0.0,0.0
1641772,0022400830,1610612739,2.0,0.0,2.0,0.0,3.0,1.0,0.0,0.0
1630532,0022400830,1610612753,19.0,4.0,5.0,1.0,21.0,9.0,0.0,0.0
1631094,0022400830,1610612753,26.0,4.0,5.0,1.0,22.0,9.0,9.0,7.0
1628976,0022400830,1610612753,9.0,1.0,6.0,1.0,10.0,4.0,1.0,1.0
203484,0022400830,1610612753,9.0,2.0,0.0,0.0,5.0,4.0,0.0,0.0
1630175,0022400830,1610612753,6.0,4.0,5.0,0.0,6.0,2.0,0.0,0.0
203914,0022400830,1610612753,0.0,0.0,0.0,0.0,3.0,0.0,0.0,0.0
1641783,0022400830,1610612753,0.0,1.0,2.0,1.0,5.0,0.0,0.0,0.0
1641710,0022400830,1610612753,2.0,2.0,4.0,1.0,5.0,1.0,0.0,0.0
1628371,0022400830,1610612753,2.0,1.0,5.0,0.0,3.0,0.0,2.0,2.0
1629048,0022400830,1610612753,1.0,0.0,1.0,1.0,0.0,0.0,2.0,1.0
1641724,0022400830,1610612753,2.0,1.0,2.0,1.0,3.0,1.0,0.0,0.0
1630243,0022400830,1610612753,4.0,0.0,0.0,1.0,5.0,2.0,0.0,0.0
1631216,0022400830,1610612753,2.0,1.0,0.0,0.0,2.0,1.0,0.0,0.0
1628398,0022400831,1610612749,9.0,1.0,6.0,0.0,10.0,4.0,1.0,0.0
203507,0022400831,1610612749,27.0,6.0,10.0,1.0,17.0,9.0,12.0,9.0
201572,0022400831,1610612749,12.0,3.0,8.0,3.0,10.0,4.0,3.0,3.0
1627752,0022400831,1610612749,6.0,5.0,2.0,0.0,5.0,2.0,0.0,0.0
203081,0022400831,1610612749,22.0,3.0,1.0,0.0,22.0,7.0,5.0,4.0
1631260,0022400831,1610612749,12.0,1.0,5.0,0.0,8.0,4.0,0.0,0.0
1629018,0022400831,1610612749,5.0,0.0,2.0,0.0,6.0,2.0,2.0,1.0
1630579,0022400831,1610612749,0.0,0.0,3.0,1.0,0.0,0.0,0.0,0.0
1629645,0022400831,1610612749,4.0,0.0,0.0,0.0,7.0,2.0,0.0,0.0
1641748,0022400831,1610612749,0.0,0.0,0.0,0.0,0.0,0.0,0.0,0.0
1628415,0022400831,1610612745,16.0,4.0,8.0,1.0,13.0,6.0,0.0,0.0
1631106,0022400831,1610612745,12.0,1.0,6.0,1.0,12.0,5.0,0.0,0.0
1630578,0022400831,1610612745,23.0,3.0,11.0,3.0,16.0,8.0,9.0,7.0
1630224,0022400831,1610612745,25.0,3.0,8.0,0.0,20.0,9.0,2.0,2.0
1641708,0022400831,1610612745,9.0,6.0,9.0,2.0,8.0,4.0,2.0,1.0
1631095,0022400831,1610612745,13.0,0.0,8.0,0.0,10.0,4.0,4.0,4.0
201145,0022400831,1610612745,2.0,1.0,0.0,1.0,4.0,1.0,0.0,0.0
1629111,0022400831,1610612745,0.0,0.0,1.0,0.0,4.0,0.0,0.0,0.0
1628988,0022400831,1610612745,0.0,0.0,2.0,1.0,2.0,0.0,1.0,0.0
1630256,0022400831,1610612745,0.0,0.0,0.0,0.0,2.0,0.0,0.0,0.0
203500,0022400831,1610612745,0.0,0.0,0.0,0.0,0.0,0.0,0.0,0.0
1630170,0022400833,1610612759,20.0,3.0,5.0,0.0,16.0,6.0,6.0,6.0
203084,0022400833,1610612759,15.0,2.0,5.0,0.0,9.0,4.0,4.0,3.0
202687,0022400833,1610612759,10.0,1.0,12.0,0.0,7.0,5.0,0.0,0.0
1628368,0022400833,1610612759,15.0,9.0,3.0,0.0,21.0,6.0,3.0,2.0
101108,0022400833,1610612759,12.0,10.0,0.0,1.0,7.0,4.0,1.0,1.0
1642264,0022400833,1610612759,4.0,0.0,4.0,0.0,4.0,1.0,2.0,1.0
1629640,0022400833,1610612759,11.0,0.0,4.0,0.0,7.0,4.0,2.0,1.0
1630572,0022400833,1610612759,2.0,1.0,1.0,1.0,6.0,1.0,0.0,0.0
1631110,0022400833,1610612759,12.0,2.0,9.0,2.0,11.0,6.0,0.0,0.0
1630577,0022400833,1610612759,2.0,1.0,2.0,0.0,5.0,1.0,0.0,0.0
1629627,0022400833,1610612740,18.0,3.0,6.0,0.0,15.0,8.0,3.0,2.0
203482,0022400833,1610612740,6.0,3.0,12.0,1.0,6.0,1.0,5.0,4.0
1642274,0022400833,1610612740,10.0,0.0,11.0,1.0,8.0,4.0,2.0,2.0
1630530,0022400833,1610612740,24.0,4.0,4.0,2.0,21.0,9.0,4.0,3.0
203468,0022400833,1610612740,13.0,5.0,4.0,0.0,14.0,5.0,2.0,2.0
1628971,0022400833,1610612740,8.0,6.0,6.0,0.0,8.0,3.0,3.0,2.0
1641722,0022400833,1610612740,12.0,0.0,4.0,1.0,13.0,5.0,1.0,1.0
1630631,0022400833,1610612740,7.0,4.0,5.0,0.0,5.0,3.0,1.0,1.0
1631255,0022400833,1610612740,8.0,0.0,2.0,0.0,2.0,2.0,4.0,3.0
1641810,0022400833,1610612740,3.0,0.0,0.0,1.0,2.0,1.0,0.0,0.0
1630182,0022400828,1610612766,3.0,1.0,0.0,0.0,5.0,1.0,2.0,1.0
1628970,0022400828,1610612766,23.0,1.0,6.0,1.0,19.0,9.0,2.0,1.0
203994,0022400828,1610612766,12.0,3.0,9.0,1.0,6.0,4.0,4.0,3.0
1641733,0022400828,1610612766,13.0,2.0,1.0,0.0,15.0,5.0,0.0,0.0
1630163,0022400828,1610612766,13.0,9.0,6.0,0.0,13.0,3.0,6.0,6.0
203901,0022400828,1610612766,0.0,3.0,2.0,1.0,2.0,0.0,0.0,0.0
1642275,0022400828,1610612766,4.0,0.0,3.0,1.0,5.0,1.0,2.0,2.0
1631217,0022400828,1610612766,12.0,0.0,7.0,0.0,10.0,5.0,4.0,2.0
1641878,0022400828,1610612766,4.0,4.0,2.0,0.0,8.0,1.0,2.0,1.0
1631111,0022400828,1610612766,4.0,1.0,1.0,0.0,2.0,1.0,2.0,2.0
201942,0022400828,1610612758,18.0,3.0,7.0,0.0,12.0,4.0,8.0,8.0
1631099,0022400828,1610612758,10.0,0.0,5.0,0.0,9.0,4.0,0.0,0.0
1627734,0022400828,1610612758,7.0,7.0,10.0,0.0,7.0,3.0,2.0,1.0
203897,0022400828,1610612758,42.0,2.0,3.0,0.0,19.0,16.0,3.0,2.0
1628370,0022400828,1610612758,13.0,10.0,4.0,2.0,14.0,5.0,1.0,1.0
1631165,0022400828,1610612758,6.0,0.0,0.0,0.0,2.0,2.0,0.0,0.0
202685,0022400828,1610612758,6.0,1.0,8.0,1.0,4.0,2.0,2.0,2.0
1631222,0022400828,1610612758,0.0,5.0,2.0,0.0,0.0,0.0,0.0,0.0
1628365,0022400828,1610612758,5.0,1.0,3.0,0.0,7.0,2.0,0.0,0.0
1626168,0022400828,1610612758,8.0,1.0,4.0,0.0,3.0,3.0,0.0,0.0
203926,0022400828,1610612758,0.0,0.0,0.0,0.0,0.0,0.0,0.0,0.0
1642269,0022400828,1610612758,9.0,0.0,1.0,0.0,5.0,3.0,2.0,2.0
1642384,0022400828,1610612758,2.0,0.0,2.0,1.0,2.0,1.0,0.0,0.0
1630222,0022400828,1610612758,4.0,0.0,0.0,0.0,3.0,2.0,0.0,0.0
203924,0022400827,1610612757,20.0,3.0,4.0,1.0,15.0,6.0,4.0,3.0
1641739,0022400827,1610612757,8.0,3.0,8.0,1.0,11.0,4.0,0.0,0.0
1642270,0022400827,1610612757,7.0,1.0,13.0,2.0,4.0,2.0,4.0,3.0
1630166,0022400827,1610612757,18.0,5.0,14.0,0.0,15.0,5.0,11.0,7.0
1629014,0022400827,1610612757,28.0,6.0,2.0,0.0,23.0,10.0,5.0,5.0
1630703,0022400827,1610612757,17.0,6.0,5.0,0.0,15.0,7.0,0.0,0.0
1631133,0022400827,1610612757,4.0,1.0,2.0,0.0,2.0,2.0,0.0,0.0
1631101,0022400827,1610612757,12.0,0.0,2.0,0.0,13.0,5.0,0.0,0.0
1630625,0022400827,1610612757,0.0,1.0,1.0,1.0,0.0,0.0,0.0,0.0
1631200,0022400827,1610612757,0.0,0.0,0.0,1.0,0.0,0.0,0.0,0.0
1630548,0022400827,1610612762,5.0,0.0,0.0,0.0,7.0,2.0,0.0,0.0
1630231,0022400827,1610612762,9.0,2.0,5.0,1.0,8.0,4.0,1.0,1.0
1642271,0022400827,1610612762,20.0,5.0,11.0,1.0,11.0,6.0,6.0,4.0
1641729,0022400827,1610612762,21.0,1.0,4.0,0.0,12.0,7.0,3.0,3.0
1642268,0022400827,1610612762,6.0,4.0,3.0,0.0,9.0,2.0,2.0,1.0
1642262,0022400827,1610612762,8.0,5.0,8.0,0.0,9.0,4.0,0.0,0.0
1630695,0022400827,1610612762,12.0,1.0,7.0,0.0,6.0,4.0,2.0,2.0
1641718,0022400827,1610612762,21.0,5.0,5.0,0.0,22.0,6.0,5.0,5.0
1629004,0022400827,1610612762,10.0,1.0,2.0,0.0,14.0,4.0,0.0,0.0
1630284,2022400324,1612709929,17.0,1.0,10.0,0.0,15.0,7.0,4.0,2.0
1631342,2022400324,1612709929,9.0,2.0,2.0,1.0,12.0,3.0,2.0,2.0
1628396,2022400324,1612709929,28.0,1.0,13.0,0.0,17.0,13.0,1.0,1.0
1630275,2022400324,1612709929,4.0,0.0,2.0,0.0,10.0,2.0,0.0,0.0
1642605,2022400324,1612709929,12.0,9.0,6.0,0.0,9.0,5.0,1.0,1.0
1642365,2022400324,1612709929,12.0,4.0,3.0,0.0,11.0,3.0,3.0,3.0
1641935,2022400324,1612709929,3.0,2.0,5.0,1.0,6.0,1.0,1.0,0.0
1641934,2022400324,1612709929,0.0,0.0,1.0,0.0,2.0,0.0,0.0,0.0
1641792,2022400324,1612709929,2.0,1.0,1.0,0.0,4.0,1.0,0.0,0.0
1641848,2022400324,1612709929,9.0,0.0,3.0,3.0,9.0,4.0,0.0,0.0
1641795,2022400324,1612709903,12.0,4.0,2.0,1.0,10.0,6.0,2.0,0.0
1641864,2022400324,1612709903,18.0,1.0,3.0,0.0,13.0,6.0,0.0,0.0
1631131,2022400324,1612709903,14.0,1.0,18.0,1.0,8.0,5.0,3.0,3.0
202738,2022400324,1612709903,28.0,6.0,0.0,0.0,23.0,8.0,4.0,4.0
1641989,2022400324,1612709903,10.0,5.0,6.0,1.0,14.0,3.0,2.0,2.0
1641863,2022400324,1612709903,10.0,0.0,6.0,0.0,9.0,4.0,0.0,0.0
1630546,2022400324,1612709903,21.0,2.0,6.0,0.0,9.0,7.0,2.0,1.0
1631220,2022400324,1612709903,4.0,8.0,3.0,0.0,3.0,1.0,1.0,1.0
1642405,2022400324,1612709903,2.0,1.0,7.0,0.0,3.0,1.0,0.0,0.0
1642693,2022400324,1612709903,0.0,0.0,2.0,0.0,0.0,0.0,0.0,0.0
1642640,2022400324,1612709903,0.0,0.0,0.0,0.0,1.0,0.0,0.0,0.0
1641749,2022400321,1612709922,23.0,2.0,7.0,0.0,23.0,10.0,4.0,1.0
1630640,2022400321,1612709922,17.0,4.0,8.0,0.0,18.0,5.0,1.0,1.0
1642072,2022400321,1612709922,4.0,1.0,5.0,0.0,7.0,2.0,0.0,0.0
1631301,2022400321,1612709922,28.0,3.0,5.0,0.0,18.0,11.0,3.0,3.0
1630585,2022400321,1612709922,0.0,3.0,1.0,1.0,3.0,0.0,0.0,0.0
1642771,2022400321,1612709922,9.0,0.0,5.0,1.0,5.0,4.0,0.0,0.0
1631474,2022400321,1612709922,9.0,5.0,3.0,0.0,9.0,4.0,0.0,0.0
1642045,2022400321,1612709922,0.0,1.0,3.0,1.0,6.0,0.0,0.0,0.0
1642678,2022400321,1612709922,3.0,0.0,1.0,0.0,5.0,1.0,1.0,1.0
1642277,2022400321,1612709910,18.0,2.0,12.0,2.0,15.0,7.0,2.0,1.0
1642402,2022400321,1612709910,22.0,4.0,15.0,0.0,13.0,9.0,2.0,1.0
1626143,2022400321,1612709910,26.0,3.0,10.0,0.0,14.0,12.0,1.0,1.0
1629751,2022400321,1612709910,9.0,2.0,2.0,2.0,9.0,4.0,0.0,0.0
1631245,2022400321,1612709910,24.0,9.0,5.0,0.0,14.0,9.0,3.0,3.0
1630667,2022400321,1612709910,0.0,12.0,4.0,0.0,5.0,0.0,0.0,0.0
1630787,2022400321,1612709910,9.0,2.0,1.0,0.0,11.0,4.0,0.0,0.0
1631249,2022400321,1612709910,5.0,0.0,3.0,0.0,2.0,2.0,0.0,0.0
1642027,2022400321,1612709910,2.0,1.0,0.0,0.0,1.0,1.0,0.0,0.0
1627208,2022400321,1612709910,0.0,0.0,1.0,0.0,2.0,0.0,0.0,0.0
1631497,2022400321,1612709910,1.0,0.0,2.0,0.0,3.0,0.0,2.0,1.0
1642551,2022400321,1612709910,5.0,0.0,0.0,0.0,2.0,2.0,0.0,0.0
203952,0022400825,1610612748,23.0,1.0,4.0,3.0,14.0,6.0,7.0,7.0
1628389,0022400825,1610612748,14.0,1.0,5.0,0.0,13.0,5.0,4.0,4.0
1642276,0022400825,1610612748,8.0,3.0,15.0,1.0,7.0,4.0,1.0,0.0
1629639,0022400825,1610612748,11.0,3.0,6.0,0.0,19.0,4.0,3.0,3.0
1630558,0022400825,1610612748,6.0,2.0,1.0,0.0,6.0,3.0,0.0,0.0
1629130,0022400825,1610612748,3.0,2.0,3.0,0.0,6.0,1.0,0.0,0.0
203937,0022400825,1610612748,14.0,2.0,5.0,0.0,4.0,2.0,10.0,9.0
202692,0022400825,1610612748,5.0,1.0,5.0,0.0,12.0,1.0,2.0,2.0
1631170,0022400825,1610612748,2.0,0.0,1.0,0.0,3.0,1.0,0.0,0.0
1642258,0022400825,1610612737,2.0,1.0,3.0,0.0,8.0,1.0,0.0,0.0
1631243,0022400825,1610612737,9.0,3.0,3.0,1.0,6.0,4.0,0.0,0.0
1630168,0022400825,1610612737,17.0,3.0,8.0,0.0,10.0,7.0,2.0,1.0
1630700,0022400825,1610612737,10.0,2.0,11.0,0.0,12.0,5.0,0.0,0.0
1629027,0022400825,1610612737,11.0,14.0,3.0,1.0,14.0,4.0,3.0,3.0
1627777,0022400825,1610612737,11.0,1.0,5.0,0.0,9.0,4.0,0.0,0.0
1627747,0022400825,1610612737,15.0,2.0,4.0,0.0,12.0,5.0,4.0,4.0
1629611,0022400825,1610612737,15.0,2.0,2.0,0.0,9.0,6.0,3.0,1.0
203991,0022400825,1610612737,8.0,1.0,11.0,0.0,8.0,4.0,0.0,0.0
1629661,0022400824,1610612751,17.0,1.0,4.0,1.0,13.0,5.0,5.0,5.0
1630533,0022400824,1610612751,19.0,0.0,5.0,0.0,10.0,6.0,2.0,2.0
1629651,0022400824,1610612751,8.0,2.0,5.0,1.0,8.0,4.0,0.0,0.0
1630553,0022400824,1610612751,9.0,5.0,2.0,1.0,11.0,4.0,0.0,0.0
1630165,0022400824,1610612751,7.0,8.0,3.0,1.0,7.0,2.0,2.0,2.0
1630592,0022400824,1610612751,6.0,2.0,2.0,0.0,9.0,2.0,1.0,0.0
1630549,0022400824,1610612751,7.0,2.0,6.0,0.0,4.0,2.0,6.0,3.0
1641736,0022400824,1610612751,0.0,1.0,0.0,0.0,1.0,0.0,0.0,0.0
1630570,0022400824,1610612751,11.0,3.0,7.0,0.0,8.0,4.0,4.0,3.0
1631213,0022400824,1610612751,15.0,1.0,5.0,0.0,13.0,4.0,4.0,4.0
203114,0022400824,1610612764,7.0,5.0,3.0,1.0,6.0,2.0,2.0,2.0
1642273,0022400824,1610612764,12.0,5.0,3.0,3.0,9.0,4.0,2.0,2.0
1626158,0022400824,1610612764,11.0,4.0,6.0,3.0,3.0,3.0,5.0,5.0
1641731,0022400824,1610612764,20.0,2.0,5.0,0.0,14.0,7.0,3.0,3.0
1629673,0022400824,1610612764,26.0,2.0,4.0,0.0,13.0,8.0,5.0,5.0
1642267,0022400824,1610612764,5.0,2.0,1.0,0.0,8.0,2.0,0.0,0.0
1630557,0022400824,1610612764,4.0,3.0,3.0,0.0,3.0,1.0,2.0,2.0
1641774,0022400824,1610612764,6.0,0.0,4.0,1.0,3.0,2.0,2.0,2.0
203935,0022400824,1610612764,10.0,2.0,1.0,0.0,6.0,4.0,2.0,2.0
1630551,0022400824,1610612764,6.0,1.0,7.0,0.0,5.0,2.0,2.0,1.0
1629667,0022400824,1610612764,0.0,0.0,0.0,0.0,0.0,0.0,0.0,0.0
1628366,0022400823,1610612741,6.0,1.0,2.0,0.0,2.0,2.0,0.0,0.0
1641824,0022400823,1610612741,17.0,5.0,3.0,1.0,17.0,6.0,4.0,4.0
1628380,0022400823,1610612741,19.0,1.0,5.0,1.0,10.0,6.0,6.0,6.0
1628989,0022400823,1610612741,23.0,4.0,0.0,0.0,12.0,8.0,0.0,0.0
1630581,0022400823,1610612741,25.0,6.0,16.0,3.0,11.0,8.0,6.0,6.0
1629632,0022400823,1610612741,15.0,6.0,5.0,0.0,13.0,5.0,3.0,3.0
1641763,0022400823,1610612741,8.0,0.0,3.0,0.0,8.0,2.0,6.0,4.0
1631207,0022400823,1610612741,17.0,3.0,4.0,1.0,8.0,6.0,5.0,5.0
1630200,0022400823,1610612741,4.0,5.0,4.0,0.0,1.0,0.0,4.0,4.0
1628975,0022400823,1610612741,8.0,0.0,0.0,0.0,4.0,2.0,2.0,2.0
1629659,0022400823,1610612741,0.0,1.0,2.0,0.0,3.0,0.0,0.0,0.0
1626162,0022400823,1610612755,19.0,1.0,8.0,0.0,13.0,7.0,6.0,5.0
202331,0022400823,1610612755,19.0,2.0,2.0,2.0,16.0,8.0,2.0,1.0
1627824,0022400823,1610612755,0.0,1.0,1.0,0.0,4.0,0.0,0.0,0.0
1629656,0022400823,1610612755,9.0,1.0,3.0,1.0,8.0,3.0,0.0,0.0
1630178,0022400823,1610612755,13.0,2.0,0.0,1.0,10.0,3.0,7.0,6.0
203083,0022400823,1610612755,10.0,0.0,8.0,0.0,3.0,1.0,8.0,8.0
1629022,0022400823,1610612755,5.0,3.0,7.0,0.0,11.0,2.0,0.0,0.0
1641741,0022400823,1610612755,12.0,2.0,4.0,0.0,9.0,4.0,4.0,4.0
1641737,0022400823,1610612755,4.0,0.0,6.0,1.0,2.0,1.0,2.0,2.0
1631223,0022400823,1610612755,12.0,1.0,3.0,0.0,11.0,5.0,0.0,0.0
1630215,0022400823,1610612755,7.0,5.0,4.0,0.0,5.0,3.0,0.0,0.0
1630288,0022400823,1610612755,0.0,1.0,1.0,0.0,3.0,0.0,0.0,0.0
1641740,0022400826,1610612750,5.0,2.0,1.0,0.0,3.0,1.0,2.0,2.0
1630183,0022400826,1610612750,27.0,4.0,10.0,0.0,16.0,9.0,9.0,9.0
1629675,0022400826,1610612750,22.0,3.0,11.0,0.0,21.0,7.0,6.0,6.0
1630162,0022400826,1610612750,17.0,8.0,13.0,1.0,15.0,5.0,10.0,6.0
201144,0022400826,1610612750,8.0,1.0,0.0,0.0,5.0,3.0,0.0,0.0
1629638,0022400826,1610612750,21.0,3.0,5.0,1.0,12.0,7.0,6.0,5.0
1630568,0022400826,1610612750,2.0,0.0,0.0,1.0,4.0,1.0,0.0,0.0
1642265,0022400826,1610612750,12.0,5.0,4.0,0.0,10.0,4.0,3.0,3.0
1630545,0022400826,1610612750,17.0,1.0,10.0,2.0,10.0,7.0,3.0,3.0
204060,0022400826,1610612750,0.0,2.0,0.0,0.0,1.0,0.0,0.0,0.0
1629652,0022400826,1610612760,5.0,1.0,3.0,1.0,10.0,2.0,2.0,0.0
1631114,0022400826,1610612760,27.0,6.0,6.0,1.0,23.0,10.0,6.0,5.0
1628392,0022400826,1610612760,4.0,2.0,5.0,1.0,4.0,1.0,2.0,2.0
1641717,0022400826,1610612760,12.0,1.0,6.0,0.0,11.0,5.0,0.0,0.0
1628983,0022400826,1610612760,39.0,8.0,10.0,0.0,20.0,11.0,17.0,14.0
1630598,0022400826,1610612760,19.0,0.0,7.0,1.0,16.0,8.0,2.0,2.0
1631119,0022400826,1610612760,6.0,2.0,6.0,1.0,3.0,2.0,0.0,0.0
1630198,0022400826,1610612760,9.0,2.0,3.0,1.0,7.0,3.0,0.0,0.0
1627936,0022400826,1610612760,5.0,4.0,4.0,2.0,8.0,2.0,0.0,0.0
1629026,0022400826,1610612760,2.0,1.0,3.0,0.0,4.0,1.0,0.0,0.0
203992,0022400821,1610612746,13.0,5.0,4.0,0.0,19.0,6.0,0.0,0.0
201587,0022400821,1610612746,9.0,1.0,3.0,0.0,5.0,3.0,0.0,0.0
1627826,0022400821,1610612746,13.0,5.0,15.0,3.0,11.0,6.0,3.0,1.0
1627739,0022400821,1610612746,13.0,4.0,5.0,0.0,10.0,6.0,0.0,0.0
201935,0022400821,1610612746,18.0,5.0,12.0,0.0,22.0,5.0,8.0,5.0
1629599,0022400821,1610612746,10.0,3.0,4.0,0.0,8.0,3.0,3.0,3.0
1629234,0022400821,1610612746,0.0,0.0,2.0,0.0,2.0,0.0,0.0,0.0
1627884,0022400821,1610612746,15.0,1.0,3.0,0.0,11.0,6.0,5.0,3.0
201988,0022400821,1610612746,6.0,0.0,0.0,0.0,4.0,2.0,0.0,0.0
1641738,0022400821,1610612746,0.0,0.0,0.0,0.0,0.0,0.0,0.0,0.0
1641709,0022400821,1610612765,10.0,3.0,3.0,2.0,7.0,5.0,0.0,0.0
202699,0022400821,1610612765,20.0,2.0,5.0,0.0,13.0,9.0,1.0,0.0
1631105,0022400821,1610612765,12.0,2.0,19.0,1.0,9.0,4.0,6.0,4.0
203501,0022400821,1610612765,6.0,2.0,2.0,1.0,7.0,2.0,2.0,2.0
1630595,0022400821,1610612765,32.0,7.0,9.0,0.0,22.0,9.0,12.0,10.0
1627736,0022400821,1610612765,9.0,1.0,0.0,0.0,10.0,3.0,0.0,0.0
1630191,0022400821,1610612765,3.0,1.0,4.0,2.0,2.0,1.0,2.0,1.0
203471,0022400821,1610612765,7.0,4.0,2.0,1.0,6.0,1.0,8.0,5.0
1641842,0022400821,1610612765,7.0,0.0,2.0,0.0,3.0,2.0,5.0,3.0
1629600,2022400322,1612709909,38.0,5.0,5.0,2.0,23.0,12.0,5.0,5.0
1630600,2022400322,1612709909,27.0,3.0,4.0,1.0,18.0,11.0,3.0,2.0
1642024,2022400322,1612709909,10.0,2.0,7.0,1.0,16.0,4.0,0.0,0.0
1641758,2022400322,1612709909,16.0,11.0,3.0,1.0,15.0,5.0,3.0,3.0
1628876,2022400322,1612709909,0.0,1.0,3.0,0.0,3.0,0.0,0.0,0.0
1630542,2022400322,1612709909,2.0,1.0,3.0,0.0,3.0,0.0,1.0,1.0
1627775,2022400322,1612709909,5.0,3.0,10.0,0.0,2.0,2.0,0.0,0.0
1631171,2022400322,1612709909,9.0,0.0,3.0,1.0,8.0,4.0,0.0,0.0
1631198,2022400322,1612709909,10.0,0.0,3.0,0.0,7.0,5.0,1.0,0.0
1641823,2022400322,1612709909,0.0,0.0,0.0,1.0,1.0,0.0,0.0,0.0
1641847,2022400322,1612709917,6.0,2.0,4.0,0.0,5.0,1.0,1.0,1.0
1641790,2022400322,1612709917,19.0,2.0,11.0,3.0,16.0,8.0,0.0,0.0
1641777,2022400322,1612709917,14.0,2.0,15.0,1.0,6.0,5.0,2.0,2.0
1642019,2022400322,1612709917,18.0,13.0,3.0,1.0,14.0,7.0,1.0,1.0
1641725,2022400322,1612709917,23.0,8.0,7.0,1.0,21.0,8.0,3.0,3.0
1642440,2022400322,1612709917,0.0,0.0,2.0,0.0,2.0,0.0,0.0,0.0
1641856,2022400322,1612709917,18.0,2.0,6.0,1.0,17.0,6.0,4.0,3.0
1642595,2022400322,1612709917,3.0,2.0,1.0,0.0,3.0,1.0,0.0,0.0
1642444,2022400322,1612709917,20.0,1.0,4.0,1.0,11.0,8.0,1.0,1.0
1641757,2022400323,1612709924,24.0,4.0,9.0,1.0,14.0,8.0,3.0,3.0
1630296,2022400323,1612709924,14.0,1.0,5.0,3.0,17.0,7.0,0.0,0.0
1630539,2022400323,1612709924,16.0,1.0,6.0,3.0,8.0,7.0,2.0,1.0
1642353,2022400323,1612709924,14.0,4.0,5.0,0.0,11.0,4.0,5.0,4.0
1630618,2022400323,1612709924,10.0,7.0,1.0,0.0,9.0,4.0,1.0,1.0
1642584,2022400323,1612709924,0.0,3.0,3.0,0.0,2.0,0.0,1.0,0.0
1642409,2022400323,1612709924,24.0,6.0,3.0,0.0,15.0,7.0,6.0,6.0
1631116,2022400323,1612709924,16.0,2.0,6.0,1.0,10.0,6.0,1.0,1.0
1631286,2022400323,1612709924,5.0,0.0,2.0,0.0,3.0,2.0,0.0,0.0
1642583,2022400323,1612709924,0.0,1.0,1.0,0.0,1.0,0.0,0.0,0.0
1630705,2022400323,1612709911,17.0,4.0,7.0,2.0,14.0,8.0,2.0,1.0
1642442,2022400323,1612709911,13.0,2.0,7.0,1.0,12.0,6.0,2.0,0.0
1642558,2022400323,1612709911,9.0,1.0,10.0,1.0,5.0,4.0,0.0,0.0
1630219,2022400323,1612709911,20.0,9.0,6.0,0.0,19.0,7.0,1.0,1.0
1642554,2022400323,1612709911,33.0,12.0,7.0,0.0,27.0,14.0,2.0,2.0
1641909,2022400323,1612709911,5.0,0.0,1.0,0.0,6.0,2.0,0.0,0.0
1642475,2022400323,1612709911,19.0,0.0,5.0,0.0,8.0,6.0,3.0,2.0
1629008,0022400822,1610612743,19.0,3.0,11.0,0.0,16.0,9.0,0.0,0.0
203932,0022400822,1610612743,25.0,2.0,5.0,0.0,17.0,11.0,1.0,1.0
203999,0022400822,1610612743,18.0,19.0,9.0,1.0,14.0,9.0,0.0,0.0
1631128,0022400822,1610612743,17.0,1.0,8.0,0.0,11.0,7.0,3.0,3.0
1627750,0022400822,1610612743,16.0,6.0,1.0,0.0,12.0,6.0,0.0,0.0
201566,0022400822,1610612743,7.0,5.0,3.0,0.0,8.0,2.0,4.0,3.0
1630192,0022400822,1610612743,14.0,0.0,3.0,2.0,8.0,6.0,2.0,1.0
1631124,0022400822,1610612743,4.0,2.0,1.0,0.0,4.0,1.0,2.0,2.0
201599,0022400822,1610612743,1.0,0.0,5.0,1.0,1.0,0.0,2.0,1.0
1629618,0022400822,1610612743,4.0,1.0,0.0,0.0,3.0,2.0,0.0,0.0
1630174,0022400822,1610612754,17.0,0.0,4.0,2.0,10.0,5.0,5.0,5.0
1627783,0022400822,1610612754,19.0,2.0,9.0,0.0,18.0,7.0,6.0,3.0
1626167,0022400822,1610612754,23.0,2.0,2.0,1.0,18.0,7.0,8.0,7.0
1629614,0022400822,1610612754,6.0,5.0,2.0,0.0,5.0,3.0,0.0,0.0
1630169,0022400822,1610612754,19.0,15.0,1.0,0.0,11.0,6.0,2.0,2.0
1628418,0022400822,1610612754,6.0,0.0,1.0,0.0,4.0,2.0,2.0,1.0
1630167,0022400822,1610612754,11.0,2.0,3.0,0.0,8.0,4.0,2.0,2.0
1641767,0022400822,1610612754,7.0,1.0,7.0,0.0,4.0,3.0,0.0,0.0
1631097,0022400822,1610612754,8.0,2.0,3.0,0.0,7.0,3.0,2.0,2.0
1631114,0022400820,1610612760,18.0,9.0,3.0,1.0,14.0,6.0,4.0,3.0
1631096,0022400820,1610612760,19.0,1.0,4.0,3.0,11.0,8.0,0.0,0.0
1628392,0022400820,1610612760,12.0,5.0,9.0,0.0,8.0,6.0,0.0,0.0
1629652,0022400820,1610612760,4.0,2.0,3.0,0.0,4.0,2.0,0.0,0.0
1628983,0022400820,1610612760,37.0,8.0,8.0,3.0,24.0,13.0,11.0,8.0
1627936,0022400820,1610612760,11.0,2.0,7.0,0.0,8.0,4.0,0.0,0.0
1630598,0022400820,1610612760,15.0,0.0,0.0,1.0,6.0,4.0,4.0,3.0
1629026,0022400820,1610612760,2.0,1.0,0.0,0.0,1.0,1.0,0.0,0.0
1641717,0022400820,1610612760,6.0,2.0,2.0,0.0,5.0,2.0,1.0,1.0
1630198,0022400820,1610612760,6.0,2.0,1.0,0.0,5.0,2.0,0.0,0.0
1641740,0022400820,1610612750,14.0,0.0,1.0,0.0,7.0,6.0,0.0,0.0
1630183,0022400820,1610612750,17.0,1.0,13.0,1.0,15.0,5.0,6.0,6.0
1629675,0022400820,1610612750,22.0,2.0,11.0,4.0,18.0,6.0,7.0,7.0
1630162,0022400820,1610612750,29.0,7.0,10.0,0.0,21.0,8.0,10.0,9.0
201144,0022400820,1610612750,9.0,5.0,2.0,0.0,6.0,3.0,0.0,0.0
1629638,0022400820,1610612750,18.0,2.0,2.0,0.0,12.0,6.0,2.0,2.0
1630545,0022400820,1610612750,7.0,2.0,1.0,0.0,7.0,3.0,1.0,1.0
1642265,0022400820,1610612750,0.0,3.0,0.0,0.0,1.0,0.0,0.0,0.0
1630568,0022400820,1610612750,7.0,1.0,4.0,0.0,2.0,2.0,2.0,2.0
1631169,0022400820,1610612750,0.0,0.0,0.0,0.0,0.0,0.0,0.0,0.0
1642066,2022400316,1612709925,0.0,2.0,5.0,1.0,4.0,0.0,0.0,0.0
1641771,2022400316,1612709925,8.0,2.0,8.0,3.0,10.0,4.0,1.0,0.0
1630658,2022400316,1612709925,18.0,1.0,7.0,2.0,9.0,7.0,2.0,2.0
1630679,2022400316,1612709925,29.0,6.0,7.0,0.0,17.0,9.0,2.0,2.0
1630644,2022400316,1612709925,21.0,5.0,2.0,2.0,16.0,5.0,7.0,7.0
1629633,2022400316,1612709925,26.0,3.0,4.0,2.0,18.0,9.0,4.0,3.0
1642235,2022400316,1612709925,4.0,4.0,1.0,0.0,5.0,2.0,0.0,0.0
1641918,2022400316,1612709925,5.0,0.0,7.0,2.0,8.0,2.0,1.0,1.0
1626217,2022400316,1612709925,8.0,0.0,9.0,1.0,5.0,3.0,1.0,1.0
1641727,2022400316,1612709921,30.0,1.0,6.0,0.0,17.0,11.0,1.0,0.0
1641787,2022400316,1612709921,17.0,3.0,5.0,0.0,11.0,5.0,5.0,4.0
1631166,2022400316,1612709921,27.0,0.0,10.0,2.0,12.0,9.0,5.0,4.0
1630623,2022400316,1612709921,28.0,7.0,4.0,0.0,23.0,10.0,3.0,2.0
1642011,2022400316,1612709921,2.0,12.0,6.0,1.0,5.0,1.0,1.0,0.0
1631112,2022400316,1612709921,6.0,1.0,3.0,1.0,8.0,1.0,2.0,2.0
1642378,2022400316,1612709921,5.0,1.0,0.0,0.0,8.0,2.0,0.0,0.0
1630286,2022400316,1612709921,4.0,1.0,9.0,0.0,9.0,2.0,0.0,0.0
1642573,2022400316,1612709921,2.0,0.0,1.0,0.0,1.0,1.0,0.0,0.0
203952,0022400817,1610612748,20.0,4.0,6.0,1.0,20.0,7.0,7.0,5.0
1628389,0022400817,1610612748,24.0,1.0,7.0,0.0,16.0,10.0,3.0,2.0
1642276,0022400817,1610612748,12.0,4.0,12.0,1.0,10.0,6.0,0.0,0.0
1629639,0022400817,1610612748,40.0,11.0,7.0,0.0,27.0,12.0,14.0,13.0
1630558,0022400817,1610612748,5.0,5.0,4.0,1.0,4.0,2.0,0.0,0.0
1631107,0022400817,1610612748,7.0,0.0,2.0,0.0,4.0,3.0,0.0,0.0
1629130,0022400817,1610612748,3.0,0.0,4.0,0.0,3.0,1.0,0.0,0.0
1626179,0022400817,1610612748,2.0,0.0,2.0,0.0,4.0,0.0,2.0,2.0
203937,0022400817,1610612748,0.0,0.0,2.0,0.0,0.0,0.0,0.0,0.0
1628398,0022400817,1610612749,16.0,3.0,3.0,0.0,12.0,5.0,5.0,4.0
203507,0022400817,1610612749,23.0,7.0,16.0,1.0,18.0,11.0,0.0,0.0
201572,0022400817,1610612749,17.0,1.0,4.0,2.0,11.0,6.0,3.0,3.0
1627752,0022400817,1610612749,2.0,0.0,1.0,0.0,4.0,1.0,0.0,0.0
203081,0022400817,1610612749,28.0,8.0,3.0,0.0,17.0,9.0,6.0,5.0
1631260,0022400817,1610612749,5.0,2.0,1.0,0.0,6.0,2.0,0.0,0.0
1629018,0022400817,1610612749,16.0,0.0,4.0,0.0,9.0,5.0,4.0,3.0
1630579,0022400817,1610612749,2.0,1.0,4.0,0.0,2.0,1.0,0.0,0.0
1629645,0022400817,1610612749,11.0,2.0,3.0,0.0,7.0,4.0,4.0,3.0
1641748,0022400817,1610612749,0.0,1.0,1.0,0.0,0.0,0.0,0.0,0.0
1631157,0022400817,1610612749,0.0,0.0,0.0,0.0,0.0,0.0,0.0,0.0
1630551,0022400815,1610612764,6.0,0.0,6.0,1.0,7.0,1.0,3.0,3.0
1642273,0022400815,1610612764,9.0,3.0,2.0,1.0,10.0,3.0,2.0,0.0
1626158,0022400815,1610612764,11.0,1.0,10.0,2.0,6.0,5.0,2.0,1.0
1641731,0022400815,1610612764,11.0,6.0,2.0,0.0,11.0,4.0,3.0,3.0
1629673,0022400815,1610612764,16.0,4.0,3.0,0.0,16.0,6.0,2.0,1.0
1642267,0022400815,1610612764,13.0,4.0,5.0,0.0,9.0,5.0,3.0,3.0
1630557,0022400815,1610612764,9.0,1.0,1.0,0.0,12.0,3.0,3.0,2.0
1641774,0022400815,1610612764,12.0,2.0,5.0,0.0,6.0,4.0,4.0,3.0
1630264,0022400815,1610612764,3.0,0.0,2.0,0.0,1.0,1.0,0.0,0.0
1629667,0022400815,1610612764,0.0,1.0,0.0,0.0,0.0,0.0,0.0,0.0
1630532,0022400815,1610612753,23.0,5.0,7.0,0.0,22.0,11.0,0.0,0.0
1631094,0022400815,1610612753,19.0,5.0,5.0,1.0,12.0,5.0,9.0,8.0
1628976,0022400815,1610612753,11.0,2.0,9.0,1.0,7.0,5.0,1.0,0.0
203484,0022400815,1610612753,5.0,1.0,1.0,1.0,6.0,2.0,1.0,1.0
1630175,0022400815,1610612753,5.0,1.0,1.0,0.0,9.0,1.0,2.0,2.0
203914,0022400815,1610612753,0.0,1.0,2.0,0.0,3.0,0.0,0.0,0.0
1629048,0022400815,1610612753,11.0,3.0,9.0,0.0,5.0,4.0,4.0,3.0
1641710,0022400815,1610612753,23.0,3.0,7.0,1.0,12.0,7.0,5.0,5.0
1628371,0022400815,1610612753,0.0,1.0,4.0,0.0,2.0,0.0,0.0,0.0
1641783,0022400815,1610612753,3.0,0.0,0.0,0.0,2.0,1.0,0.0,0.0
1631216,0022400815,1610612753,3.0,0.0,1.0,0.0,1.0,1.0,0.0,0.0
1641724,0022400815,1610612753,5.0,3.0,1.0,0.0,5.0,2.0,0.0,0.0
202709,0022400815,1610612753,0.0,0.0,0.0,0.0,1.0,0.0,0.0,0.0
1630243,0022400815,1610612753,2.0,0.0,0.0,1.0,3.0,1.0,0.0,0.0
1630342,2022400315,1612709913,10.0,0.0,2.0,0.0,8.0,4.0,1.0,0.0
1631232,2022400315,1612709913,16.0,0.0,11.0,0.0,20.0,7.0,0.0,0.0
1642490,2022400315,1612709913,13.0,3.0,5.0,1.0,8.0,5.0,1.0,1.0
1631311,2022400315,1612709913,39.0,5.0,11.0,0.0,29.0,13.0,5.0,3.0
1631167,2022400315,1612709913,14.0,3.0,4.0,0.0,16.0,6.0,2.0,1.0
1629955,2022400315,1612709913,9.0,6.0,4.0,1.0,6.0,3.0,1.0,1.0
1631462,2022400315,1612709913,0.0,1.0,2.0,0.0,1.0,0.0,0.0,0.0
1628387,2022400315,1612709913,5.0,1.0,3.0,0.0,2.0,2.0,2.0,1.0
204105,2022400315,1612709913,0.0,1.0,2.0,0.0,0.0,0.0,0.0,0.0
1631247,2022400315,1612709893,12.0,5.0,4.0,0.0,6.0,5.0,2.0,1.0
1630624,2022400315,1612709893,13.0,3.0,7.0,1.0,12.0,6.0,1.0,1.0
1630550,2022400315,1612709893,4.0,2.0,3.0,0.0,9.0,2.0,0.0,0.0
1641734,2022400315,1612709893,21.0,3.0,10.0,1.0,18.0,7.0,1.0,0.0
1642281,2022400315,1612709893,13.0,5.0,8.0,0.0,9.0,4.0,1.0,1.0
1642468,2022400315,1612709893,0.0,3.0,3.0,0.0,1.0,0.0,1.0,0.0
1630190,2022400315,1612709893,8.0,2.0,1.0,1.0,10.0,2.0,1.0,1.0
1641772,2022400315,1612709893,20.0,1.0,5.0,2.0,9.0,7.0,6.0,4.0
1631395,2022400315,1612709893,2.0,2.0,1.0,1.0,0.0,0.0,1.0,1.0
1631436,2022400315,1612709893,2.0,0.0,1.0,0.0,1.0,0.0,1.0,1.0
1627884,0022400813,1610612746,6.0,0.0,0.0,0.0,9.0,3.0,0.0,0.0
1629599,0022400813,1610612746,14.0,1.0,3.0,0.0,9.0,4.0,6.0,5.0
1627826,0022400813,1610612746,22.0,2.0,6.0,0.0,11.0,8.0,6.0,6.0
1627739,0022400813,1610612746,4.0,1.0,5.0,1.0,7.0,2.0,0.0,0.0
201935,0022400813,1610612746,31.0,11.0,7.0,2.0,17.0,9.0,9.0,7.0
203992,0022400813,1610612746,11.0,2.0,1.0,0.0,13.0,4.0,3.0,2.0
1629234,0022400813,1610612746,2.0,1.0,1.0,0.0,3.0,1.0,0.0,0.0
1627732,0022400813,1610612746,8.0,4.0,3.0,0.0,7.0,3.0,3.0,2.0
201587,0022400813,1610612746,0.0,0.0,2.0,0.0,0.0,0.0,0.0,0.0
1630699,0022400813,1610612746,9.0,1.0,3.0,0.0,5.0,3.0,4.0,2.0
1641738,0022400813,1610612746,0.0,0.0,1.0,0.0,2.0,0.0,0.0,0.0
201988,0022400813,1610612746,4.0,0.0,0.0,0.0,2.0,1.0,2.0,1.0
1630174,0022400813,1610612754,19.0,1.0,6.0,0.0,11.0,7.0,3.0,3.0
1627783,0022400813,1610612754,12.0,2.0,12.0,1.0,12.0,4.0,6.0,4.0
1626167,0022400813,1610612754,17.0,4.0,6.0,2.0,11.0,5.0,3.0,3.0
1629614,0022400813,1610612754,12.0,1.0,5.0,0.0,11.0,5.0,2.0,2.0
1630169,0022400813,1610612754,29.0,12.0,1.0,0.0,14.0,9.0,7.0,7.0
1631097,0022400813,1610612754,8.0,1.0,1.0,1.0,6.0,3.0,2.0,2.0
1630167,0022400813,1610612754,10.0,6.0,5.0,0.0,9.0,5.0,0.0,0.0
1628418,0022400813,1610612754,7.0,1.0,3.0,0.0,3.0,3.0,0.0,0.0
204456,0022400813,1610612754,13.0,1.0,2.0,1.0,5.0,5.0,2.0,2.0
1641767,0022400813,1610612754,2.0,0.0,4.0,0.0,2.0,0.0,2.0,2.0
1641716,0022400813,1610612754,0.0,2.0,1.0,0.0,0.0,0.0,0.0,0.0
1642277,0022400813,1610612754,0.0,0.0,0.0,0.0,0.0,0.0,0.0,0.0
202691,0022400812,1610612742,11.0,2.0,2.0,0.0,8.0,3.0,2.0,2.0
1629023,0022400812,1610612742,17.0,3.0,4.0,0.0,11.0,7.0,1.0,0.0
1630556,0022400812,1610612742,6.0,1.0,8.0,1.0,7.0,3.0,0.0,0.0
203957,0022400812,1610612742,5.0,5.0,0.0,0.0,4.0,2.0,0.0,0.0
202681,0022400812,1610612742,17.0,4.0,5.0,2.0,18.0,7.0,2.0,2.0
1631108,0022400812,1610612742,2.0,2.0,4.0,0.0,5.0,1.0,0.0,0.0
1630230,0022400812,1610612742,9.0,2.0,5.0,0.0,8.0,3.0,2.0,2.0
1641765,0022400812,1610612742,7.0,0.0,1.0,0.0,4.0,2.0,4.0,2.0
203915,0022400812,1610612742,3.0,2.0,2.0,0.0,1.0,1.0,0.0,0.0
1629650,0022400812,1610612742,7.0,0.0,7.0,0.0,4.0,3.0,1.0,1.0
1630702,0022400812,1610612742,11.0,1.0,1.0,0.0,7.0,4.0,5.0,2.0
1630314,0022400812,1610612742,5.0,1.0,1.0,1.0,3.0,1.0,2.0,2.0
1630283,0022400812,1610612742,2.0,1.0,1.0,0.0,2.0,1.0,0.0,0.0
1630541,0022400812,1610612744,14.0,1.0,4.0,1.0,10.0,5.0,4.0,3.0
202710,0022400812,1610612744,18.0,5.0,3.0,0.0,9.0,5.0,8.0,8.0
203110,0022400812,1610612744,13.0,6.0,4.0,0.0,10.0,5.0,4.0,3.0
1641764,0022400812,1610612744,17.0,2.0,13.0,1.0,15.0,7.0,0.0,0.0
201939,0022400812,1610612744,30.0,7.0,4.0,0.0,20.0,12.0,3.0,3.0
1627780,0022400812,1610612744,3.0,1.0,3.0,0.0,2.0,1.0,0.0,0.0
1627741,0022400812,1610612744,3.0,2.0,2.0,1.0,4.0,1.0,0.0,0.0
1626172,0022400812,1610612744,7.0,0.0,3.0,1.0,5.0,3.0,2.0,1.0
1630611,0022400812,1610612744,5.0,1.0,8.0,2.0,5.0,2.0,0.0,0.0
1642366,0022400812,1610612744,10.0,3.0,6.0,0.0,9.0,3.0,2.0,2.0
1628995,0022400812,1610612744,4.0,0.0,1.0,0.0,4.0,2.0,0.0,0.0
1630311,0022400812,1610612744,0.0,1.0,1.0,0.0,2.0,0.0,0.0,0.0
1641879,0022400812,1610612744,2.0,1.0,2.0,0.0,3.0,1.0,0.0,0.0
1642377,0022400819,1610612763,14.0,0.0,4.0,0.0,10.0,5.0,2.0,0.0
1628991,0022400819,1610612763,22.0,4.0,3.0,1.0,18.0,9.0,6.0,3.0
1641744,0022400819,1610612763,6.0,0.0,9.0,1.0,5.0,2.0,4.0,2.0
1630217,0022400819,1610612763,7.0,8.0,5.0,1.0,13.0,2.0,3.0,3.0
1629630,0022400819,1610612763,21.0,10.0,2.0,0.0,13.0,6.0,7.0,7.0
1629634,0022400819,1610612763,6.0,1.0,2.0,1.0,6.0,3.0,0.0,0.0
1630583,0022400819,1610612763,15.0,1.0,6.0,1.0,11.0,6.0,0.0,0.0
1641713,0022400819,1610612763,0.0,1.0,0.0,0.0,2.0,0.0,0.0,0.0
1631246,0022400819,1610612763,10.0,1.0,1.0,0.0,5.0,2.0,5.0,5.0
1628379,0022400819,1610612763,19.0,2.0,4.0,0.0,8.0,6.0,4.0,4.0
1630590,0022400819,1610612763,3.0,0.0,1.0,0.0,1.0,1.0,0.0,0.0
1629622,0022400819,1610612739,11.0,3.0,8.0,1.0,8.0,3.0,2.0,2.0
1630596,0022400819,1610612739,25.0,8.0,13.0,3.0,20.0,10.0,6.0,4.0
1628386,0022400819,1610612739,13.0,1.0,10.0,0.0,8.0,6.0,4.0,1.0
1630171,0022400819,1610612739,6.0,0.0,4.0,1.0,5.0,2.0,2.0,1.0
1628378,0022400819,1610612739,33.0,6.0,2.0,0.0,23.0,11.0,11.0,7.0
1629631,0022400819,1610612739,12.0,2.0,8.0,0.0,10.0,4.0,4.0,4.0
1630241,0022400819,1610612739,3.0,1.0,1.0,0.0,4.0,1.0,0.0,0.0
1629660,0022400819,1610612739,26.0,4.0,5.0,0.0,16.0,9.0,6.0,5.0
1629731,0022400819,1610612739,0.0,0.0,6.0,0.0,3.0,0.0,0.0,0.0
1641854,0022400819,1610612739,0.0,0.0,0.0,0.0,2.0,0.0,0.0,0.0
1641732,2022400317,1612709928,16,4,6,2,10,7,1,0
1641778,2022400317,1612709928,7,2,3,1,5,3,0,0
1630701,2022400317,1612709928,7,4,2,1,7,2,1,1
1642358,2022400317,1612709928,16,1,1,0,13,6,2,1
1630184,2022400317,1612709928,4,6,2,1,9,2,0,0
1631219,2022400317,1612709928,10,3,5,1,6,3,1,1
1631485,2022400317,1612709928,4,0,2,0,2,1,1,1
1641917,2022400317,1612709928,24,1,5,0,14,8,2,2
1641798,2022400317,1612709928,4,4,3,0,7,2,0,0
1641907,2022400317,1612709928,12,4,1,0,11,5,3,1
1631160,2022400317,1612709923,9,7,2,1,6,3,1,1
1630604,2022400317,1612709923,25,1,8,1,11,9,3,3
1641987,2022400317,1612709923,21,6,15,2,11,9,2,2
1641801,2022400317,1612709923,12,0,10,0,14,5,0,0
1642443,2022400317,1612709923,21,8,5,0,14,7,4,4
1631408,2022400317,1612709923,6,3,2,1,7,1,2,2
1631241,2022400317,1612709923,18,2,3,0,11,5,5,4
1642549,2022400317,1612709923,7,1,0,1,3,2,1,1
1630318,2022400317,1612709923,0,0,0,0,1,0,0,0
1642607,2022400317,1612709923,2,0,0,0,1,1,0,0
1642485,2022400319,1612709915,2.0,1.0,2.0,0.0,4.0,1.0,0.0,0.0
1641817,2022400319,1612709915,13.0,1.0,6.0,0.0,15.0,5.0,2.0,1.0
1630791,2022400319,1612709915,4.0,1.0,4.0,4.0,2.0,1.0,1.0,1.0
1642696,2022400319,1612709915,14.0,1.0,4.0,0.0,12.0,7.0,0.0,0.0
1631120,2022400319,1612709915,26.0,7.0,8.0,1.0,13.0,10.0,7.0,4.0
1630648,2022400319,1612709915,6.0,0.0,1.0,0.0,3.0,1.0,2.0,2.0
1642508,2022400319,1612709915,12.0,3.0,11.0,3.0,8.0,5.0,1.0,1.0
1630206,2022400319,1612709915,14.0,1.0,5.0,0.0,15.0,4.0,3.0,2.0
1642400,2022400319,1612709915,16.0,2.0,13.0,0.0,13.0,6.0,1.0,1.0
1641992,2022400319,1612709915,0.0,1.0,0.0,0.0,3.0,0.0,0.0,0.0
1642620,2022400319,1612709915,0.0,2.0,0.0,0.0,3.0,0.0,0.0,0.0
1642285,2022400319,1612709926,25.0,6.0,4.0,0.0,15.0,7.0,5.0,3.0
1641936,2022400319,1612709926,14.0,2.0,3.0,1.0,10.0,5.0,1.0,1.0
1630654,2022400319,1612709926,15.0,2.0,10.0,1.0,15.0,5.0,2.0,2.0
1630569,2022400319,1612709926,22.0,7.0,9.0,1.0,14.0,7.0,5.0,5.0
1642530,2022400319,1612709926,6.0,9.0,3.0,0.0,9.0,2.0,0.0,0.0
1630207,2022400319,1612709926,6.0,0.0,2.0,0.0,6.0,2.0,3.0,1.0
1641970,2022400319,1612709926,2.0,0.0,2.0,0.0,6.0,1.0,0.0,0.0
1630525,2022400319,1612709926,12.0,1.0,4.0,0.0,8.0,4.0,1.0,1.0
1642492,2022400319,1612709926,0.0,0.0,0.0,0.0,0.0,0.0,0.0,0.0
1641869,2022400319,1612709926,13.0,1.0,5.0,2.0,5.0,5.0,0.0,0.0
1631321,2022400320,1612709933,17,4,3,0,18,8,1,0
1630929,2022400320,1612709933,13,2,2,2,12,5,1,1
1631376,2022400320,1612709933,12,4,9,3,9,6,1,0
1630651,2022400320,1612709933,10,4,12,2,12,5,0,0
1630547,2022400320,1612709933,0,5,7,1,4,0,1,0
1641941,2022400320,1612709933,4,1,0,0,2,2,0,0
1630310,2022400320,1612709933,21,2,7,0,20,8,1,0
1630812,2022400320,1612709933,8,0,7,0,9,4,2,0
1642412,2022400320,1612709933,2,7,5,0,1,0,1,1
1642568,2022400320,1612709933,0,0,0,0,2,0,0,0
1642562,2022400320,1612709918,22,4,8,0,19,9,4,1
1641986,2022400320,1612709918,11,0,6,1,10,5,1,0
1642499,2022400320,1612709918,15,8,16,4,10,7,1,1
1642480,2022400320,1612709918,15,2,1,0,16,5,1,0
1641789,2022400320,1612709918,30,6,4,2,21,11,3,3
1641920,2022400320,1612709918,5,1,6,0,11,2,0,0
1631236,2022400320,1612709918,0,0,1,0,1,0,0,0
1642665,2022400320,1612709918,0,1,3,1,2,0,0,0
