GAME_ID,SEASON_ID,GAME_DATE,home_team_id,away_team_id,home_score,away_score
0042400407,42024,2025-06-22,1610612760,1610612754,103,91
0042400406,42024,2025-06-19,1610612754,1610612760,108,91
0042400405,42024,2025-06-16,1610612760,1610612754,120,109
0042400404,42024,2025-06-13,1610612754,1610612760,104,111
0042400403,42024,2025-06-11,1610612754,1610612760,116,107
0042400402,42024,2025-06-08,1610612760,1610612754,123,107
0042400401,42024,2025-06-05,1610612760,1610612754,110,111
0042400306,42024,2025-05-31,1610612754,1610612752,125,108
0042400305,42024,2025-05-29,1610612752,1610612754,111,94
0042400315,42024,2025-05-28,1610612760,1610612750,124,94
0042400304,42024,2025-05-27,1610612754,1610612752,130,121
0042400314,42024,2025-05-26,1610612750,1610612760,126,128
0042400303,42024,2025-05-25,1610612754,1610612752,100,106
0042400313,42024,2025-05-24,1610612750,1610612760,143,101
0042400302,42024,2025-05-23,1610612752,1610612754,109,114
0042400312,42024,2025-05-22,1610612760,1610612750,118,103
0042400301,42024,2025-05-21,1610612752,1610612754,135,138
0042400311,42024,2025-05-20,1610612760,1610612750,114,88
0042400227,42024,2025-05-18,1610612760,1610612743,125,93
0042400216,42024,2025-05-16,1610612752,1610612738,119,81
0042400226,42024,2025-05-15,1610612743,1610612760,119,107
0042400235,42024,2025-05-14,1610612750,1610612744,121,110
0042400215,42024,2025-05-14,1610612738,1610612752,127,102
0042400225,42024,2025-05-13,1610612760,1610612743,112,105
0042400205,42024,2025-05-13,1610612739,1610612754,105,114
0042400234,42024,2025-05-12,1610612744,1610612750,110,117
0042400214,42024,2025-05-12,1610612752,1610612738,121,113
0042400224,42024,2025-05-11,1610612743,1610612760,87,92
0042400204,42024,2025-05-11,1610612754,1610612739,129,109
0042400233,42024,2025-05-10,1610612744,1610612750,97,102
0042400213,42024,2025-05-10,1610612752,1610612738,93,115
0042400203,42024,2025-05-09,1610612754,1610612739,104,126
0042400223,42024,2025-05-09,1610612743,1610612760,113,104
0042400232,42024,2025-05-08,1610612750,1610612744,117,93
0042400212,42024,2025-05-07,1610612738,1610612752,90,91
0042400222,42024,2025-05-07,1610612760,1610612743,149,106
0042400231,42024,2025-05-06,1610612750,1610612744,88,99
0042400202,42024,2025-05-06,1610612739,1610612754,119,120
0042400211,42024,2025-05-05,1610612738,1610612752,105,108
0042400221,42024,2025-05-05,1610612760,1610612743,119,121
0042400157,42024,2025-05-04,1610612745,1610612744,89,103
0042400201,42024,2025-05-04,1610612739,1610612754,112,121
0042400177,42024,2025-05-03,1610612743,1610612746,120,101
0042400156,42024,2025-05-02,1610612744,1610612745,107,115
0042400176,42024,2025-05-01,1610612746,1610612743,111,105
0042400126,42024,2025-05-01,1610612765,1610612752,113,116
0042400165,42024,2025-04-30,1610612747,1610612750,96,103
0042400155,42024,2025-04-30,1610612745,1610612744,131,116
0042400115,42024,2025-04-29,1610612738,1610612753,120,89
0042400125,42024,2025-04-29,1610612752,1610612765,103,106
0042400135,42024,2025-04-29,1610612754,1610612749,119,118
0042400175,42024,2025-04-29,1610612743,1610612746,131,115
0042400154,42024,2025-04-28,1610612744,1610612745,109,106
0042400104,42024,2025-04-28,1610612748,1610612739,83,138
0042400124,42024,2025-04-27,1610612765,1610612752,93,94
0042400134,42024,2025-04-27,1610612749,1610612754,103,129
0042400114,42024,2025-04-27,1610612753,1610612738,98,107
0042400164,42024,2025-04-27,1610612750,1610612747,116,113
0042400153,42024,2025-04-26,1610612744,1610612745,104,93
0042400144,42024,2025-04-26,1610612763,1610612760,115,117
0042400174,42024,2025-04-26,1610612746,1610612743,99,101
0042400103,42024,2025-04-26,1610612748,1610612739,87,124
0042400163,42024,2025-04-25,1610612750,1610612747,116,104
0042400113,42024,2025-04-25,1610612753,1610612738,95,93
0042400133,42024,2025-04-25,1610612749,1610612754,117,101
0042400143,42024,2025-04-24,1610612763,1610612760,108,114
0042400173,42024,2025-04-24,1610612746,1610612743,117,83
0042400123,42024,2025-04-24,1610612765,1610612752,116,118
0042400112,42024,2025-04-23,1610612738,1610612753,109,100
0042400102,42024,2025-04-23,1610612739,1610612748,121,112
0042400152,42024,2025-04-23,1610612745,1610612744,109,94
0042400142,42024,2025-04-22,1610612760,1610612763,118,99
0042400162,42024,2025-04-22,1610612747,1610612750,94,85
0042400132,42024,2025-04-22,1610612754,1610612749,123,115
0042400172,42024,2025-04-21,1610612743,1610612746,102,105
0042400122,42024,2025-04-21,1610612752,1610612765,94,100
0042400151,42024,2025-04-20,1610612745,1610612744,85,95
0042400141,42024,2025-04-20,1610612760,1610612763,131,80
0042400101,42024,2025-04-20,1610612739,1610612748,121,100
0042400111,42024,2025-04-20,1610612738,1610612753,103,86
0042400131,42024,2025-04-19,1610612754,1610612749,117,98
0042400161,42024,2025-04-19,1610612747,1610612750,95,117
0042400171,42024,2025-04-19,1610612743,1610612746,112,110
0042400121,42024,2025-04-19,1610612752,1610612765,123,112
0052400201,52024,2025-04-18,1610612737,1610612748,114,123
0052400211,52024,2025-04-18,1610612763,1610612742,120,106
0052400111,52024,2025-04-16,1610612741,1610612748,90,109
0052400131,52024,2025-04-16,1610612758,1610612742,106,120
0052400121,52024,2025-04-15,1610612744,1610612763,121,116
0052400101,52024,2025-04-15,1610612753,1610612737,120,95
2042400403,42024,2025-04-14,1612709925,1612709914,110,118
0022401196,22024,2025-04-13,1610612740,1610612760,100,115
0022401198,22024,2025-04-13,1610612744,1610612746,119,124
0022401191,22024,2025-04-13,1610612755,1610612741,102,122
0022401200,22024,2025-04-13,1610612758,1610612756,109,98
0022401187,22024,2025-04-13,1610612738,1610612766,93,86
0022401195,22024,2025-04-13,1610612750,1610612762,116,105
0022401190,22024,2025-04-13,1610612748,1610612764,118,119
0022401189,22024,2025-04-13,1610612739,1610612754,118,126
0022401197,22024,2025-04-13,1610612759,1610612761,125,118
0022401194,22024,2025-04-13,1610612763,1610612742,132,97
0022401188,22024,2025-04-13,1610612751,1610612752,105,113
0022401192,22024,2025-04-13,1610612749,1610612765,140,133
0022401186,22024,2025-04-13,1610612737,1610612753,117,105
0022401193,22024,2025-04-13,1610612745,1610612743,111,126
0022401199,22024,2025-04-13,1610612757,1610612747,109,81
0022401177,22024,2025-04-11,1610612740,1610612748,104,153
0022401178,22024,2025-04-11,1610612742,1610612761,124,102
0022401176,22024,2025-04-11,1610612741,1610612764,119,89
0022401173,22024,2025-04-11,1610612755,1610612737,110,124
0022401171,22024,2025-04-11,1610612765,1610612749,119,125
0022401181,22024,2025-04-11,1610612762,1610612760,111,145
0022401185,22024,2025-04-11,1610612747,1610612745,140,109
0022401179,22024,2025-04-11,1610612750,1610612751,117,91
0022401172,22024,2025-04-11,1610612754,1610612753,115,129
0022401174,22024,2025-04-11,1610612738,1610612766,130,94
0022401180,22024,2025-04-11,1610612743,1610612763,117,109
0022401183,22024,2025-04-11,1610612757,1610612744,86,103
2042400402,42024,2025-04-11,1612709914,1612709925,144,126
0022401182,22024,2025-04-11,1610612756,1610612759,117,98
0022401184,22024,2025-04-11,1610612758,1610612746,100,101
0022401175,22024,2025-04-11,1610612752,1610612739,102,108
0022401167,22024,2025-04-10,1610612765,1610612752,115,106
0022401168,22024,2025-04-10,1610612754,1610612739,114,112
0022401161,22024,2025-04-10,1610612749,1610612740,136,111
0022401170,22024,2025-04-10,1610612763,1610612750,125,141
0022401169,22024,2025-04-10,1610612751,1610612737,109,133
0022401160,22024,2025-04-09,1610612741,1610612748,119,111
0022401156,22024,2025-04-09,1610612753,1610612738,96,76
0022401164,22024,2025-04-09,1610612756,1610612760,112,125
0022401157,22024,2025-04-09,1610612764,1610612755,103,122
0022401165,22024,2025-04-09,1610612758,1610612743,116,124
0022401162,22024,2025-04-09,1610612762,1610612757,133,126
0022401159,22024,2025-04-09,1610612742,1610612747,97,112
0022401166,22024,2025-04-09,1610612746,1610612745,134,117
0022401163,22024,2025-04-09,1610612744,1610612759,111,114
0022401158,22024,2025-04-09,1610612761,1610612766,126,96
0022401148,22024,2025-04-08,1610612754,1610612764,104,98
0022401147,22024,2025-04-08,1610612739,1610612741,135,113
0022401155,22024,2025-04-08,1610612746,1610612759,122,117
0022401154,22024,2025-04-08,1610612756,1610612744,95,133
0022401151,22024,2025-04-08,1610612752,1610612738,117,119
0022401152,22024,2025-04-08,1610612749,1610612750,110,103
0022401149,22024,2025-04-08,1610612753,1610612737,119,112
0022401150,22024,2025-04-08,1610612751,1610612740,119,114
2042400401,42024,2025-04-08,1612709925,1612709914,129,118
0022401146,22024,2025-04-08,1610612766,1610612763,100,124
0022401153,22024,2025-04-08,1610612760,1610612747,136,120
0022401145,22024,2025-04-07,1610612748,1610612755,117,105
0022401144,22024,2025-04-07,1610612765,1610612758,117,127
0022401140,22024,2025-04-06,1610612752,1610612756,112,98
0022400617,22024,2025-04-06,1610612740,1610612749,107,111
0022401137,22024,2025-04-06,1610612738,1610612764,124,90
2042400311,42024,2025-04-06,1612709914,1612709890,118,112
2042400301,42024,2025-04-06,1612709925,1612709915,135,122
0022401143,22024,2025-04-06,1610612744,1610612745,96,106
0022401142,22024,2025-04-06,1610612743,1610612754,120,125
0022401139,22024,2025-04-06,1610612757,1610612759,120,109
0022401134,22024,2025-04-06,1610612751,1610612761,109,120
0022401138,22024,2025-04-06,1610612739,1610612758,113,120
0022401135,22024,2025-04-06,1610612760,1610612747,99,126
0022401136,22024,2025-04-06,1610612737,1610612762,147,134
0022401133,22024,2025-04-06,1610612766,1610612741,117,131
0022401131,22024,2025-04-05,1610612748,1610612749,115,121
0022401132,22024,2025-04-05,1610612746,1610612742,135,104
0022401129,22024,2025-04-05,1610612765,1610612763,103,109
0022401130,22024,2025-04-05,1610612755,1610612750,109,114
0022401128,22024,2025-04-05,1610612737,1610612752,105,121
0022401118,22024,2025-04-04,1610612766,1610612758,102,125
0022401125,22024,2025-04-04,1610612744,1610612743,118,104
0022401123,22024,2025-04-04,1610612745,1610612760,125,111
0022401122,22024,2025-04-04,1610612741,1610612757,118,113
0022401119,22024,2025-04-04,1610612754,1610612762,140,112
0022401126,22024,2025-04-04,1610612747,1610612740,124,108
0022401127,22024,2025-04-04,1610612746,1610612742,114,91
0022401124,22024,2025-04-04,1610612759,1610612739,113,114
0022401120,22024,2025-04-04,1610612738,1610612756,123,103
0022401121,22024,2025-04-04,1610612761,1610612765,105,117
2042400221,42024,2025-04-03,1612709914,1612709934,122,114
0022401115,22024,2025-04-03,1610612755,1610612749,113,126
0022401116,22024,2025-04-03,1610612761,1610612757,103,112
0022401114,22024,2025-04-03,1610612748,1610612763,108,110
2042400231,42024,2025-04-03,1612709890,1612709903,123,113
0022401112,22024,2025-04-03,1610612764,1610612753,97,109
2042400201,42024,2025-04-03,1612709925,1612709910,129,114
0022401117,22024,2025-04-03,1610612747,1610612744,116,123
2042400211,42024,2025-04-03,1612709919,1612709915,118,124
0022401113,22024,2025-04-03,1610612751,1610612750,90,105
0022401104,22024,2025-04-02,1610612754,1610612766,119,105
0022401109,22024,2025-04-02,1610612742,1610612737,120,118
0022401103,22024,2025-04-02,1610612739,1610612752,124,105
0022401111,22024,2025-04-02,1610612746,1610612740,114,98
0022401105,22024,2025-04-02,1610612764,1610612758,116,111
0022401106,22024,2025-04-02,1610612738,1610612748,103,124
0022401110,22024,2025-04-02,1610612743,1610612759,106,113
0022401107,22024,2025-04-02,1610612745,1610612762,143,105
0022401108,22024,2025-04-02,1610612760,1610612765,119,103
0022401098,22024,2025-04-01,1610612752,1610612755,105,91
0022400988,22024,2025-04-01,1610612759,1610612753,105,116
0022401100,22024,2025-04-01,1610612763,1610612744,125,134
2042400131,42024,2025-04-01,1612709902,1612709934,127,131
0022401101,22024,2025-04-01,1610612749,1610612756,133,123
2042400121,42024,2025-04-01,1612709903,1612709908,129,102
2042400101,42024,2025-04-01,1612709915,1612709928,115,95
0022401102,22024,2025-04-01,1610612743,1610612750,139,140
2042400111,42024,2025-04-01,1612709910,1612709922,120,110
0022401097,22024,2025-04-01,1610612737,1610612757,113,127
0022401099,22024,2025-04-01,1610612741,1610612761,137,118
0022401090,22024,2025-03-31,1610612754,1610612758,111,109
0022401093,22024,2025-03-31,1610612763,1610612738,103,117
0022401096,22024,2025-03-31,1610612747,1610612745,104,98
0022401089,22024,2025-03-31,1610612766,1610612762,110,106
0022401095,22024,2025-03-31,1610612742,1610612751,109,113
0022401091,22024,2025-03-31,1610612753,1610612746,87,96
0022401092,22024,2025-03-31,1610612764,1610612748,94,120
0022401094,22024,2025-03-31,1610612760,1610612741,145,117
0022401085,22024,2025-03-30,1610612740,1610612766,98,94
0022401082,22024,2025-03-30,1610612752,1610612757,110,93
0022401088,22024,2025-03-30,1610612756,1610612745,109,148
0022401081,22024,2025-03-30,1610612739,1610612746,127,122
0022401084,22024,2025-03-30,1610612750,1610612765,123,104
0022401087,22024,2025-03-30,1610612755,1610612761,109,127
0022401086,22024,2025-03-30,1610612759,1610612744,106,148
0022401083,22024,2025-03-30,1610612749,1610612737,124,145
2022400517,22024,2025-03-29,1612709928,1612709919,97,108
0022401079,22024,2025-03-29,1610612760,1610612754,132,111
0022401077,22024,2025-03-29,1610612741,1610612742,119,120
2022400522,22024,2025-03-29,1612709911,1612709905,139,128
2022400519,22024,2025-03-29,1612709921,1612709893,93,128
2022400521,22024,2025-03-29,1612709925,1612709913,124,119
2022400523,22024,2025-03-29,1612709908,1612709914,107,111
2022400514,22024,2025-03-29,1612709926,1612709931,119,112
2022400527,22024,2025-03-29,1612709902,1612709933,119,103
2022400520,22024,2025-03-29,1612709932,1612709923,120,113
2022400525,22024,2025-03-29,1612709927,1612709924,124,119
0022401074,22024,2025-03-29,1610612753,1610612758,121,91
2022400518,22024,2025-03-29,1612709917,1612709910,118,128
2022400526,22024,2025-03-29,1612709918,1612709890,107,129
2022400524,22024,2025-03-29,1612709904,1612709889,112,119
0022401080,22024,2025-03-29,1610612759,1610612738,111,121
0022401075,22024,2025-03-29,1610612764,1610612751,112,115
0022401076,22024,2025-03-29,1610612755,1610612748,95,118
2022400515,22024,2025-03-29,1612709909,1612709920,122,111
0022401078,22024,2025-03-29,1610612763,1610612747,127,134
2022400516,22024,2025-03-29,1612709929,1612709922,119,112
0022401070,22024,2025-03-28,1610612749,1610612752,107,116
2022400512,22024,2025-03-28,1612709927,1612709924,107,95
2022400507,22024,2025-03-28,1612709921,1612709893,114,121
0022401068,22024,2025-03-28,1610612751,1610612746,100,132
0022401071,22024,2025-03-28,1610612750,1610612756,124,109
2022400510,22024,2025-03-28,1612709908,1612709914,113,102
2022400511,22024,2025-03-28,1612709904,1612709889,111,107
0022401073,22024,2025-03-28,1610612743,1610612762,129,93
2022400505,22024,2025-03-28,1612709928,1612709919,101,108
2022400509,22024,2025-03-28,1612709911,1612709905,123,127
2022400506,22024,2025-03-28,1612709929,1612709922,101,112
2022400513,22024,2025-03-28,1612709902,1612709933,150,105
0022401069,22024,2025-03-28,1610612761,1610612766,108,97
0022401067,22024,2025-03-28,1610612765,1610612739,133,122
0022401072,22024,2025-03-28,1610612740,1610612744,95,111
2022400508,22024,2025-03-28,1612709925,1612709913,124,122
2022400503,22024,2025-03-27,1612709903,1612709931,117,119
0022401059,22024,2025-03-27,1610612739,1610612759,124,116
0022401063,22024,2025-03-27,1610612741,1610612747,119,117
0022401065,22024,2025-03-27,1610612762,1610612745,110,121
2022400502,22024,2025-03-27,1612709926,1612709890,113,102
0022401062,22024,2025-03-27,1610612748,1610612737,122,112
2022400501,22024,2025-03-27,1612709917,1612709910,110,112
0022401061,22024,2025-03-27,1610612764,1610612754,109,162
0022401060,22024,2025-03-27,1610612753,1610612742,92,101
2022400504,22024,2025-03-27,1612709934,1612709918,134,107
0022401066,22024,2025-03-27,1610612758,1610612757,128,107
0022401064,22024,2025-03-27,1610612760,1610612763,125,104
0022401054,22024,2025-03-26,1610612751,1610612761,86,116
2022400499,22024,2025-03-26,1612709889,1612709933,114,119
0022401058,22024,2025-03-26,1610612756,1610612738,102,132
0022401053,22024,2025-03-26,1610612755,1610612764,114,119
2022400495,22024,2025-03-26,1612709920,1612709921,122,127
2022400500,22024,2025-03-26,1612709914,1612709904,122,106
2022400498,22024,2025-03-26,1612709919,1612709915,122,113
0022401057,22024,2025-03-26,1610612743,1610612749,127,117
0022401056,22024,2025-03-26,1610612752,1610612746,113,126
2022400497,22024,2025-03-26,1612709925,1612709932,109,105
0022401055,22024,2025-03-26,1610612754,1610612747,119,120
2022400496,22024,2025-03-26,1612709929,1612709928,101,114
0022401045,22024,2025-03-25,1610612766,1610612753,104,111
2022400490,22024,2025-03-25,1612709911,1612709918,136,108
0022401047,22024,2025-03-25,1610612748,1610612744,112,86
2022400494,22024,2025-03-25,1612709905,1612709902,134,130
0022401046,22024,2025-03-25,1610612765,1610612759,122,96
2022400491,22024,2025-03-25,1612709926,1612709890,93,130
0022401049,22024,2025-03-25,1610612745,1610612737,121,114
0022401052,22024,2025-03-25,1610612758,1610612760,105,121
0022401051,22024,2025-03-25,1610612757,1610612739,111,122
2022400492,22024,2025-03-25,1612709908,1612709913,119,114
2022400493,22024,2025-03-25,1612709931,1612709934,105,100
0022401050,22024,2025-03-25,1610612762,1610612763,103,140
0022401048,22024,2025-03-25,1610612752,1610612742,128,113
0022401044,22024,2025-03-24,1610612758,1610612738,95,113
0022401037,22024,2025-03-24,1610612754,1610612750,119,103
2022400484,22024,2025-03-24,1612709910,1612709923,113,116
0022401042,22024,2025-03-24,1610612743,1610612741,119,129
2022400485,22024,2025-03-24,1612709917,1612709927,107,140
2022400488,22024,2025-03-24,1612709933,1612709904,113,124
2022400487,22024,2025-03-24,1612709911,1612709918,123,113
0022401039,22024,2025-03-24,1610612764,1610612761,104,112
0022401040,22024,2025-03-24,1610612751,1610612742,101,120
0022401038,22024,2025-03-24,1610612753,1610612747,118,106
0022401043,22024,2025-03-24,1610612756,1610612749,108,106
0022401041,22024,2025-03-24,1610612740,1610612755,112,99
2022400486,22024,2025-03-24,1612709925,1612709932,115,119
2022400489,22024,2025-03-24,1612709905,1612709902,122,118
2022400481,22024,2025-03-23,1612709893,1612709929,95,120
0022401031,22024,2025-03-23,1610612737,1610612755,132,119
0022401033,22024,2025-03-23,1610612761,1610612759,89,123
2022400479,22024,2025-03-23,1612709920,1612709928,101,122
0022401034,22024,2025-03-23,1610612757,1610612738,116,129
2022400480,22024,2025-03-23,1612709889,1612709926,126,123
2022400483,22024,2025-03-23,1612709931,1612709934,112,114
0022401029,22024,2025-03-23,1610612765,1610612740,136,130
0022401030,22024,2025-03-23,1610612762,1610612739,91,120
0022401032,22024,2025-03-23,1610612748,1610612766,122,105
0022401035,22024,2025-03-23,1610612745,1610612743,111,116
2022400482,22024,2025-03-23,1612709890,1612709903,110,108
2022400478,22024,2025-03-23,1612709915,1612709909,117,99
0022401036,22024,2025-03-23,1610612746,1610612760,101,103
0022401024,22024,2025-03-22,1610612754,1610612751,108,103
2022400474,22024,2025-03-22,1612709890,1612709903,107,113
2022400470,22024,2025-03-22,1612709917,1612709927,87,92
2022400475,22024,2025-03-22,1612709908,1612709911,133,115
0022401028,22024,2025-03-22,1610612747,1610612741,115,146
2022400472,22024,2025-03-22,1612709933,1612709924,117,110
2022400471,22024,2025-03-22,1612709893,1612709925,97,91
0022401027,22024,2025-03-22,1610612758,1610612749,108,114
0022401025,22024,2025-03-22,1610612737,1610612744,124,115
2022400473,22024,2025-03-22,1612709932,1612709921,145,152
2022400477,22024,2025-03-22,1612709918,1612709913,79,113
0022401026,22024,2025-03-22,1610612752,1610612764,122,103
2022400476,22024,2025-03-22,1612709923,1612709910,100,103
0022401021,22024,2025-03-21,1610612756,1610612739,123,112
0022401017,22024,2025-03-21,1610612760,1610612766,141,106
0022401015,22024,2025-03-21,1610612748,1610612745,98,102
0022401018,22024,2025-03-21,1610612759,1610612755,128,120
0022401022,22024,2025-03-21,1610612757,1610612743,128,109
2022400464,22024,2025-03-21,1612709889,1612709914,104,105
2022400469,22024,2025-03-21,1612709934,1612709926,139,125
2022400465,22024,2025-03-21,1612709929,1612709919,125,130
0022401014,22024,2025-03-21,1610612764,1610612753,105,120
0022401020,22024,2025-03-21,1610612762,1610612738,99,121
2022400466,22024,2025-03-21,1612709932,1612709920,137,121
0022401016,22024,2025-03-21,1610612750,1610612740,134,93
2022400468,22024,2025-03-21,1612709923,1612709931,101,114
2022400467,22024,2025-03-21,1612709904,1612709905,117,113
0022401019,22024,2025-03-21,1610612742,1610612765,123,117
0022401023,22024,2025-03-21,1610612746,1610612763,128,108
2022400460,22024,2025-03-20,1612709927,1612709921,113,101
2022400459,22024,2025-03-20,1612709915,1612709925,133,140
0022401005,22024,2025-03-20,1610612744,1610612761,117,114
2022400462,22024,2025-03-20,1612709918,1612709902,116,131
2022400458,22024,2025-03-20,1612709909,1612709910,113,103
2022400463,22024,2025-03-20,1612709924,1612709908,95,109
0022400996,22024,2025-03-20,1610612747,1610612749,89,118
0022401010,22024,2025-03-20,1610612766,1610612752,115,98
2022400461,22024,2025-03-20,1612709890,1612709911,136,115
0022401011,22024,2025-03-20,1610612754,1610612751,105,99
0022401013,22024,2025-03-20,1610612758,1610612741,116,128
0022401009,22024,2025-03-19,1610612758,1610612739,123,119
2022400456,22024,2025-03-19,1612709922,1612709932,109,94
2022400450,22024,2025-03-19,1612709903,1612709931,125,95
0022401001,22024,2025-03-19,1610612750,1610612740,115,119
0022400998,22024,2025-03-19,1610612754,1610612742,135,131
2022400454,22024,2025-03-19,1612709929,1612709919,123,138
0022400627,22024,2025-03-19,1610612762,1610612764,128,112
0022401000,22024,2025-03-19,1610612748,1610612765,113,116
2022400457,22024,2025-03-19,1612709904,1612709905,110,119
0022401003,22024,2025-03-19,1610612759,1610612752,120,105
0022401008,22024,2025-03-19,1610612757,1610612763,115,99
0022401006,22024,2025-03-19,1610612747,1610612743,120,108
0022401002,22024,2025-03-19,1610612760,1610612755,133,100
2022400453,22024,2025-03-19,1612709934,1612709926,111,112
0022400999,22024,2025-03-19,1610612753,1610612745,108,116
2022400455,22024,2025-03-19,1612709917,1612709920,123,115
2022400452,22024,2025-03-19,1612709889,1612709914,101,121
2022400451,22024,2025-03-19,1612709928,1612709910,98,107
0022401007,22024,2025-03-19,1610612756,1610612741,127,121
2022400448,22024,2025-03-18,1612709918,1612709902,116,127
2022400446,22024,2025-03-18,1612709889,1612709933,124,118
0022400994,22024,2025-03-18,1610612738,1610612751,104,96
2022400447,22024,2025-03-18,1612709927,1612709921,97,101
0022401012,22024,2025-03-18,1610612744,1610612749,104,93
0022400997,22024,2025-03-18,1610612746,1610612739,132,119
2022400445,22024,2025-03-18,1612709928,1612709909,120,123
2022400449,22024,2025-03-18,1612709924,1612709908,108,121
0022400993,22024,2025-03-18,1610612766,1610612737,102,134
0022400987,22024,2025-03-17,1610612740,1610612765,81,127
0022400985,22024,2025-03-17,1610612745,1610612755,144,137
2022400444,22024,2025-03-17,1612709920,1612709923,115,114
0022400991,22024,2025-03-17,1610612756,1610612761,129,89
0022400986,22024,2025-03-17,1610612750,1610612754,130,132
0022400984,22024,2025-03-17,1610612752,1610612748,116,95
0022400990,22024,2025-03-17,1610612744,1610612743,105,114
0022400995,22024,2025-03-17,1610612757,1610612764,112,97
0022400537,22024,2025-03-17,1610612747,1610612759,125,109
0022400992,22024,2025-03-17,1610612758,1610612763,132,122
0022400989,22024,2025-03-17,1610612762,1610612741,97,111
2022400438,22024,2025-03-16,1612709925,1612709914,135,115
0022400979,22024,2025-03-16,1610612739,1610612753,103,108
2022400443,22024,2025-03-16,1612709924,1612709931,106,113
2022400441,22024,2025-03-16,1612709913,1612709902,98,107
0022400980,22024,2025-03-16,1610612757,1610612761,105,102
2022400440,22024,2025-03-16,1612709890,1612709934,111,113
0022400538,22024,2025-03-16,1610612746,1610612766,123,88
0022400982,22024,2025-03-16,1610612749,1610612760,105,121
2022400435,22024,2025-03-16,1612709932,1612709893,135,121
0022400978,22024,2025-03-16,1610612751,1610612737,122,114
0022400976,22024,2025-03-16,1610612742,1610612755,125,130
0022400977,22024,2025-03-16,1610612747,1610612756,107,96
2022400437,22024,2025-03-16,1612709917,1612709933,110,103
0022400981,22024,2025-03-16,1610612750,1610612762,128,102
2022400439,22024,2025-03-16,1612709922,1612709915,110,115
2022400436,22024,2025-03-16,1612709928,1612709929,112,89
2022400442,22024,2025-03-16,1612709904,1612709911,121,101
0022400973,22024,2025-03-15,1610612759,1610612740,119,115
2022400433,22024,2025-03-15,1612709917,1612709933,117,100
2022400431,22024,2025-03-15,1612709920,1612709923,126,128
0022400972,22024,2025-03-15,1610612749,1610612754,126,119
2022400432,22024,2025-03-15,1612709905,1612709908,109,108
2022400434,22024,2025-03-15,1612709918,1612709903,101,121
0022400968,22024,2025-03-15,1610612751,1610612738,113,115
0022400975,22024,2025-03-15,1610612743,1610612764,123,126
0022400974,22024,2025-03-15,1610612744,1610612752,97,94
0022400971,22024,2025-03-15,1610612763,1610612748,125,91
0022400970,22024,2025-03-15,1610612745,1610612741,117,114
0022400969,22024,2025-03-15,1610612765,1610612760,107,113
2022400428,22024,2025-03-14,1612709927,1612709893,106,108
0022400967,22024,2025-03-14,1610612756,1610612758,122,106
0022400961,22024,2025-03-14,1610612745,1610612742,133,96
0022400962,22024,2025-03-14,1610612763,1610612739,124,133
2022400424,22024,2025-03-14,1612709921,1612709926,130,116
2022400430,22024,2025-03-14,1612709924,1612709931,104,110
2022400426,22024,2025-03-14,1612709925,1612709914,137,119
0022400964,22024,2025-03-14,1610612759,1610612766,134,145
0022400960,22024,2025-03-14,1610612737,1610612746,98,121
2022400425,22024,2025-03-14,1612709932,1612709928,118,109
2022400423,22024,2025-03-14,1612709922,1612709915,104,115
0022400965,22024,2025-03-14,1610612743,1610612747,131,126
0022400963,22024,2025-03-14,1610612750,1610612753,118,111
2022400427,22024,2025-03-14,1612709913,1612709902,100,113
2022400429,22024,2025-03-14,1612709918,1612709903,130,138
0022400959,22024,2025-03-14,1610612755,1610612754,100,112
0022400966,22024,2025-03-14,1610612762,1610612761,118,126
0022400958,22024,2025-03-14,1610612748,1610612738,91,103
0022401141,22024,2025-03-13,1610612740,1610612753,93,113
2022400422,22024,2025-03-13,1612709905,1612709908,107,100
0022400954,22024,2025-03-13,1610612765,1610612764,125,129
2022400420,22024,2025-03-13,1612709921,1612709926,132,118
2022400418,22024,2025-03-13,1612709909,1612709929,126,122
0022400955,22024,2025-03-13,1610612749,1610612747,126,106
2022400421,22024,2025-03-13,1612709923,1612709910,97,114
0022400957,22024,2025-03-13,1610612744,1610612758,130,104
2022400419,22024,2025-03-13,1612709922,1612709890,115,108
0022400956,22024,2025-03-13,1610612741,1610612751,116,110
0022400947,22024,2025-03-12,1610612761,1610612755,118,105
0022400948,22024,2025-03-12,1610612748,1610612746,104,119
0022400950,22024,2025-03-12,1610612763,1610612762,122,115
2022400413,22024,2025-03-12,1612709893,1612709933,120,113
0022400945,22024,2025-03-12,1610612737,1610612766,123,110
2022400412,22024,2025-03-12,1612709932,1612709928,103,118
2022400414,22024,2025-03-12,1612709925,1612709902,111,145
2022400417,22024,2025-03-12,1612709923,1612709915,100,129
0022400951,22024,2025-03-12,1610612759,1610612742,126,116
0022400946,22024,2025-03-12,1610612738,1610612760,112,118
2022400415,22024,2025-03-12,1612709913,1612709914,119,114
0022400949,22024,2025-03-12,1610612745,1610612756,111,104
2022400416,22024,2025-03-12,1612709889,1612709911,130,102
0022400952,22024,2025-03-12,1610612743,1610612750,95,115
0022400953,22024,2025-03-12,1610612757,1610612752,113,114
2022400407,22024,2025-03-11,1612709925,1612709922,118,104
2022400409,22024,2025-03-11,1612709926,1612709903,119,121
2022400405,22024,2025-03-11,1612709919,1612709921,110,93
2022400408,22024,2025-03-11,1612709904,1612709924,121,118
2022400411,22024,2025-03-11,1612709934,1612709908,123,118
0022400940,22024,2025-03-11,1610612739,1610612751,109,104
0022400941,22024,2025-03-11,1610612765,1610612764,123,103
2022400410,22024,2025-03-11,1612709931,1612709890,96,109
2022400406,22024,2025-03-11,1612709909,1612709929,120,124
0022400942,22024,2025-03-11,1610612754,1610612749,115,114
0022400943,22024,2025-03-11,1610612740,1610612746,127,120
0022400935,22024,2025-03-10,1610612763,1610612756,120,118
0022400934,22024,2025-03-10,1610612745,1610612753,97,84
0022400931,22024,2025-03-10,1610612748,1610612766,102,105
2022400404,22024,2025-03-10,1612709905,1612709932,97,110
0022400929,22024,2025-03-10,1610612738,1610612762,114,108
0022400932,22024,2025-03-10,1610612761,1610612764,119,104
0022400933,22024,2025-03-10,1610612741,1610612754,121,103
0022400930,22024,2025-03-10,1610612751,1610612747,111,108
0022400937,22024,2025-03-10,1610612759,1610612742,129,133
0022400939,22024,2025-03-10,1610612758,1610612752,104,133
0022400936,22024,2025-03-10,1610612760,1610612743,127,140
2022400403,22024,2025-03-10,1612709889,1612709911,123,93
0022400938,22024,2025-03-10,1610612744,1610612757,130,120
0022400928,22024,2025-03-10,1610612737,1610612755,132,123
2022400397,22024,2025-03-09,1612709926,1612709903,121,129
0022400923,22024,2025-03-09,1610612740,1610612763,104,107
0022400924,22024,2025-03-09,1610612755,1610612762,126,122
2022400398,22024,2025-03-09,1612709925,1612709922,124,110
0022400925,22024,2025-03-09,1610612750,1610612759,141,124
0022400920,22024,2025-03-09,1610612760,1610612743,127,103
2022400402,22024,2025-03-09,1612709933,1612709927,112,116
2022400399,22024,2025-03-09,1612709902,1612709931,118,107
0022400927,22024,2025-03-09,1610612746,1610612758,111,110
2022400401,22024,2025-03-09,1612709913,1612709919,100,104
0022400926,22024,2025-03-09,1610612757,1610612765,112,119
2022400396,22024,2025-03-09,1612709920,1612709928,94,114
2022400395,22024,2025-03-09,1612709909,1612709910,108,106
0022400922,22024,2025-03-09,1610612749,1610612739,100,112
0022400921,22024,2025-03-09,1610612742,1610612756,116,125
2022400400,22024,2025-03-09,1612709914,1612709924,113,126
0022400912,22024,2025-03-08,1610612766,1610612751,105,102
2022400390,22024,2025-03-08,1612709893,1612709915,127,123
2022400393,22024,2025-03-08,1612709905,1612709932,121,103
0022400913,22024,2025-03-08,1610612745,1610612740,146,117
2022400394,22024,2025-03-08,1612709914,1612709924,123,105
0022400916,22024,2025-03-08,1610612748,1610612741,109,114
0022400915,22024,2025-03-08,1610612761,1610612764,117,118
0022400914,22024,2025-03-08,1610612737,1610612754,120,118
0022400918,22024,2025-03-08,1610612738,1610612747,111,101
2022400391,22024,2025-03-08,1612709913,1612709917,128,107
0022400919,22024,2025-03-08,1610612744,1610612765,115,110
0022400917,22024,2025-03-08,1610612749,1610612753,109,111
2022400392,22024,2025-03-08,1612709908,1612709918,115,104
0022400907,22024,2025-03-07,1610612748,1610612750,104,106
2022400383,22024,2025-03-07,1612709889,1612709903,133,131
0022400908,22024,2025-03-07,1610612760,1610612757,107,89
2022400387,22024,2025-03-07,1612709890,1612709904,101,108
0022400904,22024,2025-03-07,1610612766,1610612739,117,118
0022400911,22024,2025-03-07,1610612746,1610612752,105,95
2022400385,22024,2025-03-07,1612709909,1612709922,107,118
0022400905,22024,2025-03-07,1610612761,1610612762,118,109
2022400386,22024,2025-03-07,1612709920,1612709929,127,134
2022400384,22024,2025-03-07,1612709893,1612709915,110,114
0022400906,22024,2025-03-07,1610612742,1610612763,111,122
2022400388,22024,2025-03-07,1612709934,1612709928,112,113
0022400910,22024,2025-03-07,1610612758,1610612759,127,109
0022400909,22024,2025-03-07,1610612743,1610612756,149,141
2022400389,22024,2025-03-07,1612709902,1612709927,110,112
2022400376,22024,2025-03-06,1612709924,1612709932,114,118
0022400901,22024,2025-03-06,1610612751,1610612744,119,121
2022400381,22024,2025-03-06,1612709908,1612709918,140,118
0022400900,22024,2025-03-06,1610612738,1610612755,123,105
0022400944,22024,2025-03-06,1610612753,1610612741,123,125
2022400382,22024,2025-03-06,1612709934,1612709928,114,106
2022400380,22024,2025-03-06,1612709926,1612709905,124,128
0022400903,22024,2025-03-06,1610612747,1610612752,113,109
2022400379,22024,2025-03-06,1612709913,1612709917,115,136
2022400378,22024,2025-03-06,1612709890,1612709919,121,107
0022400899,22024,2025-03-06,1610612737,1610612754,124,118
0022400902,22024,2025-03-06,1610612740,1610612745,97,109
2022400377,22024,2025-03-06,1612709920,1612709929,117,120
2022400372,22024,2025-03-05,1612709893,1612709925,144,149
0022400892,22024,2025-03-05,1610612766,1610612750,110,125
0022400897,22024,2025-03-05,1610612749,1610612742,137,107
2022400375,22024,2025-03-05,1612709902,1612709927,98,116
0022400893,22024,2025-03-05,1610612739,1610612748,112,107
0022400891,22024,2025-03-05,1610612738,1610612757,128,118
0022400896,22024,2025-03-05,1610612743,1610612758,116,110
0022400894,22024,2025-03-05,1610612764,1610612762,125,122
0022400898,22024,2025-03-05,1610612746,1610612765,123,115
0022400895,22024,2025-03-05,1610612763,1610612760,103,120
2022400374,22024,2025-03-05,1612709933,1612709931,124,110
2022400373,22024,2025-03-05,1612709889,1612709903,117,102
2022400371,22024,2025-03-04,1612709914,1612709934,136,127
0022400882,22024,2025-03-04,1610612754,1610612745,115,102
2022400367,22024,2025-03-04,1612709913,1612709909,112,111
0022400884,22024,2025-03-04,1610612737,1610612749,121,127
0022400885,22024,2025-03-04,1610612752,1610612744,102,114
2022400366,22024,2025-03-04,1612709890,1612709919,103,111
0022400887,22024,2025-03-04,1610612750,1610612755,126,112
0022400889,22024,2025-03-04,1610612756,1610612746,119,117
2022400369,22024,2025-03-04,1612709926,1612709905,108,118
0022400888,22024,2025-03-04,1610612759,1610612751,127,113
2022400365,22024,2025-03-04,1612709928,1612709922,102,111
2022400370,22024,2025-03-04,1612709908,1612709904,124,119
0022400886,22024,2025-03-04,1610612741,1610612739,117,139
2022400364,22024,2025-03-04,1612709917,1612709915,111,122
2022400368,22024,2025-03-04,1612709910,1612709921,109,114
0022400883,22024,2025-03-04,1610612753,1610612761,113,114
0022400890,22024,2025-03-04,1610612747,1610612740,136,115
0022400876,22024,2025-03-03,1610612755,1610612757,102,119
0022400878,22024,2025-03-03,1610612763,1610612737,130,132
0022400877,22024,2025-03-03,1610612748,1610612764,106,90
2022400363,22024,2025-03-03,1612709925,1612709923,125,123
0022400879,22024,2025-03-03,1610612760,1610612745,137,128
2022400362,22024,2025-03-03,1612709903,1612709911,130,127
0022400880,22024,2025-03-03,1610612742,1610612758,98,122
0022400881,22024,2025-03-03,1610612762,1610612765,106,134
0022400875,22024,2025-03-03,1610612766,1610612744,101,119
2022400361,22024,2025-03-03,1612709910,1612709920,122,112
0022400866,22024,2025-03-02,1610612738,1610612743,110,103
0022400869,22024,2025-03-02,1610612748,1610612752,112,116
0022400873,22024,2025-03-02,1610612756,1610612750,98,116
0022400874,22024,2025-03-02,1610612747,1610612746,108,102
2022400357,22024,2025-03-02,1612709913,1612709909,111,91
2022400360,22024,2025-03-02,1612709924,1612709905,105,120
0022400868,22024,2025-03-02,1610612754,1610612741,127,112
0022400871,22024,2025-03-02,1610612759,1610612760,132,146
2022400359,22024,2025-03-02,1612709933,1612709931,133,110
2022400358,22024,2025-03-02,1612709918,1612709921,122,118
0022400867,22024,2025-03-02,1610612739,1610612757,133,129
2022400355,22024,2025-03-02,1612709929,1612709908,108,126
2022400356,22024,2025-03-02,1612709925,1612709923,132,101
0022400870,22024,2025-03-02,1610612753,1610612761,102,104
0022400872,22024,2025-03-02,1610612762,1610612740,121,128
0022400861,22024,2025-03-01,1610612765,1610612751,115,94
2022400353,22024,2025-03-01,1612709924,1612709910,118,103
0022400865,22024,2025-03-01,1610612742,1610612749,117,132
2022400349,22024,2025-03-01,1612709890,1612709889,116,98
2022400351,22024,2025-03-01,1612709914,1612709904,117,98
2022400348,22024,2025-03-01,1612709922,1612709919,114,97
2022400354,22024,2025-03-01,1612709902,1612709926,117,125
0022400864,22024,2025-03-01,1610612755,1610612744,126,119
0022400862,22024,2025-03-01,1610612745,1610612758,103,113
0022400860,22024,2025-03-01,1610612766,1610612764,100,113
2022400350,22024,2025-03-01,1612709927,1612709920,104,102
2022400352,22024,2025-03-01,1612709918,1612709921,103,110
0022400863,22024,2025-03-01,1610612763,1610612759,128,130
0022400850,22024,2025-02-28,1610612765,1610612743,119,134
0022400852,22024,2025-02-28,1610612738,1610612739,116,123
2022400340,22024,2025-02-28,1612709929,1612709908,87,100
2022400346,22024,2025-02-28,1612709934,1612709933,114,110
0022400854,22024,2025-02-28,1610612748,1610612754,125,120
0022400856,22024,2025-02-28,1610612763,1610612752,113,114
0022400857,22024,2025-02-28,1610612756,1610612740,125,108
2022400345,22024,2025-02-28,1612709903,1612709905,123,114
0022400858,22024,2025-02-28,1610612762,1610612750,117,116
2022400344,22024,2025-02-28,1612709927,1612709920,118,104
0022400851,22024,2025-02-28,1610612737,1610612760,119,135
2022400342,22024,2025-02-28,1612709922,1612709919,132,103
0022400859,22024,2025-02-28,1610612747,1610612746,106,102
2022400341,22024,2025-02-28,1612709917,1612709893,123,115
0022400855,22024,2025-02-28,1610612741,1610612761,125,115
0022400853,22024,2025-02-28,1610612751,1610612757,102,121
2022400347,22024,2025-02-28,1612709902,1612709926,109,115
2022400343,22024,2025-02-28,1612709911,1612709925,101,125
2022400338,22024,2025-02-27,1612709923,1612709913,102,100
0022400848,22024,2025-02-27,1610612756,1610612740,116,124
0022400846,22024,2025-02-27,1610612749,1610612743,121,112
0022400845,22024,2025-02-27,1610612753,1610612744,115,121
0022400849,22024,2025-02-27,1610612747,1610612750,111,102
2022400336,22024,2025-02-27,1612709890,1612709921,124,121
0022400847,22024,2025-02-27,1610612742,1610612766,103,96
2022400339,22024,2025-02-27,1612709924,1612709910,110,100
2022400337,22024,2025-02-27,1612709904,1612709918,125,107
2022400331,22024,2025-02-26,1612709889,1612709920,123,119
0022400837,22024,2025-02-26,1610612754,1610612761,111,91
0022400838,22024,2025-02-26,1610612752,1610612755,110,105
0022400843,22024,2025-02-26,1610612762,1610612758,101,118
2022400335,22024,2025-02-26,1612709903,1612709929,130,117
0022400839,22024,2025-02-26,1610612764,1610612757,121,129
2022400334,22024,2025-02-26,1612709909,1612709908,124,121
2022400333,22024,2025-02-26,1612709914,1612709926,120,108
0022400844,22024,2025-02-26,1610612745,1610612759,118,106
0022400842,22024,2025-02-26,1610612741,1610612746,117,122
2022400332,22024,2025-02-26,1612709928,1612709922,101,108
0022400836,22024,2025-02-26,1610612765,1610612738,117,97
0022400841,22024,2025-02-26,1610612748,1610612737,131,109
0022400840,22024,2025-02-26,1610612751,1610612760,121,129
0022400829,22024,2025-02-25,1610612761,1610612738,101,111
0022400830,22024,2025-02-25,1610612753,1610612739,82,122
2022400325,22024,2025-02-25,1612709917,1612709893,103,117
2022400330,22024,2025-02-25,1612709931,1612709890,88,115
2022400329,22024,2025-02-25,1612709904,1612709918,114,107
2022400327,22024,2025-02-25,1612709919,1612709921,117,119
0022400834,22024,2025-02-25,1610612744,1610612766,128,92
0022400831,22024,2025-02-25,1610612745,1610612749,100,97
0022400832,22024,2025-02-25,1610612763,1610612756,151,148
0022400833,22024,2025-02-25,1610612740,1610612759,109,103
2022400328,22024,2025-02-25,1612709927,1612709923,104,106
2022400011,22024,2025-02-25,1612709934,1612709933,135,109
0022400835,22024,2025-02-25,1610612747,1610612742,107,99
2022400326,22024,2025-02-25,1612709932,1612709915,104,107
2022400323,22024,2025-02-24,1612709911,1612709924,116,123
0022400827,22024,2025-02-24,1610612762,1610612757,112,114
0022400821,22024,2025-02-24,1610612765,1610612746,106,97
2022400321,22024,2025-02-24,1612709910,1612709922,121,93
2022400322,22024,2025-02-24,1612709917,1612709909,121,117
0022400822,22024,2025-02-24,1610612754,1610612743,116,125
0022400826,22024,2025-02-24,1610612760,1610612750,128,131
2022400324,22024,2025-02-24,1612709903,1612709929,119,96
0022400823,22024,2025-02-24,1610612755,1610612741,110,142
0022400825,22024,2025-02-24,1610612737,1610612748,98,86
0022400828,22024,2025-02-24,1610612758,1610612766,130,88
0022400824,22024,2025-02-24,1610612764,1610612751,107,99
0022400818,22024,2025-02-23,1610612740,1610612759,114,96
0022400812,22024,2025-02-23,1610612744,1610612742,126,102
0022400813,22024,2025-02-23,1610612754,1610612746,129,111
0022400814,22024,2025-02-23,1610612737,1610612765,143,148
2022400315,22024,2025-02-23,1612709893,1612709913,95,106
2022400319,22024,2025-02-23,1612709926,1612709915,115,107
2022400317,22024,2025-02-23,1612709923,1612709928,121,104
0022400816,22024,2025-02-23,1610612761,1610612756,127,109
2022400316,22024,2025-02-23,1612709921,1612709925,121,119
0022400819,22024,2025-02-23,1610612739,1610612763,129,123
0022400820,22024,2025-02-23,1610612750,1610612760,123,130
2022400318,22024,2025-02-23,1612709911,1612709924,108,117
0022400815,22024,2025-02-23,1610612753,1610612764,110,90
0022400817,22024,2025-02-23,1610612749,1610612748,120,113
2022400320,22024,2025-02-23,1612709918,1612709933,98,87
0022400811,22024,2025-02-23,1610612738,1610612752,118,105
2022400306,22024,2025-02-22,1612709893,1612709913,100,104
0022400807,22024,2025-02-22,1610612755,1610612751,103,105
2022400314,22024,2025-02-22,1612709902,1612709889,125,134
2022400310,22024,2025-02-22,1612709926,1612709908,136,120
0022400810,22024,2025-02-22,1610612757,1610612766,141,88
2022400311,22024,2025-02-22,1612709927,1612709932,91,127
2022400312,22024,2025-02-22,1612709905,1612709934,118,98
2022400307,22024,2025-02-22,1612709923,1612709928,107,128
0022400809,22024,2025-02-22,1610612762,1610612745,124,115
0022400808,22024,2025-02-22,1610612743,1610612747,100,123
2022400308,22024,2025-02-22,1612709917,1612709909,99,119
0022400806,22024,2025-02-22,1610612741,1610612756,117,121
2022400309,22024,2025-02-22,1612709922,1612709931,89,71
2022400313,22024,2025-02-22,1612709918,1612709933,96,120
0022400799,22024,2025-02-21,1610612764,1610612749,101,104
0022400801,22024,2025-02-21,1610612745,1610612750,121,115
2022400304,22024,2025-02-21,1612709924,1612709903,127,136
0022400803,22024,2025-02-21,1610612742,1610612740,111,103
0022400800,22024,2025-02-21,1610612761,1610612748,111,120
0022400802,22024,2025-02-21,1610612759,1610612765,110,125
0022400797,22024,2025-02-21,1610612739,1610612752,142,105
2022400302,22024,2025-02-21,1612709921,1612709925,137,114
0022400804,22024,2025-02-21,1610612762,1610612760,107,130
0022400798,22024,2025-02-21,1610612753,1610612763,104,105
2022400305,22024,2025-02-21,1612709902,1612709889,113,103
0022400805,22024,2025-02-21,1610612758,1610612744,108,132
2022400301,22024,2025-02-21,1612709922,1612709931,129,85
2022400303,22024,2025-02-21,1612709919,1612709920,109,106
0022400788,22024,2025-02-20,1610612754,1610612763,127,113
2022400300,22024,2025-02-20,1612709905,1612709933,112,123
2022400294,22024,2025-02-20,1612709910,1612709915,97,104
0022400796,22024,2025-02-20,1610612757,1610612747,102,110
0022400793,22024,2025-02-20,1610612749,1610612746,116,110
2022400296,22024,2025-02-20,1612709919,1612709909,123,111
2022400299,22024,2025-02-20,1612709926,1612709908,110,134
0022400791,22024,2025-02-20,1610612751,1610612739,97,110
2022400297,22024,2025-02-20,1612709927,1612709928,106,113
0022400789,22024,2025-02-20,1610612755,1610612738,104,124
2022400295,22024,2025-02-20,1612709932,1612709913,109,83
0022400795,22024,2025-02-20,1610612759,1610612756,120,109
0022400792,22024,2025-02-20,1610612752,1610612741,113,111
0022400794,22024,2025-02-20,1610612743,1610612766,129,115
2022400298,22024,2025-02-20,1612709904,1612709911,108,104
0022400790,22024,2025-02-20,1610612737,1610612753,108,114
0022400524,22024,2025-02-19,1610612747,1610612766,97,100
2032400001,32024,2025-02-16,1612709974,1612709971,35,34
0032400011,32024,2025-02-16,1610616851,1610616853,41,32
2032400003,32024,2025-02-16,1612709974,1612709973,26,30
2032400002,32024,2025-02-16,1612709973,1612709972,36,32
0032400031,32024,2025-02-16,1610616851,1610616852,25,41
0032400021,32024,2025-02-16,1610616852,1610616854,42,35
0032400003,32024,2025-02-14,1610616840,1610616839,55,66
0032400006,32024,2025-02-14,1610616855,1610616858,25,14
0032400005,32024,2025-02-14,1610616857,1610616858,39,40
0032400004,32024,2025-02-14,1610616855,1610616856,40,34
2022400293,22024,2025-02-13,1612709905,1612709890,88,108
2022400292,22024,2025-02-13,1612709902,1612709914,152,144
0022401004,22024,2025-02-13,1610612762,1610612746,116,120
0022400784,22024,2025-02-13,1610612745,1610612744,98,105
2022400284,22024,2025-02-13,1612709929,1612709889,118,115
0022400786,22024,2025-02-13,1610612742,1610612748,118,113
2022400289,22024,2025-02-13,1612709913,1612709910,105,127
2022400285,22024,2025-02-13,1612709915,1612709921,107,106
2022400286,22024,2025-02-13,1612709932,1612709923,110,86
2022400287,22024,2025-02-13,1612709920,1612709893,116,130
2022400290,22024,2025-02-13,1612709903,1612709904,120,118
2022400291,22024,2025-02-13,1612709934,1612709908,137,123
0022400785,22024,2025-02-13,1610612740,1610612758,140,133
0022400787,22024,2025-02-13,1610612750,1610612760,116,101
2022400288,22024,2025-02-13,1612709911,1612709933,116,121
0022400776,22024,2025-02-12,1610612750,1610612749,101,103
0022400771,22024,2025-02-12,1610612764,1610612754,130,134
0022400783,22024,2025-02-12,1610612746,1610612763,128,114
2022400279,22024,2025-02-12,1612709926,1612709931,129,112
0022400779,22024,2025-02-12,1610612745,1610612756,119,111
2022400277,22024,2025-02-12,1612709920,1612709893,102,96
0022400780,22024,2025-02-12,1610612743,1610612757,132,121
0022400782,22024,2025-02-12,1610612742,1610612744,111,107
2022400278,22024,2025-02-12,1612709928,1612709917,116,106
2022400280,22024,2025-02-12,1612709903,1612709904,123,104
0022400773,22024,2025-02-12,1610612752,1610612737,149,148
0022400769,22024,2025-02-12,1610612738,1610612759,116,103
2022400276,22024,2025-02-12,1612709932,1612709909,118,109
0022400772,22024,2025-02-12,1610612751,1610612755,100,96
0022400781,22024,2025-02-12,1610612762,1610612747,131,119
0022400770,22024,2025-02-12,1610612753,1610612766,102,86
2022400281,22024,2025-02-12,1612709929,1612709910,113,119
0022400774,22024,2025-02-12,1610612761,1610612739,108,131
0022400777,22024,2025-02-12,1610612740,1610612758,111,119
0022400778,22024,2025-02-12,1610612760,1610612748,115,101
0022400775,22024,2025-02-12,1610612741,1610612765,110,128
2022400283,22024,2025-02-12,1612709905,1612709890,102,109
2022400282,22024,2025-02-12,1612709913,1612709919,126,119
2022400275,22024,2025-02-11,1612709911,1612709922,104,114
0022400765,22024,2025-02-11,1610612754,1610612752,115,128
0022400764,22024,2025-02-11,1610612755,1610612761,103,106
0022400766,22024,2025-02-11,1610612741,1610612765,92,132
2022400274,22024,2025-02-11,1612709921,1612709923,111,85
0022400767,22024,2025-02-11,1610612756,1610612763,112,119
2022400269,22024,2025-02-10,1612709919,1612709932,111,115
0022400757,22024,2025-02-10,1610612764,1610612759,121,131
0022400756,22024,2025-02-10,1610612753,1610612737,106,112
0022400761,22024,2025-02-10,1610612760,1610612740,137,101
0022400759,22024,2025-02-10,1610612748,1610612738,85,103
2022400266,22024,2025-02-10,1612709928,1612709889,114,119
0022400768,22024,2025-02-10,1610612747,1610612762,132,113
0022400763,22024,2025-02-10,1610612743,1610612757,146,117
2022400268,22024,2025-02-10,1612709925,1612709917,121,127
0022400760,22024,2025-02-10,1610612749,1610612744,111,125
0022400762,22024,2025-02-10,1610612742,1610612758,128,129
2022400267,22024,2025-02-10,1612709929,1612709910,121,113
0022400758,22024,2025-02-10,1610612751,1610612766,97,89
2022400271,22024,2025-02-10,1612709908,1612709931,115,110
2022400273,22024,2025-02-10,1612709933,1612709904,139,119
2022400272,22024,2025-02-10,1612709934,1612709924,119,107
0022400755,22024,2025-02-10,1610612739,1610612750,128,107
2022400270,22024,2025-02-10,1612709926,1612709915,115,127
2022400265,22024,2025-02-09,1612709925,1612709917,119,115
0022400753,22024,2025-02-09,1610612745,1610612761,94,87
0022400754,22024,2025-02-09,1610612749,1610612755,135,127
0022400752,22024,2025-02-09,1610612765,1610612766,112,102
2022400261,22024,2025-02-08,1612709923,1612709915,98,102
0022400747,22024,2025-02-08,1610612750,1610612757,114,98
0022400748,22024,2025-02-08,1610612752,1610612738,104,131
0022400741,22024,2025-02-08,1610612742,1610612745,116,105
2022400260,22024,2025-02-08,1612709904,1612709922,115,105
2022400263,22024,2025-02-08,1612709924,1612709905,125,113
2022400258,22024,2025-02-08,1612709893,1612709919,107,120
0022400743,22024,2025-02-08,1610612753,1610612759,112,111
0022400750,22024,2025-02-08,1610612758,1610612740,123,118
0022400742,22024,2025-02-08,1610612747,1610612754,124,117
2022400255,22024,2025-02-08,1612709921,1612709909,127,133
0022400746,22024,2025-02-08,1610612763,1610612760,112,125
2022400253,22024,2025-02-08,1612709928,1612709889,112,110
2022400256,22024,2025-02-08,1612709910,1612709932,114,121
0022400744,22024,2025-02-08,1610612764,1610612737,111,125
2022400264,22024,2025-02-08,1612709902,1612709890,92,137
0022400751,22024,2025-02-08,1610612746,1610612762,130,110
2022400257,22024,2025-02-08,1612709933,1612709908,98,125
2022400259,22024,2025-02-08,1612709911,1612709914,125,120
0022400745,22024,2025-02-08,1610612741,1610612744,111,132
2022400262,22024,2025-02-08,1612709918,1612709931,101,109
2022400254,22024,2025-02-08,1612709929,1612709927,107,101
0022400749,22024,2025-02-08,1610612756,1610612743,105,122
0022400737,22024,2025-02-07,1610612751,1610612748,102,86
0022400740,22024,2025-02-07,1610612756,1610612762,135,127
2022400250,22024,2025-02-07,1612709933,1612709908,103,110
2022400252,22024,2025-02-07,1612709905,1612709934,122,104
2022400246,22024,2025-02-07,1612709893,1612709919,133,136
0022400739,22024,2025-02-07,1610612760,1610612761,121,109
0022400738,22024,2025-02-07,1610612765,1610612755,125,112
2022400249,22024,2025-02-07,1612709918,1612709931,93,123
2022400251,22024,2025-02-07,1612709902,1612709890,119,103
2022400247,22024,2025-02-07,1612709920,1612709925,104,110
2022400248,22024,2025-02-07,1612709911,1612709914,121,116
0022400736,22024,2025-02-07,1610612737,1610612749,115,110
0022400734,22024,2025-02-07,1610612766,1610612759,117,116
0022400735,22024,2025-02-07,1610612764,1610612739,124,134
0022400732,22024,2025-02-06,1610612757,1610612758,108,102
0022400731,22024,2025-02-06,1610612747,1610612744,120,112
0022400730,22024,2025-02-06,1610612743,1610612753,112,90
2022400245,22024,2025-02-06,1612709913,1612709929,97,110
0022400728,22024,2025-02-06,1610612738,1610612742,120,127
0022400729,22024,2025-02-06,1610612750,1610612745,127,114
2022400243,22024,2025-02-06,1612709923,1612709917,87,100
2022400244,22024,2025-02-06,1612709915,1612709909,126,100
0022400733,22024,2025-02-06,1610612746,1610612754,112,119
0022400727,22024,2025-02-05,1610612758,1610612753,111,130
2022400241,22024,2025-02-05,1612709926,1612709911,142,120
0022400722,22024,2025-02-05,1610612761,1610612763,107,138
2022400240,22024,2025-02-05,1612709921,1612709922,116,117
2022400242,22024,2025-02-05,1612709903,1612709905,99,124
0022400719,22024,2025-02-05,1610612737,1610612759,125,126
0022400718,22024,2025-02-05,1610612765,1610612739,115,118
0022400720,22024,2025-02-05,1610612751,1610612764,102,119
0022400717,22024,2025-02-05,1610612766,1610612749,102,112
0022400723,22024,2025-02-05,1610612750,1610612741,127,108
0022400726,22024,2025-02-05,1610612743,1610612740,144,119
0022400725,22024,2025-02-05,1610612762,1610612744,131,128
0022400721,22024,2025-02-05,1610612755,1610612748,101,108
0022400724,22024,2025-02-05,1610612760,1610612756,140,109
0022400712,22024,2025-02-04,1610612755,1610612742,118,116
0022400711,22024,2025-02-04,1610612751,1610612745,99,97
0022400716,22024,2025-02-04,1610612757,1610612754,112,89
2022400237,22024,2025-02-04,1612709931,1612709914,99,104
2022400234,22024,2025-02-04,1612709909,1612709925,98,115
2022400235,22024,2025-02-04,1612709910,1612709920,116,112
2022400238,22024,2025-02-04,1612709903,1612709928,136,139
2022400239,22024,2025-02-04,1612709934,1612709918,120,121
0022400715,22024,2025-02-04,1610612746,1610612747,97,122
0022400714,22024,2025-02-04,1610612741,1610612748,133,124
0022400713,22024,2025-02-04,1610612761,1610612752,115,121
2022400236,22024,2025-02-04,1612709904,1612709902,121,109
0022400710,22024,2025-02-04,1610612739,1610612738,105,112
0022400700,22024,2025-02-03,1610612766,1610612764,114,124
2022400233,22024,2025-02-03,1612709905,1612709889,101,105
2022400232,22024,2025-02-03,1612709933,1612709923,113,129
2022400228,22024,2025-02-03,1612709926,1612709911,147,118
2022400231,22024,2025-02-03,1612709908,1612709893,124,114
0022400705,22024,2025-02-03,1610612760,1610612749,125,96
0022400709,22024,2025-02-03,1610612757,1610612756,121,119
0022400706,22024,2025-02-03,1610612743,1610612740,125,113
0022400704,22024,2025-02-03,1610612750,1610612758,114,116
2022400229,22024,2025-02-03,1612709910,1612709927,130,110
0022400702,22024,2025-02-03,1610612752,1610612745,124,118
0022400703,22024,2025-02-03,1610612763,1610612759,128,109
0022400701,22024,2025-02-03,1610612765,1610612737,130,132
0022400707,22024,2025-02-03,1610612762,1610612754,111,112
0022400708,22024,2025-02-03,1610612744,1610612753,104,99
2022400230,22024,2025-02-03,1612709921,1612709913,113,117
0022400698,22024,2025-02-02,1610612755,1610612738,110,118
0022400696,22024,2025-02-02,1610612739,1610612742,144,101
2022400225,22024,2025-02-02,1612709933,1612709923,127,125
2022400227,22024,2025-02-02,1612709931,1612709914,106,96
2022400226,22024,2025-02-02,1612709890,1612709904,118,113
0022400695,22024,2025-02-02,1610612765,1610612741,127,119
2022400223,22024,2025-02-02,1612709932,1612709920,101,124
0022400699,22024,2025-02-02,1610612749,1610612763,119,132
0022400697,22024,2025-02-02,1610612761,1610612746,115,108
2022400224,22024,2025-02-02,1612709909,1612709925,104,113
0022400687,22024,2025-02-01,1610612762,1610612753,113,99
2022400220,22024,2025-02-01,1612709927,1612709903,105,118
0022400688,22024,2025-02-01,1610612766,1610612743,104,107
2022400218,22024,2025-02-01,1612709915,1612709913,100,95
0022400690,22024,2025-02-01,1610612750,1610612764,103,105
0022400693,22024,2025-02-01,1610612759,1610612748,103,105
2022400217,22024,2025-02-01,1612709922,1612709928,122,131
2022400221,22024,2025-02-01,1612709905,1612709889,92,126
2022400219,22024,2025-02-01,1612709908,1612709893,104,110
0022400689,22024,2025-02-01,1610612745,1610612751,98,110
0022400691,22024,2025-02-01,1610612760,1610612758,144,110
2022400216,22024,2025-02-01,1612709932,1612709921,145,132
2022400222,22024,2025-02-01,1612709902,1612709917,146,136
0022400692,22024,2025-02-01,1610612752,1610612747,112,128
0022400694,22024,2025-02-01,1610612757,1610612756,127,108
0022400686,22024,2025-02-01,1610612754,1610612737,132,127
2022400213,22024,2025-01-31,1612709934,1612709924,124,105
0022400680,22024,2025-01-31,1610612765,1610612742,117,102
0022400679,22024,2025-01-31,1610612766,1610612746,104,112
2022400210,22024,2025-01-31,1612709926,1612709920,113,125
2022400214,22024,2025-01-31,1612709905,1612709918,125,127
2022400211,22024,2025-01-31,1612709908,1612709904,114,96
0022400682,22024,2025-01-31,1610612761,1610612741,106,122
2022400215,22024,2025-01-31,1612709914,1612709923,117,107
0022400685,22024,2025-01-31,1610612744,1610612756,105,130
2022400212,22024,2025-01-31,1612709927,1612709909,115,106
0022400684,22024,2025-01-31,1610612759,1610612749,144,118
2022400209,22024,2025-01-31,1612709915,1612709911,103,94
0022400681,22024,2025-01-31,1610612755,1610612743,134,137
0022400683,22024,2025-01-31,1610612740,1610612738,116,118
2022400208,22024,2025-01-31,1612709922,1612709928,105,98
0022400677,22024,2025-01-30,1610612762,1610612750,113,138
0022400676,22024,2025-01-30,1610612763,1610612745,120,119
0022400674,22024,2025-01-30,1610612764,1610612747,96,134
2022400206,22024,2025-01-30,1612709931,1612709929,94,86
2022400205,22024,2025-01-30,1612709889,1612709893,114,83
0022400678,22024,2025-01-30,1610612757,1610612753,119,90
0022400675,22024,2025-01-30,1610612739,1610612737,137,115
2022400207,22024,2025-01-30,1612709914,1612709917,111,106
2022400204,22024,2025-01-30,1612709925,1612709919,119,111
2022400196,22024,2025-01-29,1612709915,1612709911,125,95
0022400671,22024,2025-01-29,1610612759,1610612746,116,128
0022400673,22024,2025-01-29,1610612744,1610612760,116,109
2022400197,22024,2025-01-29,1612709927,1612709909,128,114
0022400666,22024,2025-01-29,1610612738,1610612741,122,100
0022400670,22024,2025-01-29,1610612740,1610612742,136,137
0022400665,22024,2025-01-29,1610612764,1610612761,82,106
2022400200,22024,2025-01-29,1612709903,1612709934,132,113
2022400203,22024,2025-01-29,1612709905,1612709918,100,93
2022400199,22024,2025-01-29,1612709931,1612709904,102,105
0022400664,22024,2025-01-29,1610612754,1610612765,133,119
2022400198,22024,2025-01-29,1612709920,1612709913,122,112
0022400672,22024,2025-01-29,1610612756,1610612750,113,121
2022400195,22024,2025-01-29,1612709921,1612709922,98,104
2022400201,22024,2025-01-29,1612709933,1612709890,115,106
0022400669,22024,2025-01-29,1610612755,1610612758,117,104
2022400202,22024,2025-01-29,1612709924,1612709902,102,98
0022400668,22024,2025-01-29,1610612752,1610612743,122,112
0022400663,22024,2025-01-29,1610612766,1610612751,83,104
0022400667,22024,2025-01-29,1610612748,1610612739,106,126
2022400194,22024,2025-01-29,1612709889,1612709926,102,108
0022400532,22024,2025-01-28,1610612737,1610612745,96,100
2022400190,22024,2025-01-28,1612709910,1612709932,107,99
0022400661,22024,2025-01-28,1610612744,1610612762,114,103
2022400191,22024,2025-01-28,1612709925,1612709929,115,110
2022400192,22024,2025-01-28,1612709903,1612709934,115,122
2022400193,22024,2025-01-28,1612709914,1612709917,98,115
0022400660,22024,2025-01-28,1610612755,1610612747,118,104
0022400662,22024,2025-01-28,1610612757,1610612749,125,112
0022400658,22024,2025-01-27,1610612762,1610612749,110,125
0022400651,22024,2025-01-27,1610612751,1610612758,96,110
2022400189,22024,2025-01-27,1612709933,1612709890,99,124
0022400648,22024,2025-01-27,1610612766,1610612747,107,112
0022400654,22024,2025-01-27,1610612761,1610612740,113,104
0022400653,22024,2025-01-27,1610612752,1610612763,143,106
0022400649,22024,2025-01-27,1610612739,1610612765,110,91
0022400655,22024,2025-01-27,1610612741,1610612743,129,121
2022400187,22024,2025-01-27,1612709889,1612709924,103,96
0022400659,22024,2025-01-27,1610612756,1610612746,111,109
2022400186,22024,2025-01-27,1612709919,1612709911,126,105
0022400656,22024,2025-01-27,1610612750,1610612737,100,92
2022400188,22024,2025-01-27,1612709931,1612709904,117,110
0022400657,22024,2025-01-27,1610612742,1610612764,130,108
0022400652,22024,2025-01-27,1610612748,1610612753,125,119
0022400650,22024,2025-01-27,1610612738,1610612745,112,114
2022400182,22024,2025-01-26,1612709921,1612709920,118,122
2022400184,22024,2025-01-26,1612709913,1612709929,87,91
2022400183,22024,2025-01-26,1612709914,1612709918,108,104
2022400181,22024,2025-01-26,1612709915,1612709925,105,108
2022400185,22024,2025-01-26,1612709927,1612709923,91,81
2022400180,22024,2025-01-26,1612709909,1612709922,111,102
0022400647,22024,2025-01-26,1610612757,1610612760,108,118
0022400642,22024,2025-01-25,1610612741,1610612755,97,109
0022400643,22024,2025-01-25,1610612763,1610612762,125,103
0022400640,22024,2025-01-25,1610612739,1610612745,131,135
0022400638,22024,2025-01-25,1610612753,1610612765,121,113
0022400636,22024,2025-01-25,1610612751,1610612748,97,106
2022400176,22024,2025-01-25,1612709908,1612709931,113,109
0022400635,22024,2025-01-25,1610612742,1610612738,107,122
0022400639,22024,2025-01-25,1610612737,1610612761,94,117
2022400173,22024,2025-01-25,1612709909,1612709893,110,122
0022400646,22024,2025-01-25,1610612746,1610612749,127,117
0022400645,22024,2025-01-25,1610612756,1610612764,119,109
2022400174,22024,2025-01-25,1612709913,1612709910,88,96
2022400178,22024,2025-01-25,1612709927,1612709928,98,144
0022400644,22024,2025-01-25,1610612744,1610612747,108,118
0022400637,22024,2025-01-25,1610612766,1610612740,123,92
0022400641,22024,2025-01-25,1610612752,1610612758,143,120
2022400179,22024,2025-01-25,1612709902,1612709903,128,118
2022400175,22024,2025-01-25,1612709890,1612709924,107,90
2022400177,22024,2025-01-25,1612709904,1612709926,124,111
0022400634,22024,2025-01-25,1610612750,1610612743,133,104
2022400167,22024,2025-01-24,1612709919,1612709915,123,109
2022400169,22024,2025-01-24,1612709890,1612709924,117,88
2022400170,22024,2025-01-24,1612709904,1612709926,114,124
2022400172,22024,2025-01-24,1612709905,1612709933,122,110
0022400632,22024,2025-01-24,1610612763,1610612740,139,126
0022400631,22024,2025-01-24,1610612755,1610612739,132,129
2022400166,22024,2025-01-24,1612709921,1612709920,131,122
2022400168,22024,2025-01-24,1612709911,1612709934,83,107
2022400171,22024,2025-01-24,1612709902,1612709903,127,132
0022400630,22024,2025-01-24,1610612766,1610612757,97,102
2022400164,22024,2025-01-23,1612709911,1612709934,110,119
2022400162,22024,2025-01-23,1612709909,1612709893,107,112
0022400625,22024,2025-01-23,1610612760,1610612742,115,121
0022400624,22024,2025-01-23,1610612749,1610612748,125,96
0022400628,22024,2025-01-23,1610612744,1610612741,131,106
0022400626,22024,2025-01-23,1610612743,1610612758,132,123
2022400163,22024,2025-01-23,1612709922,1612709913,98,118
0022400983,22024,2025-01-23,1610612746,1610612764,110,93
2022400165,22024,2025-01-23,1612709914,1612709918,109,95
0022400623,22024,2025-01-23,1610612737,1610612761,119,122
0022400622,22024,2025-01-23,1610612753,1610612757,79,101
2022400161,22024,2025-01-23,1612709929,1612709917,127,104
2022400160,22024,2025-01-23,1612709927,1612709932,94,88
0022400629,22024,2025-01-23,1610612747,1610612738,117,96
0022400613,22024,2025-01-22,1610612751,1610612756,84,108
2022400154,22024,2025-01-22,1612709929,1612709917,106,113
2022400156,22024,2025-01-22,1612709925,1612709928,95,106
0022400620,22024,2025-01-22,1610612746,1610612738,113,117
2022400157,22024,2025-01-22,1612709933,1612709903,117,95
0022400615,22024,2025-01-22,1610612745,1610612739,109,108
2022400153,22024,2025-01-22,1612709920,1612709919,117,114
2022400158,22024,2025-01-22,1612709924,1612709902,87,92
0022400614,22024,2025-01-22,1610612742,1610612750,114,115
0022400618,22024,2025-01-22,1610612760,1610612762,123,114
0022400616,22024,2025-01-22,1610612763,1610612766,132,120
0022400612,22024,2025-01-22,1610612737,1610612765,104,114
2022400159,22024,2025-01-22,1612709914,1612709905,112,99
2022400155,22024,2025-01-22,1612709921,1612709923,110,92
0022400619,22024,2025-01-22,1610612758,1610612744,123,117
2022400150,22024,2025-01-21,1612709913,1612709927,104,112
2022400152,22024,2025-01-21,1612709934,1612709910,117,114
0022400608,22024,2025-01-21,1610612761,1610612753,109,93
0022400606,22024,2025-01-21,1610612751,1610612752,95,99
2022400149,22024,2025-01-21,1612709893,1612709932,92,102
0022400609,22024,2025-01-21,1610612743,1610612755,144,109
2022400151,22024,2025-01-21,1612709931,1612709889,107,112
0022400610,22024,2025-01-21,1610612747,1610612764,111,88
0022400607,22024,2025-01-21,1610612748,1610612757,107,116
2022400146,22024,2025-01-20,1612709902,1612709914,121,125
0022400600,22024,2025-01-20,1610612745,1610612765,96,107
2022400144,22024,2025-01-20,1612709922,1612709917,112,111
0022400605,22024,2025-01-20,1610612740,1610612762,123,119
2022400148,22024,2025-01-20,1612709890,1612709908,136,81
2022400143,22024,2025-01-20,1612709923,1612709919,105,110
2022400145,22024,2025-01-20,1612709918,1612709926,113,104
0022400599,22024,2025-01-20,1610612766,1610612742,110,105
0022400611,22024,2025-01-20,1610612746,1610612741,99,112
0022400601,22024,2025-01-20,1610612763,1610612750,108,106
2022400147,22024,2025-01-20,1612709933,1612709903,107,130
0022400603,22024,2025-01-20,1610612739,1610612756,118,92
0022400602,22024,2025-01-20,1610612752,1610612737,119,110
0022400604,22024,2025-01-20,1610612744,1610612738,85,125
0022400592,22024,2025-01-19,1610612748,1610612759,128,107
0022400594,22024,2025-01-19,1610612749,1610612755,123,109
0022400596,22024,2025-01-19,1610612746,1610612747,116,102
2022400140,22024,2025-01-19,1612709920,1612709934,120,112
0022400597,22024,2025-01-19,1610612757,1610612741,113,102
0022400593,22024,2025-01-19,1610612753,1610612743,100,113
2022400141,22024,2025-01-19,1612709913,1612709927,98,118
2022400142,22024,2025-01-19,1612709931,1612709889,92,90
0022400598,22024,2025-01-19,1610612758,1610612764,123,100
2022400138,22024,2025-01-19,1612709915,1612709921,91,109
0022400595,22024,2025-01-19,1610612760,1610612751,127,101
2022400139,22024,2025-01-19,1612709893,1612709932,100,96
0022400591,22024,2025-01-18,1610612757,1610612745,103,125
2022400133,22024,2025-01-18,1612709915,1612709929,109,112
0022400589,22024,2025-01-18,1610612744,1610612764,122,114
0022400590,22024,2025-01-18,1610612750,1610612739,117,124
0022400586,22024,2025-01-18,1610612765,1610612756,121,125
2022400135,22024,2025-01-18,1612709923,1612709919,110,143
2022400134,22024,2025-01-18,1612709922,1612709917,116,124
0022400587,22024,2025-01-18,1610612738,1610612737,115,119
0022400588,22024,2025-01-18,1610612754,1610612755,115,102
2022400136,22024,2025-01-18,1612709904,1612709925,113,102
2022400137,22024,2025-01-18,1612709918,1612709926,123,129
0022400579,22024,2025-01-17,1610612748,1610612743,113,133
0022400584,22024,2025-01-17,1610612741,1610612766,123,125
0022400582,22024,2025-01-17,1610612759,1610612763,112,140
2022400126,22024,2025-01-17,1612709910,1612709927,107,119
2022400129,22024,2025-01-17,1612709890,1612709908,133,110
2022400132,22024,2025-01-17,1612709902,1612709931,113,121
2022400127,22024,2025-01-17,1612709928,1612709909,125,110
2022400128,22024,2025-01-17,1612709932,1612709934,117,115
2022400131,22024,2025-01-17,1612709918,1612709889,94,86
0022400581,22024,2025-01-17,1610612740,1610612762,136,123
2022400130,22024,2025-01-17,1612709904,1612709925,105,123
0022400578,22024,2025-01-17,1610612752,1610612750,99,116
0022400577,22024,2025-01-17,1610612738,1610612753,121,94
0022400580,22024,2025-01-17,1610612749,1610612761,130,112
0022400583,22024,2025-01-17,1610612742,1610612760,106,98
0022400585,22024,2025-01-17,1610612747,1610612751,102,101
0022400572,22024,2025-01-16,1610612765,1610612754,100,111
2022400121,22024,2025-01-16,1612709928,1612709924,110,109
2022400124,22024,2025-01-16,1612709926,1612709933,135,121
2022400123,22024,2025-01-16,1612709915,1612709929,123,122
0022400576,22024,2025-01-16,1610612758,1610612745,132,127
0022400574,22024,2025-01-16,1610612760,1610612739,134,114
0022400575,22024,2025-01-16,1610612757,1610612746,89,118
2022400125,22024,2025-01-16,1612709903,1612709914,111,120
0022400573,22024,2025-01-16,1610612764,1610612756,123,130
2022400122,22024,2025-01-16,1612709917,1612709920,127,109
0022400566,22024,2025-01-15,1610612740,1610612742,119,116
2022400117,22024,2025-01-15,1612709919,1612709927,114,110
2022400116,22024,2025-01-15,1612709932,1612709934,124,137
0022400565,22024,2025-01-15,1610612750,1610612744,115,116
2022400120,22024,2025-01-15,1612709923,1612709913,129,109
0022400561,22024,2025-01-15,1610612755,1610612752,119,125
2022400119,22024,2025-01-15,1612709926,1612709933,128,132
0022400564,22024,2025-01-15,1610612749,1610612753,122,93
0022400562,22024,2025-01-15,1610612761,1610612738,110,97
0022400571,22024,2025-01-15,1610612746,1610612751,126,67
0022400570,22024,2025-01-15,1610612747,1610612748,117,108
0022400567,22024,2025-01-15,1610612759,1610612763,115,129
2022400118,22024,2025-01-15,1612709911,1612709922,100,95
0022400563,22024,2025-01-15,1610612741,1610612737,94,110
0022400569,22024,2025-01-15,1610612762,1610612766,112,117
0022400568,22024,2025-01-15,1610612743,1610612745,108,128
2022400115,22024,2025-01-14,1612709903,1612709914,121,117
0022400556,22024,2025-01-14,1610612737,1610612756,122,117
0022400558,22024,2025-01-14,1610612749,1610612758,130,115
0022400559,22024,2025-01-14,1610612742,1610612743,99,118
2022400110,22024,2025-01-14,1612709910,1612709905,111,102
0022400557,22024,2025-01-14,1610612741,1610612740,113,119
2022400114,22024,2025-01-14,1612709889,1612709924,113,116
0022400560,22024,2025-01-14,1610612757,1610612751,114,132
0022400554,22024,2025-01-14,1610612754,1610612739,117,127
0022400555,22024,2025-01-14,1610612755,1610612760,102,118
2022400113,22024,2025-01-14,1612709919,1612709927,124,117
2022400111,22024,2025-01-14,1612709893,1612709929,108,112
2022400112,22024,2025-01-14,1612709917,1612709921,94,108
0022400552,22024,2025-01-13,1610612747,1610612759,102,126
0022400550,22024,2025-01-13,1610612761,1610612744,104,101
0022400549,22024,2025-01-13,1610612752,1610612765,119,124
2022400107,22024,2025-01-13,1612709911,1612709933,114,128
2022400108,22024,2025-01-13,1612709889,1612709920,117,121
0022400553,22024,2025-01-13,1610612746,1610612748,109,98
2022400106,22024,2025-01-13,1612709928,1612709915,118,122
0022400548,22024,2025-01-13,1610612764,1610612750,106,120
0022400551,22024,2025-01-13,1610612745,1610612763,120,118
2022400109,22024,2025-01-13,1612709934,1612709902,113,115
0022400539,22024,2025-01-12,1610612752,1610612749,140,106
0022400547,22024,2025-01-12,1610612756,1610612766,120,113
0022400542,22024,2025-01-12,1610612738,1610612740,120,119
0022400540,22024,2025-01-12,1610612742,1610612743,101,112
0022400544,22024,2025-01-12,1610612753,1610612755,104,99
0022400541,22024,2025-01-12,1610612741,1610612758,119,124
2022400103,22024,2025-01-12,1612709909,1612709926,116,138
2022400105,22024,2025-01-12,1612709910,1612709921,124,108
2022400104,22024,2025-01-12,1612709934,1612709902,130,113
0022400543,22024,2025-01-12,1610612739,1610612754,93,108
2022400101,22024,2025-01-12,1612709929,1612709932,98,105
0022400545,22024,2025-01-12,1610612764,1610612760,95,136
2022400100,22024,2025-01-12,1612709927,1612709925,139,118
2022400102,22024,2025-01-12,1612709923,1612709922,99,87
0022400546,22024,2025-01-12,1610612762,1610612751,112,111
2022400098,22024,2025-01-11,1612709908,1612709911,132,113
2022400099,22024,2025-01-11,1612709914,1612709905,113,107
0022400533,22024,2025-01-11,1610612756,1610612762,114,106
2022400095,22024,2025-01-11,1612709915,1612709920,99,116
2022400096,22024,2025-01-11,1612709913,1612709928,113,108
0022400534,22024,2025-01-11,1610612765,1610612761,123,114
2022400093,22024,2025-01-11,1612709923,1612709922,90,99
2022400094,22024,2025-01-11,1612709893,1612709917,113,103
0022400536,22024,2025-01-11,1610612757,1610612748,98,119
0022400535,22024,2025-01-11,1610612750,1610612763,125,127
2022400097,22024,2025-01-11,1612709890,1612709889,92,102
0022400525,22024,2025-01-10,1610612754,1610612744,108,96
2022400091,22024,2025-01-10,1612709931,1612709909,123,97
2022400087,22024,2025-01-10,1612709915,1612709920,119,121
0022400529,22024,2025-01-10,1610612752,1610612760,101,126
0022400526,22024,2025-01-10,1610612753,1610612749,106,109
0022400527,22024,2025-01-10,1610612755,1610612740,115,123
0022400531,22024,2025-01-10,1610612743,1610612751,124,105
2022400090,22024,2025-01-10,1612709913,1612709928,99,134
2022400086,22024,2025-01-10,1612709893,1612709917,105,124
2022400088,22024,2025-01-10,1612709919,1612709904,102,152
2022400085,22024,2025-01-10,1612709910,1612709925,119,108
0022400530,22024,2025-01-10,1610612741,1610612764,138,105
2022400092,22024,2025-01-10,1612709924,1612709918,105,89
0022400528,22024,2025-01-10,1610612738,1610612758,97,114
2022400089,22024,2025-01-10,1612709890,1612709934,145,86
2022400084,22024,2025-01-09,1612709924,1612709918,86,99
0022400517,22024,2025-01-09,1610612739,1610612761,132,126
2022400083,22024,2025-01-09,1612709903,1612709911,133,124
2022400082,22024,2025-01-09,1612709931,1612709909,105,93
0022400522,22024,2025-01-09,1610612756,1610612737,123,115
0022400520,22024,2025-01-09,1610612763,1610612745,115,119
0022400518,22024,2025-01-09,1610612765,1610612744,104,107
0022400523,22024,2025-01-09,1610612762,1610612748,92,97
2022400080,22024,2025-01-09,1612709921,1612709929,94,95
0022400519,22024,2025-01-09,1610612753,1610612750,89,104
0022400521,22024,2025-01-09,1610612742,1610612757,117,111
2022400081,22024,2025-01-09,1612709908,1612709889,130,118
0022400509,22024,2025-01-08,1610612739,1610612760,129,122
2022400078,22024,2025-01-08,1612709919,1612709904,118,97
0022400510,22024,2025-01-08,1610612754,1610612741,129,113
0022400513,22024,2025-01-08,1610612751,1610612765,98,113
2022400077,22024,2025-01-08,1612709910,1612709925,98,118
0022400512,22024,2025-01-08,1610612755,1610612764,109,103
0022400516,22024,2025-01-08,1610612749,1610612759,121,105
0022400511,22024,2025-01-08,1610612752,1610612761,112,98
0022400514,22024,2025-01-08,1610612740,1610612757,100,119
2022400079,22024,2025-01-08,1612709914,1612709934,102,111
0022400515,22024,2025-01-08,1610612743,1610612746,126,103
0022400504,22024,2025-01-07,1610612742,1610612747,118,97
2022400074,22024,2025-01-07,1612709908,1612709889,125,130
0022400505,22024,2025-01-07,1610612740,1610612750,97,104
2022400073,22024,2025-01-07,1612709911,1612709902,101,112
2022400075,22024,2025-01-07,1612709924,1612709903,85,91
2022400069,22024,2025-01-07,1612709910,1612709915,118,115
2022400072,22024,2025-01-07,1612709932,1612709922,75,92
0022400506,22024,2025-01-07,1610612762,1610612737,121,124
0022400508,22024,2025-01-07,1610612744,1610612748,98,114
2022400070,22024,2025-01-07,1612709928,1612709893,133,108
0022400502,22024,2025-01-07,1610612766,1610612756,115,104
2022400076,22024,2025-01-07,1612709905,1612709909,99,103
0022400507,22024,2025-01-07,1610612743,1610612738,106,118
0022400503,22024,2025-01-07,1610612764,1610612745,112,135
2022400071,22024,2025-01-07,1612709921,1612709913,112,104
0022400499,22024,2025-01-06,1610612763,1610612742,119,104
2022400067,22024,2025-01-06,1612709919,1612709925,149,145
2022400068,22024,2025-01-06,1612709933,1612709914,105,129
2022400065,22024,2025-01-06,1612709918,1612709890,79,103
0022400500,22024,2025-01-06,1610612750,1610612746,108,106
0022400501,22024,2025-01-06,1610612758,1610612748,123,118
0022400496,22024,2025-01-06,1610612752,1610612753,94,103
2022400064,22024,2025-01-06,1612709923,1612709917,124,94
0022400494,22024,2025-01-06,1610612755,1610612756,99,109
2022400066,22024,2025-01-06,1612709921,1612709904,96,98
0022400498,22024,2025-01-06,1610612741,1610612759,114,110
0022400493,22024,2025-01-06,1610612765,1610612757,118,115
0022400495,22024,2025-01-06,1610612751,1610612754,99,113
0022400497,22024,2025-01-06,1610612761,1610612749,104,128
0022400491,22024,2025-01-05,1610612745,1610612747,119,115
2022400060,22024,2025-01-05,1612709915,1612709913,103,90
0022400490,22024,2025-01-05,1610612753,1610612762,92,105
0022400488,22024,2025-01-05,1610612739,1610612766,115,105
2022400062,22024,2025-01-05,1612709929,1612709927,123,111
0022400489,22024,2025-01-05,1610612764,1610612740,98,110
2022400061,22024,2025-01-05,1612709928,1612709893,108,100
0022400487,22024,2025-01-05,1610612760,1610612738,105,92
0022400492,22024,2025-01-05,1610612744,1610612758,99,129
2022400063,22024,2025-01-05,1612709933,1612709914,111,118
0022400478,22024,2025-01-04,1610612751,1610612755,94,123
0022400485,22024,2025-01-04,1610612744,1610612763,121,113
2022400051,22024,2025-01-04,1612709928,1612709910,123,114
2022400053,22024,2025-01-04,1612709917,1612709919,113,127
2022400056,22024,2025-01-04,1612709920,1612709890,84,115
0022400484,22024,2025-01-04,1610612759,1610612743,111,122
0022400480,22024,2025-01-04,1610612754,1610612756,126,108
0022400481,22024,2025-01-04,1610612748,1610612762,100,136
2022400057,22024,2025-01-04,1612709911,1612709902,130,136
0022400483,22024,2025-01-04,1610612749,1610612757,102,105
0022400482,22024,2025-01-04,1610612741,1610612752,139,126
2022400054,22024,2025-01-04,1612709931,1612709905,98,106
2022400058,22024,2025-01-04,1612709889,1612709934,110,131
2022400055,22024,2025-01-04,1612709923,1612709918,89,88
2022400059,22024,2025-01-04,1612709904,1612709924,100,113
0022400479,22024,2025-01-04,1610612765,1610612750,119,105
2022400052,22024,2025-01-04,1612709909,1612709932,114,99
0022400486,22024,2025-01-04,1610612746,1610612737,131,105
0022400476,22024,2025-01-03,1610612758,1610612763,138,133
2022400047,22024,2025-01-03,1612709920,1612709890,122,85
0022400477,22024,2025-01-03,1610612747,1610612737,119,102
0022400474,22024,2025-01-03,1610612742,1610612739,122,134
0022400473,22024,2025-01-03,1610612760,1610612752,117,107
2022400045,22024,2025-01-03,1612709915,1612709927,105,90
2022400044,22024,2025-01-03,1612709922,1612709893,119,109
0022400470,22024,2025-01-03,1610612761,1610612753,97,106
2022400049,22024,2025-01-03,1612709931,1612709905,114,96
0022400472,22024,2025-01-03,1610612740,1610612764,132,120
0022400469,22024,2025-01-03,1610612765,1610612766,98,94
2022400048,22024,2025-01-03,1612709904,1612709902,96,110
2022400043,22024,2025-01-03,1612709917,1612709921,108,129
0022400471,22024,2025-01-03,1610612745,1610612738,86,109
2022400046,22024,2025-01-03,1612709923,1612709918,95,98
2022400050,22024,2025-01-03,1612709903,1612709908,116,132
0022400475,22024,2025-01-03,1610612743,1610612759,110,113
2022400038,22024,2025-01-02,1612709889,1612709934,120,125
2022400039,22024,2025-01-02,1612709929,1612709932,124,107
2022400042,22024,2025-01-02,1612709914,1612709926,118,94
2022400041,22024,2025-01-02,1612709919,1612709909,104,107
0022400466,22024,2025-01-02,1610612760,1610612746,116,98
0022400464,22024,2025-01-02,1610612750,1610612738,115,118
2022400040,22024,2025-01-02,1612709915,1612709927,115,117
0022400468,22024,2025-01-02,1610612747,1610612757,114,106
0022400463,22024,2025-01-02,1610612748,1610612754,115,128
0022400467,22024,2025-01-02,1610612744,1610612755,139,105
0022400465,22024,2025-01-02,1610612749,1610612751,110,113
2022400034,22024,2025-01-01,1612709919,1612709910,117,114
0022400457,22024,2025-01-01,1610612748,1610612740,119,108
2022400035,22024,2025-01-01,1612709903,1612709908,121,117
2022400037,22024,2025-01-01,1612709933,1612709924,119,115
0022400462,22024,2025-01-01,1610612758,1610612755,113,107
0022400460,22024,2025-01-01,1610612745,1610612742,110,99
2022400036,22024,2025-01-01,1612709890,1612709911,121,102
0022400456,22024,2025-01-01,1610612764,1610612741,125,107
0022400455,22024,2025-01-01,1610612765,1610612753,105,96
0022400458,22024,2025-01-01,1610612752,1610612762,119,103
0022400461,22024,2025-01-01,1610612743,1610612737,139,120
0022400459,22024,2025-01-01,1610612761,1610612751,130,113
0022400454,22024,2024-12-31,1610612747,1610612739,110,122
2022400033,22024,2024-12-31,1612709934,1612709904,101,114
0022400452,22024,2024-12-31,1610612760,1610612750,113,105
2022400032,22024,2024-12-31,1612709922,1612709893,100,103
0022400453,22024,2024-12-31,1610612756,1610612763,112,117
0022400450,22024,2024-12-31,1610612754,1610612749,112,120
2022400031,22024,2024-12-31,1612709915,1612709918,102,95
0022400451,22024,2024-12-31,1610612759,1610612746,122,86
0022400449,22024,2024-12-31,1610612738,1610612761,125,71
0022400444,22024,2024-12-30,1610612740,1610612746,113,116
2022400028,22024,2024-12-30,1612709932,1612709913,122,101
2022400026,22024,2024-12-30,1612709929,1612709923,117,97
0022400446,22024,2024-12-30,1610612744,1610612739,95,113
0022400442,22024,2024-12-30,1610612766,1610612741,108,115
0022400445,22024,2024-12-30,1610612762,1610612743,121,132
0022400447,22024,2024-12-30,1610612757,1610612755,103,125
2022400029,22024,2024-12-30,1612709919,1612709910,124,127
0022400448,22024,2024-12-30,1610612758,1610612742,110,100
0022400443,22024,2024-12-30,1610612764,1610612752,106,126
2022400030,22024,2024-12-30,1612709934,1612709904,104,121
2022400027,22024,2024-12-30,1612709909,1612709921,122,114
2022400020,22024,2024-12-29,1612709932,1612709915,111,112
0022400436,22024,2024-12-29,1610612753,1610612751,102,101
0022400437,22024,2024-12-29,1610612738,1610612754,114,123
0022400439,22024,2024-12-29,1610612745,1610612748,100,104
2022400024,22024,2024-12-29,1612709914,1612709890,126,118
2022400022,22024,2024-12-29,1612709928,1612709917,94,106
0022400438,22024,2024-12-29,1610612761,1610612737,107,136
0022400440,22024,2024-12-29,1610612760,1610612763,130,106
2022400023,22024,2024-12-29,1612709931,1612709911,122,126
2022400025,22024,2024-12-29,1612709924,1612709926,134,111
2022400021,22024,2024-12-29,1612709920,1612709925,131,122
0022400441,22024,2024-12-29,1610612750,1610612759,112,110
0022400435,22024,2024-12-28,1610612747,1610612758,132,122
0022400430,22024,2024-12-28,1610612741,1610612749,116,111
0022400434,22024,2024-12-28,1610612757,1610612742,126,122
0022400431,22024,2024-12-28,1610612744,1610612756,109,105
2022400015,22024,2024-12-28,1612709922,1612709927,111,105
0022400427,22024,2024-12-28,1610612737,1610612748,120,110
0022400432,22024,2024-12-28,1610612743,1610612765,134,121
0022400428,22024,2024-12-28,1610612766,1610612760,94,106
2022400018,22024,2024-12-28,1612709914,1612709890,109,107
0022400429,22024,2024-12-28,1610612764,1610612752,132,136
2022400014,22024,2024-12-28,1612709910,1612709903,132,103
2022400019,22024,2024-12-28,1612709918,1612709889,84,100
0022400433,22024,2024-12-28,1610612762,1610612755,111,114
2022400013,22024,2024-12-28,1612709909,1612709923,105,115
2022400016,22024,2024-12-28,1612709893,1612709905,93,90
2022400017,22024,2024-12-28,1612709908,1612709902,103,106
2022400008,22024,2024-12-27,1612709919,1612709932,117,138
0022400424,22024,2024-12-27,1610612743,1610612739,135,149
2022400002,22024,2024-12-27,1612709910,1612709903,127,116
2022400001,22024,2024-12-27,1612709920,1612709913,108,111
2022400005,22024,2024-12-27,1612709917,1612709915,120,103
2022400004,22024,2024-12-27,1612709909,1612709923,116,97
0022400425,22024,2024-12-27,1610612756,1610612742,89,98
0022400419,22024,2024-12-27,1610612753,1610612752,85,108
2022400010,22024,2024-12-27,1612709931,1612709911,105,94
0022400420,22024,2024-12-27,1610612738,1610612754,142,105
0022400426,22024,2024-12-27,1610612746,1610612744,102,92
0022400422,22024,2024-12-27,1610612745,1610612750,112,113
0022400423,22024,2024-12-27,1610612740,1610612763,124,132
2022400006,22024,2024-12-27,1612709922,1612709927,122,86
2022400007,22024,2024-12-27,1612709925,1612709929,115,107
2022400009,22024,2024-12-27,1612709908,1612709902,109,115
2022400012,22024,2024-12-27,1612709924,1612709926,124,117
2022400003,22024,2024-12-27,1612709893,1612709905,125,113
0022400421,22024,2024-12-27,1610612751,1610612759,87,96
0022400416,22024,2024-12-26,1610612740,1610612745,111,128
0022400411,22024,2024-12-26,1610612753,1610612748,88,89
0022400418,22024,2024-12-26,1610612758,1610612765,113,114
0022400413,22024,2024-12-26,1610612737,1610612741,141,133
0022400412,22024,2024-12-26,1610612764,1610612766,113,110
0022400414,22024,2024-12-26,1610612763,1610612761,155,126
0022400417,22024,2024-12-26,1610612757,1610612762,122,120
0022400415,22024,2024-12-26,1610612749,1610612751,105,111
0022400410,22024,2024-12-26,1610612754,1610612760,114,120
0022400407,22024,2024-12-25,1610612738,1610612755,114,118
0022400409,22024,2024-12-25,1610612756,1610612743,110,100
0022400406,22024,2024-12-25,1610612742,1610612750,99,105
0022400408,22024,2024-12-25,1610612744,1610612747,113,115
0022400405,22024,2024-12-25,1610612752,1610612759,117,114
0022400401,22024,2024-12-23,1610612742,1610612757,132,108
0022400398,22024,2024-12-23,1610612741,1610612749,91,112
0022400396,22024,2024-12-23,1610612748,1610612751,110,95
0022400391,22024,2024-12-23,1610612766,1610612745,101,114
0022400400,22024,2024-12-23,1610612760,1610612764,123,105
0022400393,22024,2024-12-23,1610612753,1610612738,108,104
0022400394,22024,2024-12-23,1610612755,1610612759,111,106
0022400402,22024,2024-12-23,1610612743,1610612756,117,90
0022400399,22024,2024-12-23,1610612763,1610612746,110,114
0022400403,22024,2024-12-23,1610612744,1610612754,105,111
0022400395,22024,2024-12-23,1610612737,1610612750,117,104
0022400397,22024,2024-12-23,1610612752,1610612761,139,125
0022400392,22024,2024-12-23,1610612739,1610612762,124,113
0022400404,22024,2024-12-23,1610612747,1610612765,114,117
0022400389,22024,2024-12-22,1610612758,1610612754,95,122
2052400244,52024,2024-12-22,1612709925,1612709929,105,113
2052400247,52024,2024-12-22,1612709893,1612709890,106,126
2052400246,52024,2024-12-22,1612709921,1612709933,106,114
2052400243,52024,2024-12-22,1612709903,1612709926,122,120
0022400390,22024,2024-12-22,1610612740,1610612743,129,132
2052400249,52024,2024-12-22,1612709904,1612709919,119,125
0022400388,22024,2024-12-22,1610612761,1610612745,110,114
2052400242,52024,2024-12-22,1612709918,1612709910,109,115
2052400245,52024,2024-12-22,1612709909,1612709913,109,98
2052400248,52024,2024-12-22,1612709915,1612709932,121,104
0022400379,22024,2024-12-21,1610612751,1610612762,94,105
0022400384,22024,2024-12-21,1610612740,1610612752,93,104
0022400387,22024,2024-12-21,1610612756,1610612765,125,133
0022400377,22024,2024-12-21,1610612753,1610612748,121,114
2052400237,52024,2024-12-21,1612709919,1612709917,113,108
0022400385,22024,2024-12-21,1610612742,1610612746,113,97
0022400376,22024,2024-12-21,1610612758,1610612747,99,103
0022400386,22024,2024-12-21,1610612759,1610612757,114,94
2052400239,52024,2024-12-21,1612709924,1612709920,111,112
0022400378,22024,2024-12-21,1610612737,1610612763,112,128
0022400383,22024,2024-12-21,1610612750,1610612744,103,113
2052400236,52024,2024-12-21,1612709911,1612709904,104,117
2052400240,52024,2024-12-21,1612709923,1612709902,107,112
2052400235,52024,2024-12-21,1612709925,1612709905,104,120
2052400234,52024,2024-12-21,1612709928,1612709914,112,108
0022400380,22024,2024-12-21,1610612739,1610612755,126,99
2052400241,52024,2024-12-21,1612709927,1612709931,100,96
2052400238,52024,2024-12-21,1612709889,1612709934,129,94
0022400381,22024,2024-12-21,1610612741,1610612738,98,123
0022400382,22024,2024-12-21,1610612749,1610612764,112,101
0022400374,22024,2024-12-20,1610612739,1610612749,124,101
2052400226,52024,2024-12-20,1612709932,1612709918,110,111
2052400229,52024,2024-12-20,1612709903,1612709893,121,98
2052400230,52024,2024-12-20,1612709902,1612709909,106,128
2052400233,52024,2024-12-20,1612709929,1612709915,110,116
2052400227,52024,2024-12-20,1612709921,1612709924,88,136
2052400232,52024,2024-12-20,1612709922,1612709890,105,100
2052400231,52024,2024-12-20,1612709910,1612709908,127,115
0022400375,22024,2024-12-20,1610612748,1610612760,97,104
2052400228,52024,2024-12-20,1612709933,1612709931,96,99
0022400373,22024,2024-12-20,1610612755,1610612766,108,98
2052400222,52024,2024-12-19,1612709904,1612709928,112,108
0022400364,22024,2024-12-19,1610612761,1610612751,94,101
2052400220,52024,2024-12-19,1612709889,1612709917,110,124
2052400218,52024,2024-12-19,1612709905,1612709922,90,98
0022400366,22024,2024-12-19,1610612763,1610612744,144,93
0022400367,22024,2024-12-19,1610612750,1610612752,107,133
2052400219,52024,2024-12-19,1612709911,1612709914,124,99
2052400224,52024,2024-12-19,1612709919,1612709934,127,119
0022400362,22024,2024-12-19,1610612764,1610612766,123,114
2052400225,52024,2024-12-19,1612709926,1612709923,104,109
0022400365,22024,2024-12-19,1610612745,1610612740,133,113
0022400372,22024,2024-12-19,1610612758,1610612747,100,113
0022400368,22024,2024-12-19,1610612742,1610612746,95,118
2052400221,52024,2024-12-19,1612709908,1612709920,120,103
0022400370,22024,2024-12-19,1610612759,1610612737,133,126
0022400369,22024,2024-12-19,1610612756,1610612754,111,120
0022400360,22024,2024-12-19,1610612765,1610612762,119,126
2052400223,52024,2024-12-19,1612709913,1612709927,108,86
0022400361,22024,2024-12-19,1610612753,1610612760,99,105
0022400363,22024,2024-12-19,1610612738,1610612741,108,117
0022400371,22024,2024-12-19,1610612757,1610612743,126,124
0022401224,22024,2024-12-16,1610612751,1610612739,101,130
2052400217,52024,2024-12-16,1612709914,1612709934,117,104
0022401222,22024,2024-12-16,1610612766,1610612755,108,121
2052400216,52024,2024-12-16,1612709927,1612709904,95,115
0022401225,22024,2024-12-16,1610612758,1610612743,129,130
0022401221,22024,2024-12-16,1610612765,1610612748,125,124
2052400215,52024,2024-12-16,1612709919,1612709922,123,117
0022401223,22024,2024-12-16,1610612761,1610612741,121,122
0022401226,22024,2024-12-16,1610612746,1610612762,144,107
2052400214,52024,2024-12-16,1612709917,1612709932,120,118
0022401217,22024,2024-12-15,1610612764,1610612738,98,112
0022401220,22024,2024-12-15,1610612747,1610612763,116,110
2052400211,52024,2024-12-15,1612709923,1612709910,107,119
0022401227,22024,2024-12-15,1610612753,1610612752,91,100
2052400209,52024,2024-12-15,1612709919,1612709922,107,95
2052400212,52024,2024-12-15,1612709914,1612709933,98,103
0022401216,22024,2024-12-15,1610612754,1610612740,119,104
0022401228,22024,2024-12-15,1610612744,1610612742,133,143
0022401218,22024,2024-12-15,1610612759,1610612750,92,106
2052400208,52024,2024-12-15,1612709917,1612709932,120,112
2052400210,52024,2024-12-15,1612709889,1612709890,117,95
2052400213,52024,2024-12-15,1612709902,1612709924,108,120
0022401219,22024,2024-12-15,1610612756,1610612757,116,109
2052400206,52024,2024-12-15,1612709915,1612709920,114,115
2052400207,52024,2024-12-15,1612709928,1612709921,137,121
2052400203,52024,2024-12-14,1612709925,1612709908,122,111
2052400202,52024,2024-12-14,1612709893,1612709927,116,94
2052400205,52024,2024-12-14,1612709902,1612709924,89,123
2052400204,52024,2024-12-14,1612709918,1612709913,107,98
0022401212,22024,2024-12-13,1610612741,1610612766,109,95
0022401210,22024,2024-12-13,1610612750,1610612747,97,87
2052400196,52024,2024-12-13,1612709911,1612709932,114,113
2052400199,52024,2024-12-13,1612709918,1612709913,116,110
0022401211,22024,2024-12-13,1610612763,1610612751,135,119
0022401214,22024,2024-12-13,1610612762,1610612756,126,134
2052400201,52024,2024-12-13,1612709914,1612709933,127,119
2052400195,52024,2024-12-13,1612709919,1612709929,116,109
2052400198,52024,2024-12-13,1612709923,1612709904,111,114
2052400192,52024,2024-12-13,1612709893,1612709927,141,131
2052400197,52024,2024-12-13,1612709889,1612709890,120,114
2052400193,52024,2024-12-13,1612709909,1612709920,132,109
2052400200,52024,2024-12-13,1612709934,1612709905,102,91
0022401209,22024,2024-12-13,1610612755,1610612754,107,121
0022401208,22024,2024-12-13,1610612739,1610612764,115,105
0022401213,22024,2024-12-13,1610612743,1610612746,120,98
2052400194,52024,2024-12-13,1612709917,1612709910,105,102
0022401215,22024,2024-12-13,1610612757,1610612759,116,118
2052400191,52024,2024-12-12,1612709934,1612709905,106,100
0022401205,22024,2024-12-12,1610612738,1610612765,123,99
2052400188,52024,2024-12-12,1612709925,1612709908,110,116
0022401207,22024,2024-12-12,1610612740,1610612758,109,111
0022401206,22024,2024-12-12,1610612748,1610612761,114,104
2052400190,52024,2024-12-12,1612709903,1612709924,113,115
2052400189,52024,2024-12-12,1612709931,1612709926,107,91
0022401202,22024,2024-12-11,1610612752,1610612737,100,108
2052400185,52024,2024-12-11,1612709927,1612709932,94,117
2052400187,52024,2024-12-11,1612709914,1612709902,120,117
2052400186,52024,2024-12-11,1612709931,1612709926,101,112
0022401204,22024,2024-12-11,1610612745,1610612744,91,90
2052400183,52024,2024-12-11,1612709919,1612709929,118,107
2052400184,52024,2024-12-11,1612709921,1612709915,100,120
2052400182,52024,2024-12-10,1612709903,1612709924,104,106
0022401201,22024,2024-12-10,1610612749,1610612753,114,109
0022401203,22024,2024-12-10,1610612760,1610612742,118,104
2052400179,52024,2024-12-10,1612709908,1612709890,112,124
2052400181,52024,2024-12-10,1612709889,1612709913,103,107
2052400180,52024,2024-12-10,1612709911,1612709893,104,121
2052400175,52024,2024-12-09,1612709911,1612709893,116,109
2052400178,52024,2024-12-09,1612709933,1612709902,109,112
2052400173,52024,2024-12-09,1612709910,1612709927,108,115
0022400359,22024,2024-12-09,1610612761,1610612752,108,113
2052400177,52024,2024-12-09,1612709903,1612709914,131,114
2052400176,52024,2024-12-09,1612709931,1612709918,100,97
2052400174,52024,2024-12-09,1612709909,1612709928,114,115
0022400350,22024,2024-12-08,1610612737,1610612743,111,141
0022400358,22024,2024-12-08,1610612747,1610612757,107,98
2052400172,52024,2024-12-08,1612709904,1612709917,112,114
2052400171,52024,2024-12-08,1612709925,1612709889,105,129
0022400353,22024,2024-12-08,1610612764,1610612763,112,140
2052400170,52024,2024-12-08,1612709921,1612709929,108,128
0022400357,22024,2024-12-08,1610612758,1610612762,141,97
0022400352,22024,2024-12-08,1610612753,1610612756,115,110
0022400355,22024,2024-12-08,1610612744,1610612750,114,106
2052400169,52024,2024-12-08,1612709920,1612709919,114,119
0022400354,22024,2024-12-08,1610612759,1610612740,121,116
2052400167,52024,2024-12-08,1612709915,1612709922,108,109
0022400348,22024,2024-12-08,1610612751,1610612749,113,118
0022400347,22024,2024-12-08,1610612741,1610612755,100,108
0022400356,22024,2024-12-08,1610612746,1610612745,106,117
2052400168,52024,2024-12-08,1612709909,1612709928,101,93
0022400349,22024,2024-12-08,1610612754,1610612766,109,113
0022400351,22024,2024-12-08,1610612748,1610612739,122,113
0022400343,22024,2024-12-07,1610612752,1610612765,111,120
2052400163,52024,2024-12-07,1612709923,1612709911,104,91
2052400162,52024,2024-12-07,1612709933,1612709902,109,126
0022400341,22024,2024-12-07,1610612764,1610612743,122,113
2052400166,52024,2024-12-07,1612709918,1612709908,105,139
0022400340,22024,2024-12-07,1610612766,1610612739,102,116
2052400164,52024,2024-12-07,1612709890,1612709926,96,100
2052400165,52024,2024-12-07,1612709905,1612709924,119,111
0022400344,22024,2024-12-07,1610612761,1610612742,118,125
2052400161,52024,2024-12-07,1612709915,1612709922,116,93
0022400346,22024,2024-12-07,1610612748,1610612756,121,111
0022400345,22024,2024-12-07,1610612738,1610612763,121,127
0022400342,22024,2024-12-07,1610612740,1610612760,109,119
2052400155,52024,2024-12-06,1612709920,1612709919,109,129
2052400153,52024,2024-12-06,1612709928,1612709929,131,106
0022400338,22024,2024-12-06,1610612744,1610612750,90,107
0022400339,22024,2024-12-06,1610612757,1610612762,99,141
0022400335,22024,2024-12-06,1610612738,1610612749,111,105
2052400154,52024,2024-12-06,1612709921,1612709909,108,116
2052400157,52024,2024-12-06,1612709913,1612709925,113,110
2052400160,52024,2024-12-06,1612709905,1612709903,100,115
0022400336,22024,2024-12-06,1610612741,1610612754,123,132
2052400156,52024,2024-12-06,1612709890,1612709926,114,100
0022400334,22024,2024-12-06,1610612737,1610612747,134,132
0022400333,22024,2024-12-06,1610612755,1610612753,102,94
2052400159,52024,2024-12-06,1612709918,1612709908,129,107
0022400337,22024,2024-12-06,1610612759,1610612758,113,140
2052400158,52024,2024-12-06,1612709889,1612709931,98,94
0022400326,22024,2024-12-05,1610612764,1610612742,101,137
0022400327,22024,2024-12-05,1610612752,1610612766,125,101
2052400148,52024,2024-12-05,1612709920,1612709922,134,92
2052400150,52024,2024-12-05,1612709917,1612709927,115,99
0022400330,22024,2024-12-05,1610612740,1610612756,126,124
0022400332,22024,2024-12-05,1610612744,1610612745,99,93
0022400331,22024,2024-12-05,1610612759,1610612741,124,139
0022400329,22024,2024-12-05,1610612763,1610612758,115,110
2052400149,52024,2024-12-05,1612709893,1612709932,106,119
0022400328,22024,2024-12-05,1610612761,1610612760,92,129
2052400151,52024,2024-12-05,1612709904,1612709923,102,81
0022400325,22024,2024-12-05,1610612739,1610612743,126,114
2052400152,52024,2024-12-05,1612709934,1612709902,121,118
0022400322,22024,2024-12-04,1610612755,1610612753,102,106
2052400146,52024,2024-12-04,1612709934,1612709903,109,105
0022400321,22024,2024-12-04,1610612748,1610612747,134,93
0022400320,22024,2024-12-04,1610612751,1610612754,99,90
2052400147,52024,2024-12-04,1612709933,1612709905,132,119
2052400144,52024,2024-12-04,1612709913,1612709925,92,114
0022400319,22024,2024-12-04,1610612738,1610612765,130,120
0022400324,22024,2024-12-04,1610612746,1610612750,80,108
2052400143,52024,2024-12-04,1612709929,1612709915,107,103
2052400145,52024,2024-12-04,1612709921,1612709909,129,132
0022400323,22024,2024-12-04,1610612749,1610612737,104,119
2052400139,52024,2024-12-03,1612709910,1612709917,108,93
0022400051,22024,2024-12-03,1610612739,1610612764,118,87
2052400138,52024,2024-12-03,1612709893,1612709904,107,103
2052400141,52024,2024-12-03,1612709931,1612709918,92,108
2052400140,52024,2024-12-03,1612709920,1612709922,86,121
0022400059,22024,2024-12-03,1610612758,1610612745,120,111
0022400054,22024,2024-12-03,1610612761,1610612754,122,111
0022400053,22024,2024-12-03,1610612752,1610612753,121,106
0022400057,22024,2024-12-03,1610612756,1610612759,104,93
0022400058,22024,2024-12-03,1610612743,1610612744,119,115
0022400055,22024,2024-12-03,1610612760,1610612762,133,106
2052400142,52024,2024-12-03,1612709924,1612709914,116,123
0022400056,22024,2024-12-03,1610612742,1610612763,121,116
0022400052,22024,2024-12-03,1610612765,1610612749,107,128
0022400060,22024,2024-12-03,1610612746,1610612757,127,105
0022400050,22024,2024-12-03,1610612766,1610612755,104,110
2052400135,52024,2024-12-02,1612709908,1612709889,128,124
0022400318,22024,2024-12-02,1610612750,1610612747,109,80
2052400137,52024,2024-12-02,1612709933,1612709905,125,113
2052400136,52024,2024-12-02,1612709934,1612709903,119,101
2052400132,52024,2024-12-02,1612709910,1612709923,112,109
0022400315,22024,2024-12-02,1610612737,1610612740,124,112
2052400134,52024,2024-12-02,1612709926,1612709913,109,102
2052400133,52024,2024-12-02,1612709929,1612709915,102,90
0022400316,22024,2024-12-02,1610612738,1610612748,108,89
0022400317,22024,2024-12-02,1610612741,1610612751,128,102
0022400305,22024,2024-12-01,1610612751,1610612753,92,100
2052400130,52024,2024-12-01,1612709931,1612709925,108,94
0022400307,22024,2024-12-01,1610612739,1610612738,115,111
2052400131,52024,2024-12-01,1612709924,1612709914,106,125
0022400313,22024,2024-12-01,1610612758,1610612759,125,127
0022400310,22024,2024-12-01,1610612745,1610612760,119,116
0022400306,22024,2024-12-01,1610612763,1610612754,136,121
0022400308,22024,2024-12-01,1610612752,1610612740,118,85
0022400314,22024,2024-12-01,1610612746,1610612743,126,122
2052400129,52024,2024-12-01,1612709919,1612709928,127,129
0022400309,22024,2024-12-01,1610612761,1610612748,119,116
0022400311,22024,2024-12-01,1610612762,1610612747,104,105
0022400312,22024,2024-12-01,1610612757,1610612742,131,137
2052400128,52024,2024-12-01,1612709932,1612709904,110,133
0022400303,22024,2024-11-30,1610612756,1610612744,113,105
0022400302,22024,2024-11-30,1610612749,1610612764,124,114
2052400122,52024,2024-11-30,1612709917,1612709893,112,107
0022400304,22024,2024-11-30,1610612762,1610612742,94,106
2052400126,52024,2024-11-30,1612709927,1612709911,98,115
2052400127,52024,2024-11-30,1612709902,1612709905,89,76
2052400121,52024,2024-11-30,1612709910,1612709923,96,102
0022400300,22024,2024-11-30,1610612766,1610612737,104,107
0022400301,22024,2024-11-30,1610612765,1610612755,96,111
2052400120,52024,2024-11-30,1612709909,1612709915,118,110
2052400123,52024,2024-11-30,1612709922,1612709921,131,119
2052400119,52024,2024-11-30,1612709913,1612709926,115,102
2052400125,52024,2024-11-30,1612709908,1612709889,104,124
0022400044,22024,2024-11-29,1610612750,1610612746,93,92
0022400045,22024,2024-11-29,1610612754,1610612765,106,130
0022400042,22024,2024-11-29,1610612763,1610612740,120,109
2052400114,52024,2024-11-29,1612709933,1612709924,115,130
2052400117,52024,2024-11-29,1612709927,1612709911,101,103
0022400041,22024,2024-11-29,1610612737,1610612739,117,101
2052400116,52024,2024-11-29,1612709919,1612709928,112,114
0022400048,22024,2024-11-29,1610612747,1610612760,93,101
2052400118,52024,2024-11-29,1612709902,1612709903,115,108
0022400049,22024,2024-11-29,1610612757,1610612758,115,106
2052400115,52024,2024-11-29,1612709932,1612709904,114,132
0022400040,22024,2024-11-29,1610612766,1610612752,98,99
2052400124,52024,2024-11-29,1612709890,1612709918,114,102
0022400043,22024,2024-11-29,1610612751,1610612753,100,123
0022400047,22024,2024-11-29,1610612741,1610612738,129,138
0022400046,22024,2024-11-29,1610612748,1610612761,121,111
2052400113,52024,2024-11-29,1612709922,1612709921,105,97
0022400290,22024,2024-11-27,1610612755,1610612745,115,122
2052400110,52024,2024-11-27,1612709934,1612709914,136,113
0022400298,22024,2024-11-27,1610612762,1610612743,103,122
0022400293,22024,2024-11-27,1610612763,1610612765,131,111
0022400294,22024,2024-11-27,1610612750,1610612758,104,115
0022400288,22024,2024-11-27,1610612754,1610612757,121,114
0022400286,22024,2024-11-27,1610612766,1610612748,94,98
0022400287,22024,2024-11-27,1610612739,1610612737,124,135
0022400297,22024,2024-11-27,1610612756,1610612751,117,127
0022400289,22024,2024-11-27,1610612753,1610612741,133,119
0022400296,22024,2024-11-27,1610612759,1610612747,101,119
2052400111,52024,2024-11-27,1612709920,1612709915,114,121
0022400295,22024,2024-11-27,1610612740,1610612761,93,119
0022400299,22024,2024-11-27,1610612744,1610612760,101,105
0022400291,22024,2024-11-27,1610612764,1610612746,96,121
2052400112,52024,2024-11-27,1612709905,1612709933,123,102
0022400292,22024,2024-11-27,1610612742,1610612752,129,114
0022400037,22024,2024-11-26,1610612750,1610612745,111,117
2052400105,52024,2024-11-26,1612709890,1612709913,112,91
2052400108,52024,2024-11-26,1612709931,1612709908,99,143
2052400109,52024,2024-11-26,1612709905,1612709924,95,85
2052400106,52024,2024-11-26,1612709926,1612709889,108,109
0022400038,22024,2024-11-26,1610612762,1610612759,115,128
2052400102,52024,2024-11-26,1612709929,1612709921,122,105
2052400103,52024,2024-11-26,1612709922,1612709909,111,101
0022400039,22024,2024-11-26,1610612756,1610612747,127,100
2052400107,52024,2024-11-26,1612709918,1612709925,114,112
0022400036,22024,2024-11-26,1610612748,1610612749,103,106
0022400035,22024,2024-11-26,1610612764,1610612741,108,127
2052400101,52024,2024-11-26,1612709910,1612709917,106,111
2052400104,52024,2024-11-26,1612709932,1612709893,97,108
0022400282,22024,2024-11-25,1610612763,1610612757,123,98
0022400278,22024,2024-11-25,1610612765,1610612761,102,100
0022400277,22024,2024-11-25,1610612766,1610612753,84,95
0022400283,22024,2024-11-25,1610612743,1610612752,118,145
0022400279,22024,2024-11-25,1610612754,1610612740,114,110
0022400284,22024,2024-11-25,1610612744,1610612751,120,128
2052400100,52024,2024-11-25,1612709918,1612709925,98,100
0022400285,22024,2024-11-25,1610612758,1610612760,109,130
0022400280,22024,2024-11-25,1610612737,1610612742,119,129
0022400281,22024,2024-11-25,1610612738,1610612746,126,94
2052400093,52024,2024-11-24,1612709915,1612709928,93,96
0022400274,22024,2024-11-24,1610612755,1610612746,99,125
2052400096,52024,2024-11-24,1612709932,1612709893,120,109
0022400273,22024,2024-11-24,1610612748,1610612742,123,118
2052400097,52024,2024-11-24,1612709933,1612709934,129,116
2052400094,52024,2024-11-24,1612709920,1612709921,130,115
0022400271,22024,2024-11-24,1610612738,1610612750,107,105
0022400275,22024,2024-11-24,1610612739,1610612761,122,108
2052400095,52024,2024-11-24,1612709913,1612709889,92,97
2052400098,52024,2024-11-24,1612709931,1612709908,119,105
0022400272,22024,2024-11-24,1610612754,1610612764,115,103
2052400092,52024,2024-11-24,1612709909,1612709919,131,125
2052400099,52024,2024-11-24,1612709905,1612709914,98,116
0022400276,22024,2024-11-24,1610612758,1610612751,103,108
0022400269,22024,2024-11-23,1610612759,1610612744,104,94
2052400087,52024,2024-11-23,1612709923,1612709927,77,86
2052400088,52024,2024-11-23,1612709911,1612709917,111,88
2052400091,52024,2024-11-23,1612709903,1612709902,135,102
0022400264,22024,2024-11-23,1610612762,1610612752,121,106
2052400090,52024,2024-11-23,1612709904,1612709910,125,98
0022400266,22024,2024-11-23,1610612741,1610612763,131,142
0022400270,22024,2024-11-23,1610612747,1610612743,102,127
0022400265,22024,2024-11-23,1610612753,1610612765,111,100
0022400268,22024,2024-11-23,1610612749,1610612766,125,119
2052400089,52024,2024-11-23,1612709926,1612709918,119,91
0022400267,22024,2024-11-23,1610612745,1610612757,98,104
0022400033,22024,2024-11-22,1610612743,1610612742,120,123
0022400030,22024,2024-11-22,1610612741,1610612737,136,122
2052400081,52024,2024-11-22,1612709913,1612709890,91,104
2052400086,52024,2024-11-22,1612709933,1612709934,125,136
0022400028,22024,2024-11-22,1610612764,1610612738,96,108
0022400034,22024,2024-11-22,1610612746,1610612758,104,88
2052400080,52024,2024-11-22,1612709911,1612709917,121,112
0022400029,22024,2024-11-22,1610612749,1610612754,129,117
2052400079,52024,2024-11-22,1612709920,1612709921,112,128
2052400083,52024,2024-11-22,1612709889,1612709908,104,97
2052400084,52024,2024-11-22,1612709904,1612709910,108,102
2052400077,52024,2024-11-22,1612709922,1612709929,108,103
0022400027,22024,2024-11-22,1610612755,1610612751,113,98
0022400032,22024,2024-11-22,1610612740,1610612744,108,112
2052400082,52024,2024-11-22,1612709926,1612709925,98,102
0022400031,22024,2024-11-22,1610612745,1610612757,116,88
2052400085,52024,2024-11-22,1612709903,1612709902,101,99
2052400078,52024,2024-11-22,1612709915,1612709928,106,101
0022400263,22024,2024-11-21,1610612747,1610612753,118,119
0022400261,22024,2024-11-21,1610612761,1610612750,110,105
0022400260,22024,2024-11-21,1610612766,1610612765,123,121
2052400075,52024,2024-11-21,1612709889,1612709918,109,97
2052400074,52024,2024-11-21,1612709919,1612709909,115,107
2052400076,52024,2024-11-21,1612709923,1612709927,106,95
0022400262,22024,2024-11-21,1610612759,1610612762,126,118
0022400259,22024,2024-11-20,1610612746,1610612753,104,93
2052400072,52024,2024-11-20,1612709924,1612709905,112,100
0022400256,22024,2024-11-20,1610612760,1610612757,109,99
2052400070,52024,2024-11-20,1612709926,1612709925,123,118
0022400255,22024,2024-11-20,1610612763,1610612755,117,111
0022400252,22024,2024-11-20,1610612739,1610612740,128,100
2052400069,52024,2024-11-20,1612709932,1612709911,122,140
2052400071,52024,2024-11-20,1612709903,1612709933,129,119
0022400258,22024,2024-11-20,1610612744,1610612737,120,97
0022400253,22024,2024-11-20,1610612749,1610612741,122,106
2052400068,52024,2024-11-20,1612709922,1612709929,98,96
2052400073,52024,2024-11-20,1612709914,1612709902,108,98
0022400254,22024,2024-11-20,1610612745,1610612754,130,113
0022400257,22024,2024-11-20,1610612756,1610612752,122,138
0022400026,22024,2024-11-19,1610612747,1610612762,124,118
2052400065,52024,2024-11-19,1612709893,1612709923,129,118
2052400064,52024,2024-11-19,1612709928,1612709920,119,109
0022400025,22024,2024-11-19,1610612759,1610612760,110,104
0022400023,22024,2024-11-19,1610612763,1610612743,110,122
2052400066,52024,2024-11-19,1612709927,1612709904,109,121
2052400067,52024,2024-11-19,1612709890,1612709931,120,115
0022400022,22024,2024-11-19,1610612751,1610612766,116,115
0022400021,22024,2024-11-19,1610612738,1610612739,120,117
0022400024,22024,2024-11-19,1610612742,1610612740,132,91
0022400244,22024,2024-11-18,1610612765,1610612741,112,122
0022400249,22024,2024-11-18,1610612756,1610612753,99,109
0022400251,22024,2024-11-18,1610612746,1610612744,102,99
0022400248,22024,2024-11-18,1610612749,1610612745,101,100
2052400061,52024,2024-11-18,1612709910,1612709911,112,103
0022400247,22024,2024-11-18,1610612761,1610612754,130,119
0022400246,22024,2024-11-18,1610612752,1610612764,134,106
0022400245,22024,2024-11-18,1610612748,1610612755,106,89
2052400062,52024,2024-11-18,1612709929,1612709909,101,108
0022400250,22024,2024-11-18,1610612758,1610612737,108,109
2052400063,52024,2024-11-18,1612709903,1612709933,127,118
2052400057,52024,2024-11-17,1612709918,1612709926,85,90
0022400237,22024,2024-11-17,1610612764,1610612765,104,124
0022400243,22024,2024-11-17,1610612746,1610612762,116,105
2052400054,52024,2024-11-17,1612709928,1612709920,131,113
0022400242,22024,2024-11-17,1610612760,1610612742,119,121
2052400058,52024,2024-11-17,1612709923,1612709932,97,112
0022400236,22024,2024-11-17,1610612739,1610612766,128,114
2052400052,52024,2024-11-17,1612709915,1612709919,118,110
0022400241,22024,2024-11-17,1610612741,1610612745,107,143
0022400239,22024,2024-11-17,1610612757,1610612737,114,110
0022400240,22024,2024-11-17,1610612752,1610612751,114,104
2052400055,52024,2024-11-17,1612709890,1612709931,92,99
2052400059,52024,2024-11-17,1612709905,1612709914,122,127
2052400053,52024,2024-11-17,1612709929,1612709909,112,90
0022400238,22024,2024-11-17,1610612763,1610612743,105,90
0022400234,22024,2024-11-17,1610612750,1610612756,120,117
2052400060,52024,2024-11-17,1612709924,1612709934,129,122
2052400056,52024,2024-11-17,1612709913,1612709889,116,89
0022400235,22024,2024-11-17,1610612754,1610612748,119,110
0022400229,22024,2024-11-16,1610612766,1610612749,115,114
2052400050,52024,2024-11-16,1612709923,1612709932,115,119
2052400051,52024,2024-11-16,1612709927,1612709917,91,99
0022400230,22024,2024-11-16,1610612738,1610612761,126,123
0022400232,22024,2024-11-16,1610612742,1610612759,110,93
0022400233,22024,2024-11-16,1610612758,1610612762,121,117
2052400049,52024,2024-11-16,1612709928,1612709921,120,115
0022400231,22024,2024-11-16,1610612740,1610612747,99,104
2052400045,52024,2024-11-15,1612709904,1612709893,110,96
2052400048,52024,2024-11-15,1612709914,1612709903,116,110
0022400014,22024,2024-11-15,1610612752,1610612751,124,122
0022400010,22024,2024-11-15,1610612753,1610612755,98,86
0022400020,22024,2024-11-15,1610612758,1610612750,126,130
2052400044,52024,2024-11-15,1612709908,1612709913,117,79
0022400009,22024,2024-11-15,1610612754,1610612748,111,124
2052400047,52024,2024-11-15,1612709902,1612709905,128,118
2052400039,52024,2024-11-15,1612709922,1612709909,115,90
0022400013,22024,2024-11-15,1610612739,1610612741,144,126
0022400019,22024,2024-11-15,1610612744,1610612763,123,118
2052400046,52024,2024-11-15,1612709927,1612709917,99,105
2052400041,52024,2024-11-15,1612709925,1612709931,98,107
0022400017,22024,2024-11-15,1610612740,1610612743,101,94
2052400043,52024,2024-11-15,1612709926,1612709889,121,132
2052400040,52024,2024-11-15,1612709915,1612709919,100,127
2052400042,52024,2024-11-15,1612709890,1612709918,119,96
0022400012,22024,2024-11-15,1610612737,1610612764,129,117
0022400016,22024,2024-11-15,1610612745,1610612746,125,104
0022400011,22024,2024-11-15,1610612761,1610612765,95,99
0022400015,22024,2024-11-15,1610612759,1610612747,115,120
0022400018,22024,2024-11-15,1610612760,1610612756,99,83
2052400038,52024,2024-11-15,1612709910,1612709911,104,113
2052400037,52024,2024-11-14,1612709924,1612709934,128,132
2052400036,52024,2024-11-14,1612709908,1612709913,95,121
0022400228,22024,2024-11-14,1610612762,1610612742,115,113
2052400035,52024,2024-11-14,1612709904,1612709893,107,100
2052400034,52024,2024-11-14,1612709925,1612709931,128,105
0022400217,22024,2024-11-13,1610612753,1610612754,94,90
0022400222,22024,2024-11-13,1610612745,1610612746,111,103
0022400223,22024,2024-11-13,1610612749,1610612765,127,120
2052400032,52024,2024-11-13,1612709932,1612709910,119,115
0022400219,22024,2024-11-13,1610612752,1610612741,123,124
0022400224,22024,2024-11-13,1610612759,1610612764,139,130
0022400221,22024,2024-11-13,1610612760,1610612740,106,88
0022400226,22024,2024-11-13,1610612757,1610612750,106,98
0022400225,22024,2024-11-13,1610612747,1610612763,128,123
0022400220,22024,2024-11-13,1610612755,1610612739,106,114
2052400030,52024,2024-11-13,1612709922,1612709928,107,98
2052400031,52024,2024-11-13,1612709929,1612709920,101,95
0022400218,22024,2024-11-13,1610612751,1610612738,114,139
2052400033,52024,2024-11-13,1612709914,1612709903,116,112
0022400227,22024,2024-11-13,1610612758,1610612756,127,104
2052400026,52024,2024-11-12,1612709921,1612709919,117,127
0022400005,22024,2024-11-12,1610612749,1610612761,99,85
2052400025,52024,2024-11-12,1612709889,1612709918,102,100
0022400006,22024,2024-11-12,1610612762,1610612756,112,120
2052400029,52024,2024-11-12,1612709908,1612709890,124,109
0022400007,22024,2024-11-12,1610612744,1610612742,120,117
0022400004,22024,2024-11-12,1610612755,1610612752,99,111
2052400028,52024,2024-11-12,1612709904,1612709911,97,106
0022400001,22024,2024-11-12,1610612738,1610612737,116,117
0022400002,22024,2024-11-12,1610612765,1610612748,123,121
2052400027,52024,2024-11-12,1612709932,1612709923,127,107
0022400003,22024,2024-11-12,1610612753,1610612766,114,89
0022400008,22024,2024-11-12,1610612757,1610612750,122,108
0022400212,22024,2024-11-11,1610612741,1610612739,113,119
0022400216,22024,2024-11-11,1610612759,1610612758,116,96
0022400213,22024,2024-11-11,1610612745,1610612764,107,92
2052400022,52024,2024-11-11,1612709909,1612709915,111,130
2052400021,52024,2024-11-11,1612709929,1612709920,122,117
2052400024,52024,2024-11-11,1612709934,1612709914,108,100
2052400023,52024,2024-11-11,1612709926,1612709931,90,97
0022400215,22024,2024-11-11,1610612760,1610612746,134,128
0022400214,22024,2024-11-11,1610612740,1610612751,105,107
0022400208,22024,2024-11-10,1610612743,1610612742,122,120
2052400019,52024,2024-11-10,1612709925,1612709890,120,122
0022400210,22024,2024-11-10,1610612757,1610612763,89,134
0022400211,22024,2024-11-10,1610612747,1610612761,123,103
0022400206,22024,2024-11-10,1610612750,1610612748,94,95
0022400202,22024,2024-11-10,1610612749,1610612738,107,113
0022400207,22024,2024-11-10,1610612760,1610612744,116,127
2052400017,52024,2024-11-10,1612709917,1612709923,124,121
0022400209,22024,2024-11-10,1610612756,1610612758,118,127
0022400204,22024,2024-11-10,1610612753,1610612764,121,94
2052400018,52024,2024-11-10,1612709921,1612709919,99,118
2052400016,52024,2024-11-10,1612709928,1612709922,107,98
2052400015,52024,2024-11-10,1612709893,1612709910,114,122
0022400203,22024,2024-11-10,1610612754,1610612752,132,121
0022400205,22024,2024-11-10,1610612755,1610612766,107,105
0022400201,22024,2024-11-10,1610612765,1610612745,99,101
2052400020,52024,2024-11-10,1612709924,1612709933,137,121
2052400010,52024,2024-11-09,1612709913,1612709931,90,105
2052400012,52024,2024-11-09,1612709908,1612709926,103,97
2052400014,52024,2024-11-09,1612709902,1612709934,104,133
2052400013,52024,2024-11-09,1612709905,1612709903,110,96
2052400009,52024,2024-11-09,1612709909,1612709920,115,116
0022400197,22024,2024-11-09,1610612759,1610612762,110,111
0022400199,22024,2024-11-09,1610612739,1610612751,105,100
2052400008,52024,2024-11-09,1612709893,1612709910,120,83
0022400200,22024,2024-11-09,1610612746,1610612761,105,103
2052400011,52024,2024-11-09,1612709911,1612709904,121,118
0022400198,22024,2024-11-09,1610612737,1610612741,113,125
2052400004,52024,2024-11-08,1612709925,1612709890,117,128
2052400007,52024,2024-11-08,1612709902,1612709934,133,118
2052400006,52024,2024-11-08,1612709924,1612709933,122,107
0022400193,22024,2024-11-08,1610612750,1610612757,127,102
0022400190,22024,2024-11-08,1610612742,1610612756,113,114
2052400003,52024,2024-11-08,1612709921,1612709915,129,123
0022400188,22024,2024-11-08,1610612739,1610612744,136,117
2052400001,52024,2024-11-08,1612709928,1612709929,95,104
0022400185,22024,2024-11-08,1610612765,1610612737,122,121
0022400186,22024,2024-11-08,1610612753,1610612740,115,88
0022400189,22024,2024-11-08,1610612752,1610612749,116,94
2052400002,52024,2024-11-08,1612709917,1612709923,112,117
0022400191,22024,2024-11-08,1610612763,1610612764,128,104
0022400195,22024,2024-11-08,1610612747,1610612755,116,106
0022400192,22024,2024-11-08,1610612760,1610612745,126,107
0022400184,22024,2024-11-08,1610612766,1610612754,103,83
2052400005,52024,2024-11-08,1612709911,1612709927,111,93
0022400187,22024,2024-11-08,1610612738,1610612751,108,104
0022400194,22024,2024-11-08,1610612743,1610612748,135,122
0022400196,22024,2024-11-08,1610612758,1610612746,98,107
0022400183,22024,2024-11-07,1610612759,1610612757,118,105
0022400182,22024,2024-11-07,1610612749,1610612762,123,100
0022400181,22024,2024-11-07,1610612741,1610612750,119,135
0022400179,22024,2024-11-06,1610612746,1610612755,110,98
0022400175,22024,2024-11-06,1610612740,1610612739,122,131
0022400171,22024,2024-11-06,1610612737,1610612752,121,116
0022400172,22024,2024-11-06,1610612738,1610612744,112,118
0022400173,22024,2024-11-06,1610612745,1610612759,127,100
0022400180,22024,2024-11-06,1610612758,1610612761,122,107
0022400170,22024,2024-11-06,1610612754,1610612753,118,111
0022400169,22024,2024-11-06,1610612766,1610612765,108,107
0022400176,22024,2024-11-06,1610612742,1610612741,119,99
0022400178,22024,2024-11-06,1610612756,1610612748,115,112
0022400174,22024,2024-11-06,1610612763,1610612747,131,114
0022400177,22024,2024-11-06,1610612743,1610612760,124,122
0022400168,22024,2024-11-04,1610612746,1610612759,113,104
0022400155,22024,2024-11-04,1610612764,1610612744,112,125
0022400161,22024,2024-11-04,1610612745,1610612752,109,97
0022400166,22024,2024-11-04,1610612743,1610612761,121,119
0022400154,22024,2024-11-04,1610612739,1610612749,116,114
0022400156,22024,2024-11-04,1610612765,1610612747,115,103
0022400163,22024,2024-11-04,1610612760,1610612753,102,86
0022400167,22024,2024-11-04,1610612756,1610612755,118,116
0022400165,22024,2024-11-04,1610612742,1610612754,127,134
0022400162,22024,2024-11-04,1610612750,1610612766,114,93
0022400164,22024,2024-11-04,1610612740,1610612757,100,118
0022400159,22024,2024-11-04,1610612748,1610612758,110,111
0022400158,22024,2024-11-04,1610612751,1610612763,106,104
0022400157,22024,2024-11-04,1610612737,1610612738,93,123
0022400160,22024,2024-11-04,1610612741,1610612762,126,135
0022400153,22024,2024-11-03,1610612742,1610612753,108,85
0022400152,22024,2024-11-03,1610612740,1610612737,111,126
0022400151,22024,2024-11-03,1610612751,1610612765,92,106
0022400144,22024,2024-11-02,1610612745,1610612744,121,127
0022400148,22024,2024-11-02,1610612743,1610612762,129,103
0022400150,22024,2024-11-02,1610612746,1610612760,92,105
0022400146,22024,2024-11-02,1610612759,1610612750,113,103
0022400142,22024,2024-11-02,1610612755,1610612763,107,124
0022400141,22024,2024-11-02,1610612766,1610612738,103,113
0022400145,22024,2024-11-02,1610612749,1610612739,113,114
0022400143,22024,2024-11-02,1610612761,1610612758,131,128
0022400149,22024,2024-11-02,1610612756,1610612757,103,97
0022400133,22024,2024-11-01,1610612739,1610612753,120,109
0022400138,22024,2024-11-01,1610612740,1610612754,125,118
0022400132,22024,2024-11-01,1610612766,1610612738,109,124
0022400135,22024,2024-11-01,1610612737,1610612758,115,123
0022400136,22024,2024-11-01,1610612751,1610612741,120,112
0022400137,22024,2024-11-01,1610612761,1610612747,125,131
0022400139,22024,2024-11-01,1610612750,1610612743,119,116
0022400134,22024,2024-11-01,1610612765,1610612752,98,128
0022400140,22024,2024-11-01,1610612757,1610612760,114,137
0022400130,22024,2024-10-31,1610612762,1610612759,88,106
0022400128,22024,2024-10-31,1610612763,1610612749,122,99
0022400129,22024,2024-10-31,1610612742,1610612745,102,108
0022400131,22024,2024-10-31,1610612746,1610612756,119,125
0022400118,22024,2024-10-30,1610612739,1610612747,134,110
0022400119,22024,2024-10-30,1610612754,1610612738,135,132
0022400122,22024,2024-10-30,1610612748,1610612752,107,116
0022400127,22024,2024-10-30,1610612746,1610612757,105,106
0022400121,22024,2024-10-30,1610612764,1610612737,133,120
0022400120,22024,2024-10-30,1610612755,1610612765,95,105
0022400124,22024,2024-10-30,1610612763,1610612751,106,119
0022400125,22024,2024-10-30,1610612760,1610612759,105,93
0022400117,22024,2024-10-30,1610612766,1610612761,138,133
0022400126,22024,2024-10-30,1610612744,1610612740,104,89
0022400123,22024,2024-10-30,1610612741,1610612753,102,99
0022400113,22024,2024-10-29,1610612751,1610612743,139,144
0022400115,22024,2024-10-29,1610612762,1610612758,96,113
0022400114,22024,2024-10-29,1610612750,1610612742,114,120
0022400116,22024,2024-10-29,1610612744,1610612740,124,106
0022400110,22024,2024-10-28,1610612742,1610612762,110,102
0022400108,22024,2024-10-28,1610612763,1610612741,123,126
0022400106,22024,2024-10-28,1610612752,1610612739,104,110
0022400102,22024,2024-10-28,1610612753,1610612754,119,115
0022400103,22024,2024-10-28,1610612737,1610612764,119,121
0022400109,22024,2024-10-28,1610612759,1610612745,101,106
0022400104,22024,2024-10-28,1610612738,1610612749,119,108
0022400111,22024,2024-10-28,1610612756,1610612747,109,105
0022400107,22024,2024-10-28,1610612761,1610612743,125,127
0022400112,22024,2024-10-28,1610612758,1610612757,111,98
0022400105,22024,2024-10-28,1610612748,1610612765,106,98
0022400101,22024,2024-10-27,1610612744,1610612746,104,112
0022400100,22024,2024-10-27,1610612760,1610612737,128,104
0022400098,22024,2024-10-27,1610612751,1610612749,115,102
0022400099,22024,2024-10-27,1610612757,1610612740,125,103
0022400097,22024,2024-10-27,1610612754,1610612755,114,118
0022400087,22024,2024-10-26,1610612743,1610612746,104,109
0022400089,22024,2024-10-26,1610612765,1610612738,118,124
0022400095,22024,2024-10-26,1610612756,1610612742,114,102
0022400092,22024,2024-10-26,1610612763,1610612753,124,111
0022400091,22024,2024-10-26,1610612741,1610612760,95,114
0022400088,22024,2024-10-26,1610612766,1610612748,106,114
0022400093,22024,2024-10-26,1610612750,1610612761,112,101
0022400094,22024,2024-10-26,1610612759,1610612745,109,106
0022400096,22024,2024-10-26,1610612747,1610612758,131,127
0022400090,22024,2024-10-26,1610612764,1610612739,116,135
0022400080,22024,2024-10-25,1610612739,1610612765,113,101
0022400085,22024,2024-10-25,1610612747,1610612756,123,116
0022400081,22024,2024-10-25,1610612752,1610612754,123,98
0022400077,22024,2024-10-25,1610612753,1610612751,116,101
0022400078,22024,2024-10-25,1610612761,1610612755,115,107
0022400083,22024,2024-10-25,1610612749,1610612741,122,133
0022400084,22024,2024-10-25,1610612762,1610612744,86,127
0022400086,22024,2024-10-25,1610612757,1610612740,103,105
0022400082,22024,2024-10-25,1610612745,1610612763,128,108
0022400079,22024,2024-10-25,1610612737,1610612766,125,120
0022400075,22024,2024-10-24,1610612743,1610612760,87,102
0022400076,22024,2024-10-24,1610612758,1610612750,115,117
0022400073,22024,2024-10-24,1610612764,1610612738,102,122
0022400074,22024,2024-10-24,1610612742,1610612759,120,109
0022400063,22024,2024-10-23,1610612765,1610612754,109,115
0022400066,22024,2024-10-23,1610612755,1610612749,109,124
0022400072,22024,2024-10-23,1610612757,1610612744,104,140
0022400065,22024,2024-10-23,1610612748,1610612753,97,116
0022400067,22024,2024-10-23,1610612761,1610612739,106,136
0022400068,22024,2024-10-23,1610612745,1610612766,105,110
0022400069,22024,2024-10-23,1610612740,1610612741,123,111
0022400064,22024,2024-10-23,1610612737,1610612751,120,116
0022400070,22024,2024-10-23,1610612762,1610612763,124,126
0022400071,22024,2024-10-23,1610612746,1610612756,113,116
0022400062,22024,2024-10-22,1610612747,1610612750,110,103
0022400061,22024,2024-10-22,1610612738,1610612752,132,109
0012400073,12024,2024-10-18,1610612757,1610612762,124,86
0012400074,12024,2024-10-18,1610612744,1610612747,132,74
0012400071,12024,2024-10-18,1610612763,1610612748,109,114
0012400070,12024,2024-10-18,1610612741,1610612739,139,137
0012400069,12024,2024-10-18,1610612751,1610612761,112,116
0012400068,12024,2024-10-18,1610612764,1610612752,118,117
0012400067,12024,2024-10-18,1610612753,1610612755,114,99
0012400061,12024,2024-10-17,1610612754,1610612766,121,116
0012400064,12024,2024-10-17,1610612760,1610612737,104,99
0012400065,12024,2024-10-17,1610612756,1610612747,122,128
0012400072,12024,2024-10-17,1610612750,1610612743,126,132
0012400063,12024,2024-10-17,1610612745,1610612759,129,107
0012400066,12024,2024-10-17,1610612746,1610612758,113,91
0012400062,12024,2024-10-17,1610612742,1610612749,109,84
0012400060,12024,2024-10-16,1610612757,15025,111,100
0012400025,12024,2024-10-16,1610612748,1610612737,120,111
0012400058,12024,2024-10-16,1610612755,1610612751,117,95
0012400059,12024,2024-10-16,1610612741,1610612750,125,123
0012400057,12024,2024-10-16,1610612765,1610612739,108,92
0012400055,12024,2024-10-15,1610612762,1610612758,117,114
0012400056,12024,2024-10-15,1610612747,1610612744,97,111
0012400050,12024,2024-10-15,1610612761,1610612738,119,118
0012400053,12024,2024-10-15,1610612745,1610612740,118,98
0012400051,12024,2024-10-15,1610612748,1610612759,120,117
0012400054,12024,2024-10-15,1610612743,1610612760,94,124
0012400052,12024,2024-10-15,1610612752,1610612766,111,105
0012400049,12024,2024-10-14,1610612746,1610612742,110,96
0012400047,12024,2024-10-14,1610612751,1610612764,131,92
0012400045,12024,2024-10-14,1610612754,1610612763,116,120
0012400046,12024,2024-10-14,1610612737,1610612755,89,104
0012400048,12024,2024-10-14,1610612749,1610612741,111,107
0012400043,12024,2024-10-13,1610612743,1610612756,114,118
0012400039,12024,2024-10-13,1610612748,1610612740,101,99
0012400040,12024,2024-10-13,1610612752,1610612750,115,110
0012400041,12024,2024-10-13,1610612758,1610612757,85,105
0012400044,12024,2024-10-13,1610612744,1610612765,111,93
0012400042,12024,2024-10-13,1610612738,1610612761,115,111
0012400038,12024,2024-10-12,1610612759,1610612762,126,120
0012400037,12024,2024-10-12,1610612741,1610612763,121,124
0012400036,12024,2024-10-12,1610612738,1610612755,139,89
0012400032,12024,2024-10-11,1610612750,1610612755,121,111
0012400033,12024,2024-10-11,1610612744,1610612758,109,106
0012400031,12024,2024-10-11,1610612764,1610612761,113,95
0012400034,12024,2024-10-11,1610612756,1610612765,91,109
0012400035,12024,2024-10-11,1610612746,1610612757,101,99
0012400028,12024,2024-10-10,1610612749,1610612747,102,107
0012400024,12024,2024-10-10,1610612739,1610612754,117,129
0012400027,12024,2024-10-10,1610612763,1610612766,94,119
0012400029,12024,2024-10-10,1610612760,15020,117,89
0012400026,12024,2024-10-10,1610612742,1610612762,102,107
0012400022,12024,2024-10-09,1610612759,1610612753,107,97
0012400020,12024,2024-10-09,1610612752,1610612764,117,94
0012400023,12024,2024-10-09,1610612758,1610612744,112,122
0012400021,12024,2024-10-09,1610612760,1610612745,113,122
0012400016,12024,2024-10-08,1610612739,1610612741,112,116
0012400017,12024,2024-10-08,1610612765,1610612756,97,105
0012400019,12024,2024-10-08,1610612746,1610612751,115,106
0012400015,12024,2024-10-08,1610612766,1610612748,111,108
0012400018,12024,2024-10-08,1610612737,1610612754,131,130
0012400012,12024,2024-10-07,1610612742,1610612763,116,121
0012400010,12024,2024-10-07,1610612740,1610612753,106,104
0012400014,12024,2024-10-07,1610612762,1610612745,122,113
0012400011,12024,2024-10-07,1610612755,15020,139,84
0012400013,12024,2024-10-07,1610612759,1610612760,107,112
0012400008,12024,2024-10-06,1610612765,1610612749,120,87
0012400009,12024,2024-10-06,1610612747,1610612756,114,118
0012400006,12024,2024-10-06,1610612766,1610612752,109,111
0012400004,12024,2024-10-05,1610612746,1610612744,90,91
0012400003,12024,2024-10-04,1610612747,1610612750,107,124
0012400002,12024,2024-10-04,1610612762,15020,116,87
2012400002,12024,2024-09-06,50012,50011,99,66
2012400001,12024,2024-09-04,50012,50011,99,81
0042300405,42023,2024-06-17,1610612738,1610612742,106,88
0042300404,42023,2024-06-14,1610612742,1610612738,122,84
0042300403,42023,2024-06-12,1610612742,1610612738,99,106
0042300402,42023,2024-06-09,1610612738,1610612742,105,98
0042300401,42023,2024-06-06,1610612738,1610612742,107,89
0042300315,42023,2024-05-30,1610612750,1610612742,103,124
0042300314,42023,2024-05-28,1610612742,1610612750,100,105
0042300304,42023,2024-05-27,1610612754,1610612738,102,105
0042300313,42023,2024-05-26,1610612742,1610612750,116,107
0042300303,42023,2024-05-25,1610612754,1610612738,111,114
0042300312,42023,2024-05-24,1610612750,1610612742,108,109
0042300302,42023,2024-05-23,1610612738,1610612754,126,110
0042300311,42023,2024-05-22,1610612750,1610612742,105,108
0042300301,42023,2024-05-21,1610612738,1610612754,133,128
0042300237,42023,2024-05-19,1610612743,1610612750,90,98
0042300217,42023,2024-05-19,1610612752,1610612754,109,130
0042300226,42023,2024-05-18,1610612742,1610612760,117,116
0042300216,42023,2024-05-17,1610612754,1610612752,116,103
0042300236,42023,2024-05-16,1610612750,1610612743,115,70
0042300225,42023,2024-05-15,1610612760,1610612742,92,104
0042300205,42023,2024-05-15,1610612738,1610612739,113,98
0042300235,42023,2024-05-14,1610612743,1610612750,112,97
0042300215,42023,2024-05-14,1610612752,1610612754,121,91
0042300224,42023,2024-05-13,1610612742,1610612760,96,100
0042300204,42023,2024-05-13,1610612739,1610612738,102,109
0042300234,42023,2024-05-12,1610612750,1610612743,107,115
0042300214,42023,2024-05-12,1610612754,1610612752,121,89
0042300203,42023,2024-05-11,1610612739,1610612738,93,106
0042300223,42023,2024-05-11,1610612742,1610612760,105,101
0042300213,42023,2024-05-10,1610612754,1610612752,111,106
0042300233,42023,2024-05-10,1610612750,1610612743,90,117
0042300222,42023,2024-05-09,1610612760,1610612742,110,119
0042300202,42023,2024-05-09,1610612738,1610612739,94,118
0042300212,42023,2024-05-08,1610612752,1610612754,130,121
0042300201,42023,2024-05-07,1610612738,1610612739,120,95
0042300221,42023,2024-05-07,1610612760,1610612742,117,95
0042300232,42023,2024-05-06,1610612743,1610612750,80,106
0042300211,42023,2024-05-06,1610612752,1610612754,121,117
0042300137,42023,2024-05-05,1610612739,1610612753,106,94
0042300231,42023,2024-05-04,1610612743,1610612750,99,106
0042300136,42023,2024-05-03,1610612753,1610612739,103,96
0042300176,42023,2024-05-03,1610612742,1610612746,114,101
0042300126,42023,2024-05-02,1610612754,1610612749,120,98
0042300116,42023,2024-05-02,1610612755,1610612752,115,118
0042300175,42023,2024-05-01,1610612746,1610612742,93,123
0042300105,42023,2024-05-01,1610612738,1610612748,118,84
0042300135,42023,2024-04-30,1610612739,1610612753,104,103
0042300115,42023,2024-04-30,1610612752,1610612755,106,112
0042300125,42023,2024-04-30,1610612749,1610612754,115,92
0042300104,42023,2024-04-29,1610612748,1610612738,88,102
0042300155,42023,2024-04-29,1610612743,1610612747,108,106
0042300144,42023,2024-04-29,1610612740,1610612760,89,97
0042300164,42023,2024-04-28,1610612756,1610612750,116,122
0042300114,42023,2024-04-28,1610612755,1610612752,92,97
0042300124,42023,2024-04-28,1610612754,1610612749,126,113
0042300174,42023,2024-04-28,1610612742,1610612746,111,116
0042300103,42023,2024-04-27,1610612748,1610612738,84,104
0042300154,42023,2024-04-27,1610612747,1610612743,119,108
0042300134,42023,2024-04-27,1610612753,1610612739,112,89
0042300143,42023,2024-04-27,1610612740,1610612760,85,106
0042300173,42023,2024-04-26,1610612742,1610612746,101,90
0042300163,42023,2024-04-26,1610612756,1610612750,109,126
0042300123,42023,2024-04-26,1610612754,1610612749,121,118
0042300133,42023,2024-04-25,1610612753,1610612739,121,83
0042300153,42023,2024-04-25,1610612747,1610612743,105,112
0042300113,42023,2024-04-25,1610612755,1610612752,125,114
0042300102,42023,2024-04-24,1610612738,1610612748,101,111
0042300142,42023,2024-04-24,1610612760,1610612740,124,92
0042300122,42023,2024-04-23,1610612749,1610612754,108,125
0042300162,42023,2024-04-23,1610612750,1610612756,105,93
0042300172,42023,2024-04-23,1610612746,1610612742,93,96
0042300112,42023,2024-04-22,1610612752,1610612755,104,101
0042300152,42023,2024-04-22,1610612743,1610612747,101,99
0042300132,42023,2024-04-22,1610612739,1610612753,96,86
0042300171,42023,2024-04-21,1610612746,1610612742,109,97
0042300101,42023,2024-04-21,1610612738,1610612748,114,94
0042300141,42023,2024-04-21,1610612760,1610612740,94,92
0042300121,42023,2024-04-21,1610612749,1610612754,109,94
0042300111,42023,2024-04-20,1610612752,1610612755,111,104
0042300151,42023,2024-04-20,1610612743,1610612747,114,103
0042300161,42023,2024-04-20,1610612750,1610612756,120,95
0042300131,42023,2024-04-20,1610612739,1610612753,97,83
0052300201,52023,2024-04-19,1610612748,1610612741,112,91
0052300211,52023,2024-04-19,1610612740,1610612758,105,98
0052300101,52023,2024-04-17,1610612755,1610612748,105,104
0052300111,52023,2024-04-17,1610612741,1610612737,131,116
0052300121,52023,2024-04-16,1610612740,1610612747,106,110
0052300131,52023,2024-04-16,1610612758,1610612744,118,94
2042300403,42023,2024-04-15,1612709915,1612709889,100,117
0022301198,22023,2024-04-14,1610612744,1610612762,123,116
0022301199,22023,2024-04-14,1610612746,1610612745,105,116
0022301192,22023,2024-04-14,1610612755,1610612751,107,86
0022301196,22023,2024-04-14,1610612760,1610612742,135,86
0022301188,22023,2024-04-14,1610612754,1610612737,157,115
0022301195,22023,2024-04-14,1610612740,1610612747,108,124
0022301193,22023,2024-04-14,1610612763,1610612743,111,126
0022301190,22023,2024-04-14,1610612752,1610612741,120,119
0022301187,22023,2024-04-14,1610612739,1610612766,110,120
0022301191,22023,2024-04-14,1610612753,1610612749,113,88
0022301197,22023,2024-04-14,1610612759,1610612765,123,95
0022301189,22023,2024-04-14,1610612748,1610612761,118,103
0022301186,22023,2024-04-14,1610612738,1610612764,132,122
0022301200,22023,2024-04-14,1610612758,1610612757,121,82
0022301194,22023,2024-04-14,1610612750,1610612756,106,125
0022301182,22023,2024-04-12,1610612744,1610612740,109,114
0022301177,22023,2024-04-12,1610612763,1610612747,120,123
0022301171,22023,2024-04-12,1610612755,1610612753,125,113
0022301176,22023,2024-04-12,1610612748,1610612761,125,103
0022301173,22023,2024-04-12,1610612738,1610612766,131,98
0022301184,22023,2024-04-12,1610612746,1610612762,109,110
0022301175,22023,2024-04-12,1610612752,1610612751,111,107
0022301183,22023,2024-04-12,1610612757,1610612745,107,116
0022301185,22023,2024-04-12,1610612758,1610612756,107,108
0022301180,22023,2024-04-12,1610612759,1610612743,121,120
0022301178,22023,2024-04-12,1610612750,1610612737,109,106
0022301174,22023,2024-04-12,1610612739,1610612754,129,120
0022301181,22023,2024-04-12,1610612742,1610612765,89,107
0022301179,22023,2024-04-12,1610612760,1610612749,125,107
0022301172,22023,2024-04-12,1610612764,1610612741,127,129
0022301167,22023,2024-04-11,1610612738,1610612752,109,118
0022301168,22023,2024-04-11,1610612762,1610612745,124,121
0022301170,22023,2024-04-11,1610612758,1610612740,123,135
2042300402,42023,2024-04-11,1612709889,1612709915,99,89
0022301166,22023,2024-04-11,1610612765,1610612741,105,127
0022301169,22023,2024-04-11,1610612757,1610612744,92,100
0022301160,22023,2024-04-10,1610612751,1610612761,106,102
0022301164,22023,2024-04-10,1610612743,1610612750,116,107
0022301161,22023,2024-04-10,1610612748,1610612742,92,111
0022301163,22023,2024-04-10,1610612760,1610612759,127,89
0022301165,22023,2024-04-10,1610612746,1610612756,108,124
0022301162,22023,2024-04-10,1610612749,1610612753,117,99
0022301159,22023,2024-04-10,1610612737,1610612766,114,115
0022301158,22023,2024-04-10,1610612739,1610612763,110,98
0022301146,22023,2024-04-09,1610612761,1610612754,123,140
0022301152,22023,2024-04-09,1610612750,1610612764,130,121
0022301153,22023,2024-04-09,1610612760,1610612758,112,105
0022301149,22023,2024-04-09,1610612741,1610612752,117,128
0022301155,22023,2024-04-09,1610612747,1610612744,120,134
0022301148,22023,2024-04-09,1610612749,1610612738,104,91
0022301145,22023,2024-04-09,1610612755,1610612765,120,102
2042300401,42023,2024-04-09,1612709915,1612709889,106,86
0022301144,22023,2024-04-09,1610612766,1610612742,104,130
0022301156,22023,2024-04-09,1610612756,1610612746,92,105
0022301157,22023,2024-04-09,1610612757,1610612740,100,110
0022301147,22023,2024-04-09,1610612737,1610612748,111,117
0022301150,22023,2024-04-09,1610612745,1610612753,118,106
0022301154,22023,2024-04-09,1610612762,1610612743,95,111
0022301151,22023,2024-04-09,1610612763,1610612759,87,102
0022301132,22023,2024-04-07,1610612746,1610612739,120,118
0022301137,22023,2024-04-07,1610612761,1610612764,130,122
0022301140,22023,2024-04-07,1610612759,1610612755,126,133
2042300301,42023,2024-04-07,1612709915,1612709921,99,77
0022301142,22023,2024-04-07,1610612744,1610612762,118,110
0022301141,22023,2024-04-07,1610612751,1610612758,77,107
0022301131,22023,2024-04-07,1610612742,1610612745,147,136
0022301139,22023,2024-04-07,1610612749,1610612752,109,122
0022301143,22023,2024-04-07,1610612747,1610612750,117,127
0022301136,22023,2024-04-07,1610612753,1610612741,113,98
2042300311,42023,2024-04-07,1612709914,1612709889,107,114
0022301138,22023,2024-04-07,1610612756,1610612740,105,113
0022301135,22023,2024-04-07,1610612766,1610612760,118,121
0022301133,22023,2024-04-07,1610612754,1610612748,117,115
0022301134,22023,2024-04-07,1610612738,1610612757,124,107
0022301130,22023,2024-04-06,1610612743,1610612737,142,110
0022301127,22023,2024-04-06,1610612747,1610612739,116,97
0022301128,22023,2024-04-06,1610612751,1610612765,113,103
0022301129,22023,2024-04-06,1610612763,1610612755,96,116
0022301119,22023,2024-04-05,1610612741,1610612752,108,100
0022301117,22023,2024-04-05,1610612764,1610612757,102,108
0022301116,22023,2024-04-05,1610612754,1610612760,126,112
0022301125,22023,2024-04-05,1610612756,1610612750,97,87
0022301118,22023,2024-04-05,1610612738,1610612758,101,100
0022301122,22023,2024-04-05,1610612749,1610612761,111,117
0022301120,22023,2024-04-05,1610612745,1610612748,104,119
0022301115,22023,2024-04-05,1610612766,1610612753,124,115
0022301126,22023,2024-04-05,1610612746,1610612762,131,102
0022301121,22023,2024-04-05,1610612763,1610612765,108,90
2042300201,42023,2024-04-05,1612709925,1612709921,112,120
2042300231,42023,2024-04-05,1612709904,1612709889,93,111
0022301097,22023,2024-04-05,1610612742,1610612744,108,106
0022301123,22023,2024-04-05,1610612740,1610612759,109,111
0022301114,22023,2024-04-04,1610612746,1610612743,102,100
2042300221,42023,2024-04-04,1612709914,1612709902,112,109
0022301124,22023,2024-04-04,1610612742,1610612737,109,95
2042300211,42023,2024-04-04,1612709915,1612709909,119,112
0022301113,22023,2024-04-04,1610612745,1610612744,110,133
0022301111,22023,2024-04-04,1610612748,1610612755,105,109
0022301112,22023,2024-04-04,1610612752,1610612758,120,109
0022301108,22023,2024-04-03,1610612750,1610612761,133,85
0022301107,22023,2024-04-03,1610612749,1610612763,101,111
0022301102,22023,2024-04-03,1610612766,1610612757,86,89
0022301104,22023,2024-04-03,1610612737,1610612765,121,113
0022301110,22023,2024-04-03,1610612756,1610612739,122,101
0022301109,22023,2024-04-03,1610612740,1610612753,108,117
0022301103,22023,2024-04-03,1610612764,1610612747,120,125
0022301106,22023,2024-04-03,1610612751,1610612754,115,111
0022301105,22023,2024-04-03,1610612738,1610612760,135,100
0022301094,22023,2024-04-02,1610612761,1610612747,111,128
0022300589,22023,2024-04-02,1610612744,1610612742,104,100
2042300102,42023,2024-04-02,1612709928,1612709921,118,120
0022301093,22023,2024-04-02,1610612755,1610612760,109,105
0022301096,22023,2024-04-02,1610612748,1610612752,109,99
0022301099,22023,2024-04-02,1610612743,1610612759,110,105
0022301098,22023,2024-04-02,1610612750,1610612745,113,106
2042300101,42023,2024-04-02,1612709910,1612709909,101,123
0022301101,22023,2024-04-02,1610612758,1610612746,109,95
2042300131,42023,2024-04-02,1612709902,1612709903,113,111
0022301100,22023,2024-04-02,1610612762,1610612739,113,129
0022301095,22023,2024-04-02,1610612764,1610612749,117,113
2042300121,42023,2024-04-02,1612709889,1612709908,126,125
0022301090,22023,2024-04-01,1610612753,1610612757,104,103
0022301091,22023,2024-04-01,1610612741,1610612737,101,113
0022301087,22023,2024-04-01,1610612766,1610612738,104,118
0022301092,22023,2024-04-01,1610612740,1610612756,111,124
0022301089,22023,2024-04-01,1610612754,1610612751,133,111
0022301088,22023,2024-04-01,1610612765,1610612763,108,110
0022301084,22023,2024-03-31,1610612750,1610612741,101,109
0022301083,22023,2024-03-31,1610612745,1610612742,107,125
0022301085,22023,2024-03-31,1610612759,1610612744,113,117
0022301082,22023,2024-03-31,1610612752,1610612760,112,113
0022301078,22023,2024-03-31,1610612751,1610612747,104,116
0022301080,22023,2024-03-31,1610612761,1610612755,120,135
0022301079,22023,2024-03-31,1610612766,1610612746,118,130
0022301086,22023,2024-03-31,1610612758,1610612762,127,106
0022301081,22023,2024-03-31,1610612764,1610612748,107,119
0022301077,22023,2024-03-31,1610612743,1610612739,130,101
2022300516,22023,2024-03-30,1612709933,1612709902,123,131
2022300524,22023,2024-03-30,1612709923,1612709927,105,108
0022301074,22023,2024-03-30,1610612740,1610612738,92,104
2022300521,22023,2024-03-30,1612709913,1612709893,123,107
2022300527,22023,2024-03-30,1612709918,1612709915,109,110
2022300515,22023,2024-03-30,1612709909,1612709889,95,121
0022301076,22023,2024-03-30,1610612737,1610612749,113,122
2022300522,22023,2024-03-30,1612709911,1612709890,107,132
2022300523,22023,2024-03-30,1612709904,1612709914,91,102
2022300517,22023,2024-03-30,1612709929,1612709921,123,117
2022300519,22023,2024-03-30,1612709925,1612709910,118,127
0022301075,22023,2024-03-30,1610612753,1610612763,118,88
2022300518,22023,2024-03-30,1612709917,1612709928,101,127
2022300520,22023,2024-03-30,1612709919,1612709926,105,113
2022300526,22023,2024-03-30,1612709908,1612709903,97,77
2022300525,22023,2024-03-30,1612709905,1612709931,108,120
2022300514,22023,2024-03-29,1612709905,1612709931,107,118
2022300506,22023,2024-03-29,1612709925,1612709910,119,127
0022301071,22023,2024-03-29,1610612743,1610612750,98,111
2022300508,22023,2024-03-29,1612709920,1612709932,109,104
0022301063,22023,2024-03-29,1610612754,1610612747,109,90
0022301067,22023,2024-03-29,1610612739,1610612755,117,114
0022301065,22023,2024-03-29,1610612764,1610612765,87,96
0022301062,22023,2024-03-29,1610612766,1610612744,97,115
2022300511,22023,2024-03-29,1612709923,1612709927,127,103
0022301068,22023,2024-03-29,1610612748,1610612757,142,82
2022300507,22023,2024-03-29,1612709919,1612709926,102,96
0022301072,22023,2024-03-29,1610612762,1610612745,100,101
2022300509,22023,2024-03-29,1612709911,1612709890,119,123
2022300513,22023,2024-03-29,1612709933,1612709902,124,131
2022300512,22023,2024-03-29,1612709908,1612709903,116,117
0022301066,22023,2024-03-29,1610612751,1610612741,125,108
0022301069,22023,2024-03-29,1610612760,1610612756,128,103
2022300510,22023,2024-03-29,1612709904,1612709914,117,125
0022301073,22023,2024-03-29,1610612758,1610612742,103,107
0022301070,22023,2024-03-29,1610612759,1610612752,130,126
0022301064,22023,2024-03-29,1610612753,1610612746,97,100
2022300503,22023,2024-03-28,1612709917,1612709893,86,105
0022301060,22023,2024-03-28,1610612737,1610612738,123,122
2022300504,22023,2024-03-28,1612709889,1612709918,132,113
0022301061,22023,2024-03-28,1610612740,1610612749,107,100
2022300502,22023,2024-03-28,1612709929,1612709915,132,122
2022300505,22023,2024-03-28,1612709924,1612709930,113,102
2022300500,22023,2024-03-27,1612709931,1612709908,104,100
0022301054,22023,2024-03-27,1610612741,1610612754,125,99
0022301055,22023,2024-03-27,1610612763,1610612747,124,136
0022301050,22023,2024-03-27,1610612764,1610612751,119,122
2022300494,22023,2024-03-27,1612709920,1612709932,116,102
2022300496,22023,2024-03-27,1612709889,1612709913,115,99
2022300495,22023,2024-03-27,1612709919,1612709922,110,92
2022300499,22023,2024-03-27,1612709927,1612709910,113,109
0022301056,22023,2024-03-27,1610612750,1610612765,106,91
0022301057,22023,2024-03-27,1610612760,1610612745,126,132
0022301058,22023,2024-03-27,1610612762,1610612759,111,118
0022301052,22023,2024-03-27,1610612755,1610612746,107,108
2022300498,22023,2024-03-27,1612709925,1612709911,142,124
2022300497,22023,2024-03-27,1612709893,1612709923,103,98
0022301059,22023,2024-03-27,1610612743,1610612756,97,104
0022301048,22023,2024-03-27,1610612766,1610612739,118,111
0022301049,22023,2024-03-27,1610612753,1610612744,93,101
0022301051,22023,2024-03-27,1610612737,1610612757,120,106
0022301053,22023,2024-03-27,1610612761,1610612752,101,145
2022300493,22023,2024-03-27,1612709909,1612709928,116,122
2022300501,22023,2024-03-27,1612709902,1612709905,117,120
2022300492,22023,2024-03-26,1612709903,1612709890,113,108
2022300491,22023,2024-03-26,1612709926,1612709914,118,117
2022300490,22023,2024-03-26,1612709921,1612709917,127,94
0022301046,22023,2024-03-26,1610612740,1610612760,112,119
0022301045,22023,2024-03-26,1610612749,1610612747,124,128
0022301047,22023,2024-03-26,1610612758,1610612742,96,132
2022300489,22023,2024-03-26,1612709929,1612709915,112,127
0022301044,22023,2024-03-26,1610612748,1610612744,92,113
0022301035,22023,2024-03-25,1610612752,1610612765,124,99
2022300486,22023,2024-03-25,1612709919,1612709922,112,103
0022301041,22023,2024-03-25,1610612762,1610612742,105,115
0022301038,22023,2024-03-25,1610612745,1610612757,110,92
0022301040,22023,2024-03-25,1610612743,1610612763,128,103
0022301039,22023,2024-03-25,1610612759,1610612756,104,102
2022300485,22023,2024-03-25,1612709925,1612709911,128,136
0022301036,22023,2024-03-25,1610612761,1610612751,88,96
0022301033,22023,2024-03-25,1610612739,1610612766,115,92
0022301037,22023,2024-03-25,1610612741,1610612764,105,107
0022301042,22023,2024-03-25,1610612758,1610612755,108,96
0022301043,22023,2024-03-25,1610612746,1610612754,116,133
2022300487,22023,2024-03-25,1612709931,1612709908,118,121
0022301034,22023,2024-03-25,1610612737,1610612738,120,118
2022300488,22023,2024-03-25,1612709930,1612709905,97,105
2022300480,22023,2024-03-24,1612709928,1612709923,121,99
0022301031,22023,2024-03-24,1610612750,1610612744,114,110
0022301030,22023,2024-03-24,1610612749,1610612760,118,93
0022301032,22023,2024-03-24,1610612747,1610612754,150,145
2022300481,22023,2024-03-24,1612709909,1612709921,101,119
0022301029,22023,2024-03-24,1610612748,1610612739,121,84
0022301028,22023,2024-03-24,1610612746,1610612755,107,121
2022300482,22023,2024-03-24,1612709904,1612709893,113,111
2022300483,22023,2024-03-24,1612709918,1612709924,111,110
0022301027,22023,2024-03-24,1610612765,1610612740,101,114
2022300484,22023,2024-03-24,1612709890,1612709933,114,102
2022300475,22023,2024-03-23,1612709904,1612709893,112,103
0022301023,22023,2024-03-23,1610612741,1610612738,113,124
2022300477,22023,2024-03-23,1612709908,1612709905,116,107
2022300476,22023,2024-03-23,1612709914,1612709902,107,100
2022300474,22023,2024-03-23,1612709890,1612709933,111,102
2022300473,22023,2024-03-23,1612709932,1612709917,101,92
0022301020,22023,2024-03-23,1610612753,1610612758,107,109
0022301026,22023,2024-03-23,1610612757,1610612743,111,114
0022301022,22023,2024-03-23,1610612764,1610612761,112,109
2022300472,22023,2024-03-23,1612709922,1612709889,95,112
2022300478,22023,2024-03-23,1612709918,1612709924,99,90
0022301019,22023,2024-03-23,1610612752,1610612751,105,93
2022300471,22023,2024-03-23,1612709920,1612709927,85,105
0022301021,22023,2024-03-23,1610612737,1610612766,132,91
0022301025,22023,2024-03-23,1610612759,1610612756,106,131
0022301024,22023,2024-03-23,1610612745,1610612762,147,119
2022300479,22023,2024-03-23,1612709930,1612709903,87,128
2022300468,22023,2024-03-22,1612709928,1612709923,129,107
0022301015,22023,2024-03-22,1610612759,1610612763,97,99
0022301014,22023,2024-03-22,1610612750,1610612739,104,91
0022301018,22023,2024-03-22,1610612747,1610612755,101,94
2022300470,22023,2024-03-22,1612709930,1612709903,108,120
0022301012,22023,2024-03-22,1610612761,1610612760,103,123
0022301017,22023,2024-03-22,1610612757,1610612746,117,125
0022301011,22023,2024-03-22,1610612765,1610612738,102,129
0022301013,22023,2024-03-22,1610612748,1610612740,88,111
2022300469,22023,2024-03-22,1612709922,1612709889,113,110
0022301016,22023,2024-03-22,1610612744,1610612754,111,123
2022300464,22023,2024-03-21,1612709926,1612709893,106,103
2022300466,22023,2024-03-21,1612709924,1612709933,99,114
0022301007,22023,2024-03-21,1610612749,1610612751,115,108
0022301010,22023,2024-03-21,1610612756,1610612737,128,115
2022300461,22023,2024-03-21,1612709932,1612709909,109,121
2022300459,22023,2024-03-21,1612709921,1612709910,98,127
2022300465,22023,2024-03-21,1612709908,1612709905,129,113
0022301006,22023,2024-03-21,1610612745,1610612741,127,117
0022301004,22023,2024-03-21,1610612753,1610612740,121,106
2022300462,22023,2024-03-21,1612709890,1612709931,120,125
0022301005,22023,2024-03-21,1610612764,1610612758,109,102
2022300463,22023,2024-03-21,1612709913,1612709925,133,168
2022300460,22023,2024-03-21,1612709915,1612709919,122,118
2022300467,22023,2024-03-21,1612709914,1612709902,131,122
0022301009,22023,2024-03-21,1610612743,1610612752,113,100
0022301008,22023,2024-03-21,1610612742,1610612762,113,97
0022301001,22023,2024-03-20,1610612744,1610612763,137,116
0022300998,22023,2024-03-20,1610612738,1610612749,122,119
0022300997,22023,2024-03-20,1610612765,1610612754,103,122
0022301000,22023,2024-03-20,1610612760,1610612762,119,107
0022301003,22023,2024-03-20,1610612757,1610612746,103,116
0022300999,22023,2024-03-20,1610612761,1610612758,89,123
2022300457,22023,2024-03-20,1612709921,1612709910,110,106
0022300996,22023,2024-03-20,1610612739,1610612748,104,107
2022300458,22023,2024-03-20,1612709928,1612709927,111,125
0022301002,22023,2024-03-20,1610612756,1610612755,115,102
2022300454,22023,2024-03-19,1612709926,1612709904,107,121
2022300453,22023,2024-03-19,1612709913,1612709925,118,142
2022300451,22023,2024-03-19,1612709917,1612709903,109,127
0022300995,22023,2024-03-19,1610612750,1610612743,112,115
0022300992,22023,2024-03-19,1610612764,1610612745,114,137
0022300994,22023,2024-03-19,1610612759,1610612742,107,113
2022300452,22023,2024-03-19,1612709920,1612709919,106,134
0022300991,22023,2024-03-19,1610612753,1610612766,112,92
0022300993,22023,2024-03-19,1610612751,1610612740,91,104
2022300456,22023,2024-03-19,1612709924,1612709933,89,123
2022300455,22023,2024-03-19,1612709908,1612709890,102,98
0022300988,22023,2024-03-18,1610612744,1610612752,112,119
0022300983,22023,2024-03-18,1610612754,1610612739,103,108
2022300450,22023,2024-03-18,1612709918,1612709932,122,102
0022300990,22023,2024-03-18,1610612747,1610612737,136,105
0022300985,22023,2024-03-18,1610612755,1610612748,98,91
0022300986,22023,2024-03-18,1610612741,1610612757,110,107
2022300449,22023,2024-03-18,1612709910,1612709909,115,108
0022300987,22023,2024-03-18,1610612762,1610612750,104,114
0022300984,22023,2024-03-18,1610612738,1610612765,119,94
0022300989,22023,2024-03-18,1610612758,1610612763,121,111
2022300446,22023,2024-03-17,1612709911,1612709931,117,122
0022300977,22023,2024-03-17,1610612765,1610612748,101,104
0022300980,22023,2024-03-17,1610612764,1610612738,104,130
0022300976,22023,2024-03-17,1610612749,1610612756,140,129
2022300443,22023,2024-03-17,1612709926,1612709889,116,126
0022300982,22023,2024-03-17,1610612746,1610612737,93,110
0022300981,22023,2024-03-17,1610612759,1610612751,122,115
2022300445,22023,2024-03-17,1612709893,1612709920,123,120
2022300442,22023,2024-03-17,1612709915,1612709922,106,101
0022300978,22023,2024-03-17,1610612742,1610612743,107,105
2022300447,22023,2024-03-17,1612709904,1612709929,96,91
2022300448,22023,2024-03-17,1612709914,1612709933,106,104
0022300979,22023,2024-03-17,1610612753,1610612761,111,96
2022300444,22023,2024-03-17,1612709890,1612709928,120,112
2022300436,22023,2024-03-16,1612709925,1612709921,125,117
0022300967,22023,2024-03-16,1610612745,1610612739,117,103
2022300438,22023,2024-03-16,1612709927,1612709932,100,104
2022300434,22023,2024-03-16,1612709917,1612709903,110,115
0022300973,22023,2024-03-16,1610612747,1610612744,121,128
2022300437,22023,2024-03-16,1612709911,1612709931,96,118
0022300968,22023,2024-03-16,1610612754,1610612751,121,100
0022300974,22023,2024-03-16,1610612762,1610612750,100,119
0022300975,22023,2024-03-16,1610612758,1610612752,91,98
2022300441,22023,2024-03-16,1612709890,1612709928,115,100
2022300440,22023,2024-03-16,1612709902,1612709930,131,107
0022300971,22023,2024-03-16,1610612741,1610612764,127,98
0022300969,22023,2024-03-16,1610612755,1610612766,109,98
0022300970,22023,2024-03-16,1610612740,1610612757,126,107
0022300972,22023,2024-03-16,1610612763,1610612760,112,118
2022300435,22023,2024-03-16,1612709909,1612709913,111,115
2022300439,22023,2024-03-16,1612709908,1612709924,102,117
0022300962,22023,2024-03-15,1610612765,1610612748,95,108
0022300963,22023,2024-03-15,1610612761,1610612753,103,113
0022300961,22023,2024-03-15,1610612766,1610612756,96,107
2022300431,22023,2024-03-15,1612709927,1612709932,106,109
2022300428,22023,2024-03-15,1612709925,1612709921,123,117
2022300430,22023,2024-03-15,1612709923,1612709929,98,94
0022300964,22023,2024-03-15,1610612740,1610612746,112,104
0022300966,22023,2024-03-15,1610612762,1610612737,124,122
0022300965,22023,2024-03-15,1610612759,1610612743,106,117
2022300433,22023,2024-03-15,1612709902,1612709930,102,88
2022300426,22023,2024-03-15,1612709893,1612709920,116,106
2022300429,22023,2024-03-15,1612709926,1612709889,90,107
2022300432,22023,2024-03-15,1612709933,1612709905,116,112
2022300427,22023,2024-03-15,1612709909,1612709913,132,126
2022300421,22023,2024-03-14,1612709915,1612709922,76,98
0022300955,22023,2024-03-14,1610612738,1610612756,127,112
0022300960,22023,2024-03-14,1610612757,1610612752,93,105
0022300958,22023,2024-03-14,1610612749,1610612755,114,105
2022300425,22023,2024-03-14,1612709908,1612709924,112,100
0022300957,22023,2024-03-14,1610612745,1610612764,135,119
2022300423,22023,2024-03-14,1612709890,1612709918,115,113
0022300956,22023,2024-03-14,1610612741,1610612746,111,126
0022300959,22023,2024-03-14,1610612760,1610612742,126,119
2022300422,22023,2024-03-14,1612709904,1612709931,107,119
2022300424,22023,2024-03-14,1612709923,1612709917,116,95
2022300420,22023,2024-03-13,1612709905,1612709919,114,104
0022300953,22023,2024-03-13,1610612757,1610612737,106,102
0022300954,22023,2024-03-13,1610612758,1610612747,120,107
2022300418,22023,2024-03-13,1612709925,1612709920,99,114
0022300947,22023,2024-03-13,1610612753,1610612751,114,106
0022300950,22023,2024-03-13,1610612763,1610612766,98,110
0022300951,22023,2024-03-13,1610612740,1610612739,95,116
0022300946,22023,2024-03-13,1610612765,1610612761,113,104
2022300417,22023,2024-03-13,1612709909,1612709915,116,119
0022300949,22023,2024-03-13,1610612748,1610612743,88,100
0022300952,22023,2024-03-13,1610612742,1610612744,109,99
2022300419,22023,2024-03-13,1612709911,1612709889,108,125
0022300948,22023,2024-03-13,1610612754,1610612741,129,132
0022300943,22023,2024-03-12,1610612762,1610612738,107,123
2022300416,22023,2024-03-12,1612709902,1612709908,116,111
2022300410,22023,2024-03-12,1612709924,1612709914,105,115
2022300409,22023,2024-03-12,1612709903,1612709927,139,129
0022300939,22023,2024-03-12,1610612752,1610612755,106,79
0022300941,22023,2024-03-12,1610612760,1610612754,111,121
2022300413,22023,2024-03-12,1612709911,1612709889,110,150
2022300415,22023,2024-03-12,1612709933,1612709918,127,116
0022300945,22023,2024-03-12,1610612758,1610612749,129,94
0022300942,22023,2024-03-12,1610612759,1610612745,101,103
2022300408,22023,2024-03-12,1612709913,1612709921,124,134
2022300414,22023,2024-03-12,1612709923,1612709917,95,93
2022300407,22023,2024-03-12,1612709893,1612709922,82,95
0022300944,22023,2024-03-12,1610612746,1610612750,100,118
2022300411,22023,2024-03-12,1612709910,1612709929,102,99
0022300940,22023,2024-03-12,1610612763,1610612764,109,97
2022300412,22023,2024-03-12,1612709904,1612709931,102,90
0022300934,22023,2024-03-11,1610612739,1610612756,111,117
2022300404,22023,2024-03-11,1612709909,1612709915,101,122
0022300935,22023,2024-03-11,1610612741,1610612742,92,127
0022300933,22023,2024-03-11,1610612765,1610612766,114,97
2022300406,22023,2024-03-11,1612709905,1612709919,116,131
0022300937,22023,2024-03-11,1610612743,1610612761,125,119
0022300936,22023,2024-03-11,1610612759,1610612744,102,112
0022300938,22023,2024-03-11,1610612757,1610612738,99,121
2022300405,22023,2024-03-11,1612709925,1612709920,120,116
2022300396,22023,2024-03-10,1612709902,1612709908,112,105
2022300397,22023,2024-03-10,1612709922,1612709910,110,107
2022300398,22023,2024-03-10,1612709890,1612709923,110,105
0022300924,22023,2024-03-10,1610612746,1610612749,117,124
0022300928,22023,2024-03-10,1610612753,1610612754,97,111
2022300402,22023,2024-03-10,1612709933,1612709918,119,125
0022300932,22023,2024-03-10,1610612747,1610612750,120,109
2022300400,22023,2024-03-10,1612709904,1612709903,127,133
0022300929,22023,2024-03-10,1610612758,1610612745,104,112
0022300926,22023,2024-03-10,1610612748,1610612764,108,110
2022300399,22023,2024-03-10,1612709913,1612709921,112,115
0022300931,22023,2024-03-10,1610612760,1610612763,124,93
2022300401,22023,2024-03-10,1612709924,1612709919,115,111
2022300403,22023,2024-03-10,1612709914,1612709911,126,107
0022300925,22023,2024-03-10,1610612737,1610612740,103,116
0022300930,22023,2024-03-10,1610612739,1610612751,101,120
0022300927,22023,2024-03-10,1610612752,1610612755,73,79
0022300919,22023,2024-03-09,1610612765,1610612742,124,142
2022300392,22023,2024-03-09,1612709929,1612709925,96,104
0022300918,22023,2024-03-09,1610612766,1610612751,110,99
2022300394,22023,2024-03-09,1612709917,1612709927,101,109
0022300922,22023,2024-03-09,1610612743,1610612762,142,121
0022300920,22023,2024-03-09,1610612756,1610612738,107,117
0022300917,22023,2024-03-09,1610612746,1610612741,112,102
2022300393,22023,2024-03-09,1612709893,1612709932,96,106
2022300395,22023,2024-03-09,1612709905,1612709926,123,117
0022300921,22023,2024-03-09,1610612744,1610612759,113,126
0022300923,22023,2024-03-09,1610612757,1610612761,128,118
0022300910,22023,2024-03-08,1610612764,1610612766,112,100
2022300390,22023,2024-03-08,1612709908,1612709923,115,110
0022300915,22023,2024-03-08,1610612747,1610612749,123,122
0022300912,22023,2024-03-08,1610612752,1610612753,98,74
2022300391,22023,2024-03-08,1612709914,1612709931,123,93
2022300386,22023,2024-03-08,1612709928,1612709921,109,125
0022300909,22023,2024-03-08,1610612755,1610612740,95,103
0022300916,22023,2024-03-08,1610612757,1610612745,107,123
2022300387,22023,2024-03-08,1612709929,1612709925,112,120
0022300913,22023,2024-03-08,1610612763,1610612737,92,99
0022300911,22023,2024-03-08,1610612739,1610612750,113,104
2022300388,22023,2024-03-08,1612709920,1612709910,102,141
2022300389,22023,2024-03-08,1612709913,1612709922,110,96
0022300914,22023,2024-03-08,1610612760,1610612748,107,100
2022300382,22023,2024-03-07,1612709903,1612709918,127,116
0022300906,22023,2024-03-07,1610612743,1610612738,115,109
2022300381,22023,2024-03-07,1612709920,1612709910,113,107
0022300902,22023,2024-03-07,1610612765,1610612751,118,112
0022300905,22023,2024-03-07,1610612756,1610612761,120,113
2022300383,22023,2024-03-07,1612709924,1612709911,146,108
0022300903,22023,2024-03-07,1610612754,1610612750,111,113
2022300385,22023,2024-03-07,1612709914,1612709931,130,102
0022300908,22023,2024-03-07,1610612758,1610612759,131,129
0022300904,22023,2024-03-07,1610612742,1610612748,114,108
2022300384,22023,2024-03-07,1612709905,1612709926,122,117
0022300907,22023,2024-03-07,1610612744,1610612741,122,125
0022300894,22023,2024-03-06,1610612764,1610612753,109,119
0022300896,22023,2024-03-06,1610612755,1610612763,109,115
2022300380,22023,2024-03-06,1612709908,1612709923,108,111
2022300378,22023,2024-03-06,1612709921,1612709919,126,121
2022300379,22023,2024-03-06,1612709890,1612709902,94,101
0022300901,22023,2024-03-06,1610612747,1610612758,120,130
0022300899,22023,2024-03-06,1610612744,1610612749,125,90
0022300897,22023,2024-03-06,1610612745,1610612746,116,122
0022300895,22023,2024-03-06,1610612737,1610612739,112,101
0022300898,22023,2024-03-06,1610612762,1610612741,117,119
0022300900,22023,2024-03-06,1610612757,1610612760,120,128
0022300888,22023,2024-03-05,1610612748,1610612765,118,110
2022300374,22023,2024-03-05,1612709921,1612709930,132,105
0022300893,22023,2024-03-05,1610612743,1610612756,107,117
0022300889,22023,2024-03-05,1610612752,1610612737,100,116
0022300890,22023,2024-03-05,1610612761,1610612740,98,139
0022300885,22023,2024-03-05,1610612766,1610612753,89,101
0022300892,22023,2024-03-05,1610612742,1610612754,120,137
2022300373,22023,2024-03-05,1612709917,1612709922,103,113
2022300376,22023,2024-03-05,1612709903,1612709918,136,131
2022300370,22023,2024-03-05,1612709928,1612709932,115,99
2022300371,22023,2024-03-05,1612709889,1612709904,129,120
0022300886,22023,2024-03-05,1610612739,1610612738,105,104
2022300377,22023,2024-03-05,1612709905,1612709911,118,98
0022300887,22023,2024-03-05,1610612751,1610612755,112,107
0022300891,22023,2024-03-05,1610612745,1610612759,114,101
2022300375,22023,2024-03-05,1612709925,1612709915,106,122
2022300372,22023,2024-03-05,1612709929,1612709909,96,111
0022300881,22023,2024-03-04,1610612750,1610612757,119,114
2022300369,22023,2024-03-04,1612709924,1612709911,130,103
2022300368,22023,2024-03-04,1612709933,1612709926,137,111
0022300884,22023,2024-03-04,1610612747,1610612760,116,104
0022300879,22023,2024-03-04,1610612751,1610612763,102,106
0022300880,22023,2024-03-04,1610612749,1610612746,113,106
0022300883,22023,2024-03-04,1610612758,1610612741,109,113
2022300367,22023,2024-03-04,1612709931,1612709902,100,117
0022300882,22023,2024-03-04,1610612762,1610612764,127,115
2022300361,22023,2024-03-03,1612709928,1612709913,114,125
0022300876,22023,2024-03-03,1610612739,1610612752,98,107
0022300874,22023,2024-03-03,1610612753,1610612765,113,91
0022300877,22023,2024-03-03,1610612759,1610612754,117,105
2022300363,22023,2024-03-03,1612709917,1612709922,120,97
0022300878,22023,2024-03-03,1610612756,1610612760,110,118
0022300872,22023,2024-03-03,1610612738,1610612744,140,88
2022300364,22023,2024-03-03,1612709925,1612709909,114,106
2022300359,22023,2024-03-03,1612709932,1612709919,119,116
2022300362,22023,2024-03-03,1612709893,1612709923,116,102
0022300871,22023,2024-03-03,1610612742,1610612755,116,120
0022300875,22023,2024-03-03,1610612761,1610612766,111,106
2022300366,22023,2024-03-03,1612709933,1612709926,109,113
2022300360,22023,2024-03-03,1612709929,1612709930,100,81
0022300873,22023,2024-03-03,1610612750,1610612746,88,89
2022300365,22023,2024-03-03,1612709931,1612709902,127,104
2022300357,22023,2024-03-02,1612709914,1612709903,119,123
2022300355,22023,2024-03-02,1612709932,1612709919,99,130
2022300356,22023,2024-03-02,1612709927,1612709915,103,105
0022300866,22023,2024-03-02,1610612751,1610612737,114,102
0022300868,22023,2024-03-02,1610612763,1610612757,100,107
0022300870,22023,2024-03-02,1610612756,1610612745,109,118
0022300867,22023,2024-03-02,1610612748,1610612762,126,120
2022300358,22023,2024-03-02,1612709918,1612709905,129,106
0022300869,22023,2024-03-02,1610612747,1610612743,114,124
0022300861,22023,2024-03-01,1610612763,1610612757,92,122
0022300863,22023,2024-03-01,1610612740,1610612754,129,102
0022300864,22023,2024-03-01,1610612741,1610612749,97,113
0022300860,22023,2024-03-01,1610612761,1610612744,105,120
2022300351,22023,2024-03-01,1612709923,1612709930,117,87
0022300859,22023,2024-03-01,1610612738,1610612742,138,110
2022300349,22023,2024-03-01,1612709929,1612709893,110,102
2022300350,22023,2024-03-01,1612709922,1612709909,107,105
2022300348,22023,2024-03-01,1612709928,1612709913,138,107
0022300865,22023,2024-03-01,1610612746,1610612764,140,115
2022300354,22023,2024-03-01,1612709914,1612709908,112,111
2022300353,22023,2024-03-01,1612709933,1612709911,122,107
2022300352,22023,2024-03-01,1612709927,1612709915,108,117
0022300858,22023,2024-03-01,1610612755,1610612766,121,114
0022300857,22023,2024-03-01,1610612765,1610612739,100,110
0022300862,22023,2024-03-01,1610612750,1610612758,120,124
2022300346,22023,2024-02-29,1612709889,1612709902,160,107
2022300344,22023,2024-02-29,1612709932,1612709910,110,118
0022300850,22023,2024-02-29,1610612753,1610612762,115,107
2022300342,22023,2024-02-29,1612709924,1612709904,111,119
0022300855,22023,2024-02-29,1610612743,1610612748,103,97
2022300341,22023,2024-02-29,1612709890,1612709905,131,126
0022300852,22023,2024-02-29,1610612752,1610612744,99,110
0022300849,22023,2024-02-29,1610612766,1610612749,99,111
2022300345,22023,2024-02-29,1612709923,1612709920,124,119
2022300343,22023,2024-02-29,1612709921,1612709917,92,101
0022300851,22023,2024-02-29,1610612751,1610612737,124,97
0022300856,22023,2024-02-29,1610612747,1610612764,134,131
0022300853,22023,2024-02-29,1610612759,1610612760,132,118
0022300854,22023,2024-02-29,1610612756,1610612745,110,105
2022300347,22023,2024-02-29,1612709931,1612709926,101,110
0022300844,22023,2024-02-28,1610612761,1610612742,125,136
2022300337,22023,2024-02-28,1612709929,1612709893,100,82
0022300846,22023,2024-02-28,1610612741,1610612739,132,123
2022300336,22023,2024-02-28,1612709928,1612709927,120,115
0022300843,22023,2024-02-28,1610612754,1610612740,123,114
2022300338,22023,2024-02-28,1612709922,1612709909,131,133
2022300334,22023,2024-02-28,1612709889,1612709902,116,121
2022300335,22023,2024-02-28,1612709914,1612709908,91,119
0022300847,22023,2024-02-28,1610612743,1610612758,117,96
0022300845,22023,2024-02-28,1610612750,1610612763,110,101
0022300848,22023,2024-02-28,1610612746,1610612747,112,116
2022300340,22023,2024-02-28,1612709931,1612709926,132,98
2022300339,22023,2024-02-28,1612709918,1612709930,117,102
0022300840,22023,2024-02-27,1610612749,1610612766,123,85
0022300835,22023,2024-02-27,1610612737,1610612762,124,97
0022300836,22023,2024-02-27,1610612738,1610612755,117,99
0022300838,22023,2024-02-27,1610612750,1610612759,114,105
0022300841,22023,2024-02-27,1610612760,1610612745,112,95
2022300331,22023,2024-02-27,1612709903,1612709925,113,131
0022300837,22023,2024-02-27,1610612752,1610612740,92,115
0022300834,22023,2024-02-27,1610612764,1610612744,112,123
0022300842,22023,2024-02-27,1610612757,1610612748,96,106
2022300333,22023,2024-02-27,1612709905,1612709904,120,122
0022300832,22023,2024-02-27,1610612739,1610612742,121,119
2022300329,22023,2024-02-27,1612709910,1612709917,122,110
2022300332,22023,2024-02-27,1612709933,1612709920,125,135
0022300839,22023,2024-02-27,1610612741,1610612765,95,105
0022300833,22023,2024-02-27,1610612753,1610612751,108,81
2022300330,22023,2024-02-27,1612709918,1612709930,132,111
0022300831,22023,2024-02-26,1610612758,1610612748,110,121
0022300830,22023,2024-02-26,1610612763,1610612751,86,111
0022300829,22023,2024-02-26,1610612754,1610612761,122,130
0022300828,22023,2024-02-26,1610612752,1610612765,113,111
2022300327,22023,2024-02-26,1612709889,1612709890,126,106
2022300326,22023,2024-02-26,1612709928,1612709931,135,113
2022300328,22023,2024-02-26,1612709903,1612709925,111,113
2022300323,22023,2024-02-25,1612709909,1612709932,119,116
0022300823,22023,2024-02-25,1610612740,1610612741,106,114
0022300821,22023,2024-02-25,1610612737,1610612753,109,92
0022300825,22023,2024-02-25,1610612762,1610612759,128,109
0022300819,22023,2024-02-25,1610612754,1610612742,133,111
0022300817,22023,2024-02-25,1610612755,1610612749,98,119
0022300826,22023,2024-02-25,1610612757,1610612766,80,93
0022300824,22023,2024-02-25,1610612744,1610612743,103,119
2022300324,22023,2024-02-25,1612709930,1612709905,117,124
0022300827,22023,2024-02-25,1610612746,1610612758,107,123
0022300818,22023,2024-02-25,1610612756,1610612747,123,113
2022300322,22023,2024-02-25,1612709926,1612709913,112,124
2022300321,22023,2024-02-25,1612709915,1612709919,130,100
2022300325,22023,2024-02-25,1612709924,1612709904,119,106
0022300822,22023,2024-02-25,1610612745,1610612760,110,123
0022300820,22023,2024-02-25,1610612764,1610612739,105,114
2022300316,22023,2024-02-24,1612709922,1612709929,115,102
2022300317,22023,2024-02-24,1612709923,1612709910,106,97
0022300814,22023,2024-02-24,1610612765,1610612753,109,112
2022300318,22023,2024-02-24,1612709927,1612709933,106,109
0022300815,22023,2024-02-24,1610612750,1610612751,101,86
2022300320,22023,2024-02-24,1612709902,1612709920,112,118
2022300315,22023,2024-02-24,1612709893,1612709928,128,111
2022300319,22023,2024-02-24,1612709918,1612709914,100,110
0022300816,22023,2024-02-24,1610612752,1610612738,102,116
2022300314,22023,2024-02-24,1612709921,1612709931,112,93
0022300806,22023,2024-02-23,1610612745,1610612756,114,110
0022300808,22023,2024-02-23,1610612750,1610612749,107,112
2022300313,22023,2024-02-23,1612709902,1612709920,109,114
2022300308,22023,2024-02-23,1612709913,1612709915,99,98
2022300309,22023,2024-02-23,1612709911,1612709908,117,114
0022300812,22023,2024-02-23,1610612757,1610612743,112,127
0022300804,22023,2024-02-23,1610612737,1610612761,121,123
2022300312,22023,2024-02-23,1612709930,1612709925,113,124
2022300304,22023,2024-02-23,1612709889,1612709890,120,101
2022300311,22023,2024-02-23,1612709903,1612709924,120,117
0022300811,22023,2024-02-23,1610612744,1610612766,97,84
2022300307,22023,2024-02-23,1612709922,1612709932,115,98
0022300810,22023,2024-02-23,1610612740,1610612748,95,106
0022300813,22023,2024-02-23,1610612747,1610612759,123,118
2022300310,22023,2024-02-23,1612709918,1612709914,135,133
0022300805,22023,2024-02-23,1610612755,1610612739,104,97
0022300809,22023,2024-02-23,1610612760,1610612764,147,106
0022300807,22023,2024-02-23,1610612763,1610612746,95,101
2022300306,22023,2024-02-23,1612709909,1612709917,130,112
2022300305,22023,2024-02-23,1612709893,1612709928,107,120
0022300799,22023,2024-02-22,1610612760,1610612746,129,107
0022300798,22023,2024-02-22,1610612740,1610612745,127,105
0022300802,22023,2024-02-22,1610612744,1610612747,128,110
0022300794,22023,2024-02-22,1610612755,1610612752,96,110
2022300298,22023,2024-02-22,1612709910,1612709929,131,124
0022300793,22023,2024-02-22,1610612754,1610612765,129,115
2022300301,22023,2024-02-22,1612709927,1612709933,104,116
0022300795,22023,2024-02-22,1610612761,1610612751,121,93
0022300801,22023,2024-02-22,1610612762,1610612766,107,115
2022300302,22023,2024-02-22,1612709913,1612709915,127,125
0022300796,22023,2024-02-22,1610612742,1610612756,123,113
0022300803,22023,2024-02-22,1610612758,1610612759,127,122
2022300300,22023,2024-02-22,1612709919,1612709923,84,98
0022300797,22023,2024-02-22,1610612741,1610612738,112,129
2022300297,22023,2024-02-22,1612709909,1612709917,126,115
0022300792,22023,2024-02-22,1610612739,1610612753,109,116
2022300299,22023,2024-02-22,1612709921,1612709931,122,115
2022300303,22023,2024-02-22,1612709905,1612709904,113,108
0022300800,22023,2024-02-22,1610612743,1610612764,130,110
0032300001,32023,2024-02-18,1610616833,1610616834,211,186
2032300002,32023,2024-02-18,1612709971,1612709972,27,30
2032300003,32023,2024-02-18,1612709973,1612709972,21,30
2032300001,32023,2024-02-18,1612709973,1612709974,32,25
0032300006,32023,2024-02-16,1610616849,1610616848,26,13
0032300005,32023,2024-02-16,1610616847,1610616848,36,41
0032300003,32023,2024-02-16,1610616840,1610616839,91,100
0032300004,32023,2024-02-16,1610616850,1610616849,35,40
2022300294,22023,2024-02-15,1612709920,1612709922,102,100
2022300295,22023,2024-02-15,1612709929,1612709913,111,93
0022300576,22023,2024-02-15,1610612762,1610612744,137,140
0022300790,22023,2024-02-15,1610612763,1610612749,113,110
0022300791,22023,2024-02-15,1610612757,1610612750,91,128
2022300296,22023,2024-02-15,1612709903,1612709926,119,126
0022300785,22023,2024-02-14,1610612742,1610612759,116,93
0022300782,22023,2024-02-14,1610612761,1610612754,125,127
0022300777,22023,2024-02-14,1610612766,1610612737,122,99
2022300292,22023,2024-02-14,1612709908,1612709890,104,122
0022300789,22023,2024-02-14,1610612744,1610612746,125,130
2022300123,22023,2024-02-14,1612709918,1612709904,136,129
0022300788,22023,2024-02-14,1610612762,1610612747,122,138
2022300291,22023,2024-02-14,1612709919,1612709928,99,115
0022300779,22023,2024-02-14,1610612755,1610612748,104,109
0022300783,22023,2024-02-14,1610612763,1610612745,121,113
2022300290,22023,2024-02-14,1612709915,1612709923,111,102
2022300289,22023,2024-02-14,1612709917,1612709893,94,117
0022300784,22023,2024-02-14,1610612740,1610612764,133,126
0022300786,22023,2024-02-14,1610612743,1610612758,98,102
0022300781,22023,2024-02-14,1610612739,1610612741,108,105
0022300780,22023,2024-02-14,1610612738,1610612751,136,86
2022300293,22023,2024-02-14,1612709905,1612709914,101,106
0022300778,22023,2024-02-14,1610612753,1610612752,118,100
0022300787,22023,2024-02-14,1610612756,1610612765,116,100
2022300286,22023,2024-02-13,1612709903,1612709926,127,116
0022300774,22023,2024-02-13,1610612756,1610612758,130,125
0022300776,22023,2024-02-13,1610612747,1610612765,125,111
0022300771,22023,2024-02-13,1610612751,1610612738,110,118
0022300773,22023,2024-02-13,1610612749,1610612748,97,123
2022300282,22023,2024-02-13,1612709932,1612709917,127,121
2022300283,22023,2024-02-13,1612709920,1612709922,106,116
2022300288,22023,2024-02-13,1612709930,1612709910,109,116
2022300285,22023,2024-02-13,1612709931,1612709924,115,109
2022300284,22023,2024-02-13,1612709889,1612709904,103,122
0022300775,22023,2024-02-13,1610612757,1610612750,109,121
2022300281,22023,2024-02-13,1612709921,1612709909,114,120
2022300287,22023,2024-02-13,1612709933,1612709911,111,113
0022300772,22023,2024-02-13,1610612753,1610612760,113,127
0022300763,22023,2024-02-12,1610612737,1610612741,126,136
2022300280,22023,2024-02-12,1612709930,1612709910,123,114
2022300279,22023,2024-02-12,1612709928,1612709929,101,121
0022300770,22023,2024-02-12,1610612746,1610612750,100,121
0022300767,22023,2024-02-12,1610612749,1610612743,112,95
0022300764,22023,2024-02-12,1610612761,1610612759,99,122
0022300766,22023,2024-02-12,1610612763,1610612740,87,96
0022300765,22023,2024-02-12,1610612745,1610612752,105,103
0022300769,22023,2024-02-12,1610612762,1610612744,107,129
0022300768,22023,2024-02-12,1610612742,1610612764,112,104
0022300761,22023,2024-02-12,1610612766,1610612754,111,102
0022300762,22023,2024-02-12,1610612739,1610612755,121,123
2022300276,22023,2024-02-11,1612709926,1612709918,137,120
0022300759,22023,2024-02-11,1610612748,1610612738,106,110
2022300278,22023,2024-02-11,1612709931,1612709924,95,111
0022300760,22023,2024-02-11,1610612760,1610612758,127,113
2022300275,22023,2024-02-11,1612709917,1612709927,86,105
2022300277,22023,2024-02-11,1612709923,1612709920,113,99
2022300273,22023,2024-02-10,1612709914,1612709889,121,107
0022300754,22023,2024-02-10,1610612737,1610612745,122,113
0022300752,22023,2024-02-10,1610612753,1610612741,114,108
0022300750,22023,2024-02-10,1610612751,1610612759,123,103
0022300748,22023,2024-02-10,1610612742,1610612760,146,111
2022300274,22023,2024-02-10,1612709902,1612709911,116,114
2022300271,22023,2024-02-10,1612709904,1612709933,103,86
0022300758,22023,2024-02-10,1610612757,1610612740,84,93
0022300751,22023,2024-02-10,1610612766,1610612763,115,106
2022300267,22023,2024-02-10,1612709915,1612709932,106,96
2022300272,22023,2024-02-10,1612709905,1612709903,103,123
2022300268,22023,2024-02-10,1612709909,1612709890,87,128
0022300753,22023,2024-02-10,1610612764,1610612755,113,119
0022300757,22023,2024-02-10,1610612744,1610612756,113,112
0022300756,22023,2024-02-10,1610612761,1610612739,95,119
2022300269,22023,2024-02-10,1612709929,1612709928,87,106
0022300749,22023,2024-02-10,1610612746,1610612765,112,106
2022300270,22023,2024-02-10,1612709922,1612709921,102,96
0022300755,22023,2024-02-10,1610612752,1610612754,111,125
0022300746,22023,2024-02-09,1610612758,1610612743,135,106
2022300263,22023,2024-02-09,1612709904,1612709933,109,108
0022300745,22023,2024-02-09,1610612749,1610612766,120,84
0022300747,22023,2024-02-09,1610612747,1610612740,139,122
2022300260,22023,2024-02-09,1612709922,1612709921,103,96
2022300265,22023,2024-02-09,1612709902,1612709911,128,122
0022300742,22023,2024-02-09,1610612755,1610612737,121,127
2022300259,22023,2024-02-09,1612709909,1612709890,125,123
2022300266,22023,2024-02-09,1612709914,1612709910,125,113
2022300264,22023,2024-02-09,1612709923,1612709925,101,110
2022300261,22023,2024-02-09,1612709919,1612709913,139,128
2022300262,22023,2024-02-09,1612709926,1612709918,128,135
2022300258,22023,2024-02-09,1612709893,1612709927,79,98
0022300744,22023,2024-02-09,1610612761,1610612745,107,104
0022300743,22023,2024-02-09,1610612738,1610612764,133,129
2022300254,22023,2024-02-08,1612709917,1612709929,107,97
0022300734,22023,2024-02-08,1610612753,1610612759,127,111
0022300733,22023,2024-02-08,1610612754,1610612744,109,131
2022300256,22023,2024-02-08,1612709919,1612709913,105,141
0022300738,22023,2024-02-08,1610612749,1610612750,105,129
0022300737,22023,2024-02-08,1610612763,1610612741,110,118
0022300735,22023,2024-02-08,1610612751,1610612739,95,118
2022300252,22023,2024-02-08,1612709928,1612709908,133,110
0022300741,22023,2024-02-08,1610612757,1610612765,122,128
2022300255,22023,2024-02-08,1612709915,1612709932,112,120
0022300739,22023,2024-02-08,1610612756,1610612762,129,115
2022300257,22023,2024-02-08,1612709924,1612709889,110,118
0022300740,22023,2024-02-08,1610612747,1610612743,106,114
0022300736,22023,2024-02-08,1610612752,1610612742,108,122
2022300253,22023,2024-02-08,1612709923,1612709925,113,129
2022300251,22023,2024-02-07,1612709924,1612709930,110,103
2022300248,22023,2024-02-07,1612709922,1612709890,82,108
0022300726,22023,2024-02-07,1610612766,1610612761,117,123
0022300732,22023,2024-02-07,1610612758,1610612765,120,133
2022300247,22023,2024-02-07,1612709917,1612709929,125,106
2022300245,22023,2024-02-07,1612709926,1612709914,93,115
0022300731,22023,2024-02-07,1610612746,1610612740,106,117
0022300730,22023,2024-02-07,1610612748,1610612759,116,104
0022300728,22023,2024-02-07,1610612764,1610612739,106,114
2022300249,22023,2024-02-07,1612709921,1612709927,118,133
2022300246,22023,2024-02-07,1612709910,1612709893,109,73
0022300727,22023,2024-02-07,1610612755,1610612744,104,127
0022300729,22023,2024-02-07,1610612738,1610612737,125,117
2022300250,22023,2024-02-07,1612709903,1612709902,128,110
2022300242,22023,2024-02-06,1612709928,1612709908,135,117
2022300241,22023,2024-02-06,1612709910,1612709909,96,141
0022300721,22023,2024-02-06,1610612748,1610612753,121,95
2022300240,22023,2024-02-06,1612709911,1612709904,122,115
0022300719,22023,2024-02-06,1610612754,1610612745,132,129
0022300725,22023,2024-02-06,1610612756,1610612749,114,106
0022300724,22023,2024-02-06,1610612762,1610612760,124,117
0022300720,22023,2024-02-06,1610612751,1610612742,107,119
2022300243,22023,2024-02-06,1612709932,1612709933,120,127
2022300244,22023,2024-02-06,1612709889,1612709918,145,94
0022300722,22023,2024-02-06,1610612752,1610612763,123,113
0022300723,22023,2024-02-06,1610612741,1610612750,129,123
0022300718,22023,2024-02-05,1610612740,1610612761,138,100
0022300715,22023,2024-02-05,1610612755,1610612742,102,118
0022300713,22023,2024-02-05,1610612766,1610612747,118,124
2022300238,22023,2024-02-05,1612709921,1612709920,118,116
2022300239,22023,2024-02-05,1612709931,1612709903,97,89
0022300717,22023,2024-02-05,1610612751,1610612744,98,109
0022300714,22023,2024-02-05,1610612739,1610612758,136,110
0022300716,22023,2024-02-05,1610612737,1610612746,144,149
0022300709,22023,2024-02-04,1610612750,1610612745,111,90
0022300712,22023,2024-02-04,1610612743,1610612757,112,103
0022300704,22023,2024-02-04,1610612765,1610612753,99,111
0022300706,22023,2024-02-04,1610612738,1610612763,131,91
2022300232,22023,2024-02-04,1612709893,1612709909,101,135
0022300711,22023,2024-02-04,1610612762,1610612749,123,108
2022300233,22023,2024-02-04,1612709925,1612709915,112,89
0022300707,22023,2024-02-04,1610612766,1610612754,99,115
2022300234,22023,2024-02-04,1612709926,1612709930,107,89
0022300708,22023,2024-02-04,1610612748,1610612746,95,103
0022300710,22023,2024-02-04,1610612760,1610612761,135,127
2022300235,22023,2024-02-04,1612709913,1612709932,115,133
0022300705,22023,2024-02-04,1610612764,1610612756,112,140
2022300236,22023,2024-02-04,1612709931,1612709903,96,119
2022300237,22023,2024-02-04,1612709905,1612709924,99,113
0022300703,22023,2024-02-03,1610612759,1610612739,101,117
2022300229,22023,2024-02-03,1612709926,1612709930,125,105
2022300225,22023,2024-02-03,1612709928,1612709921,119,106
2022300226,22023,2024-02-03,1612709890,1612709914,105,103
2022300231,22023,2024-02-03,1612709902,1612709918,139,126
2022300227,22023,2024-02-03,1612709913,1612709932,116,121
0022300699,22023,2024-02-03,1610612737,1610612744,141,134
2022300224,22023,2024-02-03,1612709920,1612709908,105,108
0022300700,22023,2024-02-03,1610612741,1610612758,115,123
0022300701,22023,2024-02-03,1610612752,1610612747,105,113
2022300230,22023,2024-02-03,1612709927,1612709919,128,120
2022300228,22023,2024-02-03,1612709911,1612709904,156,157
0022300698,22023,2024-02-03,1610612755,1610612751,121,136
0022300702,22023,2024-02-03,1610612742,1610612749,117,129
2022300220,22023,2024-02-02,1612709915,1612709917,90,83
2022300222,22023,2024-02-02,1612709933,1612709905,102,121
2022300221,22023,2024-02-02,1612709890,1612709914,127,111
0022300690,22023,2024-02-02,1610612737,1610612756,129,120
2022300219,22023,2024-02-02,1612709922,1612709923,94,101
0022300688,22023,2024-02-02,1610612765,1610612746,125,136
0022300692,22023,2024-02-02,1610612745,1610612761,135,106
2022300223,22023,2024-02-02,1612709902,1612709918,122,119
0022300696,22023,2024-02-02,1610612759,1610612740,113,114
0022300689,22023,2024-02-02,1610612764,1610612748,102,110
0022300691,22023,2024-02-02,1610612754,1610612758,122,133
0022300695,22023,2024-02-02,1610612760,1610612766,126,106
0022300697,22023,2024-02-02,1610612743,1610612757,120,108
0022300693,22023,2024-02-02,1610612763,1610612744,101,121
2022300218,22023,2024-02-02,1612709893,1612709909,101,95
0022300694,22023,2024-02-02,1610612750,1610612753,106,108
2022300213,22023,2024-02-01,1612709929,1612709913,125,115
2022300216,22023,2024-02-01,1612709927,1612709919,107,100
2022300217,22023,2024-02-01,1612709904,1612709908,108,99
0022300684,22023,2024-02-01,1610612738,1610612747,105,114
0022300686,22023,2024-02-01,1610612762,1610612755,124,127
0022300687,22023,2024-02-01,1610612763,1610612739,101,108
0022300685,22023,2024-02-01,1610612752,1610612754,109,105
2022300214,22023,2024-02-01,1612709932,1612709910,91,100
2022300215,22023,2024-02-01,1612709925,1612709924,108,127
0022300682,22023,2024-01-31,1610612760,1610612743,105,100
0022300683,22023,2024-01-31,1610612757,1610612749,119,116
0022300677,22023,2024-01-31,1610612751,1610612756,120,136
0022300679,22023,2024-01-31,1610612745,1610612740,99,110
0022300676,22023,2024-01-31,1610612764,1610612746,109,125
2022300208,22023,2024-01-31,1612709893,1612709922,119,118
2022300211,22023,2024-01-31,1612709890,1612709918,103,121
0022300680,22023,2024-01-31,1610612750,1610612742,121,87
2022300210,22023,2024-01-31,1612709920,1612709915,95,136
0022300681,22023,2024-01-31,1610612759,1610612753,98,108
2022300212,22023,2024-01-31,1612709930,1612709911,123,118
0022300674,22023,2024-01-31,1610612766,1610612741,110,117
0022300678,22023,2024-01-31,1610612748,1610612758,115,106
0022300675,22023,2024-01-31,1610612739,1610612765,128,121
2022300207,22023,2024-01-31,1612709910,1612709917,119,98
2022300209,22023,2024-01-31,1612709925,1612709909,98,108
2022300204,22023,2024-01-30,1612709904,1612709908,111,118
2022300205,22023,2024-01-30,1612709913,1612709923,104,117
0022300673,22023,2024-01-30,1610612744,1610612755,119,107
0022300669,22023,2024-01-30,1610612737,1610612747,138,122
2022300203,22023,2024-01-30,1612709920,1612709915,103,111
0022300670,22023,2024-01-30,1610612738,1610612754,129,124
0022300672,22023,2024-01-30,1610612741,1610612761,107,118
2022300206,22023,2024-01-30,1612709903,1612709933,107,112
0022300671,22023,2024-01-30,1610612752,1610612762,118,103
0022300660,22023,2024-01-29,1610612751,1610612762,147,114
0022300659,22023,2024-01-29,1610612738,1610612740,118,112
0022300657,22023,2024-01-29,1610612766,1610612752,92,113
0022300658,22023,2024-01-29,1610612739,1610612746,118,108
0022300661,22023,2024-01-29,1610612748,1610612756,105,118
0022300663,22023,2024-01-29,1610612763,1610612758,94,103
2022300199,22023,2024-01-29,1612709925,1612709927,110,112
0022300664,22023,2024-01-29,1610612760,1610612750,101,107
2022300198,22023,2024-01-29,1612709929,1612709924,118,122
0022300662,22023,2024-01-29,1610612745,1610612747,135,119
0022300667,22023,2024-01-29,1610612743,1610612749,113,107
0022300666,22023,2024-01-29,1610612742,1610612753,131,129
2022300197,22023,2024-01-29,1612709910,1612709919,116,110
0022300668,22023,2024-01-29,1610612757,1610612755,130,104
0022300665,22023,2024-01-29,1610612759,1610612764,113,118
2022300200,22023,2024-01-29,1612709926,1612709902,122,121
2022300201,22023,2024-01-29,1612709930,1612709889,96,116
2022300202,22023,2024-01-29,1612709905,1612709911,124,113
2022300196,22023,2024-01-28,1612709913,1612709923,130,127
0022300656,22023,2024-01-28,1610612757,1610612741,96,104
0022300652,22023,2024-01-28,1610612754,1610612763,116,110
0022300655,22023,2024-01-28,1610612753,1610612756,113,98
0022300653,22023,2024-01-28,1610612737,1610612761,126,125
0022300654,22023,2024-01-28,1610612765,1610612760,120,104
0022300647,22023,2024-01-27,1610612766,1610612762,122,134
0022300651,22023,2024-01-27,1610612742,1610612758,115,120
2022300187,22023,2024-01-27,1612709909,1612709927,107,102
0022300649,22023,2024-01-27,1610612759,1610612750,113,112
2022300195,22023,2024-01-27,1612709918,1612709911,126,117
0022300645,22023,2024-01-27,1610612751,1610612745,106,104
2022300190,22023,2024-01-27,1612709928,1612709925,107,123
0022300648,22023,2024-01-27,1610612749,1610612740,141,117
0022300643,22023,2024-01-27,1610612752,1610612748,125,109
0022300650,22023,2024-01-27,1610612744,1610612747,144,145
0022300646,22023,2024-01-27,1610612738,1610612746,96,115
0022300644,22023,2024-01-27,1610612743,1610612755,111,105
2022300192,22023,2024-01-27,1612709926,1612709902,124,126
2022300193,22023,2024-01-27,1612709914,1612709889,103,111
0022300642,22023,2024-01-27,1610612765,1610612764,104,118
2022300189,22023,2024-01-27,1612709929,1612709924,109,96
2022300194,22023,2024-01-27,1612709908,1612709933,126,119
2022300188,22023,2024-01-27,1612709910,1612709919,113,114
2022300186,22023,2024-01-27,1612709920,1612709917,110,107
2022300191,22023,2024-01-27,1612709915,1612709893,103,110
0022300640,22023,2024-01-26,1610612740,1610612760,83,107
0022300639,22023,2024-01-26,1610612749,1610612739,100,112
0022300635,22023,2024-01-26,1610612766,1610612745,104,138
2022300185,22023,2024-01-26,1612709905,1612709903,112,114
0022300634,22023,2024-01-26,1610612737,1610612742,143,148
2022300181,22023,2024-01-26,1612709909,1612709927,115,103
2022300184,22023,2024-01-26,1612709918,1612709911,118,122
0022300638,22023,2024-01-26,1610612763,1610612753,107,106
2022300182,22023,2024-01-26,1612709915,1612709893,108,88
0022300641,22023,2024-01-26,1610612759,1610612757,116,100
2022300183,22023,2024-01-26,1612709908,1612709933,104,108
0022300636,22023,2024-01-26,1610612754,1610612756,133,131
0022300637,22023,2024-01-26,1610612761,1610612746,107,127
0022300630,22023,2024-01-25,1610612748,1610612738,110,143
0022300628,22023,2024-01-25,1610612764,1610612762,108,123
0022300629,22023,2024-01-25,1610612751,1610612750,94,96
0022300631,22023,2024-01-25,1610612752,1610612743,122,84
2022300177,22023,2024-01-25,1612709924,1612709922,110,101
2022300179,22023,2024-01-25,1612709919,1612709929,100,102
0022300633,22023,2024-01-25,1610612747,1610612741,141,132
2022300180,22023,2024-01-25,1612709890,1612709902,123,125
2022300178,22023,2024-01-25,1612709921,1612709932,117,114
0022300632,22023,2024-01-25,1610612744,1610612758,133,134
0022300627,22023,2024-01-25,1610612754,1610612755,134,122
2022300176,22023,2024-01-24,1612709933,1612709930,110,102
2022300173,22023,2024-01-24,1612709925,1612709893,120,104
2022300170,22023,2024-01-24,1612709889,1612709931,114,91
0022300623,22023,2024-01-24,1610612745,1610612757,131,137
0022300621,22023,2024-01-24,1610612748,1610612763,96,105
0022300622,22023,2024-01-24,1610612759,1610612760,114,140
2022300172,22023,2024-01-24,1612709915,1612709923,96,101
0022300624,22023,2024-01-24,1610612749,1610612739,126,116
2022300174,22023,2024-01-24,1612709919,1612709929,119,125
0022300626,22023,2024-01-24,1610612744,1610612737,134,112
2022300171,22023,2024-01-24,1612709910,1612709928,110,106
2022300175,22023,2024-01-24,1612709927,1612709913,120,107
2022300169,22023,2024-01-24,1612709920,1612709917,109,115
0022300625,22023,2024-01-24,1610612742,1610612756,109,132
0022300620,22023,2024-01-24,1610612764,1610612750,107,118
0022300619,22023,2024-01-24,1610612765,1610612766,113,106
0022300617,22023,2024-01-23,1610612760,1610612757,111,109
2022300166,22023,2024-01-23,1612709911,1612709908,120,124
2022300167,22023,2024-01-23,1612709903,1612709902,114,126
0022300618,22023,2024-01-23,1610612746,1610612747,127,116
2022300164,22023,2024-01-23,1612709910,1612709928,122,110
0022300615,22023,2024-01-23,1610612751,1610612752,103,108
2022300168,22023,2024-01-23,1612709924,1612709922,100,111
2022300165,22023,2024-01-23,1612709921,1612709932,110,111
0022300614,22023,2024-01-23,1610612754,1610612743,109,114
0022300616,22023,2024-01-23,1610612740,1610612762,153,124
0022300607,22023,2024-01-22,1610612753,1610612739,99,126
0022300612,22023,2024-01-22,1610612756,1610612741,115,113
2022300159,22023,2024-01-22,1612709925,1612709893,106,118
0022300613,22023,2024-01-22,1610612758,1610612737,122,107
2022300160,22023,2024-01-22,1612709927,1612709913,107,125
2022300163,22023,2024-01-22,1612709905,1612709914,127,120
0022300606,22023,2024-01-22,1610612765,1610612749,113,122
0022300611,22023,2024-01-22,1610612742,1610612738,110,119
0022300609,22023,2024-01-22,1610612761,1610612763,100,108
2022300162,22023,2024-01-22,1612709933,1612709930,118,95
0022300610,22023,2024-01-22,1610612750,1610612766,125,128
2022300161,22023,2024-01-22,1612709903,1612709890,101,112
0022300608,22023,2024-01-22,1610612755,1610612759,133,123
0022300604,22023,2024-01-21,1610612756,1610612754,117,110
0022300605,22023,2024-01-21,1610612747,1610612757,134,110
0022300601,22023,2024-01-21,1610612753,1610612748,105,87
2022300158,22023,2024-01-21,1612709889,1612709931,128,105
0022300603,22023,2024-01-21,1610612745,1610612738,107,116
2022300157,22023,2024-01-21,1612709915,1612709904,131,125
0022300602,22023,2024-01-21,1610612764,1610612743,104,113
0022300600,22023,2024-01-21,1610612746,1610612751,125,114
2022300149,22023,2024-01-20,1612709890,1612709926,108,117
0022300594,22023,2024-01-20,1610612764,1610612759,127,131
2022300156,22023,2024-01-20,1612709902,1612709924,122,116
2022300152,22023,2024-01-20,1612709923,1612709921,112,123
2022300154,22023,2024-01-20,1612709905,1612709922,117,116
0022300593,22023,2024-01-20,1610612766,1610612755,89,97
2022300148,22023,2024-01-20,1612709930,1612709914,74,105
2022300151,22023,2024-01-20,1612709911,1612709928,102,106
0022300592,22023,2024-01-20,1610612765,1610612749,135,141
2022300153,22023,2024-01-20,1612709927,1612709910,110,121
0022300596,22023,2024-01-20,1610612752,1610612761,126,100
2022300155,22023,2024-01-20,1612709918,1612709908,118,132
0022300598,22023,2024-01-20,1610612745,1610612762,127,126
0022300597,22023,2024-01-20,1610612741,1610612763,125,96
2022300150,22023,2024-01-20,1612709913,1612709893,126,105
2022300147,22023,2024-01-20,1612709920,1612709909,97,91
0022300599,22023,2024-01-20,1610612750,1610612760,97,102
0022300595,22023,2024-01-20,1610612737,1610612739,95,116
2022300144,22023,2024-01-19,1612709903,1612709889,129,139
2022300146,22023,2024-01-19,1612709902,1612709924,118,117
0022300587,22023,2024-01-19,1610612748,1610612737,108,109
2022300142,22023,2024-01-19,1612709923,1612709921,115,121
0022300590,22023,2024-01-19,1610612757,1610612754,118,115
0022300586,22023,2024-01-19,1610612738,1610612743,100,102
0022300585,22023,2024-01-19,1610612753,1610612755,109,124
2022300143,22023,2024-01-19,1612709918,1612709908,119,126
2022300145,22023,2024-01-19,1612709930,1612709931,126,132
0022300591,22023,2024-01-19,1610612747,1610612751,112,130
0022300584,22023,2024-01-19,1610612766,1610612759,124,120
0022300588,22023,2024-01-19,1610612740,1610612756,109,123
2022300141,22023,2024-01-19,1612709915,1612709904,112,116
2022300137,22023,2024-01-18,1612709925,1612709919,153,130
2022300139,22023,2024-01-18,1612709890,1612709926,114,115
0022300581,22023,2024-01-18,1610612762,1610612760,129,134
2022300138,22023,2024-01-18,1612709927,1612709929,106,103
2022300136,22023,2024-01-18,1612709932,1612709905,109,120
0022300580,22023,2024-01-18,1610612761,1610612741,110,116
0022300579,22023,2024-01-18,1610612752,1610612764,113,109
2022300140,22023,2024-01-18,1612709913,1612709911,134,125
0022300583,22023,2024-01-18,1610612758,1610612754,121,126
0022300582,22023,2024-01-18,1610612750,1610612763,118,103
2022300134,22023,2024-01-17,1612709930,1612709931,100,106
2022300130,22023,2024-01-17,1612709927,1612709929,92,116
2022300133,22023,2024-01-17,1612709918,1612709904,129,117
0022300574,22023,2024-01-17,1610612761,1610612748,121,97
2022300135,22023,2024-01-17,1612709914,1612709921,101,105
0022300570,22023,2024-01-17,1610612737,1610612753,106,104
0022300569,22023,2024-01-17,1610612765,1610612750,117,124
0022300578,22023,2024-01-17,1610612757,1610612751,105,103
2022300132,22023,2024-01-17,1612709928,1612709920,116,101
0022300577,22023,2024-01-17,1610612747,1610612742,127,110
2022300131,22023,2024-01-17,1612709903,1612709889,108,105
0022300571,22023,2024-01-17,1610612738,1610612759,117,98
2022300129,22023,2024-01-17,1612709932,1612709905,117,92
0022300573,22023,2024-01-17,1610612752,1610612745,109,94
0022300572,22023,2024-01-17,1610612739,1610612749,135,95
0022300575,22023,2024-01-17,1610612740,1610612766,132,112
0022300568,22023,2024-01-16,1610612746,1610612760,128,117
0022300566,22023,2024-01-16,1610612755,1610612743,126,121
2022300127,22023,2024-01-16,1612709919,1612709893,117,125
0022300567,22023,2024-01-16,1610612756,1610612758,119,117
2022300128,22023,2024-01-16,1612709926,1612709924,106,104
0022300565,22023,2024-01-15,1610612747,1610612760,112,105
2022300115,22023,2024-01-15,1612709913,1612709920,108,105
0022300558,22023,2024-01-15,1610612764,1610612765,117,129
0022300559,22023,2024-01-15,1610612737,1610612759,109,99
2022300116,22023,2024-01-15,1612709923,1612709909,115,113
2022300122,22023,2024-01-15,1612709930,1612709914,88,107
2022300117,22023,2024-01-15,1612709917,1612709905,117,122
2022300125,22023,2024-01-15,1612709902,1612709921,98,90
0022300557,22023,2024-01-15,1610612752,1610612753,94,98
2022300120,22023,2024-01-15,1612709922,1612709925,115,119
0022300563,22023,2024-01-15,1610612761,1610612738,96,105
2022300126,22023,2024-01-15,1612709933,1612709889,127,119
0022300561,22023,2024-01-15,1610612739,1610612741,109,91
0022300564,22023,2024-01-15,1610612762,1610612754,132,105
0022300555,22023,2024-01-15,1610612755,1610612745,124,115
0022300562,22023,2024-01-15,1610612751,1610612748,95,96
2022300119,22023,2024-01-15,1612709911,1612709903,122,111
2022300121,22023,2024-01-15,1612709932,1612709929,101,114
2022300124,22023,2024-01-15,1612709890,1612709931,116,122
0022300560,22023,2024-01-15,1610612763,1610612744,116,107
0022300556,22023,2024-01-15,1610612742,1610612740,125,120
2022300118,22023,2024-01-15,1612709919,1612709893,126,111
2022300110,22023,2024-01-14,1612709915,1612709910,129,122
0022300553,22023,2024-01-14,1610612750,1610612746,109,105
0022300551,22023,2024-01-14,1610612748,1610612766,104,87
0022300552,22023,2024-01-14,1610612749,1610612758,143,142
2022300113,22023,2024-01-14,1612709911,1612709903,111,115
2022300111,22023,2024-01-14,1612709926,1612709924,119,126
0022300554,22023,2024-01-14,1610612757,1610612756,116,127
0022300550,22023,2024-01-14,1610612743,1610612754,117,109
2022300114,22023,2024-01-14,1612709933,1612709889,99,95
2022300112,22023,2024-01-14,1612709917,1612709928,114,102
0022300544,22023,2024-01-13,1610612763,1610612752,94,106
2022300104,22023,2024-01-13,1612709931,1612709927,100,98
0022300547,22023,2024-01-13,1610612742,1610612740,108,118
2022300100,22023,2024-01-13,1612709915,1612709910,112,92
0022300548,22023,2024-01-13,1610612759,1610612741,116,122
2022300108,22023,2024-01-13,1612709914,1612709921,116,91
2022300101,22023,2024-01-13,1612709893,1612709918,94,120
0022300546,22023,2024-01-13,1610612760,1610612753,112,100
2022300106,22023,2024-01-13,1612709904,1612709890,128,119
2022300102,22023,2024-01-13,1612709922,1612709925,97,108
0022300542,22023,2024-01-13,1610612738,1610612745,145,113
2022300103,22023,2024-01-13,1612709932,1612709929,92,85
0022300543,22023,2024-01-13,1610612737,1610612764,99,127
2022300107,22023,2024-01-13,1612709923,1612709909,108,120
0022300545,22023,2024-01-13,1610612749,1610612744,129,118
0022300549,22023,2024-01-13,1610612762,1610612747,132,125
2022300105,22023,2024-01-13,1612709913,1612709920,98,112
2022300109,22023,2024-01-13,1612709902,1612709905,105,120
0022300532,22023,2024-01-12,1610612755,1610612758,112,93
0022300540,22023,2024-01-12,1610612762,1610612761,145,113
0022300535,22023,2024-01-12,1610612748,1610612753,99,96
0022300534,22023,2024-01-12,1610612765,1610612745,110,112
2022300095,22023,2024-01-12,1612709922,1612709928,115,111
0022300537,22023,2024-01-12,1610612763,1610612746,119,128
0022300533,22023,2024-01-12,1610612737,1610612754,108,126
2022300097,22023,2024-01-12,1612709908,1612709917,131,95
2022300096,22023,2024-01-12,1612709904,1612709890,131,107
0022300541,22023,2024-01-12,1610612759,1610612766,135,99
2022300098,22023,2024-01-12,1612709931,1612709927,102,100
0022300536,22023,2024-01-12,1610612741,1610612744,131,140
0022300538,22023,2024-01-12,1610612750,1610612757,116,93
2022300099,22023,2024-01-12,1612709914,1612709911,110,92
0022300539,22023,2024-01-12,1610612743,1610612740,125,113
2022300092,22023,2024-01-11,1612709932,1612709925,103,112
0022300527,22023,2024-01-11,1610612739,1610612751,111,102
0022300530,22023,2024-01-11,1610612742,1610612752,128,124
0022300528,22023,2024-01-11,1610612749,1610612738,135,102
2022300094,22023,2024-01-11,1612709926,1612709913,111,122
0022300529,22023,2024-01-11,1610612760,1610612757,139,77
0022300531,22023,2024-01-11,1610612747,1610612756,109,127
2022300093,22023,2024-01-11,1612709919,1612709923,129,126
0022300519,22023,2024-01-10,1610612765,1610612759,108,130
0022300521,22023,2024-01-10,1610612737,1610612755,139,132
0022300523,22023,2024-01-10,1610612741,1610612745,124,119
0022300526,22023,2024-01-10,1610612746,1610612761,126,120
2022300089,22023,2024-01-10,1612709889,1612709908,111,101
2022300091,22023,2024-01-10,1612709930,1612709911,103,117
2022300087,22023,2024-01-10,1612709921,1612709915,102,100
0022300518,22023,2024-01-10,1610612766,1610612758,98,123
2022300084,22023,2024-01-10,1612709924,1612709914,114,125
2022300086,22023,2024-01-10,1612709922,1612709928,87,105
2022300083,22023,2024-01-10,1612709910,1612709893,105,113
0022300524,22023,2024-01-10,1610612762,1610612743,124,111
2022300088,22023,2024-01-10,1612709920,1612709918,119,112
0022300517,22023,2024-01-10,1610612738,1610612750,127,120
0022300525,22023,2024-01-10,1610612744,1610612740,105,141
2022300085,22023,2024-01-10,1612709929,1612709909,114,118
0022300522,22023,2024-01-10,1610612748,1610612760,120,128
0022300520,22023,2024-01-10,1610612754,1610612764,112,104
2022300090,22023,2024-01-10,1612709931,1612709917,120,90
2022300078,22023,2024-01-09,1612709932,1612709925,130,113
2022300082,22023,2024-01-09,1612709930,1612709890,104,105
0022300513,22023,2024-01-09,1610612753,1610612750,92,113
0022300516,22023,2024-01-09,1610612747,1610612761,132,131
2022300080,22023,2024-01-09,1612709926,1612709904,105,114
0022300512,22023,2024-01-09,1610612765,1610612758,110,131
2022300081,22023,2024-01-09,1612709889,1612709908,108,110
2022300079,22023,2024-01-09,1612709920,1612709918,130,149
0022300515,22023,2024-01-09,1610612742,1610612763,103,120
0022300514,22023,2024-01-09,1610612752,1610612757,112,84
0022300507,22023,2024-01-08,1610612754,1610612738,133,131
0022300506,22023,2024-01-08,1610612766,1610612741,112,119
2022300077,22023,2024-01-08,1612709905,1612709924,120,115
0022300509,22023,2024-01-08,1610612748,1610612745,120,113
0022300510,22023,2024-01-08,1610612749,1610612762,116,132
2022300076,22023,2024-01-08,1612709927,1612709914,81,107
2022300074,22023,2024-01-08,1612709921,1612709915,115,110
0022300508,22023,2024-01-08,1610612764,1610612760,128,136
2022300075,22023,2024-01-08,1612709919,1612709928,123,122
0022300511,22023,2024-01-08,1610612746,1610612756,138,111
2022300069,22023,2024-01-07,1612709917,1612709925,116,111
2022300071,22023,2024-01-07,1612709931,1612709933,110,118
0022300499,22023,2024-01-07,1610612753,1610612737,117,110
0022300503,22023,2024-01-07,1610612756,1610612763,115,121
2022300073,22023,2024-01-07,1612709924,1612709889,119,94
2022300070,22023,2024-01-07,1612709904,1612709903,138,130
0022300505,22023,2024-01-07,1610612747,1610612746,106,103
0022300502,22023,2024-01-07,1610612743,1610612765,131,114
0022300504,22023,2024-01-07,1610612744,1610612761,118,133
0022300500,22023,2024-01-07,1610612758,1610612740,100,133
2022300072,22023,2024-01-07,1612709930,1612709890,80,114
0022300501,22023,2024-01-07,1610612742,1610612750,115,108
0022300497,22023,2024-01-07,1610612739,1610612759,117,115
0022300498,22023,2024-01-07,1610612751,1610612757,127,134
2022300061,22023,2024-01-06,1612709909,1612709919,108,118
2022300063,22023,2024-01-06,1612709893,1612709902,116,104
0022300493,22023,2024-01-06,1610612754,1610612738,101,118
2022300064,22023,2024-01-06,1612709931,1612709933,132,124
2022300067,22023,2024-01-06,1612709908,1612709926,131,113
2022300068,22023,2024-01-06,1612709918,1612709932,107,92
2022300066,22023,2024-01-06,1612709927,1612709922,97,84
2022300065,22023,2024-01-06,1612709923,1612709914,130,114
0022300494,22023,2024-01-06,1610612764,1610612752,105,121
0022300495,22023,2024-01-06,1610612755,1610612762,109,120
0022300496,22023,2024-01-06,1610612745,1610612749,112,108
2022300062,22023,2024-01-06,1612709929,1612709920,105,101
0022300482,22023,2024-01-05,1610612739,1610612764,114,90
2022300057,22023,2024-01-05,1612709923,1612709914,104,114
0022300484,22023,2024-01-05,1610612741,1610612766,104,91
2022300058,22023,2024-01-05,1612709927,1612709922,124,111
0022300485,22023,2024-01-05,1610612745,1610612750,95,122
2022300054,22023,2024-01-05,1612709917,1612709925,129,118
0022300483,22023,2024-01-05,1610612755,1610612752,92,128
2022300055,22023,2024-01-05,1612709915,1612709928,113,119
0022300480,22023,2024-01-05,1610612754,1610612737,150,116
0022300490,22023,2024-01-05,1610612744,1610612765,113,109
2022300056,22023,2024-01-05,1612709913,1612709904,116,121
0022300486,22023,2024-01-05,1610612740,1610612746,95,111
0022300491,22023,2024-01-05,1610612747,1610612763,113,127
0022300488,22023,2024-01-05,1610612743,1610612753,120,122
2022300060,22023,2024-01-05,1612709930,1612709889,115,125
2022300053,22023,2024-01-05,1612709909,1612709919,128,121
0022300479,22023,2024-01-05,1610612738,1610612762,126,97
0022300481,22023,2024-01-05,1610612751,1610612760,124,115
0022300487,22023,2024-01-05,1610612742,1610612757,139,103
0022300492,22023,2024-01-05,1610612758,1610612761,135,130
2022300059,22023,2024-01-05,1612709908,1612709926,118,113
0022300489,22023,2024-01-05,1610612756,1610612748,113,97
0022300477,22023,2024-01-04,1610612759,1610612749,121,125
2022300050,22023,2024-01-04,1612709929,1612709920,109,89
0022300478,22023,2024-01-04,1610612744,1610612743,127,130
2022300051,22023,2024-01-04,1612709903,1612709933,122,126
2022300049,22023,2024-01-04,1612709910,1612709902,137,130
2022300052,22023,2024-01-04,1612709924,1612709890,103,106
0022300474,22023,2024-01-03,1610612762,1610612765,154,148
0022300473,22023,2024-01-03,1610612756,1610612746,122,131
2022300048,22023,2024-01-03,1612709889,1612709905,117,120
0022300475,22023,2024-01-03,1610612747,1610612748,96,110
2022300046,22023,2024-01-03,1612709921,1612709919,122,114
0022300466,22023,2024-01-03,1610612754,1610612749,142,130
0022300470,22023,2024-01-03,1610612763,1610612761,111,116
2022300045,22023,2024-01-03,1612709917,1612709913,137,115
0022300471,22023,2024-01-03,1610612750,1610612740,106,117
0022300468,22023,2024-01-03,1610612752,1610612741,116,100
2022300047,22023,2024-01-03,1612709911,1612709926,132,136
0022300465,22023,2024-01-03,1610612739,1610612764,140,101
0022300469,22023,2024-01-03,1610612745,1610612751,112,101
0022300476,22023,2024-01-03,1610612758,1610612753,138,135
0022300472,22023,2024-01-03,1610612742,1610612757,126,97
0022300467,22023,2024-01-03,1610612737,1610612760,141,138
2022300039,22023,2024-01-02,1612709910,1612709902,106,109
0022300464,22023,2024-01-02,1610612758,1610612766,104,111
0022300461,22023,2024-01-02,1610612740,1610612751,112,85
2022300042,22023,2024-01-02,1612709932,1612709922,127,109
2022300038,22023,2024-01-02,1612709889,1612709905,113,114
0022300459,22023,2024-01-02,1610612755,1610612741,110,97
0022300462,22023,2024-01-02,1610612760,1610612738,127,123
2022300041,22023,2024-01-02,1612709917,1612709913,113,147
0022300463,22023,2024-01-02,1610612744,1610612753,121,115
2022300043,22023,2024-01-02,1612709904,1612709930,126,103
2022300044,22023,2024-01-02,1612709924,1612709890,108,114
0022300460,22023,2024-01-02,1610612763,1610612759,106,98
2022300040,22023,2024-01-02,1612709893,1612709903,113,126
0022300454,22023,2024-01-01,1610612749,1610612754,113,122
0022300455,22023,2024-01-01,1610612743,1610612766,111,93
0022300452,22023,2024-01-01,1610612761,1610612739,124,121
2022300037,22023,2024-01-01,1612709911,1612709926,134,138
0022300453,22023,2024-01-01,1610612745,1610612765,136,113
0022300458,22023,2024-01-01,1610612746,1610612748,121,104
0022300457,22023,2024-01-01,1610612762,1610612742,127,90
0022300456,22023,2024-01-01,1610612756,1610612757,109,88
0022300451,22023,2024-01-01,1610612752,1610612750,112,106
2022300033,22023,2023-12-31,1612709915,1612709917,108,112
2022300036,22023,2023-12-31,1612709933,1612709909,117,130
0022300446,22023,2023-12-31,1610612740,1610612747,129,109
0022300450,22023,2023-12-31,1610612756,1610612753,112,107
0022300447,22023,2023-12-31,1610612760,1610612751,124,108
0022300448,22023,2023-12-31,1610612759,1610612738,101,134
2022300034,22023,2023-12-31,1612709911,1612709929,99,113
2022300035,22023,2023-12-31,1612709904,1612709930,126,110
2022300032,22023,2023-12-31,1612709910,1612709913,132,127
0022300445,22023,2023-12-31,1610612764,1610612737,126,130
0022300449,22023,2023-12-31,1610612763,1610612758,92,123
2022300030,22023,2023-12-30,1612709914,1612709903,104,100
0022300443,22023,2023-12-30,1610612750,1610612747,108,106
2022300031,22023,2023-12-30,1612709918,1612709905,121,110
0022300444,22023,2023-12-30,1610612744,1610612742,122,132
2022300024,22023,2023-12-30,1612709922,1612709923,111,110
2022300026,22023,2023-12-30,1612709928,1612709932,124,119
2022300025,22023,2023-12-30,1612709920,1612709927,94,104
0022300440,22023,2023-12-30,1610612765,1610612761,129,127
2022300029,22023,2023-12-30,1612709919,1612709925,130,138
0022300439,22023,2023-12-30,1610612762,1610612748,117,109
2022300028,22023,2023-12-30,1612709893,1612709921,105,147
0022300442,22023,2023-12-30,1610612741,1610612755,105,92
2022300027,22023,2023-12-30,1612709933,1612709909,126,122
0022300441,22023,2023-12-30,1610612754,1610612752,140,126
0022300432,22023,2023-12-29,1610612738,1610612761,120,118
0022300434,22023,2023-12-29,1610612745,1610612755,127,131
2022300017,22023,2023-12-29,1612709893,1612709921,123,122
0022300433,22023,2023-12-29,1610612739,1610612749,111,119
0022300430,22023,2023-12-29,1610612764,1610612751,110,104
2022300023,22023,2023-12-29,1612709902,1612709904,112,123
2022300019,22023,2023-12-29,1612709919,1612709917,115,119
2022300018,22023,2023-12-29,1612709910,1612709913,122,119
2022300022,22023,2023-12-29,1612709908,1612709930,112,105
2022300021,22023,2023-12-29,1612709889,1612709915,103,114
2022300020,22023,2023-12-29,1612709911,1612709929,100,114
0022300436,22023,2023-12-29,1610612756,1610612766,133,119
0022300438,22023,2023-12-29,1610612746,1610612763,117,106
0022300437,22023,2023-12-29,1610612757,1610612759,134,128
0022300431,22023,2023-12-29,1610612737,1610612758,110,117
0022300435,22023,2023-12-29,1610612743,1610612760,93,119
0022300429,22023,2023-12-29,1610612753,1610612752,117,108
2022300011,22023,2023-12-28,1612709890,1612709905,118,117
0022300426,22023,2023-12-28,1610612744,1610612748,102,114
2022300012,22023,2023-12-28,1612709908,1612709930,115,109
2022300016,22023,2023-12-28,1612709914,1612709933,113,106
0022300423,22023,2023-12-28,1610612750,1610612742,118,110
2022300010,22023,2023-12-28,1612709932,1612709923,114,112
0022300427,22023,2023-12-28,1610612757,1610612759,105,118
0022300422,22023,2023-12-28,1610612741,1610612754,104,120
2022300013,22023,2023-12-28,1612709931,1612709918,111,112
2022300015,22023,2023-12-28,1612709902,1612709904,102,105
0022300425,22023,2023-12-28,1610612743,1610612763,142,105
2022300014,22023,2023-12-28,1612709903,1612709924,111,121
0022300421,22023,2023-12-28,1610612738,1610612765,128,122
0022300424,22023,2023-12-28,1610612740,1610612762,112,105
2022300009,22023,2023-12-28,1612709928,1612709920,143,109
0022300428,22023,2023-12-28,1610612747,1610612766,133,112
0022300415,22023,2023-12-27,1610612753,1610612755,92,112
2022300006,22023,2023-12-27,1612709932,1612709923,121,116
2022300004,22023,2023-12-27,1612709909,1612709928,134,126
2022300001,22023,2023-12-27,1612709889,1612709915,111,117
0022300417,22023,2023-12-27,1610612751,1610612749,122,144
2022300002,22023,2023-12-27,1612709921,1612709927,82,114
2022300003,22023,2023-12-27,1612709910,1612709926,132,123
2022300007,22023,2023-12-27,1612709919,1612709920,105,140
0022300416,22023,2023-12-27,1610612764,1610612761,102,132
0022300419,22023,2023-12-27,1610612760,1610612752,129,120
0022300420,22023,2023-12-27,1610612742,1610612739,110,113
0022300418,22023,2023-12-27,1610612745,1610612756,113,129
2022300005,22023,2023-12-27,1612709922,1612709929,113,101
2022300008,22023,2023-12-27,1612709931,1612709918,120,114
0022300406,22023,2023-12-26,1610612765,1610612751,112,118
0022300407,22023,2023-12-26,1610612764,1610612753,119,127
0022300408,22023,2023-12-26,1610612741,1610612737,118,113
0022300410,22023,2023-12-26,1610612740,1610612763,115,116
0022300414,22023,2023-12-26,1610612746,1610612766,113,104
0022300411,22023,2023-12-26,1610612760,1610612750,129,106
0022300409,22023,2023-12-26,1610612745,1610612754,117,123
0022300413,22023,2023-12-26,1610612757,1610612758,130,113
0022300412,22023,2023-12-26,1610612759,1610612762,118,130
0022300405,22023,2023-12-25,1610612756,1610612742,114,128
0022300404,22023,2023-12-25,1610612748,1610612755,119,113
0022300403,22023,2023-12-25,1610612747,1610612738,115,126
0022300402,22023,2023-12-25,1610612743,1610612744,120,114
0022300401,22023,2023-12-25,1610612752,1610612749,129,122
0022300391,22023,2023-12-23,1610612754,1610612753,110,117
0022300399,22023,2023-12-23,1610612744,1610612757,126,106
0022300395,22023,2023-12-23,1610612761,1610612762,119,126
0022300392,22023,2023-12-23,1610612740,1610612745,104,106
0022300397,22023,2023-12-23,1610612760,1610612747,120,129
0022300394,22023,2023-12-23,1610612751,1610612765,126,115
0022300393,22023,2023-12-23,1610612737,1610612763,119,125
0022300388,22023,2023-12-23,1610612752,1610612749,111,130
0022300389,22023,2023-12-23,1610612746,1610612738,108,145
0022300400,22023,2023-12-23,1610612758,1610612750,98,110
0022300390,22023,2023-12-23,1610612766,1610612743,95,102
0022300396,22023,2023-12-23,1610612741,1610612739,95,109
0022300398,22023,2023-12-23,1610612742,1610612759,144,119
2052300248,52023,2023-12-22,1612709923,1612709914,94,99
2052300244,52023,2023-12-22,1612709893,1612709889,103,121
2052300242,52023,2023-12-22,1612709920,1612709926,113,98
0022300386,22023,2023-12-22,1610612744,1610612764,129,118
0022300384,22023,2023-12-22,1610612748,1610612737,122,113
2052300243,52023,2023-12-22,1612709921,1612709911,115,105
2052300249,52023,2023-12-22,1612709910,1612709919,99,107
2052300246,52023,2023-12-22,1612709925,1612709904,133,116
0022300382,22023,2023-12-22,1610612755,1610612761,121,111
0022300385,22023,2023-12-22,1610612745,1610612742,122,96
2052300245,52023,2023-12-22,1612709903,1612709922,102,106
2052300247,52023,2023-12-22,1612709927,1612709918,103,121
0022300387,22023,2023-12-22,1610612758,1610612756,120,105
0022300383,22023,2023-12-22,1610612751,1610612743,117,122
2052300241,52023,2023-12-21,1612709924,1612709928,128,103
0022300375,22023,2023-12-21,1610612739,1610612740,104,123
0022300377,22023,2023-12-21,1610612763,1610612754,116,103
0022300376,22023,2023-12-21,1610612741,1610612759,114,95
0022300374,22023,2023-12-21,1610612765,1610612762,111,119
2052300240,52023,2023-12-21,1612709917,1612709930,113,90
0022300378,22023,2023-12-21,1610612749,1610612753,118,114
2052300235,52023,2023-12-21,1612709910,1612709929,106,104
0022300381,22023,2023-12-21,1610612757,1610612764,117,118
0022300380,22023,2023-12-21,1610612750,1610612747,118,111
2052300237,52023,2023-12-21,1612709908,1612709933,103,117
2052300239,52023,2023-12-21,1612709913,1612709914,112,107
0022300379,22023,2023-12-21,1610612760,1610612746,134,115
2052300238,52023,2023-12-21,1612709905,1612709909,128,126
2052300234,52023,2023-12-21,1612709919,1612709902,127,114
2052300236,52023,2023-12-21,1612709932,1612709931,100,115
0022300372,22023,2023-12-20,1610612742,1610612746,111,120
0022300368,22023,2023-12-20,1610612751,1610612752,102,121
0022300369,22023,2023-12-20,1610612761,1610612743,104,113
2052300230,52023,2023-12-20,1612709921,1612709890,100,114
0022300364,22023,2023-12-20,1610612739,1610612762,124,116
0022300373,22023,2023-12-20,1610612758,1610612738,119,144
0022300365,22023,2023-12-20,1610612754,1610612766,144,113
2052300233,52023,2023-12-20,1612709915,1612709903,99,122
2052300228,52023,2023-12-20,1612709926,1612709908,106,114
2052300229,52023,2023-12-20,1612709909,1612709918,133,129
0022300366,22023,2023-12-20,1610612753,1610612748,106,115
2052300226,52023,2023-12-20,1612709930,1612709893,88,100
0022300371,22023,2023-12-20,1610612745,1610612737,127,134
0022300367,22023,2023-12-20,1610612755,1610612750,127,113
0022300370,22023,2023-12-20,1610612741,1610612747,124,108
2052300232,52023,2023-12-20,1612709911,1612709922,121,92
2052300231,52023,2023-12-20,1612709889,1612709927,117,116
2052300227,52023,2023-12-20,1612709917,1612709923,103,87
2052300221,52023,2023-12-19,1612709919,1612709931,114,104
2052300218,52023,2023-12-19,1612709910,1612709928,113,102
2052300220,52023,2023-12-19,1612709902,1612709932,116,112
0022300360,22023,2023-12-19,1610612740,1610612763,113,115
2052300219,52023,2023-12-19,1612709890,1612709915,121,116
2052300225,52023,2023-12-19,1612709924,1612709929,87,100
2052300222,52023,2023-12-19,1612709933,1612709913,109,116
2052300223,52023,2023-12-19,1612709904,1612709920,110,129
0022300361,22023,2023-12-19,1610612749,1610612759,132,119
0022300363,22023,2023-12-19,1610612757,1610612756,109,104
0022300362,22023,2023-12-19,1610612744,1610612738,132,126
2052300224,52023,2023-12-19,1612709905,1612709925,113,121
0022300355,22023,2023-12-18,1610612760,1610612763,116,97
0022300350,22023,2023-12-18,1610612754,1610612746,127,151
0022300354,22023,2023-12-18,1610612761,1610612766,114,99
0022300352,22023,2023-12-18,1610612737,1610612765,130,124
0022300353,22023,2023-12-18,1610612748,1610612750,108,112
0022300351,22023,2023-12-18,1610612755,1610612741,104,108
0022300349,22023,2023-12-18,1610612739,1610612745,135,130
0022300357,22023,2023-12-18,1610612762,1610612751,125,108
0022300359,22023,2023-12-18,1610612747,1610612752,109,114
0022300358,22023,2023-12-18,1610612758,1610612764,143,131
0022300356,22023,2023-12-18,1610612743,1610612742,130,104
0022300345,22023,2023-12-17,1610612759,1610612740,110,146
2052300215,52023,2023-12-17,1612709928,1612709919,116,98
0022300344,22023,2023-12-17,1610612738,1610612753,114,97
2052300216,52023,2023-12-17,1612709890,1612709908,127,126
0022300346,22023,2023-12-17,1610612749,1610612745,128,119
2052300217,52023,2023-12-17,1612709923,1612709932,102,104
0022300347,22023,2023-12-17,1610612756,1610612764,112,108
0022300348,22023,2023-12-17,1610612757,1610612744,114,118
2052300214,52023,2023-12-16,1612709902,1612709914,121,112
0022300341,22023,2023-12-16,1610612757,1610612742,120,131
0022300335,22023,2023-12-16,1610612766,1610612755,82,135
0022300343,22023,2023-12-16,1610612746,1610612752,144,122
0022300334,22023,2023-12-16,1610612749,1610612765,146,114
0022300340,22023,2023-12-16,1610612743,1610612760,117,118
2052300212,52023,2023-12-16,1612709927,1612709917,83,121
2052300210,52023,2023-12-16,1612709915,1612709929,91,99
0022300342,22023,2023-12-16,1610612758,1610612762,125,104
0022300339,22023,2023-12-16,1610612744,1610612751,124,120
2052300211,52023,2023-12-16,1612709925,1612709931,130,108
2052300208,52023,2023-12-16,1612709909,1612709921,117,125
0022300337,22023,2023-12-16,1610612748,1610612741,118,116
0022300336,22023,2023-12-16,1610612739,1610612737,127,119
0022300338,22023,2023-12-16,1610612750,1610612754,127,109
2052300209,52023,2023-12-16,1612709905,1612709924,121,127
2052300213,52023,2023-12-16,1612709903,1612709930,114,112
2052300206,52023,2023-12-15,1612709923,1612709904,117,99
0022300332,22023,2023-12-15,1610612763,1610612745,96,103
2052300207,52023,2023-12-15,1612709927,1612709917,114,111
0022300328,22023,2023-12-15,1610612764,1610612754,137,123
0022300331,22023,2023-12-15,1610612759,1610612747,129,115
0022300327,22023,2023-12-15,1610612755,1610612765,124,92
0022300333,22023,2023-12-15,1610612756,1610612752,122,139
2052300201,52023,2023-12-15,1612709928,1612709919,111,118
0022300326,22023,2023-12-15,1610612766,1610612740,107,112
2052300203,52023,2023-12-15,1612709925,1612709913,119,122
0022300330,22023,2023-12-15,1610612761,1610612737,104,125
0022300329,22023,2023-12-15,1610612738,1610612753,128,111
2052300204,52023,2023-12-15,1612709911,1612709893,136,113
2052300202,52023,2023-12-15,1612709915,1612709929,97,89
2052300205,52023,2023-12-15,1612709926,1612709890,117,116
2052300200,52023,2023-12-15,1612709910,1612709932,148,121
0022300322,22023,2023-12-14,1610612743,1610612751,124,101
0022300324,22023,2023-12-14,1610612758,1610612760,128,123
0022300319,22023,2023-12-14,1610612738,1610612739,116,107
2052300198,52023,2023-12-14,1612709930,1612709933,110,105
0022300321,22023,2023-12-14,1610612742,1610612750,101,119
0022300323,22023,2023-12-14,1610612757,1610612762,114,122
0022300325,22023,2023-12-14,1610612746,1610612744,121,113
2052300196,52023,2023-12-14,1612709920,1612709909,120,125
2052300197,52023,2023-12-14,1612709911,1612709893,118,115
2052300199,52023,2023-12-14,1612709905,1612709902,112,130
0022300320,22023,2023-12-14,1610612748,1610612741,116,124
0022300313,22023,2023-12-13,1610612761,1610612737,135,128
0022300316,22023,2023-12-13,1610612759,1610612747,119,122
2052300195,52023,2023-12-13,1612709931,1612709889,112,117
0022300315,22023,2023-12-13,1610612749,1610612754,140,126
0022300318,22023,2023-12-13,1610612762,1610612752,117,113
2052300193,52023,2023-12-13,1612709929,1612709922,114,73
2052300191,52023,2023-12-13,1612709925,1612709913,116,118
0022300310,22023,2023-12-13,1610612765,1610612755,111,129
0022300314,22023,2023-12-13,1610612745,1610612763,117,104
0022300311,22023,2023-12-13,1610612764,1610612740,122,142
2052300194,52023,2023-12-13,1612709921,1612709928,106,110
0022300317,22023,2023-12-13,1610612756,1610612751,112,116
2052300192,52023,2023-12-13,1612709910,1612709927,110,102
0022300312,22023,2023-12-13,1610612748,1610612766,115,104
0022300307,22023,2023-12-12,1610612741,1610612743,106,114
0022300306,22023,2023-12-12,1610612742,1610612747,127,125
0022300309,22023,2023-12-12,1610612746,1610612758,119,99
2052300190,52023,2023-12-12,1612709914,1612709903,106,112
2052300188,52023,2023-12-12,1612709920,1612709909,122,104
2052300189,52023,2023-12-12,1612709905,1612709902,126,130
0022300305,22023,2023-12-12,1610612738,1610612739,120,113
2052300184,52023,2023-12-12,1612709932,1612709904,106,110
2052300187,52023,2023-12-12,1612709921,1612709928,108,104
2052300185,52023,2023-12-12,1612709908,1612709918,124,120
0022300308,22023,2023-12-12,1610612756,1610612744,119,116
2052300186,52023,2023-12-12,1612709930,1612709933,108,106
0022300295,22023,2023-12-11,1610612755,1610612764,146,101
0022300301,22023,2023-12-11,1610612740,1610612750,121,107
2052300182,52023,2023-12-11,1612709910,1612709927,110,101
0022300298,22023,2023-12-11,1610612745,1610612759,93,82
0022300302,22023,2023-12-11,1610612760,1610612762,134,120
0022300296,22023,2023-12-11,1610612737,1610612743,122,129
0022300303,22023,2023-12-11,1610612758,1610612751,131,118
0022300292,22023,2023-12-11,1610612766,1610612748,114,116
2052300183,52023,2023-12-11,1612709913,1612709926,102,99
0022300300,22023,2023-12-11,1610612749,1610612741,133,129
0022300294,22023,2023-12-11,1610612753,1610612739,104,94
0022300293,22023,2023-12-11,1610612765,1610612754,123,131
0022300299,22023,2023-12-11,1610612763,1610612742,113,120
0022300297,22023,2023-12-11,1610612752,1610612761,136,130
0022300304,22023,2023-12-11,1610612746,1610612757,132,127
2052300181,52023,2023-12-10,1612709924,1612709905,126,127
2052300178,52023,2023-12-10,1612709931,1612709889,111,96
2052300176,52023,2023-12-10,1612709917,1612709911,123,102
2052300180,52023,2023-12-10,1612709923,1612709932,113,115
2052300175,52023,2023-12-10,1612709919,1612709921,117,100
2052300177,52023,2023-12-10,1612709918,1612709890,115,111
2052300179,52023,2023-12-10,1612709902,1612709903,105,110
2052300174,52023,2023-12-10,1612709915,1612709920,130,112
2052300168,52023,2023-12-09,1612709909,1612709922,139,119
2052300171,52023,2023-12-09,1612709893,1612709910,117,146
2052300169,52023,2023-12-09,1612709923,1612709927,110,102
2052300173,52023,2023-12-09,1612709918,1612709890,122,124
2052300170,52023,2023-12-09,1612709933,1612709914,103,100
0062300001,62023,2023-12-09,1610612747,1610612754,123,109
2052300172,52023,2023-12-09,1612709913,1612709908,99,132
0022301217,22023,2023-12-08,1610612753,1610612765,123,91
0022301226,22023,2023-12-08,1610612757,1610612742,112,125
2052300164,52023,2023-12-08,1612709913,1612709908,109,90
0022301224,22023,2023-12-08,1610612743,1610612745,106,114
2052300167,52023,2023-12-08,1612709930,1612709902,118,153
0022301219,22023,2023-12-08,1610612751,1610612764,124,97
0022301216,22023,2023-12-08,1610612766,1610612761,119,116
0022301228,22023,2023-12-08,1610612756,1610612758,106,114
0022301221,22023,2023-12-08,1610612763,1610612750,103,127
2052300166,52023,2023-12-08,1612709917,1612709911,109,119
0022301223,22023,2023-12-08,1610612759,1610612741,112,121
2052300165,52023,2023-12-08,1612709889,1612709925,114,135
0022301220,22023,2023-12-08,1610612748,1610612739,99,111
0022301218,22023,2023-12-08,1610612755,1610612737,125,114
0022301227,22023,2023-12-08,1610612738,1610612752,133,123
0022301225,22023,2023-12-08,1610612762,1610612746,103,117
0022301222,22023,2023-12-08,1610612760,1610612744,138,136
2052300158,52023,2023-12-07,1612709893,1612709910,100,116
2052300159,52023,2023-12-07,1612709921,1612709920,133,124
0022301229,22023,2023-12-07,1610612749,1610612754,119,128
2052300160,52023,2023-12-07,1612709915,1612709909,135,109
2052300163,52023,2023-12-07,1612709924,1612709903,113,122
2052300161,52023,2023-12-07,1612709926,1612709918,97,101
0022301230,22023,2023-12-07,1610612747,1610612740,133,89
2052300157,52023,2023-12-07,1612709928,1612709922,139,107
2052300162,52023,2023-12-07,1612709933,1612709914,103,99
2052300152,52023,2023-12-06,1612709919,1612709920,121,109
2052300153,52023,2023-12-06,1612709889,1612709908,128,126
0022301206,22023,2023-12-06,1610612765,1610612763,102,116
0022301211,22023,2023-12-06,1610612741,1610612766,111,100
0022301212,22023,2023-12-06,1610612745,1610612760,110,101
0022301213,22023,2023-12-06,1610612742,1610612762,147,97
2052300156,52023,2023-12-06,1612709904,1612709917,123,112
0022301210,22023,2023-12-06,1610612750,1610612759,102,94
0022301209,22023,2023-12-06,1610612737,1610612751,113,114
0022301207,22023,2023-12-06,1610612761,1610612748,103,112
0022301214,22023,2023-12-06,1610612744,1610612757,110,106
0022301205,22023,2023-12-06,1610612739,1610612753,121,111
0022301215,22023,2023-12-06,1610612746,1610612743,111,102
0022301208,22023,2023-12-06,1610612764,1610612755,126,131
2052300155,52023,2023-12-06,1612709915,1612709909,109,112
2052300154,52023,2023-12-06,1612709921,1612709929,119,118
2052300146,52023,2023-12-05,1612709925,1612709918,112,116
2052300150,52023,2023-12-05,1612709930,1612709914,103,91
2052300147,52023,2023-12-05,1612709927,1612709923,96,123
2052300145,52023,2023-12-05,1612709932,1612709893,111,100
2052300151,52023,2023-12-05,1612709924,1612709902,119,109
2052300149,52023,2023-12-05,1612709931,1612709890,119,108
2052300143,52023,2023-12-05,1612709922,1612709928,105,104
0022301203,22023,2023-12-05,1610612747,1610612756,106,103
2052300144,52023,2023-12-05,1612709889,1612709913,128,113
0022301201,22023,2023-12-05,1610612749,1610612752,146,122
2052300148,52023,2023-12-05,1612709904,1612709910,105,142
0022301202,22023,2023-12-04,1610612754,1610612738,122,112
2052300142,52023,2023-12-04,1612709924,1612709905,123,109
0022301204,22023,2023-12-04,1610612758,1610612740,117,127
2052300141,52023,2023-12-04,1612709929,1612709921,115,112
2052300139,52023,2023-12-03,1612709911,1612709910,106,116
2052300140,52023,2023-12-03,1612709931,1612709890,155,109
2052300135,52023,2023-12-03,1612709929,1612709919,92,90
2052300138,52023,2023-12-03,1612709889,1612709913,114,109
2052300137,52023,2023-12-03,1612709917,1612709923,92,102
2052300136,52023,2023-12-03,1612709928,1612709915,99,103
2052300130,52023,2023-12-02,1612709911,1612709910,101,120
0022300285,22023,2023-12-02,1610612741,1610612740,124,118
0022300281,22023,2023-12-02,1610612766,1610612750,117,123
0022300282,22023,2023-12-02,1610612751,1610612753,129,101
0022300287,22023,2023-12-02,1610612742,1610612760,120,126
2052300131,52023,2023-12-02,1612709918,1612709926,109,110
2052300129,52023,2023-12-02,1612709917,1612709923,134,103
0022300286,22023,2023-12-02,1610612749,1610612737,132,121
0022300283,22023,2023-12-02,1610612765,1610612739,101,110
0022300289,22023,2023-12-02,1610612762,1610612757,118,113
2052300134,52023,2023-12-02,1612709914,1612709930,93,100
0022300291,22023,2023-12-02,1610612747,1610612745,107,97
0022300284,22023,2023-12-02,1610612748,1610612754,129,144
0022300280,22023,2023-12-02,1610612746,1610612744,113,112
2052300128,52023,2023-12-02,1612709909,1612709922,123,113
2052300133,52023,2023-12-02,1612709902,1612709933,95,102
0022300290,22023,2023-12-02,1610612758,1610612743,123,117
0022300288,22023,2023-12-02,1610612756,1610612763,116,109
2052300132,52023,2023-12-02,1612709903,1612709905,118,127
0022300278,22023,2023-12-01,1610612740,1610612759,121,106
0022300276,22023,2023-12-01,1610612761,1610612752,106,119
2052300125,52023,2023-12-01,1612709903,1612709905,123,138
2052300126,52023,2023-12-01,1612709902,1612709933,103,90
2052300121,52023,2023-12-01,1612709893,1612709904,109,113
2052300123,52023,2023-12-01,1612709890,1612709913,124,120
0022300277,22023,2023-12-01,1610612742,1610612763,94,108
2052300127,52023,2023-12-01,1612709914,1612709930,110,103
0022300274,22023,2023-12-01,1610612753,1610612764,130,125
2052300119,52023,2023-12-01,1612709929,1612709919,79,82
0022300279,22023,2023-12-01,1610612756,1610612743,111,119
2052300120,52023,2023-12-01,1612709920,1612709915,125,114
2052300122,52023,2023-12-01,1612709932,1612709927,122,131
2052300124,52023,2023-12-01,1612709908,1612709931,110,104
0022300275,22023,2023-12-01,1610612738,1610612755,125,119
0022300269,22023,2023-11-30,1610612741,1610612749,120,113
0022300266,22023,2023-11-30,1610612751,1610612766,128,129
0022300267,22023,2023-11-30,1610612748,1610612754,142,132
0022300272,22023,2023-11-30,1610612759,1610612737,135,137
0022300271,22023,2023-11-30,1610612760,1610612747,133,110
0022300273,22023,2023-11-30,1610612744,1610612746,120,114
2052300118,52023,2023-11-30,1612709908,1612709931,109,111
0022300265,22023,2023-11-30,1610612739,1610612757,95,103
0022300270,22023,2023-11-30,1610612750,1610612762,101,90
2052300116,52023,2023-11-30,1612709932,1612709927,137,108
2052300117,52023,2023-11-30,1612709925,1612709926,115,98
0022300268,22023,2023-11-30,1610612752,1610612765,118,112
0022300263,22023,2023-11-29,1610612743,1610612745,134,124
2052300113,52023,2023-11-29,1612709909,1612709921,119,104
0022300258,22023,2023-11-29,1610612765,1610612747,107,133
2052300112,52023,2023-11-29,1612709929,1612709922,106,79
2052300115,52023,2023-11-29,1612709924,1612709903,89,106
0022300259,22023,2023-11-29,1610612753,1610612764,139,120
0022300262,22023,2023-11-29,1610612740,1610612755,124,114
2052300111,52023,2023-11-29,1612709893,1612709917,115,90
0022300261,22023,2023-11-29,1610612763,1610612762,105,91
0022300260,22023,2023-11-29,1610612761,1610612756,112,105
2052300114,52023,2023-11-29,1612709919,1612709915,110,85
0022300264,22023,2023-11-29,1610612758,1610612746,117,131
2052300109,52023,2023-11-28,1612709889,1612709925,115,122
0022300056,22023,2023-11-28,1610612748,1610612749,124,131
2052300108,52023,2023-11-28,1612709926,1612709890,101,130
2052300110,52023,2023-11-28,1612709908,1612709918,123,114
0022300054,22023,2023-11-28,1610612751,1610612761,115,103
0022300055,22023,2023-11-28,1610612739,1610612737,128,105
0022300060,22023,2023-11-28,1610612758,1610612744,124,123
0022300059,22023,2023-11-28,1610612742,1610612745,121,115
0022300053,22023,2023-11-28,1610612738,1610612741,124,97
0022300058,22023,2023-11-28,1610612750,1610612760,106,103
2052300107,52023,2023-11-28,1612709932,1612709904,127,145
0022300057,22023,2023-11-28,1610612752,1610612766,115,91
2052300106,52023,2023-11-28,1612709910,1612709923,131,97
0022300253,22023,2023-11-27,1610612765,1610612764,107,126
0022300257,22023,2023-11-27,1610612746,1610612743,104,113
0022300254,22023,2023-11-27,1610612754,1610612757,110,114
2052300103,52023,2023-11-27,1612709924,1612709902,123,99
2052300104,52023,2023-11-27,1612709893,1612709917,102,92
0022300256,22023,2023-11-27,1610612762,1610612740,114,112
2052300105,52023,2023-11-27,1612709920,1612709928,113,123
0022300255,22023,2023-11-27,1610612755,1610612747,138,94
0022300251,22023,2023-11-26,1610612739,1610612761,105,102
2052300100,52023,2023-11-26,1612709890,1612709925,116,123
0022300246,22023,2023-11-26,1610612738,1610612737,113,103
0022300248,22023,2023-11-26,1610612753,1610612766,130,117
0022300252,22023,2023-11-26,1610612743,1610612759,132,120
0022300249,22023,2023-11-26,1610612763,1610612750,97,119
2052300098,52023,2023-11-26,1612709913,1612709926,112,129
2052300102,52023,2023-11-26,1612709905,1612709930,150,126
0022300250,22023,2023-11-26,1610612751,1610612741,118,109
0022300247,22023,2023-11-26,1610612752,1610612756,113,116
2052300101,52023,2023-11-26,1612709933,1612709903,89,102
0022300245,22023,2023-11-26,1610612749,1610612757,108,102
2052300099,52023,2023-11-26,1612709904,1612709911,86,103
2052300092,52023,2023-11-25,1612709922,1612709919,100,109
2052300089,52023,2023-11-25,1612709920,1612709928,101,115
0022300244,22023,2023-11-25,1610612746,1610612742,107,88
0022300241,22023,2023-11-25,1610612764,1610612737,108,136
2052300091,52023,2023-11-25,1612709917,1612709910,99,109
2052300097,52023,2023-11-25,1612709918,1612709931,84,117
2052300093,52023,2023-11-25,1612709904,1612709911,102,97
0022300242,22023,2023-11-25,1610612739,1610612747,115,121
2052300095,52023,2023-11-25,1612709914,1612709924,107,102
2052300094,52023,2023-11-25,1612709905,1612709930,134,100
2052300096,52023,2023-11-25,1612709908,1612709889,127,103
2052300090,52023,2023-11-25,1612709909,1612709929,106,94
0022300240,22023,2023-11-25,1610612751,1610612748,112,97
0022300239,22023,2023-11-25,1610612760,1610612755,123,127
0022300243,22023,2023-11-25,1610612762,1610612740,105,100
0022300049,22023,2023-11-24,1610612749,1610612764,131,128
0022300045,22023,2023-11-24,1610612752,1610612748,100,98
0022300047,22023,2023-11-24,1610612754,1610612765,136,113
2052300085,52023,2023-11-24,1612709890,1612709889,101,113
2052300088,52023,2023-11-24,1612709914,1612709924,76,126
0022300052,22023,2023-11-24,1610612746,1610612740,106,116
0022300051,22023,2023-11-24,1610612744,1610612759,118,112
0022300048,22023,2023-11-24,1610612745,1610612743,105,86
2052300084,52023,2023-11-24,1612709932,1612709893,101,92
2052300083,52023,2023-11-24,1612709933,1612709903,113,110
0022300050,22023,2023-11-24,1610612750,1610612758,111,124
0022300043,22023,2023-11-24,1610612753,1610612738,113,96
0022300046,22023,2023-11-24,1610612761,1610612741,121,108
2052300082,52023,2023-11-24,1612709922,1612709915,108,111
0022300044,22023,2023-11-24,1610612763,1610612756,89,110
2052300086,52023,2023-11-24,1612709908,1612709925,137,133
2052300087,52023,2023-11-24,1612709918,1612709931,116,119
0022300228,22023,2023-11-22,1610612738,1610612749,119,116
0022300237,22023,2023-11-22,1610612757,1610612762,121,105
0022300225,22023,2023-11-22,1610612766,1610612764,117,114
0022300233,22023,2023-11-22,1610612740,1610612758,117,112
0022300226,22023,2023-11-22,1610612753,1610612743,124,119
2052300079,52023,2023-11-22,1612709919,1612709921,104,111
0022300236,22023,2023-11-22,1610612756,1610612744,123,115
0022300230,22023,2023-11-22,1610612754,1610612761,131,132
2052300080,52023,2023-11-22,1612709923,1612709904,141,125
0022300229,22023,2023-11-22,1610612739,1610612748,96,129
0022300231,22023,2023-11-22,1610612745,1610612763,111,91
2052300077,52023,2023-11-22,1612709909,1612709929,101,106
2052300081,52023,2023-11-22,1612709908,1612709925,127,143
0022300232,22023,2023-11-22,1610612750,1610612755,112,99
0022300234,22023,2023-11-22,1610612760,1610612741,116,102
2052300076,52023,2023-11-22,1612709910,1612709932,117,107
2052300078,52023,2023-11-22,1612709922,1612709915,102,105
0022300227,22023,2023-11-22,1610612737,1610612751,147,145
0022300238,22023,2023-11-22,1610612747,1610612742,101,104
0022300235,22023,2023-11-22,1610612759,1610612746,102,109
2052300073,52023,2023-11-21,1612709913,1612709918,134,121
0022300042,22023,2023-11-21,1610612747,1610612762,131,99
2052300075,52023,2023-11-21,1612709914,1612709905,105,120
2052300072,52023,2023-11-21,1612709927,1612709904,106,117
0022300039,22023,2023-11-21,1610612737,1610612754,152,157
0022300041,22023,2023-11-21,1610612756,1610612757,120,107
0022300040,22023,2023-11-21,1610612755,1610612739,119,122
2052300074,52023,2023-11-21,1612709903,1612709902,126,140
0022300038,22023,2023-11-21,1610612753,1610612761,126,107
2052300068,52023,2023-11-20,1612709919,1612709920,125,101
2052300069,52023,2023-11-20,1612709911,1612709932,122,124
0022300222,22023,2023-11-20,1610612740,1610612758,129,93
0022300217,22023,2023-11-20,1610612766,1610612738,121,118
2052300070,52023,2023-11-20,1612709926,1612709931,104,124
0022300219,22023,2023-11-20,1610612764,1610612749,129,142
2052300071,52023,2023-11-20,1612709933,1612709924,107,103
0022300218,22023,2023-11-20,1610612765,1610612743,103,107
0022300220,22023,2023-11-20,1610612741,1610612748,100,118
0022300224,22023,2023-11-20,1610612744,1610612745,121,116
0022300223,22023,2023-11-20,1610612759,1610612746,99,124
0022300221,22023,2023-11-20,1610612750,1610612752,117,100
0022300216,22023,2023-11-19,1610612747,1610612745,105,104
2052300065,52023,2023-11-19,1612709927,1612709904,123,121
2052300061,52023,2023-11-19,1612709926,1612709931,105,101
0022300210,22023,2023-11-19,1610612739,1610612743,121,109
2052300063,52023,2023-11-19,1612709923,1612709893,94,75
0022300209,22023,2023-11-19,1610612754,1610612753,116,128
0022300212,22023,2023-11-19,1610612742,1610612758,113,129
0022300211,22023,2023-11-19,1610612761,1610612765,142,113
0022300208,22023,2023-11-19,1610612751,1610612755,99,121
2052300066,52023,2023-11-19,1612709890,1612709889,118,107
2052300059,52023,2023-11-19,1612709915,1612709921,134,95
2052300067,52023,2023-11-19,1612709914,1612709905,112,101
0022300215,22023,2023-11-19,1610612757,1610612760,91,134
0022300213,22023,2023-11-19,1610612763,1610612738,100,102
2052300060,52023,2023-11-19,1612709929,1612709928,110,104
0022300214,22023,2023-11-19,1610612762,1610612756,137,140
2052300062,52023,2023-11-19,1612709913,1612709918,105,119
2052300064,52023,2023-11-19,1612709930,1612709902,101,125
0022300202,22023,2023-11-18,1610612766,1610612752,108,122
0022300203,22023,2023-11-18,1610612740,1610612750,120,121
2052300058,52023,2023-11-18,1612709927,1612709911,107,104
2052300053,52023,2023-11-18,1612709929,1612709928,105,111
0022300207,22023,2023-11-18,1610612744,1610612760,123,130
0022300206,22023,2023-11-18,1610612759,1610612763,108,120
0022300204,22023,2023-11-18,1610612741,1610612748,102,97
2052300056,52023,2023-11-18,1612709917,1612709932,102,112
0022300205,22023,2023-11-18,1610612749,1610612742,132,125
2052300052,52023,2023-11-18,1612709919,1612709909,113,126
2052300054,52023,2023-11-18,1612709923,1612709893,100,104
2052300057,52023,2023-11-18,1612709922,1612709920,105,81
2052300055,52023,2023-11-18,1612709933,1612709924,75,103
2052300051,52023,2023-11-17,1612709902,1612709930,121,112
0022300034,22023,2023-11-17,1610612740,1610612743,115,110
0022300027,22023,2023-11-17,1610612766,1610612749,99,130
2052300049,52023,2023-11-17,1612709925,1612709926,125,116
0022300030,22023,2023-11-17,1610612739,1610612765,108,100
0022300029,22023,2023-11-17,1610612737,1610612755,116,126
2052300048,52023,2023-11-17,1612709915,1612709921,116,105
2052300050,52023,2023-11-17,1612709933,1612709905,110,114
0022300035,22023,2023-11-17,1610612762,1610612756,128,131
0022300033,22023,2023-11-17,1610612741,1610612753,97,103
0022300037,22023,2023-11-17,1610612746,1610612745,106,100
0022300028,22023,2023-11-17,1610612764,1610612752,99,120
0022300031,22023,2023-11-17,1610612761,1610612738,105,108
2052300047,52023,2023-11-17,1612709922,1612709920,108,82
0022300036,22023,2023-11-17,1610612757,1610612747,95,107
0022300032,22023,2023-11-17,1610612759,1610612758,120,129
2052300046,52023,2023-11-16,1612709903,1612709914,129,121
0022300200,22023,2023-11-16,1610612748,1610612751,122,115
2052300045,52023,2023-11-16,1612709904,1612709917,100,94
0022300201,22023,2023-11-16,1610612744,1610612760,109,128
2052300043,52023,2023-11-16,1612709925,1612709918,136,129
2052300044,52023,2023-11-16,1612709927,1612709911,108,104
2052300040,52023,2023-11-15,1612709928,1612709909,120,114
0022300198,22023,2023-11-15,1610612747,1610612758,110,125
2052300042,52023,2023-11-15,1612709890,1612709908,124,140
0022300197,22023,2023-11-15,1610612756,1610612750,133,115
0022300199,22023,2023-11-15,1610612757,1610612739,95,109
0022300195,22023,2023-11-15,1610612761,1610612749,112,128
0022300196,22023,2023-11-15,1610612741,1610612753,94,96
2052300041,52023,2023-11-15,1612709889,1612709926,129,127
2052300039,52023,2023-11-15,1612709922,1612709919,89,118
0022300193,22023,2023-11-15,1610612737,1610612752,114,116
0022300192,22023,2023-11-15,1610612764,1610612742,117,130
0022300194,22023,2023-11-15,1610612755,1610612738,107,117
0022300020,22023,2023-11-14,1610612751,1610612753,124,104
0022300017,22023,2023-11-14,1610612766,1610612748,105,111
0022300026,22023,2023-11-14,1610612747,1610612763,134,107
0022300023,22023,2023-11-14,1610612762,1610612757,115,99
0022300018,22023,2023-11-14,1610612765,1610612737,120,126
0022300025,22023,2023-11-14,1610612744,1610612750,101,104
0022300022,22023,2023-11-14,1610612740,1610612742,131,110
0022300024,22023,2023-11-14,1610612743,1610612746,111,108
2052300038,52023,2023-11-14,1612709903,1612709914,99,142
2052300036,52023,2023-11-14,1612709920,1612709929,85,108
2052300035,52023,2023-11-14,1612709932,1612709911,122,114
2052300034,52023,2023-11-14,1612709910,1612709917,116,93
0022300019,22023,2023-11-14,1610612755,1610612754,126,132
0022300021,22023,2023-11-14,1610612760,1610612759,123,87
2052300037,52023,2023-11-14,1612709904,1612709893,129,116
2052300030,52023,2023-11-13,1612709889,1612709926,118,104
0022300191,22023,2023-11-13,1610612758,1610612739,132,120
2052300029,52023,2023-11-13,1612709921,1612709922,105,98
2052300028,52023,2023-11-13,1612709928,1612709909,116,120
0022300190,22023,2023-11-13,1610612749,1610612741,118,109
2052300027,52023,2023-11-13,1612709910,1612709923,100,105
0022300188,22023,2023-11-13,1610612738,1610612752,114,98
2052300031,52023,2023-11-13,1612709931,1612709913,102,108
2052300032,52023,2023-11-13,1612709903,1612709930,158,99
2052300033,52023,2023-11-13,1612709924,1612709933,122,84
0022300189,22023,2023-11-13,1610612761,1610612764,111,107
0022300183,22023,2023-11-12,1610612740,1610612742,124,136
2052300025,52023,2023-11-12,1612709931,1612709913,103,108
0022300180,22023,2023-11-12,1610612755,1610612754,137,126
2052300026,52023,2023-11-12,1612709893,1612709927,107,102
0022300179,22023,2023-11-12,1610612746,1610612763,101,105
0022300178,22023,2023-11-12,1610612751,1610612764,102,94
0022300187,22023,2023-11-12,1610612747,1610612757,116,110
0022300186,22023,2023-11-12,1610612744,1610612750,110,116
0022300185,22023,2023-11-12,1610612756,1610612760,99,111
2052300021,52023,2023-11-12,1612709920,1612709929,101,118
0022300184,22023,2023-11-12,1610612759,1610612748,113,118
0022300182,22023,2023-11-12,1610612745,1610612743,107,104
2052300024,52023,2023-11-12,1612709890,1612709925,136,116
2052300022,52023,2023-11-12,1612709917,1612709932,99,112
0022300181,22023,2023-11-12,1610612741,1610612765,119,108
0022300177,22023,2023-11-12,1610612752,1610612766,129,107
2052300023,52023,2023-11-12,1612709919,1612709915,125,107
2052300020,52023,2023-11-11,1612709902,1612709903,129,115
0022300176,22023,2023-11-11,1610612744,1610612739,110,118
2052300014,52023,2023-11-11,1612709911,1612709923,79,104
0022300175,22023,2023-11-11,1610612737,1610612748,109,117
2052300015,52023,2023-11-11,1612709926,1612709908,117,134
2052300019,52023,2023-11-11,1612709930,1612709924,87,104
0022300173,22023,2023-11-11,1610612753,1610612749,112,97
0022300174,22023,2023-11-11,1610612738,1610612761,117,94
2052300017,52023,2023-11-11,1612709905,1612709933,110,114
2052300018,52023,2023-11-11,1612709918,1612709889,114,110
2052300016,52023,2023-11-11,1612709904,1612709910,114,129
2052300013,52023,2023-11-11,1612709921,1612709922,91,83
2052300008,52023,2023-11-10,1612709918,1612709889,95,108
0022300010,22023,2023-11-10,1610612738,1610612751,121,107
2052300005,52023,2023-11-10,1612709913,1612709890,130,90
0022300009,22023,2023-11-10,1610612764,1610612766,117,124
2052300012,52023,2023-11-10,1612709905,1612709933,105,133
0022300011,22023,2023-11-10,1610612745,1610612740,104,101
2052300004,52023,2023-11-10,1612709921,1612709920,123,120
2052300003,52023,2023-11-10,1612709909,1612709919,103,135
2052300007,52023,2023-11-10,1612709926,1612709908,123,117
2052300011,52023,2023-11-10,1612709902,1612709914,125,114
2052300009,52023,2023-11-10,1612709931,1612709925,108,97
0022300013,22023,2023-11-10,1610612759,1610612750,110,117
0022300016,22023,2023-11-10,1610612758,1610612760,105,98
0022300008,22023,2023-11-10,1610612765,1610612755,106,114
0022300012,22023,2023-11-10,1610612763,1610612762,121,127
2052300006,52023,2023-11-10,1612709911,1612709923,125,117
0022300014,22023,2023-11-10,1610612742,1610612746,144,126
2052300010,52023,2023-11-10,1612709930,1612709924,102,109
2052300002,52023,2023-11-10,1612709893,1612709927,116,109
0022300015,22023,2023-11-10,1610612756,1610612747,119,122
2052300001,52023,2023-11-10,1612709928,1612709915,137,127
0022300172,22023,2023-11-09,1610612753,1610612737,119,120
0022300171,22023,2023-11-09,1610612754,1610612749,126,124
0022300159,22023,2023-11-08,1610612755,1610612738,106,103
0022300166,22023,2023-11-08,1610612750,1610612740,122,101
0022300163,22023,2023-11-08,1610612745,1610612747,128,94
0022300158,22023,2023-11-08,1610612754,1610612762,134,118
0022300162,22023,2023-11-08,1610612741,1610612756,115,116
0022300167,22023,2023-11-08,1610612760,1610612739,128,120
0022300169,22023,2023-11-08,1610612743,1610612744,108,105
0022300157,22023,2023-11-08,1610612766,1610612764,116,132
0022300164,22023,2023-11-08,1610612763,1610612748,102,108
0022300161,22023,2023-11-08,1610612752,1610612759,126,105
0022300170,22023,2023-11-08,1610612758,1610612757,121,118
0022300165,22023,2023-11-08,1610612749,1610612765,120,118
0022300168,22023,2023-11-08,1610612742,1610612761,116,127
0022300160,22023,2023-11-08,1610612751,1610612746,100,93
0022300146,22023,2023-11-06,1610612754,1610612759,152,111
0022300156,22023,2023-11-06,1610612743,1610612740,134,116
0022300152,22023,2023-11-06,1610612741,1610612762,130,113
0022300153,22023,2023-11-06,1610612745,1610612758,122,97
0022300148,22023,2023-11-06,1610612755,1610612764,146,128
0022300149,22023,2023-11-06,1610612751,1610612749,125,129
0022300154,22023,2023-11-06,1610612750,1610612738,114,109
0022300151,22023,2023-11-06,1610612752,1610612746,111,97
0022300155,22023,2023-11-06,1610612760,1610612737,126,117
0022300150,22023,2023-11-06,1610612748,1610612747,108,107
0022300145,22023,2023-11-06,1610612765,1610612744,109,120
0022300147,22023,2023-11-06,1610612753,1610612742,102,117
0022300144,22023,2023-11-05,1610612757,1610612763,100,112
0022300141,22023,2023-11-05,1610612759,1610612761,116,123
0022300140,22023,2023-11-05,1610612765,1610612756,106,120
0022300142,22023,2023-11-05,1610612739,1610612744,115,104
0022300143,22023,2023-11-05,1610612742,1610612766,124,118
0022300134,22023,2023-11-04,1610612753,1610612747,120,101
0022300133,22023,2023-11-04,1610612754,1610612766,124,125
0022300138,22023,2023-11-04,1610612750,1610612762,123,95
0022300136,22023,2023-11-04,1610612751,1610612738,114,124
0022300137,22023,2023-11-04,1610612745,1610612758,107,89
0022300132,22023,2023-11-04,1610612755,1610612756,112,100
0022300135,22023,2023-11-04,1610612740,1610612737,105,123
0022300139,22023,2023-11-04,1610612743,1610612741,123,101
0022300005,22023,2023-11-03,1610612760,1610612744,139,141
0022300006,22023,2023-11-03,1610612743,1610612742,125,114
0022300001,22023,2023-11-03,1610612754,1610612739,121,116
0022300003,22023,2023-11-03,1610612748,1610612764,121,114
0022300002,22023,2023-11-03,1610612749,1610612752,110,105
0022300004,22023,2023-11-03,1610612741,1610612751,107,109
0022300007,22023,2023-11-03,1610612757,1610612763,115,113
0022300130,22023,2023-11-02,1610612762,1610612753,113,115
0022300129,22023,2023-11-02,1610612740,1610612765,125,116
0022300128,22023,2023-11-02,1610612755,1610612761,114,99
0022300131,22023,2023-11-02,1610612756,1610612759,121,132
0022300122,22023,2023-11-01,1610612745,1610612766,128,119
0022300119,22023,2023-11-01,1610612748,1610612751,105,109
0022300120,22023,2023-11-01,1610612752,1610612739,89,95
0022300116,22023,2023-11-01,1610612761,1610612749,130,111
0022300118,22023,2023-11-01,1610612738,1610612754,155,104
0022300121,22023,2023-11-01,1610612760,1610612740,106,110
0022300125,22023,2023-11-01,1610612762,1610612763,133,109
0022300126,22023,2023-11-01,1610612744,1610612758,102,101
0022300127,22023,2023-11-01,1610612747,1610612746,130,125
0022300117,22023,2023-11-01,1610612737,1610612764,130,121
0022300124,22023,2023-11-01,1610612742,1610612741,114,105
0022300115,22023,2023-11-01,1610612765,1610612757,101,110
0022300123,22023,2023-11-01,1610612750,1610612743,110,89
0022300114,22023,2023-10-31,1610612746,1610612753,118,102
0022300113,22023,2023-10-31,1610612756,1610612759,114,115
0022300112,22023,2023-10-31,1610612739,1610612752,91,109
0022300106,22023,2023-10-30,1610612763,1610612742,110,125
0022300105,22023,2023-10-30,1610612761,1610612757,91,99
0022300110,22023,2023-10-30,1610612743,1610612762,110,102
0022300107,22023,2023-10-30,1610612749,1610612748,122,114
0022300104,22023,2023-10-30,1610612737,1610612750,127,113
0022300101,22023,2023-10-30,1610612766,1610612751,121,133
0022300109,22023,2023-10-30,1610612760,1610612765,124,112
0022300111,22023,2023-10-30,1610612747,1610612753,106,103
0022300103,22023,2023-10-30,1610612764,1610612738,107,126
0022300102,22023,2023-10-30,1610612754,1610612741,105,112
0022300108,22023,2023-10-30,1610612740,1610612744,102,130
0022300097,22023,2023-10-29,1610612749,1610612737,110,127
0022300095,22023,2023-10-29,1610612760,1610612743,95,128
0022300100,22023,2023-10-29,1610612758,1610612747,132,127
0022300099,22023,2023-10-29,1610612746,1610612759,123,83
0022300098,22023,2023-10-29,1610612755,1610612757,126,98
0022300096,22023,2023-10-29,1610612745,1610612744,95,106
0022300092,22023,2023-10-28,1610612761,1610612755,107,114
0022300093,22023,2023-10-28,1610612750,1610612748,106,90
0022300091,22023,2023-10-28,1610612739,1610612754,113,125
0022300090,22023,2023-10-28,1610612740,1610612752,96,87
0022300094,22023,2023-10-28,1610612756,1610612762,126,104
0022300088,22023,2023-10-28,1610612765,1610612741,118,102
0022300089,22023,2023-10-28,1610612764,1610612763,113,106
0022300084,22023,2023-10-27,1610612742,1610612751,125,120
0022300077,22023,2023-10-27,1610612766,1610612765,99,111
0022300086,22023,2023-10-27,1610612757,1610612753,97,102
0022300087,22023,2023-10-27,1610612758,1610612744,114,122
0022300081,22023,2023-10-27,1610612739,1610612760,105,108
0022300082,22023,2023-10-27,1610612741,1610612761,104,103
0022300083,22023,2023-10-27,1610612759,1610612745,126,122
0022300085,22023,2023-10-27,1610612762,1610612746,120,118
0022300080,22023,2023-10-27,1610612738,1610612748,119,111
0022300079,22023,2023-10-27,1610612737,1610612752,120,126
0022300078,22023,2023-10-27,1610612763,1610612743,104,108
0022300076,22023,2023-10-26,1610612747,1610612756,100,95
0022300075,22023,2023-10-26,1610612749,1610612755,118,117
0022300068,22023,2023-10-25,1610612748,1610612765,103,102
0022300074,22023,2023-10-25,1610612746,1610612757,123,111
0022300073,22023,2023-10-25,1610612759,1610612742,119,126
0022300065,22023,2023-10-25,1610612752,1610612738,104,108
0022300066,22023,2023-10-25,1610612753,1610612745,116,86
0022300063,22023,2023-10-25,1610612766,1610612737,116,110
0022300067,22023,2023-10-25,1610612751,1610612739,113,114
0022300070,22023,2023-10-25,1610612741,1610612760,104,124
0022300064,22023,2023-10-25,1610612754,1610612764,143,120
0022300072,22023,2023-10-25,1610612762,1610612758,114,130
0022300069,22023,2023-10-25,1610612761,1610612750,97,94
0022300071,22023,2023-10-25,1610612763,1610612740,104,111
0022300062,22023,2023-10-24,1610612744,1610612756,104,108
0022300061,22023,2023-10-24,1610612743,1610612747,119,107
0012300068,12023,2023-10-20,1610612755,1610612737,120,106
0012300066,12023,2023-10-20,1610612754,1610612739,109,104
0012300071,12023,2023-10-20,1610612745,1610612748,110,104
0012300069,12023,2023-10-20,1610612761,1610612764,134,98
0012300072,12023,2023-10-20,1610612749,1610612763,124,116
0012300070,12023,2023-10-20,1610612742,1610612765,114,104
0012300073,12023,2023-10-20,1610612744,1610612759,117,122
0012300067,12023,2023-10-20,1610612753,12325,109,76
0012300064,12023,2023-10-19,1610612746,1610612743,90,103
0012300063,12023,2023-10-19,1610612747,1610612756,100,123
0012300065,12023,2023-10-19,1610612758,1610612762,116,113
0012300061,12023,2023-10-19,1610612741,1610612750,105,114
0012300062,12023,2023-10-19,1610612760,1610612765,116,118
0012300060,12023,2023-10-19,1610612766,1610612738,99,127
0012300056,12023,2023-10-18,1610612748,1610612751,104,107
0012300058,12023,2023-10-18,1610612759,1610612745,117,103
0012300059,12023,2023-10-18,1610612744,1610612758,116,115
0012300057,12023,2023-10-18,1610612752,1610612764,106,131
0012300054,12023,2023-10-17,1610612750,50009,138,111
0012300050,12023,2023-10-17,1610612753,1610612740,92,104
0012300053,12023,2023-10-17,1610612760,1610612749,124,101
0012300052,12023,2023-10-17,1610612741,1610612761,102,106
0012300051,12023,2023-10-17,1610612738,1610612752,123,110
0012300055,12023,2023-10-17,1610612746,1610612743,116,103
0012300046,12023,2023-10-16,1610612751,1610612755,119,127
0012300049,12023,2023-10-16,1610612756,1610612757,117,106
0012300047,12023,2023-10-16,1610612759,1610612745,89,99
0012300045,12023,2023-10-16,1610612739,50009,120,89
0012300044,12023,2023-10-16,1610612754,1610612737,116,112
0012300048,12023,2023-10-16,1610612762,15020,114,94
0012300040,12023,2023-10-15,1610612761,15022,134,93
0012300041,12023,2023-10-15,1610612747,1610612749,97,108
0012300038,12023,2023-10-15,1610612766,1610612760,117,115
0012300039,12023,2023-10-15,1610612748,1610612763,132,124
0012300043,12023,2023-10-15,1610612758,1610612744,115,121
0012300042,12023,2023-10-15,1610612743,1610612741,116,102
0012300037,12023,2023-10-14,1610612762,1610612757,138,133
0012300036,12023,2023-10-14,1610612752,1610612750,112,121
0012300035,12023,2023-10-14,1610612737,1610612740,110,105
0012300034,12023,2023-10-13,1610612747,1610612744,125,129
0012300033,12023,2023-10-13,1610612759,1610612748,120,104
0012300029,12023,2023-10-12,1610612751,50009,135,103
0012300031,12023,2023-10-12,1610612740,1610612745,87,120
0012300032,12023,2023-10-12,1610612757,1610612756,111,122
0012300027,12023,2023-10-12,1610612760,1610612765,125,128
0012300025,12023,2023-10-12,1610612764,1610612766,98,92
0012300030,12023,2023-10-12,1610612741,1610612743,133,124
0012300028,12023,2023-10-12,1610612737,1610612763,103,102
0012300026,12023,2023-10-12,1610612739,1610612753,105,108
0012300024,12023,2023-10-11,1610612747,1610612758,109,101
0012300023,12023,2023-10-11,1610612755,1610612738,101,112
0012300016,12023,2023-10-10,1610612748,1610612766,113,109
0012300020,12023,2023-10-10,1610612746,1610612762,103,98
0012300014,12023,2023-10-10,1610612764,15022,145,82
0012300015,12023,2023-10-10,1610612737,1610612739,108,107
0012300019,12023,2023-10-10,1610612740,1610612753,105,122
0012300021,12023,2023-10-10,1610612756,1610612743,107,115
0012300013,12023,2023-10-10,12315,1610612742,127,123
0012300017,12023,2023-10-10,1610612745,1610612754,122,103
0012300018,12023,2023-10-10,1610612763,1610612749,108,102
0012300022,12023,2023-10-10,1610612757,15020,106,66
0012300010,12023,2023-10-09,1610612752,1610612738,114,107
0012300011,12023,2023-10-09,1610612760,1610612759,122,121
0012300012,12023,2023-10-09,1610612747,1610612751,129,126
0012300008,12023,2023-10-08,1610612761,1610612758,112,99
0012300006,12023,2023-10-08,1610612738,1610612755,114,106
0012300007,12023,2023-10-08,1610612763,1610612754,127,122
0012300009,12023,2023-10-08,1610612746,1610612762,96,101
0012300005,12023,2023-10-08,1610612765,1610612756,126,130
0012300004,12023,2023-10-08,1610612749,1610612741,105,102
0012300002,12023,2023-10-07,1610612742,1610612750,96,104
0012300003,12023,2023-10-07,1610612744,1610612747,125,108
0012300001,12023,2023-10-05,1610612750,1610612742,111,99
2012300002,12023,2023-09-08,1612709930,104,112,127
2012300001,12023,2023-09-06,1612709930,104,124,105
0042200405,42022,2023-06-12,1610612743,1610612748,94,89
0042200404,42022,2023-06-09,1610612748,1610612743,95,108
0042200403,42022,2023-06-07,1610612748,1610612743,94,109
0042200402,42022,2023-06-04,1610612743,1610612748,108,111
0042200401,42022,2023-06-01,1610612743,1610612748,104,93
0042200307,42022,2023-05-29,1610612738,1610612748,84,103
0042200306,42022,2023-05-27,1610612748,1610612738,103,104
0042200305,42022,2023-05-25,1610612738,1610612748,110,97
0042200304,42022,2023-05-23,1610612748,1610612738,99,116
0042200314,42022,2023-05-22,1610612747,1610612743,111,113
0042200303,42022,2023-05-21,1610612748,1610612738,128,102
0042200313,42022,2023-05-20,1610612747,1610612743,108,119
0042200302,42022,2023-05-19,1610612738,1610612748,105,111
0042200312,42022,2023-05-18,1610612743,1610612747,108,103
0042200301,42022,2023-05-17,1610612738,1610612748,116,123
0042200311,42022,2023-05-16,1610612743,1610612747,132,126
0042200217,42022,2023-05-14,1610612738,1610612755,112,88
0042200206,42022,2023-05-12,1610612748,1610612752,96,92
0042200236,42022,2023-05-12,1610612747,1610612744,122,101
0042200226,42022,2023-05-11,1610612756,1610612743,100,125
0042200216,42022,2023-05-11,1610612755,1610612738,86,95
0042200235,42022,2023-05-10,1610612744,1610612747,121,106
0042200205,42022,2023-05-10,1610612752,1610612748,112,103
0042200215,42022,2023-05-09,1610612738,1610612755,103,115
0042200225,42022,2023-05-09,1610612743,1610612756,118,102
0042200234,42022,2023-05-08,1610612747,1610612744,104,101
0042200204,42022,2023-05-08,1610612748,1610612752,109,101
0042200214,42022,2023-05-07,1610612755,1610612738,116,115
0042200224,42022,2023-05-07,1610612756,1610612743,129,124
0042200233,42022,2023-05-06,1610612747,1610612744,127,97
0042200203,42022,2023-05-06,1610612748,1610612752,105,86
0042200223,42022,2023-05-05,1610612756,1610612743,121,114
0042200213,42022,2023-05-05,1610612755,1610612738,102,114
0042200232,42022,2023-05-04,1610612744,1610612747,127,100
0042200212,42022,2023-05-03,1610612738,1610612755,121,87
0042200231,42022,2023-05-02,1610612744,1610612747,112,117
0042200202,42022,2023-05-02,1610612752,1610612748,111,105
0042200211,42022,2023-05-01,1610612738,1610612755,115,119
0042200222,42022,2023-05-01,1610612743,1610612756,97,87
0042200167,42022,2023-04-30,1610612758,1610612744,100,120
0042200201,42022,2023-04-30,1610612752,1610612748,101,108
0042200221,42022,2023-04-29,1610612743,1610612756,125,107
0042200156,42022,2023-04-28,1610612747,1610612763,125,85
0042200166,42022,2023-04-28,1610612744,1610612758,99,118
0042200116,42022,2023-04-27,1610612737,1610612738,120,128
0042200135,42022,2023-04-26,1610612739,1610612752,95,106
0042200105,42022,2023-04-26,1610612749,1610612748,126,128
0042200165,42022,2023-04-26,1610612758,1610612744,116,123
0042200155,42022,2023-04-26,1610612763,1610612747,116,99
0042200175,42022,2023-04-25,1610612756,1610612746,136,130
0042200115,42022,2023-04-25,1610612738,1610612737,117,119
0042200145,42022,2023-04-25,1610612743,1610612750,112,109
0042200154,42022,2023-04-24,1610612747,1610612763,117,111
0042200104,42022,2023-04-24,1610612748,1610612749,119,114
0042200164,42022,2023-04-23,1610612744,1610612758,126,125
0042200114,42022,2023-04-23,1610612737,1610612738,121,129
0042200144,42022,2023-04-23,1610612750,1610612743,114,108
0042200134,42022,2023-04-23,1610612752,1610612739,102,93
0042200153,42022,2023-04-22,1610612747,1610612763,111,101
0042200124,42022,2023-04-22,1610612751,1610612755,88,96
0042200174,42022,2023-04-22,1610612746,1610612756,100,112
0042200103,42022,2023-04-22,1610612748,1610612749,121,99
0042200113,42022,2023-04-21,1610612737,1610612738,130,122
0042200143,42022,2023-04-21,1610612750,1610612743,111,120
0042200133,42022,2023-04-21,1610612752,1610612739,99,79
0042200123,42022,2023-04-20,1610612751,1610612755,97,102
0042200173,42022,2023-04-20,1610612746,1610612756,124,129
0042200163,42022,2023-04-20,1610612744,1610612758,114,97
0042200102,42022,2023-04-19,1610612749,1610612748,138,122
0042200142,42022,2023-04-19,1610612743,1610612750,122,113
0042200152,42022,2023-04-19,1610612763,1610612747,103,93
0042200172,42022,2023-04-18,1610612756,1610612746,123,109
0042200132,42022,2023-04-18,1610612739,1610612752,107,90
0042200112,42022,2023-04-18,1610612738,1610612737,119,106
0042200122,42022,2023-04-17,1610612755,1610612751,96,84
0042200162,42022,2023-04-17,1610612758,1610612744,114,106
0042200151,42022,2023-04-16,1610612763,1610612747,112,128
0042200101,42022,2023-04-16,1610612749,1610612748,117,130
0042200141,42022,2023-04-16,1610612743,1610612750,109,80
0042200171,42022,2023-04-16,1610612756,1610612746,110,115
0042200131,42022,2023-04-15,1610612739,1610612752,97,101
0042200121,42022,2023-04-15,1610612755,1610612751,121,101
0042200111,42022,2023-04-15,1610612738,1610612737,112,99
0042200161,42022,2023-04-15,1610612758,1610612744,126,123
0052200211,52022,2023-04-14,1610612750,1610612760,120,95
0052200201,52022,2023-04-14,1610612748,1610612741,102,91
0052200111,52022,2023-04-12,1610612761,1610612741,105,109
0052200131,52022,2023-04-12,1610612740,1610612760,118,123
0052200101,52022,2023-04-11,1610612748,1610612737,105,116
0052200121,52022,2023-04-11,1610612747,1610612750,108,102
0022201221,22022,2023-04-09,1610612761,1610612749,121,105
0022201230,22022,2023-04-09,1610612757,1610612744,101,157
0022201228,22022,2023-04-09,1610612747,1610612762,128,117
0022201218,22022,2023-04-09,1610612739,1610612766,95,106
0022201216,22022,2023-04-09,1610612738,1610612737,120,114
0022201222,22022,2023-04-09,1610612764,1610612745,109,114
0022201225,22022,2023-04-09,1610612750,1610612740,113,108
0022201220,22022,2023-04-09,1610612752,1610612754,136,141
0022201226,22022,2023-04-09,1610612760,1610612763,115,100
0022201224,22022,2023-04-09,1610612742,1610612759,117,138
0022201223,22022,2023-04-09,1610612741,1610612765,103,81
0022201219,22022,2023-04-09,1610612748,1610612753,123,110
0022201227,22022,2023-04-09,1610612743,1610612758,109,95
0022201217,22022,2023-04-09,1610612751,1610612755,105,134
0022201229,22022,2023-04-09,1610612756,1610612746,114,119
0022201215,22022,2023-04-08,1610612746,1610612757,136,125
0022201213,22022,2023-04-08,1610612762,1610612743,118,114
0022201214,22022,2023-04-08,1610612759,1610612750,131,151
0022201205,22022,2023-04-07,1610612737,1610612755,131,136
0022201209,22022,2023-04-07,1610612740,1610612752,113,105
0022201210,22022,2023-04-07,1610612742,1610612741,112,115
0022201202,22022,2023-04-07,1610612766,1610612745,109,112
0022201206,22022,2023-04-07,1610612738,1610612761,121,102
0022201204,22022,2023-04-07,1610612764,1610612748,114,108
0022201212,22022,2023-04-07,1610612747,1610612756,121,107
0022201207,22022,2023-04-07,1610612751,1610612753,101,84
0022201208,22022,2023-04-07,1610612749,1610612763,114,137
0022201203,22022,2023-04-07,1610612754,1610612765,115,122
0022201211,22022,2023-04-07,1610612758,1610612744,97,119
0022201198,22022,2023-04-06,1610612755,1610612748,101,129
0022201197,22022,2023-04-06,1610612753,1610612739,94,118
0022201201,22022,2023-04-06,1610612756,1610612743,119,115
0022201199,22022,2023-04-06,1610612759,1610612757,129,127
2042200402,42022,2023-04-06,1612709908,1612709909,110,114
0022201200,22022,2023-04-06,1610612762,1610612760,98,114
0022201193,22022,2023-04-05,1610612749,1610612741,105,92
0022201191,22022,2023-04-05,1610612737,1610612764,134,116
0022201189,22022,2023-04-05,1610612765,1610612751,108,123
0022201194,22022,2023-04-05,1610612740,1610612763,138,131
0022201190,22022,2023-04-05,1610612754,1610612752,129,138
0022201196,22022,2023-04-05,1610612746,1610612747,125,118
0022201195,22022,2023-04-05,1610612742,1610612758,123,119
0022201192,22022,2023-04-05,1610612738,1610612761,97,93
0022201181,22022,2023-04-04,1610612755,1610612738,103,101
0022201178,22022,2023-04-04,1610612753,1610612739,113,117
0022201176,22022,2023-04-04,1610612766,1610612761,100,120
0022201188,22022,2023-04-04,1610612756,1610612759,115,94
0022201177,22022,2023-04-04,1610612765,1610612748,105,118
0022201187,22022,2023-04-04,1610612744,1610612760,136,125
0022201183,22022,2023-04-04,1610612745,1610612743,124,103
2042200401,42022,2023-04-04,1612709909,1612709908,134,120
0022201186,22022,2023-04-04,1610612762,1610612747,133,135
0022201182,22022,2023-04-04,1610612741,1610612737,105,123
0022201179,22022,2023-04-04,1610612764,1610612749,128,140
0022201180,22022,2023-04-04,1610612751,1610612750,102,107
0022201185,22022,2023-04-04,1610612740,1610612758,103,121
0022201184,22022,2023-04-04,1610612763,1610612757,119,109
0022201171,22022,2023-04-02,1610612745,1610612747,109,134
0022201173,22022,2023-04-02,1610612739,1610612754,115,105
2042200301,42022,2023-04-02,1612709904,1612709908,105,110
0022201170,22022,2023-04-02,1610612758,1610612759,134,142
0022201163,22022,2023-04-02,1610612766,1610612761,108,128
0022201166,22022,2023-04-02,1610612750,1610612757,105,107
2042200311,42022,2023-04-02,1612709921,1612709909,94,108
0022201164,22022,2023-04-02,1610612751,1610612762,111,110
0022201167,22022,2023-04-02,1610612737,1610612742,132,130
0022201174,22022,2023-04-02,1610612749,1610612755,117,104
0022201165,22022,2023-04-02,1610612741,1610612763,128,107
0022201169,22022,2023-04-02,1610612753,1610612765,128,102
0022201175,22022,2023-04-02,1610612743,1610612744,112,110
0022201168,22022,2023-04-02,1610612752,1610612764,118,109
0022201172,22022,2023-04-02,1610612760,1610612756,118,128
0022201162,22022,2023-04-01,1610612740,1610612746,122,114
0022201161,22022,2023-04-01,1610612748,1610612742,129,122
0022201151,22022,2023-03-31,1610612764,1610612753,109,116
0022201149,22022,2023-03-31,1610612754,1610612760,121,117
0022201155,22022,2023-03-31,1610612745,1610612765,121,115
0022201152,22022,2023-03-31,1610612738,1610612762,122,114
0022201158,22022,2023-03-31,1610612744,1610612759,130,115
2042200201,42022,2023-03-31,1612709921,1612709893,111,107
0022201153,22022,2023-03-31,1610612751,1610612737,124,107
0022201159,22022,2023-03-31,1610612757,1610612758,114,138
0022201150,22022,2023-03-31,1610612755,1610612761,117,110
2042200231,42022,2023-03-31,1612709926,1612709908,108,110
0022201157,22022,2023-03-31,1610612750,1610612747,111,123
0022201156,22022,2023-03-31,1610612763,1610612746,108,94
0022201160,22022,2023-03-31,1610612756,1610612743,100,93
0022201154,22022,2023-03-31,1610612739,1610612752,116,130
0022201148,22022,2023-03-31,1610612766,1610612741,91,121
0022201147,22022,2023-03-30,1610612743,1610612740,88,107
0022201146,22022,2023-03-30,1610612749,1610612738,99,140
2042200221,42022,2023-03-30,1612709914,1612709904,97,98
2042200211,42022,2023-03-30,1612709909,1612709928,104,99
2042200121,42022,2023-03-29,1612709905,1612709908,122,124
0022201140,22022,2023-03-29,1610612741,1610612747,110,121
0022201138,22022,2023-03-29,1610612752,1610612748,101,92
0022201142,22022,2023-03-29,1610612760,1610612765,107,106
0022201139,22022,2023-03-29,1610612755,1610612742,116,108
0022201136,22022,2023-03-29,1610612754,1610612749,136,149
0022201143,22022,2023-03-29,1610612759,1610612762,117,128
0022201141,22022,2023-03-29,1610612763,1610612746,132,141
0022201145,22022,2023-03-29,1610612757,1610612758,80,120
2042200111,42022,2023-03-29,1612709915,1612709893,100,113
0022201144,22022,2023-03-29,1610612756,1610612750,107,100
0022201137,22022,2023-03-29,1610612751,1610612745,123,114
0022201133,22022,2023-03-28,1610612763,1610612753,113,108
0022201135,22022,2023-03-28,1610612744,1610612740,120,109
0022201132,22022,2023-03-28,1610612761,1610612748,106,92
0022201131,22022,2023-03-28,1610612737,1610612739,120,118
0022201134,22022,2023-03-28,1610612760,1610612766,134,137
2042200101,42022,2023-03-28,1612709928,1612709910,101,87
0022201130,22022,2023-03-28,1610612764,1610612738,130,111
2042200131,42022,2023-03-28,1612709903,1612709904,107,115
0022201129,22022,2023-03-27,1610612746,1610612741,124,112
0022201128,22022,2023-03-27,1610612758,1610612750,115,119
0022201127,22022,2023-03-27,1610612757,1610612740,90,124
0022201126,22022,2023-03-27,1610612743,1610612755,116,111
0022201122,22022,2023-03-27,1610612765,1610612749,117,126
0022201124,22022,2023-03-27,1610612752,1610612745,137,115
0022201125,22022,2023-03-27,1610612762,1610612756,103,117
0022201123,22022,2023-03-27,1610612754,1610612742,104,127
0022201114,22022,2023-03-26,1610612747,1610612741,108,118
0022201116,22022,2023-03-26,1610612738,1610612759,137,93
0022201113,22022,2023-03-26,1610612766,1610612742,110,104
0022201121,22022,2023-03-26,1610612744,1610612750,96,99
0022201120,22022,2023-03-26,1610612757,1610612760,112,118
0022201118,22022,2023-03-26,1610612753,1610612751,119,106
0022201115,22022,2023-03-26,1610612737,1610612763,119,123
0022201119,22022,2023-03-26,1610612761,1610612764,114,104
0022201117,22022,2023-03-26,1610612739,1610612745,108,91
0022201111,22022,2023-03-25,1610612758,1610612762,121,113
2022200478,22022,2023-03-25,1612709905,1612709930,120,96
2022200477,22022,2023-03-25,1612709904,1612709926,116,88
0022201108,22022,2023-03-25,1610612748,1610612751,100,129
2022200474,22022,2023-03-25,1612709928,1612709919,114,105
2022200480,22022,2023-03-25,1612709902,1612709918,134,111
0022201112,22022,2023-03-25,1610612746,1610612740,110,131
2022200473,22022,2023-03-25,1612709909,1612709910,121,125
2022200472,22022,2023-03-25,1612709922,1612709920,126,137
0022201109,22022,2023-03-25,1610612743,1610612749,129,106
0022201110,22022,2023-03-25,1610612756,1610612755,125,105
2022200479,22022,2023-03-25,1612709908,1612709921,135,116
2022200476,22022,2023-03-25,1612709911,1612709925,121,133
2022200475,22022,2023-03-25,1612709913,1612709929,122,120
0022201107,22022,2023-03-25,1610612737,1610612754,143,130
2022200467,22022,2023-03-24,1612709909,1612709910,110,114
0022201101,22022,2023-03-24,1610612742,1610612766,109,117
0022201105,22022,2023-03-24,1610612758,1610612756,135,127
0022201102,22022,2023-03-24,1610612762,1610612749,116,144
2022200470,22022,2023-03-24,1612709904,1612709926,119,105
0022201103,22022,2023-03-24,1610612744,1610612755,120,112
0022201098,22022,2023-03-24,1610612764,1610612759,136,124
0022201106,22022,2023-03-24,1610612747,1610612760,116,111
2022200471,22022,2023-03-24,1612709914,1612709931,116,104
0022201099,22022,2023-03-24,1610612761,1610612765,118,97
0022201100,22022,2023-03-24,1610612763,1610612745,151,114
0022201097,22022,2023-03-24,1610612738,1610612754,120,95
0022201104,22022,2023-03-24,1610612757,1610612741,96,124
2022200468,22022,2023-03-24,1612709922,1612709920,118,116
2022200469,22022,2023-03-24,1612709932,1612709893,106,113
2022200458,22022,2023-03-23,1612709928,1612709927,114,104
2022200461,22022,2023-03-23,1612709915,1612709919,110,97
0022201095,22022,2023-03-23,1610612740,1610612766,115,96
2022200463,22022,2023-03-23,1612709923,1612709929,126,115
2022200465,22022,2023-03-23,1612709930,1612709889,94,100
2022200466,22022,2023-03-23,1612709924,1612709918,128,125
2022200459,22022,2023-03-23,1612709893,1612709917,108,101
2022200460,22022,2023-03-23,1612709925,1612709921,115,113
2022200462,22022,2023-03-23,1612709908,1612709902,121,111
0022201093,22022,2023-03-23,1610612753,1610612752,111,106
0022201094,22022,2023-03-23,1610612751,1610612739,114,116
0022201096,22022,2023-03-23,1610612746,1610612760,127,105
2022200464,22022,2023-03-23,1612709903,1612709890,134,107
2022200457,22022,2023-03-22,1612709914,1612709931,117,115
0022201090,22022,2023-03-22,1610612750,1610612737,125,124
0022201084,22022,2023-03-22,1610612748,1610612752,127,120
0022201088,22022,2023-03-22,1610612763,1610612745,130,125
0022201087,22022,2023-03-22,1610612741,1610612755,91,116
0022201085,22022,2023-03-22,1610612761,1610612754,114,118
2022200455,22022,2023-03-22,1612709911,1612709913,139,131
2022200456,22022,2023-03-22,1612709924,1612709926,96,98
0022201092,22022,2023-03-22,1610612747,1610612756,122,111
0022201091,22022,2023-03-22,1610612762,1610612757,115,127
0022201089,22022,2023-03-22,1610612749,1610612759,130,94
0022201086,22022,2023-03-22,1610612742,1610612744,125,127
0022201083,22022,2023-03-22,1610612764,1610612743,104,118
0022201077,22022,2023-03-21,1610612753,1610612764,122,112
2022200449,22022,2023-03-21,1612709927,1612709917,129,114
0022201080,22022,2023-03-21,1610612740,1610612759,119,84
2022200450,22022,2023-03-21,1612709920,1612709929,111,104
2022200448,22022,2023-03-21,1612709925,1612709921,112,118
0022201082,22022,2023-03-21,1610612746,1610612760,100,101
2022200453,22022,2023-03-21,1612709903,1612709890,101,93
2022200452,22022,2023-03-21,1612709923,1612709915,89,93
2022200447,22022,2023-03-21,1612709922,1612709928,116,129
0022201079,22022,2023-03-21,1610612751,1610612739,109,115
0022201078,22022,2023-03-21,1610612737,1610612765,129,107
2022200454,22022,2023-03-21,1612709905,1612709889,115,132
0022201081,22022,2023-03-21,1610612758,1610612738,109,132
2022200451,22022,2023-03-21,1612709908,1612709902,119,126
0022201076,22022,2023-03-20,1610612762,1610612758,128,120
0022201074,22022,2023-03-20,1610612745,1610612744,108,121
0022201073,22022,2023-03-20,1610612752,1610612750,134,140
0022201072,22022,2023-03-20,1610612755,1610612741,105,109
2022200446,22022,2023-03-20,1612709924,1612709926,101,108
2022200444,22022,2023-03-20,1612709932,1612709919,122,93
2022200445,22022,2023-03-20,1612709931,1612709913,98,111
0022201071,22022,2023-03-20,1610612766,1610612754,115,109
0022201075,22022,2023-03-20,1610612763,1610612742,112,108
2022200442,22022,2023-03-19,1612709914,1612709930,120,90
0022201067,22022,2023-03-19,1610612745,1610612740,107,117
2022200439,22022,2023-03-19,1612709923,1612709915,114,93
0022201069,22022,2023-03-19,1610612757,1610612746,102,117
2022200441,22022,2023-03-19,1612709903,1612709905,121,114
2022200443,22022,2023-03-19,1612709931,1612709913,124,115
2022200438,22022,2023-03-19,1612709910,1612709927,128,114
0022201070,22022,2023-03-19,1610612747,1610612753,111,105
0022201063,22022,2023-03-19,1610612751,1610612743,102,108
0022201066,22022,2023-03-19,1610612765,1610612748,100,112
2022200440,22022,2023-03-19,1612709918,1612709889,107,122
0022201065,22022,2023-03-19,1610612759,1610612737,126,118
0022201068,22022,2023-03-19,1610612749,1610612761,118,111
0022201064,22022,2023-03-19,1610612760,1610612756,124,120
2022200433,22022,2023-03-18,1612709893,1612709921,108,100
0022201058,22022,2023-03-18,1610612761,1610612750,122,107
2022200431,22022,2023-03-18,1612709923,1612709909,119,112
0022201059,22022,2023-03-18,1610612764,1610612758,118,132
0022201056,22022,2023-03-18,1610612746,1610612753,108,113
0022201061,22022,2023-03-18,1610612763,1610612744,133,119
2022200435,22022,2023-03-18,1612709926,1612709908,114,87
2022200437,22022,2023-03-18,1612709902,1612709911,132,112
0022201060,22022,2023-03-18,1610612741,1610612748,113,99
0022201057,22022,2023-03-18,1610612754,1610612755,121,141
2022200434,22022,2023-03-18,1612709890,1612709922,124,127
0022201062,22022,2023-03-18,1610612762,1610612738,118,117
2022200430,22022,2023-03-18,1612709932,1612709919,122,112
2022200436,22022,2023-03-18,1612709914,1612709904,119,144
0022201055,22022,2023-03-18,1610612752,1610612743,116,110
2022200429,22022,2023-03-18,1612709920,1612709925,111,112
2022200432,22022,2023-03-18,1612709929,1612709917,93,102
0022201047,22022,2023-03-17,1610612766,1610612755,82,121
2022200425,22022,2023-03-17,1612709929,1612709917,132,126
2022200427,22022,2023-03-17,1612709927,1612709915,118,116
2022200423,22022,2023-03-17,1612709893,1612709921,122,115
0022201052,22022,2023-03-17,1610612759,1610612763,120,126
0022201048,22022,2023-03-17,1610612737,1610612744,127,119
2022200424,22022,2023-03-17,1612709928,1612709918,140,91
2022200426,22022,2023-03-17,1612709926,1612709908,103,128
2022200428,22022,2023-03-17,1612709902,1612709911,127,119
0022201054,22022,2023-03-17,1610612747,1610612742,110,111
0022201051,22022,2023-03-17,1610612745,1610612740,114,112
0022201053,22022,2023-03-17,1610612757,1610612738,112,126
0022201049,22022,2023-03-17,1610612739,1610612764,117,94
0022201050,22022,2023-03-17,1610612741,1610612750,139,131
0022201045,22022,2023-03-16,1610612749,1610612754,123,139
0022201043,22022,2023-03-16,1610612751,1610612758,96,101
2022200418,22022,2023-03-16,1612709920,1612709925,102,124
0022201042,22022,2023-03-16,1610612765,1610612743,100,119
0022201044,22022,2023-03-16,1610612761,1610612760,128,111
0022201046,22022,2023-03-16,1610612756,1610612753,116,113
2022200421,22022,2023-03-16,1612709890,1612709905,121,123
2022200420,22022,2023-03-16,1612709919,1612709910,108,117
2022200419,22022,2023-03-16,1612709922,1612709931,118,107
2022200422,22022,2023-03-16,1612709930,1612709904,114,132
2022200417,22022,2023-03-16,1612709909,1612709918,129,132
0022201035,22022,2023-03-15,1610612739,1610612755,109,118
2022200414,22022,2023-03-15,1612709890,1612709905,96,132
2022200410,22022,2023-03-15,1612709922,1612709931,116,122
2022200413,22022,2023-03-15,1612709923,1612709926,112,116
0022201038,22022,2023-03-15,1610612745,1610612747,114,110
2022200415,22022,2023-03-15,1612709930,1612709904,116,120
0022201037,22022,2023-03-15,1610612741,1610612758,114,117
2022200416,22022,2023-03-15,1612709902,1612709903,132,129
0022201039,22022,2023-03-15,1610612750,1610612738,102,104
2022200409,22022,2023-03-15,1612709932,1612709893,122,110
0022201040,22022,2023-03-15,1610612759,1610612742,128,137
0022201036,22022,2023-03-15,1610612748,1610612763,138,119
2022200411,22022,2023-03-15,1612709927,1612709915,114,119
0022201041,22022,2023-03-15,1610612746,1610612744,134,126
2022200412,22022,2023-03-15,1612709889,1612709924,105,114
0022201028,22022,2023-03-14,1610612764,1610612765,117,97
2022200406,22022,2023-03-14,1612709909,1612709918,148,116
0022201030,22022,2023-03-14,1610612740,1610612747,108,123
2022200407,22022,2023-03-14,1612709917,1612709920,113,109
2022200408,22022,2023-03-14,1612709921,1612709910,114,125
0022201034,22022,2023-03-14,1610612757,1610612752,107,123
0022201031,22022,2023-03-14,1610612760,1610612751,121,107
0022201027,22022,2023-03-14,1610612766,1610612739,104,120
2022200385,22022,2023-03-14,1612709914,1612709919,135,123
0022201033,22022,2023-03-14,1610612756,1610612749,104,116
0022201029,22022,2023-03-14,1610612761,1610612743,125,110
0022201032,22022,2023-03-14,1610612759,1610612753,132,114
0022201020,22022,2023-03-13,1610612765,1610612754,117,97
2022200401,22022,2023-03-13,1612709925,1612709928,85,109
2022200404,22022,2023-03-13,1612709889,1612709924,101,97
0022201023,22022,2023-03-13,1610612742,1610612763,88,104
0022201024,22022,2023-03-13,1610612745,1610612738,111,109
0022201021,22022,2023-03-13,1610612737,1610612750,115,136
2022200402,22022,2023-03-13,1612709927,1612709926,108,126
0022201025,22022,2023-03-13,1610612744,1610612756,123,112
0022201022,22022,2023-03-13,1610612748,1610612762,119,115
0022201026,22022,2023-03-13,1610612758,1610612749,124,133
2022200405,22022,2023-03-13,1612709903,1612709914,125,138
2022200403,22022,2023-03-13,1612709911,1612709913,97,124
2022200398,22022,2023-03-12,1612709904,1612709890,124,108
0022201014,22022,2023-03-12,1610612743,1610612751,120,122
0022201016,22022,2023-03-12,1610612755,1610612764,112,93
0022201015,22022,2023-03-12,1610612766,1610612739,108,114
2022200397,22022,2023-03-12,1612709925,1612709928,119,95
0022201017,22022,2023-03-12,1610612740,1610612757,127,110
2022200400,22022,2023-03-12,1612709931,1612709923,105,112
2022200395,22022,2023-03-12,1612709915,1612709921,121,112
2022200396,22022,2023-03-12,1612709917,1612709920,119,121
0022201018,22022,2023-03-12,1610612759,1610612760,90,102
2022200399,22022,2023-03-12,1612709918,1612709930,82,99
0022201019,22022,2023-03-12,1610612747,1610612752,108,112
0022201006,22022,2023-03-11,1610612765,1610612754,115,121
0022201013,22022,2023-03-11,1610612756,1610612758,119,128
2022200390,22022,2023-03-11,1612709893,1612709924,100,103
0022201010,22022,2023-03-11,1610612763,1610612742,112,108
0022201011,22022,2023-03-11,1610612740,1610612760,96,110
0022201005,22022,2023-03-11,1610612766,1610612762,111,119
2022200392,22022,2023-03-11,1612709905,1612709914,109,118
0022201008,22022,2023-03-11,1610612737,1610612738,125,134
2022200394,22022,2023-03-11,1612709902,1612709919,114,108
0022201004,22022,2023-03-11,1610612746,1610612752,106,95
2022200393,22022,2023-03-11,1612709908,1612709911,123,115
2022200389,22022,2023-03-11,1612709909,1612709929,116,137
0022201012,22022,2023-03-11,1610612744,1610612749,125,116
0022201007,22022,2023-03-11,1610612753,1610612748,126,114
0022201009,22022,2023-03-11,1610612745,1610612741,111,119
2022200391,22022,2023-03-11,1612709910,1612709932,102,132
0022201002,22022,2023-03-10,1610612759,1610612743,128,120
0022200999,22022,2023-03-10,1610612764,1610612737,107,114
0022201001,22022,2023-03-10,1610612750,1610612751,123,124
2022200387,22022,2023-03-10,1612709889,1612709903,110,112
0022201000,22022,2023-03-10,1610612748,1610612739,119,115
2022200386,22022,2023-03-10,1612709893,1612709924,102,117
0022201003,22022,2023-03-10,1610612747,1610612761,122,112
2022200388,22022,2023-03-10,1612709890,1612709922,125,110
0022200998,22022,2023-03-10,1610612755,1610612757,120,119
0022200993,22022,2023-03-09,1610612754,1610612745,134,125
2022200378,22022,2023-03-09,1612709910,1612709932,116,119
0022200992,22022,2023-03-09,1610612765,1610612766,103,113
0022200997,22022,2023-03-09,1610612758,1610612752,122,117
2022200384,22022,2023-03-09,1612709918,1612709923,110,135
2022200377,22022,2023-03-09,1612709925,1612709927,131,132
2022200381,22022,2023-03-09,1612709920,1612709909,112,127
2022200379,22022,2023-03-09,1612709929,1612709930,113,130
0022200995,22022,2023-03-09,1610612749,1610612751,118,113
2022200382,22022,2023-03-09,1612709913,1612709902,126,124
2022200380,22022,2023-03-09,1612709915,1612709921,108,115
0022200996,22022,2023-03-09,1610612763,1610612744,131,110
2022200383,22022,2023-03-09,1612709908,1612709911,128,117
0022200994,22022,2023-03-09,1610612753,1610612762,124,131
2022200376,22022,2023-03-08,1612709905,1612709904,127,125
2022200375,22022,2023-03-08,1612709908,1612709922,116,110
2022200373,22022,2023-03-08,1612709920,1612709909,97,112
2022200374,22022,2023-03-08,1612709918,1612709923,110,122
2022200372,22022,2023-03-08,1612709929,1612709930,131,105
2022200371,22022,2023-03-08,1612709889,1612709903,95,108
0022200988,22022,2023-03-08,1610612740,1610612742,113,106
0022200989,22022,2023-03-08,1610612743,1610612741,96,117
0022200991,22022,2023-03-08,1610612746,1610612761,108,100
0022200987,22022,2023-03-08,1610612748,1610612739,100,104
0022200990,22022,2023-03-08,1610612756,1610612760,132,101
0022200985,22022,2023-03-08,1610612764,1610612737,120,122
0022200986,22022,2023-03-08,1610612738,1610612757,115,93
0022200984,22022,2023-03-07,1610612747,1610612763,112,103
0022200769,22022,2023-03-07,1610612765,1610612764,117,119
2022200367,22022,2023-03-07,1612709913,1612709902,127,112
0022200981,22022,2023-03-07,1610612745,1610612751,96,118
0022200983,22022,2023-03-07,1610612742,1610612762,120,116
2022200368,22022,2023-03-07,1612709917,1612709924,88,106
2022200369,22022,2023-03-07,1612709914,1612709919,121,104
0022200978,22022,2023-03-07,1610612753,1610612749,123,134
2022200370,22022,2023-03-07,1612709925,1612709927,116,111
2022200366,22022,2023-03-07,1612709921,1612709932,114,102
0022200979,22022,2023-03-07,1610612752,1610612766,105,112
0022200982,22022,2023-03-07,1610612760,1610612744,137,128
0022200980,22022,2023-03-07,1610612750,1610612755,94,117
0022200977,22022,2023-03-06,1610612765,1610612757,104,110
2022200365,22022,2023-03-06,1612709905,1612709904,133,135
0022200975,22022,2023-03-06,1610612743,1610612761,118,113
0022200971,22022,2023-03-06,1610612739,1610612738,118,114
2022200364,22022,2023-03-06,1612709931,1612709928,90,109
0022200976,22022,2023-03-06,1610612758,1610612740,123,108
2022200363,22022,2023-03-06,1612709918,1612709903,128,134
0022200972,22022,2023-03-06,1610612754,1610612755,143,147
2022200361,22022,2023-03-06,1612709920,1612709930,127,108
0022200974,22022,2023-03-06,1610612748,1610612737,130,128
2022200362,22022,2023-03-06,1612709926,1612709890,112,97
0022200966,22022,2023-03-05,1610612753,1610612757,119,122
2022200357,22022,2023-03-05,1612709913,1612709908,124,134
0022200970,22022,2023-03-05,1610612746,1610612763,135,129
2022200360,22022,2023-03-05,1612709931,1612709928,122,107
0022200969,22022,2023-03-05,1610612738,1610612752,129,131
0022200967,22022,2023-03-05,1610612745,1610612759,142,110
2022200359,22022,2023-03-05,1612709924,1612709915,108,120
2022200358,22022,2023-03-05,1612709923,1612709919,120,121
0022200973,22022,2023-03-05,1610612764,1610612749,111,117
0022200968,22022,2023-03-05,1610612760,1610612762,129,119
0022200962,22022,2023-03-05,1610612742,1610612756,126,130
0022200965,22022,2023-03-05,1610612751,1610612766,102,86
2022200356,22022,2023-03-05,1612709925,1612709917,110,98
0022200963,22022,2023-03-05,1610612741,1610612754,122,125
0022200964,22022,2023-03-05,1610612747,1610612744,113,105
2022200350,22022,2023-03-04,1612709929,1612709922,115,100
0022200959,22022,2023-03-04,1610612759,1610612745,110,122
0022200957,22022,2023-03-04,1610612739,1610612765,114,90
0022200960,22022,2023-03-04,1610612749,1610612755,130,133
2022200351,22022,2023-03-04,1612709926,1612709890,109,121
2022200348,22022,2023-03-04,1612709927,1612709923,102,120
0022200961,22022,2023-03-04,1610612758,1610612750,134,138
0022200956,22022,2023-03-04,1610612764,1610612761,109,116
2022200352,22022,2023-03-04,1612709904,1612709911,109,112
2022200355,22022,2023-03-04,1612709902,1612709893,110,127
2022200354,22022,2023-03-04,1612709914,1612709918,129,106
0022200958,22022,2023-03-04,1610612748,1610612737,117,109
2022200353,22022,2023-03-04,1612709905,1612709915,114,98
2022200349,22022,2023-03-04,1612709920,1612709910,129,114
0022200951,22022,2023-03-03,1610612760,1610612762,130,103
0022200955,22022,2023-03-03,1610612747,1610612750,102,110
2022200345,22022,2023-03-03,1612709919,1612709909,117,122
0022200947,22022,2023-03-03,1610612737,1610612757,129,111
2022200344,22022,2023-03-03,1612709889,1612709908,117,125
0022200950,22022,2023-03-03,1610612741,1610612756,104,125
0022200948,22022,2023-03-03,1610612738,1610612751,105,115
0022200949,22022,2023-03-03,1610612748,1610612752,120,122
2022200346,22022,2023-03-03,1612709904,1612709911,128,131
2022200347,22022,2023-03-03,1612709930,1612709928,110,122
0022200946,22022,2023-03-03,1610612766,1610612753,106,117
0022200954,22022,2023-03-03,1610612758,1610612746,128,127
0022200953,22022,2023-03-03,1610612744,1610612740,108,99
0022200952,22022,2023-03-03,1610612743,1610612763,113,97
0022200944,22022,2023-03-02,1610612759,1610612754,110,99
2022200338,22022,2023-03-02,1612709917,1612709932,91,103
2022200337,22022,2023-03-02,1612709929,1612709922,120,117
2022200341,22022,2023-03-02,1612709902,1612709893,115,110
0022200945,22022,2023-03-02,1610612744,1610612746,115,91
2022200340,22022,2023-03-02,1612709890,1612709913,103,110
0022200942,22022,2023-03-02,1610612764,1610612761,119,108
2022200343,22022,2023-03-02,1612709914,1612709918,127,100
2022200339,22022,2023-03-02,1612709920,1612709910,135,125
0022200943,22022,2023-03-02,1610612742,1610612755,133,126
2022200342,22022,2023-03-02,1612709905,1612709915,129,128
0022200940,22022,2023-03-01,1610612760,1610612747,117,123
0022200941,22022,2023-03-01,1610612757,1610612740,110,121
0022200938,22022,2023-03-01,1610612745,1610612763,99,113
0022200935,22022,2023-03-01,1610612738,1610612739,117,113
0022200939,22022,2023-03-01,1610612749,1610612753,139,117
0022200936,22022,2023-03-01,1610612748,1610612755,96,119
0022200934,22022,2023-03-01,1610612765,1610612741,115,117
0022200933,22022,2023-03-01,1610612766,1610612756,91,105
2022200336,22022,2023-03-01,1612709919,1612709909,126,147
0022200937,22022,2023-03-01,1610612752,1610612751,142,118
0022200929,22022,2023-02-28,1610612742,1610612754,122,124
0022200927,22022,2023-02-28,1610612763,1610612747,121,109
2022200330,22022,2023-02-28,1612709889,1612709904,99,107
0022200924,22022,2023-02-28,1610612751,1610612749,104,118
0022200931,22022,2023-02-28,1610612744,1610612757,123,105
2022200331,22022,2023-02-28,1612709914,1612709893,122,111
2022200333,22022,2023-02-28,1612709908,1612709921,100,109
0022200925,22022,2023-02-28,1610612761,1610612741,104,98
0022200928,22022,2023-02-28,1610612760,1610612758,117,123
2022200334,22022,2023-02-28,1612709903,1612709927,106,120
2022200332,22022,2023-02-28,1612709926,1612709917,107,96
0022200926,22022,2023-02-28,1610612745,1610612743,112,133
2022200335,22022,2023-02-28,1612709930,1612709911,110,102
0022200930,22022,2023-02-28,1610612762,1610612759,94,102
0022200932,22022,2023-02-28,1610612746,1610612750,101,108
0022200923,22022,2023-02-28,1610612737,1610612764,116,119
2022200329,22022,2023-02-27,1612709930,1612709911,125,110
0022200922,22022,2023-02-27,1610612740,1610612753,93,101
2022200328,22022,2023-02-27,1612709903,1612709927,135,100
0022200919,22022,2023-02-27,1610612766,1610612765,117,106
0022200921,22022,2023-02-27,1610612752,1610612738,109,94
0022200920,22022,2023-02-27,1610612755,1610612748,99,101
2022200327,22022,2023-02-27,1612709931,1612709924,109,105
2022200325,22022,2023-02-27,1612709928,1612709909,124,125
2022200326,22022,2023-02-27,1612709932,1612709925,108,123
0022200914,22022,2023-02-26,1610612739,1610612761,118,93
2022200324,22022,2023-02-26,1612709931,1612709924,96,103
0022200911,22022,2023-02-26,1610612737,1610612751,129,127
2022200321,22022,2023-02-26,1612709917,1612709910,110,104
0022200915,22022,2023-02-26,1610612760,1610612758,115,124
2022200322,22022,2023-02-26,1612709923,1612709919,123,108
0022200916,22022,2023-02-26,1610612744,1610612750,109,104
0022200912,22022,2023-02-26,1610612741,1610612764,102,82
0022200917,22022,2023-02-26,1610612757,1610612745,131,114
0022200913,22022,2023-02-26,1610612742,1610612747,108,111
2022200320,22022,2023-02-26,1612709889,1612709929,116,104
0022200910,22022,2023-02-26,1610612749,1610612756,104,101
0022200918,22022,2023-02-26,1610612743,1610612746,134,124
2022200323,22022,2023-02-26,1612709890,1612709921,96,117
0022200909,22022,2023-02-25,1610612762,1610612759,118,102
0022200904,22022,2023-02-25,1610612766,1610612748,108,103
0022200908,22022,2023-02-25,1610612755,1610612738,107,110
2022200316,22022,2023-02-25,1612709932,1612709920,87,104
2022200317,22022,2023-02-25,1612709905,1612709911,148,126
0022200905,22022,2023-02-25,1610612753,1610612754,108,121
0022200907,22022,2023-02-25,1610612763,1610612743,112,94
2022200313,22022,2023-02-25,1612709928,1612709909,121,136
2022200319,22022,2023-02-25,1612709902,1612709903,112,119
2022200314,22022,2023-02-25,1612709893,1612709925,102,101
0022200903,22022,2023-02-25,1610612765,1610612761,91,95
0022200906,22022,2023-02-25,1610612752,1610612740,128,106
2022200318,22022,2023-02-25,1612709918,1612709908,98,112
2022200315,22022,2023-02-25,1612709922,1612709915,122,110
0022200902,22022,2023-02-24,1610612746,1610612758,175,176
2022200306,22022,2023-02-24,1612709909,1612709932,107,111
0022200897,22022,2023-02-24,1610612749,1610612748,128,99
0022200895,22022,2023-02-24,1610612764,1610612752,109,115
0022200899,22022,2023-02-24,1610612756,1610612760,124,115
2022200311,22022,2023-02-24,1612709918,1612709927,122,123
2022200307,22022,2023-02-24,1612709922,1612709915,106,120
2022200308,22022,2023-02-24,1612709919,1612709910,119,122
0022200900,22022,2023-02-24,1610612741,1610612751,131,87
2022200305,22022,2023-02-24,1612709893,1612709925,130,105
0022200898,22022,2023-02-24,1610612750,1610612766,113,121
0022200901,22022,2023-02-24,1610612744,1610612745,116,101
2022200312,22022,2023-02-24,1612709902,1612709890,114,105
2022200310,22022,2023-02-24,1612709926,1612709930,123,97
0022200896,22022,2023-02-24,1610612737,1610612739,136,119
2022200309,22022,2023-02-24,1612709913,1612709929,107,119
0022200887,22022,2023-02-23,1610612754,1610612738,138,142
2022200302,22022,2023-02-23,1612709908,1612709905,99,125
2022200301,22022,2023-02-23,1612709926,1612709930,116,114
0022200894,22022,2023-02-23,1610612758,1610612757,133,116
2022200298,22022,2023-02-23,1612709917,1612709928,111,112
2022200300,22022,2023-02-23,1612709913,1612709889,111,113
2022200303,22022,2023-02-23,1612709923,1612709920,108,103
0022200889,22022,2023-02-23,1610612755,1610612763,110,105
0022200886,22022,2023-02-23,1610612739,1610612743,109,115
0022200891,22022,2023-02-23,1610612742,1610612759,142,116
0022200893,22022,2023-02-23,1610612747,1610612744,124,111
2022200299,22022,2023-02-23,1612709904,1612709931,118,109
0022200890,22022,2023-02-23,1610612761,1610612740,115,110
0022200888,22022,2023-02-23,1610612753,1610612765,108,106
0022200892,22022,2023-02-23,1610612762,1610612760,120,119
2022200304,22022,2023-02-23,1612709914,1612709924,114,113
2022200295,22022,2023-02-22,1612709908,1612709905,112,120
2022200293,22022,2023-02-22,1612709921,1612709910,122,102
2022200297,22022,2023-02-22,1612709902,1612709890,126,105
2022200292,22022,2023-02-22,1612709922,1612709893,100,110
2022200291,22022,2023-02-22,1612709909,1612709932,111,116
2022200294,22022,2023-02-22,1612709911,1612709931,116,124
2022200296,22022,2023-02-22,1612709923,1612709920,114,110
2032200001,32022,2023-02-19,1612709906,1612709907,162,178
0032200001,32022,2023-02-19,1610616834,1610616833,175,184
0032200003,32022,2023-02-17,1610616840,1610616839,78,81
0032200006,32022,2023-02-17,1610616847,1610616849,25,20
0032200005,32022,2023-02-17,1610616850,1610616849,32,40
0032200004,32022,2023-02-17,1610616848,1610616847,25,40
0022200885,22022,2023-02-16,1610612756,1610612746,107,116
0022200884,22022,2023-02-16,1610612750,1610612764,106,114
0022200883,22022,2023-02-16,1610612741,1610612749,100,112
0022200874,22022,2023-02-15,1610612754,1610612741,117,113
0022200877,22022,2023-02-15,1610612738,1610612765,127,109
0022200880,22022,2023-02-15,1610612760,1610612745,133,96
2022200285,22022,2023-02-15,1612709932,1612709922,123,119
0022200879,22022,2023-02-15,1610612763,1610612762,117,111
2022200287,22022,2023-02-15,1612709910,1612709929,141,135
2022200286,22022,2023-02-15,1612709928,1612709919,109,111
0022200882,22022,2023-02-15,1610612747,1610612740,120,102
0022200878,22022,2023-02-15,1610612751,1610612748,116,105
0022200881,22022,2023-02-15,1610612743,1610612742,118,109
2022200288,22022,2023-02-15,1612709889,1612709926,98,106
2022200290,22022,2023-02-15,1612709902,1612709918,130,111
0022200875,22022,2023-02-15,1610612755,1610612739,118,112
0022200876,22022,2023-02-15,1610612737,1610612752,101,122
0022200873,22022,2023-02-15,1610612766,1610612759,120,110
2022200289,22022,2023-02-15,1612709893,1612709905,95,114
0022200869,22022,2023-02-14,1610612749,1610612738,131,125
0022200870,22022,2023-02-14,1610612756,1610612758,120,109
0022200871,22022,2023-02-14,1610612746,1610612744,134,124
0022200872,22022,2023-02-14,1610612757,1610612764,101,126
2022200283,22022,2023-02-14,1612709917,1612709923,115,108
2022200282,22022,2023-02-14,1612709893,1612709927,128,120
0022200868,22022,2023-02-14,1610612761,1610612753,123,113
2022200284,22022,2023-02-14,1612709924,1612709918,107,101
0022200860,22022,2023-02-13,1610612755,1610612745,123,104
0022200862,22022,2023-02-13,1610612752,1610612751,124,106
2022200279,22022,2023-02-13,1612709932,1612709922,119,104
0022200863,22022,2023-02-13,1610612741,1610612753,91,100
2022200275,22022,2023-02-13,1612709911,1612709914,119,109
0022200857,22022,2023-02-13,1610612766,1610612737,144,138
2022200277,22022,2023-02-13,1612709909,1612709929,130,104
0022200864,22022,2023-02-13,1610612760,1610612740,100,103
2022200280,22022,2023-02-13,1612709919,1612709920,113,104
2022200278,22022,2023-02-13,1612709917,1612709923,112,115
0022200865,22022,2023-02-13,1610612742,1610612750,121,124
2022200274,22022,2023-02-13,1612709910,1612709905,132,128
0022200858,22022,2023-02-13,1610612739,1610612759,117,109
0022200859,22022,2023-02-13,1610612754,1610612762,117,123
0022200861,22022,2023-02-13,1610612748,1610612743,108,112
0022200866,22022,2023-02-13,1610612744,1610612764,135,126
2022200281,22022,2023-02-13,1612709903,1612709904,124,115
0022200867,22022,2023-02-13,1610612757,1610612747,127,115
2022200276,22022,2023-02-13,1612709889,1612709926,113,133
2022200272,22022,2023-02-12,1612709919,1612709920,123,124
0022200856,22022,2023-02-12,1610612761,1610612765,119,118
2022200273,22022,2023-02-12,1612709911,1612709914,108,132
2022200271,22022,2023-02-12,1612709910,1612709905,102,124
0022200855,22022,2023-02-12,1610612738,1610612763,119,109
0022200848,22022,2023-02-11,1610612753,1610612748,103,107
2022200263,22022,2023-02-11,1612709909,1612709927,166,139
0022200853,22022,2023-02-11,1610612744,1610612747,103,109
0022200849,22022,2023-02-11,1610612764,1610612754,127,113
2022200269,22022,2023-02-11,1612709923,1612709902,98,112
2022200268,22022,2023-02-11,1612709890,1612709913,113,120
2022200264,22022,2023-02-11,1612709929,1612709921,107,120
0022200852,22022,2023-02-11,1610612739,1610612741,97,89
2022200270,22022,2023-02-11,1612709918,1612709930,107,89
0022200854,22022,2023-02-11,1610612758,1610612742,133,128
2022200267,22022,2023-02-11,1612709932,1612709889,99,95
2022200266,22022,2023-02-11,1612709915,1612709893,116,105
0022200851,22022,2023-02-11,1610612752,1610612762,126,120
0022200847,22022,2023-02-11,1610612766,1610612743,105,119
2022200265,22022,2023-02-11,1612709925,1612709903,126,116
0022200850,22022,2023-02-11,1610612737,1610612759,125,106
0022200846,22022,2023-02-11,1610612751,1610612755,98,101
0022200837,22022,2023-02-10,1610612755,1610612752,119,108
0022200841,22022,2023-02-10,1610612763,1610612750,128,107
2022200258,22022,2023-02-10,1612709925,1612709903,115,124
0022200843,22022,2023-02-10,1610612757,1610612760,129,138
2022200262,22022,2023-02-10,1612709890,1612709930,116,82
0022200839,22022,2023-02-10,1610612761,1610612762,116,122
2022200257,22022,2023-02-10,1612709922,1612709910,138,137
2022200259,22022,2023-02-10,1612709915,1612709893,110,84
2022200261,22022,2023-02-10,1612709919,1612709904,96,114
2022200256,22022,2023-02-10,1612709928,1612709927,130,141
0022200844,22022,2023-02-10,1610612758,1610612742,114,122
0022200838,22022,2023-02-10,1610612738,1610612766,127,116
0022200836,22022,2023-02-10,1610612754,1610612756,104,117
0022200840,22022,2023-02-10,1610612748,1610612745,97,95
0022200842,22022,2023-02-10,1610612740,1610612739,107,118
0022200835,22022,2023-02-10,1610612765,1610612759,138,131
0022200845,22022,2023-02-10,1610612746,1610612749,106,119
2022200260,22022,2023-02-10,1612709932,1612709889,117,113
2022200251,22022,2023-02-09,1612709926,1612709931,111,99
2022200253,22022,2023-02-09,1612709924,1612709905,117,122
0022200833,22022,2023-02-09,1610612751,1610612741,116,105
2022200255,22022,2023-02-09,1612709911,1612709918,121,130
0022200831,22022,2023-02-09,1610612753,1610612743,115,104
0022200832,22022,2023-02-09,1610612737,1610612756,116,107
0022200834,22022,2023-02-09,1610612747,1610612749,106,115
2022200254,22022,2023-02-09,1612709917,1612709914,113,97
2022200252,22022,2023-02-09,1612709923,1612709902,116,112
0022200826,22022,2023-02-08,1610612761,1610612759,112,98
0022200823,22022,2023-02-08,1610612764,1610612766,118,104
2022200247,22022,2023-02-08,1612709917,1612709914,92,119
0022200822,22022,2023-02-08,1610612739,1610612765,113,85
2022200249,22022,2023-02-08,1612709921,1612709904,130,95
2022200246,22022,2023-02-08,1612709929,1612709919,121,107
0022200825,22022,2023-02-08,1610612748,1610612754,116,111
2022200244,22022,2023-02-08,1612709920,1612709915,117,126
0022200827,22022,2023-02-08,1610612745,1610612758,128,130
0022200830,22022,2023-02-08,1610612757,1610612744,125,122
2022200248,22022,2023-02-08,1612709922,1612709903,119,128
2022200243,22022,2023-02-08,1612709893,1612709909,112,122
2022200250,22022,2023-02-08,1612709890,1612709930,99,106
0022200829,22022,2023-02-08,1610612746,1610612742,104,110
0022200824,22022,2023-02-08,1610612738,1610612755,106,99
2022200245,22022,2023-02-08,1612709910,1612709889,133,119
0022200828,22022,2023-02-08,1610612762,1610612750,118,143
0022200818,22022,2023-02-07,1610612740,1610612737,116,107
2022200242,22022,2023-02-07,1612709926,1612709913,129,99
0022200819,22022,2023-02-07,1610612763,1610612741,104,89
0022200820,22022,2023-02-07,1610612743,1610612750,146,112
0022200817,22022,2023-02-07,1610612751,1610612756,112,116
0022200821,22022,2023-02-07,1610612747,1610612760,130,133
2022200241,22022,2023-02-07,1612709927,1612709902,104,122
2022200239,22022,2023-02-07,1612709911,1612709931,113,114
2022200240,22022,2023-02-07,1612709921,1612709904,112,92
0022200816,22022,2023-02-07,1610612753,1610612752,98,102
0022200813,22022,2023-02-06,1610612762,1610612742,111,124
0022200815,22022,2023-02-06,1610612757,1610612749,108,127
2022200235,22022,2023-02-06,1612709893,1612709909,99,110
2022200234,22022,2023-02-06,1612709910,1612709928,123,126
2022200236,22022,2023-02-06,1612709929,1612709919,126,112
0022200812,22022,2023-02-06,1610612745,1610612758,120,140
0022200808,22022,2023-02-06,1610612765,1610612738,99,111
2022200237,22022,2023-02-06,1612709932,1612709914,102,116
0022200810,22022,2023-02-06,1610612751,1610612746,116,124
0022200809,22022,2023-02-06,1610612764,1610612739,91,114
0022200811,22022,2023-02-06,1610612741,1610612759,128,104
0022200814,22022,2023-02-06,1610612744,1610612760,141,114
2022200238,22022,2023-02-06,1612709920,1612709915,112,115
0022200807,22022,2023-02-05,1610612740,1610612758,136,104
2022200230,22022,2023-02-05,1612709922,1612709923,133,122
2022200231,22022,2023-02-05,1612709911,1612709890,141,110
2022200232,22022,2023-02-05,1612709904,1612709913,120,111
2022200229,22022,2023-02-05,1612709925,1612709931,121,122
2022200233,22022,2023-02-05,1612709924,1612709905,123,122
0022200806,22022,2023-02-05,1610612750,1610612743,128,98
0022200802,22022,2023-02-05,1610612766,1610612753,113,119
0022200804,22022,2023-02-05,1610612752,1610612755,108,97
0022200803,22022,2023-02-05,1610612754,1610612739,103,122
0022200805,22022,2023-02-05,1610612763,1610612761,103,106
0022200796,22022,2023-02-04,1610612741,1610612757,129,121
0022200801,22022,2023-02-04,1610612743,1610612737,128,108
0022200799,22022,2023-02-04,1610612760,1610612745,153,121
2022200226,22022,2023-02-04,1612709926,1612709909,120,129
0022200800,22022,2023-02-04,1610612744,1610612742,119,113
2022200227,22022,2023-02-04,1612709905,1612709930,119,107
2022200228,22022,2023-02-04,1612709903,1612709908,131,125
2022200220,22022,2023-02-04,1612709889,1612709914,119,105
2022200221,22022,2023-02-04,1612709920,1612709893,124,118
0022200797,22022,2023-02-04,1610612749,1610612748,123,115
2022200224,22022,2023-02-04,1612709915,1612709929,132,108
2022200222,22022,2023-02-04,1612709910,1612709928,122,115
0022200795,22022,2023-02-04,1610612752,1610612746,128,134
0022200793,22022,2023-02-04,1610612751,1610612764,125,123
0022200798,22022,2023-02-04,1610612740,1610612747,131,126
2022200225,22022,2023-02-04,1612709911,1612709890,128,134
0022200794,22022,2023-02-04,1610612765,1610612756,100,116
2022200223,22022,2023-02-04,1612709921,1612709932,123,121
0022200788,22022,2023-02-03,1610612738,1610612756,94,106
0022200787,22022,2023-02-03,1610612764,1610612757,116,124
2022200217,22022,2023-02-03,1612709904,1612709913,106,99
2022200219,22022,2023-02-03,1612709902,1612709924,123,114
0022200791,22022,2023-02-03,1610612759,1610612755,125,137
0022200786,22022,2023-02-03,1610612754,1610612758,107,104
0022200790,22022,2023-02-03,1610612750,1610612753,120,127
0022200789,22022,2023-02-03,1610612745,1610612761,111,117
2022200215,22022,2023-02-03,1612709915,1612709929,96,114
0022200785,22022,2023-02-03,1610612765,1610612766,118,112
2022200218,22022,2023-02-03,1612709927,1612709923,133,144
0022200792,22022,2023-02-03,1610612762,1610612737,108,115
2022200216,22022,2023-02-03,1612709926,1612709909,132,130
2022200214,22022,2023-02-03,1612709922,1612709917,123,107
2022200212,22022,2023-02-02,1612709890,1612709889,114,115
0022200779,22022,2023-02-02,1610612739,1610612763,128,113
0022200778,22022,2023-02-02,1610612754,1610612747,111,112
0022200783,22022,2023-02-02,1610612743,1610612744,134,117
0022200784,22022,2023-02-02,1610612749,1610612746,106,105
2022200213,22022,2023-02-02,1612709920,1612709893,136,100
0022200780,22022,2023-02-02,1610612752,1610612748,106,104
0022200782,22022,2023-02-02,1610612742,1610612740,111,106
0022200781,22022,2023-02-02,1610612741,1610612766,114,98
0022200772,22022,2023-02-01,1610612738,1610612751,139,96
2022200208,22022,2023-02-01,1612709927,1612709919,111,115
0022200774,22022,2023-02-01,1610612750,1610612744,119,114
2022200210,22022,2023-02-01,1612709931,1612709905,113,109
0022200777,22022,2023-02-01,1610612756,1610612737,100,132
2022200209,22022,2023-02-01,1612709913,1612709909,102,124
0022200771,22022,2023-02-01,1610612763,1610612757,112,122
2022200207,22022,2023-02-01,1612709922,1612709917,112,108
0022200775,22022,2023-02-01,1610612759,1610612758,109,119
0022200773,22022,2023-02-01,1610612745,1610612760,112,106
0022200776,22022,2023-02-01,1610612762,1610612761,131,128
0022200770,22022,2023-02-01,1610612755,1610612753,105,94
2022200211,22022,2023-02-01,1612709924,1612709908,121,129
2022200206,22022,2023-02-01,1612709928,1612709915,131,126
0022200767,22022,2023-01-31,1610612749,1610612766,124,115
2022200205,22022,2023-01-31,1612709903,1612709926,135,105
2022200204,22022,2023-01-31,1612709904,1612709918,105,93
0022200768,22022,2023-01-31,1610612743,1610612740,122,113
0022200766,22022,2023-01-31,1610612741,1610612746,103,108
0022200764,22022,2023-01-31,1610612739,1610612748,97,100
0022200765,22022,2023-01-31,1610612752,1610612747,123,129
2022200012,22022,2023-01-30,1612709925,1612709919,113,114
0022200761,22022,2023-01-30,1610612742,1610612765,111,105
2022200202,22022,2023-01-30,1612709903,1612709926,118,111
0022200760,22022,2023-01-30,1610612759,1610612764,106,127
0022200763,22022,2023-01-30,1610612757,1610612737,129,125
0022200756,22022,2023-01-30,1610612755,1610612753,109,119
2022200201,22022,2023-01-30,1612709921,1612709927,131,116
0022200758,22022,2023-01-30,1610612750,1610612758,111,118
0022200757,22022,2023-01-30,1610612751,1610612747,121,104
0022200762,22022,2023-01-30,1610612756,1610612761,114,106
0022200759,22022,2023-01-30,1610612760,1610612744,120,128
2022200203,22022,2023-01-30,1612709924,1612709908,107,112
2022200195,22022,2023-01-29,1612709919,1612709917,103,94
2022200200,22022,2023-01-29,1612709905,1612709902,152,118
2022200196,22022,2023-01-29,1612709929,1612709932,123,107
2022200199,22022,2023-01-29,1612709918,1612709931,110,114
0022200753,22022,2023-01-29,1610612763,1610612754,112,100
0022200755,22022,2023-01-29,1610612749,1610612740,135,110
2022200197,22022,2023-01-29,1612709928,1612709921,98,111
2022200198,22022,2023-01-29,1612709911,1612709889,127,122
0022200754,22022,2023-01-29,1610612739,1610612746,122,99
0022200752,22022,2023-01-29,1610612766,1610612748,122,117
0022200746,22022,2023-01-28,1610612750,1610612758,117,110
0022200745,22022,2023-01-28,1610612737,1610612746,113,120
2022200192,22022,2023-01-28,1612709914,1612709926,109,110
0022200741,22022,2023-01-28,1610612755,1610612743,126,119
2022200190,22022,2023-01-28,1612709925,1612709910,116,124
2022200194,22022,2023-01-28,1612709918,1612709931,117,120
0022200743,22022,2023-01-28,1610612765,1610612745,114,117
0022200747,22022,2023-01-28,1610612740,1610612764,103,113
0022200744,22022,2023-01-28,1610612753,1610612741,109,128
0022200749,22022,2023-01-28,1610612738,1610612747,125,121
2022200193,22022,2023-01-28,1612709908,1612709890,126,110
2022200191,22022,2023-01-28,1612709927,1612709922,102,116
0022200751,22022,2023-01-28,1610612757,1610612761,105,123
0022200748,22022,2023-01-28,1610612759,1610612756,118,128
0022200750,22022,2023-01-28,1610612762,1610612742,108,100
2022200189,22022,2023-01-28,1612709915,1612709913,106,113
0022200742,22022,2023-01-28,1610612751,1610612752,122,115
0022200738,22022,2023-01-27,1610612748,1610612753,110,105
0022200739,22022,2023-01-27,1610612760,1610612739,112,100
0022200740,22022,2023-01-27,1610612744,1610612761,129,117
0022200736,22022,2023-01-27,1610612754,1610612749,131,141
0022200737,22022,2023-01-27,1610612750,1610612763,111,100
2022200183,22022,2023-01-27,1612709929,1612709932,120,124
2022200185,22022,2023-01-27,1612709919,1612709917,99,108
2022200182,22022,2023-01-27,1612709928,1612709923,118,116
2022200186,22022,2023-01-27,1612709911,1612709889,123,125
2022200184,22022,2023-01-27,1612709925,1612709910,128,121
2022200187,22022,2023-01-27,1612709927,1612709922,115,112
2022200188,22022,2023-01-27,1612709905,1612709902,117,119
2022200180,22022,2023-01-26,1612709930,1612709903,99,116
2022200179,22022,2023-01-26,1612709890,1612709918,131,108
0022200734,22022,2023-01-26,1610612756,1610612742,95,99
0022200731,22022,2023-01-26,1610612751,1610612765,122,130
2022200178,22022,2023-01-26,1612709908,1612709931,110,96
2022200181,22022,2023-01-26,1612709914,1612709926,124,104
0022200733,22022,2023-01-26,1610612745,1610612739,95,113
0022200730,22022,2023-01-26,1610612738,1610612752,117,120
2022200177,22022,2023-01-26,1612709920,1612709913,95,115
0022200735,22022,2023-01-26,1610612746,1610612759,138,100
0022200732,22022,2023-01-26,1610612766,1610612741,111,96
0022200726,22022,2023-01-25,1610612744,1610612763,122,120
0022200725,22022,2023-01-25,1610612760,1610612737,132,137
2022200170,22022,2023-01-25,1612709920,1612709913,110,89
0022200721,22022,2023-01-25,1610612755,1610612751,137,133
0022200729,22022,2023-01-25,1610612747,1610612759,113,104
2022200173,22022,2023-01-25,1612709893,1612709929,116,115
2022200176,22022,2023-01-25,1612709924,1612709903,124,112
0022200722,22022,2023-01-25,1610612745,1610612764,103,108
0022200723,22022,2023-01-25,1610612749,1610612743,107,99
2022200164,22022,2023-01-25,1612709910,1612709915,133,119
0022200720,22022,2023-01-25,1610612753,1610612754,126,120
2022200171,22022,2023-01-25,1612709889,1612709917,113,105
0022200724,22022,2023-01-25,1610612740,1610612750,102,111
2022200175,22022,2023-01-25,1612709932,1612709927,120,102
2022200172,22022,2023-01-25,1612709928,1612709923,109,124
0022200728,22022,2023-01-25,1610612758,1610612761,95,113
2022200174,22022,2023-01-25,1612709921,1612709911,131,112
0022200727,22022,2023-01-25,1610612757,1610612762,134,124
2022200163,22022,2023-01-24,1612709889,1612709917,99,113
0022200714,22022,2023-01-24,1610612748,1610612738,98,95
2022200169,22022,2023-01-24,1612709908,1612709931,124,120
2022200168,22022,2023-01-24,1612709904,1612709890,92,87
2022200166,22022,2023-01-24,1612709909,1612709925,123,105
0022200719,22022,2023-01-24,1610612747,1610612746,115,133
2022200167,22022,2023-01-24,1612709919,1612709911,126,99
0022200718,22022,2023-01-24,1610612756,1610612766,128,97
0022200715,22022,2023-01-24,1610612752,1610612739,105,103
0022200713,22022,2023-01-24,1610612754,1610612741,116,110
0022200716,22022,2023-01-24,1610612740,1610612743,98,99
0022200717,22022,2023-01-24,1610612742,1610612764,126,127
2022200165,22022,2023-01-24,1612709893,1612709929,106,111
0022200709,22022,2023-01-23,1610612745,1610612750,119,114
2022200162,22022,2023-01-23,1612709924,1612709903,147,105
0022200707,22022,2023-01-23,1610612753,1610612738,113,98
0022200706,22022,2023-01-23,1610612765,1610612749,130,150
0022200712,22022,2023-01-23,1610612758,1610612763,133,100
2022200161,22022,2023-01-23,1612709932,1612709927,134,130
0022200708,22022,2023-01-23,1610612741,1610612737,111,100
0022200711,22022,2023-01-23,1610612757,1610612759,147,127
0022200710,22022,2023-01-23,1610612762,1610612766,120,102
0022200699,22022,2023-01-22,1610612748,1610612740,100,96
2022200156,22022,2023-01-22,1612709893,1612709928,111,107
2022200160,22022,2023-01-22,1612709931,1612709902,128,117
0022200700,22022,2023-01-22,1610612761,1610612752,125,116
2022200158,22022,2023-01-22,1612709915,1612709925,115,112
2022200159,22022,2023-01-22,1612709913,1612709914,104,122
2022200155,22022,2023-01-22,1612709919,1612709911,97,99
0022200705,22022,2023-01-22,1610612757,1610612747,112,121
0022200702,22022,2023-01-22,1610612743,1610612760,99,101
2022200157,22022,2023-01-22,1612709910,1612709929,91,129
0022200701,22022,2023-01-22,1610612742,1610612746,98,112
0022200704,22022,2023-01-22,1610612744,1610612751,116,120
0022200703,22022,2023-01-22,1610612756,1610612763,112,110
0022200695,22022,2023-01-21,1610612739,1610612749,114,102
2022200147,22022,2023-01-21,1612709922,1612709923,105,112
0022200692,22022,2023-01-21,1610612761,1610612738,104,106
0022200696,22022,2023-01-21,1610612750,1610612745,113,104
2022200150,22022,2023-01-21,1612709913,1612709914,112,111
2022200152,22022,2023-01-21,1612709908,1612709930,107,114
0022200693,22022,2023-01-21,1610612764,1610612753,138,118
2022200146,22022,2023-01-21,1612709909,1612709921,101,116
0022200694,22022,2023-01-21,1610612737,1610612766,118,122
2022200148,22022,2023-01-21,1612709915,1612709925,111,117
2022200154,22022,2023-01-21,1612709903,1612709905,110,119
2022200151,22022,2023-01-21,1612709927,1612709920,126,135
0022200698,22022,2023-01-21,1610612758,1610612755,127,129
2022200153,22022,2023-01-21,1612709918,1612709889,121,117
2022200149,22022,2023-01-21,1612709890,1612709924,82,115
0022200697,22022,2023-01-21,1610612756,1610612754,112,107
0022200684,22022,2023-01-20,1610612737,1610612752,139,124
2022200143,22022,2023-01-20,1612709931,1612709902,126,135
0022200685,22022,2023-01-20,1610612739,1610612744,114,120
0022200690,22022,2023-01-20,1610612747,1610612763,122,121
2022200144,22022,2023-01-20,1612709890,1612709924,108,100
0022200683,22022,2023-01-20,1610612753,1610612740,123,110
0022200688,22022,2023-01-20,1610612743,1610612754,134,111
0022200687,22022,2023-01-20,1610612759,1610612746,126,131
0022200686,22022,2023-01-20,1610612742,1610612748,115,90
0022200689,22022,2023-01-20,1610612762,1610612751,106,117
0022200691,22022,2023-01-20,1610612758,1610612760,118,113
2022200142,22022,2023-01-20,1612709917,1612709928,101,104
2022200145,22022,2023-01-20,1612709908,1612709930,110,107
0022200682,22022,2023-01-19,1610612757,1610612755,95,105
2022200139,22022,2023-01-19,1612709923,1612709929,111,133
0022200681,22022,2023-01-19,1610612756,1610612751,117,112
2022200141,22022,2023-01-19,1612709905,1612709932,127,117
0022200680,22022,2023-01-19,1610612750,1610612761,128,126
0022200678,22022,2023-01-19,1610612765,1610612741,108,126
0022200679,22022,2023-01-19,1610612738,1610612744,121,118
2022200138,22022,2023-01-19,1612709904,1612709925,121,125
2022200140,22022,2023-01-19,1612709903,1612709910,107,121
2022200133,22022,2023-01-18,1612709927,1612709919,127,118
0022200673,22022,2023-01-18,1610612740,1610612748,98,124
0022200671,22022,2023-01-18,1610612745,1610612766,117,122
2022200137,22022,2023-01-18,1612709926,1612709902,129,122
0022200672,22022,2023-01-18,1610612763,1610612739,115,114
2022200134,22022,2023-01-18,1612709889,1612709914,113,118
0022200670,22022,2023-01-18,1610612742,1610612737,122,130
0022200669,22022,2023-01-18,1610612752,1610612764,105,116
2022200136,22022,2023-01-18,1612709922,1612709893,102,112
0022200677,22022,2023-01-18,1610612747,1610612758,111,116
0022200674,22022,2023-01-18,1610612760,1610612754,126,106
0022200675,22022,2023-01-18,1610612762,1610612746,126,103
2022200135,22022,2023-01-18,1612709928,1612709921,114,121
0022200676,22022,2023-01-18,1610612743,1610612750,122,118
0022200668,22022,2023-01-17,1610612746,1610612755,110,120
2022200129,22022,2023-01-17,1612709904,1612709925,100,104
0022200667,22022,2023-01-17,1610612743,1610612757,122,113
2022200131,22022,2023-01-17,1612709926,1612709902,140,131
0022200666,22022,2023-01-17,1610612759,1610612751,106,98
2022200132,22022,2023-01-17,1612709930,1612709910,114,121
2022200130,22022,2023-01-17,1612709913,1612709908,105,132
0022200665,22022,2023-01-17,1610612749,1610612761,130,122
0022200664,22022,2023-01-16,1610612747,1610612745,140,132
0022200662,22022,2023-01-16,1610612750,1610612762,125,126
2022200124,22022,2023-01-16,1612709918,1612709903,116,125
2022200122,22022,2023-01-16,1612709921,1612709917,99,80
0022200659,22022,2023-01-16,1610612752,1610612761,121,123
0022200656,22022,2023-01-16,1610612766,1610612738,118,130
0022200658,22022,2023-01-16,1610612739,1610612740,113,103
2022200121,22022,2023-01-16,1612709909,1612709927,153,132
2022200128,22022,2023-01-16,1612709924,1612709932,93,106
2022200126,22022,2023-01-16,1612709930,1612709910,119,141
0022200660,22022,2023-01-16,1610612764,1610612744,118,127
2022200125,22022,2023-01-16,1612709890,1612709914,98,112
2022200123,22022,2023-01-16,1612709923,1612709893,105,112
0022200657,22022,2023-01-16,1610612749,1610612754,132,119
2022200127,22022,2023-01-16,1612709929,1612709928,104,111
0022200661,22022,2023-01-16,1610612737,1610612748,121,113
0022200663,22022,2023-01-16,1610612763,1610612756,136,106
0022200654,22022,2023-01-15,1610612757,1610612742,140,123
0022200653,22022,2023-01-15,1610612743,1610612753,119,116
0022200650,22022,2023-01-15,1610612741,1610612744,132,118
2022200120,22022,2023-01-15,1612709924,1612709932,118,113
0022200649,22022,2023-01-15,1610612746,1610612745,121,100
0022200652,22022,2023-01-15,1610612759,1610612758,119,132
0022200655,22022,2023-01-15,1610612747,1610612755,112,113
0022200651,22022,2023-01-15,1610612751,1610612760,102,112
0022200648,22022,2023-01-15,1610612765,1610612752,104,117
2022200118,22022,2023-01-15,1612709911,1612709926,110,107
2022200119,22022,2023-01-15,1612709904,1612709920,123,126
0022200644,22022,2023-01-14,1610612761,1610612737,103,114
0022200647,22022,2023-01-14,1610612757,1610612742,136,119
2022200114,22022,2023-01-14,1612709913,1612709903,108,110
2022200117,22022,2023-01-14,1612709914,1612709908,124,118
2022200110,22022,2023-01-14,1612709925,1612709922,117,100
0022200642,22022,2023-01-14,1610612766,1610612738,106,122
2022200115,22022,2023-01-14,1612709923,1612709893,96,105
2022200109,22022,2023-01-14,1612709910,1612709927,129,123
2022200111,22022,2023-01-14,1612709921,1612709917,96,85
0022200641,22022,2023-01-14,1610612748,1610612749,111,95
2022200116,22022,2023-01-14,1612709918,1612709905,113,106
2022200113,22022,2023-01-14,1612709931,1612709890,91,86
0022200645,22022,2023-01-14,1610612750,1610612739,110,102
2022200112,22022,2023-01-14,1612709915,1612709909,111,116
2022200108,22022,2023-01-14,1612709929,1612709928,108,97
0022200646,22022,2023-01-14,1610612762,1610612755,117,118
0022200643,22022,2023-01-14,1610612754,1610612763,112,130
2022200104,22022,2023-01-13,1612709931,1612709890,127,125
0022200637,22022,2023-01-13,1610612750,1610612756,121,116
2022200101,22022,2023-01-13,1612709893,1612709927,115,96
0022200635,22022,2023-01-13,1610612759,1610612744,113,144
2022200105,22022,2023-01-13,1612709918,1612709905,105,125
0022200639,22022,2023-01-13,1610612746,1610612743,103,115
0022200634,22022,2023-01-13,1610612764,1610612752,108,112
2022200106,22022,2023-01-13,1612709902,1612709904,110,129
2022200103,22022,2023-01-13,1612709913,1612709903,110,132
0022200640,22022,2023-01-13,1610612758,1610612745,139,114
0022200632,22022,2023-01-13,1610612765,1610612740,110,116
0022200636,22022,2023-01-13,1610612741,1610612760,110,124
2022200107,22022,2023-01-13,1612709914,1612709908,134,113
0022200638,22022,2023-01-13,1610612762,1610612753,112,108
0022200633,22022,2023-01-13,1610612754,1610612737,111,113
2022200102,22022,2023-01-13,1612709925,1612709922,133,136
2022200098,22022,2023-01-12,1612709930,1612709889,109,118
0022200629,22022,2023-01-12,1610612761,1610612766,124,114
2022200099,22022,2023-01-12,1612709924,1612709911,126,107
0022200627,22022,2023-01-12,1610612751,1610612738,98,109
0022200626,22022,2023-01-12,1610612755,1610612760,114,133
0022200630,22022,2023-01-12,1610612747,1610612742,115,119
2022200100,22022,2023-01-12,1612709902,1612709904,126,103
0022200631,22022,2023-01-12,1610612757,1610612739,113,119
2022200097,22022,2023-01-12,1612709932,1612709920,99,105
0022200628,22022,2023-01-12,1610612748,1610612749,108,102
2022200096,22022,2023-01-12,1612709915,1612709909,137,149
0022200623,22022,2023-01-11,1610612763,1610612759,135,129
2022200094,22022,2023-01-11,1612709924,1612709913,126,106
2022200092,22022,2023-01-11,1612709921,1612709923,118,121
0022200619,22022,2023-01-11,1610612764,1610612741,100,97
0022200618,22022,2023-01-11,1610612765,1610612750,135,118
0022200622,22022,2023-01-11,1610612752,1610612754,119,113
2022200093,22022,2023-01-11,1612709927,1612709926,104,115
2022200005,22022,2023-01-11,1612709925,1612709919,129,117
0022200625,22022,2023-01-11,1610612758,1610612745,135,115
2022200095,22022,2023-01-11,1612709905,1612709889,120,111
0022200621,22022,2023-01-11,1610612738,1610612740,125,114
0022200620,22022,2023-01-11,1610612737,1610612749,105,114
0022200624,22022,2023-01-11,1610612743,1610612756,126,97
0022200615,22022,2023-01-10,1610612744,1610612756,113,125
0022200616,22022,2023-01-10,1610612757,1610612753,106,109
0022200614,22022,2023-01-10,1610612762,1610612739,116,114
2022200089,22022,2023-01-10,1612709920,1612709928,116,123
0022200611,22022,2023-01-10,1610612748,1610612760,112,111
0022200617,22022,2023-01-10,1610612746,1610612742,113,101
0022200613,22022,2023-01-10,1610612761,1610612766,132,120
2022200087,22022,2023-01-10,1612709917,1612709915,115,132
2022200088,22022,2023-01-10,1612709919,1612709922,125,93
2022200091,22022,2023-01-10,1612709930,1612709931,123,122
2022200090,22022,2023-01-10,1612709903,1612709908,122,128
0022200612,22022,2023-01-10,1610612755,1610612765,147,116
0022200610,22022,2023-01-09,1610612758,1610612753,136,111
0022200609,22022,2023-01-09,1610612743,1610612747,122,109
2022200083,22022,2023-01-09,1612709920,1612709928,122,119
0022200605,22022,2023-01-09,1610612764,1610612740,112,132
2022200081,22022,2023-01-09,1612709921,1612709923,118,110
2022200086,22022,2023-01-09,1612709914,1612709904,104,112
0022200606,22022,2023-01-09,1610612738,1610612741,107,99
0022200607,22022,2023-01-09,1610612752,1610612749,107,111
0022200608,22022,2023-01-09,1610612763,1610612759,121,113
2022200082,22022,2023-01-09,1612709932,1612709925,99,110
2022200084,22022,2023-01-09,1612709924,1612709913,106,97
2022200085,22022,2023-01-09,1612709905,1612709911,143,132
2022200076,22022,2023-01-08,1612709909,1612709922,121,117
0022200601,22022,2023-01-08,1610612745,1610612750,96,104
0022200597,22022,2023-01-08,1610612761,1610612757,117,105
2022200074,22022,2023-01-08,1612709919,1612709921,97,130
0022200598,22022,2023-01-08,1610612754,1610612766,116,111
0022200602,22022,2023-01-08,1610612760,1610612742,120,109
0022200603,22022,2023-01-08,1610612756,1610612739,98,112
0022200600,22022,2023-01-08,1610612763,1610612762,123,118
0022200596,22022,2023-01-08,1610612765,1610612755,111,123
2022200078,22022,2023-01-08,1612709917,1612709915,106,121
2022200077,22022,2023-01-08,1612709910,1612709893,119,122
0022200604,22022,2023-01-08,1610612746,1610612737,108,112
2022200073,22022,2023-01-08,1612709889,1612709902,108,112
0022200599,22022,2023-01-08,1610612748,1610612751,101,102
2022200075,22022,2023-01-08,1612709929,1612709890,107,114
2022200080,22022,2023-01-08,1612709930,1612709931,115,121
2022200079,22022,2023-01-08,1612709918,1612709926,114,119
0022200595,22022,2023-01-07,1610612758,1610612747,134,136
0022200591,22022,2023-01-07,1610612759,1610612738,116,121
2022200072,22022,2023-01-07,1612709903,1612709911,118,115
2022200071,22022,2023-01-07,1612709918,1612709926,105,118
0022200592,22022,2023-01-07,1610612741,1610612762,126,118
2022200069,22022,2023-01-07,1612709905,1612709913,128,98
2022200068,22022,2023-01-07,1612709923,1612709925,108,109
2022200070,22022,2023-01-07,1612709908,1612709904,110,124
0022200594,22022,2023-01-07,1610612744,1610612753,101,115
0022200593,22022,2023-01-07,1610612742,1610612740,127,117
2022200061,22022,2023-01-06,1612709931,1612709889,118,116
0022200588,22022,2023-01-06,1610612743,1610612739,121,108
2022200057,22022,2023-01-06,1612709928,1612709890,97,85
0022200580,22022,2023-01-06,1610612754,1610612757,108,99
0022200589,22022,2023-01-06,1610612756,1610612748,96,104
0022200590,22022,2023-01-06,1610612747,1610612737,130,114
0022200583,22022,2023-01-06,1610612749,1610612766,109,138
2022200064,22022,2023-01-06,1612709908,1612709904,104,115
0022200581,22022,2023-01-06,1610612755,1610612741,112,126
2022200065,22022,2023-01-06,1612709903,1612709911,131,114
0022200582,22022,2023-01-06,1610612761,1610612752,108,112
2022200059,22022,2023-01-06,1612709915,1612709932,112,106
2022200060,22022,2023-01-06,1612709919,1612709921,120,119
0022200587,22022,2023-01-06,1610612750,1610612746,128,115
0022200586,22022,2023-01-06,1610612740,1610612751,102,108
2022200066,22022,2023-01-06,1612709930,1612709902,136,115
0022200584,22022,2023-01-06,1610612760,1610612764,127,110
2022200067,22022,2023-01-06,1612709914,1612709924,104,92
2022200062,22022,2023-01-06,1612709923,1612709925,122,117
2022200058,22022,2023-01-06,1612709909,1612709922,113,118
0022200585,22022,2023-01-06,1610612759,1610612765,121,109
2022200063,22022,2023-01-06,1612709927,1612709929,120,116
0022200579,22022,2023-01-05,1610612743,1610612746,122,91
2022200054,22022,2023-01-05,1612709931,1612709889,98,95
2022200052,22022,2023-01-05,1612709917,1612709910,108,129
0022200578,22022,2023-01-05,1610612745,1610612762,114,131
2022200053,22022,2023-01-05,1612709915,1612709932,132,102
2022200055,22022,2023-01-05,1612709930,1612709902,100,125
0022200577,22022,2023-01-05,1610612742,1610612738,95,124
2022200056,22022,2023-01-05,1612709905,1612709913,113,107
0022200576,22022,2023-01-05,1610612753,1610612763,115,123
0022200574,22022,2023-01-04,1610612747,1610612748,112,109
0022200571,22022,2023-01-04,1610612750,1610612757,113,106
0022200573,22022,2023-01-04,1610612744,1610612765,119,122
2022200050,22022,2023-01-04,1612709927,1612709929,126,121
0022200566,22022,2023-01-04,1610612753,1610612760,126,115
2022200047,22022,2023-01-04,1612709928,1612709890,128,103
2022200044,22022,2023-01-04,1612709904,1612709918,132,130
0022200564,22022,2023-01-04,1610612766,1610612763,107,131
0022200575,22022,2023-01-04,1610612758,1610612737,117,120
2022200049,22022,2023-01-04,1612709921,1612709920,129,119
0022200572,22022,2023-01-04,1610612740,1610612745,119,108
0022200567,22022,2023-01-04,1610612755,1610612754,129,126
0022200565,22022,2023-01-04,1610612739,1610612756,90,88
0022200568,22022,2023-01-04,1610612752,1610612759,117,114
0022200569,22022,2023-01-04,1610612761,1610612749,101,104
0022200570,22022,2023-01-04,1610612741,1610612751,121,112
2022200051,22022,2023-01-04,1612709903,1612709914,116,127
2022200048,22022,2023-01-04,1612709910,1612709923,116,128
2022200045,22022,2023-01-03,1612709913,1612709930,116,119
2022200042,22022,2023-01-03,1612709917,1612709909,119,113
0022200563,22022,2023-01-03,1610612762,1610612758,115,117
2022200046,22022,2023-01-03,1612709926,1612709931,128,113
0022200562,22022,2023-01-03,1610612760,1610612738,150,117
2022200043,22022,2023-01-03,1612709919,1612709893,97,99
0022200561,22022,2023-01-03,1610612749,1610612764,123,113
2022200041,22022,2023-01-03,1612709889,1612709908,122,117
0022200559,22022,2023-01-02,1610612757,1610612765,135,106
2022200038,22022,2023-01-02,1612709917,1612709909,107,125
0022200555,22022,2023-01-02,1610612751,1610612759,139,103
2022200040,22022,2023-01-02,1612709919,1612709893,103,115
0022200557,22022,2023-01-02,1610612750,1610612743,124,111
2022200037,22022,2023-01-02,1612709929,1612709925,116,131
0022200550,22022,2023-01-02,1610612752,1610612756,102,83
0022200553,22022,2023-01-02,1610612754,1610612761,122,114
0022200558,22022,2023-01-02,1610612744,1610612737,143,141
2022200039,22022,2023-01-02,1612709921,1612709920,110,102
0022200556,22022,2023-01-02,1610612745,1610612742,106,111
0022200551,22022,2023-01-02,1610612766,1610612747,115,121
0022200560,22022,2023-01-02,1610612746,1610612748,100,110
0022200554,22022,2023-01-02,1610612755,1610612740,120,111
0022200552,22022,2023-01-02,1610612739,1610612741,145,134
2022200034,22022,2023-01-01,1612709913,1612709930,124,126
0022200549,22022,2023-01-01,1610612743,1610612738,123,111
0022200547,22022,2023-01-01,1610612763,1610612758,118,108
2022200036,22022,2023-01-01,1612709890,1612709914,94,108
2022200035,22022,2023-01-01,1612709904,1612709924,123,110
0022200548,22022,2023-01-01,1610612749,1610612764,95,118
2022200033,22022,2023-01-01,1612709911,1612709918,126,138
0022200539,22022,2022-12-31,1610612766,1610612751,106,123
2022200026,22022,2022-12-31,1612709922,1612709928,124,131
2022200031,22022,2022-12-31,1612709904,1612709924,95,99
0022200544,22022,2022-12-31,1610612750,1610612765,104,116
2022200029,22022,2022-12-31,1612709932,1612709923,122,108
2022200030,22022,2022-12-31,1612709929,1612709925,124,96
2022200032,22022,2022-12-31,1612709927,1612709917,93,91
0022200541,22022,2022-12-31,1610612745,1610612752,88,108
0022200546,22022,2022-12-31,1610612762,1610612748,123,126
0022200543,22022,2022-12-31,1610612763,1610612740,116,101
2022200028,22022,2022-12-31,1612709911,1612709920,128,124
2022200027,22022,2022-12-31,1612709915,1612709908,136,132
0022200542,22022,2022-12-31,1610612759,1610612742,125,126
0022200540,22022,2022-12-31,1610612741,1610612739,102,103
0022200538,22022,2022-12-31,1610612754,1610612746,131,130
0022200545,22022,2022-12-31,1610612760,1610612755,96,115
0022200534,22022,2022-12-30,1610612740,1610612755,127,116
0022200532,22022,2022-12-30,1610612741,1610612765,132,118
0022200537,22022,2022-12-30,1610612758,1610612762,126,125
0022200536,22022,2022-12-30,1610612744,1610612757,118,112
2022200023,22022,2022-12-30,1612709931,1612709903,136,109
0022200531,22022,2022-12-30,1610612761,1610612756,113,104
2022200021,22022,2022-12-30,1612709909,1612709921,111,108
2022200025,22022,2022-12-30,1612709902,1612709914,112,113
0022200535,22022,2022-12-30,1610612743,1610612748,124,119
0022200533,22022,2022-12-30,1610612749,1610612750,123,114
0022200529,22022,2022-12-30,1610612753,1610612764,100,119
2022200020,22022,2022-12-30,1612709915,1612709908,118,98
2022200022,22022,2022-12-30,1612709913,1612709918,94,104
2022200024,22022,2022-12-30,1612709926,1612709905,118,117
0022200530,22022,2022-12-30,1610612737,1610612747,121,130
0022200527,22022,2022-12-29,1610612759,1610612752,122,115
0022200525,22022,2022-12-29,1610612738,1610612746,116,110
2022200014,22022,2022-12-29,1612709913,1612709918,134,101
2022200019,22022,2022-12-29,1612709902,1612709914,112,121
2022200017,22022,2022-12-29,1612709890,1612709889,108,105
2022200016,22022,2022-12-29,1612709926,1612709905,122,103
2022200013,22022,2022-12-29,1612709921,1612709922,122,95
2022200011,22022,2022-12-29,1612709928,1612709932,107,105
0022200526,22022,2022-12-29,1610612761,1610612763,106,119
2022200010,22022,2022-12-29,1612709910,1612709923,131,121
0022200528,22022,2022-12-29,1610612742,1610612745,129,114
2022200018,22022,2022-12-29,1612709930,1612709924,96,111
2022200015,22022,2022-12-29,1612709911,1612709920,118,127
0022200523,22022,2022-12-29,1610612766,1610612760,121,113
0022200524,22022,2022-12-29,1610612754,1610612739,135,126
0022200515,22022,2022-12-28,1610612765,1610612753,121,101
2022200008,22022,2022-12-28,1612709893,1612709917,104,108
0022200520,22022,2022-12-28,1610612740,1610612750,119,118
0022200522,22022,2022-12-28,1610612758,1610612743,127,126
2022200009,22022,2022-12-28,1612709931,1612709903,111,103
0022200519,22022,2022-12-28,1610612741,1610612749,119,113
0022200518,22022,2022-12-28,1610612748,1610612747,112,98
0022200521,22022,2022-12-28,1610612744,1610612762,112,107
0022200516,22022,2022-12-28,1610612764,1610612756,127,102
0022200517,22022,2022-12-28,1610612737,1610612751,107,108
2022200007,22022,2022-12-27,1612709930,1612709924,114,108
0022200509,22022,2022-12-27,1610612761,1610612746,113,124
0022200505,22022,2022-12-27,1610612753,1610612747,110,129
0022200511,22022,2022-12-27,1610612760,1610612759,130,114
0022200507,22022,2022-12-27,1610612738,1610612745,126,102
2022200003,22022,2022-12-27,1612709928,1612709932,115,108
2022200006,22022,2022-12-27,1612709921,1612709922,113,108
0022200513,22022,2022-12-27,1610612744,1610612766,110,105
0022200508,22022,2022-12-27,1610612754,1610612737,129,114
2022200002,22022,2022-12-27,1612709889,1612709904,112,108
0022200506,22022,2022-12-27,1610612764,1610612755,116,111
0022200510,22022,2022-12-27,1610612763,1610612756,108,125
0022200512,22022,2022-12-27,1610612742,1610612752,126,121
2022200001,22022,2022-12-27,1612709910,1612709915,113,126
2022200004,22022,2022-12-27,1612709909,1612709908,99,138
0022200514,22022,2022-12-27,1610612758,1610612743,106,113
0022200500,22022,2022-12-26,1610612748,1610612750,113,110
0022200501,22022,2022-12-26,1610612741,1610612745,118,133
0022200504,22022,2022-12-26,1610612757,1610612766,124,113
0022200499,22022,2022-12-26,1610612765,1610612746,131,142
0022200498,22022,2022-12-26,1610612739,1610612751,117,125
0022200502,22022,2022-12-26,1610612740,1610612754,113,93
0022200503,22022,2022-12-26,1610612759,1610612762,126,122
0022200494,22022,2022-12-25,1610612742,1610612747,124,115
0022200495,22022,2022-12-25,1610612738,1610612749,139,118
0022200497,22022,2022-12-25,1610612743,1610612756,128,125
0022200496,22022,2022-12-25,1610612744,1610612763,123,109
0022200493,22022,2022-12-25,1610612752,1610612755,112,119
0022200486,22022,2022-12-23,1610612748,1610612754,108,111
0022200481,22022,2022-12-23,1610612737,1610612765,130,105
0022200482,22022,2022-12-23,1610612738,1610612750,121,109
0022200487,22022,2022-12-23,1610612745,1610612742,106,112
0022200485,22022,2022-12-23,1610612752,1610612741,117,118
0022200488,22022,2022-12-23,1610612760,1610612740,125,128
0022200492,22022,2022-12-23,1610612747,1610612766,130,134
0022200491,22022,2022-12-23,1610612758,1610612764,111,125
0022200484,22022,2022-12-23,1610612739,1610612761,107,118
0022200480,22022,2022-12-23,1610612755,1610612746,119,114
0022200490,22022,2022-12-23,1610612756,1610612763,100,125
0022200479,22022,2022-12-23,1610612753,1610612759,133,113
0022200489,22022,2022-12-23,1610612743,1610612757,120,107
0022200483,22022,2022-12-23,1610612751,1610612749,118,100
2052200266,52022,2022-12-22,1612709924,1612709923,99,97
2052200270,52022,2022-12-22,1612709917,1612709913,111,100
0022200477,22022,2022-12-22,1610612740,1610612759,126,117
2052200267,52022,2022-12-22,1612709932,1612709926,100,112
2052200264,52022,2022-12-22,1612709922,1612709930,109,90
2052200268,52022,2022-12-22,1612709925,1612709914,105,111
2052200271,52022,2022-12-22,1612709931,1612709919,114,113
2052200265,52022,2022-12-22,1612709921,1612709918,108,123
2052200269,52022,2022-12-22,1612709889,1612709910,131,132
0022200478,22022,2022-12-22,1610612762,1610612764,120,112
2052200258,52022,2022-12-21,1612709902,1612709928,105,108
2052200260,52022,2022-12-21,1612709889,1612709925,133,102
0022200474,22022,2022-12-21,1610612760,1610612757,101,98
0022200470,22022,2022-12-21,1610612751,1610612744,143,113
2052200262,52022,2022-12-21,1612709931,1612709920,124,110
0022200466,22022,2022-12-21,1610612739,1610612749,114,106
2052200259,52022,2022-12-21,1612709903,1612709917,100,110
0022200473,22022,2022-12-21,1610612750,1610612742,99,104
2052200261,52022,2022-12-21,1612709890,1612709927,112,114
0022200472,22022,2022-12-21,1610612745,1610612753,110,116
0022200476,22022,2022-12-21,1610612746,1610612766,126,105
0022200468,22022,2022-12-21,1610612737,1610612741,108,110
2052200257,52022,2022-12-21,1612709905,1612709929,115,113
0022200467,22022,2022-12-21,1610612755,1610612765,113,93
0022200475,22022,2022-12-21,1610612758,1610612747,134,120
0022200471,22022,2022-12-21,1610612752,1610612761,106,113
2052200263,52022,2022-12-21,1612709904,1612709909,113,118
0022200469,22022,2022-12-21,1610612738,1610612754,112,117
2052200256,52022,2022-12-21,1612709908,1612709911,125,119
2052200248,52022,2022-12-20,1612709910,1612709902,134,96
2052200250,52022,2022-12-20,1612709920,1612709918,115,123
2052200254,52022,2022-12-20,1612709893,1612709923,94,96
0022200464,22022,2022-12-20,1610612756,1610612764,110,113
0022200463,22022,2022-12-20,1610612752,1610612744,132,94
2052200249,52022,2022-12-20,1612709927,1612709913,99,85
2052200253,52022,2022-12-20,1612709919,1612709926,90,101
0022200461,22022,2022-12-20,1610612765,1610612762,111,126
2052200247,52022,2022-12-20,1612709904,1612709922,108,91
2052200255,52022,2022-12-20,1612709932,1612709930,96,88
2052200251,52022,2022-12-20,1612709921,1612709914,88,92
0022200462,22022,2022-12-20,1610612748,1610612741,103,113
0022200465,22022,2022-12-20,1610612743,1610612763,105,91
2052200252,52022,2022-12-20,1612709924,1612709915,124,112
2052200246,52022,2022-12-19,1612709929,1612709893,104,120
0022200452,22022,2022-12-19,1610612739,1610612762,122,99
0022200455,22022,2022-12-19,1610612745,1610612759,105,124
0022200458,22022,2022-12-19,1610612760,1610612757,123,121
2052200243,52022,2022-12-19,1612709908,1612709923,96,102
0022200457,22022,2022-12-19,1610612740,1610612749,119,128
0022200460,22022,2022-12-19,1610612758,1610612766,119,125
2052200242,52022,2022-12-19,1612709905,1612709915,106,112
0022200456,22022,2022-12-19,1610612750,1610612742,116,106
0022200454,22022,2022-12-19,1610612737,1610612753,126,125
2052200245,52022,2022-12-19,1612709928,1612709903,109,104
0022200453,22022,2022-12-19,1610612755,1610612761,104,101
2052200241,52022,2022-12-19,1612709909,1612709890,127,107
2052200244,52022,2022-12-19,1612709924,1612709911,121,95
0022200459,22022,2022-12-19,1610612756,1610612747,130,104
0022200447,22022,2022-12-18,1610612765,1610612751,121,124
0022200445,22022,2022-12-18,1610612738,1610612753,92,95
0022200451,22022,2022-12-18,1610612747,1610612764,119,117
0022200450,22022,2022-12-18,1610612743,1610612766,119,115
0022200448,22022,2022-12-18,1610612761,1610612744,110,126
0022200449,22022,2022-12-18,1610612750,1610612741,150,126
0022200446,22022,2022-12-18,1610612754,1610612752,106,109
0022200442,22022,2022-12-17,1610612749,1610612762,123,97
0022200438,22022,2022-12-17,1610612746,1610612764,102,93
2052200239,52022,2022-12-17,1612709923,1612709917,129,118
0022200440,22022,2022-12-17,1610612739,1610612742,100,99
2052200240,52022,2022-12-17,1612709905,1612709914,122,117
2052200238,52022,2022-12-17,1612709926,1612709913,96,104
0022200444,22022,2022-12-17,1610612756,1610612740,118,114
0022200443,22022,2022-12-17,1610612760,1610612763,115,109
0022200441,22022,2022-12-17,1610612745,1610612757,95,107
0022200439,22022,2022-12-17,1610612759,1610612748,101,111
2052200232,52022,2022-12-16,1612709920,1612709929,116,134
0022200436,22022,2022-12-16,1610612742,1610612757,130,110
0022200435,22022,2022-12-16,1610612760,1610612750,110,112
0022200429,22022,2022-12-16,1610612765,1610612758,113,122
0022200433,22022,2022-12-16,1610612761,1610612751,116,119
2052200237,52022,2022-12-16,1612709902,1612709930,118,122
2052200230,52022,2022-12-16,1612709925,1612709918,112,105
2052200231,52022,2022-12-16,1612709919,1612709909,113,122
0022200432,22022,2022-12-16,1610612755,1610612744,118,106
2052200236,52022,2022-12-16,1612709927,1612709910,114,128
2052200234,52022,2022-12-16,1612709926,1612709908,117,113
0022200431,22022,2022-12-16,1610612739,1610612754,118,112
2052200235,52022,2022-12-16,1612709923,1612709917,103,106
2052200233,52022,2022-12-16,1612709931,1612709890,112,102
0022200434,22022,2022-12-16,1610612741,1610612752,91,114
0022200437,22022,2022-12-16,1610612747,1610612743,126,108
0022200428,22022,2022-12-16,1610612766,1610612737,106,125
0022200430,22022,2022-12-16,1610612738,1610612753,109,117
2052200228,52022,2022-12-15,1612709911,1612709893,133,130
0022200424,22022,2022-12-15,1610612745,1610612748,108,111
0022200426,22022,2022-12-15,1610612762,1610612740,132,129
0022200427,22022,2022-12-15,1610612746,1610612756,95,111
2052200226,52022,2022-12-15,1612709921,1612709919,100,96
0022200425,22022,2022-12-15,1610612763,1610612749,142,101
2052200229,52022,2022-12-15,1612709924,1612709905,95,131
2052200227,52022,2022-12-15,1612709915,1612709922,136,87
2052200225,52022,2022-12-15,1612709925,1612709913,101,95
2052200219,52022,2022-12-14,1612709932,1612709923,99,110
0022200415,22022,2022-12-14,1610612754,1610612744,125,119
2052200222,52022,2022-12-14,1612709903,1612709889,123,102
2052200223,52022,2022-12-14,1612709905,1612709902,128,116
0022200422,22022,2022-12-14,1610612743,1610612764,141,128
2052200217,52022,2022-12-14,1612709929,1612709909,120,117
0022200414,22022,2022-12-14,1610612766,1610612765,134,141
0022200421,22022,2022-12-14,1610612742,1610612739,90,105
2052200218,52022,2022-12-14,1612709917,1612709904,105,108
2052200221,52022,2022-12-14,1612709920,1612709928,111,103
0022200419,22022,2022-12-14,1610612760,1610612748,108,110
2052200220,52022,2022-12-14,1612709927,1612709910,110,128
0022200417,22022,2022-12-14,1610612761,1610612758,123,124
0022200416,22022,2022-12-14,1610612753,1610612737,135,124
0022200423,22022,2022-12-14,1610612746,1610612750,99,88
0022200420,22022,2022-12-14,1610612759,1610612757,112,128
0022200418,22022,2022-12-14,1610612741,1610612752,120,128
0022200411,22022,2022-12-13,1610612745,1610612756,111,97
2052200216,52022,2022-12-13,1612709903,1612709889,119,105
0022200409,22022,2022-12-13,1610612755,1610612758,123,103
0022200413,22022,2022-12-13,1610612747,1610612738,118,122
0022200412,22022,2022-12-13,1610612762,1610612740,121,100
0022200410,22022,2022-12-13,1610612749,1610612744,128,111
2052200215,52022,2022-12-13,1612709926,1612709925,132,130
2052200214,52022,2022-12-13,1612709921,1612709919,116,107
2052200213,52022,2022-12-13,1612709914,1612709924,128,85
0022200407,22022,2022-12-12,1610612757,1610612750,133,112
0022200405,22022,2022-12-12,1610612742,1610612760,121,114
0022200406,22022,2022-12-12,1610612759,1610612739,112,111
2052200209,52022,2022-12-12,1612709929,1612709909,127,119
2052200212,52022,2022-12-12,1612709911,1612709932,121,110
2052200208,52022,2022-12-12,1612709893,1612709923,114,108
0022200404,22022,2022-12-12,1610612763,1610612737,128,103
2052200211,52022,2022-12-12,1612709921,1612709928,91,105
0022200408,22022,2022-12-12,1610612746,1610612738,113,93
2052200210,52022,2022-12-12,1612709917,1612709904,83,89
0022200402,22022,2022-12-12,1610612754,1610612748,82,87
0022200403,22022,2022-12-12,1610612764,1610612751,100,112
2052200204,52022,2022-12-11,1612709928,1612709922,105,112
0022200396,22022,2022-12-11,1610612765,1610612747,117,124
2052200207,52022,2022-12-11,1612709930,1612709914,102,128
2052200206,52022,2022-12-11,1612709902,1612709889,122,111
2052200205,52022,2022-12-11,1612709915,1612709920,99,100
0022200395,22022,2022-12-11,1610612740,1610612756,129,124
0022200400,22022,2022-12-11,1610612737,1610612741,123,122
0022200397,22022,2022-12-11,1610612752,1610612758,112,99
0022200398,22022,2022-12-11,1610612753,1610612761,111,99
0022200401,22022,2022-12-11,1610612745,1610612749,97,92
2052200224,52022,2022-12-11,1612709890,1612709931,122,105
0022200399,22022,2022-12-11,1610612755,1610612766,131,113
0022200393,22022,2022-12-10,1610612743,1610612762,115,110
0022200387,22022,2022-12-10,1610612748,1610612759,111,115
2052200202,52022,2022-12-10,1612709918,1612709926,102,117
0022200389,22022,2022-12-10,1610612764,1610612746,107,114
0022200388,22022,2022-12-10,1610612754,1610612751,133,136
2052200198,52022,2022-12-10,1612709925,1612709908,93,95
0022200391,22022,2022-12-10,1610612741,1610612742,144,115
2052200201,52022,2022-12-10,1612709923,1612709910,128,98
0022200390,22022,2022-12-10,1610612739,1610612760,110,102
2052200199,52022,2022-12-10,1612709911,1612709917,131,109
0022200394,22022,2022-12-10,1610612757,1610612750,124,118
2052200200,52022,2022-12-10,1612709904,1612709932,118,95
0022200392,22022,2022-12-10,1610612744,1610612738,123,107
2052200203,52022,2022-12-10,1612709903,1612709924,93,106
0022200379,22022,2022-12-09,1610612753,1610612761,113,109
2052200188,52022,2022-12-09,1612709928,1612709921,90,106
2052200190,52022,2022-12-09,1612709925,1612709908,126,133
2052200193,52022,2022-12-09,1612709904,1612709932,113,102
0022200378,22022,2022-12-09,1610612754,1610612764,121,111
2052200192,52022,2022-12-09,1612709911,1612709917,120,104
0022200385,22022,2022-12-09,1610612762,1610612750,108,118
0022200380,22022,2022-12-09,1610612751,1610612737,120,116
0022200381,22022,2022-12-09,1610612739,1610612758,95,106
2052200197,52022,2022-12-09,1612709914,1612709889,105,114
0022200384,22022,2022-12-09,1610612740,1610612756,128,117
2052200189,52022,2022-12-09,1612709909,1612709919,108,113
2052200191,52022,2022-12-09,1612709915,1612709920,106,100
0022200377,22022,2022-12-09,1610612766,1610612752,102,121
2052200196,52022,2022-12-09,1612709902,1612709905,111,100
2052200195,52022,2022-12-09,1612709918,1612709890,129,121
0022200383,22022,2022-12-09,1610612763,1610612765,114,103
2052200194,52022,2022-12-09,1612709923,1612709910,129,119
0022200386,22022,2022-12-09,1610612742,1610612749,105,106
0022200382,22022,2022-12-09,1610612755,1610612747,133,122
2052200187,52022,2022-12-08,1612709903,1612709924,117,124
2052200186,52022,2022-12-08,1612709913,1612709926,109,114
0022200375,22022,2022-12-08,1610612759,1610612745,118,109
0022200376,22022,2022-12-08,1610612757,1610612743,120,121
0022200374,22022,2022-12-08,1610612748,1610612746,115,110
0022200373,22022,2022-12-07,1610612756,1610612738,98,125
0022200372,22022,2022-12-07,1610612762,1610612744,124,123
2052200184,52022,2022-12-07,1612709908,1612709890,107,95
0022200364,22022,2022-12-07,1610612751,1610612766,122,116
0022200371,22022,2022-12-07,1610612740,1610612765,104,98
0022200370,22022,2022-12-07,1610612750,1610612754,121,115
0022200369,22022,2022-12-07,1610612749,1610612758,126,113
0022200363,22022,2022-12-07,1610612753,1610612746,116,111
2052200185,52022,2022-12-07,1612709914,1612709889,94,107
0022200367,22022,2022-12-07,1610612741,1610612764,115,111
0022200368,22022,2022-12-07,1610612763,1610612760,123,102
0022200365,22022,2022-12-07,1610612752,1610612737,113,89
2052200182,52022,2022-12-07,1612709893,1612709910,115,105
0022200366,22022,2022-12-07,1610612761,1610612747,126,113
2052200183,52022,2022-12-07,1612709921,1612709909,130,114
2052200179,52022,2022-12-06,1612709913,1612709918,138,135
0022200362,22022,2022-12-06,1610612743,1610612742,115,116
0022200360,22022,2022-12-06,1610612739,1610612747,116,102
0022200361,22022,2022-12-06,1610612748,1610612765,96,116
2052200178,52022,2022-12-06,1612709904,1612709927,100,80
2052200177,52022,2022-12-06,1612709920,1612709922,114,101
2052200181,52022,2022-12-06,1612709930,1612709905,113,115
2052200180,52022,2022-12-06,1612709926,1612709931,112,126
2052200176,52022,2022-12-06,1612709929,1612709915,119,101
0022200357,22022,2022-12-05,1610612763,1610612748,101,93
0022200358,22022,2022-12-05,1610612742,1610612756,130,111
2052200173,52022,2022-12-05,1612709919,1612709928,131,111
0022200353,22022,2022-12-05,1610612753,1610612749,102,109
2052200171,52022,2022-12-05,1612709910,1612709911,132,127
0022200352,22022,2022-12-05,1610612766,1610612746,117,119
0022200356,22022,2022-12-05,1610612745,1610612755,132,123
0022200354,22022,2022-12-05,1610612737,1610612760,114,121
2052200175,52022,2022-12-05,1612709903,1612709914,103,121
2052200170,52022,2022-12-05,1612709893,1612709923,109,107
0022200355,22022,2022-12-05,1610612761,1610612738,110,116
0022200359,22022,2022-12-05,1610612744,1610612754,104,112
2052200174,52022,2022-12-05,1612709908,1612709890,120,93
2052200169,52022,2022-12-05,1612709920,1612709922,101,116
2052200172,52022,2022-12-05,1612709921,1612709909,125,123
0022200351,22022,2022-12-04,1610612757,1610612754,116,100
0022200350,22022,2022-12-04,1610612758,1610612741,110,101
2052200167,52022,2022-12-04,1612709913,1612709931,102,116
2052200164,52022,2022-12-04,1612709929,1612709915,127,106
0022200344,22022,2022-12-04,1610612740,1610612743,121,106
0022200348,22022,2022-12-04,1610612752,1610612739,92,81
0022200345,22022,2022-12-04,1610612759,1610612756,95,133
0022200347,22022,2022-12-04,1610612765,1610612763,112,122
0022200349,22022,2022-12-04,1610612764,1610612747,119,130
2052200166,52022,2022-12-04,1612709904,1612709927,142,96
0022200346,22022,2022-12-04,1610612751,1610612738,92,103
2052200165,52022,2022-12-04,1612709889,1612709924,89,117
2052200168,52022,2022-12-04,1612709930,1612709905,106,112
0022200340,22022,2022-12-03,1610612761,1610612753,121,108
2052200161,52022,2022-12-03,1612709919,1612709928,108,105
2052200158,52022,2022-12-03,1612709929,1612709920,125,121
0022200339,22022,2022-12-03,1610612766,1610612749,96,105
0022200342,22022,2022-12-03,1610612744,1610612745,120,101
0022200337,22022,2022-12-03,1610612752,1610612742,100,121
2052200160,52022,2022-12-03,1612709932,1612709911,113,110
0022200341,22022,2022-12-03,1610612750,1610612760,128,135
2052200163,52022,2022-12-03,1612709914,1612709902,114,125
0022200343,22022,2022-12-03,1610612762,1610612757,111,116
2052200162,52022,2022-12-03,1612709908,1612709925,114,107
0022200338,22022,2022-12-03,1610612746,1610612758,96,123
2052200159,52022,2022-12-03,1612709910,1612709923,121,115
2052200156,52022,2022-12-02,1612709890,1612709926,116,117
2052200157,52022,2022-12-02,1612709914,1612709902,106,118
0022200333,22022,2022-12-02,1610612759,1610612740,99,117
0022200334,22022,2022-12-02,1610612756,1610612745,121,122
0022200335,22022,2022-12-02,1610612762,1610612754,139,119
2052200153,52022,2022-12-02,1612709932,1612709911,106,116
0022200328,22022,2022-12-02,1610612738,1610612748,116,120
0022200331,22022,2022-12-02,1610612749,1610612747,129,133
2052200155,52022,2022-12-02,1612709913,1612709931,101,112
2052200154,52022,2022-12-02,1612709922,1612709915,123,120
0022200336,22022,2022-12-02,1610612744,1610612741,119,111
0022200326,22022,2022-12-02,1610612766,1610612764,117,116
0022200330,22022,2022-12-02,1610612739,1610612753,107,96
0022200332,22022,2022-12-02,1610612763,1610612755,117,109
0022200329,22022,2022-12-02,1610612751,1610612761,114,105
0022200327,22022,2022-12-02,1610612737,1610612743,117,109
2052200151,52022,2022-12-01,1612709890,1612709908,98,113
2052200150,52022,2022-12-01,1612709919,1612709929,141,100
2052200152,52022,2022-12-01,1612709905,1612709903,141,120
0022200325,22022,2022-12-01,1610612765,1610612742,131,125
2052200149,52022,2022-12-01,1612709909,1612709920,127,117
0022200319,22022,2022-11-30,1610612760,1610612759,119,111
0022200316,22022,2022-11-30,1610612752,1610612749,103,109
2052200145,52022,2022-11-30,1612709917,1612709927,106,112
0022200314,22022,2022-11-30,1610612738,1610612748,134,121
2052200148,52022,2022-11-30,1612709924,1612709889,119,101
0022200317,22022,2022-11-30,1610612750,1610612763,109,101
0022200315,22022,2022-11-30,1610612751,1610612764,113,107
0022200318,22022,2022-11-30,1610612740,1610612761,126,108
0022200324,22022,2022-11-30,1610612747,1610612757,128,109
2052200144,52022,2022-11-30,1612709928,1612709915,114,116
2052200143,52022,2022-11-30,1612709893,1612709904,115,103
2052200147,52022,2022-11-30,1612709930,1612709914,111,113
0022200313,22022,2022-11-30,1610612753,1610612737,108,125
0022200322,22022,2022-11-30,1610612762,1610612746,125,112
0022200321,22022,2022-11-30,1610612756,1610612741,132,113
0022200320,22022,2022-11-30,1610612743,1610612745,120,100
2052200146,52022,2022-11-30,1612709926,1612709918,120,113
0022200323,22022,2022-11-30,1610612758,1610612754,137,114
0022200312,22022,2022-11-30,1610612739,1610612755,113,85
2052200142,52022,2022-11-29,1612709905,1612709903,125,120
2052200136,52022,2022-11-29,1612709908,1612709913,107,102
2052200139,52022,2022-11-29,1612709917,1612709927,129,122
2052200138,52022,2022-11-29,1612709909,1612709915,125,123
0022200309,22022,2022-11-29,1610612765,1610612752,110,140
2052200137,52022,2022-11-29,1612709893,1612709904,126,111
0022200310,22022,2022-11-29,1610612742,1610612744,116,113
2052200140,52022,2022-11-29,1612709919,1612709922,119,106
0022200311,22022,2022-11-29,1610612757,1610612746,112,118
2052200141,52022,2022-11-29,1612709926,1612709918,129,139
0022200303,22022,2022-11-28,1610612761,1610612739,100,88
0022200300,22022,2022-11-28,1610612764,1610612750,142,127
0022200301,22022,2022-11-28,1610612738,1610612766,140,105
0022200302,22022,2022-11-28,1610612751,1610612753,109,102
0022200304,22022,2022-11-28,1610612740,1610612760,105,101
0022200308,22022,2022-11-28,1610612747,1610612754,115,116
2052200131,52022,2022-11-28,1612709921,1612709929,101,124
2052200133,52022,2022-11-28,1612709919,1612709922,87,130
2052200134,52022,2022-11-28,1612709903,1612709930,121,90
2052200132,52022,2022-11-28,1612709932,1612709910,103,115
0022200299,22022,2022-11-28,1610612755,1610612737,104,101
0022200305,22022,2022-11-28,1610612743,1610612745,129,113
0022200306,22022,2022-11-28,1610612762,1610612741,107,114
2052200135,52022,2022-11-28,1612709924,1612709889,97,111
0022200307,22022,2022-11-28,1610612758,1610612756,117,122
2052200130,52022,2022-11-27,1612709913,1612709890,104,100
0022200297,22022,2022-11-27,1610612753,1610612755,103,133
0022200295,22022,2022-11-27,1610612765,1610612739,94,102
0022200298,22022,2022-11-27,1610612749,1610612742,124,115
0022200292,22022,2022-11-27,1610612746,1610612754,114,100
0022200290,22022,2022-11-27,1610612751,1610612757,111,97
0022200296,22022,2022-11-27,1610612752,1610612763,123,127
0022200294,22022,2022-11-27,1610612738,1610612764,130,121
2052200126,52022,2022-11-27,1612709928,1612709929,113,131
2052200128,52022,2022-11-27,1612709917,1612709911,91,108
2052200129,52022,2022-11-27,1612709932,1612709910,102,103
2052200127,52022,2022-11-27,1612709909,1612709915,123,132
0022200291,22022,2022-11-27,1610612750,1610612744,114,137
0022200293,22022,2022-11-27,1610612737,1610612748,98,106
2052200122,52022,2022-11-26,1612709923,1612709893,119,99
2052200123,52022,2022-11-26,1612709927,1612709904,133,126
2052200124,52022,2022-11-26,1612709918,1612709908,132,143
0022200286,22022,2022-11-26,1610612761,1610612742,105,100
2052200117,52022,2022-11-26,1612709913,1612709890,97,111
0022200289,22022,2022-11-26,1610612756,1610612762,113,112
0022200288,22022,2022-11-26,1610612759,1610612747,138,143
2052200120,52022,2022-11-26,1612709925,1612709931,128,103
2052200121,52022,2022-11-26,1612709919,1612709921,108,119
0022200287,22022,2022-11-26,1610612745,1610612760,118,105
2052200125,52022,2022-11-26,1612709902,1612709914,103,110
2052200114,52022,2022-11-25,1612709910,1612709911,124,127
0022200279,22022,2022-11-25,1610612763,1610612740,132,111
2052200116,52022,2022-11-25,1612709932,1612709917,123,107
0022200276,22022,2022-11-25,1610612754,1610612751,128,117
0022200283,22022,2022-11-25,1610612756,1610612765,108,102
0022200280,22022,2022-11-25,1610612749,1610612739,117,102
0022200284,22022,2022-11-25,1610612744,1610612762,129,118
2052200115,52022,2022-11-25,1612709925,1612709931,99,89
2052200112,52022,2022-11-25,1612709889,1612709903,112,111
0022200272,22022,2022-11-25,1610612766,1610612750,110,108
2052200113,52022,2022-11-25,1612709909,1612709922,111,105
2052200119,52022,2022-11-25,1612709902,1612709930,108,100
0022200274,22022,2022-11-25,1610612752,1610612757,129,132
0022200275,22022,2022-11-25,1610612738,1610612758,122,104
0022200277,22022,2022-11-25,1610612748,1610612764,110,107
2052200118,52022,2022-11-25,1612709918,1612709908,106,133
0022200285,22022,2022-11-25,1610612746,1610612743,104,114
0022200281,22022,2022-11-25,1610612760,1610612741,123,119
0022200273,22022,2022-11-25,1610612753,1610612755,99,107
0022200278,22022,2022-11-25,1610612745,1610612737,128,122
0022200282,22022,2022-11-25,1610612759,1610612747,94,105
0022200270,22022,2022-11-23,1610612762,1610612765,116,125
2052200108,52022,2022-11-23,1612709889,1612709905,115,133
0022200268,22022,2022-11-23,1610612760,1610612743,126,131
2052200111,52022,2022-11-23,1612709908,1612709931,112,116
0022200267,22022,2022-11-23,1610612749,1610612741,113,118
0022200265,22022,2022-11-23,1610612748,1610612764,113,105
0022200271,22022,2022-11-23,1610612744,1610612746,124,107
2052200109,52022,2022-11-23,1612709920,1612709921,113,116
0022200261,22022,2022-11-23,1610612739,1610612757,114,96
0022200264,22022,2022-11-23,1610612738,1610612742,125,112
0022200260,22022,2022-11-23,1610612766,1610612755,107,101
0022200266,22022,2022-11-23,1610612761,1610612751,98,112
2052200110,52022,2022-11-23,1612709904,1612709917,102,93
0022200262,22022,2022-11-23,1610612754,1610612750,101,115
0022200263,22022,2022-11-23,1610612737,1610612758,115,106
0022200269,22022,2022-11-23,1610612759,1610612740,110,129
2052200106,52022,2022-11-22,1612709903,1612709902,128,97
0022200257,22022,2022-11-22,1610612763,1610612758,109,113
2052200105,52022,2022-11-22,1612709918,1612709925,122,120
2052200107,52022,2022-11-22,1612709924,1612709930,101,88
2052200104,52022,2022-11-22,1612709919,1612709929,108,110
2052200103,52022,2022-11-22,1612709910,1612709893,143,101
0022200256,22022,2022-11-22,1610612755,1610612751,115,106
0022200259,22022,2022-11-22,1610612756,1610612747,115,105
0022200258,22022,2022-11-22,1610612743,1610612765,108,110
2052200101,52022,2022-11-21,1612709903,1612709902,104,120
2052200100,52022,2022-11-21,1612709931,1612709908,115,120
2052200096,52022,2022-11-21,1612709928,1612709922,110,100
2052200095,52022,2022-11-21,1612709889,1612709905,92,141
0022200248,22022,2022-11-21,1610612739,1610612737,114,102
0022200252,22022,2022-11-21,1610612750,1610612748,105,101
0022200250,22022,2022-11-21,1610612741,1610612738,121,107
0022200249,22022,2022-11-21,1610612754,1610612753,123,102
0022200251,22022,2022-11-21,1610612749,1610612757,119,111
2052200097,52022,2022-11-21,1612709920,1612709921,128,132
2052200099,52022,2022-11-21,1612709918,1612709925,141,133
0022200254,22022,2022-11-21,1610612760,1610612752,119,129
2052200098,52022,2022-11-21,1612709926,1612709913,85,94
0022200255,22022,2022-11-21,1610612746,1610612762,121,114
0022200253,22022,2022-11-21,1610612740,1610612744,128,83
2052200102,52022,2022-11-21,1612709924,1612709930,115,95
0022200241,22022,2022-11-20,1610612764,1610612766,106,102
2052200090,52022,2022-11-20,1612709915,1612709909,149,100
0022200240,22022,2022-11-20,1610612756,1610612752,116,95
0022200243,22022,2022-11-20,1610612751,1610612763,127,115
0022200244,22022,2022-11-20,1610612739,1610612748,113,87
0022200245,22022,2022-11-20,1610612745,1610612744,120,127
0022200246,22022,2022-11-20,1610612742,1610612743,97,98
2052200091,52022,2022-11-20,1612709929,1612709919,97,105
2052200094,52022,2022-11-20,1612709910,1612709893,122,93
2052200093,52022,2022-11-20,1612709911,1612709927,119,102
0022200242,22022,2022-11-20,1610612758,1610612765,137,129
0022200247,22022,2022-11-20,1610612747,1610612759,123,92
2052200092,52022,2022-11-20,1612709890,1612709931,110,117
0022200236,22022,2022-11-19,1610612754,1610612753,114,113
2052200087,52022,2022-11-19,1612709904,1612709923,99,94
2052200084,52022,2022-11-19,1612709893,1612709932,120,100
0022200239,22022,2022-11-19,1610612746,1610612759,119,97
2052200088,52022,2022-11-19,1612709908,1612709926,116,127
0022200237,22022,2022-11-19,1610612755,1610612750,109,112
0022200235,22022,2022-11-19,1610612737,1610612761,124,122
2052200086,52022,2022-11-19,1612709911,1612709927,118,102
0022200238,22022,2022-11-19,1610612757,1610612762,113,118
2052200085,52022,2022-11-19,1612709922,1612709921,91,93
2052200089,52022,2022-11-19,1612709902,1612709905,91,111
2052200078,52022,2022-11-18,1612709922,1612709921,96,119
0022200231,22022,2022-11-18,1610612740,1610612738,109,117
0022200227,22022,2022-11-18,1610612741,1610612753,107,108
0022200229,22022,2022-11-18,1610612763,1610612760,121,110
2052200083,52022,2022-11-18,1612709930,1612709903,112,107
2052200080,52022,2022-11-18,1612709931,1612709925,110,100
2052200079,52022,2022-11-18,1612709915,1612709928,93,104
2052200077,52022,2022-11-18,1612709909,1612709920,141,129
0022200225,22022,2022-11-18,1610612739,1610612766,132,122
2052200082,52022,2022-11-18,1612709918,1612709913,114,117
0022200224,22022,2022-11-18,1610612764,1610612748,107,106
0022200230,22022,2022-11-18,1610612742,1610612743,127,99
0022200226,22022,2022-11-18,1610612755,1610612749,110,102
0022200234,22022,2022-11-18,1610612747,1610612765,128,121
0022200233,22022,2022-11-18,1610612744,1610612752,111,101
0022200228,22022,2022-11-18,1610612745,1610612754,91,99
2052200081,52022,2022-11-18,1612709904,1612709923,93,115
0022200232,22022,2022-11-18,1610612762,1610612756,134,133
2052200074,52022,2022-11-17,1612709908,1612709926,149,124
2052200072,52022,2022-11-17,1612709915,1612709928,105,103
0022200221,22022,2022-11-17,1610612757,1610612751,107,109
2052200071,52022,2022-11-17,1612709893,1612709911,119,108
2052200073,52022,2022-11-17,1612709932,1612709927,105,117
2052200075,52022,2022-11-17,1612709924,1612709903,117,107
2052200076,52022,2022-11-17,1612709914,1612709905,100,96
2052200070,52022,2022-11-17,1612709890,1612709913,85,103
0022200223,22022,2022-11-17,1610612746,1610612765,96,91
0022200222,22022,2022-11-17,1610612758,1610612759,130,112
0022200211,22022,2022-11-16,1610612766,1610612754,113,125
0022200215,22022,2022-11-16,1610612761,1610612748,112,104
0022200217,22022,2022-11-16,1610612740,1610612741,124,110
0022200220,22022,2022-11-16,1610612756,1610612744,130,119
0022200219,22022,2022-11-16,1610612743,1610612752,103,106
0022200212,22022,2022-11-16,1610612753,1610612750,108,126
0022200218,22022,2022-11-16,1610612742,1610612745,92,101
2052200069,52022,2022-11-16,1612709931,1612709918,114,127
0022200216,22022,2022-11-16,1610612749,1610612739,113,98
2052200068,52022,2022-11-16,1612709889,1612709930,95,110
0022200213,22022,2022-11-16,1610612764,1610612760,120,121
0022200214,22022,2022-11-16,1610612737,1610612738,101,126
2052200064,52022,2022-11-15,1612709927,1612709932,137,112
2052200060,52022,2022-11-15,1612709922,1612709920,116,123
0022200207,22022,2022-11-15,1610612742,1610612746,103,101
2052200067,52022,2022-11-15,1612709924,1612709914,116,112
0022200209,22022,2022-11-15,1610612757,1610612759,117,110
0022200210,22022,2022-11-15,1610612758,1610612751,153,121
2052200063,52022,2022-11-15,1612709921,1612709915,111,117
2052200065,52022,2022-11-15,1612709913,1612709925,128,131
2052200061,52022,2022-11-15,1612709928,1612709929,145,123
2052200066,52022,2022-11-15,1612709890,1612709926,102,99
0022200206,22022,2022-11-15,1610612740,1610612763,113,102
2052200062,52022,2022-11-15,1612709917,1612709893,122,116
0022200208,22022,2022-11-15,1610612762,1610612752,111,118
0022200202,22022,2022-11-14,1610612748,1610612756,113,112
0022200203,22022,2022-11-14,1610612745,1610612746,106,122
0022200204,22022,2022-11-14,1610612749,1610612737,106,121
2052200059,52022,2022-11-14,1612709924,1612709914,102,96
0022200200,22022,2022-11-14,1610612753,1610612766,105,112
0022200205,22022,2022-11-14,1610612744,1610612759,132,95
0022200201,22022,2022-11-14,1610612738,1610612760,126,122
2052200057,52022,2022-11-14,1612709889,1612709930,104,88
2052200058,52022,2022-11-14,1612709931,1612709918,120,97
0022200199,22022,2022-11-14,1610612765,1610612761,111,115
2052200054,52022,2022-11-13,1612709921,1612709915,104,115
0022200196,22022,2022-11-13,1610612741,1610612743,103,126
2052200055,52022,2022-11-13,1612709917,1612709893,106,121
0022200197,22022,2022-11-13,1610612758,1610612744,122,115
0022200195,22022,2022-11-13,1610612755,1610612762,105,98
2052200056,52022,2022-11-13,1612709923,1612709911,121,105
0022200192,22022,2022-11-13,1610612752,1610612760,135,145
0022200198,22022,2022-11-13,1610612747,1610612751,116,103
0022200193,22022,2022-11-13,1610612739,1610612750,124,129
0022200194,22022,2022-11-13,1610612764,1610612763,102,92
2052200049,52022,2022-11-12,1612709925,1612709890,98,106
0022200191,22022,2022-11-12,1610612740,1610612745,119,106
0022200190,22022,2022-11-12,1610612742,1610612757,117,112
2052200053,52022,2022-11-12,1612709930,1612709902,125,115
2052200052,52022,2022-11-12,1612709918,1612709913,129,103
2052200045,52022,2022-11-12,1612709909,1612709928,110,119
0022200188,22022,2022-11-12,1610612755,1610612737,121,109
0022200186,22022,2022-11-12,1610612765,1610612738,108,117
2052200047,52022,2022-11-12,1612709922,1612709929,130,131
0022200187,22022,2022-11-12,1610612754,1610612761,118,104
0022200189,22022,2022-11-12,1610612748,1610612766,132,115
2052200046,52022,2022-11-12,1612709923,1612709911,126,121
2052200050,52022,2022-11-12,1612709927,1612709932,135,133
0022200184,22022,2022-11-12,1610612746,1610612751,95,110
2052200051,52022,2022-11-12,1612709905,1612709924,105,112
2052200048,52022,2022-11-12,1612709910,1612709904,114,124
0022200185,22022,2022-11-12,1610612764,1610612762,121,112
2052200044,52022,2022-11-11,1612709914,1612709903,109,95
0022200182,22022,2022-11-11,1610612744,1610612739,106,101
2052200041,52022,2022-11-11,1612709925,1612709890,117,107
0022200176,22022,2022-11-11,1610612738,1610612743,131,112
0022200183,22022,2022-11-11,1610612747,1610612758,114,120
0022200179,22022,2022-11-11,1610612760,1610612761,132,113
2052200042,52022,2022-11-11,1612709920,1612709919,110,109
0022200177,22022,2022-11-11,1610612753,1610612756,114,97
0022200178,22022,2022-11-11,1610612752,1610612765,121,112
0022200180,22022,2022-11-11,1610612759,1610612749,111,93
2052200040,52022,2022-11-11,1612709922,1612709929,118,117
2052200043,52022,2022-11-11,1612709908,1612709913,112,104
0022200181,22022,2022-11-11,1610612763,1610612750,114,103
2052200034,52022,2022-11-10,1612709920,1612709919,122,115
0022200175,22022,2022-11-10,1610612740,1610612757,95,106
0022200173,22022,2022-11-10,1610612737,1610612755,104,95
2052200033,52022,2022-11-10,1612709927,1612709893,93,96
2052200037,52022,2022-11-10,1612709931,1612709926,108,93
2052200032,52022,2022-11-10,1612709917,1612709932,96,106
2052200035,52022,2022-11-10,1612709904,1612709910,127,117
0022200172,22022,2022-11-10,1610612764,1610612742,113,105
2052200031,52022,2022-11-10,1612709909,1612709928,116,120
0022200174,22022,2022-11-10,1610612748,1610612766,117,112
2052200038,52022,2022-11-10,1612709905,1612709924,113,130
2052200039,52022,2022-11-10,1612709914,1612709903,108,122
2052200036,52022,2022-11-10,1612709889,1612709902,107,115
2052200029,52022,2022-11-09,1612709889,1612709902,124,102
0022200164,22022,2022-11-09,1610612751,1610612752,112,85
0022200169,22022,2022-11-09,1610612759,1610612763,122,124
0022200165,22022,2022-11-09,1610612761,1610612745,116,109
0022200163,22022,2022-11-09,1610612738,1610612765,128,112
0022200171,22022,2022-11-09,1610612758,1610612739,127,120
0022200161,22022,2022-11-09,1610612753,1610612742,94,87
0022200160,22022,2022-11-09,1610612754,1610612743,119,122
0022200170,22022,2022-11-09,1610612746,1610612747,114,101
0022200159,22022,2022-11-09,1610612766,1610612757,95,105
0022200162,22022,2022-11-09,1610612737,1610612762,119,125
2052200030,52022,2022-11-09,1612709927,1612709893,103,112
0022200167,22022,2022-11-09,1610612750,1610612756,117,129
0022200168,22022,2022-11-09,1610612760,1610612749,132,136
0022200166,22022,2022-11-09,1610612741,1610612740,111,115
0022200154,22022,2022-11-07,1610612759,1610612743,109,115
2052200028,52022,2022-11-07,1612709905,1612709930,114,103
0022200156,22022,2022-11-07,1610612744,1610612758,116,113
0022200153,22022,2022-11-07,1610612750,1610612752,107,120
0022200157,22022,2022-11-07,1610612762,1610612747,139,116
0022200155,22022,2022-11-07,1610612742,1610612751,96,94
0022200144,22022,2022-11-07,1610612766,1610612764,100,108
2052200026,52022,2022-11-07,1612709932,1612709923,109,125
2052200027,52022,2022-11-07,1612709931,1612709926,101,111
0022200145,22022,2022-11-07,1610612753,1610612745,127,134
0022200158,22022,2022-11-07,1610612746,1610612739,119,117
0022200152,22022,2022-11-07,1610612763,1610612738,106,109
0022200149,22022,2022-11-07,1610612737,1610612749,117,98
0022200148,22022,2022-11-07,1610612755,1610612756,100,88
0022200151,22022,2022-11-07,1610612741,1610612761,111,97
0022200150,22022,2022-11-07,1610612748,1610612757,107,110
0022200147,22022,2022-11-07,1610612754,1610612740,129,122
0022200146,22022,2022-11-07,1610612765,1610612760,112,103
2052200021,52022,2022-11-06,1612709911,1612709904,120,99
0022200143,22022,2022-11-06,1610612746,1610612762,102,110
0022200141,22022,2022-11-06,1610612761,1610612741,113,104
0022200140,22022,2022-11-06,1610612747,1610612739,100,114
2052200019,52022,2022-11-06,1612709929,1612709921,129,119
2052200018,52022,2022-11-06,1612709915,1612709919,121,114
2052200025,52022,2022-11-06,1612709930,1612709903,119,120
2052200022,52022,2022-11-06,1612709910,1612709917,130,123
2052200023,52022,2022-11-06,1612709913,1612709925,122,130
2052200020,52022,2022-11-06,1612709928,1612709920,125,107
0022200142,22022,2022-11-06,1610612763,1610612764,103,97
2052200024,52022,2022-11-06,1612709931,1612709908,120,84
0022200134,22022,2022-11-05,1610612737,1610612740,124,121
2052200017,52022,2022-11-05,1612709902,1612709924,110,116
2052200016,52022,2022-11-05,1612709905,1612709914,127,122
2052200014,52022,2022-11-05,1612709911,1612709904,123,105
2052200012,52022,2022-11-05,1612709910,1612709917,152,129
0022200139,22022,2022-11-05,1610612756,1610612757,102,82
2052200015,52022,2022-11-05,1612709923,1612709927,102,112
0022200137,22022,2022-11-05,1610612750,1610612745,129,117
0022200136,22022,2022-11-05,1610612749,1610612760,108,94
0022200138,22022,2022-11-05,1610612743,1610612759,126,101
2052200013,52022,2022-11-05,1612709890,1612709918,127,122
2052200010,52022,2022-11-05,1612709928,1612709920,107,110
0022200135,22022,2022-11-05,1610612752,1610612738,118,133
0022200133,22022,2022-11-05,1610612766,1610612751,94,98
2052200011,52022,2022-11-05,1612709922,1612709909,104,112
0022200132,22022,2022-11-05,1610612753,1610612758,123,126
0022200130,22022,2022-11-04,1610612756,1610612757,106,108
2052200009,52022,2022-11-04,1612709902,1612709924,129,128
2052200006,52022,2022-11-04,1612709927,1612709923,110,115
2052200004,52022,2022-11-04,1612709915,1612709919,119,111
0022200126,22022,2022-11-04,1610612759,1610612746,106,113
2052200008,52022,2022-11-04,1612709930,1612709889,125,134
0022200122,22022,2022-11-04,1610612755,1610612752,104,106
0022200129,22022,2022-11-04,1610612750,1610612749,102,115
0022200124,22022,2022-11-04,1610612738,1610612741,123,119
0022200123,22022,2022-11-04,1610612764,1610612751,86,128
0022200120,22022,2022-11-04,1610612765,1610612739,88,112
0022200121,22022,2022-11-04,1610612754,1610612748,101,99
2052200001,52022,2022-11-04,1612709893,1612709932,113,111
2052200007,52022,2022-11-04,1612709890,1612709918,113,120
0022200125,22022,2022-11-04,1610612763,1610612766,130,99
0022200131,22022,2022-11-04,1610612747,1610612762,116,130
2052200003,52022,2022-11-04,1612709922,1612709909,128,108
2052200002,52022,2022-11-04,1612709929,1612709921,134,93
0022200127,22022,2022-11-04,1610612742,1610612761,111,110
0022200128,22022,2022-11-04,1610612740,1610612744,114,105
2052200005,52022,2022-11-04,1612709926,1612709925,123,105
0022200119,22022,2022-11-03,1610612760,1610612743,110,122
0022200118,22022,2022-11-03,1610612753,1610612744,130,129
0022200112,22022,2022-11-02,1610612745,1610612746,101,109
0022200115,22022,2022-11-02,1610612742,1610612762,103,100
0022200107,22022,2022-11-02,1610612739,1610612738,114,113
0022200113,22022,2022-11-02,1610612749,1610612765,116,91
0022200114,22022,2022-11-02,1610612759,1610612761,100,143
0022200116,22022,2022-11-02,1610612757,1610612763,106,111
0022200110,22022,2022-11-02,1610612752,1610612737,99,112
0022200108,22022,2022-11-02,1610612755,1610612764,111,121
0022200117,22022,2022-11-02,1610612747,1610612740,120,117
0022200109,22022,2022-11-02,1610612748,1610612758,110,107
0022200111,22022,2022-11-02,1610612741,1610612766,106,88
0022200106,22022,2022-11-01,1610612756,1610612750,116,107
0022200105,22022,2022-11-01,1610612760,1610612753,116,108
0022200104,22022,2022-11-01,1610612748,1610612744,116,109
0022200103,22022,2022-11-01,1610612751,1610612741,99,108
0022200102,22022,2022-10-31,1610612746,1610612745,95,93
0022200097,22022,2022-10-31,1610612764,1610612755,111,118
0022200101,22022,2022-10-31,1610612762,1610612763,121,105
0022200096,22022,2022-10-31,1610612766,1610612758,108,115
0022200098,22022,2022-10-31,1610612751,1610612754,116,109
0022200099,22022,2022-10-31,1610612761,1610612737,139,109
0022200100,22022,2022-10-31,1610612749,1610612765,110,108
0022200095,22022,2022-10-30,1610612747,1610612743,121,110
0022200090,22022,2022-10-30,1610612739,1610612752,121,108
0022200088,22022,2022-10-30,1610612746,1610612740,91,112
0022200089,22022,2022-10-30,1610612738,1610612764,112,94
0022200092,22022,2022-10-30,1610612759,1610612750,107,98
0022200094,22022,2022-10-30,1610612756,1610612745,124,109
0022200093,22022,2022-10-30,1610612742,1610612753,114,105
0022200091,22022,2022-10-30,1610612765,1610612744,128,114
0022200084,22022,2022-10-29,1610612741,1610612755,109,114
0022200086,22022,2022-10-29,1610612742,1610612760,111,117
0022200083,22022,2022-10-29,1610612751,1610612754,116,125
0022200085,22022,2022-10-29,1610612749,1610612737,123,115
0022200082,22022,2022-10-29,1610612766,1610612744,120,113
0022200087,22022,2022-10-29,1610612762,1610612763,124,123
0022200081,22022,2022-10-29,1610612758,1610612748,119,113
0022200070,22022,2022-10-28,1610612765,1610612737,112,136
0022200077,22022,2022-10-28,1610612759,1610612741,129,124
0022200080,22022,2022-10-28,1610612757,1610612745,125,111
0022200074,22022,2022-10-28,1610612764,1610612754,117,127
0022200071,22022,2022-10-28,1610612753,1610612766,113,93
0022200072,22022,2022-10-28,1610612738,1610612739,123,132
0022200073,22022,2022-10-28,1610612761,1610612755,90,112
0022200076,22022,2022-10-28,1610612750,1610612747,111,102
0022200079,22022,2022-10-28,1610612756,1610612740,124,111
0022200075,22022,2022-10-28,1610612749,1610612752,119,108
0022200078,22022,2022-10-28,1610612743,1610612762,117,101
0022200066,22022,2022-10-27,1610612751,1610612742,125,129
0022200067,22022,2022-10-27,1610612760,1610612746,118,110
0022200069,22022,2022-10-27,1610612758,1610612763,110,125
0022200068,22022,2022-10-27,1610612744,1610612748,123,110
0022200062,22022,2022-10-26,1610612750,1610612759,134,122
0022200059,22022,2022-10-26,1610612761,1610612755,119,109
0022200057,22022,2022-10-26,1610612765,1610612737,113,118
0022200064,22022,2022-10-26,1610612743,1610612747,110,99
0022200058,22022,2022-10-26,1610612752,1610612766,134,131
0022200056,22022,2022-10-26,1610612739,1610612753,103,92
0022200063,22022,2022-10-26,1610612762,1610612745,109,101
0022200065,22022,2022-10-26,1610612757,1610612748,98,119
0022200060,22022,2022-10-26,1610612749,1610612751,110,99
0022200061,22022,2022-10-26,1610612741,1610612754,124,109
0022200055,22022,2022-10-25,1610612756,1610612744,134,105
0022200053,22022,2022-10-25,1610612740,1610612742,113,111
0022200052,22022,2022-10-25,1610612764,1610612765,120,99
0022200054,22022,2022-10-25,1610612760,1610612746,108,94
0022200048,22022,2022-10-24,1610612745,1610612762,114,108
0022200046,22022,2022-10-24,1610612752,1610612753,115,102
0022200044,22022,2022-10-24,1610612755,1610612754,120,106
0022200047,22022,2022-10-24,1610612741,1610612738,120,102
0022200049,22022,2022-10-24,1610612763,1610612751,134,124
0022200045,22022,2022-10-24,1610612748,1610612761,90,98
0022200050,22022,2022-10-24,1610612750,1610612759,106,115
0022200051,22022,2022-10-24,1610612757,1610612743,135,110
0022200040,22022,2022-10-23,1610612740,1610612762,121,122
0022200039,22022,2022-10-23,1610612739,1610612764,117,107
0022200037,22022,2022-10-23,1610612747,1610612757,104,106
0022200041,22022,2022-10-23,1610612760,1610612750,106,116
0022200043,22022,2022-10-23,1610612746,1610612756,95,112
0022200042,22022,2022-10-23,1610612744,1610612758,130,125
0022200038,22022,2022-10-23,1610612737,1610612766,109,126
0022200035,22022,2022-10-22,1610612743,1610612760,122,117
0022200034,22022,2022-10-22,1610612742,1610612763,137,96
0022200032,22022,2022-10-22,1610612741,1610612739,96,128
0022200033,22022,2022-10-22,1610612749,1610612745,125,105
0022200028,22022,2022-10-22,1610612755,1610612759,105,114
0022200029,22022,2022-10-22,1610612754,1610612765,124,115
0022200031,22022,2022-10-22,1610612748,1610612761,112,109
0022200030,22022,2022-10-22,1610612753,1610612738,120,126
0022200036,22022,2022-10-22,1610612758,1610612746,109,111
0022200023,22022,2022-10-21,1610612752,1610612765,130,106
0022200021,22022,2022-10-21,1610612751,1610612761,109,105
0022200018,22022,2022-10-21,1610612754,1610612759,134,137
0022200020,22022,2022-10-21,1610612737,1610612753,108,98
0022200017,22022,2022-10-21,1610612766,1610612740,112,124
0022200026,22022,2022-10-21,1610612744,1610612743,123,128
0022200027,22022,2022-10-21,1610612757,1610612756,113,111
0022200025,22022,2022-10-21,1610612750,1610612762,126,132
0022200024,22022,2022-10-21,1610612745,1610612763,122,129
0022200019,22022,2022-10-21,1610612764,1610612741,102,100
0022200022,22022,2022-10-21,1610612748,1610612738,104,111
0022200015,22022,2022-10-20,1610612755,1610612749,88,90
0022200016,22022,2022-10-20,1610612747,1610612746,97,103
0022200004,22022,2022-10-19,1610612754,1610612764,107,114
0022200005,22022,2022-10-19,1610612737,1610612745,117,107
0022200008,22022,2022-10-19,1610612761,1610612739,108,105
0022200009,22022,2022-10-19,1610612763,1610612752,115,112
0022200010,22022,2022-10-19,1610612750,1610612760,115,108
0022200007,22022,2022-10-19,1610612748,1610612741,108,116
0022200013,22022,2022-10-19,1610612756,1610612742,107,105
0022200011,22022,2022-10-19,1610612759,1610612766,102,129
0022200006,22022,2022-10-19,1610612751,1610612740,108,130
0022200014,22022,2022-10-19,1610612758,1610612757,108,115
0022200003,22022,2022-10-19,1610612765,1610612753,113,109
0022200012,22022,2022-10-19,1610612762,1610612743,123,102
0022200001,22022,2022-10-18,1610612738,1610612755,126,117
0022200002,22022,2022-10-18,1610612744,1610612747,123,109
0012200066,12022,2022-10-14,1610612750,1610612751,102,112
0012200063,12022,2022-10-14,1610612753,1610612739,114,108
0012200067,12022,2022-10-14,1610612740,1610612737,120,111
0012200068,12022,2022-10-14,1610612762,1610612742,101,115
0012200064,12022,2022-10-14,1610612761,1610612738,137,134
0012200069,12022,2022-10-14,1610612744,1610612743,112,119
0012200070,12022,2022-10-14,1610612758,1610612747,133,86
0012200065,12022,2022-10-14,1610612752,1610612764,105,89
0012200062,12022,2022-10-14,1610612754,1610612745,114,122
0012200061,12022,2022-10-13,1610612759,1610612760,112,118
0012200060,12022,2022-10-13,1610612765,1610612763,111,126
0012200055,12022,2022-10-12,1610612748,1610612740,120,103
0012200053,12022,2022-10-12,1610612754,1610612752,109,100
0012200056,12022,2022-10-12,1610612749,1610612751,97,107
0012200059,12022,2022-10-12,1610612746,1610612743,115,126
0012200054,12022,2022-10-12,1610612755,1610612766,99,94
0012200057,12022,2022-10-12,1610612747,1610612750,113,118
0012200058,12022,2022-10-12,1610612756,1610612758,104,105
0012200052,12022,2022-10-12,1610612739,1610612737,105,99
0012200049,12022,2022-10-11,1610612741,1610612749,127,104
0012200050,12022,2022-10-11,1610612762,1610612759,104,111
0012200047,12022,2022-10-11,1610612765,1610612760,99,115
0012200051,12022,2022-10-11,1610612744,1610612757,131,98
0012200048,12022,2022-10-11,1610612753,1610612763,109,105
0012200045,12022,2022-10-10,1610612748,1610612745,118,110
0012200044,12022,2022-10-10,1610612739,1610612755,97,113
0012200046,12022,2022-10-10,1610612743,1610612756,107,105
0012200043,12022,2022-10-10,1610612766,1610612764,107,116
0012200040,12022,2022-10-09,1610612744,1610612747,121,124
0012200037,12022,2022-10-09,1610612761,1610612741,98,115
0012200039,12022,2022-10-09,1610612759,1610612740,97,111
0012200041,12022,2022-10-09,1610612758,1610612757,126,94
0012200038,12022,2022-10-09,1610612760,50009,144,97
0012200042,12022,2022-10-09,1610612746,1610612750,117,119
0012200036,12022,2022-10-08,1610612749,1610612737,109,118
0012200035,12022,2022-10-07,1610612742,1610612753,105,110
0012200032,12022,2022-10-07,1610612745,1610612761,116,100
0012200030,12022,2022-10-07,1610612752,1610612754,131,114
0012200034,12022,2022-10-07,1610612740,1610612765,107,101
0012200031,12022,2022-10-07,1610612741,1610612743,131,113
0012200033,12022,2022-10-07,1610612763,1610612748,108,111
0012200029,12022,2022-10-07,1610612766,1610612738,103,112
0012200026,12022,2022-10-06,1610612759,1610612753,99,102
0012200023,12022,2022-10-06,1610612737,1610612749,123,113
0012200025,12022,2022-10-06,1610612760,15019,131,98
0012200024,12022,2022-10-06,1610612751,1610612748,80,109
0012200028,12022,2022-10-06,1610612747,1610612750,99,114
0012200027,12022,2022-10-06,1610612757,50009,138,85
0012200018,12022,2022-10-05,1610612766,1610612754,97,122
0012200019,12022,2022-10-05,1610612755,1610612739,113,112
0012200021,12022,2022-10-05,1610612760,1610612742,96,98
0012200020,12022,2022-10-05,1610612738,1610612761,119,125
0012200022,12022,2022-10-05,1610612747,1610612756,115,119
0012200015,12022,2022-10-04,1610612748,1610612750,111,121
0012200014,12022,2022-10-04,1610612752,1610612765,117,96
0012200017,12022,2022-10-04,1610612757,1610612762,101,118
0012200016,12022,2022-10-04,1610612741,1610612740,125,129
0012200012,12022,2022-10-03,1610612747,1610612758,75,105
0012200011,12022,2022-10-03,1610612743,1610612760,101,112
0012200010,12022,2022-10-03,1610612763,1610612753,109,97
0012200009,12022,2022-10-03,1610612751,1610612755,108,127
0012200013,12022,2022-10-03,1610612746,1610612757,102,97
0012200008,12022,2022-10-02,1610612756,15019,124,134
0012200004,12022,2022-10-02,1610612744,1610612764,104,95
0012200007,12022,2022-10-02,1610612745,1610612759,134,96
0012200005,12022,2022-10-02,1610612738,1610612766,134,93
0012200006,12022,2022-10-02,1610612761,1610612762,114,82
0012200003,12022,2022-10-01,1610612749,1610612763,102,107
0012200001,12022,2022-09-30,1610612764,1610612744,87,96
0012200002,12022,2022-09-30,1610612746,50009,121,81
0042100406,42021,2022-06-16,1610612738,1610612744,90,103
0042100405,42021,2022-06-13,1610612744,1610612738,104,94
0042100404,42021,2022-06-10,1610612738,1610612744,97,107
0042100403,42021,2022-06-08,1610612738,1610612744,116,100
0042100402,42021,2022-06-05,1610612744,1610612738,107,88
0042100401,42021,2022-06-02,1610612744,1610612738,108,120
0042100307,42021,2022-05-29,1610612748,1610612738,96,100
0042100306,42021,2022-05-27,1610612738,1610612748,103,111
0042100315,42021,2022-05-26,1610612744,1610612742,120,110
0042100305,42021,2022-05-25,1610612748,1610612738,80,93
0042100314,42021,2022-05-24,1610612742,1610612744,119,109
0042100304,42021,2022-05-23,1610612738,1610612748,102,82
0042100313,42021,2022-05-22,1610612742,1610612744,100,109
0042100303,42021,2022-05-21,1610612738,1610612748,103,109
0042100312,42021,2022-05-20,1610612744,1610612742,126,117
0042100302,42021,2022-05-19,1610612748,1610612738,102,127
0042100311,42021,2022-05-18,1610612744,1610612742,112,87
0042100301,42021,2022-05-17,1610612748,1610612738,118,107
0042100217,42021,2022-05-15,1610612738,1610612749,109,81
0042100227,42021,2022-05-15,1610612756,1610612742,90,123
0042100236,42021,2022-05-13,1610612744,1610612763,110,96
0042100216,42021,2022-05-13,1610612749,1610612738,95,108
0042100206,42021,2022-05-12,1610612755,1610612748,90,99
0042100226,42021,2022-05-12,1610612742,1610612756,113,86
0042100215,42021,2022-05-11,1610612738,1610612749,107,110
0042100235,42021,2022-05-11,1610612763,1610612744,134,95
0042100205,42021,2022-05-10,1610612748,1610612755,120,85
0042100225,42021,2022-05-10,1610612756,1610612742,110,80
0042100214,42021,2022-05-09,1610612749,1610612738,108,116
0042100234,42021,2022-05-09,1610612744,1610612763,101,98
0042100224,42021,2022-05-08,1610612742,1610612756,111,101
0042100204,42021,2022-05-08,1610612755,1610612748,116,108
0042100213,42021,2022-05-07,1610612749,1610612738,103,101
0042100233,42021,2022-05-07,1610612744,1610612763,142,112
0042100223,42021,2022-05-06,1610612742,1610612756,103,94
0042100203,42021,2022-05-06,1610612755,1610612748,99,79
0042100222,42021,2022-05-04,1610612756,1610612742,129,109
0042100202,42021,2022-05-04,1610612748,1610612755,119,103
0042100232,42021,2022-05-03,1610612763,1610612744,106,101
0042100212,42021,2022-05-03,1610612738,1610612749,109,86
0042100201,42021,2022-05-02,1610612748,1610612755,106,92
0042100221,42021,2022-05-02,1610612756,1610612742,121,114
0042100231,42021,2022-05-01,1610612763,1610612744,116,117
0042100211,42021,2022-05-01,1610612738,1610612749,89,101
0042100156,42021,2022-04-29,1610612750,1610612763,106,114
0042100176,42021,2022-04-28,1610612762,1610612742,96,98
0042100136,42021,2022-04-28,1610612761,1610612755,97,132
0042100146,42021,2022-04-28,1610612740,1610612756,109,115
0042100165,42021,2022-04-27,1610612744,1610612743,102,98
0042100125,42021,2022-04-27,1610612749,1610612741,116,100
0042100105,42021,2022-04-26,1610612748,1610612737,97,94
0042100145,42021,2022-04-26,1610612756,1610612740,112,97
0042100155,42021,2022-04-26,1610612763,1610612750,111,109
0042100135,42021,2022-04-25,1610612755,1610612761,88,103
0042100175,42021,2022-04-25,1610612742,1610612762,102,77
0042100114,42021,2022-04-25,1610612751,1610612738,112,116
0042100104,42021,2022-04-24,1610612737,1610612748,86,110
0042100124,42021,2022-04-24,1610612741,1610612749,95,119
0042100164,42021,2022-04-24,1610612743,1610612744,126,121
0042100144,42021,2022-04-24,1610612740,1610612756,118,103
0042100154,42021,2022-04-23,1610612750,1610612763,119,118
0042100134,42021,2022-04-23,1610612761,1610612755,110,102
0042100113,42021,2022-04-23,1610612751,1610612738,103,109
0042100174,42021,2022-04-23,1610612762,1610612742,100,99
0042100123,42021,2022-04-22,1610612741,1610612749,81,111
0042100143,42021,2022-04-22,1610612740,1610612756,111,114
0042100103,42021,2022-04-22,1610612737,1610612748,111,110
0042100153,42021,2022-04-21,1610612750,1610612763,95,104
0042100173,42021,2022-04-21,1610612762,1610612742,118,126
0042100163,42021,2022-04-21,1610612743,1610612744,113,118
0042100112,42021,2022-04-20,1610612738,1610612751,114,107
0042100133,42021,2022-04-20,1610612761,1610612755,101,104
0042100122,42021,2022-04-20,1610612749,1610612741,110,114
0042100142,42021,2022-04-19,1610612756,1610612740,114,125
0042100102,42021,2022-04-19,1610612748,1610612737,115,105
0042100152,42021,2022-04-19,1610612763,1610612750,124,96
0042100162,42021,2022-04-18,1610612744,1610612743,126,106
0042100132,42021,2022-04-18,1610612755,1610612761,112,97
0042100172,42021,2022-04-18,1610612742,1610612762,110,104
0042100111,42021,2022-04-17,1610612738,1610612751,115,114
0042100101,42021,2022-04-17,1610612748,1610612737,115,91
0042100141,42021,2022-04-17,1610612756,1610612740,110,99
0042100121,42021,2022-04-17,1610612749,1610612741,93,86
0042100131,42021,2022-04-16,1610612755,1610612761,131,111
0042100151,42021,2022-04-16,1610612763,1610612750,117,130
0042100171,42021,2022-04-16,1610612742,1610612762,93,99
0042100161,42021,2022-04-16,1610612744,1610612743,123,107
0052100211,52021,2022-04-15,1610612746,1610612740,101,105
0052100201,52021,2022-04-15,1610612739,1610612737,101,107
2042100402,42021,2022-04-14,1612709909,1612709908,114,131
0052100111,52021,2022-04-13,1610612737,1610612766,132,103
0052100131,52021,2022-04-13,1610612740,1610612759,113,103
0052100101,52021,2022-04-12,1610612751,1610612739,115,108
2042100401,42021,2022-04-12,1612709908,1612709909,145,128
0052100121,52021,2022-04-12,1610612750,1610612746,109,104
0022101228,22021,2022-04-10,1610612755,1610612765,118,106
0022101227,22021,2022-04-10,1610612753,1610612748,125,111
0022101225,22021,2022-04-10,1610612740,1610612744,107,128
2042100301,42021,2022-04-10,1612709920,1612709909,139,143
0022101216,22021,2022-04-10,1610612751,1610612754,134,126
0022101229,22021,2022-04-10,1610612756,1610612758,109,116
0022101224,22021,2022-04-10,1610612750,1610612741,120,124
0022101220,22021,2022-04-10,1610612743,1610612747,141,146
0022101230,22021,2022-04-10,1610612757,1610612762,80,111
0022101217,22021,2022-04-10,1610612766,1610612764,124,108
0022101223,22021,2022-04-10,1610612763,1610612738,110,139
0022101222,22021,2022-04-10,1610612746,1610612760,138,88
0022101226,22021,2022-04-10,1610612752,1610612761,105,94
0022101221,22021,2022-04-10,1610612745,1610612737,114,130
0022101218,22021,2022-04-10,1610612739,1610612749,133,115
0022101219,22021,2022-04-10,1610612742,1610612759,130,120
0022101214,22021,2022-04-09,1610612755,1610612754,133,120
0022101215,22021,2022-04-09,1610612759,1610612744,94,100
2042100311,42021,2022-04-09,1612709908,1612709924,125,114
0022101213,22021,2022-04-09,1610612763,1610612740,141,114
0022101212,22021,2022-04-09,1610612746,1610612758,117,98
0022101206,22021,2022-04-08,1610612761,1610612745,117,115
0022101203,22021,2022-04-08,1610612765,1610612749,101,131
0022101205,22021,2022-04-08,1610612751,1610612739,118,107
0022101209,22021,2022-04-08,1610612742,1610612757,128,78
0022101204,22021,2022-04-08,1610612764,1610612752,92,114
0022101207,22021,2022-04-08,1610612748,1610612737,113,109
0022101211,22021,2022-04-08,1610612747,1610612760,120,101
0022101208,22021,2022-04-08,1610612741,1610612766,117,133
2042100211,42021,2022-04-08,1612709932,1612709909,116,124
0022101210,22021,2022-04-08,1610612762,1610612756,105,111
0022101198,22021,2022-04-07,1610612749,1610612738,127,121
2042100221,42021,2022-04-07,1612709908,1612709918,120,103
2042100231,42021,2022-04-07,1612709924,1612709905,112,110
0022101199,22021,2022-04-07,1610612750,1610612759,127,121
0022101197,22021,2022-04-07,1610612761,1610612755,119,114
0022101200,22021,2022-04-07,1610612740,1610612757,127,94
0022101196,22021,2022-04-07,1610612766,1610612753,128,101
0022101202,22021,2022-04-07,1610612744,1610612747,128,112
0022101201,22021,2022-04-07,1610612743,1610612763,122,109
2042100201,42021,2022-04-07,1612709920,1612709928,131,126
0022101194,22021,2022-04-06,1610612762,1610612760,137,101
0022101192,22021,2022-04-06,1610612737,1610612764,118,103
0022101193,22021,2022-04-06,1610612741,1610612738,94,117
0022101191,22021,2022-04-06,1610612752,1610612751,98,110
0022101190,22021,2022-04-06,1610612765,1610612742,113,131
0022101195,22021,2022-04-06,1610612746,1610612756,113,109
0022101182,22021,2022-04-05,1610612761,1610612737,118,108
2042100131,42021,2022-04-05,1612709913,1612709918,100,115
0022101179,22021,2022-04-05,1610612753,1610612739,120,115
0022101183,22021,2022-04-05,1610612741,1610612749,106,127
0022101180,22021,2022-04-05,1610612751,1610612745,118,105
0022101188,22021,2022-04-05,1610612758,1610612740,109,123
0022101181,22021,2022-04-05,1610612748,1610612766,144,115
0022101185,22021,2022-04-05,1610612760,1610612757,98,94
0022101187,22021,2022-04-05,1610612762,1610612763,121,115
0022101178,22021,2022-04-05,1610612754,1610612755,122,131
2042100101,42021,2022-04-05,1612709909,1612709921,133,116
0022101184,22021,2022-04-05,1610612750,1610612764,114,132
2042100111,42021,2022-04-05,1612709928,1612709929,131,122
2042100121,42021,2022-04-05,1612709905,1612709902,134,123
0022101189,22021,2022-04-05,1610612756,1610612747,121,110
0022101186,22021,2022-04-05,1610612743,1610612759,97,116
0022101174,22021,2022-04-03,1610612760,1610612756,117,96
0022101177,22021,2022-04-03,1610612746,1610612740,119,100
0022101175,22021,2022-04-03,1610612759,1610612757,113,92
0022101176,22021,2022-04-03,1610612758,1610612744,90,109
0022101166,22021,2022-04-03,1610612738,1610612764,144,102
0022101172,22021,2022-04-03,1610612761,1610612748,109,114
0022101167,22021,2022-04-03,1610612749,1610612742,112,118
0022101170,22021,2022-04-03,1610612739,1610612755,108,112
0022101169,22021,2022-04-03,1610612754,1610612765,117,121
0022101173,22021,2022-04-03,1610612745,1610612750,132,139
0022101168,22021,2022-04-03,1610612747,1610612743,118,129
0022101171,22021,2022-04-03,1610612753,1610612752,88,118
2022100501,22021,2022-04-02,1612709905,1612709904,128,125
2022100494,22021,2022-04-02,1612709909,1612709927,132,114
0022101165,22021,2022-04-02,1610612744,1610612762,111,107
0022101163,22021,2022-04-02,1610612737,1610612751,122,115
2022100498,22021,2022-04-02,1612709919,1612709910,99,114
2022100499,22021,2022-04-02,1612709926,1612709913,111,126
0022101162,22021,2022-04-02,1610612752,1610612739,101,119
2022100496,22021,2022-04-02,1612709925,1612709915,121,118
2022100500,22021,2022-04-02,1612709923,1612709928,106,99
2022100493,22021,2022-04-02,1612709920,1612709922,119,113
2022100495,22021,2022-04-02,1612709917,1612709929,111,118
2022100503,22021,2022-04-02,1612709918,1612709890,106,97
0022101164,22021,2022-04-02,1610612741,1610612748,109,127
0022101161,22021,2022-04-02,1610612755,1610612766,144,114
2022100504,22021,2022-04-02,1612709903,1612709914,104,101
2022100502,22021,2022-04-02,1612709908,1612709924,128,130
2022100497,22021,2022-04-02,1612709932,1612709893,118,106
2022100488,22021,2022-04-01,1612709909,1612709927,144,110
2022100489,22021,2022-04-01,1612709917,1612709929,115,118
2022100487,22021,2022-04-01,1612709928,1612709921,86,77
0022101160,22021,2022-04-01,1610612747,1610612740,111,114
2022100491,22021,2022-04-01,1612709890,1612709902,112,118
0022101154,22021,2022-04-01,1610612745,1610612758,117,122
2022100492,22021,2022-04-01,1612709903,1612709918,91,103
0022101155,22021,2022-04-01,1610612763,1610612756,122,114
0022101153,22021,2022-04-01,1610612738,1610612754,128,123
2022100490,22021,2022-04-01,1612709911,1612709889,124,114
0022101157,22021,2022-04-01,1610612760,1610612765,101,110
0022101152,22021,2022-04-01,1610612764,1610612742,135,103
0022101151,22021,2022-04-01,1610612753,1610612761,89,102
0022101158,22021,2022-04-01,1610612759,1610612757,130,111
0022101159,22021,2022-04-01,1610612743,1610612750,130,136
0022101156,22021,2022-04-01,1610612749,1610612746,119,153
2022100481,22021,2022-03-31,1612709922,1612709915,117,122
0022101148,22021,2022-03-31,1610612751,1610612749,119,120
0022101149,22021,2022-03-31,1610612741,1610612746,135,130
2022100486,22021,2022-03-31,1612709905,1612709904,139,126
0022100452,22021,2022-03-31,1610612737,1610612739,131,107
0022101147,22021,2022-03-31,1610612765,1610612755,102,94
2022100483,22021,2022-03-31,1612709919,1612709910,131,110
0022101150,22021,2022-03-31,1610612762,1610612747,122,109
2022100484,22021,2022-03-31,1612709913,1612709914,116,106
2022100480,22021,2022-03-31,1612709893,1612709925,91,129
2022100482,22021,2022-03-31,1612709921,1612709920,114,99
2022100485,22021,2022-03-31,1612709911,1612709889,111,106
0022101137,22021,2022-03-30,1610612754,1610612743,118,125
0022101142,22021,2022-03-30,1610612745,1610612758,118,121
2022100479,22021,2022-03-30,1612709908,1612709924,98,106
0022101139,22021,2022-03-30,1610612738,1610612748,98,106
0022101136,22021,2022-03-30,1610612739,1610612742,112,120
0022101138,22021,2022-03-30,1610612764,1610612753,127,110
0022101146,22021,2022-03-30,1610612757,1610612740,107,117
0022101143,22021,2022-03-30,1610612760,1610612737,118,136
2022100478,22021,2022-03-30,1612709910,1612709928,130,121
0022101141,22021,2022-03-30,1610612761,1610612750,125,102
0022101144,22021,2022-03-30,1610612759,1610612763,111,112
0022101145,22021,2022-03-30,1610612744,1610612756,103,107
0022101140,22021,2022-03-30,1610612752,1610612766,114,125
2022100469,22021,2022-03-29,1612709909,1612709932,111,122
0022101134,22021,2022-03-29,1610612742,1610612747,128,110
2022100477,22021,2022-03-29,1612709903,1612709902,115,118
2022100470,22021,2022-03-29,1612709893,1612709919,100,116
2022100471,22021,2022-03-29,1612709929,1612709925,140,136
2022100472,22021,2022-03-29,1612709917,1612709920,103,111
2022100475,22021,2022-03-29,1612709911,1612709913,106,114
2022100474,22021,2022-03-29,1612709921,1612709923,116,105
0022101133,22021,2022-03-29,1610612751,1610612765,130,123
0022101132,22021,2022-03-29,1610612764,1610612741,94,107
2022100476,22021,2022-03-29,1612709926,1612709914,123,115
2022100473,22021,2022-03-29,1612709922,1612709915,107,144
0022101131,22021,2022-03-29,1610612755,1610612749,116,118
0022101135,22021,2022-03-29,1610612746,1610612762,121,115
0022101124,22021,2022-03-28,1610612754,1610612737,123,132
0022101125,22021,2022-03-28,1610612748,1610612758,123,100
2022100508,22021,2022-03-28,1612709905,1612709924,106,109
0022101123,22021,2022-03-28,1610612739,1610612753,107,101
0022101127,22021,2022-03-28,1610612761,1610612738,115,112
0022101122,22021,2022-03-28,1610612766,1610612743,109,113
0022101129,22021,2022-03-28,1610612763,1610612744,123,95
0022101126,22021,2022-03-28,1610612752,1610612741,109,104
0022101130,22021,2022-03-28,1610612757,1610612760,131,134
0022101128,22021,2022-03-28,1610612745,1610612759,120,123
2022100468,22021,2022-03-28,1612709926,1612709908,115,128
2022100507,22021,2022-03-27,1612709904,1612709889,87,111
0022101119,22021,2022-03-27,1610612740,1610612747,116,108
2022100463,22021,2022-03-27,1612709909,1612709932,125,118
0022101116,22021,2022-03-27,1610612738,1610612750,134,112
2022100461,22021,2022-03-27,1612709915,1612709910,110,107
2022100467,22021,2022-03-27,1612709905,1612709924,126,120
0022101118,22021,2022-03-27,1610612756,1610612755,114,104
0022101121,22021,2022-03-27,1610612742,1610612762,114,100
2022100464,22021,2022-03-27,1612709927,1612709917,107,111
0022101117,22021,2022-03-27,1610612764,1610612744,123,115
0022101120,22021,2022-03-27,1610612751,1610612766,110,119
2022100462,22021,2022-03-27,1612709893,1612709919,110,120
2022100465,22021,2022-03-27,1612709923,1612709929,110,127
2022100466,22021,2022-03-27,1612709913,1612709918,127,97
0022101115,22021,2022-03-27,1610612765,1610612752,102,104
2022100456,22021,2022-03-26,1612709928,1612709925,114,103
0022101109,22021,2022-03-26,1610612761,1610612754,131,91
2022100459,22021,2022-03-26,1612709908,1612709914,114,99
2022100457,22021,2022-03-26,1612709922,1612709921,136,119
0022101110,22021,2022-03-26,1610612739,1610612741,94,98
0022101111,22021,2022-03-26,1610612748,1610612751,95,110
0022101114,22021,2022-03-26,1610612757,1610612745,98,115
0022101113,22021,2022-03-26,1610612743,1610612760,113,107
0022101112,22021,2022-03-26,1610612763,1610612749,127,102
0022101107,22021,2022-03-26,1610612740,1610612759,103,107
0022101108,22021,2022-03-26,1610612753,1610612758,110,114
2022100458,22021,2022-03-26,1612709904,1612709889,117,106
2022100460,22021,2022-03-26,1612709902,1612709890,116,112
2022100449,22021,2022-03-25,1612709922,1612709919,112,100
2022100332,22021,2022-03-25,1612709909,1612709893,116,101
0022101103,22021,2022-03-25,1610612748,1610612752,103,111
2022100453,22021,2022-03-25,1612709918,1612709926,121,112
0022101101,22021,2022-03-25,1610612765,1610612764,97,100
0022101105,22021,2022-03-25,1610612757,1610612745,106,125
0022101104,22021,2022-03-25,1610612750,1610612742,116,95
2022100455,22021,2022-03-25,1612709905,1612709890,124,101
2022100447,22021,2022-03-25,1612709928,1612709925,120,82
2022100450,22021,2022-03-25,1612709923,1612709929,117,123
2022100451,22021,2022-03-25,1612709927,1612709920,105,123
0022101106,22021,2022-03-25,1610612746,1610612755,97,122
2022100448,22021,2022-03-25,1612709910,1612709932,111,113
0022101102,22021,2022-03-25,1610612737,1610612744,121,110
0022101100,22021,2022-03-25,1610612766,1610612762,107,101
2022100452,22021,2022-03-25,1612709908,1612709914,110,100
2022100454,22021,2022-03-25,1612709902,1612709911,116,112
0022101095,22021,2022-03-24,1610612761,1610612739,117,104
2022100446,22021,2022-03-24,1612709924,1612709903,111,108
2022100445,22021,2022-03-24,1612709910,1612709932,115,112
0022101098,22021,2022-03-24,1610612740,1610612741,126,109
0022101099,22021,2022-03-24,1610612743,1610612756,130,140
0022101096,22021,2022-03-24,1610612763,1610612754,133,103
0022101097,22021,2022-03-24,1610612749,1610612764,114,102
2022100440,22021,2022-03-23,1612709913,1612709904,136,95
0022101094,22021,2022-03-23,1610612757,1610612759,96,133
2022100441,22021,2022-03-23,1612709923,1612709893,117,99
2022100444,22021,2022-03-23,1612709902,1612709911,111,102
2022100247,22021,2022-03-23,1612709922,1612709925,123,112
0022101091,22021,2022-03-23,1610612760,1610612753,118,102
0022101093,22021,2022-03-23,1610612747,1610612755,121,126
0022101085,22021,2022-03-23,1610612765,1610612737,122,101
2022100442,22021,2022-03-23,1612709927,1612709920,115,130
2022100438,22021,2022-03-23,1612709928,1612709909,140,120
0022101087,22021,2022-03-23,1610612738,1610612762,125,97
0022101088,22021,2022-03-23,1610612748,1610612744,104,118
0022101086,22021,2022-03-23,1610612754,1610612758,109,110
2022100443,22021,2022-03-23,1612709924,1612709890,125,111
2022100437,22021,2022-03-23,1612709889,1612709914,118,121
0022101084,22021,2022-03-23,1610612766,1610612752,106,121
0022101089,22021,2022-03-23,1610612763,1610612751,132,120
0022101090,22021,2022-03-23,1610612750,1610612756,116,125
0022101092,22021,2022-03-23,1610612742,1610612745,110,91
2022100436,22021,2022-03-22,1612709905,1612709918,112,113
2022100435,22021,2022-03-22,1612709913,1612709904,129,143
0022101080,22021,2022-03-22,1610612753,1610612744,94,90
0022101081,22021,2022-03-22,1610612752,1610612737,111,117
0022101083,22021,2022-03-22,1610612743,1610612746,127,115
2022100434,22021,2022-03-22,1612709929,1612709915,136,127
0022101082,22021,2022-03-22,1610612749,1610612741,126,98
2022100432,22021,2022-03-21,1612709919,1612709917,113,94
2022100433,22021,2022-03-21,1612709914,1612709890,119,100
2022100023,22021,2022-03-21,1612709908,1612709926,126,128
0022101074,22021,2022-03-21,1610612755,1610612748,113,106
0022101078,22021,2022-03-21,1610612760,1610612738,123,132
0022101073,22021,2022-03-21,1610612765,1610612757,115,119
0022101077,22021,2022-03-21,1610612745,1610612764,115,97
0022101075,22021,2022-03-21,1610612751,1610612762,114,106
0022101071,22021,2022-03-21,1610612766,1610612740,106,103
0022101076,22021,2022-03-21,1610612741,1610612761,113,99
0022101079,22021,2022-03-21,1610612742,1610612750,110,108
2022100510,22021,2022-03-21,1612709910,1612709921,100,80
0022101072,22021,2022-03-21,1610612739,1610612747,120,131
0022101064,22021,2022-03-20,1610612737,1610612740,112,117
0022101065,22021,2022-03-20,1610612753,1610612760,90,85
0022101062,22021,2022-03-20,1610612754,1610612757,129,98
2022100430,22021,2022-03-20,1612709905,1612709918,110,122
0022101067,22021,2022-03-20,1610612752,1610612762,93,108
0022101063,22021,2022-03-20,1610612745,1610612763,98,122
0022101066,22021,2022-03-20,1610612758,1610612756,124,127
2022100423,22021,2022-03-20,1612709893,1612709929,108,118
0022101068,22021,2022-03-20,1610612743,1610612738,104,124
2022100425,22021,2022-03-20,1612709909,1612709915,141,145
2022100424,22021,2022-03-20,1612709928,1612709927,131,100
2022100429,22021,2022-03-20,1612709910,1612709921,116,108
2022100427,22021,2022-03-20,1612709904,1612709911,105,110
0022101069,22021,2022-03-20,1610612755,1610612761,88,93
2022100428,22021,2022-03-20,1612709923,1612709919,124,118
0022101070,22021,2022-03-20,1610612744,1610612759,108,110
2022100426,22021,2022-03-20,1612709932,1612709922,125,84
2022100431,22021,2022-03-20,1612709902,1612709903,94,106
0022101059,22021,2022-03-19,1610612766,1610612742,129,108
0022101058,22021,2022-03-19,1610612750,1610612749,138,119
2022100419,22021,2022-03-19,1612709908,1612709926,131,139
0022101060,22021,2022-03-19,1610612739,1610612765,113,109
2022100421,22021,2022-03-19,1612709902,1612709924,108,131
2022100422,22021,2022-03-19,1612709914,1612709890,101,96
0022101061,22021,2022-03-19,1610612764,1610612747,127,119
2022100420,22021,2022-03-19,1612709903,1612709889,73,102
0022101051,22021,2022-03-18,1610612761,1610612747,123,128
0022101049,22021,2022-03-18,1610612739,1610612743,119,116
2022100413,22021,2022-03-18,1612709929,1612709927,142,124
0022101048,22021,2022-03-18,1610612751,1610612757,128,123
0022101053,22021,2022-03-18,1610612745,1610612754,118,121
0022101057,22021,2022-03-18,1610612758,1610612738,97,126
0022101047,22021,2022-03-18,1610612737,1610612763,120,105
0022101050,22021,2022-03-18,1610612752,1610612764,100,97
2022100416,22021,2022-03-18,1612709915,1612709925,103,106
0022101054,22021,2022-03-18,1610612759,1610612740,91,124
0022101052,22021,2022-03-18,1610612748,1610612760,120,108
2022100417,22021,2022-03-18,1612709932,1612709928,133,140
2022100414,22021,2022-03-18,1612709917,1612709909,107,112
0022101055,22021,2022-03-18,1610612762,1610612746,121,92
0022101046,22021,2022-03-18,1610612755,1610612742,111,101
2022100418,22021,2022-03-18,1612709911,1612709905,125,121
2022100415,22021,2022-03-18,1612709922,1612709893,104,117
0022101056,22021,2022-03-18,1610612756,1610612741,129,102
2022100410,22021,2022-03-17,1612709908,1612709904,83,55
2022100408,22021,2022-03-17,1612709915,1612709925,130,101
0022101045,22021,2022-03-17,1610612753,1610612765,120,134
2022100409,22021,2022-03-17,1612709890,1612709913,100,98
2022100412,22021,2022-03-17,1612709914,1612709889,114,99
2022100360,22021,2022-03-17,1612709920,1612709910,131,106
2022100411,22021,2022-03-17,1612709924,1612709918,107,114
0022101037,22021,2022-03-16,1610612752,1610612757,128,98
2022100405,22021,2022-03-16,1612709911,1612709905,106,114
0022101041,22021,2022-03-16,1610612762,1610612741,125,110
0022101039,22021,2022-03-16,1610612750,1610612747,124,104
0022101035,22021,2022-03-16,1610612764,1610612743,109,127
0022101038,22021,2022-03-16,1610612745,1610612756,112,129
0022101044,22021,2022-03-16,1610612746,1610612761,100,103
2022100403,22021,2022-03-16,1612709929,1612709927,131,124
0022101042,22021,2022-03-16,1610612744,1610612738,88,110
0022101043,22021,2022-03-16,1610612758,1610612749,126,135
0022101036,22021,2022-03-16,1610612751,1610612742,111,113
0022101040,22021,2022-03-16,1610612759,1610612760,122,120
2022100402,22021,2022-03-16,1612709893,1612709909,95,84
2022100401,22021,2022-03-16,1612709919,1612709921,118,114
0022101033,22021,2022-03-16,1610612766,1610612737,116,106
2022100406,22021,2022-03-16,1612709926,1612709903,124,112
2022100404,22021,2022-03-16,1612709932,1612709928,125,111
0022101034,22021,2022-03-16,1610612739,1610612755,114,118
2022100407,22021,2022-03-16,1612709923,1612709922,117,108
0022101030,22021,2022-03-15,1610612753,1610612751,108,150
2022100400,22021,2022-03-15,1612709924,1612709902,118,103
0022101029,22021,2022-03-15,1610612754,1610612763,102,135
0022101031,22021,2022-03-15,1610612748,1610612765,105,98
2022100398,22021,2022-03-15,1612709913,1612709890,103,99
2022100397,22021,2022-03-15,1612709917,1612709922,117,109
2022100399,22021,2022-03-15,1612709918,1612709904,99,128
2022100396,22021,2022-03-15,1612709893,1612709909,118,130
0022101032,22021,2022-03-15,1610612740,1610612756,115,131
2022100392,22021,2022-03-14,1612709925,1612709923,116,107
0022101027,22021,2022-03-14,1610612762,1610612749,111,117
0022101022,22021,2022-03-14,1610612755,1610612743,110,114
0022101020,22021,2022-03-14,1610612739,1610612746,120,111
2022100395,22021,2022-03-14,1612709918,1612709911,115,109
0022101024,22021,2022-03-14,1610612759,1610612750,139,149
2022100394,22021,2022-03-14,1612709913,1612709908,114,135
0022101028,22021,2022-03-14,1610612747,1610612761,103,114
0022101023,22021,2022-03-14,1610612760,1610612766,116,134
0022101021,22021,2022-03-14,1610612737,1610612757,122,113
2022100393,22021,2022-03-14,1612709919,1612709929,101,126
0022101026,22021,2022-03-14,1610612758,1610612741,112,103
0022101025,22021,2022-03-14,1610612744,1610612764,126,112
2022100391,22021,2022-03-14,1612709889,1612709903,130,117
0022101016,22021,2022-03-13,1610612737,1610612754,131,128
0022101015,22021,2022-03-13,1610612753,1610612755,114,116
0022101014,22021,2022-03-13,1610612738,1610612742,92,95
2022100390,22021,2022-03-13,1612709924,1612709926,114,118
0022101013,22021,2022-03-13,1610612765,1610612746,102,106
0022101018,22021,2022-03-13,1610612760,1610612763,118,125
2022100389,22021,2022-03-13,1612709890,1612709911,91,97
0022101012,22021,2022-03-13,1610612751,1610612752,110,107
2022100388,22021,2022-03-13,1612709927,1612709915,103,125
2072100012,72021,2022-03-13,1612709902,1612709930,110,107
0022101019,22021,2022-03-13,1610612756,1610612747,140,111
0022101017,22021,2022-03-13,1610612740,1610612745,130,105
0022101008,22021,2022-03-12,1610612744,1610612749,122,109
2022100382,22021,2022-03-12,1612709909,1612709921,130,120
0022101009,22021,2022-03-12,1610612743,1610612761,115,127
0022101005,22021,2022-03-12,1610612748,1610612750,104,113
2022100380,22021,2022-03-12,1612709929,1612709923,116,112
2022100387,22021,2022-03-12,1612709924,1612709926,104,116
2022100385,22021,2022-03-12,1612709905,1612709914,120,110
0022101010,22021,2022-03-12,1610612762,1610612758,134,125
2022100384,22021,2022-03-12,1612709925,1612709920,109,112
0022101006,22021,2022-03-12,1610612741,1610612739,101,91
2022100383,22021,2022-03-12,1612709910,1612709893,110,99
0022101007,22021,2022-03-12,1610612759,1610612754,108,119
0022101011,22021,2022-03-12,1610612757,1610612764,127,118
2022100386,22021,2022-03-12,1612709918,1612709913,110,104
0022101003,22021,2022-03-11,1610612756,1610612761,112,117
0022100999,22021,2022-03-11,1610612745,1610612742,100,113
0022101001,22021,2022-03-11,1610612740,1610612766,120,142
2022100378,22021,2022-03-11,1612709904,1612709890,97,112
0022101004,22021,2022-03-11,1610612747,1610612764,122,109
0022100998,22021,2022-03-11,1610612748,1610612739,117,105
0022101000,22021,2022-03-11,1610612763,1610612752,118,114
0022101002,22021,2022-03-11,1610612759,1610612762,104,102
0022100995,22021,2022-03-11,1610612753,1610612750,118,110
0022100997,22021,2022-03-11,1610612738,1610612765,114,103
2022100377,22021,2022-03-11,1612709915,1612709932,98,105
2022100379,22021,2022-03-11,1612709908,1612709911,124,106
2022100376,22021,2022-03-11,1612709893,1612709927,129,119
0022100996,22021,2022-03-11,1610612737,1610612746,112,106
2022100366,22021,2022-03-10,1612709929,1612709920,121,126
2022100372,22021,2022-03-10,1612709904,1612709890,112,116
2022100374,22021,2022-03-10,1612709905,1612709926,129,119
2022100369,22021,2022-03-10,1612709925,1612709909,139,144
2022100370,22021,2022-03-10,1612709915,1612709932,107,87
2022100365,22021,2022-03-10,1612709889,1612709908,135,140
0022100993,22021,2022-03-10,1610612755,1610612751,100,129
0022100994,22021,2022-03-10,1610612743,1610612744,102,113
2022100371,22021,2022-03-10,1612709919,1612709928,92,108
2022100367,22021,2022-03-10,1612709917,1612709923,117,116
2022100373,22021,2022-03-10,1612709918,1612709903,115,101
2022100375,22021,2022-03-10,1612709914,1612709902,109,99
2022100368,22021,2022-03-10,1612709922,1612709910,113,126
0022100984,22021,2022-03-09,1610612749,1610612737,124,115
0022100990,22021,2022-03-09,1610612762,1610612757,123,85
2022100364,22021,2022-03-09,1612709913,1612709911,117,113
0022100982,22021,2022-03-09,1610612765,1610612741,108,114
0022100988,22021,2022-03-09,1610612742,1610612752,77,107
0022100987,22021,2022-03-09,1610612740,1610612753,102,108
2022100363,22021,2022-03-09,1612709921,1612709917,89,96
0022100991,22021,2022-03-09,1610612758,1610612743,100,106
0022100992,22021,2022-03-09,1610612746,1610612764,115,109
0022100985,22021,2022-03-09,1610612745,1610612747,139,130
0022100986,22021,2022-03-09,1610612750,1610612760,132,102
0022100981,22021,2022-03-09,1610612766,1610612738,101,115
0022100983,22021,2022-03-09,1610612748,1610612756,90,111
0022100989,22021,2022-03-09,1610612759,1610612761,104,119
0022100980,22021,2022-03-08,1610612744,1610612746,112,97
2022100359,22021,2022-03-08,1612709919,1612709922,106,102
0022100975,22021,2022-03-08,1610612766,1610612751,121,132
0022100979,22021,2022-03-08,1610612760,1610612749,115,142
2022100081,22021,2022-03-08,1612709890,1612709924,118,124
2022100361,22021,2022-03-08,1612709918,1612709903,102,108
2022100509,22021,2022-03-08,1612709910,1612709923,131,127
0022100978,22021,2022-03-08,1610612763,1610612740,132,111
0022100976,22021,2022-03-08,1610612754,1610612739,124,127
2072100016,72021,2022-03-08,1612709902,1612709930,119,127
0022100977,22021,2022-03-08,1610612753,1610612756,99,102
2022100356,22021,2022-03-08,1612709889,1612709908,107,117
2022100362,22021,2022-03-08,1612709914,1612709926,98,106
2022100357,22021,2022-03-08,1612709893,1612709932,120,126
2022100358,22021,2022-03-08,1612709925,1612709909,118,128
0022100973,22021,2022-03-07,1610612759,1610612747,117,110
2022100355,22021,2022-03-07,1612709913,1612709918,123,109
0022100968,22021,2022-03-07,1610612765,1610612737,113,110
0022100971,22021,2022-03-07,1610612750,1610612757,124,81
0022100528,22021,2022-03-07,1610612743,1610612744,131,124
0022100972,22021,2022-03-07,1610612742,1610612762,111,103
0022100970,22021,2022-03-07,1610612748,1610612745,123,106
0022100974,22021,2022-03-07,1610612758,1610612752,115,131
0022100969,22021,2022-03-07,1610612755,1610612741,121,106
2022100351,22021,2022-03-06,1612709911,1612709904,89,115
2022100350,22021,2022-03-06,1612709925,1612709917,119,109
0022100965,22021,2022-03-06,1610612760,1610612762,103,116
2022100354,22021,2022-03-06,1612709924,1612709905,100,108
0022100967,22021,2022-03-06,1610612743,1610612740,138,130
0022100961,22021,2022-03-06,1610612749,1610612756,132,122
0022100960,22021,2022-03-06,1610612738,1610612751,126,120
2022100352,22021,2022-03-06,1612709910,1612709923,116,108
2072100011,72021,2022-03-06,1612709914,1612709930,108,104
0022100962,22021,2022-03-06,1610612739,1610612761,104,96
0022100964,22021,2022-03-06,1610612745,1610612763,123,112
2022100353,22021,2022-03-06,1612709915,1612709920,125,118
0022100963,22021,2022-03-06,1610612764,1610612754,133,123
0022100966,22021,2022-03-06,1610612746,1610612752,93,116
2022100349,22021,2022-03-06,1612709929,1612709922,120,107
2022100348,22021,2022-03-06,1612709893,1612709921,119,120
0022100954,22021,2022-03-05,1610612742,1610612758,114,113
0022100958,22021,2022-03-05,1610612750,1610612757,135,121
0022100955,22021,2022-03-05,1610612766,1610612759,123,117
0022100959,22021,2022-03-05,1610612747,1610612744,124,116
2022100345,22021,2022-03-05,1612709890,1612709903,110,100
2022100346,22021,2022-03-05,1612709927,1612709928,114,128
0022100956,22021,2022-03-05,1610612748,1610612755,99,82
2022100347,22021,2022-03-05,1612709902,1612709926,99,107
2022100344,22021,2022-03-05,1612709909,1612709919,146,111
0022100957,22021,2022-03-05,1610612763,1610612753,124,96
0022100458,22021,2022-03-04,1610612761,1610612753,97,103
0022100952,22021,2022-03-04,1610612743,1610612745,116,101
2022100337,22021,2022-03-04,1612709910,1612709925,130,137
2022100335,22021,2022-03-04,1612709889,1612709911,103,107
2022100343,22021,2022-03-04,1612709902,1612709926,120,117
0022100948,22021,2022-03-04,1610612764,1610612737,114,117
2022100339,22021,2022-03-04,1612709904,1612709918,110,92
0022100947,22021,2022-03-04,1610612755,1610612739,125,119
0022100946,22021,2022-03-04,1610612765,1610612754,111,106
0022100949,22021,2022-03-04,1610612741,1610612749,112,118
0022100953,22021,2022-03-04,1610612756,1610612752,115,114
2022100336,22021,2022-03-04,1612709929,1612709922,99,88
2022100342,22021,2022-03-04,1612709908,1612709905,100,126
2022100340,22021,2022-03-04,1612709927,1612709928,131,129
2022100002,22021,2022-03-04,1612709893,1612709915,95,90
0022100951,22021,2022-03-04,1610612760,1610612750,101,138
2022100338,22021,2022-03-04,1612709932,1612709923,103,115
2022100341,22021,2022-03-04,1612709890,1612709903,136,126
0022100950,22021,2022-03-04,1610612740,1610612762,124,90
0022100942,22021,2022-03-03,1610612761,1610612765,106,108
2022100331,22021,2022-03-03,1612709932,1612709919,121,116
0022100944,22021,2022-03-03,1610612759,1610612758,112,115
0022100945,22021,2022-03-03,1610612746,1610612747,132,111
2022100334,22021,2022-03-03,1612709908,1612709905,115,111
0022100940,22021,2022-03-03,1610612738,1610612763,120,107
2022100333,22021,2022-03-03,1612709904,1612709918,117,120
0022100943,22021,2022-03-03,1610612742,1610612744,122,113
0022100710,22021,2022-03-03,1610612737,1610612741,130,124
0022100941,22021,2022-03-03,1610612751,1610612748,107,113
0022100937,22021,2022-03-02,1610612740,1610612758,125,95
0022100934,22021,2022-03-02,1610612755,1610612752,123,108
2022100326,22021,2022-03-02,1612709889,1612709926,109,114
2022100439,22021,2022-03-02,1612709917,1612709925,124,119
0022100939,22021,2022-03-02,1610612756,1610612757,120,90
0022100938,22021,2022-03-02,1610612743,1610612760,107,119
0022100933,22021,2022-03-02,1610612753,1610612754,114,122
2022100330,22021,2022-03-02,1612709914,1612709902,97,109
2022100327,22021,2022-03-02,1612709921,1612709909,119,113
0022100932,22021,2022-03-02,1610612739,1610612766,98,119
0022100935,22021,2022-03-02,1610612745,1610612762,127,132
0022100936,22021,2022-03-02,1610612749,1610612748,120,119
2022100328,22021,2022-03-02,1612709920,1612709929,128,104
2022100329,22021,2022-03-02,1612709903,1612709911,126,122
2022100010,22021,2022-03-01,1612709890,1612709918,94,99
0022100931,22021,2022-03-01,1610612747,1610612742,104,109
2022100325,22021,2022-03-01,1612709924,1612709913,109,101
0022100928,22021,2022-03-01,1610612761,1610612751,109,108
0022100927,22021,2022-03-01,1610612738,1610612737,107,98
2022100322,22021,2022-03-01,1612709917,1612709927,131,127
0022100929,22021,2022-03-01,1610612745,1610612746,100,113
0022100926,22021,2022-03-01,1610612764,1610612765,116,113
2022100324,22021,2022-03-01,1612709920,1612709915,128,92
2022100323,22021,2022-03-01,1612709919,1612709922,115,108
0022100930,22021,2022-03-01,1610612750,1610612744,129,114
2022100321,22021,2022-02-28,1612709924,1612709913,121,105
2022100319,22021,2022-02-28,1612709889,1612709890,108,100
0022100922,22021,2022-02-28,1610612748,1610612741,112,99
0022100923,22021,2022-02-28,1610612763,1610612759,118,105
0022100726,22021,2022-02-28,1610612751,1610612761,97,133
2022100315,22021,2022-02-28,1612709928,1612709893,114,105
0022100925,22021,2022-02-28,1610612760,1610612758,110,131
0022100924,22021,2022-02-28,1610612749,1610612766,130,106
2072100015,72021,2022-02-28,1612709902,1612709930,110,98
2022100320,22021,2022-02-28,1612709903,1612709911,113,109
0022100921,22021,2022-02-28,1610612753,1610612754,119,103
0022100920,22021,2022-02-28,1610612739,1610612750,122,127
0022100917,22021,2022-02-27,1610612744,1610612742,101,107
0022100912,22021,2022-02-27,1610612752,1610612755,109,125
0022100918,22021,2022-02-27,1610612757,1610612743,92,124
0022100914,22021,2022-02-27,1610612754,1610612738,128,107
0022100919,22021,2022-02-27,1610612747,1610612740,95,123
0022100916,22021,2022-02-27,1610612745,1610612746,98,99
2022100316,22021,2022-02-27,1612709925,1612709910,122,111
0022100913,22021,2022-02-27,1610612756,1610612762,114,118
0022100915,22021,2022-02-27,1610612766,1610612765,126,127
2022100317,22021,2022-02-27,1612709921,1612709932,113,109
2022100318,22021,2022-02-27,1612709923,1612709915,110,99
2022100314,22021,2022-02-26,1612709902,1612709913,118,94
2022100309,22021,2022-02-26,1612709926,1612709904,96,101
2022100311,22021,2022-02-26,1612709923,1612709915,127,94
0022100911,22021,2022-02-26,1610612743,1610612758,115,110
2022100313,22021,2022-02-26,1612709908,1612709918,137,110
2022100307,22021,2022-02-26,1612709929,1612709909,102,113
2022100310,22021,2022-02-26,1612709927,1612709919,100,105
0022100905,22021,2022-02-26,1610612765,1610612738,104,113
0022100908,22021,2022-02-26,1610612748,1610612759,133,129
0022100907,22021,2022-02-26,1610612739,1610612764,92,86
2022100312,22021,2022-02-26,1612709905,1612709914,105,119
0022100910,22021,2022-02-26,1610612749,1610612751,123,126
0022100906,22021,2022-02-26,1610612737,1610612761,127,100
2022100308,22021,2022-02-26,1612709922,1612709917,106,122
0022100909,22021,2022-02-26,1610612741,1610612763,110,116
0022100896,22021,2022-02-25,1610612766,1610612761,125,93
2022100303,22021,2022-02-25,1612709928,1612709893,112,111
2022100304,22021,2022-02-25,1612709922,1612709920,115,130
0022100903,22021,2022-02-25,1610612762,1610612742,114,109
0022100904,22021,2022-02-25,1610612747,1610612746,102,105
0022100898,22021,2022-02-25,1610612753,1610612745,119,111
2022100305,22021,2022-02-25,1612709926,1612709890,105,114
0022100901,22021,2022-02-25,1610612750,1610612755,102,133
0022100899,22021,2022-02-25,1610612764,1610612759,153,157
2022100306,22021,2022-02-25,1612709908,1612709889,126,118
0022100897,22021,2022-02-25,1610612754,1610612760,125,129
0022100902,22021,2022-02-25,1610612756,1610612740,102,117
0022100900,22021,2022-02-25,1610612752,1610612748,100,115
0022100892,22021,2022-02-24,1610612750,1610612763,119,114
2022100299,22021,2022-02-24,1612709917,1612709915,129,118
0022100895,22021,2022-02-24,1610612758,1610612743,110,128
2022100302,22021,2022-02-24,1612709902,1612709913,120,126
0022100890,22021,2022-02-24,1610612751,1610612738,106,129
0022100894,22021,2022-02-24,1610612757,1610612744,95,132
0022100889,22021,2022-02-24,1610612765,1610612739,106,103
2022100300,22021,2022-02-24,1612709921,1612709925,111,107
0022100893,22021,2022-02-24,1610612760,1610612756,104,124
2022100301,22021,2022-02-24,1612709927,1612709919,86,125
2022100297,22021,2022-02-24,1612709924,1612709914,107,119
2022100298,22021,2022-02-24,1612709909,1612709910,131,108
0022100891,22021,2022-02-24,1610612741,1610612737,112,108
2022100291,22021,2022-02-23,1612709922,1612709920,98,100
2022100296,22021,2022-02-23,1612709927,1612709932,107,110
2022100293,22021,2022-02-23,1612709926,1612709890,116,142
2022100289,22021,2022-02-23,1612709893,1612709910,110,133
2022100288,22021,2022-02-23,1612709914,1612709905,112,118
2022100287,22021,2022-02-23,1612709923,1612709917,117,116
2022100295,22021,2022-02-23,1612709918,1612709908,95,141
2022100294,22021,2022-02-23,1612709889,1612709904,111,115
2022100292,22021,2022-02-23,1612709911,1612709903,116,109
2022100290,22021,2022-02-23,1612709929,1612709928,106,132
2022100506,22021,2022-02-22,1612709889,1612709904,130,89
0032100001,32021,2022-02-20,1610616834,1610616833,163,160
2072100014,72021,2022-02-20,1612709893,1612709930,96,92
0032100003,32021,2022-02-18,1610616839,1610616840,51,65
0032100006,32021,2022-02-18,1610616849,1610616847,20,25
0032100005,32021,2022-02-18,1610616847,1610616848,50,48
0032100004,32021,2022-02-18,1610616849,1610616850,50,49
2022100285,22021,2022-02-17,1612709926,1612709914,121,114
2022100286,22021,2022-02-17,1612709902,1612709918,97,112
0022100885,22021,2022-02-17,1610612766,1610612748,107,111
0022100886,22021,2022-02-17,1610612740,1610612742,118,125
2022100282,22021,2022-02-17,1612709932,1612709910,132,120
2022100281,22021,2022-02-17,1612709915,1612709929,122,113
2022100280,22021,2022-02-17,1612709909,1612709923,115,96
0022100888,22021,2022-02-17,1610612746,1610612745,142,111
0022100464,22021,2022-02-17,1610612751,1610612764,103,117
2022100283,22021,2022-02-17,1612709920,1612709927,124,133
2022100284,22021,2022-02-17,1612709904,1612709908,117,127
0022100887,22021,2022-02-17,1610612749,1610612755,120,123
2022100273,22021,2022-02-16,1612709903,1612709890,104,125
0022100876,22021,2022-02-16,1610612754,1610612764,113,108
2022100277,22021,2022-02-16,1612709917,1612709921,102,115
0022100880,22021,2022-02-16,1610612750,1610612761,91,103
0022100875,22021,2022-02-16,1610612738,1610612765,111,112
2022100278,22021,2022-02-16,1612709919,1612709920,119,106
0022100878,22021,2022-02-16,1610612741,1610612758,125,118
2022100279,22021,2022-02-16,1612709924,1612709905,98,111
0022100883,22021,2022-02-16,1610612744,1610612743,116,117
0022100881,22021,2022-02-16,1610612760,1610612759,106,114
2022100275,22021,2022-02-16,1612709889,1612709913,96,102
0022100884,22021,2022-02-16,1610612747,1610612762,106,101
0022100874,22021,2022-02-16,1610612753,1610612737,109,130
0022100877,22021,2022-02-16,1610612752,1610612751,106,111
0022100882,22021,2022-02-16,1610612756,1610612745,124,121
2022100276,22021,2022-02-16,1612709928,1612709922,106,85
0022100879,22021,2022-02-16,1610612763,1610612757,119,123
0022100867,22021,2022-02-15,1610612737,1610612739,124,116
2022100505,22021,2022-02-15,1612709903,1612709905,115,116
2072100010,72021,2022-02-15,1612709932,1612709930,126,108
0022100873,22021,2022-02-15,1610612756,1610612746,103,96
2022100274,22021,2022-02-15,1612709914,1612709918,107,113
0022100868,22021,2022-02-15,1610612748,1610612742,99,107
0022100870,22021,2022-02-15,1610612749,1610612754,128,119
0022100872,22021,2022-02-15,1610612740,1610612763,109,121
0022100869,22021,2022-02-15,1610612755,1610612738,87,135
2022100271,22021,2022-02-15,1612709904,1612709908,130,119
0022100871,22021,2022-02-15,1610612750,1610612766,126,120
2022100272,22021,2022-02-15,1612709927,1612709923,101,111
2022100263,22021,2022-02-14,1612709890,1612709924,78,116
0022100863,22021,2022-02-14,1610612740,1610612761,120,90
2022100267,22021,2022-02-14,1612709917,1612709921,86,115
0022100862,22021,2022-02-14,1610612749,1610612757,107,122
0022100859,22021,2022-02-14,1610612751,1610612758,109,85
0022100858,22021,2022-02-14,1610612764,1610612765,103,94
0022100864,22021,2022-02-14,1610612743,1610612753,121,111
2022100268,22021,2022-02-14,1612709911,1612709902,113,119
2022100269,22021,2022-02-14,1612709926,1612709889,87,116
0022100866,22021,2022-02-14,1610612746,1610612744,119,104
0022100860,22021,2022-02-14,1610612752,1610612760,123,127
0022100865,22021,2022-02-14,1610612762,1610612745,135,101
2022100266,22021,2022-02-14,1612709929,1612709910,128,137
0022100861,22021,2022-02-14,1610612741,1610612759,120,109
0022100856,22021,2022-02-13,1610612738,1610612737,105,95
2022100265,22021,2022-02-13,1612709917,1612709928,103,106
2022100264,22021,2022-02-13,1612709926,1612709889,104,97
2022100262,22021,2022-02-13,1612709919,1612709893,141,100
0022100857,22021,2022-02-13,1610612754,1610612750,120,129
0022100849,22021,2022-02-12,1610612755,1610612739,103,93
2072100009,72021,2022-02-12,1612709927,1612709930,103,93
0022100852,22021,2022-02-12,1610612741,1610612760,106,101
2022100260,22021,2022-02-12,1612709923,1612709921,98,112
2022100254,22021,2022-02-12,1612709929,1612709910,97,112
0022100848,22021,2022-02-12,1610612740,1610612759,114,124
2022100257,22021,2022-02-12,1612709915,1612709922,105,99
0022100845,22021,2022-02-12,1610612757,1610612752,112,103
2022100259,22021,2022-02-12,1612709904,1612709903,119,107
0022100854,22021,2022-02-12,1610612744,1610612747,117,115
0022100850,22021,2022-02-12,1610612761,1610612743,109,110
2022100261,22021,2022-02-12,1612709905,1612709902,127,89
0022100847,22021,2022-02-12,1610612764,1610612758,110,123
2022100258,22021,2022-02-12,1612709913,1612709908,120,140
0022100846,22021,2022-02-12,1610612766,1610612763,118,125
0022100855,22021,2022-02-12,1610612756,1610612753,132,105
0022100853,22021,2022-02-12,1610612742,1610612746,97,99
0022100851,22021,2022-02-12,1610612748,1610612751,115,111
2022100255,22021,2022-02-12,1612709909,1612709920,104,109
0022100840,22021,2022-02-11,1610612755,1610612760,100,87
2022100250,22021,2022-02-11,1612709917,1612709928,114,117
0022100841,22021,2022-02-11,1610612737,1610612759,121,136
0022100838,22021,2022-02-11,1610612765,1610612766,119,141
0022100842,22021,2022-02-11,1610612738,1610612743,108,102
2022100252,22021,2022-02-11,1612709923,1612709921,107,110
2022100251,22021,2022-02-11,1612709904,1612709914,113,101
0022100843,22021,2022-02-11,1610612741,1610612750,134,122
0022100844,22021,2022-02-11,1610612762,1610612753,114,99
0022100839,22021,2022-02-11,1610612754,1610612739,113,120
2022100253,22021,2022-02-11,1612709918,1612709924,111,127
0022100835,22021,2022-02-10,1610612742,1610612746,112,105
0022100832,22021,2022-02-10,1610612764,1610612751,113,112
0022100833,22021,2022-02-10,1610612740,1610612748,97,112
2022100248,22021,2022-02-10,1612709915,1612709927,121,117
2022100246,22021,2022-02-10,1612709890,1612709908,127,139
2022100243,22021,2022-02-10,1612709929,1612709919,123,118
0022100834,22021,2022-02-10,1610612745,1610612761,120,139
0022100837,22021,2022-02-10,1610612744,1610612752,114,116
2022100245,22021,2022-02-10,1612709910,1612709909,121,134
0022100836,22021,2022-02-10,1610612756,1610612749,131,107
2022100249,22021,2022-02-10,1612709905,1612709902,111,117
2022100244,22021,2022-02-10,1612709926,1612709911,106,111
0022100831,22021,2022-02-10,1610612765,1610612763,107,132
0022100826,22021,2022-02-09,1610612766,1610612741,109,121
0022100828,22021,2022-02-09,1610612762,1610612744,111,85
0022100825,22021,2022-02-09,1610612739,1610612759,105,92
2022100238,22021,2022-02-09,1612709928,1612709929,113,120
0022100830,22021,2022-02-09,1610612758,1610612750,132,119
2022100242,22021,2022-02-09,1612709914,1612709903,111,97
2022100240,22021,2022-02-09,1612709922,1612709932,120,102
2022100239,22021,2022-02-09,1612709889,1612709904,108,97
0022100829,22021,2022-02-09,1610612757,1610612747,107,105
2022100241,22021,2022-02-09,1612709918,1612709924,115,121
0022100827,22021,2022-02-09,1610612760,1610612761,98,117
0022100818,22021,2022-02-08,1610612763,1610612746,135,109
2022100236,22021,2022-02-08,1612709913,1612709926,122,110
0022100824,22021,2022-02-08,1610612758,1610612750,114,134
0022100821,22021,2022-02-08,1610612743,1610612752,132,115
0022100815,22021,2022-02-08,1610612755,1610612756,109,114
0022100820,22021,2022-02-08,1610612742,1610612765,116,86
0022100822,22021,2022-02-08,1610612747,1610612749,116,131
0022100816,22021,2022-02-08,1610612737,1610612754,133,112
2022100232,22021,2022-02-08,1612709911,1612709890,115,118
0022100819,22021,2022-02-08,1610612740,1610612745,110,97
2022100234,22021,2022-02-08,1612709893,1612709920,99,110
0022100817,22021,2022-02-08,1610612751,1610612738,91,126
2022100233,22021,2022-02-08,1612709910,1612709909,117,129
2022100237,22021,2022-02-08,1612709914,1612709908,103,121
0022100823,22021,2022-02-08,1610612757,1610612753,95,113
0022100811,22021,2022-02-07,1610612764,1610612748,100,121
0022100812,22021,2022-02-07,1610612741,1610612756,124,127
2022100231,22021,2022-02-07,1612709932,1612709921,116,105
2022100235,22021,2022-02-07,1612709919,1612709925,114,105
2022100227,22021,2022-02-07,1612709911,1612709890,121,115
0022100810,22021,2022-02-07,1610612766,1610612761,101,116
0022100813,22021,2022-02-07,1610612760,1610612744,98,110
0022100814,22021,2022-02-07,1610612762,1610612752,113,104
2022100230,22021,2022-02-07,1612709889,1612709924,100,108
2022100229,22021,2022-02-06,1612709902,1612709905,110,112
0022100807,22021,2022-02-06,1610612742,1610612737,103,94
2022100226,22021,2022-02-06,1612709904,1612709913,111,104
2022100224,22021,2022-02-06,1612709925,1612709922,107,97
2022100223,22021,2022-02-06,1612709915,1612709917,97,111
2022100225,22021,2022-02-06,1612709927,1612709910,110,113
0022100806,22021,2022-02-06,1610612753,1610612738,83,116
0022100804,22021,2022-02-06,1610612743,1610612751,124,104
0022100803,22021,2022-02-06,1610612750,1610612765,118,105
0022100808,22021,2022-02-06,1610612745,1610612740,107,120
0022100809,22021,2022-02-06,1610612746,1610612749,113,137
2022100228,22021,2022-02-06,1612709919,1612709923,117,111
0022100805,22021,2022-02-06,1610612739,1610612754,98,85
2022100222,22021,2022-02-06,1612709918,1612709926,97,110
0022100802,22021,2022-02-06,1610612741,1610612755,108,119
0022100798,22021,2022-02-05,1610612764,1610612756,80,95
0022100797,22021,2022-02-05,1610612766,1610612748,86,104
0022100801,22021,2022-02-05,1610612758,1610612760,113,103
0022100796,22021,2022-02-05,1610612753,1610612763,115,135
2022100219,22021,2022-02-05,1612709920,1612709909,121,126
2022100221,22021,2022-02-05,1612709911,1612709924,111,133
0022100800,22021,2022-02-05,1610612757,1610612749,108,137
0022100799,22021,2022-02-05,1610612747,1610612752,122,115
2022100220,22021,2022-02-05,1612709932,1612709921,117,101
0022100787,22021,2022-02-04,1610612766,1610612739,101,102
0022100793,22021,2022-02-04,1610612762,1610612751,125,102
2022100214,22021,2022-02-04,1612709926,1612709913,116,129
2022100216,22021,2022-02-04,1612709918,1612709914,99,91
0022100792,22021,2022-02-04,1610612759,1610612745,131,106
2022100209,22021,2022-02-04,1612709929,1612709932,124,127
2022100212,22021,2022-02-04,1612709915,1612709917,108,116
0022100790,22021,2022-02-04,1610612761,1610612737,125,114
2022100211,22021,2022-02-04,1612709921,1612709893,118,113
2022100210,22021,2022-02-04,1612709922,1612709927,127,109
2022100213,22021,2022-02-04,1612709919,1612709923,90,107
2022100208,22021,2022-02-04,1612709928,1612709910,106,117
2022100217,22021,2022-02-04,1612709902,1612709908,115,127
0022100794,22021,2022-02-04,1610612743,1610612740,105,113
0022100791,22021,2022-02-04,1610612742,1610612755,107,98
2022100215,22021,2022-02-04,1612709890,1612709889,109,104
2022100218,22021,2022-02-04,1612709905,1612709903,116,117
0022100789,22021,2022-02-04,1610612754,1610612741,115,122
0022100795,22021,2022-02-04,1610612757,1610612760,93,96
0022100788,22021,2022-02-04,1610612765,1610612738,93,102
0022100782,22021,2022-02-03,1610612765,1610612750,117,128
0022100521,22021,2022-02-03,1610612759,1610612748,95,112
2022100205,22021,2022-02-03,1612709920,1612709923,104,89
2022100206,22021,2022-02-03,1612709904,1612709924,116,109
0022100783,22021,2022-02-03,1610612737,1610612756,124,115
2022100207,22021,2022-02-03,1612709905,1612709903,132,120
2022100204,22021,2022-02-03,1612709925,1612709927,134,115
0022100430,22021,2022-02-03,1610612761,1610612741,127,120
2022100203,22021,2022-02-03,1612709909,1612709922,109,105
0022100786,22021,2022-02-03,1610612746,1610612747,111,110
0022100785,22021,2022-02-03,1610612744,1610612758,126,114
2022100201,22021,2022-02-02,1612709926,1612709911,111,103
0022100777,22021,2022-02-02,1610612745,1610612739,115,104
2022100202,22021,2022-02-02,1612709918,1612709914,99,109
0022100775,22021,2022-02-02,1610612738,1610612766,113,107
2022100200,22021,2022-02-02,1612709921,1612709893,109,105
0022100776,22021,2022-02-02,1610612752,1610612763,108,120
0022100781,22021,2022-02-02,1610612747,1610612757,99,94
0022100774,22021,2022-02-02,1610612755,1610612764,103,106
0022100779,22021,2022-02-02,1610612762,1610612743,108,104
2022100199,22021,2022-02-02,1612709928,1612709910,126,121
0022100780,22021,2022-02-02,1610612758,1610612751,112,101
0022100773,22021,2022-02-02,1610612754,1610612753,118,119
0022100778,22021,2022-02-02,1610612742,1610612760,114,120
0022100769,22021,2022-02-01,1610612741,1610612753,126,115
2022100256,22021,2022-02-01,1612709925,1612709932,104,118
0022100772,22021,2022-02-01,1610612756,1610612751,121,111
2022100195,22021,2022-02-01,1612709919,1612709909,117,107
2022100197,22021,2022-02-01,1612709913,1612709902,122,110
0022100768,22021,2022-02-01,1610612749,1610612764,112,98
2022100198,22021,2022-02-01,1612709903,1612709908,109,111
2022100194,22021,2022-02-01,1612709893,1612709922,105,96
2022100196,22021,2022-02-01,1612709920,1612709923,130,93
0022100770,22021,2022-02-01,1610612750,1610612743,130,115
0022100766,22021,2022-02-01,1610612765,1610612740,101,111
0022100771,22021,2022-02-01,1610612759,1610612744,120,124
0022100784,22021,2022-02-01,1610612761,1610612748,110,106
2022100191,22021,2022-01-31,1612709889,1612709905,113,100
0022100761,22021,2022-01-31,1610612755,1610612763,122,119
0022100765,22021,2022-01-31,1610612760,1610612757,98,81
0022100762,22021,2022-01-31,1610612738,1610612748,122,92
0022100767,22021,2022-01-31,1610612737,1610612761,100,106
0022100763,22021,2022-01-31,1610612752,1610612758,116,96
2022100192,22021,2022-01-31,1612709920,1612709928,112,116
2022100193,22021,2022-01-31,1612709913,1612709924,107,102
0022100759,22021,2022-01-31,1610612739,1610612740,93,90
0022100760,22021,2022-01-31,1610612754,1610612746,122,116
0022100764,22021,2022-01-31,1610612745,1610612744,108,122
0022100758,22021,2022-01-30,1610612756,1610612759,115,110
2022100189,22021,2022-01-30,1612709932,1612709915,126,112
2072100008,72021,2022-01-30,1612709909,1612709930,131,95
0022100757,22021,2022-01-30,1610612750,1610612762,126,106
0022100754,22021,2022-01-30,1610612765,1610612739,115,105
0022100751,22021,2022-01-30,1610612737,1610612747,129,121
0022100756,22021,2022-01-30,1610612749,1610612743,100,136
2022100190,22021,2022-01-30,1612709890,1612709902,110,123
0022100752,22021,2022-01-30,1610612766,1610612746,90,115
0022100753,22021,2022-01-30,1610612741,1610612757,130,116
0022100755,22021,2022-01-30,1610612753,1610612742,110,108
2022100188,22021,2022-01-29,1612709924,1612709889,113,116
2022100185,22021,2022-01-29,1612709927,1612709922,108,115
2022100186,22021,2022-01-29,1612709908,1612709913,116,117
0022100746,22021,2022-01-29,1610612742,1610612754,132,105
0022100750,22021,2022-01-29,1610612744,1610612751,110,106
0022100748,22021,2022-01-29,1610612748,1610612761,120,124
2022100183,22021,2022-01-29,1612709925,1612709921,121,124
2022100187,22021,2022-01-29,1612709918,1612709905,100,117
2022100184,22021,2022-01-29,1612709923,1612709910,104,102
0022100747,22021,2022-01-29,1610612755,1610612758,103,101
0022100749,22021,2022-01-29,1610612763,1610612764,115,95
0022100745,22021,2022-01-29,1610612740,1610612738,97,107
2022100182,22021,2022-01-29,1612709893,1612709917,82,98
2022100178,22021,2022-01-28,1612709909,1612709929,111,127
2022100177,22021,2022-01-28,1612709893,1612709917,82,94
0022100736,22021,2022-01-28,1610612753,1610612765,119,103
0022100737,22021,2022-01-28,1610612737,1610612738,108,92
2022100180,22021,2022-01-28,1612709903,1612709889,112,114
0022100740,22021,2022-01-28,1610612763,1610612762,119,109
0022100742,22021,2022-01-28,1610612759,1610612741,131,122
2072100007,72021,2022-01-28,1612709928,1612709930,123,115
0022100743,22021,2022-01-28,1610612756,1610612750,134,124
0022100744,22021,2022-01-28,1610612749,1610612752,123,108
0022100739,22021,2022-01-28,1610612745,1610612757,110,125
2022100179,22021,2022-01-28,1612709925,1612709921,93,94
0022100738,22021,2022-01-28,1610612748,1610612746,121,114
2022100181,22021,2022-01-28,1612709914,1612709911,76,82
0022100729,22021,2022-01-28,1610612740,1610612743,105,116
0022100735,22021,2022-01-28,1610612766,1610612747,117,114
0022100741,22021,2022-01-28,1610612760,1610612754,110,113
2022100172,22021,2022-01-27,1612709909,1612709922,106,94
2022100174,22021,2022-01-27,1612709908,1612709902,126,111
2022100173,22021,2022-01-27,1612709890,1612709904,119,97
0022100733,22021,2022-01-27,1610612755,1610612747,105,87
2022100176,22021,2022-01-27,1612709914,1612709903,123,118
2022100175,22021,2022-01-27,1612709924,1612709911,116,108
0022100734,22021,2022-01-27,1610612744,1610612750,124,115
2022100171,22021,2022-01-27,1612709910,1612709915,126,138
2022100168,22021,2022-01-26,1612709913,1612709889,100,97
0022100731,22021,2022-01-26,1610612762,1610612756,97,105
2022100166,22021,2022-01-26,1612709920,1612709932,123,116
0022100723,22021,2022-01-26,1610612754,1610612766,126,158
0022100728,22021,2022-01-26,1610612759,1610612763,110,118
0022100453,22021,2022-01-26,1610612751,1610612743,118,124
0022100732,22021,2022-01-26,1610612757,1610612742,112,132
0022100472,22021,2022-01-26,1610612741,1610612761,111,105
0022100722,22021,2022-01-26,1610612739,1610612749,115,99
0022100727,22021,2022-01-26,1610612748,1610612752,110,96
2022100167,22021,2022-01-26,1612709928,1612709919,112,115
2022100169,22021,2022-01-26,1612709926,1612709905,124,127
0022100724,22021,2022-01-26,1610612753,1610612746,102,111
2022100170,22021,2022-01-26,1612709927,1612709893,121,113
0022100725,22021,2022-01-26,1610612737,1610612758,121,104
0022100717,22021,2022-01-25,1610612738,1610612758,128,75
2022100165,22021,2022-01-25,1612709924,1612709904,129,101
0022100716,22021,2022-01-25,1610612764,1610612746,115,116
0022100454,22021,2022-01-25,1610612755,1610612740,117,107
2022100164,22021,2022-01-25,1612709908,1612709902,134,110
2022100160,22021,2022-01-25,1612709910,1612709915,130,129
0022100718,22021,2022-01-25,1610612751,1610612747,96,106
0022100719,22021,2022-01-25,1610612745,1610612759,104,134
0022100714,22021,2022-01-25,1610612765,1610612743,105,110
2022100162,22021,2022-01-25,1612709911,1612709918,118,135
0022100721,22021,2022-01-25,1610612757,1610612750,107,109
2022100163,22021,2022-01-25,1612709923,1612709925,98,88
2022100161,22021,2022-01-25,1612709929,1612709921,105,102
0022100715,22021,2022-01-25,1610612761,1610612766,125,113
0022100720,22021,2022-01-25,1610612744,1610612742,130,92
2022100155,22021,2022-01-24,1612709932,1612709917,111,122
2022100159,22021,2022-01-24,1612709924,1612709914,94,103
0022100712,22021,2022-01-24,1610612740,1610612754,117,113
0022100709,22021,2022-01-24,1610612739,1610612752,95,93
2022100158,22021,2022-01-24,1612709926,1612709905,116,124
2022100156,22021,2022-01-24,1612709920,1612709919,112,105
2022100154,22021,2022-01-24,1612709928,1612709923,101,103
0022100730,22021,2022-01-24,1610612760,1610612741,110,111
2022100157,22021,2022-01-24,1612709913,1612709889,117,124
0022100713,22021,2022-01-24,1610612756,1610612762,115,109
0022100698,22021,2022-01-23,1610612752,1610612746,110,102
0022100705,22021,2022-01-23,1610612742,1610612763,104,91
2072100006,72021,2022-01-23,1612709921,1612709930,111,99
0022100704,22021,2022-01-23,1610612759,1610612755,109,115
0022100699,22021,2022-01-23,1610612764,1610612738,87,116
0022100706,22021,2022-01-23,1610612750,1610612751,136,125
0022100700,22021,2022-01-23,1610612748,1610612747,113,107
2022100153,22021,2022-01-23,1612709913,1612709890,113,106
0022100708,22021,2022-01-23,1610612744,1610612762,94,92
0022100701,22021,2022-01-23,1610612753,1610612741,114,95
2022100150,22021,2022-01-23,1612709914,1612709904,91,75
2022100151,22021,2022-01-23,1612709927,1612709929,117,107
0022100702,22021,2022-01-23,1610612761,1610612757,105,114
0022100707,22021,2022-01-23,1610612743,1610612765,117,111
0022100703,22021,2022-01-23,1610612766,1610612737,91,113
2022100152,22021,2022-01-23,1612709911,1612709918,111,85
2022100144,22021,2022-01-22,1612709917,1612709910,124,122
2022100142,22021,2022-01-22,1612709920,1612709893,119,102
0022100695,22021,2022-01-22,1610612739,1610612760,94,87
2022100149,22021,2022-01-22,1612709908,1612709903,146,122
2022100143,22021,2022-01-22,1612709928,1612709923,111,108
0022100696,22021,2022-01-22,1610612749,1610612758,133,127
2022100147,22021,2022-01-22,1612709932,1612709925,113,100
2022100145,22021,2022-01-22,1612709922,1612709909,109,118
2022100148,22021,2022-01-22,1612709889,1612709902,117,113
2022100146,22021,2022-01-22,1612709915,1612709919,142,117
0022100697,22021,2022-01-22,1610612756,1610612754,113,103
2022100141,22021,2022-01-21,1612709908,1612709903,130,93
0022100693,22021,2022-01-21,1610612762,1610612765,111,101
0022100688,22021,2022-01-21,1610612738,1610612757,105,109
0022100690,22021,2022-01-21,1610612749,1610612741,94,90
0022100694,22021,2022-01-21,1610612744,1610612745,105,103
0022100691,22021,2022-01-21,1610612759,1610612751,102,117
2022100138,22021,2022-01-21,1612709913,1612709905,109,123
2022100140,22021,2022-01-21,1612709890,1612709926,114,107
2072100005,72021,2022-01-21,1612709929,1612709930,129,119
2022100139,22021,2022-01-21,1612709889,1612709918,107,110
0022100686,22021,2022-01-21,1610612755,1610612746,101,102
0022100687,22021,2022-01-21,1610612737,1610612748,110,108
0022100684,22021,2022-01-21,1610612766,1610612760,121,98
0022100685,22021,2022-01-21,1610612753,1610612747,105,116
0022100692,22021,2022-01-21,1610612743,1610612763,118,122
0022100689,22021,2022-01-21,1610612764,1610612761,105,109
0022100681,22021,2022-01-20,1610612752,1610612740,91,102
2022100136,22021,2022-01-20,1612709902,1612709924,101,115
0022100682,22021,2022-01-20,1610612742,1610612756,101,109
2022100132,22021,2022-01-20,1612709921,1612709910,115,112
2022100133,22021,2022-01-20,1612709915,1612709923,111,97
0022100683,22021,2022-01-20,1610612744,1610612754,117,121
2022100134,22021,2022-01-20,1612709920,1612709893,116,114
2022100137,22021,2022-01-20,1612709914,1612709904,117,107
2022100131,22021,2022-01-20,1612709917,1612709932,98,113
2022100135,22021,2022-01-20,1612709927,1612709925,109,110
0022100679,22021,2022-01-19,1610612758,1610612765,131,133
0022100678,22021,2022-01-19,1610612743,1610612746,130,128
0022100674,22021,2022-01-19,1610612749,1610612763,126,114
2022100067,22021,2022-01-19,1612709903,1612709926,120,98
0022100669,22021,2022-01-19,1610612764,1610612751,118,119
0022100676,22021,2022-01-19,1610612759,1610612760,118,96
0022100672,22021,2022-01-19,1610612748,1610612757,104,92
0022100670,22021,2022-01-19,1610612737,1610612750,134,122
0022100668,22021,2022-01-19,1610612755,1610612753,123,110
2022100128,22021,2022-01-19,1612709919,1612709915,126,99
0022100671,22021,2022-01-19,1610612738,1610612766,102,111
2022100127,22021,2022-01-19,1612709921,1612709910,115,125
2022100126,22021,2022-01-19,1612709927,1612709925,104,103
0022100675,22021,2022-01-19,1610612742,1610612761,102,98
2022100130,22021,2022-01-19,1612709908,1612709890,112,100
0022100677,22021,2022-01-19,1610612762,1610612745,111,116
0022100680,22021,2022-01-19,1610612747,1610612754,104,111
0022100673,22021,2022-01-19,1610612741,1610612739,117,104
2022100129,22021,2022-01-19,1612709889,1612709918,113,103
2022100124,22021,2022-01-18,1612709923,1612709920,125,114
2022100122,22021,2022-01-18,1612709932,1612709929,123,113
2022100123,22021,2022-01-18,1612709904,1612709905,113,117
2022100055,22021,2022-01-18,1612709903,1612709926,117,106
0022100666,22021,2022-01-18,1610612752,1610612750,110,112
0022100667,22021,2022-01-18,1610612744,1610612765,102,86
2022100125,22021,2022-01-18,1612709924,1612709911,113,92
0022100662,22021,2022-01-17,1610612748,1610612761,104,99
0022100663,22021,2022-01-17,1610612742,1610612760,104,102
2022100120,22021,2022-01-17,1612709902,1612709914,124,91
0022100657,22021,2022-01-17,1610612739,1610612751,114,107
2022100117,22021,2022-01-17,1612709922,1612709928,108,94
0022100658,22021,2022-01-17,1610612763,1610612741,119,106
0022100661,22021,2022-01-17,1610612753,1610612757,88,98
2022100121,22021,2022-01-17,1612709890,1612709908,127,124
0022100656,22021,2022-01-17,1610612764,1610612755,117,98
2022100116,22021,2022-01-17,1612709909,1612709917,125,118
0022100659,22021,2022-01-17,1610612746,1610612754,139,133
2022100119,22021,2022-01-17,1612709918,1612709889,117,94
0022100660,22021,2022-01-17,1610612737,1610612749,121,114
0022100665,22021,2022-01-17,1610612747,1610612762,101,95
0022100664,22021,2022-01-17,1610612759,1610612756,107,121
0022100655,22021,2022-01-17,1610612752,1610612766,87,97
0022100654,22021,2022-01-17,1610612738,1610612740,104,92
2022100118,22021,2022-01-17,1612709921,1612709915,118,108
2022100112,22021,2022-01-16,1612709913,1612709903,123,110
2022100115,22021,2022-01-16,1612709920,1612709925,111,99
2022100109,22021,2022-01-16,1612709909,1612709917,115,111
0022100617,22021,2022-01-16,1610612765,1610612756,108,135
0022100651,22021,2022-01-16,1610612758,1610612745,112,118
2022100110,22021,2022-01-16,1612709932,1612709929,133,114
2022100114,22021,2022-01-16,1612709905,1612709911,99,113
0022100652,22021,2022-01-16,1610612750,1610612744,119,99
2022100113,22021,2022-01-16,1612709923,1612709927,109,113
2022100111,22021,2022-01-16,1612709904,1612709926,99,107
0022100653,22021,2022-01-16,1610612743,1610612762,102,125
0022100645,22021,2022-01-15,1610612748,1610612755,98,109
2022100102,22021,2022-01-15,1612709915,1612709893,98,86
0022100642,22021,2022-01-15,1610612764,1610612757,110,115
0022100641,22021,2022-01-15,1610612749,1610612761,96,103
0022100643,22021,2022-01-15,1610612737,1610612752,108,117
0022100650,22021,2022-01-15,1610612742,1610612753,108,92
2022100104,22021,2022-01-15,1612709910,1612709919,132,104
0022100647,22021,2022-01-15,1610612738,1610612741,114,112
0022100649,22021,2022-01-15,1610612743,1610612747,133,96
2022100107,22021,2022-01-15,1612709918,1612709902,136,132
0022100646,22021,2022-01-15,1610612760,1610612739,102,107
2022100106,22021,2022-01-15,1612709904,1612709926,105,113
2022100105,22021,2022-01-15,1612709922,1612709928,109,116
0022100648,22021,2022-01-15,1610612759,1610612746,101,94
0022100644,22021,2022-01-15,1610612751,1610612740,120,105
2022100103,22021,2022-01-15,1612709920,1612709925,88,82
2022100108,22021,2022-01-15,1612709924,1612709908,117,115
2022100098,22021,2022-01-14,1612709889,1612709890,126,108
2022100096,22021,2022-01-14,1612709922,1612709929,111,124
0022100637,22021,2022-01-14,1610612741,1610612744,96,138
2022100097,22021,2022-01-14,1612709921,1612709927,112,133
0022100633,22021,2022-01-14,1610612765,1610612761,103,87
0022100638,22021,2022-01-14,1610612759,1610612739,109,114
0022100640,22021,2022-01-14,1610612758,1610612745,126,114
0022100635,22021,2022-01-14,1610612755,1610612738,111,99
0022100639,22021,2022-01-14,1610612763,1610612742,85,112
2022100100,22021,2022-01-14,1612709903,1612709905,135,125
0022100632,22021,2022-01-14,1610612766,1610612753,109,116
2022100101,22021,2022-01-14,1612709914,1612709924,91,106
0022100634,22021,2022-01-14,1610612754,1610612756,94,112
0022100636,22021,2022-01-14,1610612748,1610612737,124,118
2022100099,22021,2022-01-14,1612709918,1612709902,126,121
2022100093,22021,2022-01-13,1612709915,1612709909,107,111
0022100628,22021,2022-01-13,1610612763,1610612750,116,108
2022100095,22021,2022-01-13,1612709905,1612709908,130,121
2022100092,22021,2022-01-13,1612709928,1612709920,113,104
0022100630,22021,2022-01-13,1610612751,1610612760,109,130
0022100631,22021,2022-01-13,1610612743,1610612757,140,108
0022100629,22021,2022-01-13,1610612740,1610612746,113,89
0022100627,22021,2022-01-13,1610612749,1610612744,118,99
2022100094,22021,2022-01-13,1612709911,1612709926,117,102
0022100619,22021,2022-01-12,1610612755,1610612766,98,109
0022100624,22021,2022-01-12,1610612762,1610612739,91,111
0022100626,22021,2022-01-12,1610612758,1610612747,125,116
0022100623,22021,2022-01-12,1610612759,1610612745,124,128
2022100091,22021,2022-01-12,1612709924,1612709904,96,95
0022100620,22021,2022-01-12,1610612764,1610612753,112,106
0022100625,22021,2022-01-12,1610612741,1610612751,112,138
0022100621,22021,2022-01-12,1610612737,1610612748,91,115
0022100618,22021,2022-01-12,1610612754,1610612738,100,119
0022100622,22021,2022-01-12,1610612752,1610612742,108,85
2022100090,22021,2022-01-12,1612709921,1612709927,133,104
2022100086,22021,2022-01-11,1612709893,1612709923,103,94
0022100612,22021,2022-01-11,1610612764,1610612760,122,118
0022100615,22021,2022-01-11,1610612740,1610612750,128,125
0022100616,22021,2022-01-11,1610612746,1610612743,87,85
2022100087,22021,2022-01-11,1612709929,1612709917,120,94
0022100614,22021,2022-01-11,1610612763,1610612744,116,108
2022100089,22021,2022-01-11,1612709919,1612709932,110,105
0022100613,22021,2022-01-11,1610612761,1610612756,95,99
2022100088,22021,2022-01-11,1612709925,1612709928,95,132
0022100415,22021,2022-01-11,1610612741,1610612765,133,87
0022100611,22021,2022-01-10,1610612758,1610612739,108,109
2022100082,22021,2022-01-10,1612709919,1612709932,98,107
2022100085,22021,2022-01-10,1612709903,1612709904,93,103
0022100609,22021,2022-01-10,1610612738,1610612754,101,98
2022100084,22021,2022-01-10,1612709926,1612709902,130,132
0022100608,22021,2022-01-10,1610612765,1610612762,126,116
0022100711,22021,2022-01-10,1610612745,1610612755,91,111
2022100083,22021,2022-01-10,1612709920,1612709921,103,102
0022100610,22021,2022-01-10,1610612752,1610612759,111,96
0022100486,22021,2022-01-10,1610612757,1610612751,114,108
0022100607,22021,2022-01-10,1610612766,1610612749,103,99
0022100601,22021,2022-01-09,1610612760,1610612743,95,99
0022100597,22021,2022-01-09,1610612746,1610612737,106,93
0022100598,22021,2022-01-09,1610612753,1610612764,100,102
0022100606,22021,2022-01-09,1610612747,1610612763,119,127
2022100080,22021,2022-01-09,1612709914,1612709889,100,118
0022100602,22021,2022-01-09,1610612751,1610612759,121,119
2072100004,72021,2022-01-09,1612709930,1612709931,106,105
0022100604,22021,2022-01-09,1610612744,1610612739,96,82
2022100078,22021,2022-01-09,1612709921,1612709922,103,111
2022100066,22021,2022-01-09,1612709923,1612709909,123,85
0022100603,22021,2022-01-09,1610612742,1610612741,113,99
0022100600,22021,2022-01-09,1610612745,1610612750,123,141
2022100079,22021,2022-01-09,1612709915,1612709927,117,89
0022100605,22021,2022-01-09,1610612757,1610612758,103,88
0022100599,22021,2022-01-09,1610612761,1610612740,105,101
2022100074,22021,2022-01-08,1612709913,1612709911,113,115
2022100071,22021,2022-01-08,1612709917,1612709893,99,92
0022100592,22021,2022-01-08,1610612766,1610612749,114,106
2022100070,22021,2022-01-08,1612709928,1612709932,113,118
2022100077,22021,2022-01-08,1612709903,1612709904,95,115
0022100596,22021,2022-01-08,1610612756,1610612748,100,123
0022100591,22021,2022-01-08,1610612746,1610612763,108,123
2022100076,22021,2022-01-08,1612709918,1612709908,105,122
0022100595,22021,2022-01-08,1610612738,1610612752,99,75
0022100593,22021,2022-01-08,1610612765,1610612753,97,92
0022100594,22021,2022-01-08,1610612754,1610612762,125,113
2022100072,22021,2022-01-08,1612709925,1612709929,112,102
2022100069,22021,2022-01-08,1612709910,1612709920,99,114
2022100065,22021,2022-01-07,1612709921,1612709922,114,119
0022100590,22021,2022-01-07,1610612757,1610612739,101,114
2022100063,22021,2022-01-07,1612709917,1612709919,110,96
0022100583,22021,2022-01-07,1610612751,1610612749,109,121
2022100062,22021,2022-01-07,1612709893,1612709928,95,106
0022100586,22021,2022-01-07,1610612745,1610612742,106,130
2022100068,22021,2022-01-07,1612709902,1612709889,127,123
0022100584,22021,2022-01-07,1610612761,1610612762,122,108
0022100589,22021,2022-01-07,1610612747,1610612737,134,118
2022100064,22021,2022-01-07,1612709925,1612709929,100,111
2072100003,72021,2022-01-07,1612709930,1612709931,91,93
0022100588,22021,2022-01-07,1610612743,1610612758,121,111
0022100585,22021,2022-01-07,1610612741,1610612764,130,122
0022100582,22021,2022-01-07,1610612755,1610612759,119,100
0022100587,22021,2022-01-07,1610612760,1610612750,105,135
2022100057,22021,2022-01-06,1612709910,1612709920,94,103
0022100581,22021,2022-01-06,1610612756,1610612746,106,89
2022100061,22021,2022-01-06,1612709914,1612709913,137,119
2022100058,22021,2022-01-06,1612709904,1612709911,94,109
0022100580,22021,2022-01-06,1610612740,1610612744,101,96
2022100060,22021,2022-01-06,1612709902,1612709889,116,106
0022100578,22021,2022-01-06,1610612752,1610612738,108,105
0022100579,22021,2022-01-06,1610612763,1610612765,118,88
0022100576,22021,2022-01-05,1610612757,1610612748,109,115
0022100570,22021,2022-01-05,1610612738,1610612759,97,99
2022100054,22021,2022-01-05,1612709927,1612709909,124,123
0022100571,22021,2022-01-05,1610612754,1610612751,121,129
2022100052,22021,2022-01-05,1612709921,1612709929,111,107
0022100574,22021,2022-01-05,1610612750,1610612760,98,90
2022100051,22021,2022-01-05,1612709917,1612709919,127,108
2022100053,22021,2022-01-05,1612709923,1612709932,108,112
0022100572,22021,2022-01-05,1610612742,1610612744,99,82
0022100577,22021,2022-01-05,1610612758,1610612737,102,108
0022100567,22021,2022-01-05,1610612766,1610612765,140,111
0022100569,22021,2022-01-05,1610612764,1610612745,111,114
2022100056,22021,2022-01-05,1612709914,1612709913,103,80
0022100573,22021,2022-01-05,1610612749,1610612761,111,117
0022100575,22021,2022-01-05,1610612743,1610612762,109,115
0022100568,22021,2022-01-05,1610612753,1610612755,106,116
0022100563,22021,2022-01-04,1610612761,1610612759,129,104
0022100562,22021,2022-01-04,1610612739,1610612763,106,110
0022100566,22021,2022-01-04,1610612747,1610612758,122,114
0022100564,22021,2022-01-04,1610612752,1610612754,104,94
0022100565,22021,2022-01-04,1610612740,1610612756,110,123
0022100561,22021,2022-01-03,1610612746,1610612750,104,122
0022100560,22021,2022-01-03,1610612757,1610612737,136,131
0022100559,22021,2022-01-03,1610612744,1610612748,115,108
0022100552,22021,2022-01-03,1610612755,1610612745,133,113
0022100555,22021,2022-01-03,1610612741,1610612753,102,98
0022100554,22021,2022-01-03,1610612751,1610612763,104,118
0022100557,22021,2022-01-03,1610612740,1610612762,104,115
0022100553,22021,2022-01-03,1610612764,1610612766,124,121
0022100558,22021,2022-01-03,1610612742,1610612743,103,89
0022100556,22021,2022-01-03,1610612749,1610612765,106,115
0022100546,22021,2022-01-02,1610612738,1610612753,116,111
0022100551,22021,2022-01-02,1610612747,1610612750,108,103
0022100549,22021,2022-01-02,1610612766,1610612756,99,133
0022100545,22021,2022-01-02,1610612761,1610612752,120,105
0022100547,22021,2022-01-02,1610612739,1610612754,108,104
0022100548,22021,2022-01-02,1610612758,1610612748,115,113
0022100550,22021,2022-01-02,1610612760,1610612742,86,95
0022100543,22021,2022-01-01,1610612745,1610612743,111,124
0022100540,22021,2022-01-01,1610612765,1610612759,117,116
0022100544,22021,2022-01-01,1610612762,1610612744,116,123
0022100542,22021,2022-01-01,1610612751,1610612746,116,120
0022100539,22021,2022-01-01,1610612749,1610612740,136,113
0022100541,22021,2022-01-01,1610612764,1610612741,119,120
0022100534,22021,2021-12-31,1610612761,1610612746,116,108
0022100536,22021,2021-12-31,1610612760,1610612752,95,80
0022100538,22021,2021-12-31,1610612747,1610612757,139,106
0022100529,22021,2021-12-31,1610612738,1610612756,123,108
0022100537,22021,2021-12-31,1610612762,1610612750,120,108
0022100530,22021,2021-12-31,1610612754,1610612741,106,108
0022100533,22021,2021-12-31,1610612739,1610612737,118,121
0022100535,22021,2021-12-31,1610612763,1610612759,118,105
0022100532,22021,2021-12-31,1610612745,1610612748,110,120
0022100531,22021,2021-12-31,1610612758,1610612742,96,112
0022100525,22021,2021-12-30,1610612751,1610612755,102,110
0022100526,22021,2021-12-30,1610612753,1610612749,118,136
0022100527,22021,2021-12-30,1610612764,1610612739,110,93
0022100517,22021,2021-12-29,1610612754,1610612766,108,116
0022100522,22021,2021-12-29,1610612756,1610612760,115,97
0022100523,22021,2021-12-29,1610612757,1610612762,105,120
0022100516,22021,2021-12-29,1610612765,1610612752,85,94
0022100519,22021,2021-12-29,1610612741,1610612737,131,117
0022100520,22021,2021-12-29,1610612763,1610612747,104,99
0022100524,22021,2021-12-29,1610612758,1610612742,95,94
0022100518,22021,2021-12-29,1610612738,1610612746,82,91
0022100515,22021,2021-12-28,1610612758,1610612760,117,111
0022100511,22021,2021-12-28,1610612745,1610612747,123,132
0022100508,22021,2021-12-28,1610612753,1610612749,110,127
0022100510,22021,2021-12-28,1610612761,1610612755,109,114
0022100512,22021,2021-12-28,1610612750,1610612752,88,96
0022100509,22021,2021-12-28,1610612748,1610612764,119,112
0022100513,22021,2021-12-28,1610612740,1610612739,108,104
0022100514,22021,2021-12-28,1610612744,1610612743,86,89
0022100506,22021,2021-12-27,1610612757,1610612742,117,132
0022100504,22021,2021-12-27,1610612759,1610612762,104,110
0022100503,22021,2021-12-27,1610612750,1610612738,108,103
0022100502,22021,2021-12-27,1610612737,1610612741,118,130
0022100507,22021,2021-12-27,1610612746,1610612751,108,124
0022100501,22021,2021-12-27,1610612766,1610612745,123,99
0022100505,22021,2021-12-27,1610612756,1610612763,113,114
0022100493,22021,2021-12-26,1610612748,1610612753,93,83
0022100500,22021,2021-12-26,1610612746,1610612743,100,103
0022100499,22021,2021-12-26,1610612741,1610612754,113,105
0022100497,22021,2021-12-26,1610612760,1610612740,117,112
0022100496,22021,2021-12-26,1610612758,1610612763,102,127
0022100498,22021,2021-12-26,1610612759,1610612765,144,109
0022100494,22021,2021-12-26,1610612739,1610612761,144,99
0022100495,22021,2021-12-26,1610612764,1610612755,96,117
0022100491,22021,2021-12-25,1610612747,1610612751,115,122
0022100492,22021,2021-12-25,1610612762,1610612742,120,116
0022100488,22021,2021-12-25,1610612752,1610612737,101,87
0022100490,22021,2021-12-25,1610612756,1610612744,107,116
0022100489,22021,2021-12-25,1610612749,1610612738,117,113
0022100480,22021,2021-12-23,1610612752,1610612764,117,124
0022100487,22021,2021-12-23,1610612747,1610612759,110,138
0022100483,22021,2021-12-23,1610612756,1610612760,113,101
0022100477,22021,2021-12-23,1610612753,1610612740,104,110
0022100482,22021,2021-12-23,1610612743,1610612766,107,115
0022100479,22021,2021-12-23,1610612748,1610612765,115,112
0022100484,22021,2021-12-23,1610612762,1610612750,128,116
0022100485,22021,2021-12-23,1610612744,1610612763,113,104
0022100478,22021,2021-12-23,1610612755,1610612737,96,98
0022100481,22021,2021-12-23,1610612742,1610612749,95,102
0022100476,22021,2021-12-23,1610612754,1610612745,118,106
2052100203,52021,2021-12-22,1612709931,1612709919,103,113
2052100210,52021,2021-12-22,1612709890,1612709904,112,99
0022100470,22021,2021-12-22,1610612737,1610612753,98,104
0022100471,22021,2021-12-22,1610612738,1610612739,111,101
2052100211,52021,2021-12-22,1612709929,1612709918,141,89
2052100206,52021,2021-12-22,1612709909,1612709889,104,98
0022100475,22021,2021-12-22,1610612758,1610612746,89,105
2052100208,52021,2021-12-22,1612709903,1612709925,124,104
0022100473,22021,2021-12-22,1610612749,1610612745,126,106
2052100209,52021,2021-12-22,1612709914,1612709893,108,104
0022100474,22021,2021-12-22,1610612760,1610612743,108,94
2052100202,52021,2021-12-22,1612709904,1612709914,91,87
2052100207,52021,2021-12-22,1612709921,1612709924,95,102
2052100205,52021,2021-12-22,1612709911,1612709922,113,101
2052100197,52021,2021-12-21,1612709915,1612709908,98,105
2052100201,52021,2021-12-21,1612709893,1612709903,97,123
0022100466,22021,2021-12-21,1610612752,1610612765,105,91
2052100198,52021,2021-12-21,1612709909,1612709905,122,108
0022100467,22021,2021-12-21,1610612740,1610612757,111,97
0022100465,22021,2021-12-21,1610612748,1610612754,125,96
2052100199,52021,2021-12-21,1612709927,1612709910,103,155
2052100196,52021,2021-12-21,1612709889,1612709932,99,97
0022100469,22021,2021-12-21,1610612747,1610612756,90,108
2052100200,52021,2021-12-21,1612709925,1612709902,83,96
0022100468,22021,2021-12-21,1610612742,1610612750,114,102
2052100190,52021,2021-12-20,1612709928,1612709911,106,89
2052100191,52021,2021-12-20,1612709913,1612709917,119,85
2052100188,52021,2021-12-20,1612709918,1612709919,110,106
0022100460,22021,2021-12-20,1610612763,1610612760,99,102
0022100461,22021,2021-12-20,1610612762,1610612766,112,102
0022100457,22021,2021-12-20,1610612738,1610612755,103,108
2052100187,52021,2021-12-20,1612709926,1612709929,130,134
2052100194,52021,2021-12-20,1612709922,1612709926,122,118
2052100192,52021,2021-12-20,1612709931,1612709924,90,113
2052100189,52021,2021-12-20,1612709902,1612709921,81,77
0022100463,22021,2021-12-20,1610612746,1610612759,92,116
0022100462,22021,2021-12-20,1610612744,1610612758,113,98
0022100459,22021,2021-12-20,1610612741,1610612745,133,118
2052100193,52021,2021-12-20,1612709930,1612709890,89,118
0022100448,22021,2021-12-19,1610612741,1610612747,115,110
2052100181,52021,2021-12-19,1612709905,1612709927,119,112
2052100185,52021,2021-12-19,1612709917,1612709930,106,123
0022100456,22021,2021-12-19,1610612756,1610612766,137,106
2052100182,52021,2021-12-19,1612709909,1612709910,126,101
2052100184,52021,2021-12-19,1612709913,1612709928,126,115
2052100186,52021,2021-12-19,1612709915,1612709932,103,116
2052100183,52021,2021-12-19,1612709908,1612709889,113,119
0022100451,22021,2021-12-19,1610612758,1610612759,121,114
0022100455,22021,2021-12-19,1610612750,1610612742,111,105
0022100450,22021,2021-12-19,1610612763,1610612757,100,105
0022100449,22021,2021-12-19,1610612765,1610612748,100,90
0022100442,22021,2021-12-18,1610612751,1610612753,93,100
0022100443,22021,2021-12-18,1610612761,1610612744,119,100
0022100445,22021,2021-12-18,1610612738,1610612752,114,107
0022100446,22021,2021-12-18,1610612749,1610612739,90,119
0022100444,22021,2021-12-18,1610612760,1610612746,104,103
0022100441,22021,2021-12-18,1610612765,1610612745,107,116
0022100447,22021,2021-12-18,1610612762,1610612764,103,109
2052100177,52021,2021-12-17,1612709915,1612709921,111,99
0022100433,22021,2021-12-17,1610612753,1610612748,105,115
0022100437,22021,2021-12-17,1610612762,1610612759,126,128
0022100440,22021,2021-12-17,1610612758,1610612763,105,124
0022100435,22021,2021-12-17,1610612738,1610612744,107,111
0022100436,22021,2021-12-17,1610612750,1610612747,110,92
0022100434,22021,2021-12-17,1610612737,1610612743,115,133
0022100439,22021,2021-12-17,1610612757,1610612766,125,116
0022100438,22021,2021-12-17,1610612740,1610612749,116,112
2052100178,52021,2021-12-17,1612709889,1612709914,121,92
2052100176,52021,2021-12-17,1612709909,1612709919,93,91
2052100180,52021,2021-12-17,1612709902,1612709930,99,104
2052100175,52021,2021-12-17,1612709893,1612709932,106,138
2052100174,52021,2021-12-16,1612709905,1612709924,106,123
0022100432,22021,2021-12-16,1610612756,1610612764,118,98
0022100431,22021,2021-12-16,1610612745,1610612752,103,116
0022100428,22021,2021-12-16,1610612754,1610612765,122,113
2052100173,52021,2021-12-16,1612709915,1612709921,95,97
2052100171,52021,2021-12-16,1612709929,1612709920,120,104
2052100168,52021,2021-12-16,1612709911,1612709927,117,131
0022100429,22021,2021-12-16,1610612751,1610612755,114,105
2052100172,52021,2021-12-16,1612709925,1612709890,101,112
2052100169,52021,2021-12-15,1612709908,1612709918,128,90
0022100422,22021,2021-12-15,1610612760,1610612740,110,113
0022100419,22021,2021-12-15,1610612755,1610612748,96,101
2052100167,52021,2021-12-15,1612709917,1612709910,127,131
0022100427,22021,2021-12-15,1610612758,1610612764,119,105
0022100424,22021,2021-12-15,1610612743,1610612750,107,124
0022100423,22021,2021-12-15,1610612759,1610612766,115,131
0022100426,22021,2021-12-15,1610612757,1610612763,103,113
2052100166,52021,2021-12-15,1612709889,1612709914,121,101
0022100417,22021,2021-12-15,1610612739,1610612745,124,89
0022100421,22021,2021-12-15,1610612749,1610612754,114,99
0022100418,22021,2021-12-15,1610612753,1610612737,99,111
2052100170,52021,2021-12-15,1612709930,1612709903,114,111
0022100420,22021,2021-12-15,1610612742,1610612747,104,107
0022100425,22021,2021-12-15,1610612762,1610612746,124,103
2052100163,52021,2021-12-14,1612709925,1612709890,96,109
2052100161,52021,2021-12-14,1612709929,1612709920,118,108
2052100162,52021,2021-12-14,1612709917,1612709910,122,139
2052100165,52021,2021-12-14,1612709905,1612709924,124,121
2052100164,52021,2021-12-14,1612709913,1612709926,113,109
0022100413,22021,2021-12-14,1610612751,1610612761,131,129
0022100414,22021,2021-12-14,1610612752,1610612744,96,105
0022100416,22021,2021-12-14,1610612757,1610612756,107,111
2052100157,52021,2021-12-13,1612709913,1612709926,119,97
0022100404,22021,2021-12-13,1610612739,1610612748,105,94
0022100409,22021,2021-12-13,1610612763,1610612755,126,91
0022100405,22021,2021-12-13,1610612754,1610612744,100,102
0022100412,22021,2021-12-13,1610612746,1610612756,111,95
0022100407,22021,2021-12-13,1610612737,1610612745,126,132
0022100410,22021,2021-12-13,1610612742,1610612766,120,96
2052100158,52021,2021-12-13,1612709911,1612709927,113,102
0022100411,22021,2021-12-13,1610612743,1610612764,113,107
2052100159,52021,2021-12-13,1612709908,1612709918,122,129
0022100406,22021,2021-12-13,1610612761,1610612758,124,101
2052100160,52021,2021-12-13,1612709930,1612709903,92,95
0022100408,22021,2021-12-13,1610612738,1610612749,117,103
0022100399,22021,2021-12-12,1610612765,1610612751,104,116
2052100155,52021,2021-12-12,1612709909,1612709919,120,109
0022100403,22021,2021-12-12,1610612747,1610612753,106,94
0022100400,22021,2021-12-12,1610612760,1610612742,84,103
0022100398,22021,2021-12-12,1610612752,1610612749,97,112
0022100402,22021,2021-12-12,1610612757,1610612750,111,116
2052100154,52021,2021-12-12,1612709927,1612709893,110,107
0022100401,22021,2021-12-12,1610612759,1610612740,112,97
0022100397,22021,2021-12-11,1610612759,1610612743,112,127
2052100145,52021,2021-12-11,1612709920,1612709915,106,134
0022100394,22021,2021-12-11,1610612748,1610612741,118,92
2052100148,52021,2021-12-11,1612709910,1612709911,105,110
0022100395,22021,2021-12-11,1610612763,1610612745,113,106
2052100149,52021,2021-12-11,1612709921,1612709929,117,110
2052100147,52021,2021-12-11,1612709931,1612709922,108,99
2052100153,52021,2021-12-11,1612709914,1612709905,113,109
0022100392,22021,2021-12-11,1610612764,1610612762,98,123
0022100396,22021,2021-12-11,1610612755,1610612744,102,93
2052100146,52021,2021-12-11,1612709928,1612709909,93,107
2052100152,52021,2021-12-11,1612709918,1612709890,105,116
0022100391,22021,2021-12-11,1610612746,1610612753,106,104
2052100150,52021,2021-12-11,1612709913,1612709925,97,88
0022100393,22021,2021-12-11,1610612739,1610612758,117,103
0022100385,22021,2021-12-10,1610612761,1610612752,90,87
0022100386,22021,2021-12-10,1610612745,1610612749,114,123
0022100388,22021,2021-12-10,1610612740,1610612765,109,93
0022100389,22021,2021-12-10,1610612760,1610612747,95,116
0022100384,22021,2021-12-10,1610612737,1610612751,105,113
2052100144,52021,2021-12-10,1612709914,1612709905,102,112
2052100142,52021,2021-12-10,1612709931,1612709922,96,101
0022100383,22021,2021-12-10,1610612754,1610612742,106,93
0022100382,22021,2021-12-10,1610612766,1610612758,124,123
0022100387,22021,2021-12-10,1610612750,1610612739,106,123
2052100143,52021,2021-12-10,1612709910,1612709911,105,103
0022100390,22021,2021-12-10,1610612756,1610612738,111,90
2052100136,52021,2021-12-09,1612709921,1612709929,98,117
0022100381,22021,2021-12-09,1610612759,1610612743,123,111
2052100139,52021,2021-12-09,1612709926,1612709908,121,117
2052100140,52021,2021-12-09,1612709918,1612709890,98,125
0022100379,22021,2021-12-09,1610612755,1610612762,96,118
2052100137,52021,2021-12-09,1612709920,1612709915,103,129
0022100380,22021,2021-12-09,1610612763,1610612747,108,95
2052100141,52021,2021-12-09,1612709924,1612709902,115,91
2052100138,52021,2021-12-09,1612709913,1612709925,115,84
2052100135,52021,2021-12-09,1612709928,1612709909,105,114
0022100367,22021,2021-12-08,1610612739,1610612741,115,92
0022100373,22021,2021-12-08,1610612763,1610612742,96,104
0022100371,22021,2021-12-08,1610612761,1610612760,109,110
0022100370,22021,2021-12-08,1610612748,1610612749,113,104
0022100368,22021,2021-12-08,1610612765,1610612764,116,119
2052100134,52021,2021-12-08,1612709924,1612709902,121,122
2052100133,52021,2021-12-08,1612709903,1612709905,120,139
0022100377,22021,2021-12-08,1610612758,1610612753,142,130
0022100376,22021,2021-12-08,1610612744,1610612757,104,94
0022100375,22021,2021-12-08,1610612740,1610612743,114,120
0022100374,22021,2021-12-08,1610612750,1610612762,104,136
0022100372,22021,2021-12-08,1610612745,1610612751,114,104
0022100378,22021,2021-12-08,1610612746,1610612738,114,111
2052100132,52021,2021-12-08,1612709932,1612709904,103,98
0022100366,22021,2021-12-08,1610612766,1610612755,106,110
0022100369,22021,2021-12-08,1610612754,1610612752,122,102
0022100364,22021,2021-12-07,1610612759,1610612752,109,121
2052100128,52021,2021-12-07,1612709932,1612709904,106,99
0022100365,22021,2021-12-07,1610612747,1610612738,117,102
2052100129,52021,2021-12-07,1612709893,1612709911,131,118
0022100363,22021,2021-12-07,1610612742,1610612751,99,102
2052100130,52021,2021-12-07,1612709913,1612709931,109,107
2052100131,52021,2021-12-07,1612709926,1612709908,116,92
0022100359,22021,2021-12-06,1610612750,1610612737,110,121
0022100360,22021,2021-12-06,1610612756,1610612759,108,104
2052100127,52021,2021-12-06,1612709903,1612709905,114,121
2052100125,52021,2021-12-06,1612709920,1612709928,120,113
0022100358,22021,2021-12-06,1610612749,1610612739,112,104
0022100354,22021,2021-12-06,1610612765,1610612760,103,114
0022100355,22021,2021-12-06,1610612754,1610612764,116,110
2052100126,52021,2021-12-06,1612709893,1612709911,106,104
0022100356,22021,2021-12-06,1610612748,1610612763,90,105
0022100362,22021,2021-12-06,1610612757,1610612746,90,102
0022100353,22021,2021-12-06,1610612766,1610612755,124,127
0022100361,22021,2021-12-06,1610612744,1610612753,126,95
0022100357,22021,2021-12-06,1610612741,1610612743,109,97
2052100124,52021,2021-12-05,1612709930,1612709889,99,89
0022100352,22021,2021-12-05,1610612745,1610612740,118,108
2052100123,52021,2021-12-05,1612709913,1612709931,114,123
0022100349,22021,2021-12-05,1610612739,1610612762,108,109
0022100351,22021,2021-12-05,1610612761,1610612764,102,90
0022100350,22021,2021-12-05,1610612737,1610612766,127,130
2052100122,52021,2021-12-05,1612709926,1612709925,100,119
0022100342,22021,2021-12-04,1610612752,1610612743,99,113
0022100344,22021,2021-12-04,1610612749,1610612748,124,102
0022100348,22021,2021-12-04,1610612758,1610612746,104,99
2052100118,52021,2021-12-04,1612709909,1612709921,125,110
2052100119,52021,2021-12-04,1612709917,1612709927,111,107
0022100346,22021,2021-12-04,1610612744,1610612759,107,112
2052100121,52021,2021-12-04,1612709902,1612709905,103,107
2052100120,52021,2021-12-04,1612709904,1612709910,96,107
0022100343,22021,2021-12-04,1610612751,1610612741,107,111
0022100345,22021,2021-12-04,1610612742,1610612763,90,97
0022100347,22021,2021-12-04,1610612757,1610612738,117,145
2052100117,52021,2021-12-04,1612709920,1612709928,109,128
0022100333,22021,2021-12-03,1610612754,1610612748,104,113
2052100115,52021,2021-12-03,1612709902,1612709905,110,131
2052100113,52021,2021-12-03,1612709904,1612709910,112,125
2052100116,52021,2021-12-03,1612709930,1612709889,100,115
2052100111,52021,2021-12-03,1612709919,1612709929,121,116
0022100339,22021,2021-12-03,1610612762,1610612738,137,130
2052100114,52021,2021-12-03,1612709890,1612709922,96,105
2052100110,52021,2021-12-03,1612709917,1612709927,127,131
0022100341,22021,2021-12-03,1610612747,1610612746,115,119
2052100112,52021,2021-12-03,1612709926,1612709925,97,118
0022100338,22021,2021-12-03,1610612742,1610612740,91,107
0022100334,22021,2021-12-03,1610612764,1610612739,101,116
0022100335,22021,2021-12-03,1610612737,1610612755,96,98
0022100337,22021,2021-12-03,1610612745,1610612753,118,116
0022100336,22021,2021-12-03,1610612751,1610612750,110,105
0022100340,22021,2021-12-03,1610612744,1610612756,118,96
2052100109,52021,2021-12-02,1612709890,1612709922,108,105
2052100108,52021,2021-12-02,1612709919,1612709929,123,102
0022100330,22021,2021-12-02,1610612763,1610612760,152,79
0022100332,22021,2021-12-02,1610612757,1610612759,83,114
0022100328,22021,2021-12-02,1610612752,1610612741,115,119
0022100329,22021,2021-12-02,1610612761,1610612749,97,93
0022100331,22021,2021-12-02,1610612756,1610612765,114,103
0022100325,22021,2021-12-01,1610612740,1610612742,107,139
0022100327,22021,2021-12-01,1610612746,1610612758,115,124
0022100322,22021,2021-12-01,1610612738,1610612755,88,87
0022100320,22021,2021-12-01,1610612753,1610612743,108,103
0022100324,22021,2021-12-01,1610612749,1610612766,127,125
2052100107,52021,2021-12-01,1612709927,1612709923,101,102
2052100104,52021,2021-12-01,1612709924,1612709903,116,108
0022100323,22021,2021-12-01,1610612748,1610612739,85,111
0022100319,22021,2021-12-01,1610612754,1610612737,111,114
0022100321,22021,2021-12-01,1610612764,1610612750,115,107
0022100326,22021,2021-12-01,1610612760,1610612745,110,114
0022100318,22021,2021-11-30,1610612758,1610612747,92,117
0022100314,22021,2021-11-30,1610612751,1610612752,112,110
0022100317,22021,2021-11-30,1610612757,1610612765,110,92
2052100106,52021,2021-11-30,1612709928,1612709929,113,107
0022100316,22021,2021-11-30,1610612756,1610612744,104,96
0022100315,22021,2021-11-30,1610612761,1610612763,91,98
2052100101,52021,2021-11-29,1612709932,1612709911,105,97
2052100102,52021,2021-11-29,1612709919,1612709915,100,110
0022100311,22021,2021-11-29,1610612759,1610612764,116,99
2052100105,52021,2021-11-29,1612709914,1612709930,86,96
0022100309,22021,2021-11-29,1610612750,1610612754,100,98
0022100312,22021,2021-11-29,1610612762,1610612757,129,107
0022100310,22021,2021-11-29,1610612742,1610612739,96,114
0022100313,22021,2021-11-29,1610612746,1610612740,104,123
2052100103,52021,2021-11-29,1612709927,1612709923,124,116
0022100305,22021,2021-11-29,1610612755,1610612753,101,96
2052100099,52021,2021-11-29,1612709924,1612709903,130,97
0022100306,22021,2021-11-29,1610612748,1610612743,111,120
0022100308,22021,2021-11-29,1610612745,1610612760,102,89
0022100307,22021,2021-11-29,1610612741,1610612766,133,119
0022100303,22021,2021-11-28,1610612763,1610612758,128,101
0022100300,22021,2021-11-28,1610612746,1610612744,90,105
0022100302,22021,2021-11-28,1610612761,1610612738,97,109
2052100098,52021,2021-11-28,1612709914,1612709930,111,114
2052100100,52021,2021-11-28,1612709908,1612709913,101,89
2052100096,52021,2021-11-28,1612709909,1612709920,114,106
2052100097,52021,2021-11-28,1612709904,1612709893,110,113
2052100095,52021,2021-11-28,1612709928,1612709929,113,103
0022100304,22021,2021-11-28,1610612747,1610612765,110,106
0022100301,22021,2021-11-28,1610612754,1610612749,100,118
0022100298,22021,2021-11-27,1610612742,1610612764,114,120
2052100092,52021,2021-11-27,1612709890,1612709926,78,108
2052100091,52021,2021-11-27,1612709919,1612709915,106,131
0022100295,22021,2021-11-27,1610612739,1610612753,105,92
0022100296,22021,2021-11-27,1610612741,1610612748,104,107
2052100094,52021,2021-11-27,1612709918,1612709922,104,98
2052100089,52021,2021-11-27,1612709909,1612709920,120,94
0022100297,22021,2021-11-27,1610612745,1610612766,146,143
0022100293,22021,2021-11-27,1610612737,1610612752,90,99
0022100292,22021,2021-11-27,1610612755,1610612750,120,121
2052100093,52021,2021-11-27,1612709904,1612709893,111,115
0022100294,22021,2021-11-27,1610612751,1610612756,107,113
0022100299,22021,2021-11-27,1610612762,1610612740,127,105
2052100090,52021,2021-11-27,1612709932,1612709911,117,125
0022100290,22021,2021-11-26,1610612744,1610612757,118,103
0022100281,22021,2021-11-26,1610612766,1610612750,133,115
2052100086,52021,2021-11-26,1612709918,1612709922,110,115
0022100280,22021,2021-11-26,1610612746,1610612765,107,96
0022100285,22021,2021-11-26,1610612763,1610612737,100,132
0022100284,22021,2021-11-26,1610612754,1610612761,114,97
2052100087,52021,2021-11-26,1612709903,1612709914,84,102
2052100085,52021,2021-11-26,1612709908,1612709913,112,105
0022100288,22021,2021-11-26,1610612743,1610612749,109,120
0022100283,22021,2021-11-26,1610612753,1610612741,88,123
0022100291,22021,2021-11-26,1610612747,1610612758,137,141
0022100282,22021,2021-11-26,1610612752,1610612756,97,118
0022100289,22021,2021-11-26,1610612762,1610612740,97,98
2052100088,52021,2021-11-26,1612709902,1612709930,112,110
2052100084,52021,2021-11-26,1612709890,1612709926,94,103
0022100287,22021,2021-11-26,1610612759,1610612738,96,88
0022100286,22021,2021-11-26,1610612760,1610612764,99,101
0022100270,22021,2021-11-24,1610612738,1610612751,104,123
0022100277,22021,2021-11-24,1610612759,1610612737,106,124
2052100083,52021,2021-11-24,1612709908,1612709890,134,99
0022100278,22021,2021-11-24,1610612744,1610612755,116,96
0022100279,22021,2021-11-24,1610612758,1610612757,125,121
0022100269,22021,2021-11-24,1610612753,1610612766,99,106
0022100271,22021,2021-11-24,1610612745,1610612741,118,113
2052100082,52021,2021-11-24,1612709917,1612709932,103,122
0022100276,22021,2021-11-24,1610612760,1610612762,104,110
0022100268,22021,2021-11-24,1610612754,1610612747,116,124
0022100273,22021,2021-11-24,1610612749,1610612765,114,93
0022100267,22021,2021-11-24,1610612739,1610612756,115,120
0022100275,22021,2021-11-24,1610612740,1610612764,127,102
0022100272,22021,2021-11-24,1610612763,1610612761,113,126
0022100274,22021,2021-11-24,1610612750,1610612748,113,101
2052100081,52021,2021-11-23,1612709924,1612709889,111,123
0022100266,22021,2021-11-23,1610612746,1610612742,104,112
0022100265,22021,2021-11-23,1610612757,1610612743,119,100
2052100079,52021,2021-11-23,1612709919,1612709921,108,101
0022100263,22021,2021-11-23,1610612765,1610612748,92,100
2052100080,52021,2021-11-23,1612709903,1612709914,119,122
2052100078,52021,2021-11-23,1612709917,1612709932,96,94
0022100264,22021,2021-11-23,1610612752,1610612747,106,100
0022100254,22021,2021-11-22,1610612764,1610612766,103,109
2052100077,52021,2021-11-22,1612709931,1612709908,123,125
0022100260,22021,2021-11-22,1610612759,1610612756,111,115
0022100256,22021,2021-11-22,1610612738,1610612745,108,90
0022100259,22021,2021-11-22,1610612740,1610612750,96,110
0022100253,22021,2021-11-22,1610612739,1610612751,112,117
0022100257,22021,2021-11-22,1610612741,1610612754,77,109
0022100255,22021,2021-11-22,1610612737,1610612760,113,101
0022100258,22021,2021-11-22,1610612749,1610612753,123,92
0022100262,22021,2021-11-22,1610612758,1610612755,94,102
0022100261,22021,2021-11-22,1610612762,1610612763,118,119
2052100076,52021,2021-11-21,1612709905,1612709889,119,107
2052100075,52021,2021-11-21,1612709927,1612709910,114,102
0022100252,22021,2021-11-21,1610612744,1610612761,119,104
0022100249,22021,2021-11-21,1610612765,1610612747,116,121
0022100250,22021,2021-11-21,1610612741,1610612752,109,103
0022100248,22021,2021-11-21,1610612746,1610612742,97,91
2052100074,52021,2021-11-21,1612709923,1612709917,93,111
2052100073,52021,2021-11-21,1612709929,1612709909,97,116
0022100251,22021,2021-11-21,1610612756,1610612743,126,97
2052100071,52021,2021-11-20,1612709905,1612709889,104,101
0022100240,22021,2021-11-20,1610612754,1610612740,111,94
0022100243,22021,2021-11-20,1610612738,1610612760,111,105
0022100241,22021,2021-11-20,1610612764,1610612748,103,100
2052100070,52021,2021-11-20,1612709921,1612709920,114,110
0022100244,22021,2021-11-20,1610612749,1610612753,117,108
0022100245,22021,2021-11-20,1610612750,1610612763,138,95
0022100239,22021,2021-11-20,1610612752,1610612745,106,99
2052100069,52021,2021-11-20,1612709922,1612709925,107,111
0022100246,22021,2021-11-20,1610612757,1610612755,118,111
0022100247,22021,2021-11-20,1610612758,1610612762,105,123
0022100242,22021,2021-11-20,1610612737,1610612766,115,105
2052100072,52021,2021-11-20,1612709931,1612709908,104,112
0022100232,22021,2021-11-19,1610612738,1610612747,130,108
0022100230,22021,2021-11-19,1610612766,1610612754,121,118
2052100066,52021,2021-11-19,1612709915,1612709928,118,91
0022100231,22021,2021-11-19,1610612765,1610612744,102,105
0022100233,22021,2021-11-19,1610612751,1610612753,115,113
0022100235,22021,2021-11-19,1610612740,1610612746,94,81
0022100238,22021,2021-11-19,1610612758,1610612761,89,108
0022100234,22021,2021-11-19,1610612749,1610612760,96,89
2052100065,52021,2021-11-19,1612709921,1612709920,98,106
2052100067,52021,2021-11-19,1612709927,1612709910,111,108
0022100236,22021,2021-11-19,1610612743,1610612741,108,114
2052100068,52021,2021-11-19,1612709903,1612709902,111,116
0022100237,22021,2021-11-19,1610612756,1610612742,112,104
2052100063,52021,2021-11-19,1612709929,1612709909,101,109
2052100064,52021,2021-11-19,1612709922,1612709925,82,83
2052100058,52021,2021-11-18,1612709915,1612709928,86,79
2052100059,52021,2021-11-18,1612709926,1612709918,99,115
2052100061,52021,2021-11-18,1612709890,1612709931,99,91
0022100228,22021,2021-11-18,1610612743,1610612755,89,103
0022100224,22021,2021-11-18,1610612739,1610612744,89,104
0022100227,22021,2021-11-18,1610612750,1610612759,115,90
0022100226,22021,2021-11-18,1610612763,1610612746,120,108
2052100060,52021,2021-11-18,1612709923,1612709932,103,111
0022100229,22021,2021-11-18,1610612762,1610612761,119,103
0022100225,22021,2021-11-18,1610612748,1610612764,112,97
2052100062,52021,2021-11-18,1612709924,1612709889,100,108
0022100220,22021,2021-11-17,1610612750,1610612758,107,97
0022100214,22021,2021-11-17,1610612765,1610612754,97,89
0022100216,22021,2021-11-17,1610612751,1610612739,109,99
0022100213,22021,2021-11-17,1610612766,1610612764,97,87
0022100223,22021,2021-11-17,1610612757,1610612741,112,107
2052100056,52021,2021-11-17,1612709903,1612709902,104,102
2052100057,52021,2021-11-17,1612709905,1612709930,103,115
0022100222,22021,2021-11-17,1610612756,1610612742,105,98
0022100221,22021,2021-11-17,1610612760,1610612745,101,89
0022100218,22021,2021-11-17,1610612752,1610612753,98,104
2052100055,52021,2021-11-17,1612709923,1612709932,99,101
0022100217,22021,2021-11-17,1610612748,1610612740,113,98
0022100219,22021,2021-11-17,1610612749,1610612747,109,102
2052100054,52021,2021-11-17,1612709911,1612709917,110,121
2052100053,52021,2021-11-17,1612709919,1612709921,104,98
2052100052,52021,2021-11-17,1612709910,1612709893,125,113
0022100215,22021,2021-11-17,1610612737,1610612738,110,99
2052100051,52021,2021-11-16,1612709926,1612709918,106,100
0022100211,22021,2021-11-16,1610612762,1610612755,120,85
2052100050,52021,2021-11-16,1612709910,1612709893,115,96
0022100212,22021,2021-11-16,1610612746,1610612759,106,92
0022100210,22021,2021-11-16,1610612751,1610612744,99,117
0022100201,22021,2021-11-15,1610612764,1610612740,105,100
0022100199,22021,2021-11-15,1610612739,1610612738,92,98
2052100048,52021,2021-11-15,1612709911,1612709917,124,109
0022100204,22021,2021-11-15,1610612742,1610612743,111,101
0022100208,22021,2021-11-15,1610612757,1610612761,118,113
0022100207,22021,2021-11-15,1610612760,1610612748,90,103
0022100205,22021,2021-11-15,1610612763,1610612745,136,102
0022100200,22021,2021-11-15,1610612765,1610612758,107,129
0022100202,22021,2021-11-15,1610612737,1610612753,129,111
0022100203,22021,2021-11-15,1610612752,1610612754,92,84
0022100206,22021,2021-11-15,1610612750,1610612756,96,99
2052100049,52021,2021-11-15,1612709914,1612709924,102,83
0022100209,22021,2021-11-15,1610612747,1610612741,103,121
0022100194,22021,2021-11-14,1610612766,1610612744,106,102
0022100193,22021,2021-11-14,1610612737,1610612749,120,100
2052100044,52021,2021-11-14,1612709889,1612709902,85,71
0022100196,22021,2021-11-14,1610612760,1610612751,96,120
0022100195,22021,2021-11-14,1610612745,1610612756,89,115
0022100198,22021,2021-11-14,1610612746,1610612741,90,100
2052100045,52021,2021-11-14,1612709915,1612709909,113,108
0022100192,22021,2021-11-14,1610612747,1610612759,114,106
2052100047,52021,2021-11-14,1612709890,1612709931,112,110
0022100197,22021,2021-11-14,1610612743,1610612757,124,95
2052100046,52021,2021-11-14,1612709914,1612709924,82,103
0022100186,22021,2021-11-13,1610612754,1610612755,118,113
0022100190,22021,2021-11-13,1610612739,1610612738,91,89
2052100042,52021,2021-11-13,1612709904,1612709917,115,101
0022100187,22021,2021-11-13,1610612753,1610612764,92,104
0022100189,22021,2021-11-13,1610612761,1610612765,121,127
2052100041,52021,2021-11-13,1612709922,1612709908,104,111
2052100043,52021,2021-11-13,1612709918,1612709913,117,102
0022100191,22021,2021-11-13,1610612746,1610612750,129,102
0022100185,22021,2021-11-13,1610612762,1610612748,105,111
0022100188,22021,2021-11-13,1610612740,1610612763,112,101
2052100038,52021,2021-11-12,1612709915,1612709909,103,114
0022100182,22021,2021-11-12,1610612743,1610612737,105,96
0022100174,22021,2021-11-12,1610612766,1610612752,104,96
2052100040,52021,2021-11-12,1612709918,1612709913,108,100
2052100035,52021,2021-11-12,1612709893,1612709923,111,110
0022100180,22021,2021-11-12,1610612760,1610612758,105,103
0022100177,22021,2021-11-12,1610612745,1610612757,92,104
2052100036,52021,2021-11-12,1612709932,1612709927,124,131
0022100175,22021,2021-11-12,1610612738,1610612749,122,113
0022100176,22021,2021-11-12,1610612739,1610612765,98,78
0022100181,22021,2021-11-12,1610612759,1610612742,109,123
2052100037,52021,2021-11-12,1612709921,1612709928,104,106
2052100039,52021,2021-11-12,1612709920,1612709919,119,116
2052100034,52021,2021-11-12,1612709889,1612709902,75,84
0022100178,22021,2021-11-12,1610612763,1610612756,94,119
0022100183,22021,2021-11-12,1610612744,1610612741,119,93
0022100184,22021,2021-11-12,1610612747,1610612750,83,107
0022100179,22021,2021-11-12,1610612740,1610612751,112,120
2052100032,52021,2021-11-11,1612709904,1612709917,99,103
0022100173,22021,2021-11-11,1610612746,1610612748,112,109
2052100030,52021,2021-11-11,1612709932,1612709927,116,121
2052100031,52021,2021-11-11,1612709920,1612709919,119,95
2052100029,52021,2021-11-11,1612709925,1612709931,103,98
0022100171,22021,2021-11-11,1610612755,1610612761,109,115
2052100033,52021,2021-11-11,1612709930,1612709924,93,101
0022100172,22021,2021-11-11,1610612762,1610612754,100,111
2052100028,52021,2021-11-11,1612709893,1612709923,105,88
0022100160,22021,2021-11-10,1610612738,1610612761,104,88
0022100165,22021,2021-11-10,1610612740,1610612760,100,108
0022100161,22021,2021-11-10,1610612752,1610612749,100,112
0022100166,22021,2021-11-10,1610612759,1610612758,136,117
2052100027,52021,2021-11-10,1612709930,1612709924,101,115
0022100169,22021,2021-11-10,1610612744,1610612750,123,110
0022100159,22021,2021-11-10,1610612753,1610612751,90,123
0022100164,22021,2021-11-10,1610612763,1610612766,108,118
2052100025,52021,2021-11-10,1612709922,1612709908,101,123
0022100158,22021,2021-11-10,1610612739,1610612764,94,97
0022100170,22021,2021-11-10,1610612747,1610612748,120,117
0022100162,22021,2021-11-10,1610612745,1610612765,104,112
0022100167,22021,2021-11-10,1610612743,1610612754,101,98
0022100168,22021,2021-11-10,1610612756,1610612757,119,109
2052100026,52021,2021-11-10,1612709921,1612709928,109,103
0022100163,22021,2021-11-10,1610612741,1610612742,117,107
2052100024,52021,2021-11-09,1612709925,1612709931,96,110
0022100157,22021,2021-11-09,1610612746,1610612757,117,109
0022100155,22021,2021-11-09,1610612755,1610612749,109,118
0022100156,22021,2021-11-09,1610612762,1610612737,110,98
2052100022,52021,2021-11-08,1612709911,1612709904,129,125
0022100150,22021,2021-11-08,1610612742,1610612740,108,92
0022100147,22021,2021-11-08,1610612755,1610612752,96,103
0022100149,22021,2021-11-08,1610612763,1610612750,125,118
0022100153,22021,2021-11-08,1610612758,1610612756,104,109
0022100154,22021,2021-11-08,1610612747,1610612766,126,123
2052100023,52021,2021-11-08,1612709927,1612709893,126,124
0022100148,22021,2021-11-08,1610612741,1610612751,118,95
0022100151,22021,2021-11-08,1610612743,1610612748,113,96
0022100152,22021,2021-11-08,1610612744,1610612737,127,113
2052100021,52021,2021-11-07,1612709910,1612709923,103,111
0022100141,22021,2021-11-07,1610612753,1610612762,107,100
2052100019,52021,2021-11-07,1612709929,1612709915,98,113
0022100146,22021,2021-11-07,1610612746,1610612766,120,106
0022100144,22021,2021-11-07,1610612760,1610612759,99,94
0022100143,22021,2021-11-07,1610612758,1610612754,91,94
0022100140,22021,2021-11-07,1610612752,1610612739,109,126
0022100145,22021,2021-11-07,1610612744,1610612745,120,107
0022100139,22021,2021-11-07,1610612761,1610612751,103,116
0022100142,22021,2021-11-07,1610612764,1610612749,101,94
2052100020,52021,2021-11-07,1612709931,1612709926,106,110
2052100018,52021,2021-11-07,1612709889,1612709903,114,81
2052100011,52021,2021-11-06,1612709893,1612709932,117,140
0022100136,22021,2021-11-06,1610612742,1610612738,107,104
0022100133,22021,2021-11-06,1610612743,1610612745,95,94
2052100015,52021,2021-11-06,1612709925,1612709918,103,120
2052100017,52021,2021-11-06,1612709902,1612709914,92,104
2052100016,52021,2021-11-06,1612709911,1612709904,115,100
2052100013,52021,2021-11-06,1612709910,1612709923,127,118
2052100010,52021,2021-11-06,1612709928,1612709919,98,88
2052100012,52021,2021-11-06,1612709909,1612709921,114,100
0022100137,22021,2021-11-06,1610612756,1610612737,121,117
0022100134,22021,2021-11-06,1610612748,1610612762,118,115
0022100135,22021,2021-11-06,1610612741,1610612755,105,114
0022100138,22021,2021-11-06,1610612757,1610612747,105,90
2052100014,52021,2021-11-06,1612709922,1612709913,94,97
0022100132,22021,2021-11-05,1610612758,1610612766,140,110
2052100009,52021,2021-11-05,1612709905,1612709930,112,105
2052100007,52021,2021-11-05,1612709908,1612709890,127,117
2052100002,52021,2021-11-05,1612709929,1612709915,103,116
0022100127,22021,2021-11-05,1610612761,1610612739,101,102
2052100001,52021,2021-11-05,1612709928,1612709919,107,103
2052100005,52021,2021-11-05,1612709931,1612709926,95,90
2052100006,52021,2021-11-05,1612709889,1612709903,118,63
0022100128,22021,2021-11-05,1610612749,1610612752,98,113
0022100124,22021,2021-11-05,1610612765,1610612751,90,96
0022100125,22021,2021-11-05,1610612753,1610612759,89,102
0022100131,22021,2021-11-05,1610612757,1610612754,110,106
2052100004,52021,2021-11-05,1612709925,1612709918,98,114
0022100130,22021,2021-11-05,1610612744,1610612740,126,85
0022100129,22021,2021-11-05,1610612750,1610612746,84,104
2052100008,52021,2021-11-05,1612709902,1612709914,97,122
2052100003,52021,2021-11-05,1612709922,1612709913,117,128
0022100126,22021,2021-11-05,1610612764,1610612763,115,87
0022100120,22021,2021-11-04,1610612737,1610612762,98,116
0022100121,22021,2021-11-04,1610612748,1610612738,78,95
0022100123,22021,2021-11-04,1610612747,1610612760,104,107
0022100119,22021,2021-11-04,1610612765,1610612755,98,109
0022100122,22021,2021-11-04,1610612756,1610612745,123,111
0022100118,22021,2021-11-03,1610612758,1610612740,112,99
0022100110,22021,2021-11-03,1610612753,1610612738,79,92
0022100116,22021,2021-11-03,1610612759,1610612742,108,109
0022100108,22021,2021-11-03,1610612739,1610612757,107,104
0022100113,22021,2021-11-03,1610612751,1610612737,117,108
0022100114,22021,2021-11-03,1610612763,1610612743,108,106
0022100111,22021,2021-11-03,1610612755,1610612741,103,98
0022100117,22021,2021-11-03,1610612744,1610612766,114,92
0022100112,22021,2021-11-03,1610612764,1610612761,100,109
0022100109,22021,2021-11-03,1610612754,1610612752,111,98
0022100115,22021,2021-11-03,1610612750,1610612746,115,126
2072100013,72021,2021-11-03,1612709902,1612709930,110,88
0022100106,22021,2021-11-02,1610612756,1610612740,112,100
0022100104,22021,2021-11-02,1610612742,1610612748,110,125
0022100107,22021,2021-11-02,1610612747,1610612745,119,117
0022100105,22021,2021-11-02,1610612762,1610612758,119,113
0022100103,22021,2021-11-02,1610612765,1610612749,89,117
0022100095,22021,2021-11-01,1610612754,1610612759,131,118
0022100101,22021,2021-11-01,1610612750,1610612753,97,115
0022100100,22021,2021-11-01,1610612763,1610612743,106,97
0022100097,22021,2021-11-01,1610612737,1610612764,118,111
0022100098,22021,2021-11-01,1610612738,1610612741,114,128
0022100096,22021,2021-11-01,1610612755,1610612757,113,103
0022100102,22021,2021-11-01,1610612746,1610612760,99,94
0022100099,22021,2021-11-01,1610612752,1610612761,104,113
0022100094,22021,2021-11-01,1610612766,1610612739,110,113
0022100090,22021,2021-10-31,1610612766,1610612757,125,113
0022100089,22021,2021-10-31,1610612742,1610612758,105,99
2072100002,72021,2021-10-31,1612709904,1612709930,104,90
0022100092,22021,2021-10-31,1610612751,1610612765,117,91
0022100091,22021,2021-10-31,1610612749,1610612762,95,107
2012100006,12021,2021-10-31,1612709904,1612709930,104,90
0022100093,22021,2021-10-31,1610612747,1610612745,95,85
0022100087,22021,2021-10-30,1610612750,1610612743,91,93
2012100004,12021,2021-10-30,1612709918,1612709903,105,82
0022100078,22021,2021-10-30,1610612764,1610612738,115,112
0022100080,22021,2021-10-30,1610612740,1610612752,117,123
0022100083,22021,2021-10-30,1610612741,1610612762,107,99
0022100084,22021,2021-10-30,1610612763,1610612748,103,129
0022100081,22021,2021-10-30,1610612754,1610612761,94,97
0022100086,22021,2021-10-30,1610612744,1610612760,103,82
0022100085,22021,2021-10-30,1610612749,1610612759,93,102
0022100088,22021,2021-10-30,1610612756,1610612739,101,92
0022100082,22021,2021-10-30,1610612755,1610612737,122,94
0022100079,22021,2021-10-30,1610612765,1610612753,110,103
0022100072,22021,2021-10-29,1610612751,1610612754,105,98
2012100005,12021,2021-10-29,1612709911,1612709930,98,87
0022100075,22021,2021-10-29,1610612743,1610612742,106,75
0022100077,22021,2021-10-29,1610612747,1610612739,113,101
0022100076,22021,2021-10-29,1610612757,1610612746,111,92
2072100001,72021,2021-10-29,1612709911,1612709930,98,87
2012100003,12021,2021-10-29,1612709923,1612709927,87,119
0022100074,22021,2021-10-29,1610612740,1610612758,109,113
0022100071,22021,2021-10-29,1610612761,1610612753,110,109
2012100001,12021,2021-10-29,1612709902,1612709931,96,107
0022100073,22021,2021-10-29,1610612748,1610612766,114,99
0022100066,22021,2021-10-28,1610612764,1610612737,122,111
0022100069,22021,2021-10-28,1610612742,1610612759,104,99
0022100065,22021,2021-10-28,1610612755,1610612765,110,102
0022100070,22021,2021-10-28,1610612744,1610612763,101,104
0022100068,22021,2021-10-28,1610612745,1610612762,91,122
0022100067,22021,2021-10-28,1610612741,1610612752,103,104
0022100062,22021,2021-10-27,1610612756,1610612758,107,110
0022100057,22021,2021-10-27,1610612751,1610612748,93,106
0022100060,22021,2021-10-27,1610612749,1610612750,108,113
0022100059,22021,2021-10-27,1610612740,1610612737,99,102
0022100063,22021,2021-10-27,1610612757,1610612763,116,96
0022100056,22021,2021-10-27,1610612738,1610612764,107,116
0022100064,22021,2021-10-27,1610612746,1610612739,79,92
0022100061,22021,2021-10-27,1610612760,1610612747,123,115
0022100058,22021,2021-10-27,1610612761,1610612754,118,100
0022100055,22021,2021-10-27,1610612753,1610612766,111,120
0022100053,22021,2021-10-26,1610612759,1610612747,121,125
0022100050,22021,2021-10-26,1610612752,1610612755,112,99
0022100052,22021,2021-10-26,1610612742,1610612745,116,106
0022100054,22021,2021-10-26,1610612762,1610612743,122,110
0022100051,22021,2021-10-26,1610612760,1610612744,98,106
0022100047,22021,2021-10-25,1610612750,1610612740,98,107
0022100046,22021,2021-10-25,1610612761,1610612741,108,111
0022100045,22021,2021-10-25,1610612748,1610612753,107,90
0022100044,22021,2021-10-25,1610612751,1610612764,104,90
0022100049,22021,2021-10-25,1610612746,1610612757,116,86
0022100041,22021,2021-10-25,1610612766,1610612738,129,140
0022100048,22021,2021-10-25,1610612743,1610612739,87,99
0022100042,22021,2021-10-25,1610612754,1610612749,109,119
0022100043,22021,2021-10-25,1610612737,1610612765,122,104
0022100038,22021,2021-10-24,1610612760,1610612755,103,115
0022100039,22021,2021-10-24,1610612758,1610612744,107,119
0022100037,22021,2021-10-24,1610612745,1610612738,97,107
0022100040,22021,2021-10-24,1610612747,1610612763,121,118
0022100035,22021,2021-10-24,1610612751,1610612766,95,111
0022100036,22021,2021-10-24,1610612752,1610612753,104,110
0022100034,22021,2021-10-23,1610612746,1610612763,114,120
0022100033,22021,2021-10-23,1610612757,1610612756,134,105
0022100032,22021,2021-10-23,1610612759,1610612749,111,121
0022100028,22021,2021-10-23,1610612754,1610612748,102,91
0022100029,22021,2021-10-23,1610612761,1610612742,95,103
0022100030,22021,2021-10-23,1610612741,1610612765,97,82
0022100031,22021,2021-10-23,1610612750,1610612740,96,89
0022100027,22021,2021-10-23,1610612739,1610612737,101,95
0022100020,22021,2021-10-22,1610612738,1610612761,83,115
0022100018,22021,2021-10-22,1610612753,1610612752,96,121
0022100023,22021,2021-10-22,1610612745,1610612760,124,91
0022100019,22021,2021-10-22,1610612764,1610612754,135,134
0022100025,22021,2021-10-22,1610612747,1610612756,105,115
0022100021,22021,2021-10-22,1610612755,1610612751,109,114
0022100026,22021,2021-10-22,1610612758,1610612762,101,110
0022100024,22021,2021-10-22,1610612743,1610612759,102,96
0022100017,22021,2021-10-22,1610612739,1610612766,112,123
0022100022,22021,2021-10-22,1610612741,1610612740,128,112
0022100014,22021,2021-10-21,1610612737,1610612742,113,87
0022100015,22021,2021-10-21,1610612748,1610612749,137,95
0022100016,22021,2021-10-21,1610612744,1610612746,115,113
0022100006,22021,2021-10-20,1610612761,1610612764,83,98
0022100003,22021,2021-10-20,1610612766,1610612754,123,122
0022100013,22021,2021-10-20,1610612757,1610612758,121,124
0022100010,22021,2021-10-20,1610612759,1610612753,123,97
0022100005,22021,2021-10-20,1610612752,1610612738,138,134
0022100011,22021,2021-10-20,1610612762,1610612760,107,86
0022100004,22021,2021-10-20,1610612765,1610612741,88,94
0022100008,22021,2021-10-20,1610612750,1610612745,124,106
0022100009,22021,2021-10-20,1610612740,1610612755,97,117
0022100007,22021,2021-10-20,1610612763,1610612739,132,121
0022100012,22021,2021-10-20,1610612756,1610612743,98,110
0022100001,22021,2021-10-19,1610612749,1610612751,127,104
0022100002,22021,2021-10-19,1610612747,1610612744,114,121
0012100060,12021,2021-10-15,1610612765,1610612755,112,108
0012100059,12021,2021-10-15,1610612748,1610612738,121,100
0012100064,12021,2021-10-15,1610612749,1610612742,103,114
0012100063,12021,2021-10-15,1610612741,1610612763,118,105
0012100062,12021,2021-10-15,1610612752,1610612764,115,113
0012100066,12021,2021-10-15,1610612744,1610612757,119,97
0012100061,12021,2021-10-15,1610612754,1610612739,94,110
0012100065,12021,2021-10-15,1610612759,1610612745,126,98
0012100058,12021,2021-10-14,1610612758,1610612747,116,112
0012100055,12021,2021-10-14,1610612737,1610612748,127,92
0012100056,12021,2021-10-14,1610612751,1610612750,107,101
0012100057,12021,2021-10-14,1610612760,1610612743,107,113
0012100052,12021,2021-10-13,1610612760,1610612743,108,99
0012100048,12021,2021-10-13,1610612766,1610612742,59,127
0012100053,12021,2021-10-13,1610612762,1610612749,124,120
0012100049,12021,2021-10-13,1610612754,1610612763,109,107
0012100050,12021,2021-10-13,1610612753,1610612738,103,102
0012100051,12021,2021-10-13,1610612752,1610612765,108,100
0012100054,12021,2021-10-13,1610612756,1610612757,119,74
0012100047,12021,2021-10-12,1610612747,1610612744,99,111
0012100046,12021,2021-10-12,1610612764,1610612761,108,113
0012100039,12021,2021-10-11,1610612761,1610612745,107,92
0012100040,12021,2021-10-11,1610612748,1610612766,104,103
0012100041,12021,2021-10-11,1610612755,1610612751,115,104
0012100042,12021,2021-10-11,1610612763,1610612765,127,92
0012100045,12021,2021-10-11,1610612746,1610612750,100,128
0012100043,12021,2021-10-11,1610612762,1610612740,127,96
0012100044,12021,2021-10-11,1610612757,1610612758,93,107
0012100037,12021,2021-10-10,1610612749,1610612760,130,110
0012100038,12021,2021-10-10,1610612747,1610612756,94,123
0012100035,12021,2021-10-10,1610612753,1610612759,100,101
0012100036,12021,2021-10-10,1610612739,1610612741,101,102
0012100032,12021,2021-10-09,1610612738,1610612761,113,111
0012100033,12021,2021-10-09,1610612764,1610612752,99,117
0012100034,12021,2021-10-09,1610612763,1610612737,87,91
0012100029,12021,2021-10-08,1610612759,1610612748,105,109
0012100027,12021,2021-10-08,1610612741,1610612740,121,85
0012100030,12021,2021-10-08,1610612743,1610612750,112,114
0012100031,12021,2021-10-08,1610612744,1610612747,121,114
0012100026,12021,2021-10-08,1610612751,1610612749,119,115
0012100025,12021,2021-10-08,1610612739,1610612754,100,109
0012100028,12021,2021-10-08,1610612742,1610612746,122,114
0012100023,12021,2021-10-07,1610612755,1610612761,125,113
0012100024,12021,2021-10-07,1610612745,1610612748,106,113
0012100022,12021,2021-10-07,1610612766,1610612763,98,128
0012100016,12021,2021-10-06,1610612737,1610612739,96,99
0012100021,12021,2021-10-06,1610612746,1610612758,98,113
0012100015,12021,2021-10-06,1610612765,1610612759,115,105
0012100019,12021,2021-10-06,1610612744,1610612743,118,116
0012100020,12021,2021-10-06,1610612756,1610612747,117,105
0012100017,12021,2021-10-06,1610612740,1610612753,104,86
0012100018,12021,2021-10-06,1610612742,1610612762,111,101
0012100013,12021,2021-10-05,1610612745,1610612764,125,119
0012100012,12021,2021-10-05,1610612741,1610612739,131,95
0012100011,12021,2021-10-05,1610612752,1610612754,125,104
0012100014,12021,2021-10-05,1610612763,1610612749,87,77
0012100002,12021,2021-10-04,1610612761,1610612755,123,107
0012100007,12021,2021-10-04,1610612759,1610612762,111,85
0012100006,12021,2021-10-04,1610612760,1610612766,97,113
0012100009,12021,2021-10-04,1610612758,1610612756,117,106
0012100005,12021,2021-10-04,1610612750,1610612740,117,114
0012100010,12021,2021-10-04,1610612746,1610612743,103,102
0012100008,12021,2021-10-04,1610612757,1610612744,107,121
0012100003,12021,2021-10-04,1610612738,1610612753,98,97
0012100004,12021,2021-10-04,1610612748,1610612737,125,99
0012100001,12021,2021-10-03,1610612747,1610612751,97,123
0042000406,42020,2021-07-20,1610612749,1610612756,105,98
0042000405,42020,2021-07-17,1610612756,1610612749,119,123
0042000404,42020,2021-07-14,1610612749,1610612756,109,103
0042000403,42020,2021-07-11,1610612749,1610612756,120,100
0042000402,42020,2021-07-08,1610612756,1610612749,118,108
0042000401,42020,2021-07-06,1610612756,1610612749,118,105
0042000306,42020,2021-07-03,1610612737,1610612749,107,118
0042000305,42020,2021-07-01,1610612749,1610612737,123,112
0042000316,42020,2021-06-30,1610612746,1610612756,103,130
0042000304,42020,2021-06-29,1610612737,1610612749,110,88
0042000315,42020,2021-06-28,1610612756,1610612746,102,116
0042000303,42020,2021-06-27,1610612737,1610612749,102,113
0042000314,42020,2021-06-26,1610612746,1610612756,80,84
0042000302,42020,2021-06-25,1610612749,1610612737,125,91
0042000313,42020,2021-06-24,1610612746,1610612756,106,92
0042000301,42020,2021-06-23,1610612749,1610612737,113,116
0042000312,42020,2021-06-22,1610612756,1610612746,104,103
0042000207,42020,2021-06-20,1610612755,1610612737,96,103
0042000311,42020,2021-06-20,1610612756,1610612746,120,114
0042000217,42020,2021-06-19,1610612751,1610612749,111,115
0042000206,42020,2021-06-18,1610612737,1610612755,99,104
0042000226,42020,2021-06-18,1610612746,1610612762,131,119
0042000216,42020,2021-06-17,1610612749,1610612751,104,89
0042000205,42020,2021-06-16,1610612755,1610612737,106,109
0042000225,42020,2021-06-16,1610612762,1610612746,111,119
0042000215,42020,2021-06-15,1610612751,1610612749,114,108
0042000204,42020,2021-06-14,1610612737,1610612755,103,100
0042000224,42020,2021-06-14,1610612746,1610612762,118,104
0042000234,42020,2021-06-13,1610612743,1610612756,118,125
0042000214,42020,2021-06-13,1610612749,1610612751,107,96
0042000223,42020,2021-06-12,1610612746,1610612762,132,106
0042000203,42020,2021-06-11,1610612737,1610612755,111,127
0042000233,42020,2021-06-11,1610612743,1610612756,102,116
0042000213,42020,2021-06-10,1610612749,1610612751,86,83
0042000222,42020,2021-06-10,1610612762,1610612746,117,111
0042000232,42020,2021-06-09,1610612756,1610612743,123,98
0042000202,42020,2021-06-08,1610612755,1610612737,118,102
0042000221,42020,2021-06-08,1610612762,1610612746,112,109
0042000212,42020,2021-06-07,1610612751,1610612749,125,86
0042000231,42020,2021-06-07,1610612756,1610612743,122,105
0042000177,42020,2021-06-06,1610612746,1610612742,126,111
0042000201,42020,2021-06-06,1610612755,1610612737,124,128
0042000211,42020,2021-06-05,1610612751,1610612749,115,107
0042000176,42020,2021-06-04,1610612742,1610612746,97,104
0042000166,42020,2021-06-03,1610612757,1610612743,115,126
0042000156,42020,2021-06-03,1610612747,1610612756,100,113
0042000135,42020,2021-06-02,1610612752,1610612737,89,103
0042000145,42020,2021-06-02,1610612762,1610612763,126,110
0042000105,42020,2021-06-02,1610612755,1610612764,129,112
0042000175,42020,2021-06-02,1610612746,1610612742,100,105
0042000115,42020,2021-06-01,1610612751,1610612738,123,109
0042000165,42020,2021-06-01,1610612743,1610612757,147,140
0042000155,42020,2021-06-01,1610612756,1610612747,115,85
0042000144,42020,2021-05-31,1610612763,1610612762,113,120
0042000104,42020,2021-05-31,1610612764,1610612755,122,114
0042000154,42020,2021-05-30,1610612747,1610612756,92,100
0042000174,42020,2021-05-30,1610612742,1610612746,81,106
0042000114,42020,2021-05-30,1610612738,1610612751,126,141
0042000134,42020,2021-05-30,1610612737,1610612752,113,96
0042000103,42020,2021-05-29,1610612764,1610612755,103,132
0042000143,42020,2021-05-29,1610612763,1610612762,111,121
0042000124,42020,2021-05-29,1610612748,1610612749,103,120
0042000164,42020,2021-05-29,1610612757,1610612743,115,95
0042000173,42020,2021-05-28,1610612742,1610612746,108,118
0042000133,42020,2021-05-28,1610612737,1610612752,105,94
0042000113,42020,2021-05-28,1610612738,1610612751,125,119
0042000163,42020,2021-05-27,1610612757,1610612743,115,120
0042000153,42020,2021-05-27,1610612747,1610612756,109,95
0042000123,42020,2021-05-27,1610612748,1610612749,84,113
0042000142,42020,2021-05-26,1610612762,1610612763,141,129
0042000132,42020,2021-05-26,1610612752,1610612737,101,92
0042000102,42020,2021-05-26,1610612755,1610612764,120,95
0042000152,42020,2021-05-25,1610612756,1610612747,102,109
0042000172,42020,2021-05-25,1610612746,1610612742,121,127
0042000112,42020,2021-05-25,1610612751,1610612738,130,108
0042000122,42020,2021-05-24,1610612749,1610612748,132,98
0042000162,42020,2021-05-24,1610612743,1610612757,128,109
0042000101,42020,2021-05-23,1610612755,1610612764,125,118
0042000151,42020,2021-05-23,1610612756,1610612747,99,90
0042000131,42020,2021-05-23,1610612752,1610612737,105,107
0042000141,42020,2021-05-23,1610612762,1610612763,109,112
0042000121,42020,2021-05-22,1610612749,1610612748,109,107
0042000171,42020,2021-05-22,1610612746,1610612742,103,113
0042000161,42020,2021-05-22,1610612743,1610612757,109,123
0042000111,42020,2021-05-22,1610612751,1610612738,104,93
0052000211,52020,2021-05-21,1610612744,1610612763,112,117
0052000201,52020,2021-05-20,1610612764,1610612754,142,115
0052000131,52020,2021-05-19,1610612763,1610612759,100,96
0052000121,52020,2021-05-19,1610612747,1610612744,103,100
0052000111,52020,2021-05-18,1610612754,1610612766,144,117
0052000101,52020,2021-05-18,1610612738,1610612764,118,100
0022001078,22020,2021-05-16,1610612759,1610612756,121,123
0022001080,22020,2021-05-16,1610612764,1610612766,115,110
0022001072,22020,2021-05-16,1610612740,1610612747,98,110
0022001066,22020,2021-05-16,1610612737,1610612745,124,95
0022001076,22020,2021-05-16,1610612757,1610612743,132,116
0022001074,22020,2021-05-16,1610612760,1610612746,117,112
0022001077,22020,2021-05-16,1610612758,1610612762,99,121
0022001068,22020,2021-05-16,1610612741,1610612749,118,112
0022001071,22020,2021-05-16,1610612750,1610612742,136,121
0022001073,22020,2021-05-16,1610612752,1610612738,96,92
0022001067,22020,2021-05-16,1610612751,1610612739,123,109
0022001075,22020,2021-05-16,1610612755,1610612753,128,117
0022001070,22020,2021-05-16,1610612744,1610612763,113,101
0022001079,22020,2021-05-16,1610612761,1610612754,113,125
0022001069,22020,2021-05-16,1610612765,1610612748,107,120
0022001063,22020,2021-05-15,1610612750,1610612738,108,124
0022001061,22020,2021-05-15,1610612754,1610612747,115,122
0022001060,22020,2021-05-15,1610612751,1610612741,105,91
0022001062,22020,2021-05-15,1610612749,1610612748,122,108
0022001064,22020,2021-05-15,1610612752,1610612766,118,109
0022001065,22020,2021-05-15,1610612759,1610612756,103,140
0022001054,22020,2021-05-14,1610612765,1610612743,91,104
0022001057,22020,2021-05-14,1610612742,1610612761,114,110
0022000263,22020,2021-05-14,1610612763,1610612758,107,106
0022001055,22020,2021-05-14,1610612755,1610612753,122,97
0022000204,22020,2021-05-14,1610612764,1610612739,120,105
0022001058,22020,2021-05-14,1610612745,1610612746,122,115
0022001056,22020,2021-05-14,1610612760,1610612762,93,109
0022001059,22020,2021-05-14,1610612744,1610612740,125,122
0022001052,22020,2021-05-13,1610612750,1610612743,103,114
0022000255,22020,2021-05-13,1610612763,1610612758,116,110
0022001053,22020,2021-05-13,1610612756,1610612757,118,117
0022000458,22020,2021-05-13,1610612752,1610612759,102,98
0022001051,22020,2021-05-13,1610612741,1610612761,114,102
0022001050,22020,2021-05-13,1610612748,1610612755,106,94
0022001047,22020,2021-05-13,1610612766,1610612746,90,113
0022001048,22020,2021-05-13,1610612754,1610612749,133,142
0022001049,22020,2021-05-13,1610612737,1610612753,116,93
0022000154,22020,2021-05-12,1610612742,1610612740,125,107
0022001043,22020,2021-05-12,1610612751,1610612759,128,116
0022001044,22020,2021-05-12,1610612739,1610612738,102,94
0022001045,22020,2021-05-12,1610612762,1610612757,98,105
0022001046,22020,2021-05-12,1610612747,1610612745,124,122
0022001042,22020,2021-05-12,1610612737,1610612764,120,116
0022001038,22020,2021-05-11,1610612749,1610612753,114,102
0022001036,22020,2021-05-11,1610612741,1610612751,107,115
0022001035,22020,2021-05-11,1610612754,1610612755,103,94
0022001040,22020,2021-05-11,1610612758,1610612760,122,106
0022001039,22020,2021-05-11,1610612744,1610612756,122,116
0022001034,22020,2021-05-11,1610612761,1610612746,96,115
0022001032,22020,2021-05-11,1610612738,1610612748,121,129
0022000448,22020,2021-05-11,1610612766,1610612743,112,117
0022001037,22020,2021-05-11,1610612763,1610612742,133,104
0022001041,22020,2021-05-11,1610612747,1610612752,101,99
0022001033,22020,2021-05-11,1610612765,1610612750,100,119
0022001030,22020,2021-05-10,1610612744,1610612762,119,116
0022001029,22020,2021-05-10,1610612759,1610612749,146,125
0022001027,22020,2021-05-10,1610612739,1610612754,102,111
0022001026,22020,2021-05-10,1610612737,1610612764,125,124
0022001031,22020,2021-05-10,1610612757,1610612745,140,129
0022001028,22020,2021-05-10,1610612763,1610612740,115,110
0022001019,22020,2021-05-09,1610612746,1610612752,100,106
0022001024,22020,2021-05-09,1610612747,1610612756,123,110
0022001020,22020,2021-05-09,1610612766,1610612740,110,112
0022001021,22020,2021-05-09,1610612739,1610612742,97,124
0022000145,22020,2021-05-09,1610612738,1610612748,124,130
0022001025,22020,2021-05-09,1610612758,1610612760,126,98
0022001022,22020,2021-05-09,1610612753,1610612750,96,128
0022001023,22020,2021-05-09,1610612765,1610612741,96,108
0022001015,22020,2021-05-08,1610612743,1610612751,119,125
0022001014,22020,2021-05-08,1610612761,1610612763,99,109
0022001012,22020,2021-05-08,1610612754,1610612764,132,133
0022001016,22020,2021-05-08,1610612762,1610612745,124,116
0022001017,22020,2021-05-08,1610612744,1610612760,136,97
0022001018,22020,2021-05-08,1610612757,1610612759,124,102
0022001013,22020,2021-05-08,1610612755,1610612765,118,104
0022001007,22020,2021-05-07,1610612742,1610612739,110,90
0022001004,22020,2021-05-07,1610612766,1610612753,122,112
0022001003,22020,2021-05-07,1610612755,1610612740,109,107
0022001009,22020,2021-05-07,1610612756,1610612752,128,105
0022001005,22020,2021-05-07,1610612748,1610612750,121,112
0022001008,22020,2021-05-07,1610612762,1610612743,127,120
0022001006,22020,2021-05-07,1610612749,1610612745,141,133
0022001011,22020,2021-05-07,1610612758,1610612759,104,113
0022001010,22020,2021-05-07,1610612757,1610612747,106,101
0022000160,22020,2021-05-07,1610612741,1610612738,121,99
0022001000,22020,2021-05-06,1610612754,1610612737,133,126
0022000999,22020,2021-05-06,1610612765,1610612763,111,97
0022000998,22020,2021-05-06,1610612742,1610612751,113,109
0022000434,22020,2021-05-06,1610612766,1610612741,99,120
0022001001,22020,2021-05-06,1610612744,1610612760,118,97
0022001002,22020,2021-05-06,1610612746,1610612747,118,94
0022000997,22020,2021-05-06,1610612761,1610612764,129,131
0022000994,22020,2021-05-05,1610612745,1610612755,115,135
0022000183,22020,2021-05-05,1610612750,1610612763,135,139
0022000235,22020,2021-05-05,1610612749,1610612764,135,134
0022000995,22020,2021-05-05,1610612743,1610612752,113,97
0022000996,22020,2021-05-05,1610612762,1610612759,126,94
0022000990,22020,2021-05-05,1610612753,1610612738,96,132
0022000991,22020,2021-05-05,1610612739,1610612757,105,141
0022000992,22020,2021-05-05,1610612737,1610612756,135,103
0022000993,22020,2021-05-05,1610612754,1610612758,93,104
0022000983,22020,2021-05-04,1610612739,1610612756,118,134
0022000987,22020,2021-05-04,1610612740,1610612744,108,103
0022000989,22020,2021-05-04,1610612746,1610612761,105,100
0022000986,22020,2021-05-04,1610612748,1610612742,113,127
0022000985,22020,2021-05-04,1610612749,1610612751,124,118
0022000984,22020,2021-05-04,1610612765,1610612766,99,102
0022000988,22020,2021-05-04,1610612760,1610612758,99,103
0022000975,22020,2021-05-03,1610612765,1610612753,112,119
0022000977,22020,2021-05-03,1610612740,1610612744,108,123
0022000982,22020,2021-05-03,1610612747,1610612743,93,89
0022000976,22020,2021-05-03,1610612764,1610612754,154,141
0022000979,22020,2021-05-03,1610612741,1610612755,94,106
0022000980,22020,2021-05-03,1610612763,1610612752,104,118
0022000978,22020,2021-05-03,1610612737,1610612757,123,114
0022000981,22020,2021-05-03,1610612762,1610612759,110,99
0022000967,22020,2021-05-02,1610612749,1610612751,117,114
0022000970,22020,2021-05-02,1610612742,1610612758,99,111
0022000972,22020,2021-05-02,1610612760,1610612756,120,123
0022000974,22020,2021-05-02,1610612747,1610612761,114,121
0022000969,22020,2021-05-02,1610612766,1610612748,111,121
0022000973,22020,2021-05-02,1610612759,1610612755,111,113
0022000968,22020,2021-05-02,1610612738,1610612757,119,129
0022000971,22020,2021-05-02,1610612745,1610612752,97,122
0022000958,22020,2021-05-01,1610612745,1610612744,87,113
0022000964,22020,2021-05-01,1610612742,1610612764,125,124
0022000965,22020,2021-05-01,1610612762,1610612761,106,102
0022000962,22020,2021-05-01,1610612750,1610612740,136,140
0022000966,22020,2021-05-01,1610612746,1610612743,104,110
0022000957,22020,2021-05-01,1610612766,1610612765,107,94
0022000961,22020,2021-05-01,1610612753,1610612763,112,111
0022000960,22020,2021-05-01,1610612739,1610612748,107,124
0022000963,22020,2021-05-01,1610612760,1610612754,95,152
0022000959,22020,2021-05-01,1610612737,1610612741,108,97
0022000955,22020,2021-04-30,1610612756,1610612762,121,100
0022000950,22020,2021-04-30,1610612738,1610612759,143,140
0022000956,22020,2021-04-30,1610612747,1610612758,106,110
0022000954,22020,2021-04-30,1610612741,1610612749,98,108
0022000953,22020,2021-04-30,1610612763,1610612753,92,75
0022000952,22020,2021-04-30,1610612751,1610612757,109,128
0022000951,22020,2021-04-30,1610612739,1610612764,93,122
0022000949,22020,2021-04-30,1610612755,1610612737,126,104
0022000945,22020,2021-04-29,1610612745,1610612749,143,136
0022000946,22020,2021-04-29,1610612750,1610612744,126,114
0022000948,22020,2021-04-29,1610612743,1610612761,121,111
0022000944,22020,2021-04-29,1610612754,1610612751,113,130
0022000947,22020,2021-04-29,1610612760,1610612740,95,109
0022000943,22020,2021-04-29,1610612765,1610612742,105,115
0022000939,22020,2021-04-28,1610612763,1610612757,109,130
0022000938,22020,2021-04-28,1610612748,1610612759,116,111
0022000933,22020,2021-04-28,1610612739,1610612753,104,109
0022000941,22020,2021-04-28,1610612756,1610612746,109,101
0022000940,22020,2021-04-28,1610612743,1610612740,114,112
0022000935,22020,2021-04-28,1610612764,1610612747,116,107
0022000942,22020,2021-04-28,1610612758,1610612762,105,154
0022000936,22020,2021-04-28,1610612738,1610612766,120,111
0022000937,22020,2021-04-28,1610612752,1610612741,113,94
0022000934,22020,2021-04-28,1610612755,1610612737,127,83
0022000932,22020,2021-04-27,1610612744,1610612742,103,133
0022000931,22020,2021-04-27,1610612745,1610612750,107,114
0022000928,22020,2021-04-27,1610612766,1610612749,104,114
0022000927,22020,2021-04-27,1610612738,1610612760,115,119
0022000930,22020,2021-04-27,1610612761,1610612751,103,116
0022000929,22020,2021-04-27,1610612754,1610612757,112,133
0022000918,22020,2021-04-26,1610612755,1610612760,121,90
0022000926,22020,2021-04-26,1610612758,1610612742,113,106
0022000920,22020,2021-04-26,1610612752,1610612756,110,118
0022000919,22020,2021-04-26,1610612764,1610612759,143,146
0022000921,22020,2021-04-26,1610612761,1610612739,112,96
0022000916,22020,2021-04-26,1610612765,1610612737,100,86
0022000923,22020,2021-04-26,1610612750,1610612762,105,104
0022000922,22020,2021-04-26,1610612748,1610612741,102,110
0022000917,22020,2021-04-26,1610612753,1610612747,103,114
0022000925,22020,2021-04-26,1610612743,1610612763,120,96
0022000924,22020,2021-04-26,1610612740,1610612746,120,103
0022000914,22020,2021-04-25,1610612753,1610612754,112,131
0022000197,22020,2021-04-25,1610612764,1610612739,119,110
0022000240,22020,2021-04-25,1610612757,1610612763,113,120
0022000913,22020,2021-04-25,1610612737,1610612749,111,104
0022000912,22020,2021-04-25,1610612751,1610612756,128,119
0022000915,22020,2021-04-25,1610612744,1610612758,117,113
0022000911,22020,2021-04-25,1610612766,1610612738,125,104
0022000264,22020,2021-04-24,1610612740,1610612759,108,110
0022000909,22020,2021-04-24,1610612762,1610612750,96,101
0022000906,22020,2021-04-24,1610612754,1610612765,115,109
0022000905,22020,2021-04-24,1610612749,1610612755,132,94
0022000910,22020,2021-04-24,1610612743,1610612745,129,116
0022000908,22020,2021-04-24,1610612742,1610612747,108,93
0022000907,22020,2021-04-24,1610612748,1610612741,106,101
0022000904,22020,2021-04-24,1610612752,1610612761,120,103
0022000899,22020,2021-04-23,1610612751,1610612738,109,104
0022000900,22020,2021-04-23,1610612766,1610612739,108,102
0022000902,22020,2021-04-23,1610612760,1610612764,109,129
0022000901,22020,2021-04-23,1610612745,1610612746,104,109
0022000903,22020,2021-04-23,1610612744,1610612743,118,97
0022000898,22020,2021-04-23,1610612737,1610612748,118,103
0022000225,22020,2021-04-23,1610612757,1610612763,128,130
0022000895,22020,2021-04-22,1610612759,1610612765,106,91
0022000894,22020,2021-04-22,1610612749,1610612755,124,117
0022000897,22020,2021-04-22,1610612742,1610612747,115,110
0022000896,22020,2021-04-22,1610612741,1610612766,108,91
0022000893,22020,2021-04-22,1610612753,1610612740,100,135
0022000892,22020,2021-04-22,1610612738,1610612756,99,86
0022000882,22020,2021-04-21,1610612754,1610612760,122,116
0022000889,22020,2021-04-21,1610612746,1610612763,117,105
0022000887,22020,2021-04-21,1610612745,1610612762,89,112
0022000891,22020,2021-04-21,1610612758,1610612750,128,125
0022000881,22020,2021-04-21,1610612739,1610612741,121,105
0022000884,22020,2021-04-21,1610612761,1610612751,114,103
0022000883,22020,2021-04-21,1610612755,1610612756,113,116
0022000890,22020,2021-04-21,1610612757,1610612743,105,106
0022000885,22020,2021-04-21,1610612764,1610612744,118,114
0022000442,22020,2021-04-21,1610612742,1610612765,127,117
0022000886,22020,2021-04-21,1610612752,1610612737,137,127
0022000888,22020,2021-04-21,1610612759,1610612748,87,107
0022000877,22020,2021-04-20,1610612752,1610612766,109,97
0022000876,22020,2021-04-20,1610612737,1610612753,112,96
0022000879,22020,2021-04-20,1610612757,1610612746,112,113
0022000880,22020,2021-04-20,1610612758,1610612750,120,134
0022000878,22020,2021-04-20,1610612740,1610612751,129,134
0022000873,22020,2021-04-19,1610612749,1610612756,127,128
0022000871,22020,2021-04-19,1610612748,1610612745,113,91
0022000868,22020,2021-04-19,1610612765,1610612739,109,105
0022000874,22020,2021-04-19,1610612743,1610612763,139,137
0022000473,22020,2021-04-19,1610612754,1610612759,94,109
0022000872,22020,2021-04-19,1610612764,1610612760,119,107
0022000875,22020,2021-04-19,1610612747,1610612762,97,111
0022000869,22020,2021-04-19,1610612738,1610612741,96,102
0022000870,22020,2021-04-19,1610612755,1610612744,96,107
0022000862,22020,2021-04-18,1610612752,1610612740,122,112
0022000863,22020,2021-04-18,1610612748,1610612751,109,107
0022000362,22020,2021-04-18,1610612766,1610612757,109,101
0022000865,22020,2021-04-18,1610612761,1610612760,112,106
0022000866,22020,2021-04-18,1610612742,1610612758,107,121
0022000864,22020,2021-04-18,1610612753,1610612745,110,114
0022000867,22020,2021-04-18,1610612746,1610612750,124,105
0022000861,22020,2021-04-18,1610612737,1610612754,129,117
0022000857,22020,2021-04-17,1610612741,1610612739,106,96
0022000856,22020,2021-04-17,1610612764,1610612765,121,100
0022000855,22020,2021-04-17,1610612747,1610612762,127,115
0022000858,22020,2021-04-17,1610612738,1610612744,119,114
0022000860,22020,2021-04-17,1610612756,1610612759,85,111
0022000859,22020,2021-04-17,1610612749,1610612763,115,128
0022000844,22020,2021-04-16,1610612762,1610612754,119,111
0022000846,22020,2021-04-16,1610612755,1610612746,106,103
0022000847,22020,2021-04-16,1610612764,1610612740,117,115
0022000850,22020,2021-04-16,1610612741,1610612763,115,126
0022000848,22020,2021-04-16,1610612751,1610612766,130,115
0022000851,22020,2021-04-16,1610612745,1610612743,99,128
0022000849,22020,2021-04-16,1610612761,1610612753,113,102
0022000854,22020,2021-04-16,1610612742,1610612752,109,117
0022000853,22020,2021-04-16,1610612759,1610612757,106,107
0022000845,22020,2021-04-16,1610612765,1610612760,110,104
0022000852,22020,2021-04-16,1610612750,1610612748,119,111
0022000841,22020,2021-04-15,1610612739,1610612744,101,119
0022000842,22020,2021-04-15,1610612747,1610612738,113,121
0022000843,22020,2021-04-15,1610612756,1610612758,122,114
0022000840,22020,2021-04-15,1610612737,1610612749,109,120
0022000830,22020,2021-04-14,1610612755,1610612751,123,117
0022000831,22020,2021-04-14,1610612761,1610612759,117,112
0022000835,22020,2021-04-14,1610612740,1610612752,106,116
0022000461,22020,2021-04-14,1610612745,1610612754,124,132
0022000833,22020,2021-04-14,1610612741,1610612753,106,115
0022000837,22020,2021-04-14,1610612763,1610612742,113,114
0022000834,22020,2021-04-14,1610612750,1610612749,105,130
0022000829,22020,2021-04-14,1610612766,1610612739,90,103
0022000832,22020,2021-04-14,1610612765,1610612746,98,100
0022000836,22020,2021-04-14,1610612760,1610612744,109,147
0022000839,22020,2021-04-14,1610612758,1610612764,111,123
0022000838,22020,2021-04-14,1610612743,1610612748,123,106
0022000828,22020,2021-04-13,1610612757,1610612738,115,116
0022000827,22020,2021-04-13,1610612756,1610612748,106,86
0022000824,22020,2021-04-13,1610612761,1610612737,103,108
0022000823,22020,2021-04-13,1610612754,1610612746,115,126
0022000825,22020,2021-04-13,1610612766,1610612747,93,101
0022000817,22020,2021-04-13,1610612750,1610612751,97,127
0022000826,22020,2021-04-13,1610612762,1610612760,106,96
0022000820,22020,2021-04-12,1610612762,1610612764,121,125
0022000815,22020,2021-04-12,1610612752,1610612747,111,96
0022000818,22020,2021-04-12,1610612742,1610612755,95,113
0022000278,22020,2021-04-12,1610612763,1610612741,101,90
0022000819,22020,2021-04-12,1610612740,1610612758,117,110
0022000821,22020,2021-04-12,1610612744,1610612743,116,107
0022000822,22020,2021-04-12,1610612756,1610612745,126,120
0022000816,22020,2021-04-12,1610612753,1610612759,97,120
0022000806,22020,2021-04-11,1610612743,1610612738,87,105
0022000807,22020,2021-04-11,1610612739,1610612740,109,116
0022000811,22020,2021-04-11,1610612763,1610612754,125,132
0022000812,22020,2021-04-11,1610612750,1610612741,121,117
0022000809,22020,2021-04-11,1610612752,1610612761,102,96
0022000810,22020,2021-04-11,1610612742,1610612759,117,119
0022000814,22020,2021-04-11,1610612757,1610612748,98,107
0022000813,22020,2021-04-11,1610612746,1610612765,131,124
0022000805,22020,2021-04-11,1610612766,1610612737,101,105
0022000808,22020,2021-04-11,1610612753,1610612749,87,124
0022000802,22020,2021-04-10,1610612744,1610612745,125,109
0022000199,22020,2021-04-10,1610612760,1610612755,93,117
0022000803,22020,2021-04-10,1610612756,1610612764,134,106
0022000800,22020,2021-04-10,1610612751,1610612747,101,126
0022000804,22020,2021-04-10,1610612757,1610612765,118,103
0022000801,22020,2021-04-10,1610612762,1610612758,128,112
0022000794,22020,2021-04-10,1610612739,1610612761,115,135
0022000790,22020,2021-04-09,1610612753,1610612754,106,111
0022000795,22020,2021-04-09,1610612740,1610612755,101,94
0022000791,22020,2021-04-09,1610612737,1610612741,120,108
0022000799,22020,2021-04-09,1610612746,1610612745,126,109
0022000797,22020,2021-04-09,1610612743,1610612759,121,119
0022000798,22020,2021-04-09,1610612744,1610612764,107,110
0022000792,22020,2021-04-09,1610612738,1610612750,145,136
0022000793,22020,2021-04-09,1610612752,1610612763,133,129
0022000796,22020,2021-04-09,1610612749,1610612766,119,127
0022000787,22020,2021-04-08,1610612762,1610612757,122,103
0022000523,22020,2021-04-08,1610612761,1610612741,113,122
0022000784,22020,2021-04-08,1610612748,1610612747,110,104
0022000789,22020,2021-04-08,1610612758,1610612765,101,113
0022000786,22020,2021-04-08,1610612742,1610612749,116,101
0022000785,22020,2021-04-08,1610612760,1610612739,102,129
0022000788,22020,2021-04-08,1610612746,1610612756,113,103
0022000782,22020,2021-04-07,1610612743,1610612759,106,96
0022000456,22020,2021-04-07,1610612745,1610612742,102,93
0022000777,22020,2021-04-07,1610612753,1610612764,116,131
0022000776,22020,2021-04-07,1610612754,1610612750,141,137
0022000781,22020,2021-04-07,1610612760,1610612766,102,113
0022000783,22020,2021-04-07,1610612756,1610612762,117,113
0022000779,22020,2021-04-07,1610612751,1610612740,139,111
0022000780,22020,2021-04-07,1610612737,1610612763,113,131
0022000778,22020,2021-04-07,1610612738,1610612752,101,99
0022000770,22020,2021-04-06,1610612737,1610612740,123,107
0022000773,22020,2021-04-06,1610612748,1610612763,112,124
0022000321,22020,2021-04-06,1610612743,1610612765,134,119
0022000774,22020,2021-04-06,1610612744,1610612749,122,121
0022000775,22020,2021-04-06,1610612746,1610612757,133,116
0022000772,22020,2021-04-06,1610612761,1610612747,101,110
0022000769,22020,2021-04-06,1610612754,1610612741,97,113
0022000771,22020,2021-04-06,1610612738,1610612755,96,106
0022000762,22020,2021-04-05,1610612751,1610612752,114,112
0022000763,22020,2021-04-05,1610612761,1610612764,103,101
0022000766,22020,2021-04-05,1610612760,1610612765,108,132
0022000765,22020,2021-04-05,1610612750,1610612758,116,106
0022000767,22020,2021-04-05,1610612759,1610612739,101,125
0022000764,22020,2021-04-05,1610612742,1610612762,111,103
0022000768,22020,2021-04-05,1610612745,1610612756,130,133
0022000761,22020,2021-04-04,1610612743,1610612753,119,109
0022000759,22020,2021-04-04,1610612737,1610612744,117,111
0022000758,22020,2021-04-04,1610612755,1610612763,100,116
0022000755,22020,2021-04-04,1610612741,1610612751,115,107
0022000756,22020,2021-04-04,1610612746,1610612747,104,86
0022000760,22020,2021-04-04,1610612745,1610612740,115,122
0022000757,22020,2021-04-04,1610612738,1610612766,116,86
0022000748,22020,2021-04-03,1610612765,1610612752,81,125
0022000752,22020,2021-04-03,1610612762,1610612753,137,91
0022000753,22020,2021-04-03,1610612757,1610612760,133,85
0022000749,22020,2021-04-03,1610612748,1610612739,115,101
0022000751,22020,2021-04-03,1610612759,1610612754,133,139
0022000754,22020,2021-04-03,1610612758,1610612749,128,129
0022000747,22020,2021-04-03,1610612764,1610612742,87,109
0022000750,22020,2021-04-03,1610612755,1610612750,122,113
0022000744,22020,2021-04-02,1610612756,1610612760,140,103
0022000742,22020,2021-04-02,1610612740,1610612737,103,126
0022000743,22020,2021-04-02,1610612762,1610612741,113,106
0022000737,22020,2021-04-02,1610612761,1610612744,130,77
0022000741,22020,2021-04-02,1610612763,1610612750,120,108
0022000746,22020,2021-04-02,1610612758,1610612747,94,115
0022000740,22020,2021-04-02,1610612754,1610612766,97,114
0022000738,22020,2021-04-02,1610612738,1610612745,118,102
0022000745,22020,2021-04-02,1610612757,1610612749,109,127
0022000739,22020,2021-04-02,1610612752,1610612742,86,99
0022000735,22020,2021-04-01,1610612759,1610612737,129,134
0022000733,22020,2021-04-01,1610612748,1610612744,116,109
0022000731,22020,2021-04-01,1610612739,1610612755,94,114
0022000736,22020,2021-04-01,1610612746,1610612743,94,101
0022000179,22020,2021-04-01,1610612765,1610612764,120,91
0022000732,22020,2021-04-01,1610612751,1610612766,111,89
0022000734,22020,2021-04-01,1610612740,1610612753,110,115
0022000729,22020,2021-03-31,1610612747,1610612749,97,112
0022000723,22020,2021-03-31,1610612738,1610612742,108,113
0022000722,22020,2021-03-31,1610612754,1610612748,87,92
0022000726,22020,2021-03-31,1610612750,1610612752,102,101
0022000725,22020,2021-03-31,1610612763,1610612762,107,111
0022000728,22020,2021-03-31,1610612759,1610612758,120,106
0022000727,22020,2021-03-31,1610612760,1610612761,113,103
0022000730,22020,2021-03-31,1610612756,1610612741,121,116
0022000724,22020,2021-03-31,1610612751,1610612745,120,108
0022000721,22020,2021-03-31,1610612765,1610612757,101,124
0022000171,22020,2021-03-30,1610612756,1610612737,117,110
0022000720,22020,2021-03-30,1610612746,1610612753,96,103
0022000718,22020,2021-03-30,1610612764,1610612766,104,114
0022000719,22020,2021-03-30,1610612743,1610612755,104,95
0022000710,22020,2021-03-29,1610612752,1610612748,88,98
0022000708,22020,2021-03-29,1610612738,1610612740,109,115
0022000711,22020,2021-03-29,1610612765,1610612761,118,104
0022000716,22020,2021-03-29,1610612744,1610612741,116,102
0022000709,22020,2021-03-29,1610612751,1610612750,112,107
0022000712,22020,2021-03-29,1610612745,1610612763,110,120
0022000715,22020,2021-03-29,1610612762,1610612739,114,75
0022000714,22020,2021-03-29,1610612759,1610612758,115,132
0022000717,22020,2021-03-29,1610612746,1610612749,129,105
0022000713,22020,2021-03-29,1610612760,1610612742,106,127
0022000707,22020,2021-03-29,1610612764,1610612754,132,124
0022000706,22020,2021-03-28,1610612747,1610612753,96,93
0022000703,22020,2021-03-28,1610612766,1610612756,97,101
0022000704,22020,2021-03-28,1610612761,1610612757,117,122
0022000705,22020,2021-03-28,1610612743,1610612737,126,102
0022000701,22020,2021-03-27,1610612746,1610612755,122,112
0022000698,22020,2021-03-27,1610612740,1610612742,112,103
0022000696,22020,2021-03-27,1610612750,1610612745,107,129
0022000697,22020,2021-03-27,1610612759,1610612741,120,104
0022000702,22020,2021-03-27,1610612758,1610612739,100,98
0022000695,22020,2021-03-27,1610612749,1610612752,96,102
0022000694,22020,2021-03-27,1610612764,1610612765,106,92
0022000700,22020,2021-03-27,1610612762,1610612763,126,110
0022000699,22020,2021-03-27,1610612760,1610612738,94,111
0022000687,22020,2021-03-26,1610612753,1610612757,105,112
0022000684,22020,2021-03-26,1610612761,1610612756,100,104
0022000685,22020,2021-03-26,1610612749,1610612738,114,122
0022000693,22020,2021-03-26,1610612747,1610612739,100,86
0022000691,22020,2021-03-26,1610612762,1610612763,117,114
0022000689,22020,2021-03-26,1610612740,1610612743,108,113
0022000686,22020,2021-03-26,1610612766,1610612748,110,105
0022000683,22020,2021-03-26,1610612765,1610612751,111,113
0022000690,22020,2021-03-26,1610612742,1610612754,94,109
0022000688,22020,2021-03-26,1610612750,1610612745,107,101
0022000692,22020,2021-03-26,1610612744,1610612737,108,124
0022000681,22020,2021-03-25,1610612747,1610612755,101,109
0022000682,22020,2021-03-25,1610612758,1610612744,141,119
0022000679,22020,2021-03-25,1610612752,1610612764,106,102
0022000680,22020,2021-03-25,1610612759,1610612746,85,98
0022000678,22020,2021-03-25,1610612748,1610612757,122,125
0022000675,22020,2021-03-24,1610612759,1610612746,101,134
0022000667,22020,2021-03-24,1610612754,1610612765,116,111
0022000672,22020,2021-03-24,1610612745,1610612766,97,122
0022000670,22020,2021-03-24,1610612753,1610612756,112,111
0022000669,22020,2021-03-24,1610612749,1610612738,121,119
0022000676,22020,2021-03-24,1610612762,1610612751,118,88
0022000674,22020,2021-03-24,1610612760,1610612763,107,116
0022000671,22020,2021-03-24,1610612741,1610612739,94,103
0022000668,22020,2021-03-24,1610612761,1610612743,135,111
0022000673,22020,2021-03-24,1610612750,1610612742,108,128
0022000677,22020,2021-03-24,1610612758,1610612737,110,108
0022000665,22020,2021-03-23,1610612744,1610612755,98,108
0022000661,22020,2021-03-23,1610612753,1610612743,99,110
0022000662,22020,2021-03-23,1610612752,1610612764,131,113
0022000666,22020,2021-03-23,1610612757,1610612751,112,116
0022000664,22020,2021-03-23,1610612748,1610612756,100,110
0022000663,22020,2021-03-23,1610612740,1610612747,128,111
0022000657,22020,2021-03-22,1610612745,1610612761,117,99
0022000656,22020,2021-03-22,1610612741,1610612762,95,120
0022000655,22020,2021-03-22,1610612759,1610612766,97,100
0022000653,22020,2021-03-22,1610612739,1610612758,105,119
0022000660,22020,2021-03-22,1610612746,1610612737,119,110
0022000658,22020,2021-03-22,1610612763,1610612738,132,126
0022000654,22020,2021-03-22,1610612750,1610612760,103,112
0022000659,22020,2021-03-22,1610612749,1610612754,140,113
0022000016,22020,2021-03-21,1610612745,1610612760,112,114
0022000645,22020,2021-03-21,1610612748,1610612754,106,109
0022000652,22020,2021-03-21,1610612757,1610612742,92,132
0022000646,22020,2021-03-21,1610612743,1610612740,108,113
0022000648,22020,2021-03-21,1610612739,1610612761,116,105
0022000649,22020,2021-03-21,1610612765,1610612741,86,100
0022000167,22020,2021-03-21,1610612738,1610612753,112,96
0022000647,22020,2021-03-21,1610612751,1610612764,113,106
0022000650,22020,2021-03-21,1610612752,1610612755,100,101
0022000651,22020,2021-03-21,1610612756,1610612747,111,94
0022000643,22020,2021-03-20,1610612749,1610612759,120,113
0022000642,22020,2021-03-20,1610612763,1610612744,111,103
0022000640,22020,2021-03-20,1610612747,1610612737,94,99
0022000641,22020,2021-03-20,1610612755,1610612758,129,105
0022000644,22020,2021-03-20,1610612746,1610612766,125,98
0022000633,22020,2021-03-19,1610612753,1610612751,121,113
0022000632,22020,2021-03-19,1610612748,1610612754,110,137
0022000435,22020,2021-03-19,1610612739,1610612759,110,116
0022000634,22020,2021-03-19,1610612761,1610612762,112,115
0022000631,22020,2021-03-19,1610612738,1610612758,96,107
0022000638,22020,2021-03-19,1610612756,1610612750,113,101
0022000635,22020,2021-03-19,1610612745,1610612765,100,113
0022000636,22020,2021-03-19,1610612763,1610612744,103,116
0022000639,22020,2021-03-19,1610612757,1610612742,125,119
0022000637,22020,2021-03-19,1610612743,1610612741,131,127
0022000166,22020,2021-03-18,1610612764,1610612762,131,122
0022000629,22020,2021-03-18,1610612757,1610612740,101,93
0022000627,22020,2021-03-18,1610612752,1610612753,94,93
0022000626,22020,2021-03-18,1610612737,1610612760,116,93
0022000628,22020,2021-03-18,1610612756,1610612750,119,123
0022000630,22020,2021-03-18,1610612747,1610612766,116,105
0022000620,22020,2021-03-17,1610612739,1610612738,117,110
0022000622,22020,2021-03-17,1610612745,1610612744,94,108
0022000624,22020,2021-03-17,1610612743,1610612766,129,104
0022000617,22020,2021-03-17,1610612754,1610612751,115,124
0022000623,22020,2021-03-17,1610612763,1610612748,89,85
0022000619,22020,2021-03-17,1610612764,1610612758,119,121
0022000621,22020,2021-03-17,1610612741,1610612759,99,106
0022000616,22020,2021-03-17,1610612765,1610612761,116,112
0022000618,22020,2021-03-17,1610612755,1610612749,105,109
0022000625,22020,2021-03-17,1610612742,1610612746,105,89
0022000613,22020,2021-03-16,1610612745,1610612737,107,119
0022000609,22020,2021-03-16,1610612738,1610612762,109,117
0022000614,22020,2021-03-16,1610612757,1610612740,125,124
0022000615,22020,2021-03-16,1610612747,1610612750,137,121
0022000610,22020,2021-03-16,1610612748,1610612739,113,98
0022000611,22020,2021-03-16,1610612755,1610612752,99,96
0022000612,22020,2021-03-16,1610612741,1610612760,123,102
0022000602,22020,2021-03-15,1610612766,1610612758,122,116
0022000604,22020,2021-03-15,1610612751,1610612752,117,112
0022000607,22020,2021-03-15,1610612756,1610612763,122,99
0022000605,22020,2021-03-15,1610612742,1610612746,99,109
0022000603,22020,2021-03-15,1610612764,1610612749,122,133
0022000608,22020,2021-03-15,1610612744,1610612747,97,128
0022000428,22020,2021-03-15,1610612765,1610612759,99,109
0022000606,22020,2021-03-15,1610612743,1610612754,121,106
0022000600,22020,2021-03-14,1610612741,1610612761,118,95
0022000597,22020,2021-03-14,1610612737,1610612739,100,82
0022000593,22020,2021-03-14,1610612760,1610612763,128,122
0022000598,22020,2021-03-14,1610612745,1610612738,107,134
0022000596,22020,2021-03-14,1610612753,1610612748,97,102
0022000599,22020,2021-03-14,1610612750,1610612757,114,112
0022000595,22020,2021-03-14,1610612755,1610612759,134,99
0022000601,22020,2021-03-14,1610612740,1610612746,135,115
0022000594,22020,2021-03-14,1610612744,1610612762,131,119
0022000590,22020,2021-03-13,1610612737,1610612758,121,106
0022000592,22020,2021-03-13,1610612743,1610612742,103,116
0022000591,22020,2021-03-13,1610612750,1610612757,121,125
0022000587,22020,2021-03-13,1610612751,1610612765,100,95
0022000589,22020,2021-03-13,1610612764,1610612749,119,125
0022000586,22020,2021-03-13,1610612760,1610612752,97,119
0022000588,22020,2021-03-13,1610612766,1610612761,114,104
0022000194,22020,2021-03-13,1610612756,1610612754,111,122
0022000582,22020,2021-03-12,1610612741,1610612748,90,101
0022000580,22020,2021-03-12,1610612763,1610612743,102,103
0022000581,22020,2021-03-12,1610612740,1610612739,116,82
0022000579,22020,2021-03-12,1610612764,1610612755,101,127
0022000585,22020,2021-03-12,1610612747,1610612754,105,100
0022000583,22020,2021-03-12,1610612759,1610612753,104,77
0022000584,22020,2021-03-12,1610612762,1610612745,114,99
0022000573,22020,2021-03-11,1610612749,1610612752,134,101
0022000569,22020,2021-03-11,1610612751,1610612738,121,109
2042000301,42020,2021-03-11,1612709909,1612709925,78,97
0022000572,22020,2021-03-11,1610612741,1610612755,105,127
0022000576,22020,2021-03-11,1610612746,1610612744,130,104
0022000568,22020,2021-03-11,1610612766,1610612765,105,102
0022000574,22020,2021-03-11,1610612740,1610612750,105,135
0022000575,22020,2021-03-11,1610612760,1610612742,116,108
0022000570,22020,2021-03-11,1610612761,1610612737,120,121
0022000577,22020,2021-03-11,1610612757,1610612756,121,127
0022000571,22020,2021-03-11,1610612748,1610612753,111,103
0022000578,22020,2021-03-11,1610612758,1610612745,125,105
0022000567,22020,2021-03-10,1610612742,1610612759,115,104
0022000566,22020,2021-03-10,1610612763,1610612764,127,112
2042000201,42020,2021-03-09,1612709920,1612709909,100,127
2042000211,42020,2021-03-09,1612709902,1612709925,96,108
2042000111,42020,2021-03-08,1612709902,1612709908,110,81
2042000131,42020,2021-03-08,1612709909,1612709890,124,103
2042000101,42020,2021-03-08,1612709920,1612709930,127,102
2042000121,42020,2021-03-08,1612709913,1612709925,110,139
0032000001,32020,2021-03-07,1610616833,1610616834,150,170
2022000135,22020,2021-03-06,1612709922,1612709924,109,105
2022000131,22020,2021-03-06,1612709893,1612709921,107,116
2022000132,22020,2021-03-06,1612709926,1612709909,106,95
2022000134,22020,2021-03-06,1612709930,1612709890,127,92
2022000133,22020,2021-03-06,1612709902,1612709889,113,103
2022000130,22020,2021-03-06,1612709920,1612709925,122,100
2022000129,22020,2021-03-05,1612709908,1612709902,110,94
2022000128,22020,2021-03-05,1612709909,1612709903,93,83
2022000126,22020,2021-03-05,1612709925,1612709911,114,94
2022000127,22020,2021-03-05,1612709919,1612709913,130,124
2022000125,22020,2021-03-05,1612709922,1612709910,107,111
2022000119,22020,2021-03-04,1612709910,1612709893,94,99
0022000556,22020,2021-03-04,1610612759,1610612760,102,107
0022000185,22020,2021-03-04,1610612756,1610612744,120,98
0022000557,22020,2021-03-04,1610612740,1610612748,93,103
0022000553,22020,2021-03-04,1610612754,1610612743,103,113
2022000122,22020,2021-03-04,1612709911,1612709920,124,132
0022000555,22020,2021-03-04,1610612763,1610612749,111,112
2022000124,22020,2021-03-04,1612709919,1612709924,120,122
0022000552,22020,2021-03-04,1610612738,1610612761,132,125
2022000123,22020,2021-03-04,1612709889,1612709913,113,116
0022000565,22020,2021-03-04,1610612752,1610612765,114,104
0022000554,22020,2021-03-04,1610612764,1610612746,119,117
2022000121,22020,2021-03-04,1612709930,1612709908,107,130
2022000120,22020,2021-03-04,1612709926,1612709921,100,111
0022000558,22020,2021-03-04,1610612757,1610612758,123,119
2022000115,22020,2021-03-03,1612709930,1612709924,111,116
2022000114,22020,2021-03-03,1612709893,1612709909,97,103
0022000549,22020,2021-03-03,1610612742,1610612760,87,78
2022000116,22020,2021-03-03,1612709890,1612709922,119,98
2022000118,22020,2021-03-03,1612709889,1612709920,93,115
0022000548,22020,2021-03-03,1610612740,1610612741,124,128
2022000117,22020,2021-03-03,1612709925,1612709903,104,84
0022000547,22020,2021-03-03,1610612750,1610612766,102,135
0022000550,22020,2021-03-03,1610612757,1610612744,108,106
0022000545,22020,2021-03-03,1610612755,1610612762,131,123
0022000544,22020,2021-03-03,1610612753,1610612737,112,115
0022000543,22020,2021-03-03,1610612739,1610612754,111,114
0022000539,22020,2021-03-03,1610612761,1610612765,105,129
0022000551,22020,2021-03-03,1610612758,1610612747,123,120
0022000546,22020,2021-03-03,1610612745,1610612751,114,132
0022000540,22020,2021-03-02,1610612749,1610612743,97,128
2022000110,22020,2021-03-02,1612709890,1612709921,102,88
2022000112,22020,2021-03-02,1612709903,1612709910,109,93
2022000113,22020,2021-03-02,1612709919,1612709926,112,118
0022000542,22020,2021-03-02,1610612747,1610612756,104,114
2022000109,22020,2021-03-02,1612709913,1612709902,91,121
0022000536,22020,2021-03-02,1610612764,1610612763,111,125
2022000111,22020,2021-03-02,1612709908,1612709911,119,111
0022000541,22020,2021-03-02,1610612759,1610612752,119,93
0022000537,22020,2021-03-02,1610612738,1610612746,117,112
0022000538,22020,2021-03-02,1610612748,1610612737,80,94
0022000529,22020,2021-03-01,1610612753,1610612742,124,130
0022000531,22020,2021-03-01,1610612741,1610612743,112,118
0022000535,22020,2021-03-01,1610612757,1610612766,123,111
0022000533,22020,2021-03-01,1610612740,1610612762,129,124
0022000532,22020,2021-03-01,1610612745,1610612739,90,101
2022000108,22020,2021-03-01,1612709922,1612709925,95,110
0022000534,22020,2021-03-01,1610612759,1610612751,113,124
2022000106,22020,2021-03-01,1612709893,1612709920,124,125
2022000104,22020,2021-03-01,1612709921,1612709889,121,115
2022000107,22020,2021-03-01,1612709924,1612709926,103,119
0022000530,22020,2021-03-01,1610612755,1610612754,130,114
2022000105,22020,2021-03-01,1612709909,1612709930,120,92
0022000524,22020,2021-02-28,1610612738,1610612764,111,110
2022000101,22020,2021-02-28,1612709903,1612709908,88,97
0022000527,22020,2021-02-28,1610612747,1610612744,117,91
2022000099,22020,2021-02-28,1612709902,1612709890,109,104
0022000522,22020,2021-02-28,1610612748,1610612737,109,99
2022000102,22020,2021-02-28,1612709913,1612709922,126,91
2022000100,22020,2021-02-28,1612709925,1612709910,101,98
0022000526,22020,2021-02-28,1610612750,1610612756,99,118
0022000521,22020,2021-02-28,1610612765,1610612752,90,109
2022000103,22020,2021-02-28,1612709919,1612709911,105,111
0022000520,22020,2021-02-28,1610612749,1610612746,105,100
0022000528,22020,2021-02-28,1610612758,1610612766,126,127
0022000525,22020,2021-02-28,1610612745,1610612763,84,133
2022000096,22020,2021-02-27,1612709902,1612709921,108,88
0022000519,22020,2021-02-27,1610612751,1610612742,98,115
2022000098,22020,2021-02-27,1612709911,1612709926,123,114
0022000518,22020,2021-02-27,1610612760,1610612743,96,126
0022000514,22020,2021-02-27,1610612759,1610612740,117,114
2022000095,22020,2021-02-27,1612709920,1612709919,127,115
2022000097,22020,2021-02-27,1612709893,1612709930,112,113
0022000517,22020,2021-02-27,1610612764,1610612750,128,112
0022000516,22020,2021-02-27,1610612753,1610612762,109,124
2022000094,22020,2021-02-27,1612709909,1612709889,114,129
0022000513,22020,2021-02-27,1610612755,1610612739,109,112
0022000515,22020,2021-02-27,1610612752,1610612754,110,107
2022000093,22020,2021-02-27,1612709924,1612709913,89,94
0022000507,22020,2021-02-26,1610612748,1610612762,124,116
0022000512,22020,2021-02-26,1610612747,1610612757,102,93
0022000504,22020,2021-02-26,1610612765,1610612758,107,110
2022000091,22020,2021-02-26,1612709893,1612709908,102,120
0022000511,22020,2021-02-26,1610612744,1610612766,130,121
0022000506,22020,2021-02-26,1610612761,1610612745,122,111
2022000088,22020,2021-02-26,1612709925,1612709909,115,107
2022000089,22020,2021-02-26,1612709930,1612709903,87,107
0022000510,22020,2021-02-26,1610612760,1610612737,118,109
2022000087,22020,2021-02-26,1612709910,1612709924,109,108
2022000090,22020,2021-02-26,1612709890,1612709889,109,106
0022000509,22020,2021-02-26,1610612763,1610612746,99,119
0022000508,22020,2021-02-26,1610612741,1610612756,97,106
2022000092,22020,2021-02-26,1612709922,1612709920,117,126
0022000505,22020,2021-02-26,1610612738,1610612754,118,112
0022000503,22020,2021-02-25,1610612749,1610612740,129,125
2022000085,22020,2021-02-25,1612709911,1612709890,104,108
2022000082,22020,2021-02-25,1612709908,1612709913,124,113
0022000501,22020,2021-02-25,1610612763,1610612746,122,94
2022000084,22020,2021-02-25,1612709921,1612709910,95,109
2022000083,22020,2021-02-25,1612709902,1612709926,116,111
0022000500,22020,2021-02-25,1610612752,1610612758,140,121
0022000499,22020,2021-02-25,1610612751,1610612753,129,92
2022000086,22020,2021-02-25,1612709903,1612709919,95,116
0022000498,22020,2021-02-25,1610612755,1610612742,111,97
0022000502,22020,2021-02-25,1610612743,1610612764,110,112
0022000489,22020,2021-02-24,1610612754,1610612744,107,111
2022000079,22020,2021-02-24,1612709889,1612709922,118,120
0022000496,22020,2021-02-24,1610612756,1610612766,121,124
2022000078,22020,2021-02-24,1612709926,1612709930,101,104
0022000494,22020,2021-02-24,1610612740,1610612765,128,118
0022000495,22020,2021-02-24,1610612760,1610612759,102,99
2022000080,22020,2021-02-24,1612709909,1612709920,107,138
2022000081,22020,2021-02-24,1612709921,1612709924,101,94
0022000492,22020,2021-02-24,1610612748,1610612761,116,108
2022000077,22020,2021-02-24,1612709893,1612709925,101,90
0022000497,22020,2021-02-24,1610612762,1610612747,114,89
0022000490,22020,2021-02-24,1610612737,1610612738,127,112
0022000491,22020,2021-02-24,1610612739,1610612745,112,96
0022000493,22020,2021-02-24,1610612741,1610612750,133,126
0022000480,22020,2021-02-23,1610612739,1610612737,112,111
0022000487,22020,2021-02-23,1610612743,1610612757,111,106
2022000073,22020,2021-02-23,1612709919,1612709925,123,113
2022000076,22020,2021-02-23,1612709911,1612709902,95,108
0022000481,22020,2021-02-23,1610612753,1610612765,93,105
0022000486,22020,2021-02-23,1610612749,1610612750,139,112
0022000485,22020,2021-02-23,1610612742,1610612738,110,107
0022000483,22020,2021-02-23,1610612752,1610612744,106,114
2022000075,22020,2021-02-23,1612709910,1612709913,103,106
0022000484,22020,2021-02-23,1610612761,1610612755,102,109
2022000074,22020,2021-02-23,1612709908,1612709922,109,115
0022000482,22020,2021-02-23,1610612751,1610612758,127,118
2022000072,22020,2021-02-23,1612709903,1612709890,113,106
0022000488,22020,2021-02-23,1610612746,1610612764,135,116
0022000477,22020,2021-02-22,1610612756,1610612757,132,100
0022000476,22020,2021-02-22,1610612742,1610612763,102,92
2022000066,22020,2021-02-22,1612709911,1612709889,122,128
2022000069,22020,2021-02-22,1612709913,1612709909,115,110
2022000068,22020,2021-02-22,1612709930,1612709921,97,109
0022000475,22020,2021-02-22,1610612760,1610612748,94,108
2022000071,22020,2021-02-22,1612709920,1612709926,119,117
0022000478,22020,2021-02-22,1610612762,1610612766,132,110
0022000479,22020,2021-02-22,1610612747,1610612764,124,127
2022000067,22020,2021-02-22,1612709919,1612709893,100,91
2022000070,22020,2021-02-22,1612709924,1612709902,90,129
0022000474,22020,2021-02-22,1610612745,1610612741,100,120
0022000467,22020,2021-02-21,1610612753,1610612765,105,96
2022000062,22020,2021-02-21,1612709922,1612709930,109,122
2022000065,22020,2021-02-21,1612709920,1612709910,117,122
0022000466,22020,2021-02-21,1610612739,1610612760,101,117
2022000064,22020,2021-02-21,1612709890,1612709909,107,122
0022000471,22020,2021-02-21,1610612749,1610612758,128,115
0022000468,22020,2021-02-21,1610612761,1610612755,110,103
0022000470,22020,2021-02-21,1610612737,1610612743,123,115
0022000472,22020,2021-02-21,1610612746,1610612751,108,112
0022000469,22020,2021-02-21,1610612752,1610612750,103,99
2022000060,22020,2021-02-21,1612709925,1612709924,104,102
2022000061,22020,2021-02-21,1612709889,1612709908,125,114
2022000063,22020,2021-02-21,1612709893,1612709903,127,111
0022000465,22020,2021-02-21,1610612740,1610612738,120,115
2022000056,22020,2021-02-20,1612709926,1612709913,103,107
0022000464,22020,2021-02-20,1610612757,1610612764,111,118
2022000055,22020,2021-02-20,1612709910,1612709911,98,93
2022000057,22020,2021-02-20,1612709908,1612709921,105,90
0022000462,22020,2021-02-20,1610612763,1610612756,97,128
0022000463,22020,2021-02-20,1610612747,1610612748,94,96
2022000059,22020,2021-02-20,1612709902,1612709903,109,104
0022000459,22020,2021-02-20,1610612766,1610612744,102,100
2022000058,22020,2021-02-20,1612709890,1612709919,125,118
0022000460,22020,2021-02-20,1610612741,1610612758,122,114
0022000455,22020,2021-02-19,1610612740,1610612756,114,132
2022000051,22020,2021-02-19,1612709922,1612709926,98,118
0022000457,22020,2021-02-19,1610612746,1610612762,116,112
0022000563,22020,2021-02-19,1610612739,1610612743,103,120
0022000450,22020,2021-02-19,1610612755,1610612741,112,105
0022000453,22020,2021-02-19,1610612749,1610612760,98,85
2022000054,22020,2021-02-19,1612709909,1612709921,130,127
2022000052,22020,2021-02-19,1612709889,1612709925,115,113
2022000053,22020,2021-02-19,1612709924,1612709893,117,104
0022000449,22020,2021-02-19,1610612753,1610612744,124,120
0022000451,22020,2021-02-19,1610612738,1610612737,121,109
0022000454,22020,2021-02-19,1610612750,1610612761,81,86
0022000452,22020,2021-02-19,1610612763,1610612765,109,95
2022000050,22020,2021-02-18,1612709911,1612709922,103,104
2022000045,22020,2021-02-18,1612709890,1612709908,104,101
2022000047,22020,2021-02-18,1612709902,1612709910,113,109
2022000048,22020,2021-02-18,1612709913,1612709925,94,90
0022000446,22020,2021-02-18,1610612747,1610612751,98,109
0022000447,22020,2021-02-18,1610612758,1610612748,110,118
0022000445,22020,2021-02-18,1610612749,1610612761,96,110
2022000049,22020,2021-02-18,1612709919,1612709930,121,113
2022000046,22020,2021-02-18,1612709903,1612709920,92,117
2022000043,22020,2021-02-17,1612709911,1612709909,111,133
0022000438,22020,2021-02-17,1610612738,1610612737,114,122
0022000436,22020,2021-02-17,1610612753,1610612752,107,89
2022000044,22020,2021-02-17,1612709926,1612709889,106,120
0022000564,22020,2021-02-17,1610612741,1610612765,105,102
2022000040,22020,2021-02-17,1612709920,1612709924,121,115
2022000042,22020,2021-02-17,1612709902,1612709893,111,108
2022000041,22020,2021-02-17,1612709913,1612709930,127,87
0022000562,22020,2021-02-17,1610612763,1610612760,122,113
0022000443,22020,2021-02-17,1610612744,1610612748,120,112
0022000439,22020,2021-02-17,1610612755,1610612745,118,113
0022000437,22020,2021-02-17,1610612764,1610612743,130,128
0022000444,22020,2021-02-17,1610612746,1610612762,96,114
2022000039,22020,2021-02-17,1612709921,1612709919,123,115
0022000441,22020,2021-02-17,1610612740,1610612757,124,126
0022000440,22020,2021-02-17,1610612750,1610612754,128,134
0022000433,22020,2021-02-16,1610612756,1610612751,124,128
2022000038,22020,2021-02-16,1612709910,1612709889,105,112
2022000034,22020,2021-02-16,1612709908,1612709925,96,99
0022000427,22020,2021-02-16,1610612738,1610612743,112,99
2022000036,22020,2021-02-16,1612709924,1612709903,100,87
0022000431,22020,2021-02-16,1610612750,1610612747,104,112
2022000035,22020,2021-02-16,1612709890,1612709893,89,109
2022000037,22020,2021-02-16,1612709909,1612709922,127,98
0022000432,22020,2021-02-16,1610612760,1610612757,104,115
0022000430,22020,2021-02-16,1610612749,1610612761,113,124
0022000429,22020,2021-02-16,1610612763,1610612740,113,144
0022000423,22020,2021-02-15,1610612762,1610612755,134,123
0022000421,22020,2021-02-15,1610612764,1610612745,131,119
2022000031,22020,2021-02-15,1612709890,1612709910,116,111
2022000030,22020,2021-02-15,1612709911,1612709930,90,97
0022000420,22020,2021-02-15,1610612754,1610612741,112,120
0022000425,22020,2021-02-15,1610612746,1610612748,125,118
2022000032,22020,2021-02-15,1612709920,1612709902,135,125
0022000422,22020,2021-02-15,1610612752,1610612737,123,112
2022000029,22020,2021-02-15,1612709908,1612709919,135,117
0022000426,22020,2021-02-15,1610612758,1610612751,125,136
0022000424,22020,2021-02-15,1610612744,1610612739,129,98
2022000028,22020,2021-02-15,1612709926,1612709903,104,96
2022000033,22020,2021-02-15,1612709921,1612709913,104,114
2022000026,22020,2021-02-14,1612709889,1612709893,141,110
2022000027,22020,2021-02-14,1612709921,1612709922,95,123
0022000411,22020,2021-02-14,1610612742,1610612757,118,121
0022000560,22020,2021-02-14,1610612764,1610612738,104,91
0022000415,22020,2021-02-14,1610612760,1610612749,114,109
0022000417,22020,2021-02-14,1610612756,1610612753,109,90
0022000561,22020,2021-02-14,1610612765,1610612740,123,112
2022000024,22020,2021-02-14,1612709924,1612709909,101,108
0022000414,22020,2021-02-14,1610612766,1610612759,110,122
0022000416,22020,2021-02-14,1610612743,1610612747,122,105
0022000418,22020,2021-02-14,1610612758,1610612763,110,124
0022000413,22020,2021-02-14,1610612761,1610612750,112,116
0022000419,22020,2021-02-14,1610612746,1610612739,128,111
2022000025,22020,2021-02-14,1612709925,1612709926,98,87
0022000409,22020,2021-02-13,1610612744,1610612751,117,134
2022000022,22020,2021-02-13,1612709930,1612709920,113,105
0022000410,22020,2021-02-13,1610612762,1610612748,112,94
2022000023,22020,2021-02-13,1612709919,1612709902,116,124
2022000020,22020,2021-02-13,1612709910,1612709908,119,115
0022000406,22020,2021-02-13,1610612756,1610612755,120,111
0022000407,22020,2021-02-13,1610612737,1610612754,113,125
0022000408,22020,2021-02-13,1610612752,1610612745,121,99
2022000019,22020,2021-02-13,1612709913,1612709890,108,115
2022000021,22020,2021-02-13,1612709903,1612709911,97,84
0022000400,22020,2021-02-12,1610612741,1610612746,106,125
0022000402,22020,2021-02-12,1610612762,1610612749,129,115
2022000016,22020,2021-02-12,1612709921,1612709925,100,106
0022000412,22020,2021-02-12,1610612738,1610612765,102,108
0022000401,22020,2021-02-12,1610612743,1610612760,97,95
0022000405,22020,2021-02-12,1610612758,1610612753,112,123
2022000013,22020,2021-02-12,1612709920,1612709913,126,138
0022000396,22020,2021-02-12,1610612764,1610612752,91,109
2022000018,22020,2021-02-12,1612709924,1612709911,96,94
0022000403,22020,2021-02-12,1610612747,1610612763,115,105
2022000014,22020,2021-02-12,1612709922,1612709893,114,130
0022000395,22020,2021-02-12,1610612766,1610612750,120,114
0022000404,22020,2021-02-12,1610612757,1610612739,129,110
0022000397,22020,2021-02-12,1610612737,1610612759,114,125
0022000399,22020,2021-02-12,1610612742,1610612740,143,130
2022000015,22020,2021-02-12,1612709889,1612709930,103,109
2022000017,22020,2021-02-12,1612709909,1612709902,103,92
2022000011,22020,2021-02-11,1612709924,1612709908,95,99
2022000010,22020,2021-02-11,1612709926,1612709893,114,102
0022000393,22020,2021-02-11,1610612744,1610612753,111,105
2022000008,22020,2021-02-11,1612709903,1612709889,84,118
0022000398,22020,2021-02-11,1610612738,1610612761,120,106
2022000012,22020,2021-02-11,1612709925,1612709890,102,104
0022000391,22020,2021-02-11,1610612765,1610612754,95,111
0022000394,22020,2021-02-11,1610612757,1610612755,118,114
2022000007,22020,2021-02-11,1612709910,1612709909,119,124
2022000009,22020,2021-02-11,1612709922,1612709919,106,118
0022000392,22020,2021-02-11,1610612745,1610612748,94,101
0022000383,22020,2021-02-10,1610612751,1610612754,104,94
0022000387,22020,2021-02-10,1610612750,1610612746,112,119
2022000001,22020,2021-02-10,1612709930,1612709902,110,104
0022000389,22020,2021-02-10,1610612756,1610612749,125,124
0022000382,22020,2021-02-10,1610612764,1610612761,115,137
0022000386,22020,2021-02-10,1610612763,1610612766,130,114
2022000003,22020,2021-02-10,1612709913,1612709903,117,98
0022000388,22020,2021-02-10,1610612743,1610612739,133,95
0022000385,22020,2021-02-10,1610612741,1610612740,129,116
2022000002,22020,2021-02-10,1612709926,1612709890,111,119
2022000004,22020,2021-02-10,1612709910,1612709919,120,125
0022000384,22020,2021-02-10,1610612742,1610612737,118,117
2022000005,22020,2021-02-10,1612709921,1612709911,131,128
2022000006,22020,2021-02-10,1612709908,1612709920,105,132
0022000390,22020,2021-02-10,1610612747,1610612760,114,113
0022000381,22020,2021-02-09,1610612758,1610612755,111,119
0022000380,22020,2021-02-09,1610612757,1610612753,106,97
0022000379,22020,2021-02-09,1610612762,1610612738,122,108
0022000376,22020,2021-02-09,1610612748,1610612752,98,96
0022000375,22020,2021-02-09,1610612765,1610612751,122,111
0022000378,22020,2021-02-09,1610612759,1610612744,91,114
0022000377,22020,2021-02-09,1610612740,1610612745,130,101
0022000368,22020,2021-02-08,1610612741,1610612764,101,105
0022000372,22020,2021-02-08,1610612756,1610612739,119,113
0022000369,22020,2021-02-08,1610612763,1610612761,113,128
0022000371,22020,2021-02-08,1610612759,1610612744,105,100
0022000374,22020,2021-02-08,1610612747,1610612760,119,112
0022000373,22020,2021-02-08,1610612743,1610612749,112,125
0022000367,22020,2021-02-08,1610612766,1610612745,119,94
0022000370,22020,2021-02-08,1610612742,1610612750,127,122
0022000364,22020,2021-02-07,1610612752,1610612748,103,109
0022000365,22020,2021-02-07,1610612756,1610612738,100,91
0022000215,22020,2021-02-07,1610612766,1610612764,119,97
0022000363,22020,2021-02-07,1610612754,1610612762,95,103
0022000366,22020,2021-02-07,1610612746,1610612758,110,113
0022000354,22020,2021-02-06,1610612755,1610612751,124,108
0022000359,22020,2021-02-06,1610612760,1610612750,120,118
0022000355,22020,2021-02-06,1610612740,1610612763,118,109
0022000352,22020,2021-02-06,1610612758,1610612743,119,114
0022000351,22020,2021-02-06,1610612752,1610612757,110,99
0022000360,22020,2021-02-06,1610612742,1610612744,134,132
0022000357,22020,2021-02-06,1610612739,1610612749,99,124
0022000361,22020,2021-02-06,1610612747,1610612765,135,129
0022000356,22020,2021-02-06,1610612737,1610612761,132,121
0022000353,22020,2021-02-06,1610612753,1610612741,92,118
0022000358,22020,2021-02-06,1610612745,1610612759,106,111
0022000346,22020,2021-02-05,1610612739,1610612749,105,123
0022000349,22020,2021-02-05,1610612756,1610612765,109,92
0022000343,22020,2021-02-05,1610612754,1610612740,113,114
0022000342,22020,2021-02-05,1610612766,1610612762,121,138
0022000345,22020,2021-02-05,1610612751,1610612761,117,123
0022000348,22020,2021-02-05,1610612760,1610612750,103,106
0022000347,22020,2021-02-05,1610612748,1610612764,122,95
0022000350,22020,2021-02-05,1610612746,1610612738,115,119
0022000344,22020,2021-02-05,1610612753,1610612741,123,119
0022000340,22020,2021-02-04,1610612763,1610612745,103,115
0022000337,22020,2021-02-04,1610612755,1610612757,105,121
0022000341,22020,2021-02-04,1610612747,1610612743,114,93
0022000339,22020,2021-02-04,1610612742,1610612744,116,147
0022000338,22020,2021-02-04,1610612737,1610612762,91,112
0022000328,22020,2021-02-03,1610612739,1610612746,99,121
0022000335,22020,2021-02-03,1610612740,1610612756,123,101
0022000330,22020,2021-02-03,1610612737,1610612742,116,122
0022000329,22020,2021-02-03,1610612749,1610612754,130,110
0022000334,22020,2021-02-03,1610612759,1610612750,111,108
0022000327,22020,2021-02-03,1610612766,1610612755,111,118
0022000336,22020,2021-02-03,1610612758,1610612738,116,111
0022000332,22020,2021-02-03,1610612741,1610612752,103,107
0022000331,22020,2021-02-03,1610612748,1610612764,100,103
0022000333,22020,2021-02-03,1610612760,1610612745,104,87
0022000559,22020,2021-02-02,1610612764,1610612757,121,132
0022000324,22020,2021-02-02,1610612751,1610612746,124,120
0022000326,22020,2021-02-02,1610612744,1610612738,107,111
0022000323,22020,2021-02-02,1610612753,1610612761,108,123
0022000325,22020,2021-02-02,1610612762,1610612765,117,105
0022000322,22020,2021-02-02,1610612754,1610612763,134,116
0022000317,22020,2021-02-01,1610612740,1610612758,109,118
0022000320,22020,2021-02-01,1610612759,1610612763,102,133
0022000314,22020,2021-02-01,1610612748,1610612766,121,129
0022000318,22020,2021-02-01,1610612760,1610612745,106,136
0022000312,22020,2021-02-01,1610612739,1610612750,100,98
0022000316,22020,2021-02-01,1610612749,1610612757,134,106
0022000315,22020,2021-02-01,1610612741,1610612752,110,102
0022000313,22020,2021-02-01,1610612737,1610612747,99,107
0022000319,22020,2021-02-01,1610612742,1610612756,108,109
0022000311,22020,2021-01-31,1610612750,1610612739,109,104
0022000306,22020,2021-01-31,1610612743,1610612762,128,117
0022000307,22020,2021-01-31,1610612754,1610612755,110,119
0022000309,22020,2021-01-31,1610612761,1610612753,115,102
0022000308,22020,2021-01-31,1610612752,1610612746,115,129
0022000310,22020,2021-01-31,1610612764,1610612751,149,146
0022000303,22020,2021-01-30,1610612742,1610612756,105,111
0022000299,22020,2021-01-30,1610612766,1610612749,126,114
0022000300,22020,2021-01-30,1610612740,1610612745,112,126
0022000301,22020,2021-01-30,1610612748,1610612758,105,104
0022000298,22020,2021-01-30,1610612741,1610612757,122,123
0022000305,22020,2021-01-30,1610612744,1610612765,118,91
0022000304,22020,2021-01-30,1610612759,1610612763,112,129
0022000302,22020,2021-01-30,1610612738,1610612747,95,96
0022000293,22020,2021-01-29,1610612740,1610612749,131,126
0022000289,22020,2021-01-29,1610612753,1610612746,90,116
0022000295,22020,2021-01-29,1610612760,1610612751,125,147
0022000294,22020,2021-01-29,1610612750,1610612755,94,118
0022000291,22020,2021-01-29,1610612752,1610612739,102,81
0022000296,22020,2021-01-29,1610612759,1610612743,119,109
0022000290,22020,2021-01-29,1610612764,1610612737,100,116
0022000288,22020,2021-01-29,1610612766,1610612754,108,105
0022000297,22020,2021-01-29,1610612762,1610612742,120,101
0022000292,22020,2021-01-29,1610612761,1610612758,124,126
0022000286,22020,2021-01-28,1610612756,1610612744,114,93
0022000285,22020,2021-01-28,1610612748,1610612746,105,109
0022000287,22020,2021-01-28,1610612745,1610612757,104,101
0022000284,22020,2021-01-28,1610612765,1610612747,107,92
0022000271,22020,2021-01-27,1610612766,1610612754,106,116
0022000282,22020,2021-01-27,1610612762,1610612742,116,104
0022000274,22020,2021-01-27,1610612737,1610612751,128,132
0022000276,22020,2021-01-27,1610612755,1610612747,107,106
0022000277,22020,2021-01-27,1610612761,1610612749,108,115
0022000281,22020,2021-01-27,1610612756,1610612760,97,102
0022000279,22020,2021-01-27,1610612740,1610612764,124,106
0022000272,22020,2021-01-27,1610612739,1610612765,122,107
0022000283,22020,2021-01-27,1610612744,1610612750,123,111
0022000273,22020,2021-01-27,1610612753,1610612758,107,121
0022000275,22020,2021-01-27,1610612748,1610612743,82,109
0022000280,22020,2021-01-27,1610612759,1610612738,110,106
0022000270,22020,2021-01-26,1610612762,1610612752,108,94
0022000268,22020,2021-01-26,1610612737,1610612746,108,99
0022000269,22020,2021-01-26,1610612745,1610612764,107,88
0022000258,22020,2021-01-25,1610612754,1610612761,129,114
0022000267,22020,2021-01-25,1610612757,1610612760,122,125
0022000261,22020,2021-01-25,1610612739,1610612747,108,115
0022000265,22020,2021-01-25,1610612742,1610612743,113,117
0022000262,22020,2021-01-25,1610612741,1610612738,103,119
0022000257,22020,2021-01-25,1610612765,1610612755,119,104
0022000266,22020,2021-01-25,1610612744,1610612750,130,108
0022000259,22020,2021-01-25,1610612753,1610612766,117,108
0022000260,22020,2021-01-25,1610612751,1610612748,98,85
0022000254,22020,2021-01-24,1610612749,1610612737,129,115
0022000250,22020,2021-01-24,1610612738,1610612739,141,103
0022000251,22020,2021-01-24,1610612746,1610612760,108,100
0022000252,22020,2021-01-24,1610612753,1610612766,104,107
0022000256,22020,2021-01-24,1610612757,1610612752,116,113
0022000249,22020,2021-01-24,1610612754,1610612761,102,107
0022000253,22020,2021-01-24,1610612759,1610612764,121,101
0022000245,22020,2021-01-23,1610612741,1610612747,90,101
0022000242,22020,2021-01-23,1610612762,1610612744,127,108
0022000243,22020,2021-01-23,1610612765,1610612755,110,114
0022000246,22020,2021-01-23,1610612750,1610612740,120,110
0022000244,22020,2021-01-23,1610612751,1610612748,128,124
0022000247,22020,2021-01-23,1610612742,1610612745,108,133
0022000248,22020,2021-01-23,1610612756,1610612743,112,120
0022000233,22020,2021-01-22,1610612755,1610612738,122,110
0022000234,22020,2021-01-22,1610612761,1610612748,101,81
0022000237,22020,2021-01-22,1610612759,1610612742,117,122
0022000230,22020,2021-01-22,1610612765,1610612745,102,103
0022000239,22020,2021-01-22,1610612746,1610612760,120,106
0022000241,22020,2021-01-22,1610612758,1610612752,103,94
0022000238,22020,2021-01-22,1610612756,1610612743,126,130
0022000231,22020,2021-01-22,1610612754,1610612753,120,118
0022000236,22020,2021-01-22,1610612750,1610612737,98,116
0022000229,22020,2021-01-22,1610612766,1610612741,110,123
0022000232,22020,2021-01-22,1610612739,1610612751,125,113
0022000228,22020,2021-01-21,1610612744,1610612752,104,119
0022000226,22020,2021-01-21,1610612749,1610612747,106,113
0022000227,22020,2021-01-21,1610612762,1610612740,129,118
0022000218,22020,2021-01-20,1610612755,1610612738,117,109
0022000222,22020,2021-01-20,1610612745,1610612756,103,109
0022000224,22020,2021-01-20,1610612746,1610612758,115,96
0022000220,22020,2021-01-20,1610612761,1610612748,102,111
0022000221,22020,2021-01-20,1610612750,1610612753,96,97
0022000223,22020,2021-01-20,1610612744,1610612759,121,99
0022000219,22020,2021-01-20,1610612737,1610612765,123,115
0022000217,22020,2021-01-20,1610612754,1610612742,112,124
0022000216,22020,2021-01-20,1610612739,1610612751,147,135
0022000213,22020,2021-01-19,1610612743,1610612760,119,101
0022000214,22020,2021-01-19,1610612762,1610612740,118,102
0022000208,22020,2021-01-18,1610612763,1610612756,108,104
0022000209,22020,2021-01-18,1610612751,1610612749,125,123
0022000203,22020,2021-01-18,1610612752,1610612753,91,84
0022000206,22020,2021-01-18,1610612748,1610612765,113,107
0022000210,22020,2021-01-18,1610612761,1610612742,116,93
0022000211,22020,2021-01-18,1610612741,1610612745,125,120
0022000212,22020,2021-01-18,1610612747,1610612744,113,115
0022000205,22020,2021-01-18,1610612737,1610612750,108,97
0022000207,22020,2021-01-18,1610612757,1610612759,104,125
0022000202,22020,2021-01-17,1610612746,1610612754,129,96
0022000198,22020,2021-01-17,1610612742,1610612741,101,117
0022000201,22020,2021-01-17,1610612758,1610612740,123,128
0022000196,22020,2021-01-17,1610612738,1610612752,75,105
0022000200,22020,2021-01-17,1610612743,1610612762,105,109
0022000189,22020,2021-01-16,1610612759,1610612745,103,91
0022000193,22020,2021-01-16,1610612763,1610612755,106,104
0022000195,22020,2021-01-16,1610612757,1610612737,112,106
0022000191,22020,2021-01-16,1610612761,1610612766,116,113
0022000190,22020,2021-01-16,1610612751,1610612753,122,115
0022000192,22020,2021-01-16,1610612748,1610612765,100,120
0022000184,22020,2021-01-15,1610612760,1610612741,127,125
0022000180,22020,2021-01-15,1610612738,1610612753,124,97
0022000181,22020,2021-01-15,1610612739,1610612752,106,103
0022000182,22020,2021-01-15,1610612749,1610612742,112,109
0022000186,22020,2021-01-15,1610612762,1610612737,116,92
0022000188,22020,2021-01-15,1610612758,1610612746,100,138
0022000187,22020,2021-01-15,1610612747,1610612740,112,95
0022000177,22020,2021-01-14,1610612743,1610612744,114,104
0022000176,22020,2021-01-14,1610612759,1610612745,105,109
0022000178,22020,2021-01-14,1610612757,1610612754,87,111
0022000174,22020,2021-01-14,1610612755,1610612748,125,108
0022000175,22020,2021-01-14,1610612761,1610612766,111,108
0022000169,22020,2021-01-13,1610612750,1610612763,107,118
0022000168,22020,2021-01-13,1610612752,1610612751,109,116
0022000170,22020,2021-01-13,1610612760,1610612747,99,128
0022000172,22020,2021-01-13,1610612746,1610612740,111,106
0022000164,22020,2021-01-13,1610612766,1610612742,93,104
0022000173,22020,2021-01-13,1610612758,1610612757,126,132
0022000165,22020,2021-01-13,1610612765,1610612749,101,110
0022000157,22020,2021-01-12,1610612755,1610612748,137,134
0022000161,22020,2021-01-12,1610612745,1610612747,100,117
0022000159,22020,2021-01-12,1610612739,1610612762,87,117
0022000158,22020,2021-01-12,1610612751,1610612743,122,116
0022000162,22020,2021-01-12,1610612760,1610612759,102,112
0022000163,22020,2021-01-12,1610612744,1610612754,95,104
0022000151,22020,2021-01-11,1610612753,1610612749,99,121
0022000149,22020,2021-01-11,1610612766,1610612752,109,88
0022000155,22020,2021-01-11,1610612757,1610612761,112,111
0022000156,22020,2021-01-11,1610612758,1610612754,127,122
0022000152,22020,2021-01-11,1610612764,1610612756,128,107
0022000153,22020,2021-01-11,1610612737,1610612755,112,94
0022000150,22020,2021-01-11,1610612739,1610612763,91,101
0022000142,22020,2021-01-10,1610612746,1610612741,130,127
0022000144,22020,2021-01-10,1610612752,1610612743,89,114
0022000147,22020,2021-01-10,1610612750,1610612759,96,88
0022000148,22020,2021-01-10,1610612744,1610612761,106,105
0022000146,22020,2021-01-10,1610612745,1610612747,102,120
0022000141,22020,2021-01-10,1610612765,1610612762,86,96
0022000143,22020,2021-01-10,1610612751,1610612760,116,129
0022000138,22020,2021-01-09,1610612750,1610612759,122,125
0022000136,22020,2021-01-09,1610612764,1610612748,124,128
0022000140,22020,2021-01-09,1610612758,1610612757,99,125
0022000139,22020,2021-01-09,1610612742,1610612753,112,98
0022000137,22020,2021-01-09,1610612749,1610612739,100,90
0022000135,22020,2021-01-09,1610612754,1610612756,117,125
0022000134,22020,2021-01-09,1610612766,1610612737,113,105
0022000133,22020,2021-01-09,1610612755,1610612743,103,115
0022000132,22020,2021-01-08,1610612758,1610612761,123,144
0022000128,22020,2021-01-08,1610612763,1610612751,115,110
0022000131,22020,2021-01-08,1610612747,1610612741,117,115
0022000123,22020,2021-01-08,1610612765,1610612756,110,105
0022000127,22020,2021-01-08,1610612745,1610612753,132,90
0022000126,22020,2021-01-08,1610612740,1610612766,110,118
0022000125,22020,2021-01-08,1610612752,1610612760,89,101
0022000130,22020,2021-01-08,1610612744,1610612746,115,105
0022000124,22020,2021-01-08,1610612738,1610612764,116,107
0022000129,22020,2021-01-08,1610612749,1610612762,118,131
0022000120,22020,2021-01-07,1610612743,1610612742,117,124
0022000118,22020,2021-01-07,1610612751,1610612755,122,109
0022000121,22020,2021-01-07,1610612747,1610612759,109,118
0022000122,22020,2021-01-07,1610612757,1610612750,135,117
0022000119,22020,2021-01-07,1610612763,1610612739,90,94
0022000109,22020,2021-01-06,1610612755,1610612764,141,136
0022000115,22020,2021-01-06,1610612756,1610612761,123,115
0022000114,22020,2021-01-06,1610612740,1610612760,110,111
0022000116,22020,2021-01-06,1610612744,1610612746,101,108
0022000107,22020,2021-01-06,1610612754,1610612745,114,107
0022000112,22020,2021-01-06,1610612752,1610612762,112,100
0022000117,22020,2021-01-06,1610612758,1610612741,128,124
0022000110,22020,2021-01-06,1610612737,1610612766,94,102
0022000108,22020,2021-01-06,1610612753,1610612739,105,94
0022000113,22020,2021-01-06,1610612749,1610612765,130,115
0022000111,22020,2021-01-06,1610612748,1610612738,105,107
0022000105,22020,2021-01-05,1610612746,1610612759,113,116
0022000104,22020,2021-01-05,1610612743,1610612750,123,116
0022000106,22020,2021-01-05,1610612757,1610612741,108,111
0022000103,22020,2021-01-05,1610612763,1610612747,92,94
0022000102,22020,2021-01-05,1610612751,1610612762,130,96
0022000093,22020,2021-01-04,1610612753,1610612739,103,83
0022000095,22020,2021-01-04,1610612737,1610612752,108,113
0022000096,22020,2021-01-04,1610612748,1610612760,118,90
0022000097,22020,2021-01-04,1610612761,1610612738,114,126
0022000100,22020,2021-01-04,1610612740,1610612754,116,118
0022000098,22020,2021-01-04,1610612745,1610612742,100,113
0022000101,22020,2021-01-04,1610612744,1610612758,137,106
0022000094,22020,2021-01-04,1610612755,1610612766,118,101
0022000099,22020,2021-01-04,1610612749,1610612765,125,115
0022000090,22020,2021-01-03,1610612741,1610612742,118,108
0022000092,22020,2021-01-03,1610612744,1610612757,137,122
0022000086,22020,2021-01-03,1610612751,1610612764,122,123
0022000087,22020,2021-01-03,1610612763,1610612747,94,108
0022000089,22020,2021-01-03,1610612759,1610612762,109,130
0022000088,22020,2021-01-03,1610612750,1610612743,109,124
0022000091,22020,2021-01-03,1610612756,1610612746,107,112
0022000085,22020,2021-01-03,1610612765,1610612738,120,122
0022000080,22020,2021-01-02,1610612754,1610612752,102,106
0022000083,22020,2021-01-02,1610612737,1610612739,91,96
0022000081,22020,2021-01-02,1610612753,1610612760,99,108
0022000079,22020,2021-01-02,1610612745,1610612758,102,94
0022000084,22020,2021-01-02,1610612740,1610612761,120,116
0022000082,22020,2021-01-02,1610612755,1610612766,127,112
0022000069,22020,2021-01-01,1610612766,1610612763,93,108
0022000073,22020,2021-01-01,1610612749,1610612741,126,96
0022000072,22020,2021-01-01,1610612751,1610612737,96,114
0022000070,22020,2021-01-01,1610612765,1610612738,96,93
0022000071,22020,2021-01-01,1610612742,1610612748,93,83
0022000074,22020,2021-01-01,1610612750,1610612764,109,130
0022000076,22020,2021-01-01,1610612743,1610612756,103,106
0022000077,22020,2021-01-01,1610612762,1610612746,106,100
0022000075,22020,2021-01-01,1610612759,1610612747,103,109
0022000078,22020,2021-01-01,1610612744,1610612757,98,123
0022000062,22020,2020-12-31,1610612754,1610612739,119,99
0022000067,22020,2020-12-31,1610612760,1610612740,80,113
0022000065,22020,2020-12-31,1610612745,1610612758,122,119
0022000068,22020,2020-12-31,1610612762,1610612756,95,106
0022000066,22020,2020-12-31,1610612761,1610612752,100,83
0022000063,22020,2020-12-31,1610612764,1610612741,130,133
0022000064,22020,2020-12-31,1610612753,1610612755,92,116
0022000058,22020,2020-12-30,1610612748,1610612749,119,108
0022000061,22020,2020-12-30,1610612746,1610612757,128,105
0022000060,22020,2020-12-30,1610612759,1610612747,107,121
0022000057,22020,2020-12-30,1610612751,1610612737,145,141
0022000059,22020,2020-12-30,1610612742,1610612766,99,118
0022000056,22020,2020-12-30,1610612738,1610612763,126,107
0022000053,22020,2020-12-29,1610612756,1610612740,111,86
0022000055,22020,2020-12-29,1610612758,1610612743,125,115
0022000052,22020,2020-12-29,1610612760,1610612753,107,118
0022000050,22020,2020-12-29,1610612764,1610612741,107,115
0022000048,22020,2020-12-29,1610612754,1610612738,111,116
0022000051,22020,2020-12-29,1610612748,1610612749,97,144
0022000046,22020,2020-12-29,1610612739,1610612752,86,95
0022000054,22020,2020-12-29,1610612746,1610612750,124,101
0022000049,22020,2020-12-29,1610612755,1610612761,100,93
0022000047,22020,2020-12-29,1610612765,1610612744,106,116
0022000045,22020,2020-12-28,1610612747,1610612757,107,115
0022000041,22020,2020-12-28,1610612737,1610612765,128,120
0022000044,22020,2020-12-28,1610612743,1610612745,124,111
0022000042,22020,2020-12-28,1610612751,1610612763,111,116
0022000043,22020,2020-12-28,1610612760,1610612762,109,110
0022000032,22020,2020-12-27,1610612766,1610612751,106,104
0022000039,22020,2020-12-27,1610612758,1610612756,100,116
0022000037,22020,2020-12-27,1610612754,1610612738,108,107
0022000040,22020,2020-12-27,1610612747,1610612750,127,91
0022000033,22020,2020-12-27,1610612764,1610612753,113,120
0022000034,22020,2020-12-27,1610612740,1610612759,98,95
0022000035,22020,2020-12-27,1610612739,1610612755,118,94
0022000036,22020,2020-12-27,1610612752,1610612749,130,110
0022000031,22020,2020-12-27,1610612746,1610612742,73,124
0022000038,22020,2020-12-27,1610612741,1610612744,128,129
0022000021,22020,2020-12-26,1610612763,1610612737,112,122
0022000028,22020,2020-12-26,1610612762,1610612750,111,116
0022000022,22020,2020-12-26,1610612766,1610612760,107,109
0022000023,22020,2020-12-26,1610612765,1610612739,119,128
0022000024,22020,2020-12-26,1610612764,1610612753,120,130
0022000029,22020,2020-12-26,1610612757,1610612745,128,126
0022000026,22020,2020-12-26,1610612741,1610612754,106,125
0022000027,22020,2020-12-26,1610612759,1610612761,119,114
0022000025,22020,2020-12-26,1610612752,1610612755,89,109
0022000030,22020,2020-12-26,1610612758,1610612756,106,103
0022000006,22020,2020-12-25,1610612749,1610612744,138,99
0022000008,22020,2020-12-25,1610612747,1610612742,138,115
0022000007,22020,2020-12-25,1610612738,1610612751,95,123
0022000009,22020,2020-12-25,1610612743,1610612746,108,121
0022000005,22020,2020-12-25,1610612748,1610612740,111,98
0022000020,22020,2020-12-23,1610612757,1610612762,100,120
0022000018,22020,2020-12-23,1610612750,1610612765,111,101
0022000017,22020,2020-12-23,1610612763,1610612759,119,131
0022000015,22020,2020-12-23,1610612741,1610612737,104,124
0022000011,22020,2020-12-23,1610612754,1610612752,121,107
0022000004,22020,2020-12-23,1610612756,1610612742,106,102
0022000013,22020,2020-12-23,1610612755,1610612764,113,107
0022000019,22020,2020-12-23,1610612743,1610612758,122,124
0022000010,22020,2020-12-23,1610612739,1610612766,121,114
0022000003,22020,2020-12-23,1610612738,1610612749,122,121
0022000012,22020,2020-12-23,1610612753,1610612748,113,107
0022000014,22020,2020-12-23,1610612761,1610612740,99,113
0022000002,22020,2020-12-22,1610612747,1610612746,109,116
0022000001,22020,2020-12-22,1610612751,1610612744,125,99
0012000049,12020,2020-12-19,1610612763,1610612737,116,117
0012000048,12020,2020-12-19,1610612764,1610612765,99,96
0012000047,12020,2020-12-19,1610612753,1610612766,120,117
0012000046,12020,2020-12-18,1610612756,1610612747,113,114
0012000039,12020,2020-12-18,1610612754,1610612755,107,113
0012000042,12020,2020-12-18,1610612752,1610612739,119,83
0012000041,12020,2020-12-18,1610612738,1610612751,89,113
0012000040,12020,2020-12-18,1610612761,1610612748,105,117
0012000045,12020,2020-12-18,1610612743,1610612757,129,96
0012000044,12020,2020-12-18,1610612760,1610612741,103,105
0012000043,12020,2020-12-18,1610612740,1610612749,127,113
0012000035,12020,2020-12-17,1610612763,1610612737,128,106
0012000036,12020,2020-12-17,1610612742,1610612750,127,129
0012000032,12020,2020-12-17,1610612753,1610612766,115,123
0012000037,12020,2020-12-17,1610612746,1610612762,105,125
0012000034,12020,2020-12-17,1610612745,1610612759,128,106
0012000038,12020,2020-12-17,1610612758,1610612744,105,113
0012000033,12020,2020-12-17,1610612764,1610612765,86,97
0012000030,12020,2020-12-16,1610612743,1610612757,126,95
0012000029,12020,2020-12-16,1610612760,1610612741,103,124
0012000028,12020,2020-12-16,1610612752,1610612739,100,93
0012000031,12020,2020-12-16,1610612756,1610612747,107,112
0012000027,12020,2020-12-15,1610612758,1610612744,114,113
0012000026,12020,2020-12-15,1610612745,1610612759,112,98
0012000025,12020,2020-12-15,1610612755,1610612738,108,99
0012000020,12020,2020-12-14,1610612766,1610612761,109,112
0012000024,12020,2020-12-14,1610612762,1610612756,111,92
0012000019,12020,2020-12-14,1610612739,1610612754,116,106
0012000023,12020,2020-12-14,1610612750,1610612763,104,123
0012000022,12020,2020-12-14,1610612749,1610612742,112,128
0012000021,12020,2020-12-14,1610612748,1610612740,92,114
0012000017,12020,2020-12-13,1610612757,1610612758,106,121
0012000013,12020,2020-12-13,1610612737,1610612753,116,107
0012000014,12020,2020-12-13,1610612751,1610612764,119,114
0012000016,12020,2020-12-13,1610612741,1610612745,104,91
0012000015,12020,2020-12-13,1610612765,1610612752,99,91
0012000018,12020,2020-12-13,1610612747,1610612746,131,106
0012000011,12020,2020-12-12,1610612744,1610612743,107,105
0012000012,12020,2020-12-12,1610612762,1610612756,119,105
0012000006,12020,2020-12-12,1610612766,1610612761,100,111
0012000008,12020,2020-12-12,1610612759,1610612760,108,121
0012000007,12020,2020-12-12,1610612739,1610612754,107,104
0012000010,12020,2020-12-12,1610612750,1610612763,105,107
0012000009,12020,2020-12-12,1610612749,1610612742,102,112
0012000002,12020,2020-12-11,1610612765,1610612752,84,90
0012000004,12020,2020-12-11,1610612747,1610612746,87,81
0012000003,12020,2020-12-11,1610612741,1610612745,104,125
0012000005,12020,2020-12-11,1610612757,1610612758,127,102
0012000001,12020,2020-12-11,1610612737,1610612753,112,116
