player_id,team_id,season_id,points_per_game,assists_per_game,rebounds_per_game,blocks_per_game
1630173,1610612748,2021,4.98,0.48,3.41,0.46
1630173,1610612761,2022,9.1,1.12,6.48,0.56
1630173,1610612761,2023,9.24,0.91,5.96,0.55
1630173,1610612761,2024,7.72,1.76,5.44,0.48
1630173,1610612752,2025,6.65,0.96,5.56,0.74
203500,1610612760,2014,3.27,0.53,4.1,0.7
203500,1610612760,2015,7.67,0.94,7.47,1.23
203500,1610612760,2016,7.95,0.78,6.66,1.11
203500,1610612760,2017,11.31,1.07,7.66,0.97
203500,1610612760,2018,13.89,1.16,9.01,1.03
203500,1610612760,2019,13.85,1.55,9.5,0.95
203500,1610612760,2020,10.86,2.32,9.25,1.06
203500,1610612740,2021,7.55,1.91,8.86,0.66
203500,1610612763,2022,6.95,3.37,10.0,0.79
203500,1610612763,2023,8.6,2.31,11.55,1.1
203500,1610612745,2025,3.88,1.14,5.64,0.48
1628389,1610612748,2018,6.91,1.46,5.52,0.59
1628389,1610612748,2019,8.89,2.24,7.28,0.79
1628389,1610612748,2020,15.92,5.11,10.21,1.29
1628389,1610612748,2021,18.7,5.41,8.95,1.03
1628389,1610612748,2022,19.07,3.39,10.07,0.79
1628389,1610612748,2023,20.39,3.2,9.17,0.81
1628389,1610612748,2024,19.25,3.92,10.38,0.93
1628389,1610612748,2025,18.08,4.32,9.6,0.68
1630534,1610612762,2023,7.92,1.14,2.05,0.25
1630534,1610612762,2024,5.37,0.92,2.47,0.57
1630534,1610612761,2025,10.42,1.53,3.78,0.47
1630583,1610612763,2022,4.12,0.66,2.72,0.31
1630583,1610612763,2023,9.04,1.26,4.82,0.62
1630583,1610612763,2024,10.72,2.26,5.77,0.89
1630583,1610612763,2025,12.48,2.89,6.4,0.45
1641725,1610612743,2025,1.33,0.46,0.5,0.04
1629638,1610612740,2020,5.68,1.89,1.79,0.17
1629638,1610612740,2021,11.04,2.22,3.13,0.48
1629638,1610612740,2022,12.78,2.78,3.28,0.38
1629638,1610612762,2023,6.33,2.11,1.64,0.39
1629638,1610612750,2024,7.99,2.49,2.04,0.51
1629638,1610612750,2025,9.43,2.72,3.23,0.41
1628960,1610612762,2019,5.55,0.66,0.61,0.16
1628960,1610612763,2020,8.68,1.37,2.24,0.05
1628960,1610612763,2021,10.64,2.16,3.2,0.16
1628960,1610612749,2022,11.11,1.52,3.36,0.27
1628960,1610612749,2023,10.42,2.26,3.29,0.19
1628960,1610612756,2024,13.52,3.03,3.93,0.6
1628960,1610612756,2025,10.62,2.14,3.03,0.3
1628386,1610612751,2018,8.15,0.68,5.39,1.22
1628386,1610612751,2019,10.91,1.38,8.4,1.5
1628386,1610612751,2020,11.07,1.57,9.59,1.31
1628386,1610612751,2021,11.17,1.67,10.42,1.58
1628386,1610612739,2022,16.14,1.64,10.75,1.34
1628386,1610612739,2023,14.25,1.66,9.79,1.24
1628386,1610612739,2024,16.51,2.73,10.53,1.05
1628386,1610612739,2025,13.45,1.93,9.73,0.89
1630631,1610612740,2022,6.11,2.81,1.85,0.13
1630631,1610612740,2023,9.02,3.05,2.31,0.16
1630631,1610612740,2024,7.09,2.09,2.29,0.27
1630631,1610612740,2025,10.34,4.62,2.43,0.25
203937,1610612759,2015,2.24,0.85,2.18,0.21
203937,1610612759,2016,4.49,1.58,3.13,0.37
203937,1610612759,2017,3.42,1.26,2.89,0.36
203937,1610612759,2018,7.91,2.73,5.35,0.81
203937,1610612763,2019,8.05,2.98,5.84,0.86
203937,1610612763,2020,5.82,2.42,4.25,0.55
203937,1610612763,2021,12.38,3.62,5.74,0.83
203937,1610612763,2022,7.55,2.65,5.33,0.65
203937,1610612750,2023,9.38,4.86,5.33,0.91
203937,1610612750,2024,6.41,4.19,3.46,0.59
203937,1610612744,2025,5.25,2.25,3.06,0.56
203507,1610612749,2014,6.82,1.95,4.4,0.79
203507,1610612749,2015,12.72,2.56,6.69,1.05
203507,1610612749,2016,16.88,4.31,7.65,1.41
203507,1610612749,2017,22.9,5.42,8.75,1.89
203507,1610612749,2018,26.85,4.81,10.04,1.41
203507,1610612749,2019,27.69,5.89,12.47,1.53
203507,1610612749,2020,29.48,5.62,13.59,1.05
203507,1610612749,2021,28.15,5.85,11.0,1.2
203507,1610612749,2022,29.88,5.79,11.61,1.36
203507,1610612749,2023,31.1,5.7,11.78,0.81
203507,1610612749,2024,30.44,6.52,11.52,1.08
203507,1610612749,2025,30.39,6.46,11.91,1.16
1630175,1610612753,2021,12.87,4.09,4.7,0.38
1630175,1610612753,2022,16.34,5.68,5.35,0.26
1630175,1610612753,2023,13.02,3.92,4.8,0.52
1630175,1610612753,2024,11.57,2.91,3.84,0.46
1630175,1610612753,2025,9.4,2.85,3.04,0.48
1628384,1610612761,2018,5.92,0.74,2.49,0.19
1628384,1610612761,2019,7.0,0.7,2.94,0.33
1628384,1610612761,2020,10.62,1.57,5.28,0.65
1628384,1610612761,2021,15.86,2.19,5.51,0.74
1628384,1610612761,2022,17.12,2.6,5.5,0.52
1628384,1610612761,2023,16.78,1.96,4.96,0.75
1628384,1610612761,2024,15.11,2.67,3.93,0.48
1628384,1610612752,2025,18.0,2.22,4.84,0.88
1630166,1610612764,2021,6.33,1.17,4.85,0.28
1630166,1610612764,2022,8.35,2.04,5.18,0.54
1630166,1610612764,2023,9.17,2.78,6.41,0.38
1630166,1610612764,2024,14.69,3.81,7.2,0.48
1630166,1610612757,2025,16.93,3.9,7.25,0.49
1629028,1610612756,2019,16.32,1.76,10.27,0.94
1629028,1610612756,2020,18.16,1.89,11.47,1.53
1629028,1610612756,2021,14.45,1.43,10.54,1.17
1629028,1610612756,2022,17.19,1.45,10.22,0.69
1629028,1610612756,2023,17.96,1.72,9.96,0.79
1629028,1610612757,2024,16.73,1.64,11.07,0.76
1629028,1610612757,2025,14.4,1.6,10.15,0.97
1630542,1610612755,2025,6.7,1.0,7.0,1.2
1628963,1610612758,2019,14.89,1.0,7.6,0.95
1628963,1610612758,2020,14.23,0.77,7.46,0.92
1628963,1610612758,2021,14.14,1.0,7.4,0.49
1628963,1610612758,2022,9.27,0.57,7.17,0.37
1628963,1610612765,2023,12.0,0.86,6.4,0.71
1628963,1610612765,2024,10.19,1.04,4.54,0.54
1628963,1610612764,2025,4.89,0.37,2.95,0.26
1631116,1610612744,2023,3.94,0.35,1.29,0.13
1631116,1610612764,2024,4.42,0.76,3.24,0.39
1631116,1610612764,2025,2.14,0.09,1.0,0.09
1630163,1610612766,2021,15.75,6.14,5.92,0.35
1630163,1610612766,2022,20.11,7.61,6.68,0.4
1630163,1610612766,2023,23.28,8.44,6.42,0.31
1630163,1610612766,2024,23.91,8.0,5.14,0.18
1630163,1610612766,2025,25.19,7.36,4.94,0.28
1628366,1610612747,2018,10.15,7.23,6.92,0.83
1628366,1610612747,2019,9.89,5.43,5.34,0.4
1628366,1610612740,2020,11.83,6.95,6.08,0.6
1628366,1610612740,2021,14.58,5.75,4.78,0.56
1628366,1610612741,2022,13.0,5.09,5.43,0.89
1628366,1610612741,2025,7.63,3.29,3.37,0.49
1628964,1610612753,2019,6.21,0.83,4.96,1.36
1628964,1610612753,2020,5.35,0.68,4.87,1.39
1628964,1610612753,2021,7.98,0.76,5.76,1.26
1628964,1610612753,2022,10.65,1.2,8.06,1.66
1628964,1610612753,2023,7.25,1.05,4.6,0.95
1628964,1610612755,2024,4.44,0.72,4.18,1.05
1628964,1610612746,2025,4.57,0.57,4.29,1.0
1631094,1610612753,2023,19.96,3.74,6.9,0.54
1631094,1610612753,2024,22.55,5.39,6.92,0.59
1631094,1610612753,2025,25.89,4.76,7.5,0.61
1630217,1610612763,2021,9.19,1.74,3.09,0.24
1630217,1610612763,2022,18.21,2.74,4.39,0.38
1630217,1610612763,2023,21.5,4.38,5.02,0.38
1630217,1610612763,2024,23.74,5.48,4.4,0.52
1630217,1610612763,2025,19.23,5.35,6.06,0.41
1630625,1610612761,2022,3.2,1.55,1.94,0.16
1630625,1610612761,2023,4.58,1.16,1.45,0.42
1630625,1610612738,2024,2.33,0.79,1.46,0.12
1630625,1610612757,2025,8.34,2.39,2.01,0.51
1631230,1610612759,2023,3.93,0.86,3.64,0.68
1631230,1610612759,2024,4.36,1.09,3.42,0.42
1631230,1610612737,2025,4.23,0.54,2.43,0.46
203084,1610612744,2013,9.23,1.21,4.11,0.17
203084,1610612744,2014,9.46,1.49,3.99,0.26
203084,1610612744,2015,10.09,1.41,5.52,0.23
203084,1610612744,2016,11.73,1.77,4.92,0.15
203084,1610612742,2017,19.22,1.47,4.99,0.19
203084,1610612742,2018,18.86,1.97,6.08,0.18
203084,1610612742,2019,17.67,1.27,4.22,0.22
203084,1610612758,2020,14.53,2.21,4.93,0.17
203084,1610612758,2021,16.09,3.47,6.64,0.19
203084,1610612758,2022,16.43,2.42,5.61,0.18
203084,1610612758,2023,15.0,1.56,4.46,0.12
203084,1610612758,2024,12.2,1.21,3.04,0.15
203084,1610612759,2025,12.33,1.66,3.78,0.17
1630567,1610612761,2022,15.32,3.46,7.53,0.74
1630567,1610612761,2023,15.31,4.82,6.65,0.79
1630567,1610612761,2024,19.85,6.05,8.23,1.47
1630567,1610612761,2025,19.26,5.82,7.72,0.97
1629628,1610612752,2020,14.34,2.55,4.98,0.3
1629628,1610612752,2021,17.56,3.01,5.75,0.28
1629628,1610612752,2022,20.03,2.97,5.83,0.23
1629628,1610612752,2023,19.6,2.75,5.04,0.21
1629628,1610612752,2024,18.23,2.42,4.27,0.35
1629628,1610612761,2025,21.09,5.41,6.31,0.29
1629646,1610612755,2022,3.0,0.3,2.7,0.74
1629646,1610612759,2023,5.69,1.37,5.51,0.94
1629646,1610612759,2024,3.32,1.11,4.0,0.89
1629646,1610612759,2025,4.36,0.47,4.22,0.83
1641734,1610612739,2024,2.73,0.67,0.93,0.13
1641734,1610612739,2025,3.7,0.8,0.7,0.1
1642419,1610612761,2025,7.1,0.9,2.68,0.17
201587,1610612757,2009,5.39,0.94,2.78,0.51
201587,1610612757,2010,10.14,1.19,3.81,0.68
201587,1610612757,2011,12.38,1.54,4.51,0.61
201587,1610612757,2012,13.86,1.42,4.59,1.02
201587,1610612757,2013,14.34,4.93,5.64,1.14
201587,1610612757,2014,13.05,5.12,7.45,0.7
201587,1610612757,2015,9.35,4.8,5.86,0.56
201587,1610612766,2016,14.94,5.76,6.11,0.61
201587,1610612766,2017,15.12,5.92,6.25,0.38
201587,1610612766,2018,11.56,5.45,4.78,0.36
201587,1610612766,2019,9.32,3.29,5.2,0.57
201587,1610612766,2020,3.59,3.0,4.55,0.36
201587,1610612746,2021,8.06,2.21,4.72,0.55
201587,1610612746,2022,8.32,1.69,4.31,0.71
201587,1610612746,2023,6.13,1.55,3.83,0.56
201587,1610612746,2024,2.67,1.67,2.33,1.33
201587,1610612746,2025,4.01,1.08,2.79,0.46
1641878,1610612766,2025,7.27,3.73,3.33,0.13
203078,1610612764,2013,13.93,2.45,3.77,0.52
203078,1610612764,2014,17.11,3.33,3.74,0.25
203078,1610612764,2015,15.27,3.08,3.83,0.29
203078,1610612764,2016,17.42,2.95,3.42,0.2
203078,1610612764,2017,23.1,3.47,3.12,0.27
203078,1610612764,2018,22.65,4.55,4.43,0.44
203078,1610612764,2019,25.6,5.46,5.01,0.71
203078,1610612764,2020,30.54,6.09,4.25,0.4
203078,1610612764,2021,31.3,4.42,4.72,0.37
203078,1610612764,2022,23.2,6.62,4.72,0.38
203078,1610612764,2023,23.2,5.42,3.92,0.66
203078,1610612756,2024,18.19,5.0,4.38,0.51
203078,1610612756,2025,17.02,3.68,3.34,0.53
1627736,1610612743,2017,3.77,0.5,0.77,0.0
1627736,1610612743,2018,3.16,0.5,1.15,0.11
1627736,1610612743,2019,11.32,1.2,2.47,0.12
1627736,1610612743,2020,7.93,1.17,1.88,0.15
1627736,1610612750,2021,19.57,2.38,4.38,0.19
1627736,1610612750,2022,12.06,1.47,2.87,0.15
1627736,1610612762,2023,13.38,1.69,3.58,0.15
1627736,1610612749,2024,11.25,1.37,3.67,0.11
1627736,1610612765,2025,16.29,1.7,2.61,0.06
1630699,1610612749,2023,5.12,0.67,2.21,0.13
1630699,1610612749,2024,4.4,0.65,2.06,0.15
1630699,1610612749,2025,2.0,0.31,1.23,0.04
1641736,1610612744,2025,1.0,0.5,0.5,0.0
1630180,1610612765,2021,12.24,1.36,4.54,0.2
1630180,1610612765,2022,16.11,2.84,5.38,0.2
1630180,1610612765,2023,14.83,1.62,4.65,0.23
1630180,1610612737,2024,13.7,1.46,6.52,0.17
1629048,1610612754,2020,3.19,0.43,1.96,0.69
1629048,1610612754,2021,5.13,0.82,3.33,1.33
1629048,1610612754,2022,6.98,1.1,3.54,0.84
1629048,1610612754,2023,3.29,0.86,2.33,0.48
1629048,1610612753,2024,5.02,1.27,4.61,1.16
1629048,1610612753,2025,7.17,1.96,6.61,1.4
202687,1610612766,2012,5.19,0.43,5.84,1.83
202687,1610612766,2013,4.83,0.44,7.28,1.79
202687,1610612766,2014,2.88,0.1,4.75,1.12
202687,1610612766,2015,4.75,0.25,6.36,1.55
202687,1610612761,2016,5.54,0.35,7.99,1.62
202687,1610612753,2017,5.96,0.91,7.0,1.12
202687,1610612753,2018,5.71,0.8,5.71,1.16
202687,1610612766,2019,4.37,0.61,4.57,0.76
202687,1610612766,2020,7.42,0.94,5.81,0.92
202687,1610612766,2021,5.02,1.23,5.26,1.12
202687,1610612756,2022,5.83,0.64,4.64,0.72
202687,1610612756,2023,4.31,0.92,4.26,1.44
202687,1610612763,2024,5.2,1.7,6.37,1.13
202687,1610612759,2025,5.14,1.11,5.64,0.82
1641710,1610612753,2024,4.58,1.32,2.01,0.3
1641710,1610612753,2025,9.44,3.08,2.95,0.62
203992,1610612758,2018,11.76,3.31,2.86,0.21
203992,1610612758,2019,14.14,3.81,3.47,0.21
203992,1610612758,2020,15.15,3.39,3.39,0.25
203992,1610612737,2021,16.36,3.34,3.64,0.3
203992,1610612737,2022,15.08,3.08,3.97,0.22
203992,1610612737,2023,14.0,2.78,3.06,0.33
203992,1610612737,2024,16.87,3.13,3.44,0.33
203992,1610612737,2025,10.0,2.04,2.75,0.25
1629626,1610612743,2020,5.71,0.86,2.71,0.86
1629626,1610612743,2021,2.16,0.22,0.75,0.31
1629626,1610612743,2022,2.36,0.36,1.43,0.14
1629626,1610612753,2023,9.06,0.99,5.79,1.21
1629626,1610612756,2024,5.19,0.4,3.19,0.58
1629626,1610612756,2025,6.78,0.61,2.89,0.69
1641737,1610612755,2025,5.81,0.47,4.22,1.19
1626164,1610612756,2016,13.79,2.63,2.46,0.26
1626164,1610612756,2017,22.13,3.44,3.19,0.27
1626164,1610612756,2018,24.93,4.69,4.52,0.26
1626164,1610612756,2019,26.56,6.77,4.14,0.2
1626164,1610612756,2020,26.61,6.51,4.24,0.26
1626164,1610612756,2021,25.55,4.31,4.19,0.24
1626164,1610612756,2022,26.79,4.84,5.03,0.38
1626164,1610612756,2023,27.75,5.53,4.53,0.34
1626164,1610612756,2024,27.07,6.94,4.53,0.41
1626164,1610612756,2025,25.64,7.05,4.07,0.21
1630527,1610612746,2022,6.73,1.0,2.18,0.25
1630527,1610612746,2023,6.5,0.91,1.36,0.0
1630527,1610612746,2024,5.22,0.41,1.62,0.25
1630527,1610612740,2025,10.67,2.19,3.19,0.21
1628449,1610612744,2018,0.0,0.0,1.0,0.0
1628449,1610612761,2019,3.32,0.07,2.0,0.86
1628449,1610612761,2020,6.63,0.42,4.47,0.98
1628449,1610612761,2021,13.63,1.05,6.73,1.85
1628449,1610612761,2022,9.43,0.31,6.17,0.94
1628449,1610612761,2023,9.37,0.38,5.54,0.84
1628449,1610612761,2024,6.44,0.46,4.14,0.48
1628449,1610612761,2025,10.04,0.66,4.48,0.5
1631123,1610612748,2023,3.75,1.0,1.25,0.5
1631123,1610612757,2024,1.67,1.33,1.67,0.0
1631123,1610612749,2025,3.4,2.0,1.0,0.4
1628396,1610612762,2018,0.89,0.11,1.22,0.0
1628396,1610612762,2019,5.67,0.33,5.0,0.67
1628396,1610612762,2020,4.91,0.4,4.6,0.57
1628396,1610612755,2021,5.45,0.85,5.2,0.65
1628396,1610612741,2022,2.96,0.49,3.38,0.6
1628396,1610612741,2023,1.58,0.08,0.92,0.08
1628396,1610612754,2025,4.36,0.43,3.0,0.64
1631103,1610612759,2023,10.2,1.92,2.74,0.11
1631103,1610612759,2024,9.2,2.08,1.97,0.11
1631103,1610612759,2025,5.0,0.81,1.09,0.04
1631128,1610612743,2023,4.74,0.78,2.38,0.22
1631128,1610612743,2024,7.32,1.61,3.73,0.43
1631128,1610612743,2025,15.42,2.59,5.19,0.47
1641779,1610612756,2025,1.12,0.0,0.5,0.0
1628969,1610612756,2019,8.34,2.11,3.22,0.46
1628969,1610612756,2020,9.14,1.77,4.0,0.63
1628969,1610612756,2021,13.47,2.11,4.29,0.88
1628969,1610612756,2022,14.17,2.26,4.23,0.44
1628969,1610612756,2023,17.23,3.59,4.34,0.8
1628969,1610612751,2024,19.59,3.65,4.54,0.37
1628969,1610612752,2025,17.61,3.73,3.16,0.52
1628970,1610612766,2019,7.46,1.19,4.04,0.61
1628970,1610612766,2020,12.97,1.75,5.57,0.74
1628970,1610612766,2021,12.73,2.23,6.02,0.79
1628970,1610612766,2022,20.16,3.75,6.99,0.84
1628970,1610612766,2024,21.0,3.35,7.32,0.48
1628970,1610612766,2025,20.31,3.88,7.52,0.7
1629052,1610612761,2020,1.95,0.37,1.37,0.05
1629052,1610612754,2021,10.9,0.86,5.48,0.95
1629052,1610612754,2022,9.15,1.07,5.34,0.43
1629052,1610612754,2023,6.12,0.68,3.35,0.2
1629052,1610612738,2024,3.65,0.8,2.91,0.15
1629052,1610612755,2025,8.67,0.67,3.67,0.5
1627763,1610612749,2017,10.23,4.23,2.84,0.16
1627763,1610612749,2018,13.02,3.17,3.25,0.27
1627763,1610612749,2019,15.64,3.2,4.5,0.2
1627763,1610612754,2020,16.54,7.06,4.85,0.19
1627763,1610612754,2021,21.18,5.88,5.25,0.27
1627763,1610612754,2022,19.08,5.89,5.14,0.39
1627763,1610612738,2023,14.93,3.7,4.18,0.27
1627763,1610612757,2024,15.72,5.49,3.79,0.21
1627763,1610612764,2025,12.71,4.08,3.79,0.21
1628415,1610612763,2018,10.95,1.65,3.13,0.21
1628415,1610612763,2019,7.5,0.89,1.72,0.22
1628415,1610612763,2020,16.18,2.05,3.33,0.37
1628415,1610612763,2021,17.18,2.34,2.93,0.39
1628415,1610612763,2022,18.44,2.75,3.19,0.25
1628415,1610612763,2023,14.34,2.59,3.34,0.22
1628415,1610612745,2024,12.71,1.65,3.42,0.14
1628415,1610612745,2025,14.04,1.71,3.67,0.21
1631232,1610612740,2025,10.14,0.93,4.14,0.71
1628971,1610612765,2019,4.31,1.23,2.5,0.49
1628971,1610612765,2020,8.91,3.97,4.72,0.5
1628971,1610612751,2021,8.82,1.6,5.37,0.43
1628971,1610612751,2022,8.99,2.06,4.79,0.72
1628971,1610612743,2023,11.54,3.35,4.1,0.64
1628971,1610612754,2024,12.06,3.03,4.67,0.24
1628971,1610612761,2025,8.39,1.56,3.78,0.17
1627759,1610612738,2017,6.6,0.82,2.82,0.23
1627759,1610612738,2018,14.53,1.63,4.94,0.37
1627759,1610612738,2019,13.03,1.35,4.23,0.43
1627759,1610612738,2020,20.33,2.07,6.39,0.35
1627759,1610612738,2021,24.66,3.36,5.98,0.55
1627759,1610612738,2022,23.62,3.5,6.12,0.27
1627759,1610612738,2023,26.63,3.46,6.85,0.39
1627759,1610612738,2024,23.0,3.56,5.53,0.53
1627759,1610612738,2025,22.19,4.54,5.84,0.3
1641738,1610612746,2024,2.02,0.57,1.41,0.14
1641738,1610612746,2025,1.93,0.6,1.62,0.1
1629650,1610612757,2020,1.22,0.11,1.56,0.11
1629650,1610612760,2021,8.6,0.23,8.91,1.09
1629650,1610612742,2022,3.12,0.04,2.35,0.35
1629650,1610612746,2023,4.56,0.12,4.09,0.41
1629650,1610612757,2024,3.41,0.32,3.91,0.32
1629650,1610612754,2025,3.22,0.0,1.44,0.11
1628973,1610612742,2019,9.29,3.15,2.32,0.05
1628973,1610612742,2020,8.18,3.3,2.35,0.07
1628973,1610612742,2021,12.6,3.51,3.4,0.01
1628973,1610612742,2022,16.27,4.77,3.91,0.04
1628973,1610612752,2023,24.01,6.19,3.54,0.22
1628973,1610612752,2024,28.73,6.74,3.61,0.17
1628973,1610612752,2025,26.0,7.31,2.88,0.12
1628418,1610612747,2018,1.47,0.4,1.13,0.13
1628418,1610612764,2019,10.53,1.28,6.31,0.93
1628418,1610612764,2020,13.24,1.8,7.2,1.07
1628418,1610612764,2021,14.3,1.5,6.1,0.8
1628418,1610612764,2022,7.44,0.85,4.0,0.78
1628418,1610612747,2023,12.1,0.71,6.8,0.56
1628418,1610612748,2024,5.71,0.61,3.71,0.42
1628418,1610612748,2025,4.1,0.4,3.2,0.9
1641723,1610612737,2024,4.76,1.59,1.94,0.29
1641723,1610612737,2025,5.3,1.7,2.1,0.2
202692,1610612762,2012,7.2,0.93,2.24,0.08
202692,1610612762,2013,7.05,1.44,2.27,0.2
202692,1610612762,2014,13.96,2.72,3.29,0.18
202692,1610612762,2015,13.85,3.04,4.22,0.19
202692,1610612762,2016,13.29,2.03,3.52,0.13
202692,1610612762,2017,6.74,0.71,2.86,0.12
202692,1610612762,2018,7.72,1.05,3.0,0.12
202692,1610612762,2019,8.41,1.18,1.59,0.24
202692,1610612744,2020,16.1,3.15,4.71,0.35
202692,1610612752,2021,12.71,2.18,4.63,0.29
202692,1610612752,2022,11.65,2.95,4.9,0.32
202692,1610612765,2023,12.78,2.24,3.1,0.16
202692,1610612765,2024,12.56,1.58,2.56,0.26
202692,1610612748,2025,7.27,1.12,2.53,0.14
1630215,1610612762,2022,3.83,1.5,1.07,0.19
1630215,1610612760,2023,6.17,1.33,0.67,0.0
1630215,1610612764,2024,6.28,3.15,1.45,0.2
1630215,1610612764,2025,6.88,2.56,1.28,0.16
202710,1610612741,2012,2.6,0.33,1.33,0.12
202710,1610612741,2013,8.6,1.4,4.0,0.38
202710,1610612741,2014,13.1,2.61,4.93,0.54
202710,1610612741,2015,20.02,3.26,5.83,0.55
202710,1610612741,2016,20.88,4.79,5.34,0.64
202710,1610612741,2017,23.89,5.49,6.18,0.42
202710,1610612750,2018,22.15,4.88,5.32,0.41
202710,1610612750,2019,21.3,4.3,5.2,1.0
202710,1610612748,2020,19.95,6.03,6.66,0.55
202710,1610612748,2021,21.46,7.1,6.9,0.35
202710,1610612748,2022,21.39,5.47,5.89,0.47
202710,1610612748,2023,22.91,5.31,5.86,0.33
202710,1610612748,2024,20.77,4.97,5.3,0.28
202710,1610612748,2025,17.04,4.8,5.24,0.4
1641824,1610612741,2025,8.6,0.99,3.48,0.94
1631288,1610612748,2023,5.44,0.67,2.89,0.06
1631288,1610612748,2024,3.73,0.38,1.42,0.19
1631288,1610612740,2025,5.3,0.59,2.3,0.24
203484,1610612765,2014,5.88,0.69,1.95,0.15
203484,1610612765,2015,12.72,1.33,3.11,0.22
203484,1610612765,2016,14.54,1.82,3.71,0.22
203484,1610612765,2017,13.78,2.54,3.26,0.16
203484,1610612747,2018,13.41,2.19,5.23,0.22
203484,1610612747,2019,11.44,1.34,2.9,0.16
203484,1610612747,2020,9.35,1.61,2.06,0.2
203484,1610612747,2021,9.75,1.9,2.67,0.39
203484,1610612764,2022,13.22,1.88,3.39,0.34
203484,1610612743,2023,10.82,2.41,2.74,0.46
203484,1610612743,2024,10.08,2.41,2.41,0.55
203484,1610612753,2025,8.74,1.77,2.19,0.44
1641739,1610612757,2024,7.53,1.24,4.9,0.47
1641739,1610612757,2025,11.31,2.24,5.77,0.64
203991,1610612745,2015,2.67,0.17,3.0,0.75
203991,1610612745,2016,7.04,0.61,6.42,1.19
203991,1610612745,2017,12.58,0.97,8.09,1.22
203991,1610612745,2018,13.86,0.92,10.84,1.85
203991,1610612745,2019,16.63,1.43,12.66,1.52
203991,1610612745,2020,13.92,1.23,13.77,1.85
203991,1610612737,2021,15.17,0.78,14.33,2.05
203991,1610612737,2022,11.08,1.24,11.85,1.26
203991,1610612737,2023,11.98,0.89,11.03,1.22
203991,1610612737,2024,11.45,1.25,10.63,1.45
203991,1610612737,2025,8.87,1.13,8.53,0.96
1642382,1610612760,2025,3.81,0.44,1.69,0.66
1642267,1610612764,2025,9.84,4.44,4.16,0.26
1642269,1610612758,2025,3.83,1.14,2.11,0.11
1628975,1610612763,2019,4.41,1.77,1.69,0.28
1628975,1610612756,2020,4.95,1.45,2.03,0.29
1628975,1610612756,2021,4.13,1.18,1.53,0.15
1628975,1610612751,2022,3.59,1.0,1.46,0.22
1628975,1610612749,2023,8.04,2.43,2.49,0.36
1628975,1610612741,2024,4.96,1.31,0.83,0.22
1628975,1610612741,2025,4.25,1.11,1.08,0.08
1628976,1610612741,2019,10.34,1.77,6.98,1.32
1628976,1610612741,2020,11.26,1.19,9.42,0.84
1628976,1610612741,2021,10.88,2.16,7.81,0.75
1628976,1610612753,2022,15.02,2.76,10.45,0.69
1628976,1610612753,2023,15.23,2.32,8.72,0.58
1628976,1610612753,2024,10.96,1.73,6.93,0.51
1628976,1610612753,2025,9.09,1.97,7.24,0.6
1630618,1610612761,2024,2.75,0.75,1.0,0.0
1630618,1610612761,2025,0.75,0.75,1.0,0.0
1627936,1610612747,2018,3.62,2.03,1.76,0.27
1627936,1610612747,2019,9.16,3.08,2.68,0.36
1627936,1610612747,2020,5.45,1.94,1.92,0.28
1627936,1610612747,2021,6.38,2.76,2.93,0.26
1627936,1610612741,2022,7.41,4.02,3.61,0.37
1627936,1610612741,2023,5.58,2.88,2.93,0.69
1627936,1610612741,2024,10.07,3.48,3.85,0.99
1627936,1610612760,2025,7.07,2.54,2.94,0.56
1642264,1610612759,2025,14.69,4.1,3.67,0.27
1630658,1610612747,2024,1.5,0.19,0.75,0.0
1630658,1610612763,2025,1.4,0.0,0.9,0.1
1630577,1610612755,2023,0.0,0.0,0.0,0.0
1630577,1610612759,2024,6.81,1.39,2.78,0.57
1630577,1610612759,2025,9.94,1.35,3.88,0.43
1630551,1610612761,2022,2.25,0.31,2.0,0.11
1630551,1610612761,2023,2.0,0.33,1.33,0.0
1630551,1610612764,2024,5.93,1.27,3.53,0.6
1630551,1610612764,2025,8.77,0.97,5.66,0.63
1642279,1610612761,2025,0.71,0.29,1.14,0.14
1642353,1610612746,2025,1.38,0.46,0.92,0.08
1631108,1610612747,2023,3.12,0.51,1.83,0.17
1631108,1610612747,2024,4.24,0.9,2.12,0.25
1631108,1610612747,2025,8.48,1.43,2.67,0.46
1630528,1610612745,2022,7.93,2.03,2.51,0.18
1630528,1610612745,2023,5.81,1.14,1.11,0.23
1630528,1610612748,2025,2.0,0.57,0.64,0.21
1631321,1610612759,2024,3.75,0.83,1.83,0.25
1631321,1610612759,2025,1.29,0.35,0.59,0.0
1641740,1610612750,2025,4.08,0.65,1.32,0.05
1629634,1610612763,2020,12.07,1.4,5.95,0.83
1629634,1610612763,2021,10.34,1.61,5.56,0.86
1629634,1610612763,2022,10.41,1.34,5.34,1.06
1629634,1610612763,2023,9.96,1.29,5.54,0.66
1629634,1610612763,2024,11.33,1.5,5.33,1.0
1629634,1610612763,2025,8.34,1.03,5.09,0.56
203903,1610612747,2015,11.92,3.49,3.24,0.2
203903,1610612747,2016,15.51,2.43,3.96,0.09
203903,1610612747,2017,14.7,2.6,3.0,0.1
203903,1610612747,2018,14.55,3.26,3.0,0.06
203903,1610612739,2019,16.84,2.42,3.33,0.16
203903,1610612739,2020,14.59,2.41,2.38,0.28
203903,1610612762,2021,18.4,2.47,4.03,0.15
203903,1610612762,2022,16.03,2.46,3.46,0.2
203903,1610612762,2023,20.84,4.43,4.03,0.21
203903,1610612762,2024,17.13,5.04,3.42,0.11
203903,1610612762,2025,16.22,3.73,3.19,0.24
1629651,1610612751,2020,4.4,1.07,2.93,0.53
1629651,1610612751,2021,6.62,0.88,5.19,1.25
1629651,1610612751,2022,8.72,0.91,5.62,1.09
1629651,1610612751,2023,12.64,1.89,9.24,2.49
1629651,1610612751,2024,11.85,2.07,9.94,2.06
1629651,1610612751,2025,10.34,2.24,7.36,1.43
1642270,1610612757,2025,6.51,1.15,7.87,1.64
1641730,1610612751,2024,5.78,0.78,3.52,0.7
1641730,1610612751,2025,9.13,0.87,3.93,0.46
1629599,1610612746,2020,3.22,0.78,0.89,0.11
1629599,1610612746,2021,3.18,0.5,1.0,0.0
1629599,1610612746,2022,8.97,1.8,2.86,0.22
1629599,1610612746,2023,3.44,1.06,1.06,0.1
1629599,1610612746,2024,6.61,1.09,2.11,0.2
1629599,1610612746,2025,9.67,1.07,2.24,0.1
1642268,1610612762,2025,8.66,6.28,3.31,0.23
1628381,1610612737,2018,10.5,1.32,7.31,1.08
1628381,1610612737,2019,19.48,1.98,9.75,0.64
1628381,1610612737,2020,21.59,1.46,10.15,1.61
1628381,1610612737,2021,17.63,1.24,7.41,1.0
1628381,1610612737,2022,16.22,1.81,7.81,1.04
1628381,1610612737,2023,13.11,1.2,6.51,1.03
1628381,1610612762,2024,15.1,1.13,8.46,0.9
1628381,1610612762,2025,18.95,2.0,8.18,1.0
1641879,1610612744,2025,1.0,2.0,1.5,0.0
1628380,1610612757,2018,4.42,0.79,3.35,0.47
1628380,1610612757,2019,6.65,0.92,4.21,0.86
1628380,1610612757,2020,7.0,1.45,6.27,0.45
1628380,1610612759,2022,7.79,2.18,5.46,0.82
1628380,1610612759,2023,11.6,2.86,6.38,0.78
1628380,1610612759,2024,11.25,2.81,5.36,0.75
1628380,1610612759,2025,4.64,1.44,2.81,0.42
201144,1610612763,2008,9.4,4.19,2.62,0.04
201144,1610612763,2009,10.91,4.32,3.37,0.1
201144,1610612763,2010,11.99,5.31,2.39,0.15
201144,1610612763,2011,13.67,6.52,3.05,0.22
201144,1610612763,2012,12.71,6.52,2.52,0.18
201144,1610612763,2013,14.6,6.09,2.81,0.3
201144,1610612763,2014,17.21,6.04,2.92,0.18
201144,1610612763,2015,15.81,5.36,2.99,0.2
201144,1610612763,2016,15.3,6.11,2.93,0.29
201144,1610612763,2017,20.51,6.28,3.49,0.28
201144,1610612763,2018,17.08,4.08,2.25,0.25
201144,1610612763,2019,21.11,6.41,3.41,0.31
201144,1610612762,2020,14.36,4.43,3.21,0.11
201144,1610612762,2021,16.22,5.98,3.47,0.18
201144,1610612762,2022,13.69,5.35,3.01,0.29
201144,1610612762,2023,10.72,7.67,2.49,0.23
201144,1610612750,2024,11.43,5.91,2.87,0.22
201144,1610612750,2025,8.2,4.49,2.56,0.2
1626192,1610612757,2016,1.06,0.29,0.94,0.0
1626192,1610612757,2017,2.51,0.72,1.33,0.05
1626192,1610612757,2018,5.38,1.11,1.96,0.27
1626192,1610612749,2019,6.9,2.0,4.23,0.41
1626192,1610612749,2020,5.37,1.6,4.24,0.46
1626192,1610612749,2021,6.78,1.17,4.81,0.33
1626192,1610612749,2022,9.92,1.26,4.2,0.23
1626192,1610612749,2023,7.64,1.26,4.64,0.18
1626192,1610612749,2024,5.63,2.12,3.14,0.25
1626192,1610612749,2025,5.27,1.71,2.66,0.27
1641731,1610612764,2024,8.44,1.75,4.06,0.76
1641731,1610612764,2025,12.32,3.37,4.98,0.69
1641741,1610612755,2024,5.41,0.5,1.44,0.03
1641741,1610612755,2025,7.29,1.33,2.93,0.18
1628470,1610612743,2018,4.18,0.64,3.26,0.38
1628470,1610612743,2019,5.73,0.96,3.51,0.61
1628470,1610612743,2020,5.43,0.81,3.26,0.62
1628470,1610612749,2021,2.5,0.89,2.39,0.39
1628470,1610612754,2022,6.45,1.14,3.82,0.37
1628470,1610612756,2023,7.44,1.48,5.39,0.78
1628470,1610612741,2024,5.72,1.09,4.09,0.4
1628470,1610612741,2025,6.89,0.56,2.78,0.11
1642384,1610612758,2025,0.87,0.07,0.53,0.13
203109,1610612742,2013,5.03,1.21,2.4,0.22
203109,1610612742,2014,4.56,0.77,2.49,0.27
203109,1610612742,2015,3.56,0.48,1.16,0.2
203109,1610612738,2016,14.22,1.85,5.11,0.48
203109,1610612738,2017,13.88,2.15,5.76,0.32
203109,1610612739,2018,8.57,1.09,3.26,0.23
203109,1610612762,2019,11.89,1.66,4.8,0.39
203109,1610612763,2020,9.93,2.78,6.16,0.31
203109,1610612756,2021,10.05,2.12,4.7,0.45
203109,1610612756,2022,9.43,1.85,5.28,0.45
203109,1610612749,2023,6.89,1.5,3.83,0.33
203109,1610612749,2024,6.24,1.32,3.22,0.18
203109,1610612758,2025,2.56,0.67,2.22,0.0
1630595,1610612765,2022,17.41,5.56,5.53,0.67
1630595,1610612765,2023,19.92,6.0,6.17,0.58
1630595,1610612765,2024,22.66,7.48,4.32,0.35
1630595,1610612765,2025,26.14,9.11,6.07,0.76
203552,1610612763,2014,0.0,0.0,0.0,0.0
203552,1610612756,2015,0.0,0.5,1.0,0.0
203552,1610612758,2016,6.8,1.52,1.36,0.07
203552,1610612742,2017,12.83,2.7,2.56,0.1
203552,1610612757,2019,7.85,0.89,1.62,0.16
203552,1610612742,2020,12.39,1.94,2.27,0.14
203552,1610612755,2021,12.47,2.72,2.39,0.14
203552,1610612755,2022,15.02,4.02,3.36,0.24
203552,1610612751,2023,9.2,1.62,1.64,0.11
203552,1610612742,2024,4.28,0.83,1.44,0.08
203552,1610612766,2025,6.53,0.88,1.66,0.1
201939,1610612744,2010,17.49,5.9,4.45,0.24
201939,1610612744,2011,18.55,5.84,3.86,0.27
201939,1610612744,2012,14.73,5.31,3.38,0.31
201939,1610612744,2013,22.9,6.91,4.03,0.15
201939,1610612744,2014,24.01,8.54,4.28,0.18
201939,1610612744,2015,23.75,7.74,4.26,0.2
201939,1610612744,2016,30.06,6.67,5.44,0.19
201939,1610612744,2017,25.3,6.63,4.47,0.22
201939,1610612744,2018,26.39,6.08,5.12,0.16
201939,1610612744,2019,27.26,5.23,5.35,0.36
201939,1610612744,2020,20.8,6.6,5.2,0.4
201939,1610612744,2021,31.98,5.76,5.48,0.13
201939,1610612744,2022,25.47,6.31,5.23,0.36
201939,1610612744,2023,29.43,6.29,6.09,0.36
201939,1610612744,2024,26.43,5.12,4.46,0.38
201939,1610612744,2025,24.54,6.01,4.43,0.43
1642359,1610612752,2025,1.67,0.28,1.0,0.11
1630700,1610612740,2023,3.85,2.27,3.19,0.19
1630700,1610612740,2024,5.8,2.69,3.87,0.41
1630700,1610612737,2025,14.12,4.38,5.91,0.72
1642368,1610612745,2025,6.0,0.5,5.25,1.25
203076,1610612740,2013,13.55,0.98,8.16,1.75
203076,1610612740,2014,20.81,1.57,10.04,2.82
203076,1610612740,2015,24.35,2.19,10.24,2.94
203076,1610612740,2016,24.28,1.9,10.28,2.05
203076,1610612740,2017,27.99,2.09,11.79,2.23
203076,1610612740,2018,28.13,2.32,11.08,2.57
203076,1610612740,2019,25.93,3.89,12.0,2.41
203076,1610612747,2020,26.1,3.23,9.31,2.31
203076,1610612747,2021,21.83,3.06,7.94,1.64
203076,1610612747,2022,23.18,3.05,9.85,2.25
203076,1610612747,2023,25.91,2.64,12.54,2.04
203076,1610612747,2024,24.68,3.5,12.64,2.34
203076,1610612747,2025,25.74,3.36,11.88,2.14
1631098,1610612764,2023,5.82,1.0,2.32,0.29
1631098,1610612764,2024,3.04,0.64,1.44,0.2
1631098,1610612764,2025,2.35,0.32,1.12,0.18
1631120,1610612738,2023,1.58,0.92,0.75,0.17
1631120,1610612738,2024,2.0,1.25,1.25,0.12
1631120,1610612738,2025,2.06,0.81,0.81,0.06
201942,1610612761,2010,8.6,0.69,2.9,0.23
201942,1610612761,2011,17.2,1.8,3.84,0.38
201942,1610612761,2012,16.73,2.03,3.35,0.27
201942,1610612761,2013,18.11,2.49,3.9,0.29
201942,1610612761,2014,22.67,3.96,4.34,0.35
201942,1610612761,2015,20.07,3.5,4.62,0.18
201942,1610612761,2016,23.46,4.04,4.47,0.27
201942,1610612761,2017,27.3,3.92,5.22,0.18
201942,1610612761,2018,23.0,5.21,3.94,0.28
201942,1610612759,2019,21.23,6.17,6.0,0.47
201942,1610612759,2020,22.12,5.59,5.51,0.29
201942,1610612759,2021,21.57,6.92,4.25,0.25
201942,1610612741,2022,27.87,4.92,5.16,0.32
201942,1610612741,2023,24.54,5.09,4.64,0.49
201942,1610612741,2024,24.01,5.33,4.3,0.57
201942,1610612758,2025,22.21,4.44,3.87,0.42
1642484,1610612754,2025,2.73,1.27,1.09,0.18
1628978,1610612749,2019,4.85,1.15,2.41,0.22
1628978,1610612749,2020,9.24,2.33,4.82,0.3
1628978,1610612749,2021,10.42,3.08,5.76,0.23
1628978,1610612749,2022,7.18,1.71,3.53,0.18
1628978,1610612744,2023,9.42,3.5,4.51,0.14
1628978,1610612752,2024,15.54,2.67,3.67,0.44
1628978,1610612750,2025,11.66,3.63,3.68,0.27
1631217,1610612746,2023,2.68,0.18,2.27,0.36
1631217,1610612746,2024,2.64,0.36,2.18,0.09
1631217,1610612766,2025,5.68,0.79,6.17,0.56
1641711,1610612761,2024,8.5,1.13,2.2,0.03
1641711,1610612761,2025,14.39,1.81,3.57,0.19
1631172,1610612760,2023,4.95,1.18,2.69,0.18
1631172,1610612760,2024,4.03,1.12,1.55,0.15
1631172,1610612760,2025,3.84,0.84,2.19,0.19
1642265,1610612750,2025,4.47,2.0,1.02,0.02
203915,1610612765,2015,4.26,3.06,1.41,0.18
203915,1610612765,2016,4.83,1.83,1.42,0.0
203915,1610612751,2017,7.32,3.14,2.78,0.39
203915,1610612751,2018,12.59,6.55,3.24,0.29
203915,1610612751,2019,16.81,4.57,2.44,0.25
203915,1610612751,2020,20.59,6.75,3.45,0.33
203915,1610612751,2021,6.67,3.0,4.33,0.33
203915,1610612764,2022,12.64,5.82,4.7,0.16
203915,1610612742,2023,17.74,5.26,3.08,0.3
203915,1610612751,2024,12.58,6.0,3.29,0.19
203915,1610612742,2025,11.04,4.42,2.65,0.22
1629029,1610612742,2019,21.19,5.96,7.82,0.35
1629029,1610612742,2020,28.84,8.82,9.39,0.23
1629029,1610612742,2021,27.73,8.59,7.98,0.55
1629029,1610612742,2022,28.42,8.74,9.12,0.55
1629029,1610612742,2023,32.39,8.02,8.62,0.5
1629029,1610612742,2024,33.86,9.8,9.24,0.54
1629029,1610612742,2025,28.14,7.82,8.32,0.41
1629652,1610612760,2020,6.78,0.75,2.25,0.11
1629652,1610612760,2021,14.02,1.69,3.63,0.37
1629652,1610612760,2022,17.2,1.73,4.16,0.35
1629652,1610612760,2023,13.69,2.08,4.65,0.31
1629652,1610612760,2024,10.89,1.43,3.59,0.59
1629652,1610612760,2025,10.13,1.62,4.13,0.55
1630245,1610612741,2022,8.82,3.32,2.78,0.38
1630245,1610612741,2023,8.59,2.58,2.75,0.33
1630245,1610612741,2024,12.16,3.18,2.84,0.47
1630245,1610612741,2025,12.3,4.52,3.5,0.39
1630288,1610612744,2022,1.5,0.75,1.75,0.25
1630288,1610612761,2023,2.44,1.24,0.92,0.12
1630288,1610612755,2024,4.33,2.25,1.67,0.08
1630288,1610612755,2025,6.95,1.9,1.46,0.29
1628408,1610612760,2018,1.0,0.0,0.5,0.0
1628408,1610612738,2019,3.17,0.83,2.83,0.0
1628408,1610612743,2020,5.79,2.17,1.9,0.21
1628408,1610612743,2021,7.7,1.84,3.64,0.44
1628408,1610612743,2022,5.39,1.61,3.5,0.33
1628408,1610612758,2023,1.38,0.62,0.88,0.06
1628408,1610612750,2025,0.78,0.56,0.56,0.0
203083,1610612765,2013,7.93,0.5,7.62,1.58
203083,1610612765,2014,13.52,0.43,13.22,1.62
203083,1610612765,2015,13.78,0.67,13.46,1.87
203083,1610612765,2016,16.22,0.83,14.79,1.38
203083,1610612765,2017,13.64,1.11,13.77,1.1
203083,1610612765,2018,15.01,3.04,15.99,1.63
203083,1610612765,2019,17.34,1.42,15.59,1.75
203083,1610612765,2020,17.76,2.82,15.82,1.67
203083,1610612739,2021,17.48,2.56,13.48,1.16
203083,1610612755,2022,6.08,1.98,8.84,0.92
203083,1610612741,2023,5.96,0.49,6.63,0.4
203083,1610612741,2024,8.39,0.47,8.96,0.61
203083,1610612755,2025,7.33,0.85,7.75,0.45
1630537,1610612754,2022,13.09,2.07,4.11,0.18
1630537,1610612754,2023,7.87,1.39,2.5,0.2
1630537,1610612758,2024,3.9,0.75,1.8,0.14
1630537,1610612741,2025,2.12,0.53,1.18,0.0
1642505,1610612760,2025,1.71,0.24,1.24,0.0
1630561,1610612751,2022,4.73,0.77,3.05,0.32
1630561,1610612751,2023,3.7,0.91,1.26,0.04
1630561,1610612759,2024,6.5,1.25,2.5,0.0
1630561,1610612759,2025,2.67,0.67,0.83,0.0
1627739,1610612750,2017,3.76,2.41,2.13,0.46
1627739,1610612741,2018,13.44,5.96,4.25,0.52
1627739,1610612741,2019,11.28,6.02,4.07,0.46
1627739,1610612741,2020,7.31,3.39,3.65,0.33
1627739,1610612737,2021,1.25,0.5,1.5,0.5
1627739,1610612757,2022,7.57,5.64,3.5,0.21
1627739,1610612762,2023,13.18,5.64,4.55,0.45
1627739,1610612762,2024,5.41,3.85,2.86,0.42
1627739,1610612746,2025,6.41,2.84,3.39,0.36
1642346,1610612756,2025,6.91,0.77,3.61,0.54
201142,1610612760,2008,20.3,2.4,4.35,0.94
201142,1610612760,2009,25.28,2.77,6.51,0.72
201142,1610612760,2010,30.15,2.82,7.6,1.02
201142,1610612760,2011,27.71,2.74,6.83,0.97
201142,1610612760,2012,28.03,3.5,7.98,1.17
201142,1610612760,2013,28.15,4.62,7.9,1.3
201142,1610612760,2014,32.01,5.49,7.38,0.73
201142,1610612760,2015,25.41,4.07,6.59,0.93
201142,1610612760,2016,28.18,5.01,8.18,1.18
201142,1610612744,2017,25.08,4.84,8.27,1.6
201142,1610612744,2018,26.35,5.38,6.82,1.75
201142,1610612744,2019,25.99,5.86,6.37,1.08
201142,1610612751,2021,26.94,5.57,7.06,1.29
201142,1610612751,2022,29.87,6.38,7.4,0.95
201142,1610612751,2023,29.69,5.31,6.72,1.46
201142,1610612756,2024,27.09,5.04,6.6,1.21
201142,1610612756,2025,26.56,4.24,6.03,1.24
1631105,1610612765,2023,9.13,1.12,8.88,0.88
1631105,1610612765,2024,13.79,2.41,11.62,0.77
1631105,1610612765,2025,11.77,2.68,10.35,1.14
1631106,1610612745,2023,9.27,1.07,6.05,0.57
1631106,1610612745,2024,9.77,1.23,6.95,0.86
1631106,1610612745,2025,12.04,1.46,6.35,0.88
1641744,1610612763,2025,9.24,0.98,8.3,1.29
1630162,1610612750,2021,19.33,2.93,4.67,0.5
1630162,1610612750,2022,21.29,3.82,4.76,0.64
1630162,1610612750,2023,24.63,4.43,5.8,0.73
1630162,1610612750,2024,25.94,5.13,5.44,0.53
1630162,1610612750,2025,27.56,4.54,5.7,0.65
1642399,1610612750,2025,0.0,0.5,0.0,0.0
1642348,1610612755,2025,10.11,1.57,3.36,0.36
1630556,1610612751,2022,5.92,0.65,3.58,0.5
1630556,1610612751,2023,1.07,0.14,1.0,0.07
1630556,1610612758,2024,1.72,0.28,0.78,0.07
1630556,1610612742,2025,4.2,1.05,2.88,0.5
1631165,1610612758,2023,1.5,0.38,0.5,0.06
1631165,1610612758,2024,5.44,1.49,2.18,0.51
1631165,1610612758,2025,8.32,1.5,2.65,0.79
203954,1610612755,2017,20.23,2.13,7.84,2.45
203954,1610612755,2018,22.94,3.16,10.95,1.76
203954,1610612755,2019,27.52,3.66,13.61,1.91
203954,1610612755,2020,22.98,2.98,11.63,1.27
203954,1610612755,2021,28.45,2.84,10.57,1.35
203954,1610612755,2022,30.57,4.18,11.71,1.46
203954,1610612755,2023,33.08,4.15,10.15,1.7
203954,1610612755,2024,34.69,5.62,11.03,1.69
203954,1610612755,2025,23.79,4.47,8.16,0.95
1630623,1610612751,2025,7.86,1.71,1.29,0.14
1629234,1610612759,2019,1.78,0.3,1.48,0.22
1629234,1610612759,2020,4.86,0.68,3.86,0.77
1629234,1610612759,2021,5.76,0.78,4.46,0.91
1629234,1610612759,2022,4.65,1.02,4.0,0.61
1629234,1610612757,2023,6.64,1.32,5.36,1.31
1629234,1610612756,2024,5.05,0.84,4.29,0.81
1629234,1610612762,2025,5.81,1.22,4.54,0.86
1641787,1610612763,2024,2.5,1.5,3.5,0.25
1641787,1610612751,2025,9.54,1.96,4.29,0.36
203957,1610612762,2015,4.79,2.41,1.6,0.17
203957,1610612762,2017,6.24,1.68,2.0,0.18
203957,1610612762,2018,8.14,3.07,1.86,0.21
203957,1610612762,2019,6.86,2.62,1.62,0.12
203957,1610612762,2020,2.18,0.64,1.09,0.18
203957,1610612739,2021,3.83,2.17,2.83,0.33
203957,1610612742,2024,7.78,2.85,2.71,0.09
203957,1610612742,2025,8.7,2.8,1.65,0.15
1628981,1610612737,2020,4.29,0.88,3.54,0.3
1628981,1610612737,2021,1.55,0.3,2.36,0.09
1628981,1610612738,2022,0.95,0.2,0.75,0.15
1628981,1610612745,2023,4.06,0.97,3.94,1.0
1628981,1610612737,2024,6.27,1.02,4.29,0.62
1628981,1610612761,2025,3.41,1.06,3.0,0.53
1642271,1610612762,2025,9.58,1.94,6.11,0.31
1627827,1610612742,2017,4.32,0.83,2.74,0.31
1627827,1610612742,2018,5.86,1.24,3.57,0.19
1627827,1610612742,2019,7.51,1.17,4.8,0.44
1627827,1610612742,2020,9.55,1.61,5.7,0.55
1627827,1610612742,2021,9.83,1.7,5.43,0.42
1627827,1610612742,2022,11.0,1.88,4.69,0.49
1627827,1610612742,2023,9.12,1.48,4.7,0.5
1627827,1610612751,2024,8.53,1.57,4.66,0.56
1627827,1610612751,2025,10.4,1.55,4.55,0.6
1641745,1610612760,2024,1.5,2.0,0.0,0.0
1641745,1610612760,2025,1.76,0.32,0.73,0.08
1642280,1610612746,2025,1.83,0.0,0.67,0.0
1630201,1610612761,2021,7.51,2.91,2.47,0.15
1630201,1610612761,2022,4.3,1.59,1.43,0.09
1630201,1610612761,2023,4.64,1.32,1.43,0.08
1630201,1610612761,2024,5.06,2.35,2.1,0.19
1630201,1610612766,2025,4.0,1.75,1.75,0.0
1631323,1610612762,2023,6.31,0.81,1.65,0.15
1631323,1610612762,2024,8.9,1.46,3.52,0.36
1631323,1610612765,2025,5.95,0.87,2.87,0.16
1628368,1610612758,2018,11.56,4.38,2.79,0.27
1628368,1610612758,2019,17.27,7.28,3.75,0.56
1628368,1610612758,2020,21.12,6.82,3.84,0.49
1628368,1610612758,2021,25.19,7.19,3.5,0.47
1628368,1610612758,2022,23.17,5.59,3.92,0.42
1628368,1610612758,2023,25.01,6.12,4.19,0.32
1628368,1610612758,2024,26.57,5.65,4.59,0.42
1628368,1610612758,2025,24.98,6.13,5.0,0.44
1642402,1610612754,2025,2.09,0.41,1.36,0.14
1628365,1610612755,2018,7.14,3.79,3.07,0.29
1628365,1610612755,2019,8.16,3.11,3.68,0.26
1628365,1610612753,2020,12.08,5.12,3.31,0.15
1628365,1610612753,2021,12.88,5.38,3.12,0.25
1628365,1610612753,2022,10.83,5.5,2.72,0.28
1628365,1610612753,2023,13.95,5.68,3.9,0.43
1628365,1610612753,2024,7.79,2.79,3.21,0.35
1628365,1610612758,2025,2.9,1.29,0.95,0.1
1642277,1610612754,2025,2.06,0.38,1.42,0.22
1629655,1610612741,2020,5.12,0.49,2.47,1.3
1629655,1610612741,2021,4.74,0.55,3.32,1.1
1629655,1610612764,2022,9.4,0.94,5.65,1.38
1629655,1610612764,2023,9.04,1.08,5.55,1.27
1629655,1610612764,2024,10.89,1.53,8.02,2.16
1629655,1610612742,2025,12.3,1.4,6.81,1.79
1629636,1610612739,2020,12.34,3.88,1.88,0.07
1629636,1610612739,2021,17.43,6.09,2.39,0.11
1629636,1610612739,2022,21.66,8.57,3.29,0.1
1629636,1610612739,2023,21.59,7.8,2.68,0.13
1629636,1610612739,2024,18.04,6.54,2.67,0.12
1629636,1610612739,2025,20.59,6.75,2.85,0.15
1630585,1610612748,2022,1.08,0.58,1.92,0.25
1630585,1610612766,2025,7.0,3.25,1.5,0.5
1630568,1610612765,2022,5.81,0.62,3.12,0.19
1630568,1610612750,2023,6.46,0.64,2.25,0.07
1630568,1610612750,2024,3.96,0.16,1.24,0.04
1630568,1610612750,2025,3.54,0.28,1.38,0.08
1641718,1610612762,2024,12.99,4.43,2.81,0.09
1641718,1610612762,2025,16.79,5.63,3.78,0.13
1642273,1610612764,2025,8.68,2.49,4.19,0.74
202331,1610612754,2011,7.8,1.07,3.67,0.43
202331,1610612754,2012,12.09,2.39,5.61,0.58
202331,1610612754,2013,17.43,4.14,7.63,0.65
202331,1610612754,2014,21.71,3.54,6.78,0.28
202331,1610612754,2015,8.83,1.0,3.67,0.17
202331,1610612754,2016,23.14,4.06,6.95,0.36
202331,1610612754,2017,23.67,3.35,6.56,0.36
202331,1610612760,2018,21.95,3.33,5.66,0.49
202331,1610612760,2019,28.04,4.13,8.16,0.44
202331,1610612746,2020,21.52,3.85,5.67,0.42
202331,1610612746,2021,23.31,5.19,6.65,0.44
202331,1610612746,2022,24.32,5.68,6.87,0.42
202331,1610612746,2023,23.79,5.14,6.11,0.36
202331,1610612746,2024,22.58,3.54,5.24,0.5
202331,1610612755,2025,16.22,4.34,5.34,0.49
201959,1610612741,2010,8.96,0.85,7.45,1.27
201959,1610612741,2011,7.11,0.72,5.72,1.32
201959,1610612741,2012,7.68,0.75,5.27,1.29
201959,1610612741,2013,7.95,0.94,5.31,1.38
201959,1610612741,2014,13.04,1.11,6.8,1.37
201959,1610612741,2015,10.32,1.15,6.39,1.21
201959,1610612741,2016,8.59,1.45,6.9,1.05
201959,1610612741,2017,11.62,1.09,6.95,0.91
201959,1610612750,2018,12.18,1.21,7.12,0.72
201959,1610612750,2019,10.76,1.2,6.54,0.56
201959,1610612752,2020,6.11,0.84,4.31,0.48
201959,1610612752,2021,5.36,0.8,5.56,1.09
201959,1610612752,2022,4.4,0.62,4.4,0.77
201959,1610612764,2023,3.43,0.69,1.9,0.24
201959,1610612752,2024,1.0,0.56,1.75,0.38
201959,1610612766,2025,2.89,0.57,3.24,0.49
1630581,1610612760,2022,12.48,6.39,7.8,0.37
1630581,1610612760,2023,16.58,6.17,7.88,0.41
1630581,1610612760,2024,12.32,4.83,6.42,0.55
1630581,1610612741,2025,14.6,7.19,8.09,0.64
1628983,1610612746,2019,10.84,3.29,2.83,0.55
1628983,1610612760,2020,19.01,3.31,5.89,0.67
1628983,1610612760,2021,23.71,5.91,4.74,0.66
1628983,1610612760,2022,24.48,5.91,4.96,0.82
1628983,1610612760,2023,31.4,5.46,4.84,0.96
1628983,1610612760,2024,30.05,6.2,5.53,0.89
1628983,1610612760,2025,32.68,6.39,4.99,1.01
1630264,1610612764,2021,3.08,0.42,1.96,0.15
1630264,1610612764,2022,4.09,0.61,1.93,0.25
1630264,1610612764,2023,3.31,0.58,1.68,0.2
1630264,1610612764,2024,3.78,0.68,1.88,0.22
1630264,1610612764,2025,2.53,0.31,1.29,0.04
1631221,1610612743,2024,3.62,1.12,0.88,0.0
1631221,1610612756,2025,5.88,2.36,2.36,0.15
203497,1610612762,2014,2.31,0.16,3.44,0.91
203497,1610612762,2015,8.37,1.33,9.45,2.3
203497,1610612762,2016,9.13,1.49,10.95,2.21
203497,1610612762,2017,14.04,1.2,12.78,2.64
203497,1610612762,2018,13.5,1.43,10.73,2.3
203497,1610612762,2019,15.85,1.99,12.85,2.31
203497,1610612762,2020,15.09,1.49,13.47,1.99
203497,1610612762,2021,14.3,1.25,13.52,2.68
203497,1610612762,2022,15.56,1.09,14.67,2.08
203497,1610612750,2023,13.41,1.24,11.63,1.36
203497,1610612750,2024,13.96,1.34,12.92,2.13
203497,1610612750,2025,12.03,1.76,10.9,1.44
1630692,1610612764,2022,0.0,0.0,0.5,0.0
1630692,1610612764,2023,6.56,2.71,3.31,0.42
1630692,1610612756,2024,4.95,1.95,2.92,0.23
1630692,1610612747,2025,5.55,1.45,3.86,0.38
203932,1610612753,2015,5.17,0.7,3.6,0.47
203932,1610612753,2016,9.22,1.64,6.5,0.71
203932,1610612753,2017,12.74,1.88,5.06,0.5
203932,1610612753,2018,17.62,2.34,7.88,0.78
203932,1610612753,2019,15.97,3.71,7.36,0.72
203932,1610612753,2020,14.42,3.68,7.66,0.63
203932,1610612753,2021,14.56,4.2,6.64,0.8
203932,1610612743,2022,15.01,2.51,5.85,0.59
203932,1610612743,2023,16.31,2.99,6.56,0.75
203932,1610612743,2024,13.88,3.55,6.45,0.62
203932,1610612743,2025,14.67,3.22,4.84,0.27
201569,1610612746,2009,16.05,2.76,2.58,0.45
201569,1610612746,2010,16.85,3.0,2.58,0.23
201569,1610612746,2011,22.27,4.36,2.93,0.32
201569,1610612740,2012,20.56,3.44,2.78,0.44
201569,1610612740,2013,16.98,3.26,1.83,0.19
201569,1610612740,2014,15.44,3.25,2.58,0.19
201569,1610612740,2015,13.41,3.75,2.61,0.23
201569,1610612740,2016,15.24,2.69,2.2,0.31
201569,1610612745,2017,16.23,2.51,2.68,0.55
201569,1610612745,2018,18.01,2.23,2.46,0.39
201569,1610612745,2019,16.22,1.9,2.18,0.4
201569,1610612745,2020,14.44,1.5,1.97,0.36
201569,1610612745,2021,17.81,2.63,2.15,0.48
201569,1610612745,2022,13.42,2.7,1.98,0.32
201569,1610612745,2023,13.09,2.89,2.06,0.36
201569,1610612756,2024,11.01,2.04,1.79,0.44
201569,1610612755,2025,6.82,1.67,1.18,0.31
1641789,1610612742,2025,1.5,0.38,0.31,0.06
203924,1610612755,2015,6.32,1.22,3.05,1.05
203924,1610612755,2016,9.73,1.75,4.69,1.65
203924,1610612755,2017,8.0,0.0,3.0,2.0
203924,1610612760,2018,8.42,0.7,3.94,0.95
203924,1610612760,2019,13.62,0.99,5.21,1.25
203924,1610612743,2020,11.99,1.24,3.49,0.8
203924,1610612765,2021,22.31,2.81,4.63,1.07
203924,1610612765,2022,19.23,2.36,4.06,1.04
203924,1610612757,2023,20.48,2.38,4.49,0.84
203924,1610612757,2024,20.96,2.81,3.54,0.63
203924,1610612757,2025,14.4,2.15,3.47,0.98
1631260,1610612749,2023,4.4,0.63,1.29,0.0
1631260,1610612749,2024,4.5,0.54,1.14,0.07
1631260,1610612749,2025,7.41,1.48,2.38,0.1
203110,1610612744,2013,2.87,0.67,3.29,0.32
203110,1610612744,2014,6.23,1.85,4.99,0.88
203110,1610612744,2015,11.66,3.68,8.19,1.25
203110,1610612744,2016,13.96,7.38,9.49,1.4
203110,1610612744,2017,10.21,7.01,7.88,1.39
203110,1610612744,2018,11.04,7.26,7.64,1.3
203110,1610612744,2019,7.36,6.88,7.29,1.06
203110,1610612744,2020,8.02,6.19,6.19,0.77
203110,1610612744,2021,7.05,8.86,7.11,0.83
203110,1610612744,2022,7.52,6.96,7.3,1.09
203110,1610612744,2023,8.45,6.85,7.19,0.82
203110,1610612744,2024,8.64,6.04,7.24,0.85
203110,1610612744,2025,9.01,5.63,6.09,1.03
1630224,1610612745,2022,17.27,2.63,3.37,0.27
1630224,1610612745,2023,22.14,3.7,3.74,0.24
1630224,1610612745,2024,19.63,3.55,5.16,0.34
1630224,1610612745,2025,21.01,3.44,4.6,0.33
1629750,1610612738,2020,3.4,0.54,1.94,0.17
1629750,1610612738,2021,4.2,0.44,2.08,0.08
1629750,1610612741,2022,7.2,0.92,4.25,0.49
1629750,1610612741,2023,5.16,0.72,2.75,0.66
1629750,1610612741,2024,12.22,0.56,7.44,0.89
1629750,1610612740,2025,5.76,0.9,3.56,0.6
201145,1610612760,2008,10.47,1.49,4.74,0.61
201145,1610612760,2009,16.54,1.99,6.65,0.42
201145,1610612760,2010,15.11,1.63,5.98,0.88
201145,1610612760,2011,15.18,1.82,5.59,0.43
201145,1610612738,2013,12.79,1.58,3.93,0.84
201145,1610612738,2014,16.85,1.68,4.63,0.57
201145,1610612738,2015,17.58,1.61,4.27,0.39
201145,1610612763,2016,12.19,1.85,4.55,0.36
201145,1610612753,2017,9.25,1.17,3.1,0.19
201145,1610612739,2018,10.85,1.27,3.15,0.44
201145,1610612764,2019,12.29,1.78,4.01,0.51
201145,1610612762,2020,7.77,0.67,2.7,0.33
201145,1610612751,2021,11.03,1.59,3.87,0.4
201145,1610612743,2022,10.29,1.28,3.08,0.36
201145,1610612743,2023,7.8,1.23,2.57,0.3
201145,1610612745,2024,6.53,0.9,2.28,0.4
201145,1610612745,2025,5.38,0.62,1.81,0.12
1630182,1610612742,2021,2.59,0.72,2.0,0.08
1630182,1610612742,2022,4.76,1.18,2.4,0.21
1630182,1610612742,2023,9.1,1.72,3.03,0.08
1630182,1610612742,2024,8.23,2.28,3.23,0.16
1630182,1610612766,2025,7.44,1.59,2.53,0.22
1629656,1610612752,2022,5.98,0.96,2.04,0.24
1629656,1610612752,2023,11.25,2.11,3.23,0.37
1629656,1610612752,2024,7.27,1.16,1.96,0.07
1629656,1610612742,2025,10.21,2.15,3.81,0.21
1631243,1610612737,2024,4.0,0.67,3.67,0.67
1631243,1610612737,2025,5.97,0.82,4.21,1.0
1629060,1610612764,2020,13.52,1.81,6.12,0.17
1629060,1610612764,2021,13.84,1.44,5.47,0.12
1629060,1610612764,2022,11.31,1.14,3.81,0.21
1629060,1610612764,2023,13.0,1.17,4.27,0.4
1629060,1610612747,2024,13.57,1.19,4.32,0.37
1629060,1610612747,2025,13.14,1.41,5.0,0.44
1630169,1610612758,2021,12.98,5.33,2.98,0.48
1630169,1610612758,2022,14.25,7.43,3.9,0.67
1630169,1610612754,2023,20.71,10.45,3.66,0.45
1630169,1610612754,2024,20.13,10.9,3.93,0.7
1630169,1610612754,2025,18.62,9.22,3.53,0.67
1641790,1610612743,2025,1.74,0.21,1.16,0.21
203501,1610612752,2014,10.17,0.81,1.49,0.09
203501,1610612752,2015,11.49,1.81,2.23,0.2
203501,1610612737,2016,6.39,1.0,1.69,0.14
203501,1610612737,2017,14.47,2.3,2.84,0.19
203501,1610612752,2018,17.47,2.72,3.93,0.18
203501,1610612752,2019,19.13,2.65,3.5,0.13
203501,1610612742,2020,15.79,1.93,3.27,0.07
203501,1610612742,2021,16.61,1.8,3.27,0.16
203501,1610612742,2022,14.24,2.19,3.71,0.14
203501,1610612742,2023,14.35,1.82,3.54,0.17
203501,1610612742,2024,14.42,1.76,3.22,0.08
203501,1610612765,2025,10.96,1.6,2.38,0.09
201935,1610612760,2010,9.91,1.8,3.21,0.26
201935,1610612760,2011,12.17,2.15,3.11,0.29
201935,1610612760,2012,16.84,3.69,4.06,0.24
201935,1610612745,2013,25.94,5.83,4.86,0.49
201935,1610612745,2014,25.36,6.11,4.71,0.4
201935,1610612745,2015,27.37,6.98,5.67,0.74
201935,1610612745,2016,28.98,7.46,6.11,0.62
201935,1610612745,2017,29.09,11.2,8.14,0.47
201935,1610612745,2018,30.43,8.75,5.4,0.69
201935,1610612745,2019,36.13,7.51,6.64,0.74
201935,1610612745,2020,34.34,7.53,6.56,0.88
201935,1610612745,2021,24.75,10.38,5.12,0.75
201935,1610612751,2022,22.5,10.16,7.98,0.7
201935,1610612755,2023,20.97,10.66,6.1,0.53
201935,1610612746,2024,16.56,8.53,5.12,0.79
201935,1610612746,2025,22.81,8.7,5.77,0.7
1630702,1610612742,2023,8.75,1.35,1.85,0.15
1630702,1610612742,2024,7.26,1.49,1.79,0.05
1630702,1610612742,2025,8.7,1.42,1.56,0.09
1641989,1610612762,2025,3.2,0.8,2.1,0.1
1631199,1610612761,2023,2.22,0.44,0.78,0.11
1631199,1610612761,2024,0.0,1.0,0.0,0.0
1631199,1610612765,2025,4.0,2.0,7.0,0.0
203914,1610612743,2015,3.42,0.53,1.16,0.13
203914,1610612743,2016,12.26,1.93,2.89,0.24
203914,1610612743,2017,14.93,2.88,3.12,0.14
203914,1610612743,2018,17.46,2.9,2.63,0.22
203914,1610612743,2019,12.93,2.23,2.81,0.33
203914,1610612743,2020,10.38,2.11,2.91,0.25
203914,1610612743,2021,9.68,1.68,2.47,0.21
203914,1610612753,2022,11.13,1.77,2.0,0.15
203914,1610612753,2023,8.27,1.23,2.04,0.25
203914,1610612753,2024,6.89,1.61,1.69,0.26
203914,1610612753,2025,3.02,0.62,1.33,0.25
202699,1610612749,2012,4.95,0.52,2.4,0.17
202699,1610612749,2013,4.86,0.46,2.04,0.25
202699,1610612753,2014,14.64,1.34,6.95,0.39
202699,1610612753,2015,17.12,1.82,6.32,0.53
202699,1610612753,2016,13.65,2.02,6.98,0.57
202699,1610612765,2017,16.11,1.73,5.07,0.48
202699,1610612765,2018,18.08,1.96,5.08,0.31
202699,1610612746,2019,20.95,2.73,7.85,0.44
202699,1610612755,2020,19.6,3.15,6.88,0.56
202699,1610612755,2021,19.52,3.55,6.76,0.82
202699,1610612755,2022,17.22,3.45,6.79,0.59
202699,1610612755,2023,14.66,2.51,5.73,0.54
202699,1610612755,2024,17.2,3.1,6.47,0.66
202699,1610612765,2025,13.73,2.22,5.92,0.78
1628404,1610612747,2018,7.87,1.27,4.17,0.25
1628404,1610612747,2019,7.84,1.39,3.7,0.6
1628404,1610612740,2020,10.09,1.66,6.54,0.35
1628404,1610612740,2021,9.23,2.32,8.02,0.26
1628404,1610612740,2022,13.37,4.1,7.76,0.27
1628404,1610612757,2023,9.55,3.92,8.18,0.18
1628404,1610612752,2024,9.4,4.09,8.33,0.28
1628404,1610612752,2025,13.65,5.88,9.57,0.35
1628392,1610612745,2019,1.89,0.54,1.68,0.43
1628392,1610612745,2020,4.65,0.78,3.91,0.52
1628392,1610612743,2021,3.47,0.5,2.83,0.67
1628392,1610612746,2022,8.28,2.35,4.88,1.13
1628392,1610612752,2023,4.95,1.24,6.54,0.78
1628392,1610612752,2024,7.76,2.51,8.35,1.13
1628392,1610612760,2025,11.18,3.84,10.72,1.09
1630573,1610612738,2022,2.5,0.38,1.12,0.08
1630573,1610612738,2023,6.4,0.89,2.55,0.26
1630573,1610612738,2024,9.01,1.04,3.49,0.32
1630573,1610612738,2025,8.52,0.9,3.15,0.18
1641722,1610612740,2024,7.82,1.04,2.21,0.1
1641722,1610612740,2025,10.79,1.18,2.82,0.41
1629637,1610612740,2020,7.38,0.88,4.05,0.86
1629637,1610612740,2021,7.48,0.58,4.28,0.63
1629637,1610612740,2022,9.34,0.61,4.5,0.79
1629637,1610612740,2023,4.96,0.72,2.81,0.4
1629637,1610612747,2024,4.33,0.47,3.01,0.41
1629637,1610612747,2025,6.84,1.04,4.8,0.91
1630165,1610612765,2021,6.77,5.31,2.65,0.38
1630165,1610612765,2022,6.86,4.2,3.18,0.53
1630165,1610612765,2023,10.34,6.18,2.91,0.37
1630165,1610612765,2024,6.88,4.88,2.83,0.48
1630165,1610612751,2025,9.0,5.17,3.0,0.67
1630703,1610612757,2024,14.0,5.42,3.13,0.21
1630703,1610612757,2025,12.68,5.08,3.0,0.2
1641707,1610612762,2024,7.3,0.8,4.62,0.75
1641707,1610612762,2025,4.67,0.67,5.0,1.33
1629639,1610612748,2020,13.51,2.2,4.07,0.16
1629639,1610612748,2021,15.09,3.41,4.96,0.31
1629639,1610612748,2022,20.71,3.98,4.98,0.12
1629639,1610612748,2023,20.1,4.18,5.37,0.24
1629639,1610612748,2024,20.83,4.48,5.29,0.07
1629639,1610612748,2025,23.9,5.51,5.18,0.22
1627741,1610612740,2017,8.56,1.35,2.91,0.12
1627741,1610612758,2018,13.49,1.94,3.84,0.28
1627741,1610612758,2019,20.67,2.5,5.02,0.4
1627741,1610612758,2020,19.19,2.96,4.56,0.24
1627741,1610612758,2021,16.56,3.62,4.7,0.42
1627741,1610612758,2022,14.4,1.91,4.02,0.27
1627741,1610612754,2023,16.8,2.81,5.0,0.33
1627741,1610612754,2024,11.98,2.67,3.21,0.6
1627741,1610612744,2025,11.12,1.63,3.22,0.28
1629312,1610612755,2019,1.8,0.4,1.0,0.0
1629312,1610612748,2022,2.26,0.32,1.37,0.16
1629312,1610612748,2023,4.37,0.8,3.48,0.31
1629312,1610612748,2024,6.14,1.06,3.18,0.45
1629312,1610612748,2025,6.46,1.51,3.41,0.5
1628988,1610612754,2019,5.88,1.74,1.34,0.26
1628988,1610612754,2020,9.5,3.41,2.36,0.24
1628988,1610612754,2021,7.2,1.86,1.35,0.2
1628988,1610612764,2022,6.12,1.9,1.63,0.22
1628988,1610612737,2023,3.92,1.41,1.17,0.19
1628988,1610612745,2024,6.59,1.79,1.58,0.08
1628988,1610612745,2025,5.48,1.34,1.26,0.18
201950,1610612755,2010,8.04,3.84,2.62,0.25
201950,1610612755,2011,13.96,6.48,4.05,0.35
201950,1610612755,2012,13.52,4.46,3.26,0.28
201950,1610612755,2013,17.73,8.01,4.22,0.41
201950,1610612740,2014,14.32,7.88,4.18,0.35
201950,1610612740,2015,14.8,6.85,3.38,0.57
201950,1610612740,2016,16.75,6.02,3.0,0.34
201950,1610612740,2017,15.36,7.28,3.94,0.66
201950,1610612740,2018,18.98,6.0,4.51,0.79
201950,1610612740,2019,21.19,7.73,4.99,0.81
201950,1610612740,2020,19.13,6.69,4.8,0.79
201950,1610612749,2021,17.73,6.05,4.54,0.63
201950,1610612749,2022,18.28,6.82,4.49,0.43
201950,1610612749,2023,19.25,7.39,5.09,0.37
201950,1610612738,2024,12.46,4.83,5.41,0.77
201950,1610612738,2025,11.06,3.85,4.27,0.44
1641842,1610612765,2025,6.44,1.01,2.69,0.21
1626158,1610612755,2016,5.63,0.65,2.65,0.78
1626158,1610612755,2017,9.81,1.02,5.46,0.96
1626158,1610612755,2018,6.48,1.27,4.4,0.6
1626158,1610612756,2019,8.17,0.86,4.73,1.13
1626158,1610612758,2020,12.25,0.95,8.14,1.27
1626158,1610612758,2021,14.25,1.66,8.26,1.57
1626158,1610612758,2022,10.4,1.07,7.04,0.91
1626158,1610612758,2023,3.1,0.21,1.9,0.26
1626158,1610612742,2024,3.39,0.65,3.39,0.39
1626158,1610612764,2025,7.42,1.35,5.71,0.74
1631096,1610612760,2024,16.55,2.44,7.9,2.32
1631096,1610612760,2025,14.97,1.97,8.03,2.22
1641720,1610612747,2024,1.62,0.38,0.62,0.1
1641720,1610612747,2025,2.0,0.5,0.5,0.5
201143,1610612737,2008,10.14,1.53,9.69,0.94
201143,1610612737,2009,11.54,2.43,9.31,1.42
201143,1610612737,2010,14.17,2.33,9.86,1.12
201143,1610612737,2011,15.3,3.45,9.32,1.04
201143,1610612737,2012,12.36,2.18,7.0,1.27
201143,1610612737,2013,17.42,3.24,10.23,1.05
201143,1610612737,2014,18.55,2.62,8.41,1.52
201143,1610612737,2015,15.21,3.21,7.16,1.29
201143,1610612737,2016,15.23,3.21,7.27,1.48
201143,1610612738,2017,14.0,4.96,6.84,1.26
201143,1610612738,2018,12.88,4.71,7.38,1.08
201143,1610612738,2019,13.6,4.16,6.74,1.26
201143,1610612755,2020,11.91,4.03,6.81,0.91
201143,1610612760,2021,14.21,3.36,6.71,0.93
201143,1610612738,2022,10.16,3.36,7.68,1.33
201143,1610612738,2023,9.78,3.0,6.19,0.97
201143,1610612738,2024,8.65,2.58,6.35,0.95
201143,1610612738,2025,8.97,2.13,6.15,0.85
1629659,1610612747,2020,5.67,1.0,1.17,0.17
1629659,1610612747,2021,9.0,2.78,2.6,0.32
1629659,1610612747,2022,9.95,2.65,3.22,0.48
1629659,1610612762,2023,10.74,3.78,3.23,0.45
1629659,1610612762,2024,10.12,3.47,2.37,0.37
1629659,1610612741,2025,6.53,1.43,1.72,0.19
1631216,1610612753,2023,3.78,0.59,1.94,0.14
1631216,1610612753,2024,4.29,0.49,1.42,0.07
1631216,1610612753,2025,4.12,0.6,1.29,0.1
1641724,1610612753,2024,1.61,0.33,0.39,0.11
1641724,1610612753,2025,4.45,0.73,1.17,0.18
1628989,1610612737,2019,9.69,2.85,3.27,0.33
1628989,1610612737,2020,12.21,3.8,4.07,0.48
1628989,1610612737,2021,11.91,3.49,3.35,0.26
1628989,1610612737,2022,12.05,2.74,3.43,0.35
1628989,1610612758,2023,15.2,2.95,3.35,0.32
1628989,1610612758,2024,10.23,2.59,3.5,0.36
1628989,1610612758,2025,7.86,1.72,2.79,0.37
1630643,1610612747,2022,0.0,0.25,1.0,0.25
1630643,1610612764,2023,7.29,1.43,3.0,0.57
1630643,1610612743,2024,1.15,0.1,0.55,0.15
1630643,1610612763,2025,6.86,0.59,2.02,0.88
1630574,1610612752,2025,1.92,0.44,2.04,0.6
1629631,1610612737,2020,12.35,1.78,4.54,0.29
1629631,1610612737,2021,14.96,1.91,4.78,0.52
1629631,1610612737,2022,13.38,1.28,3.32,0.4
1629631,1610612737,2023,15.36,1.4,4.24,0.25
1629631,1610612737,2024,15.63,1.53,3.89,0.28
1629631,1610612737,2025,18.97,1.54,3.92,0.14
1630538,1610612743,2022,10.12,2.77,2.72,0.29
1630538,1610612743,2023,12.1,2.98,2.05,0.31
1630538,1610612746,2024,6.92,2.51,1.49,0.11
1630538,1610612746,2025,7.2,1.4,1.2,0.2
1642345,1610612756,2025,4.18,1.16,3.64,0.48
204060,1610612762,2015,5.01,2.3,2.22,0.13
204060,1610612762,2016,4.22,1.19,1.86,0.05
204060,1610612762,2017,7.09,2.74,3.18,0.1
204060,1610612762,2018,11.46,4.78,4.2,0.24
204060,1610612762,2019,12.12,5.72,4.02,0.24
204060,1610612762,2020,9.82,5.18,3.86,0.15
204060,1610612762,2021,12.07,4.75,3.64,0.18
204060,1610612762,2022,7.22,3.51,2.91,0.11
204060,1610612749,2023,6.89,3.26,2.78,0.13
204060,1610612753,2024,4.35,2.99,2.09,0.07
204060,1610612750,2025,0.79,1.21,0.58,0.0
1627742,1610612747,2017,9.37,2.1,4.0,0.46
1627742,1610612747,2018,16.08,3.9,5.32,0.73
1627742,1610612747,2019,18.27,2.96,5.13,0.6
1627742,1610612740,2020,23.82,4.18,6.13,0.61
1627742,1610612740,2021,23.77,4.85,4.9,0.59
1627742,1610612740,2022,22.65,5.58,5.82,0.47
1627742,1610612740,2023,24.71,5.82,5.47,0.42
1627742,1610612740,2024,20.81,5.67,5.06,0.62
1627742,1610612740,2025,22.22,5.17,5.56,0.61
1631127,1610612759,2025,0.8,0.6,1.8,0.0
202681,1610612739,2012,18.51,5.39,3.75,0.39
202681,1610612739,2013,22.46,5.93,3.66,0.36
202681,1610612739,2014,20.82,6.1,3.65,0.32
202681,1610612739,2015,21.71,5.19,3.16,0.27
202681,1610612739,2016,19.64,4.72,2.96,0.34
202681,1610612739,2017,25.22,5.81,3.19,0.33
202681,1610612738,2018,24.43,5.1,3.78,0.28
202681,1610612738,2019,23.82,6.93,5.0,0.51
202681,1610612751,2020,27.4,6.4,5.15,0.5
202681,1610612751,2021,26.87,6.0,4.76,0.69
202681,1610612751,2022,27.45,5.76,4.38,0.59
202681,1610612751,2023,27.1,5.28,5.1,0.82
202681,1610612742,2024,25.64,5.16,5.0,0.48
202681,1610612742,2025,24.68,4.62,4.8,0.46
1628371,1610612753,2018,5.37,0.67,3.67,1.11
1628371,1610612753,2019,9.6,1.07,5.48,1.31
1628371,1610612753,2020,11.88,1.41,6.79,2.29
1628371,1610612753,2023,5.0,0.55,4.0,0.36
1628371,1610612753,2024,6.78,0.52,4.48,1.21
1628371,1610612753,2025,5.35,0.56,4.42,1.13
1631093,1610612765,2023,16.27,5.23,3.89,0.23
1631093,1610612765,2024,15.39,3.84,3.43,0.53
1631093,1610612765,2025,17.6,3.97,4.13,0.37
1641713,1610612763,2024,14.56,1.23,4.08,0.5
1641713,1610612763,2025,7.21,1.0,3.17,0.17
1630543,1610612754,2022,8.25,0.28,4.14,1.44
1630543,1610612754,2023,7.22,0.81,4.48,1.48
1630543,1610612754,2024,6.38,0.83,3.97,1.02
1630543,1610612754,2025,7.0,1.0,5.6,1.6
1631245,1610612764,2023,6.22,1.67,0.89,0.11
1631245,1610612754,2024,0.67,0.67,1.33,0.0
1631245,1610612754,2025,5.79,1.89,1.57,0.18
202704,1610612760,2012,3.11,1.58,1.18,0.02
202704,1610612760,2013,5.34,1.74,2.37,0.19
202704,1610612760,2014,13.09,4.14,3.91,0.11
202704,1610612760,2015,12.82,4.28,4.02,0.1
202704,1610612765,2016,18.85,6.23,3.2,0.14
202704,1610612765,2017,14.46,5.19,2.19,0.1
202704,1610612765,2018,14.58,5.29,2.78,0.09
202704,1610612765,2019,15.37,4.2,2.63,0.11
202704,1610612765,2020,14.93,5.14,2.93,0.07
202704,1610612746,2021,10.67,3.06,2.87,0.1
202704,1610612746,2022,16.84,4.79,3.61,0.2
202704,1610612746,2023,10.88,3.52,2.23,0.1
202704,1610612743,2024,10.16,3.76,1.89,0.16
202704,1610612755,2025,4.39,1.45,1.35,0.1
1641748,1610612749,2024,2.19,0.88,1.98,0.11
1641748,1610612749,2025,3.43,1.24,2.72,0.21
1628991,1610612763,2019,13.76,1.1,4.69,1.41
1628991,1610612763,2020,17.37,1.37,4.6,1.61
1628991,1610612763,2021,14.36,1.09,5.64,1.64
1628991,1610612763,2022,16.31,1.1,5.82,2.27
1628991,1610612763,2023,18.62,0.95,6.76,3.0
1628991,1610612763,2024,22.52,2.33,5.53,1.61
1628991,1610612763,2025,22.18,2.0,5.64,1.53
1631218,1610612744,2024,7.94,1.21,5.01,1.12
1631218,1610612744,2025,6.56,1.68,5.02,0.61
1642355,1610612747,2025,2.3,0.81,0.67,0.11
2544,1610612739,2004,20.94,5.89,5.47,0.73
2544,1610612739,2005,27.19,7.21,7.35,0.65
2544,1610612739,2006,31.37,6.59,7.04,0.84
2544,1610612739,2007,27.33,6.03,6.74,0.71
2544,1610612739,2008,30.0,7.19,7.89,1.08
2544,1610612739,2009,28.44,7.25,7.57,1.15
2544,1610612739,2010,29.71,8.57,7.29,1.01
2544,1610612748,2011,26.72,7.01,7.47,0.63
2544,1610612748,2012,27.15,6.24,7.94,0.81
2544,1610612748,2013,26.79,7.25,8.03,0.88
2544,1610612748,2014,27.13,6.34,6.92,0.34
2544,1610612739,2015,25.26,7.41,6.03,0.71
2544,1610612739,2016,25.26,6.76,7.43,0.64
2544,1610612739,2017,26.41,8.73,8.64,0.59
2544,1610612739,2018,27.45,9.11,8.65,0.87
2544,1610612747,2019,27.36,8.25,8.45,0.6
2544,1610612747,2020,25.34,10.21,7.84,0.54
2544,1610612747,2021,25.02,7.78,7.69,0.56
2544,1610612747,2022,30.27,6.23,8.2,1.05
2544,1610612747,2023,28.91,6.82,8.31,0.58
2544,1610612747,2024,25.66,8.3,7.3,0.54
2544,1610612747,2025,24.43,8.21,7.8,0.56
1631170,1610612748,2024,11.85,2.6,3.8,0.27
1631170,1610612748,2025,8.64,2.52,4.39,0.21
1629610,1610612758,2020,3.85,0.54,1.38,0.08
1629610,1610612758,2021,3.5,0.33,1.61,0.22
1629610,1610612763,2022,0.67,0.33,0.67,0.0
1629610,1610612752,2024,0.82,0.29,0.29,0.06
1629610,1610612766,2025,6.7,1.13,2.87,0.53
1641998,1610612764,2024,0.0,0.0,0.5,0.0
1641998,1610612740,2025,2.38,0.62,2.75,0.38
1642450,1610612765,2025,1.0,0.43,0.29,0.0
1629660,1610612756,2020,3.29,1.42,1.48,0.1
1629660,1610612760,2021,10.7,3.64,2.76,0.18
1629660,1610612760,2022,7.08,2.27,1.62,0.1
1629660,1610612744,2023,6.87,3.0,1.73,0.11
1629660,1610612739,2024,2.0,1.5,0.5,0.0
1629660,1610612739,2025,12.54,3.39,2.47,0.04
1630198,1610612755,2021,3.73,0.49,0.88,0.1
1630198,1610612755,2022,3.6,0.64,1.02,0.05
1630198,1610612760,2023,9.47,1.21,2.4,0.11
1630198,1610612760,2024,8.15,1.27,2.31,0.28
1630198,1610612760,2025,10.22,1.61,2.65,0.12
1642358,1610612749,2025,2.86,1.0,1.0,0.0
1629661,1610612756,2020,8.84,1.21,3.28,0.35
1629661,1610612756,2021,9.55,1.43,3.32,0.27
1629661,1610612756,2022,12.45,1.5,4.14,0.24
1629661,1610612756,2023,13.88,1.53,3.82,0.35
1629661,1610612751,2024,13.38,2.38,4.33,0.26
1629661,1610612751,2025,18.77,3.4,4.33,0.44
1630552,1610612737,2022,2.36,0.14,1.18,0.09
1630552,1610612737,2023,5.64,1.19,4.03,0.49
1630552,1610612737,2024,16.0,3.62,8.71,0.84
1630552,1610612737,2025,18.89,5.03,9.97,1.0
201949,1610612741,2010,3.94,0.74,1.97,0.66
201949,1610612741,2011,3.23,1.08,1.85,0.69
201949,1610612761,2012,9.13,1.97,4.71,1.35
201949,1610612758,2013,5.11,1.07,2.69,0.93
201949,1610612763,2014,7.38,2.13,3.19,1.1
201949,1610612761,2015,7.91,1.36,3.67,1.0
201949,1610612761,2016,5.04,1.18,2.21,0.58
201949,1610612748,2017,12.83,3.63,4.95,1.13
201949,1610612748,2018,10.79,3.84,4.9,0.7
201949,1610612748,2019,7.78,2.45,3.2,0.49
201949,1610612748,2020,5.67,1.17,2.89,0.72
201949,1610612742,2021,5.72,1.72,2.97,0.79
201949,1610612751,2022,5.48,2.1,3.47,0.55
201949,1610612754,2023,2.83,0.83,1.67,0.33
201949,1610612754,2024,0.89,0.89,0.44,0.11
201949,1610612754,2025,0.67,0.33,0.5,0.17
1629640,1610612759,2020,9.06,0.88,3.35,0.12
1629640,1610612759,2021,12.77,1.75,5.97,0.35
1629640,1610612759,2022,17.04,2.11,6.09,0.19
1629640,1610612759,2023,21.98,2.9,5.05,0.17
1629640,1610612759,2024,15.71,2.83,5.46,0.29
1629640,1610612759,2025,12.71,1.62,4.82,0.29
1630553,1610612746,2022,3.53,0.87,1.4,0.13
1630553,1610612757,2023,4.72,1.48,1.1,0.15
1630553,1610612751,2024,6.2,0.6,1.4,0.2
1630553,1610612751,2025,10.62,2.22,3.76,0.38
1642352,1610612748,2025,2.69,0.25,1.75,0.25
203999,1610612743,2016,9.95,2.36,7.0,0.62
203999,1610612743,2017,16.73,4.92,9.84,0.75
203999,1610612743,2018,18.47,6.11,10.71,0.81
203999,1610612743,2019,20.05,7.25,10.81,0.69
203999,1610612743,2020,19.95,7.01,9.74,0.6
203999,1610612743,2021,26.36,8.32,10.83,0.67
203999,1610612743,2022,27.08,7.89,13.77,0.85
203999,1610612743,2023,24.49,9.83,11.84,0.68
203999,1610612743,2024,26.39,8.96,12.35,0.86
203999,1610612743,2025,29.59,10.23,12.74,0.64
1641732,1610612758,2024,2.13,0.67,1.33,0.17
1641732,1610612758,2025,1.08,0.29,0.96,0.29
1641794,1610612760,2025,2.5,1.07,2.24,0.07
1630529,1610612740,2022,9.51,2.14,3.79,0.77
1630529,1610612740,2023,9.83,2.45,4.08,0.64
1630529,1610612740,2024,11.01,2.62,3.58,0.82
1630529,1610612740,2025,10.25,3.25,3.9,0.45
1642403,1610612758,2025,3.35,0.3,1.43,0.25
1630539,1610612766,2022,1.05,0.19,0.52,0.1
1630539,1610612766,2023,3.41,0.33,2.67,0.65
1630539,1610612746,2025,2.18,0.36,1.64,0.46
1630222,1610612745,2021,5.85,1.5,1.96,0.04
1630222,1610612747,2022,6.75,1.0,2.5,0.0
1630222,1610612758,2024,1.4,1.0,1.0,0.0
1630222,1610612758,2025,2.3,1.1,0.9,0.1
1642461,1610612743,2025,1.3,0.25,0.85,0.25
1630200,1610612759,2021,2.54,1.05,0.57,0.0
1630200,1610612759,2022,5.99,3.38,2.25,0.1
1630200,1610612759,2023,12.87,6.59,3.6,0.13
1630200,1610612759,2024,10.01,6.21,3.75,0.12
1630200,1610612759,2025,4.39,3.71,2.07,0.18
1626145,1610612750,2016,4.22,2.92,1.27,0.08
1626145,1610612750,2017,3.48,2.6,1.12,0.08
1626145,1610612750,2018,5.07,2.83,1.61,0.07
1626145,1610612750,2019,6.88,4.81,1.97,0.07
1626145,1610612763,2020,7.45,4.38,1.58,0.09
1626145,1610612763,2021,6.31,3.7,2.0,0.09
1626145,1610612763,2022,8.66,4.44,2.41,0.03
1626145,1610612763,2023,10.29,5.21,2.5,0.07
1626145,1610612764,2024,11.97,7.35,2.71,0.27
1626145,1610612756,2025,10.23,5.3,2.42,0.1
1627884,1610612756,2017,5.25,0.38,2.47,0.41
1627884,1610612756,2018,1.5,0.5,0.67,0.67
1627884,1610612748,2019,7.03,0.62,4.0,0.7
1627884,1610612748,2020,8.47,1.05,3.95,0.64
1627884,1610612757,2021,6.83,0.81,3.53,0.93
1627884,1610612741,2022,5.61,0.59,3.31,0.65
1627884,1610612741,2023,4.98,0.53,2.39,0.58
1627884,1610612742,2024,8.64,0.99,3.29,0.67
1627884,1610612746,2025,10.14,0.78,3.42,0.43
201599,1610612746,2009,4.3,0.21,4.47,1.11
201599,1610612746,2010,4.8,0.3,5.03,0.89
201599,1610612746,2011,7.08,0.53,7.19,1.77
201599,1610612746,2012,7.36,0.26,8.27,2.03
201599,1610612746,2013,8.83,0.34,7.24,1.37
201599,1610612746,2014,10.44,0.9,13.59,2.48
201599,1610612746,2015,11.54,0.74,14.95,2.23
201599,1610612746,2016,12.73,1.17,13.75,2.3
201599,1610612746,2017,12.7,1.19,13.75,1.65
201599,1610612746,2018,12.04,1.52,15.21,0.91
201599,1610612742,2019,11.02,1.98,13.72,1.06
201599,1610612751,2020,8.3,1.88,10.02,0.93
201599,1610612751,2021,7.47,1.63,7.49,1.14
201599,1610612747,2022,4.12,0.41,5.38,0.81
201599,1610612743,2023,5.1,0.87,5.18,0.59
201599,1610612743,2024,3.94,0.72,4.36,0.44
201599,1610612743,2025,3.73,0.95,5.07,0.48
202709,1610612759,2012,2.0,1.17,0.86,0.1
202709,1610612759,2013,4.5,1.89,1.86,0.14
202709,1610612759,2014,5.04,1.68,1.57,0.21
202709,1610612759,2015,6.77,2.38,2.43,0.22
202709,1610612761,2016,8.46,3.12,2.62,0.25
202709,1610612761,2017,9.25,3.31,2.94,0.16
202709,1610612754,2018,7.91,3.17,3.21,0.22
202709,1610612754,2019,6.55,3.91,3.4,0.27
202709,1610612758,2020,6.36,3.49,2.61,0.29
202709,1610612758,2021,6.57,2.45,2.25,0.2
202709,1610612765,2022,8.02,3.65,2.68,0.26
202709,1610612765,2023,6.89,3.5,1.71,0.15
202709,1610612744,2024,2.42,1.62,1.15,0.12
202709,1610612753,2025,3.54,1.44,1.48,0.08
1631107,1610612748,2023,5.47,0.67,2.07,0.13
1631107,1610612748,2024,7.65,1.96,4.17,0.3
1631107,1610612748,2025,10.74,2.85,3.91,0.28
1630548,1610612762,2023,4.83,0.44,2.17,0.17
1630548,1610612762,2024,7.2,1.15,1.8,0.1
1630548,1610612762,2025,8.92,1.06,2.88,0.12
1642530,1610612763,2025,1.64,0.86,0.55,0.0
1630283,1610612742,2025,3.0,0.25,2.62,0.25
1628379,1610612765,2018,7.64,1.7,2.41,0.18
1628379,1610612765,2019,9.73,1.81,2.9,0.16
1628379,1610612765,2020,15.79,4.11,3.5,0.21
1628379,1610612746,2021,8.25,1.65,2.56,0.14
1628379,1610612746,2022,11.9,2.09,3.27,0.09
1628379,1610612746,2023,7.83,1.06,2.37,0.11
1628379,1610612763,2024,11.0,3.49,2.9,0.05
1628379,1610612763,2025,8.86,3.31,2.82,0.08
1631117,1610612762,2023,9.18,0.93,8.38,2.34
1631117,1610612762,2024,8.09,0.94,7.52,2.41
1631117,1610612762,2025,11.05,1.67,12.19,2.38
1630296,1610612755,2022,1.0,0.5,1.0,0.0
1630296,1610612765,2023,1.33,0.0,0.33,0.0
1630296,1610612743,2024,1.1,0.45,0.9,0.05
1630296,1610612744,2025,1.0,0.0,0.67,0.0
1630557,1610612764,2022,8.23,1.1,2.71,0.29
1630557,1610612764,2023,11.08,1.18,2.8,0.12
1630557,1610612764,2024,13.38,1.95,2.81,0.2
1630557,1610612764,2025,11.56,1.69,2.97,0.23
1628467,1610612742,2018,5.36,0.71,3.25,0.65
1628467,1610612742,2019,6.83,0.99,4.63,1.1
1628467,1610612742,2020,9.08,1.19,5.24,1.12
1628467,1610612742,2021,7.06,1.36,5.2,0.7
1628467,1610612742,2022,6.97,1.15,5.93,0.98
1628467,1610612742,2023,5.95,1.41,3.65,0.81
1628467,1610612742,2024,4.44,1.58,3.33,0.7
1628467,1610612742,2025,3.03,1.26,2.79,0.5
1641752,1610612765,2025,1.88,0.88,0.88,0.12
1642261,1610612747,2025,9.05,0.85,2.77,0.1
1628995,1610612752,2019,12.84,1.09,4.47,0.32
1628995,1610612752,2020,6.45,0.94,2.83,0.43
1628995,1610612752,2021,3.88,0.45,1.45,0.14
1628995,1610612752,2022,3.62,0.23,1.69,0.08
1628995,1610612765,2023,5.64,0.36,2.57,0.29
1628995,1610612765,2024,7.19,0.74,2.42,0.23
1628995,1610612744,2025,3.29,0.36,1.21,0.29
1642278,1610612752,2025,1.98,1.71,0.66,0.1
1631132,1610612761,2023,3.14,0.53,2.95,0.98
1631132,1610612747,2025,2.43,0.43,2.49,0.43
1629723,1610612763,2020,2.84,1.16,2.47,0.16
1629723,1610612763,2021,4.28,1.09,2.98,0.21
1629723,1610612763,2022,4.85,1.51,4.57,0.31
1629723,1610612763,2023,5.06,1.39,4.31,0.35
1629723,1610612763,2024,4.27,2.0,4.67,0.93
1629723,1610612763,2025,2.43,0.91,3.28,0.3
1628436,1610612752,2018,6.7,1.3,3.2,0.8
1628436,1610612752,2019,7.0,1.17,2.93,0.91
1628436,1610612741,2020,5.97,0.89,2.33,0.72
1628436,1610612741,2021,2.0,0.31,1.15,0.54
1628436,1610612739,2022,2.0,0.5,1.5,0.5
1628436,1610612738,2023,3.78,0.77,2.86,0.67
1628436,1610612738,2024,5.3,1.06,4.14,0.97
1628436,1610612738,2025,6.04,1.6,5.32,0.97
1630249,1610612760,2022,6.23,1.9,3.37,0.27
1630249,1610612737,2023,1.24,0.59,0.9,0.03
1630249,1610612737,2024,6.14,2.27,2.36,0.27
1630249,1610612737,2025,7.23,2.58,2.74,0.46
1630228,1610612744,2022,9.31,0.91,3.34,0.31
1630228,1610612744,2023,9.94,1.87,3.45,0.46
1630228,1610612744,2024,16.05,2.2,4.8,0.49
1630228,1610612744,2025,15.3,2.21,4.62,0.45
1628398,1610612747,2018,16.13,1.83,6.27,0.44
1628398,1610612747,2019,18.69,2.54,5.46,0.37
1628398,1610612747,2020,12.82,1.31,4.48,0.43
1628398,1610612747,2021,12.85,1.87,6.13,0.6
1628398,1610612764,2022,17.12,3.53,8.5,0.86
1628398,1610612764,2023,21.2,3.73,7.23,0.45
1628398,1610612764,2024,22.19,4.23,6.63,0.7
1628398,1610612764,2025,15.19,2.47,5.78,0.22
1631222,1610612763,2023,3.0,0.6,1.8,0.11
1631222,1610612763,2024,10.83,1.66,3.66,0.34
1631222,1610612763,2025,7.3,2.83,4.36,0.43
203897,1610612750,2015,10.1,3.58,2.78,0.13
203897,1610612750,2016,14.02,3.06,2.78,0.21
203897,1610612750,2017,18.91,2.96,3.4,0.21
203897,1610612741,2018,16.71,3.0,3.92,0.17
203897,1610612741,2019,23.68,4.49,4.67,0.41
203897,1610612741,2020,25.5,4.23,4.82,0.47
203897,1610612741,2021,27.43,4.86,4.98,0.47
203897,1610612741,2022,24.4,4.52,4.6,0.34
203897,1610612741,2023,24.84,4.25,4.48,0.23
203897,1610612741,2024,19.48,3.92,5.16,0.32
203897,1610612741,2025,23.98,4.5,4.81,0.24
1627746,1610612758,2017,8.76,0.82,4.91,0.39
1627746,1610612758,2018,8.72,1.2,4.78,0.82
1627746,1610612758,2019,2.77,0.46,1.85,0.23
1627746,1610612757,2020,5.76,1.27,5.12,0.94
1627746,1610612758,2025,1.25,0.25,0.75,0.0
1629111,1610612759,2022,4.91,0.83,2.56,0.26
1629111,1610612756,2023,6.61,0.99,4.06,0.43
1629111,1610612745,2024,4.89,1.16,3.07,0.59
1629111,1610612745,2025,4.76,0.88,3.26,0.24
1641796,1610612748,2025,4.56,1.18,1.67,0.13
1630639,1610612750,2023,2.0,0.0,1.0,0.0
1630639,1610612742,2024,3.24,0.48,1.19,0.07
1630639,1610612761,2025,9.08,1.19,3.31,0.23
1627747,1610612751,2017,8.21,1.93,3.3,0.14
1627747,1610612751,2018,12.08,4.21,3.66,0.31
1627747,1610612751,2019,13.68,3.9,3.77,0.35
1627747,1610612751,2020,18.71,4.42,4.2,0.22
1627747,1610612751,2021,18.5,6.0,4.33,0.5
1627747,1610612754,2022,18.67,4.44,3.85,0.46
1627747,1610612739,2023,12.12,3.88,3.81,0.32
1627747,1610612739,2024,14.0,5.09,4.12,0.5
1627747,1610612739,2025,10.21,3.68,2.82,0.5
1627814,1610612737,2018,10.73,1.93,4.73,0.07
1627814,1610612744,2019,4.94,0.41,2.0,0.0
1627814,1610612744,2020,12.67,2.71,4.88,0.12
1627814,1610612744,2021,6.54,1.28,3.16,0.14
1627814,1610612744,2022,7.41,1.0,3.22,0.1
1627814,1610612756,2023,8.16,1.34,3.04,0.09
1627814,1610612756,2025,3.32,0.44,0.8,0.0
203458,1610612756,2014,2.05,0.1,2.36,0.43
203458,1610612756,2015,6.26,0.46,6.58,1.52
203458,1610612756,2016,9.01,1.24,7.62,0.79
203458,1610612756,2017,7.96,0.57,6.62,1.27
203458,1610612756,2018,8.51,1.19,7.51,0.88
203458,1610612737,2019,11.09,1.12,5.51,0.9
203458,1610612737,2020,8.72,1.05,5.75,0.82
203458,1610612761,2021,2.29,0.43,1.57,0.86
203458,1610612758,2022,6.03,1.15,4.13,0.64
203458,1610612758,2023,1.65,0.46,2.31,0.42
203458,1610612758,2024,2.5,1.04,2.67,0.69
203458,1610612758,2025,1.44,0.83,1.78,0.5
202695,1610612759,2012,7.92,1.09,5.11,0.38
202695,1610612759,2013,11.88,1.6,5.97,0.55
202695,1610612759,2014,12.79,2.02,6.24,0.76
202695,1610612759,2015,16.52,2.52,7.2,0.75
202695,1610612759,2016,21.15,2.58,6.85,0.99
202695,1610612759,2017,25.51,3.51,5.81,0.74
202695,1610612759,2018,16.22,2.33,4.67,1.0
202695,1610612761,2019,26.6,3.32,7.32,0.4
202695,1610612746,2020,27.07,4.91,7.05,0.58
202695,1610612746,2021,24.85,5.17,6.48,0.4
202695,1610612746,2023,23.83,3.92,6.5,0.54
202695,1610612746,2024,23.72,3.59,6.12,0.87
202695,1610612746,2025,21.51,3.14,5.92,0.46
1642502,1610612760,2025,0.33,0.17,0.5,0.0
1641721,1610612747,2024,0.32,0.18,0.12,0.03
1641721,1610612747,2025,0.57,0.29,0.29,0.0
1630604,1610612740,2024,0.5,0.12,0.62,0.25
1630604,1610612741,2025,1.75,0.25,0.75,0.08
203081,1610612757,2013,19.05,6.48,3.13,0.23
203081,1610612757,2014,20.67,5.57,3.51,0.27
203081,1610612757,2015,20.98,6.18,4.61,0.26
203081,1610612757,2016,25.05,6.83,4.03,0.37
203081,1610612757,2017,26.99,5.87,4.91,0.27
203081,1610612757,2018,26.88,6.59,4.45,0.37
203081,1610612757,2019,25.84,6.89,4.64,0.42
203081,1610612757,2020,29.97,8.03,4.3,0.33
203081,1610612757,2021,28.78,7.54,4.22,0.25
203081,1610612757,2022,23.97,7.31,4.14,0.38
203081,1610612757,2023,32.17,7.33,4.78,0.31
203081,1610612749,2024,24.32,6.96,4.38,0.25
203081,1610612749,2025,24.95,7.07,4.69,0.17
1641726,1610612742,2024,8.78,1.09,6.87,1.4
1641726,1610612742,2025,8.72,2.36,7.5,1.56
1641753,1610612749,2024,1.24,0.24,1.0,0.0
1641753,1610612749,2025,1.43,0.24,1.67,0.0
1626172,1610612744,2016,1.8,0.0,2.0,0.0
1626172,1610612744,2017,2.55,0.55,2.34,0.32
1626172,1610612744,2018,4.05,0.64,3.26,0.85
1626172,1610612744,2019,6.25,1.54,5.21,0.66
1626172,1610612744,2020,3.4,1.0,3.3,0.3
1626172,1610612744,2021,4.11,1.95,5.28,0.36
1626172,1610612744,2022,5.99,2.01,7.27,0.63
1626172,1610612744,2023,7.05,2.52,9.27,0.61
1626172,1610612744,2024,4.51,1.8,5.66,0.39
1626172,1610612744,2025,4.53,1.55,6.08,0.49
201572,1610612751,2009,13.02,1.05,8.11,1.84
201572,1610612751,2010,18.8,2.28,8.65,1.7
201572,1610612751,2011,20.4,1.57,5.95,1.46
201572,1610612751,2012,19.2,1.2,3.6,0.8
201572,1610612751,2013,19.42,0.95,6.92,2.08
201572,1610612751,2014,20.71,0.94,6.0,1.76
201572,1610612751,2015,17.17,0.69,7.43,1.75
201572,1610612751,2016,20.56,2.0,7.85,1.7
201572,1610612751,2017,20.52,2.35,5.37,1.65
201572,1610612747,2018,12.99,1.7,3.97,1.32
201572,1610612749,2019,12.46,1.21,4.89,2.21
201572,1610612749,2020,11.96,1.46,4.59,2.4
201572,1610612749,2021,12.27,0.71,4.96,1.47
201572,1610612749,2022,12.38,0.46,4.08,1.15
201572,1610612749,2023,15.88,1.27,6.67,2.47
201572,1610612749,2024,12.53,1.61,5.18,2.39
201572,1610612749,2025,13.01,1.79,5.01,1.85
201567,1610612750,2009,11.1,1.04,9.06,0.62
201567,1610612750,2010,14.03,2.27,10.97,0.38
201567,1610612750,2011,20.22,2.52,15.23,0.38
201567,1610612750,2012,26.04,2.02,13.35,0.51
201567,1610612750,2013,18.33,2.33,14.0,0.5
201567,1610612750,2014,26.1,4.43,12.51,0.45
201567,1610612739,2015,16.37,2.24,9.75,0.52
201567,1610612739,2016,16.03,2.4,9.9,0.53
201567,1610612739,2017,19.03,1.93,11.1,0.35
201567,1610612739,2018,17.61,1.75,9.25,0.41
201567,1610612739,2019,17.0,2.18,10.86,0.23
201567,1610612739,2020,17.62,3.18,9.77,0.34
201567,1610612739,2021,12.2,2.52,7.44,0.08
201567,1610612739,2022,13.61,2.16,7.24,0.24
201567,1610612739,2023,8.46,1.85,6.83,0.17
201567,1610612748,2024,8.82,2.09,6.15,0.18
201567,1610612748,2025,5.3,0.96,4.09,0.17
200768,1610612763,2007,5.6,3.2,3.1,0.1
200768,1610612763,2008,9.65,3.61,3.05,0.27
200768,1610612763,2009,7.55,3.63,2.27,0.16
200768,1610612745,2010,9.12,4.49,3.63,0.13
200768,1610612745,2011,13.48,6.67,4.12,0.31
200768,1610612745,2012,14.26,6.6,4.53,0.3
200768,1610612761,2013,11.63,6.4,4.72,0.35
200768,1610612761,2014,17.94,7.42,4.67,0.19
200768,1610612761,2015,17.77,6.76,4.69,0.19
200768,1610612761,2016,21.22,6.42,4.74,0.44
200768,1610612761,2017,22.4,6.95,4.77,0.32
200768,1610612761,2018,16.24,6.88,5.56,0.24
200768,1610612761,2019,14.25,8.68,4.8,0.48
200768,1610612761,2020,19.41,7.47,5.03,0.45
200768,1610612761,2021,17.2,7.35,5.37,0.3
200768,1610612748,2022,13.4,7.52,4.48,0.27
200768,1610612748,2023,11.18,5.11,4.09,0.38
200768,1610612748,2024,8.19,3.97,3.49,0.41
200768,1610612755,2025,3.94,2.74,1.91,0.31
1641754,1610612737,2024,1.56,0.0,0.78,0.0
1626168,1610612762,2016,6.1,0.74,3.74,0.23
1626168,1610612762,2017,6.2,0.97,3.31,0.28
1626168,1610612743,2018,9.92,1.25,4.75,0.47
1626168,1610612743,2019,8.53,1.36,3.84,0.36
1626168,1610612759,2020,6.41,1.1,5.73,0.44
1626168,1610612759,2021,5.0,0.61,3.74,0.04
1626168,1610612765,2022,10.43,1.14,4.78,0.51
1626168,1610612758,2023,7.59,0.89,4.05,0.42
1626168,1610612758,2024,7.22,1.24,4.43,0.33
1626168,1610612758,2025,6.54,1.19,4.58,0.33
1630572,1610612749,2022,3.76,0.54,2.0,0.22
1630572,1610612749,2023,2.38,0.67,2.33,0.21
1630572,1610612759,2024,4.13,1.07,3.2,0.26
1630572,1610612759,2025,6.31,0.79,3.07,0.28
1629611,1610612746,2020,2.41,1.29,1.34,0.12
1629611,1610612746,2021,7.04,1.55,3.61,0.19
1629611,1610612746,2022,10.77,2.58,5.25,0.26
1629611,1610612746,2023,8.8,2.27,3.41,0.27
1629611,1610612746,2024,8.77,1.59,3.39,0.2
1629611,1610612746,2025,6.03,1.59,2.89,0.3
1630544,1610612760,2022,10.42,1.52,2.85,0.2
1630544,1610612760,2023,7.72,1.79,2.31,0.16
1630544,1610612760,2024,3.77,1.54,1.85,0.0
1630544,1610612766,2025,14.08,3.0,2.92,0.31
1628374,1610612741,2018,15.19,1.16,7.47,0.59
1628374,1610612741,2019,18.73,1.44,9.04,0.63
1628374,1610612741,2020,14.74,1.48,6.26,0.46
1628374,1610612741,2021,13.63,0.88,5.25,0.29
1628374,1610612739,2022,14.75,1.33,5.66,0.49
1628374,1610612762,2023,25.62,1.86,8.64,0.58
1628374,1610612762,2024,23.24,2.0,8.16,0.47
1628374,1610612762,2025,18.98,1.49,5.91,0.36
1630230,1610612740,2021,7.69,2.75,4.62,0.31
1630230,1610612740,2022,5.69,1.13,2.58,0.15
1630230,1610612740,2023,9.06,2.45,3.62,0.18
1630230,1610612740,2024,7.06,1.94,3.64,0.18
1630230,1610612742,2025,13.25,3.01,4.75,0.16
1628997,1610612766,2020,6.17,1.28,2.11,0.39
1628997,1610612766,2021,4.98,1.26,2.66,0.23
1628997,1610612748,2022,9.18,1.07,3.83,0.5
1628997,1610612748,2023,9.62,1.65,4.85,0.44
1628997,1610612748,2024,10.0,2.23,4.39,0.45
1628997,1610612755,2025,9.06,2.23,4.39,0.65
1628998,1610612766,2020,4.96,1.98,3.29,0.19
1628998,1610612766,2021,3.98,1.65,3.1,0.23
1628998,1610612766,2022,7.66,2.52,4.01,0.45
1628998,1610612766,2023,5.0,1.57,3.43,0.14
1628998,1610612766,2024,7.54,3.71,3.89,0.64
1628998,1610612766,2025,7.85,2.28,4.51,0.67
1641798,1610612751,2025,1.0,0.0,0.0,0.0
1630231,1610612745,2021,9.31,1.07,5.38,0.91
1630231,1610612745,2022,8.81,1.28,3.76,0.51
1630231,1610612745,2023,12.67,1.5,5.51,0.37
1630231,1610612746,2024,5.0,0.5,1.5,0.5
1630231,1610612755,2025,6.42,0.79,3.0,0.67
1631213,1610612737,2023,1.31,0.12,0.75,0.0
1631213,1610612751,2025,8.72,2.03,3.65,0.15
1629726,1610612764,2020,5.44,0.56,1.33,0.06
1629726,1610612764,2021,5.53,0.41,1.36,0.11
1629726,1610612745,2022,10.0,0.98,2.92,0.37
1629726,1610612745,2023,4.76,0.51,1.38,0.09
1629726,1610612737,2024,4.92,0.56,1.39,0.12
1629726,1610612737,2025,7.51,1.28,1.85,0.32
1631097,1610612754,2023,16.69,1.49,4.08,0.17
1631097,1610612754,2024,14.51,2.02,3.97,0.24
1631097,1610612754,2025,16.06,1.89,5.32,0.33
1631255,1610612740,2025,7.74,1.1,4.98,0.98
1630178,1610612755,2021,8.0,1.97,1.7,0.21
1630178,1610612755,2022,17.48,4.28,3.2,0.43
1630178,1610612755,2023,20.3,3.53,2.93,0.13
1630178,1610612755,2024,25.94,6.19,3.69,0.47
1630178,1610612755,2025,26.33,6.1,3.35,0.4
1630540,1610612752,2022,2.23,1.02,1.05,0.03
1630540,1610612752,2023,3.47,1.12,0.78,0.12
1630540,1610612752,2024,8.26,1.68,1.47,0.1
1630540,1610612752,2025,9.55,2.92,2.52,0.27
1642272,1610612755,2025,15.3,2.61,2.43,0.0
1630644,1610612741,2022,2.0,0.0,0.0,0.0
1630644,1610612755,2023,12.5,4.5,5.0,0.0
1630644,1610612753,2025,0.0,1.5,0.5,0.0
203468,1610612757,2014,5.29,0.71,1.26,0.05
203468,1610612757,2015,6.84,1.03,1.47,0.13
203468,1610612757,2016,20.82,4.26,3.24,0.29
203468,1610612757,2017,22.96,3.56,3.61,0.53
203468,1610612757,2018,21.38,3.36,3.96,0.43
203468,1610612757,2019,20.97,2.96,4.03,0.4
203468,1610612757,2020,22.23,4.43,4.24,0.6
203468,1610612757,2021,23.13,4.74,3.94,0.45
203468,1610612757,2022,20.53,4.53,4.25,0.58
203468,1610612740,2023,20.91,5.72,4.37,0.51
203468,1610612740,2024,20.03,4.62,4.33,0.62
203468,1610612740,2025,21.12,4.05,3.79,0.43
204456,1610612755,2016,6.09,4.53,3.09,0.12
204456,1610612755,2017,6.86,6.59,3.1,0.12
204456,1610612755,2018,6.29,3.99,2.97,0.17
204456,1610612755,2019,6.36,3.39,2.29,0.22
204456,1610612754,2020,6.54,5.0,2.66,0.15
204456,1610612754,2021,8.64,6.61,3.71,0.33
204456,1610612754,2022,8.48,4.85,3.33,0.37
204456,1610612754,2023,8.67,5.29,3.12,0.13
204456,1610612754,2024,10.24,5.49,2.69,0.11
204456,1610612754,2025,9.11,4.44,2.44,0.27
1641755,1610612752,2025,1.5,0.5,2.0,0.25
1630183,1610612750,2021,6.78,1.13,3.68,0.95
1630183,1610612750,2022,9.24,1.13,4.19,0.77
1630183,1610612750,2023,12.06,1.87,3.89,0.96
1630183,1610612750,2024,10.51,1.4,3.11,0.58
1630183,1610612750,2025,12.2,1.99,5.73,0.9
1629667,1610612766,2020,5.56,0.81,4.06,0.19
1629667,1610612766,2021,7.36,1.13,3.6,0.4
1629667,1610612766,2022,6.18,1.05,3.09,0.4
1629667,1610612766,2023,10.62,1.98,4.82,0.52
1629667,1610612761,2024,3.38,0.74,1.58,0.12
1629667,1610612764,2025,0.0,0.25,0.0,0.0
203926,1610612741,2015,3.03,0.17,1.19,0.03
203926,1610612741,2016,9.43,0.73,2.41,0.07
203926,1610612741,2017,10.16,1.02,2.95,0.09
203926,1610612752,2018,7.18,0.91,2.44,0.22
203926,1610612754,2019,7.32,0.87,1.42,0.1
203926,1610612754,2020,10.29,1.13,2.52,0.07
203926,1610612754,2021,13.62,1.29,3.35,0.09
203926,1610612759,2022,11.33,1.25,2.25,0.12
203926,1610612759,2023,10.22,1.42,2.16,0.09
203926,1610612759,2024,6.0,1.24,1.04,0.04
203926,1610612758,2025,3.5,0.17,0.52,0.05
1631121,1610612766,2023,5.35,1.17,2.02,0.13
1631121,1610612766,2024,5.12,0.86,1.73,0.17
1631121,1610612757,2025,1.0,0.15,0.23,0.0
1629162,1610612750,2020,7.63,4.17,1.63,0.13
1629162,1610612750,2021,5.02,3.78,2.12,0.12
1629162,1610612750,2022,3.76,2.9,1.52,0.16
1629162,1610612750,2023,3.74,3.44,1.44,0.09
1629162,1610612750,2024,3.48,1.96,1.29,0.12
1629162,1610612758,2025,1.89,0.86,0.75,0.0
1629098,1610612745,2025,1.56,0.11,0.56,0.22
1629001,1610612756,2019,5.0,3.18,2.68,0.46
1629001,1610612763,2020,7.58,2.92,3.67,0.33
1629001,1610612763,2021,9.08,2.54,3.1,0.6
1629001,1610612763,2022,10.84,2.66,4.49,0.53
1629001,1610612755,2023,10.13,2.56,4.05,0.53
1629001,1610612755,2024,11.08,3.0,3.71,0.42
1629001,1610612744,2025,10.33,2.83,3.33,0.33
1630241,1610612749,2021,2.97,0.7,1.0,0.03
1630241,1610612763,2022,4.17,0.67,1.17,0.0
1630241,1610612739,2023,5.0,1.0,1.8,0.0
1630241,1610612739,2024,7.95,1.77,1.97,0.07
1630241,1610612739,2025,7.17,1.52,2.21,0.2
203995,1610612760,2024,3.3,2.53,0.8,0.1
203995,1610612766,2025,7.47,3.53,2.42,0.0
203114,1610612765,2013,6.11,1.04,1.85,0.15
203114,1610612749,2014,12.07,2.06,3.78,0.24
203114,1610612749,2015,13.35,2.3,4.39,0.14
203114,1610612749,2016,18.15,4.19,3.82,0.24
203114,1610612749,2017,14.69,3.41,4.24,0.24
203114,1610612749,2018,20.15,4.0,5.23,0.26
203114,1610612749,2019,18.27,4.3,5.99,0.09
203114,1610612749,2020,20.92,4.27,6.16,0.11
203114,1610612749,2021,20.37,5.44,5.97,0.13
203114,1610612749,2022,20.08,5.42,5.39,0.27
203114,1610612749,2023,15.06,4.94,4.24,0.15
203114,1610612749,2024,15.05,5.31,4.67,0.27
203114,1610612749,2025,12.61,4.43,3.7,0.22
1641706,1610612766,2024,17.28,2.36,4.26,0.57
1641706,1610612766,2025,21.04,3.63,4.85,0.74
1641801,1610612741,2025,1.67,0.33,1.33,0.0
1641757,1610612746,2024,1.62,0.0,0.62,0.0
1641757,1610612746,2025,4.11,0.92,1.57,0.14
1631159,1610612750,2024,1.71,0.47,1.18,0.06
1631159,1610612750,2025,1.54,0.0,0.85,0.08
201988,1610612757,2010,2.6,0.5,0.2,0.0
201988,1610612757,2011,5.52,1.7,0.8,0.02
201988,1610612759,2012,10.31,2.44,1.75,0.06
201988,1610612759,2013,5.07,1.07,0.86,0.07
201988,1610612759,2014,10.2,1.84,2.09,0.11
201988,1610612759,2015,6.88,1.71,1.47,0.04
201988,1610612759,2016,8.52,2.79,1.95,0.07
201988,1610612759,2017,9.49,3.5,1.76,0.04
201988,1610612759,2018,9.99,2.79,1.88,0.13
201988,1610612759,2019,9.89,2.99,2.22,0.12
201988,1610612759,2020,11.62,1.79,1.64,0.09
201988,1610612759,2021,10.82,2.38,1.71,0.04
201988,1610612751,2022,11.4,2.26,1.93,0.21
201988,1610612751,2023,6.15,1.4,1.1,0.07
201988,1610612737,2024,2.68,0.74,1.05,0.05
201988,1610612762,2025,4.35,1.24,1.24,0.18
1629003,1610612755,2019,4.35,0.9,1.75,0.4
1629003,1610612755,2020,9.43,2.6,2.2,0.17
1629003,1610612755,2021,12.97,3.06,2.35,0.29
1629003,1610612755,2022,8.18,2.53,2.58,0.31
1629003,1610612755,2023,8.38,3.16,2.51,0.17
1629003,1610612750,2024,4.68,1.32,1.34,0.13
1629003,1610612751,2025,7.37,2.37,1.89,0.04
1631303,1610612757,2023,4.25,1.0,3.75,1.25
1631303,1610612757,2024,1.79,0.62,1.65,0.29
1631303,1610612757,2025,0.95,0.37,0.53,0.05
1642434,1610612759,2025,0.0,0.0,2.0,0.0
1631169,1610612750,2023,3.07,0.33,1.67,0.4
1631169,1610612750,2024,1.56,0.25,0.53,0.16
1631169,1610612750,2025,2.59,0.39,1.02,0.26
1642274,1610612740,2025,9.11,1.36,8.23,1.34
1642349,1610612760,2025,6.5,1.78,1.89,0.11
1630558,1610612758,2022,11.48,4.17,2.21,0.32
1630558,1610612758,2023,5.62,2.31,1.31,0.19
1630558,1610612758,2024,5.26,1.86,1.32,0.04
1630558,1610612761,2025,6.34,4.61,1.93,0.18
1628378,1610612762,2018,20.46,3.68,3.75,0.34
1628378,1610612762,2019,23.75,4.18,4.1,0.4
1628378,1610612762,2020,23.99,4.26,4.41,0.2
1628378,1610612762,2021,26.43,5.23,4.43,0.28
1628378,1610612762,2022,25.87,5.34,4.21,0.18
1628378,1610612739,2023,28.26,4.43,4.25,0.4
1628378,1610612739,2024,26.6,6.05,5.09,0.55
1628378,1610612739,2025,23.96,4.99,4.54,0.24
1630596,1610612739,2022,14.99,2.52,8.26,1.67
1630596,1610612739,2023,16.16,2.84,9.0,1.51
1630596,1610612739,2024,15.7,3.2,9.36,1.44
1630596,1610612739,2025,18.54,3.18,9.28,1.59
1642367,1610612761,2025,6.17,2.32,4.94,0.54
1628370,1610612766,2018,6.68,1.44,1.05,0.14
1628370,1610612766,2019,8.95,1.6,1.88,0.26
1628370,1610612766,2020,10.25,2.07,2.85,0.29
1628370,1610612766,2021,11.67,2.07,2.4,0.1
1628370,1610612747,2022,13.79,2.87,3.37,0.38
1628370,1610612758,2023,13.52,3.87,2.64,0.26
1628370,1610612758,2024,15.42,5.14,2.94,0.54
1628370,1610612758,2025,17.18,5.57,3.77,0.58
1630541,1610612744,2022,4.38,0.44,1.54,0.19
1630541,1610612744,2023,4.79,0.81,1.67,0.11
1630541,1610612744,2024,8.08,0.86,2.97,0.36
1630541,1610612744,2025,9.78,1.3,2.55,0.42
1631386,1610612757,2024,4.5,1.25,2.0,0.0
1631386,1610612757,2025,3.0,0.5,4.0,0.0
1631111,1610612750,2023,1.45,0.62,0.62,0.17
1631111,1610612750,2024,0.72,0.24,0.48,0.04
1631111,1610612765,2025,3.15,1.15,2.2,0.15
1629630,1610612763,2020,17.81,7.28,3.87,0.27
1629630,1610612763,2021,19.11,7.38,4.0,0.21
1629630,1610612763,2022,27.44,6.74,5.7,0.39
1629630,1610612763,2023,26.16,8.08,5.85,0.26
1629630,1610612763,2024,25.11,8.11,5.56,0.56
1629630,1610612763,2025,23.18,7.28,4.1,0.24
202693,1610612756,2012,7.41,1.03,4.43,0.67
202693,1610612756,2013,8.17,1.32,4.83,0.78
202693,1610612756,2014,13.77,1.78,5.99,0.63
202693,1610612756,2015,15.34,2.34,6.17,0.48
202693,1610612756,2016,11.62,2.35,5.24,0.46
202693,1610612764,2017,13.99,1.66,6.49,0.55
202693,1610612764,2018,11.52,1.95,5.6,0.52
202693,1610612764,2019,11.5,1.76,5.12,0.59
202693,1610612765,2020,11.05,1.57,3.93,0.25
202693,1610612747,2021,6.67,1.2,4.36,0.31
202693,1610612748,2022,7.59,1.35,2.65,0.06
202693,1610612751,2023,3.56,0.93,2.19,0.19
202693,1610612742,2024,2.54,0.62,1.5,0.12
202693,1610612742,2025,1.71,0.57,1.14,0.14
1628420,1610612743,2018,3.33,2.33,0.67,0.0
1628420,1610612743,2019,10.38,3.62,2.37,0.05
1628420,1610612743,2020,9.04,3.49,1.88,0.23
1628420,1610612743,2021,10.23,3.19,2.04,0.28
1628420,1610612743,2022,12.6,4.44,3.01,0.19
1628420,1610612764,2023,10.26,5.26,3.39,0.21
1628420,1610612765,2024,4.5,1.33,2.0,0.17
1628420,1610612756,2025,5.18,1.62,1.49,0.07
1630530,1610612740,2022,5.39,0.61,2.37,0.11
1630530,1610612740,2023,14.53,1.42,3.56,0.54
1630530,1610612740,2024,14.77,2.18,4.91,0.49
1630530,1610612740,2025,21.21,3.55,5.06,0.74
1627749,1610612759,2017,3.42,1.26,1.11,0.16
1627749,1610612759,2018,8.07,2.85,5.67,0.38
1627749,1610612759,2020,10.91,4.11,5.8,0.26
1627749,1610612759,2021,15.69,5.42,7.06,0.1
1627749,1610612759,2022,21.15,9.22,8.28,0.34
1627749,1610612737,2023,20.47,6.05,5.26,0.26
1627749,1610612737,2024,22.47,6.44,5.33,0.31
1627749,1610612740,2025,17.48,7.35,6.45,0.39
1627750,1610612743,2017,9.89,2.07,2.61,0.29
1627750,1610612743,2018,16.69,3.38,3.67,0.35
1627750,1610612743,2019,18.23,4.84,4.23,0.36
1627750,1610612743,2020,18.49,4.81,4.0,0.29
1627750,1610612743,2021,21.21,4.81,4.04,0.27
1627750,1610612743,2023,19.97,6.15,3.95,0.25
1627750,1610612743,2024,21.19,6.51,4.1,0.66
1627750,1610612743,2025,21.43,6.01,3.9,0.49
1631099,1610612758,2023,12.2,1.23,4.64,0.53
1631099,1610612758,2024,15.22,1.68,5.45,0.77
1631099,1610612758,2025,12.39,1.43,6.67,0.91
1631200,1610612757,2024,6.06,1.29,3.61,0.34
1631200,1610612757,2025,4.16,0.99,2.64,0.25
1629004,1610612747,2019,3.26,0.85,0.87,0.03
1629004,1610612765,2020,9.0,1.89,1.86,0.07
1629004,1610612765,2021,6.92,1.58,2.06,0.17
1629004,1610612761,2022,4.55,0.8,1.64,0.07
1629004,1610612752,2023,1.62,0.08,0.54,0.0
1629004,1610612738,2024,3.95,0.85,1.24,0.02
1629004,1610612762,2025,8.79,2.0,2.37,0.18
1631250,1610612739,2024,0.38,0.0,0.38,0.0
1631250,1610612755,2025,2.14,0.43,1.43,0.0
1626204,1610612747,2016,5.54,0.7,4.95,0.37
1626204,1610612747,2017,7.13,1.52,5.86,0.62
1626204,1610612747,2018,8.57,1.36,6.76,0.48
1626204,1610612739,2019,9.36,3.19,8.24,0.6
1626204,1610612739,2020,10.07,2.2,7.3,0.39
1626204,1610612739,2021,9.34,3.06,6.71,0.49
1626204,1610612757,2022,6.89,1.97,5.65,0.35
1626204,1610612740,2023,6.78,1.83,5.45,0.57
1626204,1610612740,2024,5.74,1.85,5.03,0.31
1626204,1610612737,2025,8.46,1.58,4.29,0.54
1629614,1610612754,2023,9.45,4.55,2.65,0.17
1629614,1610612754,2024,9.21,4.12,2.07,0.09
1629614,1610612754,2025,10.05,5.02,3.32,0.17
1630174,1610612738,2021,4.74,0.5,2.76,0.2
1630174,1610612738,2022,3.77,0.42,1.71,0.1
1630174,1610612754,2023,10.11,1.34,3.79,0.47
1630174,1610612754,2024,12.18,1.5,3.82,0.68
1630174,1610612754,2025,12.02,1.2,3.96,0.38
1641803,1610612754,2025,0.6,0.2,0.0,0.0
1627777,1610612754,2017,0.91,0.22,0.74,0.0
1627777,1610612762,2018,1.0,0.33,1.0,0.0
1627777,1610612762,2019,3.98,0.59,1.47,0.1
1627777,1610612762,2020,5.94,0.67,1.92,0.08
1627777,1610612762,2021,6.94,0.82,2.44,0.11
1627777,1610612755,2022,9.21,1.34,2.67,0.17
1627777,1610612755,2023,8.17,0.99,2.37,0.18
1627777,1610612739,2024,9.37,1.2,3.39,0.22
1627777,1610612739,2025,8.73,1.31,3.71,0.14
1630227,1610612745,2022,3.21,1.67,1.38,0.0
1630227,1610612745,2023,3.96,2.32,1.72,0.12
1630227,1610612750,2024,1.8,0.4,0.2,0.0
1630227,1610612750,2025,0.33,1.0,1.33,0.0
1630192,1610612743,2021,3.24,0.24,1.55,0.1
1630192,1610612743,2022,6.59,0.41,3.59,0.32
1630192,1610612743,2023,5.23,0.34,2.6,0.43
1630192,1610612743,2024,3.21,0.55,2.17,0.66
1630192,1610612743,2025,3.23,0.4,1.58,0.67
1641936,1610612738,2025,2.33,0.0,3.0,0.33
1629669,1610612750,2020,3.8,1.27,0.87,0.07
1629669,1610612750,2021,9.02,1.48,2.26,0.29
1629669,1610612750,2022,8.5,2.1,1.98,0.16
1629669,1610612750,2023,10.83,2.03,2.62,0.08
1629669,1610612763,2024,5.67,1.78,1.56,0.0
1629669,1610612740,2025,8.38,2.25,2.5,0.5
203994,1610612743,2015,6.87,0.81,6.16,1.1
203994,1610612743,2016,8.22,1.25,5.47,1.38
203994,1610612743,2017,7.96,1.33,5.78,0.8
203994,1610612757,2018,14.33,1.81,8.96,1.41
203994,1610612757,2019,15.62,3.24,10.39,1.43
203994,1610612757,2020,17.62,4.0,10.25,2.0
203994,1610612757,2021,11.46,3.38,8.97,1.05
203994,1610612757,2022,15.04,2.8,11.05,0.61
203994,1610612757,2023,13.35,2.87,9.06,0.85
203994,1610612756,2024,10.91,3.96,11.01,1.05
203994,1610612756,2025,8.6,1.88,9.16,0.64
1626220,1610612762,2018,4.97,1.38,3.42,0.23
1626220,1610612762,2019,5.2,1.51,3.48,0.29
1626220,1610612762,2020,6.34,2.54,5.48,0.45
1626220,1610612762,2021,6.99,2.55,6.83,0.45
1626220,1610612762,2022,7.4,2.48,4.78,0.42
1626220,1610612751,2023,8.83,3.72,5.05,0.64
1626220,1610612751,2024,7.43,2.8,4.51,0.59
1626220,1610612756,2025,9.07,2.17,4.65,0.45
1626143,1610612755,2016,17.51,1.23,7.04,1.15
1626143,1610612755,2017,11.8,1.16,4.8,0.98
1626143,1610612755,2018,5.0,0.5,4.5,1.0
1626143,1610612740,2019,8.2,0.68,4.71,0.68
1626143,1610612740,2020,8.1,1.23,4.23,0.73
1626143,1610612765,2021,5.37,0.48,2.44,0.19
1626143,1610612754,2025,0.0,1.0,1.0,0.0
1629643,1610612753,2021,7.76,2.24,4.02,0.49
1629643,1610612753,2022,8.64,1.69,4.96,0.6
1629643,1610612753,2023,4.74,1.37,3.56,0.41
1629643,1610612753,2024,2.28,0.43,1.7,0.15
1629643,1610612755,2025,6.86,1.86,6.14,0.43
1629006,1610612750,2019,7.7,1.23,2.95,0.45
1629006,1610612750,2020,8.6,1.6,4.32,0.42
1629006,1610612750,2021,5.36,1.07,2.64,0.47
1629006,1610612750,2022,2.71,0.51,1.43,0.24
1629006,1610612756,2023,7.35,1.46,3.49,0.47
1629006,1610612756,2024,4.62,1.07,2.57,0.4
1629006,1610612756,2025,6.0,0.56,2.88,0.4
1630168,1610612737,2021,4.56,0.36,3.26,0.66
1630168,1610612737,2022,8.17,1.1,5.9,1.25
1630168,1610612737,2023,9.89,1.01,7.2,1.34
1630168,1610612737,2024,10.2,1.35,6.84,1.09
1630168,1610612737,2025,13.35,2.27,8.92,0.92
1630171,1610612739,2021,9.64,1.91,3.07,0.36
1630171,1610612739,2022,8.78,1.81,3.0,0.33
1630171,1610612739,2023,6.45,1.14,2.46,0.39
1630171,1610612739,2024,9.38,1.91,2.99,0.49
1630171,1610612739,2025,6.13,1.24,2.36,0.29
1642439,1610612747,2025,1.5,0.5,0.0,0.0
203482,1610612738,2014,8.67,1.56,5.21,0.39
203482,1610612738,2015,10.25,1.7,4.73,0.61
203482,1610612738,2016,9.96,1.52,4.07,0.48
203482,1610612738,2017,9.04,1.97,4.81,0.39
203482,1610612748,2018,11.47,2.72,5.67,0.46
203482,1610612748,2019,9.96,1.77,4.75,0.47
203482,1610612748,2020,8.19,1.73,4.55,0.34
203482,1610612748,2021,10.05,2.12,6.07,0.6
203482,1610612765,2022,9.12,2.77,4.42,0.47
203482,1610612762,2023,12.46,3.71,6.18,0.54
203482,1610612762,2024,8.12,4.38,5.08,0.24
203482,1610612761,2025,7.12,2.33,3.71,0.33
1626162,1610612764,2016,3.75,0.21,2.11,0.11
1626162,1610612764,2017,6.34,0.59,3.3,0.22
1626162,1610612764,2018,11.77,1.21,4.48,0.43
1626162,1610612764,2019,12.86,0.69,4.45,0.69
1626162,1610612756,2020,18.68,1.52,6.45,0.71
1626162,1610612744,2021,15.44,1.33,5.98,0.76
1626162,1610612766,2022,14.96,1.11,3.97,0.41
1626162,1610612766,2023,20.25,1.12,5.19,0.38
1626162,1610612755,2024,15.43,1.49,5.01,0.69
1626162,1610612755,2025,15.1,1.8,6.13,0.5
101108,1610612740,2006,16.13,7.83,5.13,0.08
101108,1610612740,2007,17.25,8.89,4.38,0.05
101108,1610612740,2008,21.05,11.56,4.01,0.05
101108,1610612740,2009,22.83,11.04,5.54,0.13
101108,1610612740,2010,18.69,10.67,4.24,0.18
101108,1610612740,2011,15.85,9.78,4.09,0.06
101108,1610612746,2012,19.82,9.05,3.55,0.07
101108,1610612746,2013,16.94,9.69,3.74,0.14
101108,1610612746,2014,19.11,10.69,4.32,0.06
101108,1610612746,2015,19.07,10.22,4.59,0.18
101108,1610612746,2016,19.54,9.97,4.19,0.18
101108,1610612746,2017,18.1,9.23,4.98,0.13
101108,1610612745,2018,18.64,7.88,5.4,0.24
101108,1610612745,2019,15.62,8.16,4.57,0.31
101108,1610612760,2020,17.6,6.74,4.99,0.16
101108,1610612756,2021,16.41,8.89,4.46,0.27
101108,1610612756,2022,14.74,10.8,4.35,0.31
101108,1610612756,2023,13.88,8.88,4.25,0.37
101108,1610612744,2024,9.19,6.78,3.88,0.1
101108,1610612759,2025,8.82,7.38,3.61,0.27
1626166,1610612760,2016,4.96,1.89,1.49,0.11
1626166,1610612760,2017,5.3,2.0,1.55,0.2
1626166,1610612741,2018,8.84,4.52,2.76,0.36
1626166,1610612741,2019,5.68,2.68,1.71,0.19
1626166,1610612756,2020,10.88,3.0,3.88,0.25
1626166,1610612756,2021,8.42,3.62,2.4,0.27
1626166,1610612756,2022,10.79,4.86,3.02,0.29
1626166,1610612756,2023,10.27,4.46,2.21,0.17
1626166,1610612749,2024,6.19,2.32,1.32,0.06
1626166,1610612752,2025,6.94,2.82,1.44,0.22
203901,1610612753,2015,8.91,6.5,4.26,0.24
203901,1610612753,2016,10.66,6.4,3.58,0.27
203901,1610612753,2017,12.76,6.45,4.72,0.49
203901,1610612753,2018,13.02,6.25,3.95,0.36
203901,1610612740,2019,10.62,7.62,5.24,0.4
203901,1610612752,2020,9.98,7.18,4.71,0.38
203901,1610612752,2021,10.14,3.22,3.43,0.14
203901,1610612756,2022,3.0,1.98,1.76,0.12
203901,1610612766,2025,1.0,3.33,2.17,0.5
1627780,1610612749,2017,3.33,2.17,2.0,0.67
1627780,1610612749,2018,2.5,0.75,1.42,0.08
1627780,1610612764,2019,3.67,1.33,0.67,0.33
1627780,1610612764,2020,3.9,1.66,2.76,0.24
1627780,1610612744,2021,2.5,0.1,1.1,0.1
1627780,1610612744,2022,7.07,0.9,3.48,0.31
1627780,1610612757,2023,4.07,1.47,2.6,0.07
1627780,1610612744,2024,5.45,1.09,2.57,0.41
1627780,1610612744,2025,6.45,1.34,2.98,0.27
1641809,1610612738,2024,3.67,0.33,0.33,0.0
1641809,1610612738,2025,2.16,0.52,1.6,0.08
1641763,1610612741,2024,2.23,0.33,0.9,0.17
1641763,1610612741,2025,4.63,0.49,2.14,0.25
1629618,1610612743,2024,1.56,0.78,0.52,0.0
1629618,1610612743,2025,4.08,2.18,1.45,0.1
1630590,1610612747,2023,2.33,0.33,0.67,0.17
1630590,1610612763,2024,12.9,4.67,3.19,0.48
1630590,1610612763,2025,9.86,4.39,3.28,0.38
1631342,1610612737,2025,7.17,0.33,1.83,0.0
203486,1610612751,2014,7.43,0.86,4.4,0.79
203486,1610612751,2015,8.74,0.9,6.24,0.77
203486,1610612757,2016,9.13,2.76,7.66,1.04
203486,1610612757,2017,11.06,3.96,8.0,1.17
203486,1610612743,2018,7.08,1.92,5.41,1.09
203486,1610612743,2019,7.77,2.96,6.39,0.93
203486,1610612743,2020,7.16,2.52,5.2,0.62
203486,1610612765,2021,10.38,3.61,9.27,0.89
203486,1610612766,2022,6.53,3.1,7.74,0.71
203486,1610612766,2023,12.23,3.66,9.66,0.62
203486,1610612746,2024,5.3,1.2,5.09,0.37
203486,1610612756,2025,4.5,1.81,6.15,0.64
1641764,1610612744,2024,9.22,3.69,5.77,0.19
1641764,1610612744,2025,11.67,3.44,5.08,0.2
1627751,1610612761,2017,3.06,0.22,3.06,0.37
1627751,1610612761,2018,6.91,0.7,4.79,1.22
1627751,1610612759,2019,5.49,1.21,5.32,0.88
1627751,1610612759,2020,5.64,1.76,5.68,1.44
1627751,1610612759,2021,8.59,1.94,7.93,1.78
1627751,1610612759,2022,13.46,2.78,9.32,1.74
1627751,1610612759,2023,12.09,3.07,9.04,1.13
1627751,1610612761,2024,11.1,2.54,8.58,1.52
1627751,1610612761,2025,14.46,2.77,9.6,1.25
1629673,1610612744,2020,8.82,2.35,2.07,0.18
1629673,1610612744,2021,12.0,1.94,1.8,0.18
1629673,1610612744,2022,18.49,4.0,3.42,0.3
1629673,1610612744,2023,20.43,4.5,2.74,0.26
1629673,1610612764,2024,17.38,4.4,2.72,0.32
1629673,1610612764,2025,20.46,4.46,2.99,0.4
1641854,1610612739,2024,5.59,2.31,2.14,0.29
1641854,1610612739,2025,3.69,1.39,1.31,0.29
1629645,1610612739,2020,9.96,2.18,3.24,0.28
1629645,1610612745,2021,16.58,6.31,3.81,0.31
1629645,1610612745,2022,15.56,6.16,4.38,0.36
1629645,1610612745,2023,19.15,5.73,5.32,0.29
1629645,1610612746,2025,9.31,3.2,3.56,0.24
1629008,1610612743,2020,9.31,0.84,4.71,0.45
1629008,1610612743,2021,19.05,1.15,7.3,0.89
1629008,1610612743,2022,9.89,1.89,6.56,0.22
1629008,1610612743,2023,17.42,1.05,5.5,0.47
1629008,1610612743,2024,16.74,1.51,6.98,0.65
1629008,1610612743,2025,18.16,2.14,7.01,0.49
1626171,1610612741,2016,7.03,0.84,5.44,0.35
1626171,1610612741,2017,6.83,0.55,4.62,0.17
1626171,1610612741,2018,13.21,1.68,6.82,0.32
1626171,1610612741,2019,14.09,1.32,7.32,0.36
1626171,1610612752,2020,10.12,1.48,5.12,0.27
1626171,1610612749,2021,11.42,1.08,7.06,0.39
1626171,1610612749,2022,14.61,1.19,9.12,0.71
1626171,1610612749,2023,14.1,1.5,9.6,0.23
1626171,1610612749,2024,13.78,1.27,7.4,0.41
1626171,1610612749,2025,13.88,2.12,8.39,0.53
204001,1610612752,2016,14.28,1.31,7.31,1.86
204001,1610612752,2017,18.12,1.47,7.2,1.95
204001,1610612752,2018,22.67,1.19,6.58,2.4
204001,1610612742,2020,20.42,1.79,9.47,2.02
204001,1610612742,2021,20.12,1.58,8.86,1.35
204001,1610612742,2022,19.24,2.03,7.68,1.74
204001,1610612764,2023,23.15,2.68,8.4,1.54
204001,1610612738,2024,20.09,2.02,7.18,1.95
204001,1610612738,2025,19.48,2.07,6.76,1.5
1642366,1610612744,2025,8.1,1.33,3.52,0.43
1630695,1610612765,2022,4.0,0.0,3.0,0.33
1630695,1610612762,2023,3.43,0.57,2.29,0.0
1630695,1610612762,2024,3.31,0.38,2.69,0.38
1630695,1610612762,2025,4.26,0.82,4.32,0.37
203939,1610612738,2015,1.8,0.0,0.2,0.0
203939,1610612742,2016,5.78,0.64,3.96,0.35
203939,1610612742,2017,6.7,0.64,3.97,0.51
203939,1610612742,2018,8.49,1.15,5.62,0.41
203939,1610612742,2019,10.58,1.45,5.34,0.65
203939,1610612742,2020,9.4,1.48,5.67,0.55
203939,1610612742,2021,5.9,1.09,4.03,0.52
203939,1610612742,2022,8.74,1.18,4.93,0.48
203939,1610612742,2023,6.66,0.91,4.13,0.34
203939,1610612742,2024,3.3,1.33,3.4,0.32
203939,1610612742,2025,2.07,1.0,2.15,0.38
1626181,1610612761,2016,5.57,0.96,2.27,0.2
1626181,1610612761,2017,8.37,1.08,2.22,0.18
1626181,1610612761,2018,5.5,1.27,1.7,0.23
1626181,1610612761,2019,8.6,1.52,2.32,0.22
1626181,1610612761,2020,15.96,1.75,3.65,0.4
1626181,1610612761,2021,19.6,1.83,3.0,0.19
1626181,1610612757,2022,18.65,2.05,3.27,0.42
1626181,1610612746,2023,16.98,1.82,2.92,0.3
1626181,1610612746,2024,13.89,1.08,2.57,0.29
1626181,1610612746,2025,21.77,2.08,3.17,0.15
1627752,1610612737,2017,5.68,0.93,2.66,0.46
1627752,1610612737,2018,14.12,2.61,4.74,0.51
1627752,1610612737,2019,13.49,2.15,3.62,0.35
1627752,1610612751,2020,12.08,1.81,5.95,0.39
1627752,1610612751,2021,8.08,0.58,2.83,0.67
1627752,1610612750,2022,7.28,0.99,2.52,0.33
1627752,1610612750,2023,9.13,1.56,2.44,0.28
1627752,1610612747,2024,8.94,1.53,2.95,0.45
1627752,1610612749,2025,8.2,1.94,3.59,0.19
1630202,1610612738,2021,7.73,1.82,2.39,0.14
1630202,1610612738,2022,6.23,1.96,1.89,0.08
1630202,1610612738,2023,5.62,1.33,1.83,0.02
1630202,1610612738,2024,9.6,3.43,3.23,0.07
1630202,1610612738,2025,14.3,3.49,3.84,0.17
1641765,1610612742,2024,3.02,0.55,1.98,0.1
1641765,1610612742,2025,3.87,0.77,2.42,0.12
1642389,1610612763,2025,0.0,0.0,0.0,0.0
1630243,1610612745,2022,4.3,0.4,1.6,0.1
1630243,1610612754,2023,3.0,0.86,2.43,0.71
1630243,1610612753,2024,2.86,1.29,1.43,0.36
1630243,1610612753,2025,4.9,1.23,1.74,0.32
1629674,1610612758,2022,3.0,0.4,2.07,0.53
1629674,1610612758,2023,2.4,0.2,2.2,0.4
1629674,1610612738,2024,5.5,0.71,4.36,0.75
1629674,1610612738,2025,5.0,0.73,3.81,0.68
1630193,1610612752,2021,11.42,1.98,2.14,0.19
1630193,1610612752,2022,11.31,3.53,3.17,0.04
1630193,1610612752,2023,14.93,3.44,4.16,0.17
1630193,1610612752,2024,15.0,2.47,2.57,0.1
1630193,1610612761,2025,17.09,5.79,3.55,0.12
1631311,1610612744,2023,2.5,0.5,0.75,0.0
1631311,1610612744,2024,4.43,0.97,1.95,0.05
1631311,1610612755,2025,2.25,0.25,1.0,0.0
203944,1610612747,2015,2.0,0.0,0.0,0.0
203944,1610612747,2016,11.35,1.78,10.23,0.36
203944,1610612747,2017,13.18,3.57,8.59,0.5
203944,1610612747,2018,16.13,2.56,7.98,0.55
203944,1610612740,2019,21.44,3.14,8.68,0.62
203944,1610612752,2020,19.5,3.09,9.72,0.34
203944,1610612752,2021,24.11,6.01,10.2,0.25
203944,1610612752,2022,20.1,5.14,9.94,0.54
203944,1610612752,2023,25.14,4.1,9.96,0.27
203944,1610612752,2024,23.96,4.98,9.2,0.26
203944,1610612750,2025,18.67,4.68,7.06,0.23
1641871,1610612757,2024,9.07,0.99,3.68,0.56
1641871,1610612757,2025,4.22,0.57,2.0,0.3
1630559,1610612747,2022,7.28,1.8,3.16,0.33
1630559,1610612747,2023,13.02,3.36,3.02,0.3
1630559,1610612747,2024,15.85,5.49,4.29,0.3
1630559,1610612747,2025,20.21,5.77,4.51,0.3
1629629,1610612737,2020,10.52,1.5,3.72,0.48
1629629,1610612737,2021,11.23,1.35,4.0,0.35
1629629,1610612737,2022,11.94,1.12,2.47,0.32
1629629,1610612752,2023,8.4,1.0,1.55,0.4
1629629,1610612747,2024,5.42,1.0,2.06,0.29
1629629,1610612747,2025,3.18,0.67,2.0,0.3
1630194,1610612755,2021,3.38,0.46,2.35,0.5
1630194,1610612755,2022,3.05,0.42,2.42,0.37
1630194,1610612755,2023,4.16,0.39,3.8,0.74
1630194,1610612755,2024,7.32,1.33,5.95,1.02
1630194,1610612765,2025,4.09,0.98,2.73,0.56
1642024,1610612760,2025,2.0,0.0,1.0,0.0
1641810,1610612740,2025,6.93,0.89,1.43,0.09
1629675,1610612750,2020,8.97,1.17,4.13,0.73
1629675,1610612750,2021,11.2,1.03,4.6,1.09
1629675,1610612750,2022,8.27,0.92,3.91,0.92
1629675,1610612750,2023,11.49,1.13,4.9,0.78
1629675,1610612750,2024,13.46,1.31,5.22,0.9
1629675,1610612750,2025,14.22,2.26,6.0,0.9
1631197,1610612765,2023,3.21,0.29,2.64,0.07
1631197,1610612765,2024,4.88,0.82,1.94,0.76
1631197,1610612766,2025,1.0,0.5,1.0,0.0
1630208,1610612766,2021,0.83,0.11,0.61,0.0
1630208,1610612766,2022,3.0,0.26,1.72,0.42
1630208,1610612766,2023,8.18,0.58,6.4,1.09
1630208,1610612766,2024,9.73,0.81,8.04,1.1
1630208,1610612766,2025,8.9,1.33,7.52,1.24
1626196,1610612748,2016,6.56,1.4,2.06,0.48
1626196,1610612748,2017,10.17,2.64,3.17,0.74
1626196,1610612748,2018,12.9,2.85,3.52,0.93
1626196,1610612748,2019,16.56,4.08,3.6,0.47
1626196,1610612755,2020,13.73,2.95,3.16,0.65
1626196,1610612742,2021,12.12,2.59,3.31,0.41
1626196,1610612738,2022,9.7,1.5,2.84,0.52
1626196,1610612759,2023,11.45,3.26,2.83,0.26
1626196,1610612748,2024,9.88,2.44,2.81,0.33
1626196,1610612748,2025,4.0,1.5,1.5,0.12
1642258,1610612737,2025,12.56,1.23,3.57,0.49
1641857,1610612749,2025,0.69,0.15,0.92,0.15
1629130,1610612748,2019,3.33,0.33,1.27,0.0
1629130,1610612748,2020,13.47,1.4,3.18,0.26
1629130,1610612748,2021,13.08,1.76,3.47,0.28
1629130,1610612748,2022,10.92,1.63,2.57,0.18
1629130,1610612748,2023,6.38,1.1,1.64,0.0
1629130,1610612748,2024,12.87,2.82,2.54,0.24
1629130,1610612748,2025,11.04,2.38,2.26,0.08
1629011,1610612752,2019,7.35,0.56,6.41,2.44
1629011,1610612752,2020,9.67,0.59,7.02,1.95
1629011,1610612752,2021,8.26,0.55,8.13,1.45
1629011,1610612752,2022,8.47,0.53,8.57,1.85
1629011,1610612752,2023,7.37,0.9,9.41,1.85
1629011,1610612752,2024,5.58,0.58,8.48,1.13
1629011,1610612752,2025,5.12,0.76,5.94,1.06
1631115,1610612748,2023,3.74,0.81,4.06,0.39
1631115,1610612748,2024,2.75,0.94,2.33,0.22
1631115,1610612758,2025,2.11,1.0,1.56,0.11
1630526,1610612760,2022,7.47,1.0,5.59,0.31
1630526,1610612760,2023,6.79,1.0,4.19,0.26
1630526,1610612740,2024,2.95,0.54,1.95,0.1
1630526,1610612740,2025,6.33,1.33,4.77,0.11
1631223,1610612763,2023,6.66,0.84,2.76,0.27
1631223,1610612763,2024,8.4,1.58,4.17,0.23
1631223,1610612737,2025,4.52,1.11,2.59,0.3
1631157,1610612744,2023,1.92,0.5,1.0,0.08
1631157,1610612764,2024,4.1,1.1,1.1,0.3
1631157,1610612749,2025,6.23,1.86,1.93,0.3
1642050,1610612744,2025,3.67,0.67,1.83,0.0
1626179,1610612738,2016,1.85,0.95,1.62,0.03
1626179,1610612738,2017,5.54,1.77,3.07,0.15
1626179,1610612738,2018,11.25,2.9,4.7,0.24
1626179,1610612738,2019,8.96,2.92,3.89,0.27
1626179,1610612766,2020,18.0,4.11,4.38,0.16
1626179,1610612766,2021,20.39,4.25,4.38,0.38
1626179,1610612766,2022,19.29,4.47,4.32,0.34
1626179,1610612766,2023,21.1,5.06,4.11,0.25
1626179,1610612766,2024,23.2,6.6,3.9,0.4
1626179,1610612748,2025,10.61,2.61,3.72,0.22
1641712,1610612757,2024,3.97,1.59,2.36,0.08
1641712,1610612757,2025,2.98,0.48,1.35,0.08
1626156,1610612747,2016,13.18,3.33,3.42,0.16
1626156,1610612747,2017,15.62,4.81,3.51,0.25
1626156,1610612751,2018,15.48,5.19,3.94,0.35
1626156,1610612751,2019,21.14,6.95,3.89,0.25
1626156,1610612744,2020,23.61,6.24,3.7,0.27
1626156,1610612750,2021,18.95,5.81,2.64,0.43
1626156,1610612750,2022,18.09,7.08,3.32,0.34
1626156,1610612750,2023,17.91,6.19,3.06,0.39
1626156,1610612747,2024,18.01,6.34,3.11,0.47
1626156,1610612747,2025,12.38,4.69,2.76,0.14
1630346,1610612738,2022,3.0,0.0,0.0,0.0
1630346,1610612747,2023,3.92,0.33,1.17,0.0
1630346,1610612740,2024,5.43,0.64,1.43,0.04
1630346,1610612752,2025,1.47,0.16,0.42,0.0
1627734,1610612760,2017,5.91,1.01,3.56,0.4
1627734,1610612754,2018,11.64,2.04,7.73,0.43
1627734,1610612754,2019,14.09,2.86,9.32,0.41
1627734,1610612754,2020,18.5,5.0,12.44,0.48
1627734,1610612754,2021,20.32,6.69,11.97,0.53
1627734,1610612754,2022,18.89,5.02,12.06,0.47
1627734,1610612758,2023,19.11,7.25,12.32,0.49
1627734,1610612758,2024,19.43,8.21,13.66,0.59
1627734,1610612758,2025,19.1,6.04,13.89,0.37
1642275,1610612766,2025,5.88,1.23,4.67,0.23
1641766,1610612741,2024,4.0,0.0,4.0,0.0
1641766,1610612741,2025,2.0,0.25,1.5,0.0
1630611,1610612744,2024,3.57,0.61,2.13,0.09
1630611,1610612744,2025,4.05,1.43,3.07,0.18
1642259,1610612764,2025,12.97,2.4,6.49,1.51
1631204,1610612765,2024,8.25,3.32,1.76,0.17
1631204,1610612765,2025,6.58,2.33,1.21,0.07
1631248,1610612738,2025,3.65,1.06,2.1,0.06
203471,1610612737,2014,3.73,1.9,1.22,0.0
203471,1610612737,2015,9.97,4.12,2.13,0.05
203471,1610612737,2016,10.99,4.36,2.55,0.11
203471,1610612737,2017,17.9,6.32,3.14,0.2
203471,1610612737,2018,19.42,6.22,3.1,0.09
203471,1610612760,2019,15.49,4.09,3.59,0.15
203471,1610612760,2020,18.91,4.03,3.63,0.22
203471,1610612747,2021,15.43,5.75,3.46,0.21
203471,1610612738,2022,14.37,4.24,3.35,0.1
203471,1610612747,2023,12.39,4.45,2.46,0.15
203471,1610612761,2024,13.69,6.14,2.75,0.16
203471,1610612751,2025,18.43,6.61,2.96,0.17
1630578,1610612745,2022,9.61,2.57,5.46,0.94
1630578,1610612745,2023,14.79,3.88,9.04,0.93
1630578,1610612745,2024,21.13,4.95,9.35,0.73
1630578,1610612745,2025,19.09,4.89,10.34,0.8
1641729,1610612762,2024,7.53,1.72,3.19,0.19
1641729,1610612762,2025,10.87,1.55,2.96,0.11
1629012,1610612739,2019,16.72,2.96,2.88,0.07
1629012,1610612739,2020,20.75,2.95,3.14,0.11
1629012,1610612739,2021,24.33,4.37,3.12,0.17
1629012,1610612739,2022,16.0,2.09,3.27,0.0
1629012,1610612762,2023,14.27,2.88,2.19,0.12
1629012,1610612762,2024,18.69,4.91,2.63,0.23
1629012,1610612762,2025,18.4,4.19,2.71,0.1
1629013,1610612755,2019,8.31,1.09,1.44,0.15
1629013,1610612746,2020,9.28,1.87,1.89,0.19
1629013,1610612751,2021,9.3,1.62,1.84,0.16
1629013,1610612756,2022,8.3,1.57,1.83,0.13
1629013,1610612756,2023,8.65,2.33,1.68,0.12
1629013,1610612764,2024,7.11,1.17,1.35,0.22
1629013,1610612752,2025,5.72,0.54,1.22,0.04
1630545,1610612750,2025,4.31,1.0,1.47,0.16
1630549,1610612751,2022,6.19,0.53,5.0,0.47
1630549,1610612751,2023,4.73,0.77,4.17,0.67
1630549,1610612751,2024,6.8,1.39,6.38,0.72
1630549,1610612751,2025,7.94,1.82,6.6,0.84
1631101,1610612757,2023,9.86,1.18,2.95,0.3
1631101,1610612757,2024,15.94,2.94,5.0,0.38
1631101,1610612757,2025,18.54,2.75,4.5,0.22
1642347,1610612761,2025,7.11,4.21,1.53,0.13
1641767,1610612754,2024,4.42,0.93,1.56,0.04
1641767,1610612754,2025,5.27,1.35,2.81,0.22
1642263,1610612745,2025,4.4,1.44,1.5,0.33
1627783,1610612761,2017,4.16,0.31,3.36,0.82
1627783,1610612761,2018,7.27,1.96,4.49,0.52
1627783,1610612761,2019,16.93,3.1,6.86,0.65
1627783,1610612761,2020,22.85,3.45,7.32,0.88
1627783,1610612761,2021,21.36,4.46,7.23,0.66
1627783,1610612761,2022,22.81,5.29,8.53,0.62
1627783,1610612761,2023,24.23,5.85,7.83,0.51
1627783,1610612761,2024,22.18,4.87,6.31,0.26
1627783,1610612754,2025,20.23,3.37,6.92,0.54
1627732,1610612755,2018,15.79,8.16,8.14,0.86
1627732,1610612755,2019,16.92,7.72,8.82,0.77
1627732,1610612755,2020,16.44,7.98,7.79,0.58
1627732,1610612755,2021,14.29,6.91,7.19,0.6
1627732,1610612751,2023,6.93,6.1,6.26,0.57
1627732,1610612751,2024,6.13,5.73,7.93,0.6
1627732,1610612751,2025,6.18,6.94,5.21,0.48
1629014,1610612757,2019,3.75,0.65,0.65,0.0
1629014,1610612757,2020,8.27,1.39,2.17,0.14
1629014,1610612757,2021,7.84,1.39,2.19,0.12
1629014,1610612757,2022,17.33,3.88,2.65,0.11
1629014,1610612757,2023,21.06,4.08,2.6,0.23
1629014,1610612757,2024,22.59,5.54,3.63,0.11
1629014,1610612757,2025,19.26,4.81,2.7,0.07
1642354,1610612766,2025,7.83,3.11,3.03,0.17
1630579,1610612752,2022,2.2,0.51,4.12,0.54
1630579,1610612752,2023,3.42,0.48,4.65,0.54
1630579,1610612752,2024,2.04,0.56,3.27,0.42
1630579,1610612752,2025,1.64,0.56,3.31,0.26
203935,1610612738,2015,7.81,3.1,3.31,0.27
203935,1610612738,2016,9.15,3.03,4.18,0.3
203935,1610612738,2017,10.57,4.61,3.86,0.43
203935,1610612738,2018,10.19,4.8,3.48,0.43
203935,1610612738,2019,8.85,4.01,2.92,0.35
203935,1610612738,2020,12.93,4.85,3.75,0.48
203935,1610612738,2021,13.06,5.69,3.48,0.48
203935,1610612738,2022,12.13,5.87,3.8,0.25
203935,1610612738,2023,11.52,6.26,3.13,0.38
203935,1610612763,2024,14.45,4.3,2.65,0.25
203935,1610612763,2025,8.68,3.74,2.26,0.32
1630696,1610612748,2023,2.2,1.0,1.8,0.6
1630696,1610612748,2024,4.33,1.56,1.56,0.33
1630696,1610612748,2025,6.21,1.64,2.57,0.43
1630188,1610612756,2021,1.96,0.15,1.37,0.15
1630188,1610612756,2022,6.03,0.21,4.79,0.62
1630188,1610612754,2023,9.44,0.97,5.79,0.88
1630188,1610612754,2024,9.85,1.03,5.52,0.62
1630188,1610612741,2025,8.19,1.02,5.58,0.69
1642449,1610612765,2025,14.0,0.0,8.0,0.0
1641890,1610612749,2025,2.91,0.17,1.09,0.17
1631095,1610612745,2023,12.78,1.28,7.2,0.94
1631095,1610612745,2024,13.74,1.59,8.11,0.8
1631095,1610612745,2025,12.25,1.05,7.0,0.72
1641733,1610612766,2024,5.92,1.16,1.41,0.14
1641733,1610612766,2025,9.85,2.42,2.13,0.1
1631110,1610612759,2023,10.96,2.54,5.27,0.41
1631110,1610612759,2024,11.64,3.36,6.43,0.54
1631110,1610612759,2025,11.43,2.37,6.52,0.5
1642285,1610612763,2025,4.24,1.36,1.2,0.04
1630311,1610612744,2024,0.67,0.83,0.67,0.0
1630311,1610612744,2025,2.51,1.23,1.18,0.08
1630531,1610612755,2022,1.0,0.0,1.0,1.0
1630531,1610612755,2023,2.62,0.5,0.88,0.19
1630531,1610612755,2024,4.0,1.09,1.81,0.34
1630531,1610612738,2025,1.73,0.38,0.92,0.04
1641815,1610612748,2025,0.0,0.0,0.67,0.0
1630205,1610612739,2021,4.12,0.62,2.4,0.33
1630205,1610612739,2022,6.08,0.7,2.6,0.29
1630205,1610612739,2023,5.29,0.53,3.34,0.31
1630205,1610612738,2024,2.79,0.42,1.63,0.26
1630205,1610612763,2025,4.35,0.47,2.24,0.18
1630191,1610612765,2021,7.9,0.87,6.66,1.26
1630191,1610612765,2022,8.3,1.15,8.69,1.1
1630191,1610612765,2023,11.34,1.4,8.06,0.68
1630191,1610612765,2024,10.93,1.59,6.63,0.83
1630191,1610612765,2025,6.04,1.71,5.54,1.4
1631124,1610612743,2024,4.54,0.94,1.22,0.14
1631124,1610612743,2025,9.05,1.28,2.18,0.25
1629622,1610612741,2020,2.5,0.0,0.5,0.0
1629622,1610612748,2021,6.05,0.62,1.05,0.05
1629622,1610612748,2022,10.6,1.35,2.97,0.24
1629622,1610612748,2023,11.54,2.14,3.23,0.15
1629622,1610612739,2024,12.19,4.04,4.83,0.41
1629622,1610612739,2025,9.42,3.16,4.34,0.24
1630591,1610612753,2022,11.75,4.35,3.56,0.4
1630591,1610612753,2023,9.89,2.92,3.04,0.51
1630591,1610612753,2024,12.57,2.73,3.05,0.63
1630591,1610612753,2025,16.2,3.69,4.03,0.94
1631306,1610612747,2023,1.29,0.57,1.0,0.0
1631306,1610612748,2024,2.33,0.28,0.39,0.06
1631306,1610612765,2025,0.0,0.5,1.0,0.0
1630256,1610612745,2021,11.34,2.54,5.34,0.51
1630256,1610612745,2022,11.78,2.85,5.38,0.53
1630256,1610612745,2023,9.13,2.71,3.81,0.23
1630256,1610612745,2024,4.08,0.98,3.03,0.23
1630256,1610612745,2025,3.62,0.9,2.25,0.13
1628369,1610612738,2018,13.9,1.6,5.03,0.72
1628369,1610612738,2019,15.73,2.13,6.04,0.72
1628369,1610612738,2020,23.44,3.03,6.97,0.86
1628369,1610612738,2021,26.44,4.31,7.38,0.48
1628369,1610612738,2022,26.92,4.39,8.01,0.64
1628369,1610612738,2023,30.07,4.62,8.77,0.69
1628369,1610612738,2024,26.85,4.92,8.12,0.58
1628369,1610612738,2025,26.83,5.99,8.65,0.53
1630678,1610612754,2022,9.64,1.24,5.21,0.24
1630678,1610612754,2023,2.65,0.38,1.5,0.19
1630678,1610612741,2024,1.48,0.32,1.19,0.06
1630678,1610612758,2025,0.0,0.67,0.33,0.0
202066,1610612745,2010,5.0,0.78,1.56,0.44
202066,1610612759,2011,0.67,0.67,0.67,0.33
202066,1610612764,2013,5.14,2.25,2.41,0.33
202066,1610612764,2014,1.84,0.96,0.91,0.15
202066,1610612764,2015,3.92,1.08,1.73,0.17
202066,1610612764,2016,7.28,1.75,2.65,0.23
202066,1610612758,2017,7.78,2.58,2.83,0.43
202066,1610612758,2018,8.42,1.91,2.34,0.42
202066,1610612763,2019,9.45,1.41,3.1,0.51
202066,1610612751,2020,10.34,2.52,3.52,0.47
202066,1610612741,2021,7.55,2.21,2.86,0.54
202066,1610612740,2022,5.24,1.25,2.42,0.39
202066,1610612740,2023,2.0,0.52,0.68,0.08
202066,1610612761,2024,3.26,1.04,1.67,0.11
202066,1610612761,2025,1.89,1.11,1.04,0.07
1631207,1610612741,2023,2.24,0.58,0.97,0.13
1631207,1610612741,2024,3.05,1.37,1.92,0.31
1631207,1610612741,2025,4.47,1.33,1.7,0.21
1628464,1610612738,2018,5.25,0.89,4.35,0.76
1628464,1610612738,2019,5.67,1.03,3.41,0.64
1628464,1610612738,2020,9.25,1.71,6.55,1.29
1628464,1610612738,2021,9.45,1.6,5.24,1.02
1628464,1610612745,2022,8.38,0.77,5.0,0.65
1628464,1610612754,2023,7.0,1.29,3.14,0.86
1628464,1610612754,2024,2.0,0.0,0.0,0.0
1628464,1610612740,2025,4.26,1.58,4.32,0.53
1630560,1610612751,2022,8.51,1.16,2.4,0.12
1630560,1610612751,2023,10.6,1.37,1.67,0.12
1630560,1610612751,2024,22.45,2.91,3.24,0.24
1630560,1610612751,2025,23.96,3.76,3.32,0.08
1641708,1610612745,2024,9.55,2.63,6.6,0.61
1641708,1610612745,2025,14.06,3.84,8.17,1.29
1641709,1610612765,2024,8.83,1.9,6.38,0.94
1641709,1610612765,2025,10.07,2.27,5.14,0.68
202691,1610612744,2012,12.52,2.02,2.44,0.3
202691,1610612744,2013,16.57,2.23,3.73,0.55
202691,1610612744,2014,18.37,2.23,3.07,0.46
202691,1610612744,2015,21.66,2.88,3.21,0.78
202691,1610612744,2016,22.14,2.08,3.83,0.61
202691,1610612744,2017,22.33,2.05,3.65,0.51
202691,1610612744,2018,20.01,2.53,3.79,0.47
202691,1610612744,2019,21.54,2.38,3.83,0.6
202691,1610612744,2022,20.38,2.75,3.91,0.53
202691,1610612744,2023,21.87,2.36,4.14,0.42
202691,1610612744,2024,17.86,2.29,3.3,0.45
202691,1610612742,2025,13.96,2.01,3.42,0.42
202684,1610612739,2012,8.23,0.45,6.48,1.03
202684,1610612739,2013,11.67,1.32,9.43,0.87
202684,1610612739,2014,11.72,0.88,9.2,0.43
202684,1610612739,2015,8.45,0.48,8.01,0.74
202684,1610612739,2016,7.84,0.76,9.0,0.62
202684,1610612739,2017,8.08,0.99,9.17,1.08
202684,1610612739,2018,5.79,0.62,6.64,0.32
202684,1610612739,2019,10.93,2.0,10.19,0.37
202684,1610612739,2020,12.0,2.11,10.12,0.88
202684,1610612738,2021,7.57,1.24,8.13,0.61
202684,1610612758,2022,6.17,0.6,5.37,0.4
202684,1610612739,2024,3.29,1.04,3.55,0.29
202684,1610612739,2025,1.73,0.6,3.35,0.28
1630550,1610612766,2022,2.03,0.58,1.3,0.33
1630550,1610612766,2023,3.8,0.52,2.2,0.33
1630550,1610612766,2024,3.16,0.46,2.32,0.43
1630550,1610612739,2025,3.11,0.11,0.67,0.33
1629680,1610612755,2020,4.69,1.22,1.65,0.72
1629680,1610612755,2021,3.92,0.97,1.91,1.09
1629680,1610612755,2022,5.74,1.14,2.29,1.08
1629680,1610612755,2023,2.65,0.47,1.29,0.29
1629680,1610612757,2024,5.45,1.38,2.09,0.75
1629680,1610612757,2025,7.47,1.87,3.47,0.6
1630214,1610612763,2021,6.61,1.27,4.34,0.56
1630214,1610612763,2022,4.75,1.17,3.04,0.28
1630214,1610612763,2023,7.03,1.57,5.03,0.48
1630214,1610612763,2024,6.0,1.68,4.62,1.03
1630214,1610612738,2025,1.03,0.21,1.3,0.15
1631166,1610612751,2025,12.11,2.22,7.22,0.11
1641772,1610612739,2025,7.2,0.4,4.2,0.2
1631210,1610612752,2024,1.44,0.33,0.78,0.11
1631210,1610612752,2025,0.38,0.25,0.69,0.0
1630167,1610612752,2021,4.08,0.47,2.23,0.24
1630167,1610612752,2022,9.0,1.07,3.72,0.46
1630167,1610612752,2023,7.42,0.99,2.79,0.18
1630167,1610612754,2024,10.28,1.56,3.9,0.52
1630167,1610612754,2025,10.54,1.62,4.03,0.35
1626157,1610612750,2016,18.33,1.96,10.46,1.68
1626157,1610612750,2017,25.13,2.68,12.28,1.26
1626157,1610612750,2018,21.26,2.43,12.34,1.4
1626157,1610612750,2019,24.42,3.36,12.39,1.62
1626157,1610612750,2020,26.46,4.37,10.8,1.2
1626157,1610612750,2021,24.78,4.5,10.58,1.14
1626157,1610612750,2022,24.57,3.64,9.82,1.12
1626157,1610612750,2023,20.76,4.83,8.14,0.59
1626157,1610612750,2024,21.76,3.05,8.31,0.66
1626157,1610612752,2025,24.43,3.08,12.78,0.69
1642422,1610612747,2025,1.56,0.11,1.67,0.22
1631247,1610612739,2025,1.0,0.67,1.67,0.08
1629018,1610612757,2019,2.67,0.33,0.73,0.13
1629018,1610612757,2020,8.87,1.0,1.64,0.26
1629018,1610612757,2021,14.95,1.41,2.22,0.15
1629018,1610612761,2022,18.33,2.01,2.73,0.27
1629018,1610612761,2023,17.39,1.61,2.62,0.21
1629018,1610612761,2024,13.72,1.68,2.65,0.14
1629018,1610612749,2025,11.14,1.18,2.27,0.05
1631131,1610612754,2024,3.25,0.25,2.0,0.12
1631131,1610612762,2025,7.64,0.64,8.71,0.07
200782,1610612761,2007,1.76,0.18,1.35,0.0
200782,1610612756,2013,6.41,1.38,4.43,0.24
200782,1610612756,2014,9.38,1.74,6.53,0.28
200782,1610612756,2015,9.14,1.56,6.44,0.29
200782,1610612756,2016,7.95,2.16,6.24,0.24
200782,1610612756,2017,7.04,1.28,6.0,0.25
200782,1610612745,2018,6.12,0.94,5.57,0.32
200782,1610612745,2019,7.33,1.17,5.84,0.48
200782,1610612745,2020,6.94,1.6,6.61,0.5
200782,1610612745,2021,4.41,1.41,4.62,0.56
200782,1610612748,2022,7.59,2.1,5.45,0.21
200782,1610612755,2023,3.55,0.8,3.93,0.2
200782,1610612755,2024,2.0,0.0,4.67,0.67
200782,1610612752,2025,3.0,0.0,2.67,0.33
1626167,1610612754,2016,10.32,0.68,5.53,1.43
1626167,1610612754,2017,14.48,1.31,7.27,2.12
1626167,1610612754,2018,12.74,1.34,6.42,1.82
1626167,1610612754,2019,13.3,1.55,7.18,2.69
1626167,1610612754,2020,12.08,1.16,6.56,2.13
1626167,1610612754,2021,12.6,1.02,6.51,3.38
1626167,1610612754,2022,12.86,1.05,7.07,2.81
1626167,1610612754,2023,17.95,1.44,7.52,2.26
1626167,1610612754,2024,17.05,1.3,6.92,1.87
1626167,1610612754,2025,15.56,1.54,6.54,2.0
1641816,1610612743,2024,1.11,0.11,0.5,0.0
1641816,1610612743,2025,2.63,0.39,1.53,0.12
1642281,1610612739,2025,3.55,0.94,2.04,0.06
1630649,1610612765,2023,2.0,0.0,0.0,1.0
1630649,1610612765,2024,5.29,0.46,2.12,0.29
1630649,1610612749,2025,0.68,0.18,0.77,0.27
202685,1610612761,2013,8.94,0.73,6.0,1.26
202685,1610612761,2014,11.31,0.7,8.81,0.88
202685,1610612761,2015,12.04,0.49,8.66,1.19
202685,1610612761,2016,12.8,0.7,9.12,1.33
202685,1610612761,2017,11.99,0.71,9.49,0.79
202685,1610612761,2018,12.73,1.05,8.57,0.9
202685,1610612761,2019,12.8,0.97,7.2,0.77
202685,1610612763,2020,14.91,1.87,11.26,1.09
202685,1610612763,2021,17.06,1.81,12.52,0.92
202685,1610612740,2022,17.76,2.57,11.39,0.81
202685,1610612740,2023,14.11,1.77,10.18,0.66
202685,1610612740,2024,12.22,2.11,8.79,0.83
202685,1610612764,2025,11.51,2.2,8.24,0.57
1627832,1610612761,2017,2.89,0.95,1.14,0.08
1627832,1610612761,2018,8.63,3.2,2.42,0.25
1627832,1610612761,2019,10.95,4.8,2.61,0.31
1627832,1610612761,2020,17.63,6.61,3.76,0.31
1627832,1610612761,2021,19.6,6.31,4.23,0.71
1627832,1610612761,2022,20.31,6.68,4.45,0.54
1627832,1610612761,2023,19.35,7.17,4.06,0.55
1627832,1610612745,2024,17.4,8.07,3.81,0.81
1627832,1610612745,2025,14.07,5.55,3.68,0.42
1629020,1610612743,2019,1.41,0.18,1.35,0.06
1629020,1610612743,2020,1.11,0.22,0.89,0.11
1629020,1610612750,2021,5.38,1.19,5.75,0.72
1629020,1610612750,2022,6.92,1.27,8.43,0.62
1629020,1610612762,2023,8.31,2.73,7.87,0.29
1629020,1610612747,2024,5.17,1.24,4.76,0.17
1629020,1610612747,2025,4.08,1.14,5.06,0.28
1630170,1610612759,2021,5.5,0.9,2.81,0.29
1630170,1610612759,2022,12.28,1.92,4.31,0.58
1630170,1610612759,2023,18.5,3.58,3.89,0.45
1630170,1610612759,2024,19.46,4.07,3.84,0.34
1630170,1610612759,2025,16.27,2.86,3.98,0.52
1629216,1610612748,2020,2.44,0.67,0.56,0.0
1629216,1610612748,2021,4.84,1.34,1.12,0.04
1629216,1610612748,2022,8.69,3.09,1.85,0.18
1629216,1610612748,2023,9.43,2.46,2.13,0.07
1629216,1610612747,2024,3.09,1.91,0.82,0.0
1629216,1610612747,2025,6.39,1.36,1.28,0.18
1641774,1610612764,2024,8.5,1.3,3.6,0.7
1641774,1610612764,2025,9.43,1.11,3.71,0.66
202696,1610612755,2012,5.55,0.61,4.82,0.67
202696,1610612753,2013,13.09,1.86,11.91,1.03
202696,1610612753,2014,14.23,1.82,10.98,0.82
202696,1610612753,2015,19.3,1.99,10.95,0.73
202696,1610612753,2016,18.17,2.75,8.86,1.08
202696,1610612753,2017,14.61,2.77,10.39,0.99
202696,1610612753,2018,16.47,3.35,9.18,1.09
202696,1610612753,2019,20.81,3.84,12.0,1.11
202696,1610612753,2020,19.6,3.58,10.85,0.76
202696,1610612753,2021,24.55,3.8,11.75,0.64
202696,1610612741,2022,17.64,3.23,11.01,0.97
202696,1610612741,2023,17.65,3.23,11.01,0.7
202696,1610612741,2024,18.03,3.34,10.54,0.79
202696,1610612741,2025,18.48,3.51,10.07,0.71
1629731,1610612739,2020,1.67,0.17,1.58,0.33
1629731,1610612739,2021,5.97,1.17,3.41,0.33
1629731,1610612739,2022,5.27,1.02,2.94,0.14
1629731,1610612739,2023,4.68,0.84,3.41,0.48
1629731,1610612739,2024,5.39,0.8,4.04,0.46
1629731,1610612739,2025,5.42,1.29,4.22,0.34
1630532,1610612753,2022,15.15,2.92,4.51,0.43
1630532,1610612753,2023,18.56,3.54,4.11,0.21
1630532,1610612753,2024,19.74,3.74,5.29,0.39
1630532,1610612753,2025,24.15,4.73,5.7,0.35
1629021,1610612747,2019,4.81,0.56,1.98,0.3
1629021,1610612764,2020,8.73,1.24,4.87,0.42
1629021,1610612764,2021,7.12,1.28,2.92,0.32
1629021,1610612753,2022,8.95,1.38,3.68,0.21
1629021,1610612753,2023,10.53,1.47,4.54,0.23
1629021,1610612753,2024,10.85,1.2,4.34,0.26
1629021,1610612753,2025,12.87,1.4,4.93,0.4
1631133,1610612757,2023,3.86,0.61,2.34,0.23
1631133,1610612757,2024,8.86,0.99,7.06,0.31
1631133,1610612757,2025,5.22,0.62,3.52,0.1
1641716,1610612754,2024,3.64,1.21,1.91,0.33
1641716,1610612754,2025,6.15,1.47,3.05,0.33
1629022,1610612759,2019,2.65,0.53,1.0,0.18
1629022,1610612759,2020,6.38,1.11,2.28,0.23
1629022,1610612759,2021,11.15,1.68,2.58,0.25
1629022,1610612759,2022,12.13,2.17,2.59,0.27
1629022,1610612747,2023,11.68,1.14,1.95,0.3
1629022,1610612751,2024,9.74,1.28,2.19,0.34
1629022,1610612755,2025,12.35,2.5,3.15,0.25
1641717,1610612760,2024,6.84,1.46,2.28,0.45
1641717,1610612760,2025,8.35,2.54,3.37,0.51
1630811,1610612737,2025,5.42,2.61,1.61,0.29
1641775,1610612738,2024,1.67,0.56,2.22,0.11
1641775,1610612738,2025,1.58,0.37,1.33,0.21
1642266,1610612761,2025,8.63,1.56,3.08,0.19
1642276,1610612748,2025,9.3,0.94,7.39,1.11
1629023,1610612766,2020,12.24,2.12,5.45,0.76
1629023,1610612766,2021,12.88,2.52,6.53,1.23
1629023,1610612766,2022,10.28,2.26,5.18,0.94
1629023,1610612766,2023,15.67,2.4,4.9,1.08
1629023,1610612766,2024,13.64,2.2,5.27,0.73
1629023,1610612742,2025,14.67,2.3,7.75,1.05
1631102,1610612745,2023,4.68,1.52,1.45,0.06
1631102,1610612749,2024,1.27,0.45,0.45,0.0
1631102,1610612756,2025,2.19,1.0,0.81,0.0
1630322,1610612760,2022,7.96,0.96,2.92,0.32
1630322,1610612760,2023,5.22,0.68,1.83,0.27
1630322,1610612760,2024,3.61,0.63,1.05,0.18
1630322,1610612744,2025,5.5,1.11,2.53,0.26
1630570,1610612757,2022,7.58,1.69,4.15,0.58
1630570,1610612757,2023,7.4,2.1,3.84,0.19
1630570,1610612751,2024,6.86,1.29,3.08,0.3
1630570,1610612751,2025,10.23,2.61,3.64,0.27
1641817,1610612752,2025,0.89,0.22,0.33,0.0
1631212,1610612743,2023,3.26,0.48,1.61,0.48
1631212,1610612743,2024,6.65,1.07,3.23,1.1
1631212,1610612743,2025,8.1,1.38,3.43,1.37
1642377,1610612763,2025,10.42,1.71,3.39,0.1
1641705,1610612759,2024,21.44,3.86,10.63,3.58
1641705,1610612759,2025,24.26,3.65,11.0,3.83
1631104,1610612759,2023,4.97,2.65,2.22,0.14
1631104,1610612759,2024,4.39,2.72,1.54,0.15
1631104,1610612759,2025,3.74,1.97,1.05,0.1
201566,1610612760,2009,15.32,5.3,4.87,0.2
201566,1610612760,2010,16.12,7.95,4.89,0.41
201566,1610612760,2011,21.87,8.17,4.62,0.37
201566,1610612760,2012,23.61,5.48,4.56,0.32
201566,1610612760,2013,23.21,7.4,5.22,0.29
201566,1610612760,2014,21.78,6.93,5.72,0.15
201566,1610612760,2015,28.15,8.57,7.28,0.21
201566,1610612760,2016,23.48,10.43,7.83,0.25
201566,1610612760,2017,31.58,10.37,10.67,0.38
201566,1610612760,2018,25.35,10.25,10.05,0.25
201566,1610612760,2019,22.95,10.74,11.05,0.45
201566,1610612745,2020,27.25,7.04,7.91,0.35
201566,1610612764,2021,22.23,11.74,11.54,0.35
201566,1610612747,2022,18.47,7.05,7.44,0.26
201566,1610612747,2023,15.9,7.52,6.17,0.44
201566,1610612746,2024,11.09,4.5,5.04,0.34
201566,1610612743,2025,13.25,6.09,4.93,0.49
1630762,1610612755,2025,1.6,0.4,1.6,0.4
1629632,1610612741,2020,13.22,2.69,3.54,0.09
1629632,1610612741,2021,15.09,4.75,4.12,0.22
1629632,1610612741,2022,12.66,2.89,2.98,0.18
1629632,1610612741,2023,9.66,2.76,2.86,0.08
1629632,1610612741,2024,19.1,5.13,4.53,0.23
1629632,1610612741,2025,20.39,4.46,3.69,0.22
1628401,1610612759,2018,3.18,0.53,1.53,0.18
1628401,1610612759,2019,9.9,3.93,3.69,0.7
1628401,1610612759,2020,11.25,3.54,3.28,0.87
1628401,1610612759,2021,15.36,3.53,2.97,1.0
1628401,1610612759,2022,14.41,5.59,3.53,0.86
1628401,1610612738,2023,12.4,3.91,3.57,0.93
1628401,1610612738,2024,15.16,5.16,4.25,1.19
1628401,1610612738,2025,16.42,4.75,4.49,1.05
1641727,1610612751,2024,1.5,1.5,2.0,0.5
1641727,1610612751,2025,5.7,0.6,1.45,0.05
1641715,1610612745,2024,12.32,0.7,3.83,0.36
1641715,1610612745,2025,9.35,0.96,2.96,0.25
1630598,1610612760,2022,8.32,1.36,3.56,0.2
1630598,1610612760,2023,6.84,1.14,3.0,0.21
1630598,1610612760,2024,6.95,1.1,2.38,0.24
1630598,1610612760,2025,12.03,1.76,3.88,0.24
203952,1610612750,2015,16.91,2.07,4.56,0.61
203952,1610612750,2016,20.68,2.02,3.59,0.57
203952,1610612750,2017,23.57,2.3,4.0,0.37
203952,1610612750,2018,17.71,1.95,4.37,0.62
203952,1610612750,2019,18.1,2.52,4.82,0.66
203952,1610612750,2020,22.43,3.69,5.21,0.86
203952,1610612744,2021,18.59,2.35,4.89,0.99
203952,1610612744,2022,17.21,2.21,4.45,0.7
203952,1610612744,2023,17.11,2.3,5.03,0.76
203952,1610612744,2024,13.23,1.68,4.52,0.58
203952,1610612744,2025,17.56,2.37,4.58,0.77
1631214,1610612751,2023,0.0,0.0,1.0,0.0
1631214,1610612748,2024,0.71,0.0,0.14,0.14
1631214,1610612765,2025,5.0,1.0,0.0,0.0
1630314,1610612757,2022,12.88,3.92,3.08,0.42
1630314,1610612742,2024,3.18,1.0,0.76,0.06
1630314,1610612742,2025,8.33,2.3,1.76,0.15
1642262,1610612762,2025,4.6,1.18,2.26,0.32
1629684,1610612738,2020,3.43,0.99,2.58,0.52
1629684,1610612738,2021,4.67,1.02,2.83,0.38
1629684,1610612738,2022,7.82,1.01,3.56,0.74
1629684,1610612738,2023,8.11,1.66,4.59,0.39
1629684,1610612742,2024,8.13,1.72,3.6,0.57
1629684,1610612766,2025,10.38,2.31,5.12,0.81
1631114,1610612760,2023,14.08,3.31,4.49,0.47
1631114,1610612760,2024,19.08,4.54,3.97,0.63
1631114,1610612760,2025,21.59,5.13,5.35,0.67
1631119,1610612760,2023,5.88,1.55,4.92,0.24
1631119,1610612760,2024,4.0,1.59,3.39,0.39
1631119,1610612760,2025,5.91,2.55,5.57,0.62
1629026,1610612740,2019,6.07,1.8,4.76,0.41
1629026,1610612740,2020,3.49,1.46,4.77,0.54
1629026,1610612760,2021,7.97,2.3,4.14,0.26
1629026,1610612760,2022,7.41,2.2,4.49,0.2
1629026,1610612760,2023,8.02,1.98,4.92,0.26
1629026,1610612760,2024,4.71,1.35,3.03,0.13
1629026,1610612760,2025,6.32,1.41,3.49,0.14
1631109,1610612766,2023,9.0,0.42,7.07,1.05
1631109,1610612766,2024,12.74,1.16,9.68,1.05
1631109,1610612766,2025,15.25,2.48,10.16,1.23
1631466,1610612757,2023,10.6,2.0,3.0,0.4
1631466,1610612745,2024,2.86,0.32,1.05,0.05
1631466,1610612745,2025,3.25,0.45,0.65,0.2
1630172,1610612741,2021,9.23,1.39,4.61,0.65
1630172,1610612741,2022,9.0,0.88,4.06,0.53
1630172,1610612741,2023,10.16,1.22,3.99,0.85
1630172,1610612741,2024,9.98,1.53,3.86,0.77
1630172,1610612741,2025,8.98,1.97,3.76,0.51
1630533,1610612763,2022,8.08,1.05,2.08,0.19
1630533,1610612763,2023,5.68,0.95,2.14,0.16
1630533,1610612763,2024,8.24,1.47,3.53,0.18
1630533,1610612751,2025,10.03,1.33,4.56,0.44
1629057,1610612738,2019,2.53,0.22,2.53,1.25
1629057,1610612738,2020,5.17,0.93,4.41,1.21
1629057,1610612738,2021,8.02,1.81,6.88,1.75
1629057,1610612738,2022,9.95,1.98,9.64,2.2
1629057,1610612738,2023,7.97,1.43,8.34,1.37
1629057,1610612757,2024,6.83,0.83,6.33,1.17
1629057,1610612757,2025,5.8,1.05,5.9,1.65
1631246,1610612763,2023,2.0,0.27,1.0,0.13
1631246,1610612763,2024,10.02,3.37,5.58,0.65
1631246,1610612763,2025,6.63,2.04,3.63,0.26
1629627,1610612740,2020,22.5,2.08,6.25,0.38
1629627,1610612740,2021,27.0,3.7,7.23,0.64
1629627,1610612740,2023,26.0,4.59,6.97,0.55
1629627,1610612740,2024,22.87,5.03,5.8,0.67
1629627,1610612740,2025,24.57,5.3,7.2,0.9
1630592,1610612751,2024,4.98,1.05,3.05,0.09
1630592,1610612751,2025,9.48,1.84,3.42,0.06
1630164,1610612744,2021,11.49,0.67,5.79,0.92
1630164,1610612744,2023,6.9,0.67,3.48,0.33
1630164,1610612765,2024,7.08,0.86,5.33,0.62
1630164,1610612754,2025,6.0,0.0,1.0,0.0
1631209,1610612754,2024,2.0,0.0,0.0,0.0
1631209,1610612766,2025,6.0,1.4,1.6,0.0
1626153,1610612761,2016,3.81,1.15,1.37,0.11
1626153,1610612761,2017,5.56,2.11,1.78,0.41
1626153,1610612761,2018,8.04,2.9,2.87,0.48
1626153,1610612761,2019,6.88,2.24,2.55,0.31
1626153,1610612742,2020,6.9,3.34,3.84,0.3
1626153,1610612765,2021,10.39,5.03,4.56,0.53
1626153,1610612737,2022,4.44,2.44,2.86,0.25
1626153,1610612764,2023,7.38,3.88,3.6,0.34
1626153,1610612764,2024,4.06,2.48,1.79,0.24
1626153,1610612749,2025,2.5,1.85,1.77,0.35
1627824,1610612738,2018,2.39,0.48,1.58,0.15
1627824,1610612738,2019,2.29,0.37,1.29,0.17
1627824,1610612755,2025,10.97,2.11,5.64,0.34
1642385,1610612751,2025,0.6,0.0,0.4,0.0
1642443,1610612741,2025,1.83,1.0,0.5,0.0
1629027,1610612737,2019,19.12,8.06,3.72,0.19
1629027,1610612737,2020,29.63,9.33,4.25,0.13
1629027,1610612737,2021,25.3,9.43,3.89,0.19
1629027,1610612737,2022,28.36,9.7,3.74,0.09
1629027,1610612737,2023,26.22,10.15,2.97,0.12
1629027,1610612737,2024,25.72,10.8,2.76,0.2
1629027,1610612737,2025,24.22,11.58,3.11,0.16
1627826,1610612747,2017,7.47,0.79,4.18,0.87
1627826,1610612747,2018,3.74,0.58,2.86,0.35
1627826,1610612747,2019,8.52,0.76,4.91,0.82
1627826,1610612746,2020,8.28,1.14,7.54,0.92
1627826,1610612746,2021,9.03,1.25,7.21,0.86
1627826,1610612746,2022,10.33,1.58,8.47,1.01
1627826,1610612746,2023,10.76,1.01,9.95,1.29
1627826,1610612746,2024,11.68,1.37,9.21,1.22
1627826,1610612746,2025,16.75,2.67,12.62,1.12
1641783,1610612753,2025,7.2,1.53,3.31,0.24
1628427,1610612743,2020,1.21,0.21,0.71,0.07
1628427,1610612743,2021,2.07,0.34,1.22,0.05
1628427,1610612743,2022,4.13,1.13,2.07,0.2
1628427,1610612743,2023,4.95,1.33,2.13,0.23
1628427,1610612743,2025,1.85,0.69,2.46,0.15
203967,1610612755,2017,12.84,2.25,6.33,0.37
203967,1610612755,2018,14.63,2.59,6.67,0.26
203967,1610612755,2019,11.08,2.0,6.62,0.23
203967,1610612756,2020,10.67,1.86,6.15,0.24
203967,1610612756,2021,8.74,1.3,3.8,0.08
203967,1610612756,2023,5.81,1.54,3.84,0.14
203967,1610612744,2024,8.05,2.25,4.42,0.16
203967,1610612743,2025,3.5,1.44,3.12,0.06
