game_id,season_id,game_date,home_team_id,away_team_id,home_score,away_score
22301188,2024,2024-04-14,1610612754,1610612737,,115.0
22301178,2024,2024-04-12,1610612750,1610612737,,106.0
22301159,2024,2024-04-10,1610612737,1610612766,114.0,
22301147,2024,2024-04-09,1610612737,1610612748,111.0,
22301130,2024,2024-04-06,1610612743,1610612737,,110.0
22301124,2024,2024-04-04,1610612742,1610612737,,95.0
22301104,2024,2024-04-03,1610612737,1610612765,121.0,
22301091,2024,2024-04-01,1610612741,1610612737,,113.0
22301076,2024,2024-03-30,1610612737,1610612749,113.0,
22301060,2024,2024-03-28,1610612737,1610612738,123.0,
22301051,2024,2024-03-27,1610612737,1610612757,120.0,
22301034,2024,2024-03-25,1610612737,1610612738,120.0,
22301021,2024,2024-03-23,1610612737,1610612766,132.0,
22301010,2024,2024-03-21,1610612756,1610612737,,115.0
22300990,2024,2024-03-18,1610612747,1610612737,,105.0
22300982,2024,2024-03-17,1610612746,1610612737,,110.0
22300966,2024,2024-03-15,1610612762,1610612737,,122.0
22300953,2024,2024-03-13,1610612757,1610612737,,102.0
22300925,2024,2024-03-10,1610612737,1610612740,103.0,
22300913,2024,2024-03-08,1610612763,1610612737,,99.0
22300895,2024,2024-03-06,1610612737,1610612739,112.0,
22300889,2024,2024-03-05,1610612752,1610612737,,116.0
22300866,2024,2024-03-02,1610612751,1610612737,,102.0
22300851,2024,2024-02-29,1610612751,1610612737,,97.0
22300835,2024,2024-02-27,1610612737,1610612762,124.0,
22300821,2024,2024-02-25,1610612737,1610612753,109.0,
22300804,2024,2024-02-23,1610612737,1610612761,121.0,
22300777,2024,2024-02-14,1610612766,1610612737,,99.0
22300763,2024,2024-02-12,1610612737,1610612741,126.0,
22300754,2024,2024-02-10,1610612737,1610612745,122.0,
22300742,2024,2024-02-09,1610612755,1610612737,,127.0
22300729,2024,2024-02-07,1610612738,1610612737,,117.0
22300716,2024,2024-02-05,1610612737,1610612746,144.0,
22300699,2024,2024-02-03,1610612737,1610612744,141.0,
22300690,2024,2024-02-02,1610612737,1610612756,129.0,
22300669,2024,2024-01-30,1610612737,1610612747,138.0,
22300653,2024,2024-01-28,1610612737,1610612761,126.0,
22300634,2024,2024-01-26,1610612737,1610612742,143.0,
22300626,2024,2024-01-24,1610612744,1610612737,,112.0
22300613,2024,2024-01-22,1610612758,1610612737,,107.0
22300595,2024,2024-01-20,1610612737,1610612739,95.0,
22300587,2024,2024-01-19,1610612748,1610612737,,109.0
22300570,2024,2024-01-17,1610612737,1610612753,106.0,
22300559,2024,2024-01-15,1610612737,1610612759,109.0,
22300543,2024,2024-01-13,1610612737,1610612764,99.0,
22300533,2024,2024-01-12,1610612737,1610612754,108.0,
22300521,2024,2024-01-10,1610612737,1610612755,139.0,
22300499,2024,2024-01-07,1610612753,1610612737,,110.0
22300480,2024,2024-01-05,1610612754,1610612737,,116.0
22300467,2024,2024-01-03,1610612737,1610612760,141.0,
22300445,2024,2023-12-31,1610612764,1610612737,,130.0
22300431,2024,2023-12-29,1610612737,1610612758,110.0,
22300408,2024,2023-12-26,1610612741,1610612737,,113.0
22300393,2024,2023-12-23,1610612737,1610612763,119.0,
22300384,2024,2023-12-22,1610612748,1610612737,,113.0
22300371,2024,2023-12-20,1610612745,1610612737,,134.0
22300352,2024,2023-12-18,1610612737,1610612765,130.0,
22300336,2024,2023-12-16,1610612739,1610612737,,119.0
22300330,2024,2023-12-15,1610612761,1610612737,,125.0
22300313,2024,2023-12-13,1610612761,1610612737,,128.0
22300296,2024,2023-12-11,1610612737,1610612743,122.0,
22301218,2024,2023-12-08,1610612755,1610612737,,114.0
22301209,2024,2023-12-06,1610612737,1610612751,113.0,
22300286,2024,2023-12-02,1610612749,1610612737,,121.0
22300272,2024,2023-11-30,1610612759,1610612737,,137.0
22300055,2024,2023-11-28,1610612739,1610612737,,105.0
22300246,2024,2023-11-26,1610612738,1610612737,,103.0
22300241,2024,2023-11-25,1610612764,1610612737,,136.0
22300227,2024,2023-11-22,1610612737,1610612751,147.0,
22300039,2024,2023-11-21,1610612737,1610612754,152.0,
22300029,2024,2023-11-17,1610612737,1610612755,116.0,
22300193,2024,2023-11-15,1610612737,1610612752,114.0,
22300018,2024,2023-11-14,1610612765,1610612737,,126.0
22300175,2024,2023-11-11,1610612737,1610612748,109.0,
22300172,2024,2023-11-09,1610612753,1610612737,,120.0
22300155,2024,2023-11-06,1610612760,1610612737,,117.0
22300135,2024,2023-11-04,1610612740,1610612737,,123.0
22300117,2024,2023-11-01,1610612737,1610612764,130.0,
22300104,2024,2023-10-30,1610612737,1610612750,127.0,
22300097,2024,2023-10-29,1610612749,1610612737,,127.0
22300079,2024,2023-10-27,1610612737,1610612752,120.0,
22300063,2024,2023-10-25,1610612766,1610612737,,110.0
22301186,2024,2024-04-14,1610612738,1610612764,132.0,
22301173,2024,2024-04-12,1610612738,1610612766,131.0,
22301167,2024,2024-04-11,1610612738,1610612752,109.0,
22301148,2024,2024-04-09,1610612749,1610612738,,91.0
22301134,2024,2024-04-07,1610612738,1610612757,124.0,
22301118,2024,2024-04-05,1610612738,1610612758,101.0,
22301105,2024,2024-04-03,1610612738,1610612760,135.0,
22301087,2024,2024-04-01,1610612766,1610612738,,118.0
22301074,2024,2024-03-30,1610612740,1610612738,,104.0
22301023,2024,2024-03-23,1610612741,1610612738,,124.0
22301011,2024,2024-03-22,1610612765,1610612738,,129.0
22300998,2024,2024-03-20,1610612738,1610612749,122.0,
22300984,2024,2024-03-18,1610612738,1610612765,119.0,
22300980,2024,2024-03-17,1610612764,1610612738,,130.0
22300955,2024,2024-03-14,1610612738,1610612756,127.0,
22300943,2024,2024-03-12,1610612762,1610612738,,123.0
22300938,2024,2024-03-11,1610612757,1610612738,,121.0
22300920,2024,2024-03-09,1610612756,1610612738,,117.0
22300906,2024,2024-03-07,1610612743,1610612738,,109.0
22300886,2024,2024-03-05,1610612739,1610612738,,104.0
22300872,2024,2024-03-03,1610612738,1610612744,140.0,
22300859,2024,2024-03-01,1610612738,1610612742,138.0,
22300836,2024,2024-02-27,1610612738,1610612755,117.0,
22300816,2024,2024-02-24,1610612752,1610612738,,116.0
22300797,2024,2024-02-22,1610612741,1610612738,,129.0
22300780,2024,2024-02-14,1610612738,1610612751,136.0,
22300771,2024,2024-02-13,1610612751,1610612738,,118.0
22300759,2024,2024-02-11,1610612748,1610612738,,110.0
22300743,2024,2024-02-09,1610612738,1610612764,133.0,
22300706,2024,2024-02-04,1610612738,1610612763,131.0,
22300684,2024,2024-02-01,1610612738,1610612747,105.0,
22300670,2024,2024-01-30,1610612738,1610612754,129.0,
22300659,2024,2024-01-29,1610612738,1610612740,118.0,
22300646,2024,2024-01-27,1610612738,1610612746,96.0,
22300630,2024,2024-01-25,1610612748,1610612738,,143.0
22300611,2024,2024-01-22,1610612742,1610612738,,119.0
22300603,2024,2024-01-21,1610612745,1610612738,,116.0
22300586,2024,2024-01-19,1610612738,1610612743,100.0,
22300571,2024,2024-01-17,1610612738,1610612759,117.0,
22300563,2024,2024-01-15,1610612761,1610612738,,105.0
22300542,2024,2024-01-13,1610612738,1610612745,145.0,
22300528,2024,2024-01-11,1610612749,1610612738,,102.0
22300517,2024,2024-01-10,1610612738,1610612750,127.0,
22300507,2024,2024-01-08,1610612754,1610612738,,131.0
22300493,2024,2024-01-06,1610612754,1610612738,,118.0
22300479,2024,2024-01-05,1610612738,1610612762,126.0,
22300462,2024,2024-01-02,1610612760,1610612738,,123.0
22300448,2024,2023-12-31,1610612759,1610612738,,134.0
22300432,2024,2023-12-29,1610612738,1610612761,120.0,
22300421,2024,2023-12-28,1610612738,1610612765,128.0,
22300403,2024,2023-12-25,1610612747,1610612738,,126.0
22300389,2024,2023-12-23,1610612746,1610612738,,145.0
22300373,2024,2023-12-20,1610612758,1610612738,,144.0
22300362,2024,2023-12-19,1610612744,1610612738,,126.0
22300344,2024,2023-12-17,1610612738,1610612753,114.0,
22300329,2024,2023-12-15,1610612738,1610612753,128.0,
22300319,2024,2023-12-14,1610612738,1610612739,116.0,
22300305,2024,2023-12-12,1610612738,1610612739,120.0,
22301227,2024,2023-12-08,1610612738,1610612752,133.0,
22301202,2024,2023-12-04,1610612754,1610612738,,112.0
22300275,2024,2023-12-01,1610612738,1610612755,125.0,
22300053,2024,2023-11-28,1610612738,1610612741,124.0,
22300043,2024,2023-11-24,1610612753,1610612738,,96.0
22300228,2024,2023-11-22,1610612738,1610612749,119.0,
22300217,2024,2023-11-20,1610612766,1610612738,,118.0
22300213,2024,2023-11-19,1610612763,1610612738,,102.0
22300031,2024,2023-11-17,1610612761,1610612738,,108.0
22300194,2024,2023-11-15,1610612755,1610612738,,117.0
22300188,2024,2023-11-13,1610612738,1610612752,114.0,
22300174,2024,2023-11-11,1610612738,1610612761,117.0,
22300010,2024,2023-11-10,1610612738,1610612751,121.0,
22300159,2024,2023-11-08,1610612755,1610612738,,103.0
22300154,2024,2023-11-06,1610612750,1610612738,,109.0
22300136,2024,2023-11-04,1610612751,1610612738,,124.0
22300118,2024,2023-11-01,1610612738,1610612754,155.0,
22300103,2024,2023-10-30,1610612764,1610612738,,126.0
22300080,2024,2023-10-27,1610612738,1610612748,119.0,
22300065,2024,2023-10-25,1610612752,1610612738,,108.0
22301187,2024,2024-04-14,1610612739,1610612766,110.0,
22301174,2024,2024-04-12,1610612739,1610612754,129.0,
22301158,2024,2024-04-10,1610612739,1610612763,110.0,
22301132,2024,2024-04-07,1610612746,1610612739,,118.0
22301127,2024,2024-04-06,1610612747,1610612739,,97.0
22301110,2024,2024-04-03,1610612756,1610612739,,101.0
22301100,2024,2024-04-02,1610612762,1610612739,,129.0
22301077,2024,2024-03-31,1610612743,1610612739,,101.0
22301067,2024,2024-03-29,1610612739,1610612755,117.0,
22301048,2024,2024-03-27,1610612766,1610612739,,111.0
22301033,2024,2024-03-25,1610612739,1610612766,115.0,
22301029,2024,2024-03-24,1610612748,1610612739,,84.0
22301014,2024,2024-03-22,1610612750,1610612739,,91.0
22300996,2024,2024-03-20,1610612739,1610612748,104.0,
22300983,2024,2024-03-18,1610612754,1610612739,,108.0
22300967,2024,2024-03-16,1610612745,1610612739,,103.0
22300951,2024,2024-03-13,1610612740,1610612739,,116.0
22300934,2024,2024-03-11,1610612739,1610612756,111.0,
22300930,2024,2024-03-10,1610612739,1610612751,101.0,
22300911,2024,2024-03-08,1610612739,1610612750,113.0,
22300876,2024,2024-03-03,1610612739,1610612752,98.0,
22300857,2024,2024-03-01,1610612765,1610612739,,110.0
22300846,2024,2024-02-28,1610612741,1610612739,,123.0
22300832,2024,2024-02-27,1610612739,1610612742,121.0,
22300820,2024,2024-02-25,1610612764,1610612739,,114.0
22300805,2024,2024-02-23,1610612755,1610612739,,97.0
22300792,2024,2024-02-22,1610612739,1610612753,109.0,
22300781,2024,2024-02-14,1610612739,1610612741,108.0,
22300762,2024,2024-02-12,1610612739,1610612755,121.0,
22300756,2024,2024-02-10,1610612761,1610612739,,119.0
22300735,2024,2024-02-08,1610612751,1610612739,,118.0
22300728,2024,2024-02-07,1610612764,1610612739,,114.0
22300714,2024,2024-02-05,1610612739,1610612758,136.0,
22300703,2024,2024-02-03,1610612759,1610612739,,117.0
22300687,2024,2024-02-01,1610612763,1610612739,,108.0
22300675,2024,2024-01-31,1610612739,1610612765,128.0,
22300658,2024,2024-01-29,1610612739,1610612746,118.0,
22300639,2024,2024-01-26,1610612749,1610612739,,112.0
22300624,2024,2024-01-24,1610612749,1610612739,,116.0
22300607,2024,2024-01-22,1610612753,1610612739,,126.0
22300572,2024,2024-01-17,1610612739,1610612749,135.0,
22300561,2024,2024-01-15,1610612739,1610612741,109.0,
22300527,2024,2024-01-11,1610612739,1610612751,111.0,
22300497,2024,2024-01-07,1610612739,1610612759,117.0,
22300482,2024,2024-01-05,1610612739,1610612764,114.0,
22300465,2024,2024-01-03,1610612739,1610612764,140.0,
22300452,2024,2024-01-01,1610612761,1610612739,,121.0
22300433,2024,2023-12-29,1610612739,1610612749,111.0,
22300420,2024,2023-12-27,1610612742,1610612739,,113.0
22300396,2024,2023-12-23,1610612741,1610612739,,109.0
22300375,2024,2023-12-21,1610612739,1610612740,104.0,
22300364,2024,2023-12-20,1610612739,1610612762,124.0,
22300349,2024,2023-12-18,1610612739,1610612745,135.0,
22300294,2024,2023-12-11,1610612753,1610612739,,94.0
22301220,2024,2023-12-08,1610612748,1610612739,,111.0
22301205,2024,2023-12-06,1610612739,1610612753,121.0,
22300283,2024,2023-12-02,1610612765,1610612739,,110.0
22300265,2024,2023-11-30,1610612739,1610612757,95.0,
22300251,2024,2023-11-26,1610612739,1610612761,105.0,
22300242,2024,2023-11-25,1610612739,1610612747,115.0,
22300229,2024,2023-11-22,1610612739,1610612748,96.0,
22300040,2024,2023-11-21,1610612755,1610612739,,122.0
22300210,2024,2023-11-19,1610612739,1610612743,121.0,
22300030,2024,2023-11-17,1610612739,1610612765,108.0,
22300199,2024,2023-11-15,1610612757,1610612739,,109.0
22300191,2024,2023-11-13,1610612758,1610612739,,120.0
22300176,2024,2023-11-11,1610612744,1610612739,,118.0
22300167,2024,2023-11-08,1610612760,1610612739,,120.0
22300142,2024,2023-11-05,1610612739,1610612744,115.0,
22300001,2024,2023-11-03,1610612754,1610612739,,116.0
22300120,2024,2023-11-01,1610612752,1610612739,,95.0
22300112,2024,2023-10-31,1610612739,1610612752,91.0,
22300091,2024,2023-10-28,1610612739,1610612754,113.0,
22300081,2024,2023-10-27,1610612739,1610612760,105.0,
22300067,2024,2023-10-25,1610612751,1610612739,,114.0
22301195,2024,2024-04-14,1610612740,1610612747,108.0,
22301182,2024,2024-04-12,1610612744,1610612740,,114.0
22301170,2024,2024-04-11,1610612758,1610612740,,135.0
22301157,2024,2024-04-09,1610612757,1610612740,,110.0
22301138,2024,2024-04-07,1610612756,1610612740,,113.0
22301123,2024,2024-04-05,1610612740,1610612759,109.0,
22301109,2024,2024-04-03,1610612740,1610612753,108.0,
22301092,2024,2024-04-01,1610612740,1610612756,111.0,
22301061,2024,2024-03-28,1610612740,1610612749,107.0,
22301046,2024,2024-03-26,1610612740,1610612760,112.0,
22301027,2024,2024-03-24,1610612765,1610612740,,114.0
22301013,2024,2024-03-22,1610612748,1610612740,,111.0
22301004,2024,2024-03-21,1610612753,1610612740,,106.0
22300993,2024,2024-03-19,1610612751,1610612740,,104.0
22300970,2024,2024-03-16,1610612740,1610612757,126.0,
22300964,2024,2024-03-15,1610612740,1610612746,112.0,
22300909,2024,2024-03-08,1610612755,1610612740,,103.0
22300890,2024,2024-03-05,1610612761,1610612740,,139.0
22300863,2024,2024-03-01,1610612740,1610612754,129.0,
22300843,2024,2024-02-28,1610612754,1610612740,,114.0
22300837,2024,2024-02-27,1610612752,1610612740,,115.0
22300823,2024,2024-02-25,1610612740,1610612741,106.0,
22300810,2024,2024-02-23,1610612740,1610612748,95.0,
22300798,2024,2024-02-22,1610612740,1610612745,127.0,
22300784,2024,2024-02-14,1610612740,1610612764,133.0,
22300766,2024,2024-02-12,1610612763,1610612740,,96.0
22300758,2024,2024-02-10,1610612757,1610612740,,93.0
22300747,2024,2024-02-09,1610612747,1610612740,,122.0
22300731,2024,2024-02-07,1610612746,1610612740,,117.0
22300718,2024,2024-02-05,1610612740,1610612761,138.0,
22300696,2024,2024-02-02,1610612759,1610612740,,114.0
22300679,2024,2024-01-31,1610612745,1610612740,,110.0
22300648,2024,2024-01-27,1610612749,1610612740,,117.0
22300640,2024,2024-01-26,1610612740,1610612760,83.0,
22300616,2024,2024-01-23,1610612740,1610612762,153.0,
22300588,2024,2024-01-19,1610612740,1610612756,109.0,
22300575,2024,2024-01-17,1610612740,1610612766,132.0,
22300556,2024,2024-01-15,1610612742,1610612740,,120.0
22300547,2024,2024-01-13,1610612742,1610612740,,118.0
22300539,2024,2024-01-12,1610612743,1610612740,,113.0
22300525,2024,2024-01-10,1610612744,1610612740,,141.0
22300500,2024,2024-01-07,1610612758,1610612740,,133.0
22300486,2024,2024-01-05,1610612740,1610612746,95.0,
22300471,2024,2024-01-03,1610612750,1610612740,,117.0
22300461,2024,2024-01-02,1610612740,1610612751,112.0,
22300446,2024,2023-12-31,1610612740,1610612747,129.0,
22300424,2024,2023-12-28,1610612740,1610612762,112.0,
22300410,2024,2023-12-26,1610612740,1610612763,115.0,
22300392,2024,2023-12-23,1610612740,1610612745,104.0,
22300360,2024,2023-12-19,1610612740,1610612763,113.0,
22300345,2024,2023-12-17,1610612759,1610612740,,146.0
22300326,2024,2023-12-15,1610612766,1610612740,,112.0
22300311,2024,2023-12-13,1610612764,1610612740,,142.0
22300301,2024,2023-12-11,1610612740,1610612750,121.0,
22301230,2024,2023-12-07,1610612747,1610612740,,89.0
22301204,2024,2023-12-04,1610612758,1610612740,,127.0
22300285,2024,2023-12-02,1610612741,1610612740,,118.0
22300278,2024,2023-12-01,1610612740,1610612759,121.0,
22300262,2024,2023-11-29,1610612740,1610612755,124.0,
22300256,2024,2023-11-27,1610612762,1610612740,,112.0
22300243,2024,2023-11-25,1610612762,1610612740,,100.0
22300052,2024,2023-11-24,1610612746,1610612740,,116.0
22300233,2024,2023-11-22,1610612740,1610612758,117.0,
22300222,2024,2023-11-20,1610612740,1610612758,129.0,
22300203,2024,2023-11-18,1610612740,1610612750,120.0,
22300034,2024,2023-11-17,1610612740,1610612743,115.0,
22300022,2024,2023-11-14,1610612740,1610612742,131.0,
22300183,2024,2023-11-12,1610612740,1610612742,124.0,
22300011,2024,2023-11-10,1610612745,1610612740,,101.0
22300166,2024,2023-11-08,1610612750,1610612740,,101.0
22300156,2024,2023-11-06,1610612743,1610612740,,116.0
22300129,2024,2023-11-02,1610612740,1610612765,125.0,
22300121,2024,2023-11-01,1610612760,1610612740,,110.0
22300108,2024,2023-10-30,1610612740,1610612744,102.0,
22300090,2024,2023-10-28,1610612740,1610612752,96.0,
22300071,2024,2023-10-25,1610612763,1610612740,,111.0
22301190,2024,2024-04-14,1610612752,1610612741,,119.0
22301172,2024,2024-04-12,1610612764,1610612741,,129.0
22301166,2024,2024-04-11,1610612765,1610612741,,127.0
22301149,2024,2024-04-09,1610612741,1610612752,117.0,
22301136,2024,2024-04-07,1610612753,1610612741,,98.0
22301119,2024,2024-04-05,1610612741,1610612752,108.0,
22301084,2024,2024-03-31,1610612750,1610612741,,109.0
22301066,2024,2024-03-29,1610612751,1610612741,,108.0
22301054,2024,2024-03-27,1610612741,1610612754,125.0,
22301037,2024,2024-03-25,1610612741,1610612764,105.0,
22301006,2024,2024-03-21,1610612745,1610612741,,117.0
22300986,2024,2024-03-18,1610612741,1610612757,110.0,
22300971,2024,2024-03-16,1610612741,1610612764,127.0,
22300956,2024,2024-03-14,1610612741,1610612746,111.0,
22300948,2024,2024-03-13,1610612754,1610612741,,132.0
22300935,2024,2024-03-11,1610612741,1610612742,92.0,
22300917,2024,2024-03-09,1610612746,1610612741,,102.0
22300907,2024,2024-03-07,1610612744,1610612741,,125.0
22300898,2024,2024-03-06,1610612762,1610612741,,119.0
22300883,2024,2024-03-04,1610612758,1610612741,,113.0
22300864,2024,2024-03-01,1610612741,1610612749,97.0,
22300839,2024,2024-02-27,1610612741,1610612765,95.0,
22300752,2024,2024-02-10,1610612753,1610612741,,108.0
22300737,2024,2024-02-08,1610612763,1610612741,,118.0
22300723,2024,2024-02-06,1610612741,1610612750,129.0,
22300700,2024,2024-02-03,1610612741,1610612758,115.0,
22300674,2024,2024-01-31,1610612766,1610612741,,117.0
22300672,2024,2024-01-30,1610612741,1610612761,107.0,
22300656,2024,2024-01-28,1610612757,1610612741,,104.0
22300633,2024,2024-01-25,1610612747,1610612741,,132.0
22300612,2024,2024-01-22,1610612756,1610612741,,113.0
22300597,2024,2024-01-20,1610612741,1610612763,125.0,
22300580,2024,2024-01-18,1610612761,1610612741,,116.0
22300548,2024,2024-01-13,1610612759,1610612741,,122.0
22300536,2024,2024-01-12,1610612741,1610612744,131.0,
22300523,2024,2024-01-10,1610612741,1610612745,124.0,
22300506,2024,2024-01-08,1610612766,1610612741,,119.0
22300484,2024,2024-01-05,1610612741,1610612766,104.0,
22300468,2024,2024-01-03,1610612752,1610612741,,100.0
22300459,2024,2024-01-02,1610612755,1610612741,,97.0
22300442,2024,2023-12-30,1610612741,1610612755,105.0,
22300422,2024,2023-12-28,1610612741,1610612754,104.0,
22300376,2024,2023-12-21,1610612741,1610612759,114.0,
22300370,2024,2023-12-20,1610612741,1610612747,124.0,
22300351,2024,2023-12-18,1610612755,1610612741,,108.0
22300337,2024,2023-12-16,1610612748,1610612741,,116.0
22300320,2024,2023-12-14,1610612748,1610612741,,124.0
22300307,2024,2023-12-12,1610612741,1610612743,106.0,
22300300,2024,2023-12-11,1610612749,1610612741,,129.0
22301223,2024,2023-12-08,1610612759,1610612741,,121.0
22301211,2024,2023-12-06,1610612741,1610612766,111.0,
22300269,2024,2023-11-30,1610612741,1610612749,120.0,
22300250,2024,2023-11-26,1610612751,1610612741,,109.0
22300046,2024,2023-11-24,1610612761,1610612741,,108.0
22300234,2024,2023-11-22,1610612760,1610612741,,102.0
22300220,2024,2023-11-20,1610612741,1610612748,100.0,
22300204,2024,2023-11-18,1610612741,1610612748,102.0,
22300033,2024,2023-11-17,1610612741,1610612753,97.0,
22300196,2024,2023-11-15,1610612741,1610612753,94.0,
22300190,2024,2023-11-13,1610612749,1610612741,,109.0
22300181,2024,2023-11-12,1610612741,1610612765,119.0,
22300162,2024,2023-11-08,1610612741,1610612756,115.0,
22300152,2024,2023-11-06,1610612741,1610612762,130.0,
22300139,2024,2023-11-04,1610612743,1610612741,,101.0
22300004,2024,2023-11-03,1610612741,1610612751,107.0,
22300124,2024,2023-11-01,1610612742,1610612741,,105.0
22300102,2024,2023-10-30,1610612754,1610612741,,112.0
22300088,2024,2023-10-28,1610612765,1610612741,,102.0
22300082,2024,2023-10-27,1610612741,1610612761,104.0,
22300070,2024,2023-10-25,1610612741,1610612760,104.0,
22301196,2024,2024-04-14,1610612760,1610612742,,86.0
22301181,2024,2024-04-12,1610612742,1610612765,89.0,
22301161,2024,2024-04-10,1610612748,1610612742,,111.0
22301144,2024,2024-04-09,1610612766,1610612742,,130.0
22301131,2024,2024-04-07,1610612742,1610612745,147.0,
22301097,2024,2024-04-05,1610612742,1610612744,108.0,
22300589,2024,2024-04-02,1610612744,1610612742,,100.0
22301083,2024,2024-03-31,1610612745,1610612742,,125.0
22301073,2024,2024-03-29,1610612758,1610612742,,107.0
22301047,2024,2024-03-26,1610612758,1610612742,,132.0
22301041,2024,2024-03-25,1610612762,1610612742,,115.0
22301008,2024,2024-03-21,1610612742,1610612762,113.0,
22300994,2024,2024-03-19,1610612759,1610612742,,113.0
22300978,2024,2024-03-17,1610612742,1610612743,107.0,
22300959,2024,2024-03-14,1610612760,1610612742,,119.0
22300952,2024,2024-03-13,1610612742,1610612744,109.0,
22300919,2024,2024-03-09,1610612765,1610612742,,142.0
22300904,2024,2024-03-07,1610612742,1610612748,114.0,
22300892,2024,2024-03-05,1610612742,1610612754,120.0,
22300871,2024,2024-03-03,1610612742,1610612755,116.0,
22300844,2024,2024-02-28,1610612761,1610612742,,136.0
22300819,2024,2024-02-25,1610612754,1610612742,,111.0
22300796,2024,2024-02-22,1610612742,1610612756,123.0,
22300785,2024,2024-02-14,1610612742,1610612759,116.0,
22300768,2024,2024-02-12,1610612742,1610612764,112.0,
22300748,2024,2024-02-10,1610612742,1610612760,146.0,
22300736,2024,2024-02-08,1610612752,1610612742,,122.0
22300720,2024,2024-02-06,1610612751,1610612742,,119.0
22300715,2024,2024-02-05,1610612755,1610612742,,118.0
22300702,2024,2024-02-03,1610612742,1610612749,117.0,
22300680,2024,2024-01-31,1610612750,1610612742,,87.0
22300666,2024,2024-01-29,1610612742,1610612753,131.0,
22300651,2024,2024-01-27,1610612742,1610612758,115.0,
22300625,2024,2024-01-24,1610612742,1610612756,109.0,
22300577,2024,2024-01-17,1610612747,1610612742,,110.0
22300530,2024,2024-01-11,1610612742,1610612752,128.0,
22300515,2024,2024-01-09,1610612742,1610612763,103.0,
22300501,2024,2024-01-07,1610612742,1610612750,115.0,
22300487,2024,2024-01-05,1610612742,1610612757,139.0,
22300472,2024,2024-01-03,1610612742,1610612757,126.0,
22300457,2024,2024-01-01,1610612762,1610612742,,90.0
22300444,2024,2023-12-30,1610612744,1610612742,,132.0
22300423,2024,2023-12-28,1610612750,1610612742,,110.0
22300405,2024,2023-12-25,1610612756,1610612742,,128.0
22300398,2024,2023-12-23,1610612742,1610612759,144.0,
22300385,2024,2023-12-22,1610612745,1610612742,,96.0
22300372,2024,2023-12-20,1610612742,1610612746,111.0,
22300356,2024,2023-12-18,1610612743,1610612742,,104.0
22300341,2024,2023-12-16,1610612757,1610612742,,131.0
22300321,2024,2023-12-14,1610612742,1610612750,101.0,
22300306,2024,2023-12-12,1610612742,1610612747,127.0,
22300299,2024,2023-12-11,1610612763,1610612742,,120.0
22301226,2024,2023-12-08,1610612757,1610612742,,125.0
22301213,2024,2023-12-06,1610612742,1610612762,147.0,
22300287,2024,2023-12-02,1610612742,1610612760,120.0,
22300277,2024,2023-12-01,1610612742,1610612763,94.0,
22300059,2024,2023-11-28,1610612742,1610612745,121.0,
22300244,2024,2023-11-25,1610612746,1610612742,,88.0
22300238,2024,2023-11-22,1610612747,1610612742,,104.0
22300212,2024,2023-11-19,1610612742,1610612758,113.0,
22300205,2024,2023-11-18,1610612749,1610612742,,125.0
22300192,2024,2023-11-15,1610612764,1610612742,,130.0
22300014,2024,2023-11-10,1610612742,1610612746,144.0,
22300168,2024,2023-11-08,1610612742,1610612761,116.0,
22300147,2024,2023-11-06,1610612753,1610612742,,117.0
22300143,2024,2023-11-05,1610612742,1610612766,124.0,
22300006,2024,2023-11-03,1610612743,1610612742,,114.0
22300106,2024,2023-10-30,1610612763,1610612742,,125.0
22300084,2024,2023-10-27,1610612742,1610612751,125.0,
22300073,2024,2023-10-25,1610612759,1610612742,,126.0
22301193,2024,2024-04-14,1610612763,1610612743,,126.0
22301180,2024,2024-04-12,1610612759,1610612743,,120.0
22301164,2024,2024-04-10,1610612743,1610612750,116.0,
22301154,2024,2024-04-09,1610612762,1610612743,,111.0
22301114,2024,2024-04-04,1610612746,1610612743,,100.0
22301099,2024,2024-04-02,1610612743,1610612759,110.0,
22301071,2024,2024-03-29,1610612743,1610612750,98.0,
22301059,2024,2024-03-27,1610612743,1610612756,97.0,
22301040,2024,2024-03-25,1610612743,1610612763,128.0,
22301026,2024,2024-03-23,1610612757,1610612743,,114.0
22301009,2024,2024-03-21,1610612743,1610612752,113.0,
22300995,2024,2024-03-19,1610612750,1610612743,,115.0
22300965,2024,2024-03-15,1610612759,1610612743,,117.0
22300949,2024,2024-03-13,1610612748,1610612743,,100.0
22300937,2024,2024-03-11,1610612743,1610612761,125.0,
22300922,2024,2024-03-09,1610612743,1610612762,142.0,
22300893,2024,2024-03-05,1610612743,1610612756,107.0,
22300869,2024,2024-03-02,1610612747,1610612743,,124.0
22300855,2024,2024-02-29,1610612743,1610612748,103.0,
22300847,2024,2024-02-28,1610612743,1610612758,117.0,
22300824,2024,2024-02-25,1610612744,1610612743,,119.0
22300812,2024,2024-02-23,1610612757,1610612743,,127.0
22300800,2024,2024-02-22,1610612743,1610612764,130.0,
22300786,2024,2024-02-14,1610612743,1610612758,98.0,
22300767,2024,2024-02-12,1610612749,1610612743,,95.0
22300746,2024,2024-02-09,1610612758,1610612743,,106.0
22300740,2024,2024-02-08,1610612747,1610612743,,114.0
22300712,2024,2024-02-04,1610612743,1610612757,112.0,
22300697,2024,2024-02-02,1610612743,1610612757,120.0,
22300682,2024,2024-01-31,1610612760,1610612743,,100.0
22300667,2024,2024-01-29,1610612743,1610612749,113.0,
22300644,2024,2024-01-27,1610612743,1610612755,111.0,
22300631,2024,2024-01-25,1610612752,1610612743,,84.0
22300614,2024,2024-01-23,1610612754,1610612743,,114.0
22300602,2024,2024-01-21,1610612764,1610612743,,113.0
22300566,2024,2024-01-16,1610612755,1610612743,,121.0
22300550,2024,2024-01-14,1610612743,1610612754,117.0,
22300524,2024,2024-01-10,1610612762,1610612743,,111.0
22300502,2024,2024-01-07,1610612743,1610612765,131.0,
22300488,2024,2024-01-05,1610612743,1610612753,120.0,
22300478,2024,2024-01-04,1610612744,1610612743,,130.0
22300455,2024,2024-01-01,1610612743,1610612766,111.0,
22300435,2024,2023-12-29,1610612743,1610612760,93.0,
22300425,2024,2023-12-28,1610612743,1610612763,142.0,
22300402,2024,2023-12-25,1610612743,1610612744,120.0,
22300390,2024,2023-12-23,1610612766,1610612743,,102.0
22300383,2024,2023-12-22,1610612751,1610612743,,122.0
22300369,2024,2023-12-20,1610612761,1610612743,,113.0
22300340,2024,2023-12-16,1610612743,1610612760,117.0,
22300322,2024,2023-12-14,1610612743,1610612751,124.0,
22301224,2024,2023-12-08,1610612743,1610612745,106.0,
22301215,2024,2023-12-06,1610612746,1610612743,,102.0
22300290,2024,2023-12-02,1610612758,1610612743,,117.0
22300279,2024,2023-12-01,1610612756,1610612743,,119.0
22300263,2024,2023-11-29,1610612743,1610612745,134.0,
22300257,2024,2023-11-27,1610612746,1610612743,,113.0
22300252,2024,2023-11-26,1610612743,1610612759,132.0,
22300048,2024,2023-11-24,1610612745,1610612743,,86.0
22300226,2024,2023-11-22,1610612753,1610612743,,119.0
22300218,2024,2023-11-20,1610612765,1610612743,,107.0
22300024,2024,2023-11-14,1610612743,1610612746,111.0,
22300182,2024,2023-11-12,1610612745,1610612743,,104.0
22300169,2024,2023-11-08,1610612743,1610612744,108.0,
22300123,2024,2023-11-01,1610612750,1610612743,,89.0
22300110,2024,2023-10-30,1610612743,1610612762,110.0,
22300095,2024,2023-10-29,1610612760,1610612743,,128.0
22300078,2024,2023-10-27,1610612763,1610612743,,108.0
22300061,2024,2023-10-24,1610612743,1610612747,119.0,
22301198,2024,2024-04-14,1610612744,1610612762,123.0,
22301169,2024,2024-04-11,1610612757,1610612744,,100.0
22301155,2024,2024-04-09,1610612747,1610612744,,134.0
22301142,2024,2024-04-07,1610612744,1610612762,118.0,
22301113,2024,2024-04-04,1610612745,1610612744,,133.0
22301085,2024,2024-03-31,1610612759,1610612744,,117.0
22301062,2024,2024-03-29,1610612766,1610612744,,115.0
22301049,2024,2024-03-27,1610612753,1610612744,,101.0
22301044,2024,2024-03-26,1610612748,1610612744,,113.0
22301031,2024,2024-03-24,1610612750,1610612744,,110.0
22301016,2024,2024-03-22,1610612744,1610612754,111.0,
22301001,2024,2024-03-20,1610612744,1610612763,137.0,
22300988,2024,2024-03-18,1610612744,1610612752,112.0,
22300973,2024,2024-03-16,1610612747,1610612744,,128.0
22300936,2024,2024-03-11,1610612759,1610612744,,112.0
22300921,2024,2024-03-09,1610612744,1610612759,113.0,
22300899,2024,2024-03-06,1610612744,1610612749,125.0,
22300860,2024,2024-03-01,1610612761,1610612744,,120.0
22300852,2024,2024-02-29,1610612752,1610612744,,110.0
22300834,2024,2024-02-27,1610612764,1610612744,,123.0
22300811,2024,2024-02-23,1610612744,1610612766,97.0,
22300802,2024,2024-02-22,1610612744,1610612747,128.0,
22300576,2024,2024-02-15,1610612762,1610612744,,140.0
22300789,2024,2024-02-14,1610612744,1610612746,125.0,
22300769,2024,2024-02-12,1610612762,1610612744,,129.0
22300757,2024,2024-02-10,1610612744,1610612756,113.0,
22300733,2024,2024-02-08,1610612754,1610612744,,131.0
22300727,2024,2024-02-07,1610612755,1610612744,,127.0
22300717,2024,2024-02-05,1610612751,1610612744,,109.0
22300693,2024,2024-02-02,1610612763,1610612744,,121.0
22300673,2024,2024-01-30,1610612744,1610612755,119.0,
22300650,2024,2024-01-27,1610612744,1610612747,144.0,
22300632,2024,2024-01-25,1610612744,1610612758,133.0,
22300560,2024,2024-01-15,1610612763,1610612744,,107.0
22300545,2024,2024-01-13,1610612749,1610612744,,118.0
22300504,2024,2024-01-07,1610612744,1610612761,118.0,
22300490,2024,2024-01-05,1610612744,1610612765,113.0,
22300463,2024,2024-01-02,1610612744,1610612753,121.0,
22300426,2024,2023-12-28,1610612744,1610612748,102.0,
22300399,2024,2023-12-23,1610612744,1610612757,126.0,
22300386,2024,2023-12-22,1610612744,1610612764,129.0,
22300348,2024,2023-12-17,1610612757,1610612744,,118.0
22300339,2024,2023-12-16,1610612744,1610612751,124.0,
22300325,2024,2023-12-14,1610612746,1610612744,,113.0
22300308,2024,2023-12-12,1610612756,1610612744,,116.0
22301222,2024,2023-12-08,1610612760,1610612744,,136.0
22301214,2024,2023-12-06,1610612744,1610612757,110.0,
22300280,2024,2023-12-02,1610612746,1610612744,,112.0
22300273,2024,2023-11-30,1610612744,1610612746,120.0,
22300060,2024,2023-11-28,1610612758,1610612744,,123.0
22300051,2024,2023-11-24,1610612744,1610612759,118.0,
22300236,2024,2023-11-22,1610612756,1610612744,,115.0
22300224,2024,2023-11-20,1610612744,1610612745,121.0,
22300207,2024,2023-11-18,1610612744,1610612760,123.0,
22300201,2024,2023-11-16,1610612744,1610612760,109.0,
22300025,2024,2023-11-14,1610612744,1610612750,101.0,
22300186,2024,2023-11-12,1610612744,1610612750,110.0,
22300145,2024,2023-11-06,1610612765,1610612744,,120.0
22300005,2024,2023-11-03,1610612760,1610612744,,141.0
22300126,2024,2023-11-01,1610612744,1610612758,102.0,
22300096,2024,2023-10-29,1610612745,1610612744,,106.0
22300087,2024,2023-10-27,1610612758,1610612744,,122.0
22300062,2024,2023-10-24,1610612744,1610612756,104.0,
22301199,2024,2024-04-14,1610612746,1610612745,,116.0
22301183,2024,2024-04-12,1610612757,1610612745,,116.0
22301168,2024,2024-04-11,1610612762,1610612745,,121.0
22301150,2024,2024-04-09,1610612745,1610612753,118.0,
22301120,2024,2024-04-05,1610612745,1610612748,104.0,
22301098,2024,2024-04-02,1610612750,1610612745,,106.0
22301072,2024,2024-03-29,1610612762,1610612745,,101.0
22301057,2024,2024-03-27,1610612760,1610612745,,132.0
22301038,2024,2024-03-25,1610612745,1610612757,110.0,
22301024,2024,2024-03-23,1610612745,1610612762,147.0,
22300992,2024,2024-03-19,1610612764,1610612745,,137.0
22300957,2024,2024-03-14,1610612745,1610612764,135.0,
22300942,2024,2024-03-12,1610612759,1610612745,,103.0
22300929,2024,2024-03-10,1610612758,1610612745,,112.0
22300916,2024,2024-03-08,1610612757,1610612745,,123.0
22300897,2024,2024-03-06,1610612745,1610612746,116.0,
22300891,2024,2024-03-05,1610612745,1610612759,114.0,
22300870,2024,2024-03-02,1610612756,1610612745,,118.0
22300854,2024,2024-02-29,1610612756,1610612745,,105.0
22300841,2024,2024-02-27,1610612760,1610612745,,95.0
22300822,2024,2024-02-25,1610612745,1610612760,110.0,
22300806,2024,2024-02-23,1610612745,1610612756,114.0,
22300783,2024,2024-02-14,1610612763,1610612745,,113.0
22300765,2024,2024-02-12,1610612745,1610612752,105.0,
22300744,2024,2024-02-09,1610612761,1610612745,,104.0
22300719,2024,2024-02-06,1610612754,1610612745,,129.0
22300709,2024,2024-02-04,1610612750,1610612745,,90.0
22300692,2024,2024-02-02,1610612745,1610612761,135.0,
22300662,2024,2024-01-29,1610612745,1610612747,135.0,
22300645,2024,2024-01-27,1610612751,1610612745,,104.0
22300635,2024,2024-01-26,1610612766,1610612745,,138.0
22300623,2024,2024-01-24,1610612745,1610612757,131.0,
22300598,2024,2024-01-20,1610612745,1610612762,127.0,
22300573,2024,2024-01-17,1610612752,1610612745,,94.0
22300555,2024,2024-01-15,1610612755,1610612745,,115.0
22300534,2024,2024-01-12,1610612765,1610612745,,112.0
22300509,2024,2024-01-08,1610612748,1610612745,,113.0
22300496,2024,2024-01-06,1610612745,1610612749,112.0,
22300485,2024,2024-01-05,1610612745,1610612750,95.0,
22300469,2024,2024-01-03,1610612745,1610612751,112.0,
22300453,2024,2024-01-01,1610612745,1610612765,136.0,
22300434,2024,2023-12-29,1610612745,1610612755,127.0,
22300418,2024,2023-12-27,1610612745,1610612756,113.0,
22300409,2024,2023-12-26,1610612745,1610612754,117.0,
22300346,2024,2023-12-17,1610612749,1610612745,,119.0
22300332,2024,2023-12-15,1610612763,1610612745,,103.0
22300314,2024,2023-12-13,1610612745,1610612763,117.0,
22300298,2024,2023-12-11,1610612745,1610612759,93.0,
22301212,2024,2023-12-06,1610612745,1610612760,110.0,
22300291,2024,2023-12-02,1610612747,1610612745,,97.0
22300231,2024,2023-11-22,1610612745,1610612763,111.0,
22300216,2024,2023-11-19,1610612747,1610612745,,104.0
22300037,2024,2023-11-17,1610612746,1610612745,,100.0
22300163,2024,2023-11-08,1610612745,1610612747,128.0,
22300153,2024,2023-11-06,1610612745,1610612758,122.0,
22300137,2024,2023-11-04,1610612745,1610612758,107.0,
22300122,2024,2023-11-01,1610612745,1610612766,128.0,
22300083,2024,2023-10-27,1610612759,1610612745,,122.0
22300066,2024,2023-10-25,1610612753,1610612745,,86.0
22301184,2024,2024-04-12,1610612746,1610612762,109.0,
22301165,2024,2024-04-10,1610612746,1610612756,108.0,
22301156,2024,2024-04-09,1610612756,1610612746,,105.0
22301126,2024,2024-04-05,1610612746,1610612762,131.0,
22301101,2024,2024-04-02,1610612758,1610612746,,95.0
22301079,2024,2024-03-31,1610612766,1610612746,,130.0
22301064,2024,2024-03-29,1610612753,1610612746,,100.0
22301052,2024,2024-03-27,1610612755,1610612746,,108.0
22301043,2024,2024-03-25,1610612746,1610612754,116.0,
22301028,2024,2024-03-24,1610612746,1610612755,107.0,
22301017,2024,2024-03-22,1610612757,1610612746,,125.0
22301003,2024,2024-03-20,1610612757,1610612746,,116.0
22300944,2024,2024-03-12,1610612746,1610612750,100.0,
22300924,2024,2024-03-10,1610612746,1610612749,117.0,
22300880,2024,2024-03-04,1610612749,1610612746,,106.0
22300873,2024,2024-03-03,1610612750,1610612746,,89.0
22300865,2024,2024-03-01,1610612746,1610612764,140.0,
22300848,2024,2024-02-28,1610612746,1610612747,112.0,
22300827,2024,2024-02-25,1610612746,1610612758,107.0,
22300807,2024,2024-02-23,1610612763,1610612746,,101.0
22300799,2024,2024-02-22,1610612760,1610612746,,107.0
22300770,2024,2024-02-12,1610612746,1610612750,100.0,
22300749,2024,2024-02-10,1610612746,1610612765,112.0,
22300708,2024,2024-02-04,1610612748,1610612746,,103.0
22300688,2024,2024-02-02,1610612765,1610612746,,136.0
22300676,2024,2024-01-31,1610612764,1610612746,,125.0
22300637,2024,2024-01-26,1610612761,1610612746,,127.0
22300618,2024,2024-01-23,1610612746,1610612747,127.0,
22300600,2024,2024-01-21,1610612746,1610612751,125.0,
22300568,2024,2024-01-16,1610612746,1610612760,128.0,
22300553,2024,2024-01-14,1610612750,1610612746,,105.0
22300537,2024,2024-01-12,1610612763,1610612746,,128.0
22300526,2024,2024-01-10,1610612746,1610612761,126.0,
22300511,2024,2024-01-08,1610612746,1610612756,138.0,
22300505,2024,2024-01-07,1610612747,1610612746,,103.0
22300473,2024,2024-01-03,1610612756,1610612746,,131.0
22300458,2024,2024-01-01,1610612746,1610612748,121.0,
22300438,2024,2023-12-29,1610612746,1610612763,117.0,
22300414,2024,2023-12-26,1610612746,1610612766,113.0,
22300379,2024,2023-12-21,1610612760,1610612746,,115.0
22300350,2024,2023-12-18,1610612754,1610612746,,151.0
22300343,2024,2023-12-16,1610612746,1610612752,144.0,
22300309,2024,2023-12-12,1610612746,1610612758,119.0,
22300304,2024,2023-12-11,1610612746,1610612757,132.0,
22301225,2024,2023-12-08,1610612762,1610612746,,117.0
22300264,2024,2023-11-29,1610612758,1610612746,,131.0
22300235,2024,2023-11-22,1610612759,1610612746,,109.0
22300223,2024,2023-11-20,1610612759,1610612746,,124.0
22300179,2024,2023-11-12,1610612746,1610612763,101.0,
22300160,2024,2023-11-08,1610612751,1610612746,,93.0
22300151,2024,2023-11-06,1610612752,1610612746,,97.0
22300127,2024,2023-11-01,1610612747,1610612746,,125.0
22300114,2024,2023-10-31,1610612746,1610612753,118.0,
22300099,2024,2023-10-29,1610612746,1610612759,123.0,
22300085,2024,2023-10-27,1610612762,1610612746,,118.0
22300074,2024,2023-10-25,1610612746,1610612757,123.0,
22301177,2024,2024-04-12,1610612763,1610612747,,123.0
22301143,2024,2024-04-07,1610612747,1610612750,117.0,
22301103,2024,2024-04-03,1610612764,1610612747,,125.0
22301094,2024,2024-04-02,1610612761,1610612747,,128.0
22301078,2024,2024-03-31,1610612751,1610612747,,116.0
22301063,2024,2024-03-29,1610612754,1610612747,,90.0
22301055,2024,2024-03-27,1610612763,1610612747,,136.0
22301045,2024,2024-03-26,1610612749,1610612747,,128.0
22301032,2024,2024-03-24,1610612747,1610612754,150.0,
22301018,2024,2024-03-22,1610612747,1610612755,101.0,
22300954,2024,2024-03-13,1610612758,1610612747,,107.0
22300932,2024,2024-03-10,1610612747,1610612750,120.0,
22300915,2024,2024-03-08,1610612747,1610612749,123.0,
22300901,2024,2024-03-06,1610612747,1610612758,120.0,
22300884,2024,2024-03-04,1610612747,1610612760,116.0,
22300856,2024,2024-02-29,1610612747,1610612764,134.0,
22300818,2024,2024-02-25,1610612756,1610612747,,113.0
22300813,2024,2024-02-23,1610612747,1610612759,123.0,
22300788,2024,2024-02-14,1610612762,1610612747,,138.0
22300776,2024,2024-02-13,1610612747,1610612765,125.0,
22300713,2024,2024-02-05,1610612766,1610612747,,124.0
22300701,2024,2024-02-03,1610612752,1610612747,,113.0
22300605,2024,2024-01-21,1610612747,1610612757,134.0,
22300591,2024,2024-01-19,1610612747,1610612751,112.0,
22300565,2024,2024-01-15,1610612747,1610612760,112.0,
22300549,2024,2024-01-13,1610612762,1610612747,,125.0
22300531,2024,2024-01-11,1610612747,1610612756,109.0,
22300516,2024,2024-01-09,1610612747,1610612761,132.0,
22300491,2024,2024-01-05,1610612747,1610612763,113.0,
22300475,2024,2024-01-03,1610612747,1610612748,96.0,
22300443,2024,2023-12-30,1610612750,1610612747,,106.0
22300428,2024,2023-12-28,1610612747,1610612766,133.0,
22300397,2024,2023-12-23,1610612760,1610612747,,129.0
22300380,2024,2023-12-21,1610612750,1610612747,,111.0
22300359,2024,2023-12-18,1610612747,1610612752,109.0,
22300331,2024,2023-12-15,1610612759,1610612747,,115.0
22300316,2024,2023-12-13,1610612759,1610612747,,122.0
22301203,2024,2023-12-05,1610612747,1610612756,106.0,
22300271,2024,2023-11-30,1610612760,1610612747,,110.0
22300258,2024,2023-11-29,1610612765,1610612747,,133.0
22300255,2024,2023-11-27,1610612755,1610612747,,94.0
22300042,2024,2023-11-21,1610612747,1610612762,131.0,
22300036,2024,2023-11-17,1610612757,1610612747,,107.0
22300198,2024,2023-11-15,1610612747,1610612758,110.0,
22300026,2024,2023-11-14,1610612747,1610612763,134.0,
22300187,2024,2023-11-12,1610612747,1610612757,116.0,
22300015,2024,2023-11-10,1610612756,1610612747,,122.0
22300150,2024,2023-11-06,1610612748,1610612747,,107.0
22300134,2024,2023-11-04,1610612753,1610612747,,101.0
22300111,2024,2023-10-30,1610612747,1610612753,106.0,
22300100,2024,2023-10-29,1610612758,1610612747,,127.0
22300076,2024,2023-10-26,1610612747,1610612756,100.0,
22301189,2024,2024-04-14,1610612748,1610612761,118.0,
22301176,2024,2024-04-12,1610612748,1610612761,125.0,
22301133,2024,2024-04-07,1610612754,1610612748,,115.0
22301111,2024,2024-04-04,1610612748,1610612755,105.0,
22301096,2024,2024-04-02,1610612748,1610612752,109.0,
22301081,2024,2024-03-31,1610612764,1610612748,,119.0
22301068,2024,2024-03-29,1610612748,1610612757,142.0,
22300985,2024,2024-03-18,1610612755,1610612748,,91.0
22300977,2024,2024-03-17,1610612765,1610612748,,104.0
22300962,2024,2024-03-15,1610612765,1610612748,,108.0
22300926,2024,2024-03-10,1610612748,1610612764,108.0,
22300914,2024,2024-03-08,1610612760,1610612748,,100.0
22300888,2024,2024-03-05,1610612748,1610612765,118.0,
22300867,2024,2024-03-02,1610612748,1610612762,126.0,
22300842,2024,2024-02-27,1610612757,1610612748,,106.0
22300831,2024,2024-02-26,1610612758,1610612748,,121.0
22300779,2024,2024-02-14,1610612755,1610612748,,109.0
22300773,2024,2024-02-13,1610612749,1610612748,,123.0
22300730,2024,2024-02-07,1610612748,1610612759,116.0,
22300721,2024,2024-02-06,1610612748,1610612753,121.0,
22300689,2024,2024-02-02,1610612764,1610612748,,110.0
22300678,2024,2024-01-31,1610612748,1610612758,115.0,
22300661,2024,2024-01-29,1610612748,1610612756,105.0,
22300643,2024,2024-01-27,1610612752,1610612748,,109.0
22300621,2024,2024-01-24,1610612748,1610612763,96.0,
22300601,2024,2024-01-21,1610612753,1610612748,,87.0
22300574,2024,2024-01-17,1610612761,1610612748,,97.0
22300562,2024,2024-01-15,1610612751,1610612748,,96.0
22300551,2024,2024-01-14,1610612748,1610612766,104.0,
22300535,2024,2024-01-12,1610612748,1610612753,99.0,
22300522,2024,2024-01-10,1610612748,1610612760,120.0,
22300489,2024,2024-01-05,1610612756,1610612748,,97.0
22300439,2024,2023-12-30,1610612762,1610612748,,109.0
22300404,2024,2023-12-25,1610612748,1610612755,119.0,
22300366,2024,2023-12-20,1610612753,1610612748,,115.0
22300353,2024,2023-12-18,1610612748,1610612750,108.0,
22300312,2024,2023-12-13,1610612748,1610612766,115.0,
22300292,2024,2023-12-11,1610612766,1610612748,,116.0
22301207,2024,2023-12-06,1610612761,1610612748,,112.0
22300284,2024,2023-12-02,1610612748,1610612754,129.0,
22300267,2024,2023-11-30,1610612748,1610612754,142.0,
22300056,2024,2023-11-28,1610612748,1610612749,124.0,
22300240,2024,2023-11-25,1610612751,1610612748,,97.0
22300045,2024,2023-11-24,1610612752,1610612748,,98.0
22300200,2024,2023-11-16,1610612748,1610612751,122.0,
22300017,2024,2023-11-14,1610612766,1610612748,,111.0
22300184,2024,2023-11-12,1610612759,1610612748,,118.0
22300164,2024,2023-11-08,1610612763,1610612748,,108.0
22300003,2024,2023-11-03,1610612748,1610612764,121.0,
22300119,2024,2023-11-01,1610612748,1610612751,105.0,
22300107,2024,2023-10-30,1610612749,1610612748,,114.0
22300093,2024,2023-10-28,1610612750,1610612748,,90.0
22300068,2024,2023-10-25,1610612748,1610612765,103.0,
22301191,2024,2024-04-14,1610612753,1610612749,,88.0
22301179,2024,2024-04-12,1610612760,1610612749,,107.0
22301162,2024,2024-04-10,1610612749,1610612753,117.0,
22301139,2024,2024-04-07,1610612749,1610612752,109.0,
22301122,2024,2024-04-05,1610612749,1610612761,111.0,
22301107,2024,2024-04-03,1610612749,1610612763,101.0,
22301095,2024,2024-04-02,1610612764,1610612749,,113.0
22301030,2024,2024-03-24,1610612749,1610612760,118.0,
22301007,2024,2024-03-21,1610612749,1610612751,115.0,
22300976,2024,2024-03-17,1610612749,1610612756,140.0,
22300958,2024,2024-03-14,1610612749,1610612755,114.0,
22300945,2024,2024-03-12,1610612758,1610612749,,94.0
22300849,2024,2024-02-29,1610612766,1610612749,,111.0
22300840,2024,2024-02-27,1610612749,1610612766,123.0,
22300817,2024,2024-02-25,1610612755,1610612749,,119.0
22300808,2024,2024-02-23,1610612750,1610612749,,112.0
22300790,2024,2024-02-15,1610612763,1610612749,,110.0
22300745,2024,2024-02-09,1610612749,1610612766,120.0,
22300738,2024,2024-02-08,1610612749,1610612750,105.0,
22300725,2024,2024-02-06,1610612756,1610612749,,106.0
22300711,2024,2024-02-04,1610612762,1610612749,,108.0
22300683,2024,2024-01-31,1610612757,1610612749,,116.0
22300606,2024,2024-01-22,1610612765,1610612749,,122.0
22300592,2024,2024-01-20,1610612765,1610612749,,141.0
22300552,2024,2024-01-14,1610612749,1610612758,143.0,
22300510,2024,2024-01-08,1610612749,1610612762,116.0,
22300477,2024,2024-01-04,1610612759,1610612749,,125.0
22300466,2024,2024-01-03,1610612754,1610612749,,130.0
22300454,2024,2024-01-01,1610612749,1610612754,113.0,
22300417,2024,2023-12-27,1610612751,1610612749,,144.0
22300401,2024,2023-12-25,1610612752,1610612749,,122.0
22300388,2024,2023-12-23,1610612752,1610612749,,130.0
22300378,2024,2023-12-21,1610612749,1610612753,118.0,
22300361,2024,2023-12-19,1610612749,1610612759,132.0,
22300334,2024,2023-12-16,1610612749,1610612765,146.0,
22300315,2024,2023-12-13,1610612749,1610612754,140.0,
22301229,2024,2023-12-07,1610612749,1610612754,119.0,
22301201,2024,2023-12-05,1610612749,1610612752,146.0,
22300245,2024,2023-11-26,1610612749,1610612757,108.0,
22300049,2024,2023-11-24,1610612749,1610612764,131.0,
22300219,2024,2023-11-20,1610612764,1610612749,,142.0
22300027,2024,2023-11-17,1610612766,1610612749,,130.0
22300195,2024,2023-11-15,1610612761,1610612749,,128.0
22300173,2024,2023-11-11,1610612753,1610612749,,97.0
22300171,2024,2023-11-09,1610612754,1610612749,,124.0
22300165,2024,2023-11-08,1610612749,1610612765,120.0,
22300149,2024,2023-11-06,1610612751,1610612749,,129.0
22300002,2024,2023-11-03,1610612749,1610612752,110.0,
22300116,2024,2023-11-01,1610612761,1610612749,,111.0
22300075,2024,2023-10-26,1610612749,1610612755,118.0,
22301194,2024,2024-04-14,1610612750,1610612756,106.0,
22301152,2024,2024-04-09,1610612750,1610612764,130.0,
22301125,2024,2024-04-05,1610612756,1610612750,,87.0
22301108,2024,2024-04-03,1610612750,1610612761,133.0,
22301056,2024,2024-03-27,1610612750,1610612765,106.0,
22300987,2024,2024-03-18,1610612762,1610612750,,114.0
22300974,2024,2024-03-16,1610612762,1610612750,,119.0
22300903,2024,2024-03-07,1610612754,1610612750,,113.0
22300881,2024,2024-03-04,1610612750,1610612757,119.0,
22300862,2024,2024-03-01,1610612750,1610612758,120.0,
22300845,2024,2024-02-28,1610612750,1610612763,110.0,
22300838,2024,2024-02-27,1610612750,1610612759,114.0,
22300815,2024,2024-02-24,1610612750,1610612751,101.0,
22300791,2024,2024-02-15,1610612757,1610612750,,128.0
22300775,2024,2024-02-13,1610612757,1610612750,,121.0
22300694,2024,2024-02-02,1610612750,1610612753,106.0,
22300664,2024,2024-01-29,1610612760,1610612750,,107.0
22300649,2024,2024-01-27,1610612759,1610612750,,112.0
22300629,2024,2024-01-25,1610612751,1610612750,,96.0
22300620,2024,2024-01-24,1610612764,1610612750,,118.0
22300610,2024,2024-01-22,1610612750,1610612766,125.0,
22300599,2024,2024-01-20,1610612750,1610612760,97.0,
22300582,2024,2024-01-18,1610612750,1610612763,118.0,
22300569,2024,2024-01-17,1610612765,1610612750,,124.0
22300538,2024,2024-01-12,1610612750,1610612757,116.0,
22300513,2024,2024-01-09,1610612753,1610612750,,113.0
22300451,2024,2024-01-01,1610612752,1610612750,,106.0
22300411,2024,2023-12-26,1610612760,1610612750,,106.0
22300400,2024,2023-12-23,1610612758,1610612750,,110.0
22300367,2024,2023-12-20,1610612755,1610612750,,113.0
22300338,2024,2023-12-16,1610612750,1610612754,127.0,
22301221,2024,2023-12-08,1610612763,1610612750,,127.0
22301210,2024,2023-12-06,1610612750,1610612759,102.0,
22300281,2024,2023-12-02,1610612766,1610612750,,123.0
22300270,2024,2023-11-30,1610612750,1610612762,101.0,
22300058,2024,2023-11-28,1610612750,1610612760,106.0,
22300249,2024,2023-11-26,1610612763,1610612750,,119.0
22300050,2024,2023-11-24,1610612750,1610612758,111.0,
22300232,2024,2023-11-22,1610612750,1610612755,112.0,
22300221,2024,2023-11-20,1610612750,1610612752,117.0,
22300197,2024,2023-11-15,1610612756,1610612750,,115.0
22300013,2024,2023-11-10,1610612759,1610612750,,117.0
22300138,2024,2023-11-04,1610612750,1610612762,123.0,
22300069,2024,2023-10-25,1610612761,1610612750,,94.0
22301192,2024,2024-04-14,1610612755,1610612751,,86.0
22301175,2024,2024-04-12,1610612752,1610612751,,107.0
22301160,2024,2024-04-10,1610612751,1610612761,106.0,
22301141,2024,2024-04-07,1610612751,1610612758,77.0,
22301128,2024,2024-04-06,1610612751,1610612765,113.0,
22301106,2024,2024-04-03,1610612751,1610612754,115.0,
22301089,2024,2024-04-01,1610612754,1610612751,,111.0
22301050,2024,2024-03-27,1610612764,1610612751,,122.0
22301036,2024,2024-03-25,1610612761,1610612751,,96.0
22301019,2024,2024-03-23,1610612752,1610612751,,93.0
22300981,2024,2024-03-17,1610612759,1610612751,,115.0
22300968,2024,2024-03-16,1610612754,1610612751,,100.0
22300947,2024,2024-03-13,1610612753,1610612751,,106.0
22300918,2024,2024-03-09,1610612766,1610612751,,99.0
22300902,2024,2024-03-07,1610612765,1610612751,,112.0
22300887,2024,2024-03-05,1610612751,1610612755,112.0,
22300879,2024,2024-03-04,1610612751,1610612763,102.0,
22300833,2024,2024-02-27,1610612753,1610612751,,81.0
22300830,2024,2024-02-26,1610612763,1610612751,,111.0
22300795,2024,2024-02-22,1610612761,1610612751,,93.0
22300750,2024,2024-02-10,1610612751,1610612759,123.0,
22300698,2024,2024-02-03,1610612755,1610612751,,136.0
22300677,2024,2024-01-31,1610612751,1610612756,120.0,
22300660,2024,2024-01-29,1610612751,1610612762,147.0,
22300615,2024,2024-01-23,1610612751,1610612752,103.0,
22300578,2024,2024-01-17,1610612757,1610612751,,103.0
22300498,2024,2024-01-07,1610612751,1610612757,127.0,
22300481,2024,2024-01-05,1610612751,1610612760,124.0,
22300447,2024,2023-12-31,1610612760,1610612751,,108.0
22300430,2024,2023-12-29,1610612764,1610612751,,104.0
22300406,2024,2023-12-26,1610612765,1610612751,,118.0
22300394,2024,2023-12-23,1610612751,1610612765,126.0,
22300368,2024,2023-12-20,1610612751,1610612752,102.0,
22300357,2024,2023-12-18,1610612762,1610612751,,108.0
22300317,2024,2023-12-13,1610612756,1610612751,,116.0
22300303,2024,2023-12-11,1610612758,1610612751,,118.0
22301219,2024,2023-12-08,1610612751,1610612764,124.0,
22300282,2024,2023-12-02,1610612751,1610612753,129.0,
22300266,2024,2023-11-30,1610612751,1610612766,128.0,
22300054,2024,2023-11-28,1610612751,1610612761,115.0,
22300208,2024,2023-11-19,1610612751,1610612755,99.0,
22300020,2024,2023-11-14,1610612751,1610612753,124.0,
22300178,2024,2023-11-12,1610612751,1610612764,102.0,
22300101,2024,2023-10-30,1610612766,1610612751,,133.0
22301112,2024,2024-04-04,1610612752,1610612758,120.0,
22301082,2024,2024-03-31,1610612752,1610612760,112.0,
22301070,2024,2024-03-29,1610612759,1610612752,,126.0
22301053,2024,2024-03-27,1610612761,1610612752,,145.0
22301035,2024,2024-03-25,1610612752,1610612765,124.0,
22300975,2024,2024-03-16,1610612758,1610612752,,98.0
22300960,2024,2024-03-14,1610612757,1610612752,,105.0
22300939,2024,2024-03-12,1610612752,1610612755,106.0,
22300927,2024,2024-03-10,1610612752,1610612755,73.0,
22300912,2024,2024-03-08,1610612752,1610612753,98.0,
22300828,2024,2024-02-26,1610612752,1610612765,113.0,
22300794,2024,2024-02-22,1610612755,1610612752,,110.0
22300778,2024,2024-02-14,1610612753,1610612752,,100.0
22300755,2024,2024-02-10,1610612752,1610612754,111.0,
22300722,2024,2024-02-06,1610612752,1610612763,123.0,
22300685,2024,2024-02-01,1610612752,1610612754,109.0,
22300671,2024,2024-01-30,1610612752,1610612762,118.0,
22300657,2024,2024-01-29,1610612766,1610612752,,113.0
22300596,2024,2024-01-20,1610612752,1610612761,126.0,
22300579,2024,2024-01-18,1610612752,1610612764,113.0,
22300557,2024,2024-01-15,1610612752,1610612753,94.0,
22300544,2024,2024-01-13,1610612763,1610612752,,106.0
22300514,2024,2024-01-09,1610612752,1610612757,112.0,
22300494,2024,2024-01-06,1610612764,1610612752,,121.0
22300483,2024,2024-01-05,1610612755,1610612752,,128.0
22300441,2024,2023-12-30,1610612754,1610612752,,126.0
22300429,2024,2023-12-29,1610612753,1610612752,,108.0
22300419,2024,2023-12-27,1610612760,1610612752,,120.0
22300333,2024,2023-12-15,1610612756,1610612752,,139.0
22300318,2024,2023-12-13,1610612762,1610612752,,113.0
22300297,2024,2023-12-11,1610612752,1610612761,136.0,
22300276,2024,2023-12-01,1610612761,1610612752,,119.0
22300268,2024,2023-11-30,1610612752,1610612765,118.0,
22300057,2024,2023-11-28,1610612752,1610612766,115.0,
22300247,2024,2023-11-26,1610612752,1610612756,113.0,
22300202,2024,2023-11-18,1610612766,1610612752,,122.0
22300028,2024,2023-11-17,1610612764,1610612752,,120.0
22300177,2024,2023-11-12,1610612752,1610612766,129.0,
22300161,2024,2023-11-08,1610612752,1610612759,126.0,
22301171,2024,2024-04-12,1610612755,1610612753,,113.0
22301115,2024,2024-04-05,1610612766,1610612753,,115.0
22301090,2024,2024-04-01,1610612753,1610612757,104.0,
22301075,2024,2024-03-30,1610612753,1610612763,118.0,
22301020,2024,2024-03-23,1610612753,1610612758,107.0,
22300991,2024,2024-03-19,1610612753,1610612766,112.0,
22300979,2024,2024-03-17,1610612753,1610612761,111.0,
22300963,2024,2024-03-15,1610612761,1610612753,,113.0
22300928,2024,2024-03-10,1610612753,1610612754,97.0,
22300894,2024,2024-03-06,1610612764,1610612753,,119.0
22300885,2024,2024-03-05,1610612766,1610612753,,101.0
22300874,2024,2024-03-03,1610612753,1610612765,113.0,
22300850,2024,2024-02-29,1610612753,1610612762,115.0,
22300814,2024,2024-02-24,1610612765,1610612753,,112.0
22300772,2024,2024-02-13,1610612753,1610612760,113.0,
22300734,2024,2024-02-08,1610612753,1610612759,127.0,
22300704,2024,2024-02-04,1610612765,1610612753,,111.0
22300681,2024,2024-01-31,1610612759,1610612753,,108.0
22300655,2024,2024-01-28,1610612753,1610612756,113.0,
22300638,2024,2024-01-26,1610612763,1610612753,,106.0
22300585,2024,2024-01-19,1610612753,1610612755,109.0,
22300546,2024,2024-01-13,1610612760,1610612753,,100.0
22300476,2024,2024-01-03,1610612758,1610612753,,135.0
22300450,2024,2023-12-31,1610612756,1610612753,,107.0
22300415,2024,2023-12-27,1610612753,1610612755,92.0,
22300407,2024,2023-12-26,1610612764,1610612753,,127.0
22300391,2024,2023-12-23,1610612754,1610612753,,117.0
22301217,2024,2023-12-08,1610612753,1610612765,123.0,
22300274,2024,2023-12-01,1610612753,1610612764,130.0,
22300259,2024,2023-11-29,1610612753,1610612764,139.0,
22300248,2024,2023-11-26,1610612753,1610612766,130.0,
22300038,2024,2023-11-21,1610612753,1610612761,126.0,
22300209,2024,2023-11-19,1610612754,1610612753,,128.0
22300130,2024,2023-11-02,1610612762,1610612753,,115.0
22300086,2024,2023-10-27,1610612757,1610612753,,102.0
22301146,2024,2024-04-09,1610612761,1610612754,,140.0
22301116,2024,2024-04-05,1610612754,1610612760,126.0,
22300997,2024,2024-03-20,1610612765,1610612754,,122.0
22300941,2024,2024-03-12,1610612760,1610612754,,121.0
22300877,2024,2024-03-03,1610612759,1610612754,,105.0
22300829,2024,2024-02-26,1610612754,1610612761,122.0,
22300793,2024,2024-02-22,1610612754,1610612765,129.0,
22300782,2024,2024-02-14,1610612761,1610612754,,127.0
22300761,2024,2024-02-12,1610612766,1610612754,,102.0
22300707,2024,2024-02-04,1610612766,1610612754,,115.0
22300691,2024,2024-02-02,1610612754,1610612758,122.0,
22300652,2024,2024-01-28,1610612754,1610612763,116.0,
22300636,2024,2024-01-26,1610612754,1610612756,133.0,
22300627,2024,2024-01-25,1610612754,1610612755,134.0,
22300604,2024,2024-01-21,1610612756,1610612754,,110.0
22300590,2024,2024-01-19,1610612757,1610612754,,115.0
22300583,2024,2024-01-18,1610612758,1610612754,,126.0
22300564,2024,2024-01-15,1610612762,1610612754,,105.0
22300520,2024,2024-01-10,1610612754,1610612764,112.0,
22300377,2024,2023-12-21,1610612763,1610612754,,103.0
22300365,2024,2023-12-20,1610612754,1610612766,144.0,
22300328,2024,2023-12-15,1610612764,1610612754,,123.0
22300293,2024,2023-12-11,1610612765,1610612754,,131.0
22300254,2024,2023-11-27,1610612754,1610612757,110.0,
22300047,2024,2023-11-24,1610612754,1610612765,136.0,
22300230,2024,2023-11-22,1610612754,1610612761,131.0,
22300019,2024,2023-11-14,1610612755,1610612754,,132.0
22300180,2024,2023-11-12,1610612755,1610612754,,126.0
22300158,2024,2023-11-08,1610612754,1610612762,134.0,
22300146,2024,2023-11-06,1610612754,1610612759,152.0,
22300133,2024,2023-11-04,1610612754,1610612766,124.0,
22300064,2024,2023-10-25,1610612754,1610612764,143.0,
22301145,2024,2024-04-09,1610612755,1610612765,120.0,
22301140,2024,2024-04-07,1610612759,1610612755,,133.0
22301129,2024,2024-04-06,1610612763,1610612755,,116.0
22301093,2024,2024-04-02,1610612755,1610612760,109.0,
22301080,2024,2024-03-31,1610612761,1610612755,,135.0
22301042,2024,2024-03-25,1610612758,1610612755,,96.0
22301002,2024,2024-03-20,1610612756,1610612755,,102.0
22300969,2024,2024-03-16,1610612755,1610612766,109.0,
22300896,2024,2024-03-06,1610612755,1610612763,109.0,
22300858,2024,2024-03-01,1610612755,1610612766,121.0,
22300753,2024,2024-02-10,1610612764,1610612755,,119.0
22300686,2024,2024-02-01,1610612762,1610612755,,127.0
22300668,2024,2024-01-29,1610612757,1610612755,,104.0
22300608,2024,2024-01-22,1610612755,1610612759,133.0,
22300593,2024,2024-01-20,1610612766,1610612755,,97.0
22300532,2024,2024-01-12,1610612755,1610612758,112.0,
22300495,2024,2024-01-06,1610612755,1610612762,109.0,
22300382,2024,2023-12-22,1610612755,1610612761,121.0,
22300335,2024,2023-12-16,1610612766,1610612755,,135.0
22300327,2024,2023-12-15,1610612755,1610612765,124.0,
22300310,2024,2023-12-13,1610612765,1610612755,,129.0
22300295,2024,2023-12-11,1610612755,1610612764,146.0,
22301208,2024,2023-12-06,1610612764,1610612755,,131.0
22300239,2024,2023-11-25,1610612760,1610612755,,127.0
22300008,2024,2023-11-10,1610612765,1610612755,,114.0
22300148,2024,2023-11-06,1610612755,1610612764,146.0,
22300132,2024,2023-11-04,1610612755,1610612756,112.0,
22300128,2024,2023-11-02,1610612755,1610612761,114.0,
22300098,2024,2023-10-29,1610612755,1610612757,126.0,
22300092,2024,2023-10-28,1610612761,1610612755,,114.0
22301185,2024,2024-04-12,1610612758,1610612756,,108.0
22301069,2024,2024-03-29,1610612760,1610612756,,103.0
22301039,2024,2024-03-25,1610612759,1610612756,,102.0
22301025,2024,2024-03-23,1610612759,1610612756,,131.0
22300961,2024,2024-03-15,1610612766,1610612756,,107.0
22300905,2024,2024-03-07,1610612756,1610612761,120.0,
22300878,2024,2024-03-03,1610612756,1610612760,110.0,
22300787,2024,2024-02-14,1610612756,1610612765,116.0,
22300774,2024,2024-02-13,1610612756,1610612758,130.0,
22300739,2024,2024-02-08,1610612756,1610612762,129.0,
22300705,2024,2024-02-04,1610612764,1610612756,,140.0
22300567,2024,2024-01-16,1610612756,1610612758,119.0,
22300554,2024,2024-01-14,1610612757,1610612756,,127.0
22300503,2024,2024-01-07,1610612756,1610612763,115.0,
22300456,2024,2024-01-01,1610612756,1610612757,109.0,
22300436,2024,2023-12-29,1610612756,1610612766,133.0,
22300387,2024,2023-12-22,1610612758,1610612756,,105.0
22300363,2024,2023-12-19,1610612757,1610612756,,104.0
22300347,2024,2023-12-17,1610612756,1610612764,112.0,
22301228,2024,2023-12-08,1610612756,1610612758,106.0,
22300288,2024,2023-12-02,1610612756,1610612763,116.0,
22300260,2024,2023-11-29,1610612761,1610612756,,105.0
22300044,2024,2023-11-24,1610612763,1610612756,,110.0
22300041,2024,2023-11-21,1610612756,1610612757,120.0,
22300214,2024,2023-11-19,1610612762,1610612756,,140.0
22300035,2024,2023-11-17,1610612762,1610612756,,131.0
22300185,2024,2023-11-12,1610612756,1610612760,99.0,
22300140,2024,2023-11-05,1610612765,1610612756,,120.0
22300131,2024,2023-11-02,1610612756,1610612759,121.0,
22300113,2024,2023-10-31,1610612756,1610612759,114.0,
22300094,2024,2023-10-28,1610612756,1610612762,126.0,
22301200,2024,2024-04-14,1610612758,1610612757,,82.0
22301117,2024,2024-04-05,1610612764,1610612757,,108.0
22301102,2024,2024-04-03,1610612766,1610612757,,89.0
22300923,2024,2024-03-09,1610612757,1610612761,128.0,
22300900,2024,2024-03-06,1610612757,1610612760,120.0,
22300868,2024,2024-03-02,1610612763,1610612757,,107.0
22300861,2024,2024-03-01,1610612763,1610612757,,122.0
22300826,2024,2024-02-25,1610612757,1610612766,80.0,
22300741,2024,2024-02-08,1610612757,1610612765,122.0,
22300641,2024,2024-01-26,1610612759,1610612757,,100.0
22300617,2024,2024-01-23,1610612760,1610612757,,109.0
22300529,2024,2024-01-11,1610612760,1610612757,,77.0
22300437,2024,2023-12-29,1610612757,1610612759,134.0,
22300427,2024,2023-12-28,1610612757,1610612759,105.0,
22300413,2024,2023-12-26,1610612757,1610612758,130.0,
22300381,2024,2023-12-21,1610612757,1610612764,117.0,
22300323,2024,2023-12-14,1610612757,1610612762,114.0,
22300289,2024,2023-12-02,1610612762,1610612757,,113.0
22300237,2024,2023-11-22,1610612757,1610612762,121.0,
22300215,2024,2023-11-19,1610612757,1610612760,91.0,
22300023,2024,2023-11-14,1610612762,1610612757,,99.0
22300170,2024,2023-11-08,1610612758,1610612757,,118.0
22300144,2024,2023-11-05,1610612757,1610612763,100.0,
22300007,2024,2023-11-03,1610612757,1610612763,115.0,
22300115,2024,2023-11-01,1610612765,1610612757,,110.0
22300105,2024,2023-10-30,1610612761,1610612757,,99.0
22301153,2024,2024-04-09,1610612760,1610612758,,105.0
22301086,2024,2024-03-31,1610612758,1610612762,127.0,
22301005,2024,2024-03-21,1610612764,1610612758,,102.0
22300999,2024,2024-03-20,1610612761,1610612758,,123.0
22300989,2024,2024-03-18,1610612758,1610612763,121.0,
22300908,2024,2024-03-07,1610612758,1610612759,131.0,
22300803,2024,2024-02-22,1610612758,1610612759,127.0,
22300760,2024,2024-02-11,1610612760,1610612758,,113.0
22300732,2024,2024-02-07,1610612758,1610612765,120.0,
22300663,2024,2024-01-29,1610612763,1610612758,,103.0
22300518,2024,2024-01-10,1610612766,1610612758,,123.0
22300512,2024,2024-01-09,1610612765,1610612758,,131.0
22300492,2024,2024-01-05,1610612758,1610612761,135.0,
22300464,2024,2024-01-02,1610612758,1610612766,104.0,
22300449,2024,2023-12-31,1610612763,1610612758,,123.0
22300358,2024,2023-12-18,1610612758,1610612764,143.0,
22300342,2024,2023-12-16,1610612758,1610612762,125.0,
22300324,2024,2023-12-14,1610612758,1610612760,128.0,
22300032,2024,2023-11-17,1610612759,1610612758,,129.0
22300016,2024,2023-11-10,1610612758,1610612760,105.0,
22300072,2024,2023-10-25,1610612762,1610612758,,130.0
22301197,2024,2024-04-14,1610612759,1610612765,123.0,
22301163,2024,2024-04-10,1610612760,1610612759,,89.0
22301151,2024,2024-04-09,1610612763,1610612759,,102.0
22301058,2024,2024-03-27,1610612762,1610612759,,118.0
22301015,2024,2024-03-22,1610612759,1610612763,97.0,
22300853,2024,2024-02-29,1610612759,1610612760,132.0,
22300825,2024,2024-02-25,1610612762,1610612759,,109.0
22300764,2024,2024-02-12,1610612761,1610612759,,122.0
22300665,2024,2024-01-29,1610612759,1610612764,113.0,
22300622,2024,2024-01-24,1610612759,1610612760,114.0,
22300594,2024,2024-01-20,1610612764,1610612759,,131.0
22300584,2024,2024-01-19,1610612766,1610612759,,120.0
22300541,2024,2024-01-12,1610612759,1610612766,135.0,
22300519,2024,2024-01-10,1610612765,1610612759,,130.0
22300460,2024,2024-01-02,1610612763,1610612759,,98.0
22300412,2024,2023-12-26,1610612759,1610612762,118.0,
22300206,2024,2023-11-18,1610612759,1610612763,108.0,
22300021,2024,2023-11-14,1610612760,1610612759,,87.0
22300141,2024,2023-11-05,1610612759,1610612761,116.0,
22301135,2024,2024-04-07,1610612766,1610612760,,121.0
22301012,2024,2024-03-22,1610612761,1610612760,,123.0
22301000,2024,2024-03-20,1610612760,1610612762,119.0,
22300972,2024,2024-03-16,1610612763,1610612760,,118.0
22300931,2024,2024-03-10,1610612760,1610612763,124.0,
22300809,2024,2024-02-23,1610612760,1610612764,147.0,
22300724,2024,2024-02-06,1610612762,1610612760,,117.0
22300710,2024,2024-02-04,1610612760,1610612761,135.0,
22300695,2024,2024-02-02,1610612760,1610612766,126.0,
22300654,2024,2024-01-28,1610612765,1610612760,,104.0
22300581,2024,2024-01-18,1610612762,1610612760,,134.0
22300508,2024,2024-01-08,1610612764,1610612760,,136.0
22300355,2024,2023-12-18,1610612760,1610612763,116.0,
22300302,2024,2023-12-11,1610612760,1610612762,134.0,
22300109,2024,2023-10-30,1610612760,1610612765,124.0,
22301137,2024,2024-04-07,1610612761,1610612764,130.0,
22301022,2024,2024-03-23,1610612764,1610612761,,109.0
22300946,2024,2024-03-13,1610612765,1610612761,,104.0
22300875,2024,2024-03-03,1610612761,1610612766,111.0,
22300726,2024,2024-02-07,1610612766,1610612761,,123.0
22300609,2024,2024-01-22,1610612761,1610612763,100.0,
22300540,2024,2024-01-12,1610612762,1610612761,,113.0
22300470,2024,2024-01-03,1610612763,1610612761,,116.0
22300440,2024,2023-12-30,1610612765,1610612761,,127.0
22300416,2024,2023-12-27,1610612764,1610612761,,132.0
22300395,2024,2023-12-23,1610612761,1610612762,119.0,
22300354,2024,2023-12-18,1610612761,1610612766,114.0,
22301216,2024,2023-12-08,1610612766,1610612761,,116.0
22300211,2024,2023-11-19,1610612761,1610612765,142.0,
22300189,2024,2023-11-13,1610612761,1610612764,111.0,
22300882,2024,2024-03-04,1610612762,1610612764,127.0,
22300801,2024,2024-02-22,1610612762,1610612766,107.0,
22300647,2024,2024-01-27,1610612766,1610612762,,134.0
22300628,2024,2024-01-25,1610612764,1610612762,,123.0
22300474,2024,2024-01-03,1610612762,1610612765,154.0,
22300374,2024,2023-12-21,1610612765,1610612762,,119.0
22300261,2024,2023-11-29,1610612763,1610612762,,91.0
22300012,2024,2023-11-10,1610612763,1610612762,,127.0
22300125,2024,2023-11-01,1610612762,1610612763,133.0,
22301121,2024,2024-04-05,1610612763,1610612765,108.0,
22301088,2024,2024-04-01,1610612765,1610612763,,110.0
22300950,2024,2024-03-13,1610612763,1610612766,98.0,
22300940,2024,2024-03-12,1610612763,1610612764,109.0,
22300751,2024,2024-02-10,1610612766,1610612763,,106.0
22301206,2024,2023-12-06,1610612765,1610612763,,116.0
22300089,2024,2023-10-28,1610612764,1610612763,,106.0
22301065,2024,2024-03-29,1610612764,1610612765,87.0,
22300910,2024,2024-03-08,1610612764,1610612766,112.0,
22300642,2024,2024-01-27,1610612765,1610612764,,118.0
22300558,2024,2024-01-15,1610612764,1610612765,117.0,
22300253,2024,2023-11-27,1610612765,1610612764,,126.0
22300225,2024,2023-11-22,1610612766,1610612764,,114.0
22300009,2024,2023-11-10,1610612764,1610612766,117.0,
22300157,2024,2023-11-08,1610612766,1610612764,,132.0
22300933,2024,2024-03-11,1610612765,1610612766,114.0,
22300619,2024,2024-01-24,1610612765,1610612766,113.0,
22300077,2024,2023-10-27,1610612766,1610612765,,111.0
22201216,2023,2023-04-09,1610612738,1610612737,,114.0
22201205,2023,2023-04-07,1610612737,1610612755,131.0,
22201191,2023,2023-04-05,1610612737,1610612764,134.0,
22201182,2023,2023-04-04,1610612741,1610612737,,123.0
22201167,2023,2023-04-02,1610612737,1610612742,132.0,
22201153,2023,2023-03-31,1610612751,1610612737,,107.0
22201131,2023,2023-03-28,1610612737,1610612739,120.0,
22201115,2023,2023-03-26,1610612737,1610612763,119.0,
22201107,2023,2023-03-25,1610612737,1610612754,143.0,
22201090,2023,2023-03-22,1610612750,1610612737,,124.0
22201078,2023,2023-03-21,1610612737,1610612765,129.0,
22201065,2023,2023-03-19,1610612759,1610612737,,118.0
22201048,2023,2023-03-17,1610612737,1610612744,127.0,
22201021,2023,2023-03-13,1610612737,1610612750,115.0,
22201008,2023,2023-03-11,1610612737,1610612738,125.0,
22200999,2023,2023-03-10,1610612764,1610612737,,114.0
22200985,2023,2023-03-08,1610612764,1610612737,,122.0
22200974,2023,2023-03-06,1610612748,1610612737,,128.0
22200958,2023,2023-03-04,1610612748,1610612737,,109.0
22200947,2023,2023-03-03,1610612737,1610612757,129.0,
22200923,2023,2023-02-28,1610612737,1610612764,116.0,
22200911,2023,2023-02-26,1610612737,1610612751,129.0,
22200896,2023,2023-02-24,1610612737,1610612739,136.0,
22200876,2023,2023-02-15,1610612737,1610612752,101.0,
22200857,2023,2023-02-13,1610612766,1610612737,,138.0
22200850,2023,2023-02-11,1610612737,1610612759,125.0,
22200832,2023,2023-02-09,1610612737,1610612756,116.0,
22200818,2023,2023-02-07,1610612740,1610612737,,107.0
22200801,2023,2023-02-04,1610612743,1610612737,,108.0
22200792,2023,2023-02-03,1610612762,1610612737,,115.0
22200777,2023,2023-02-01,1610612756,1610612737,,132.0
22200763,2023,2023-01-30,1610612757,1610612737,,125.0
22200745,2023,2023-01-28,1610612737,1610612746,113.0,
22200725,2023,2023-01-25,1610612760,1610612737,,137.0
22200708,2023,2023-01-23,1610612741,1610612737,,100.0
22200694,2023,2023-01-21,1610612737,1610612766,118.0,
22200684,2023,2023-01-20,1610612737,1610612752,139.0,
22200670,2023,2023-01-18,1610612742,1610612737,,130.0
22200661,2023,2023-01-16,1610612737,1610612748,121.0,
22200644,2023,2023-01-14,1610612761,1610612737,,114.0
22200633,2023,2023-01-13,1610612754,1610612737,,113.0
22200620,2023,2023-01-11,1610612737,1610612749,105.0,
22200604,2023,2023-01-08,1610612746,1610612737,,112.0
22200590,2023,2023-01-06,1610612747,1610612737,,114.0
22200575,2023,2023-01-04,1610612758,1610612737,,120.0
22200558,2023,2023-01-02,1610612744,1610612737,,141.0
22200530,2023,2022-12-30,1610612737,1610612747,121.0,
22200517,2023,2022-12-28,1610612737,1610612751,107.0,
22200508,2023,2022-12-27,1610612754,1610612737,,114.0
22200481,2023,2022-12-23,1610612737,1610612765,130.0,
22200468,2023,2022-12-21,1610612737,1610612741,108.0,
22200454,2023,2022-12-19,1610612737,1610612753,126.0,
22200428,2023,2022-12-16,1610612766,1610612737,,125.0
22200416,2023,2022-12-14,1610612753,1610612737,,124.0
22200404,2023,2022-12-12,1610612763,1610612737,,103.0
22200400,2023,2022-12-11,1610612737,1610612741,123.0,
22200380,2023,2022-12-09,1610612751,1610612737,,116.0
22200365,2023,2022-12-07,1610612752,1610612737,,89.0
22200354,2023,2022-12-05,1610612737,1610612760,114.0,
22200327,2023,2022-12-02,1610612737,1610612743,117.0,
22200313,2023,2022-11-30,1610612753,1610612737,,125.0
22200299,2023,2022-11-28,1610612755,1610612737,,101.0
22200293,2023,2022-11-27,1610612737,1610612748,98.0,
22200278,2023,2022-11-25,1610612745,1610612737,,122.0
22200263,2023,2022-11-23,1610612737,1610612758,115.0,
22200248,2023,2022-11-21,1610612739,1610612737,,102.0
22200235,2023,2022-11-19,1610612737,1610612761,124.0,
22200214,2023,2022-11-16,1610612737,1610612738,101.0,
22200204,2023,2022-11-14,1610612749,1610612737,,121.0
22200188,2023,2022-11-12,1610612755,1610612737,,109.0
22200173,2023,2022-11-10,1610612737,1610612755,104.0,
22200162,2023,2022-11-09,1610612737,1610612762,119.0,
22200149,2023,2022-11-07,1610612737,1610612749,117.0,
22200134,2023,2022-11-05,1610612737,1610612740,124.0,
22200110,2023,2022-11-02,1610612752,1610612737,,112.0
22200099,2023,2022-10-31,1610612761,1610612737,,109.0
22200085,2023,2022-10-29,1610612749,1610612737,,115.0
22200070,2023,2022-10-28,1610612765,1610612737,,136.0
22200057,2023,2022-10-26,1610612765,1610612737,,118.0
22200038,2023,2022-10-23,1610612737,1610612766,109.0,
22200020,2023,2022-10-21,1610612737,1610612753,108.0,
22200005,2023,2022-10-19,1610612737,1610612745,117.0,
22201206,2023,2023-04-07,1610612738,1610612761,121.0,
22201192,2023,2023-04-05,1610612738,1610612761,97.0,
22201181,2023,2023-04-04,1610612755,1610612738,,101.0
22201152,2023,2023-03-31,1610612738,1610612762,122.0,
22201146,2023,2023-03-30,1610612749,1610612738,,140.0
22201130,2023,2023-03-28,1610612764,1610612738,,111.0
22201116,2023,2023-03-26,1610612738,1610612759,137.0,
22201097,2023,2023-03-24,1610612738,1610612754,120.0,
22201081,2023,2023-03-21,1610612758,1610612738,,132.0
22201062,2023,2023-03-18,1610612762,1610612738,,117.0
22201053,2023,2023-03-17,1610612757,1610612738,,126.0
22201039,2023,2023-03-15,1610612750,1610612738,,104.0
22201024,2023,2023-03-13,1610612745,1610612738,,109.0
22200986,2023,2023-03-08,1610612738,1610612757,115.0,
22200971,2023,2023-03-06,1610612739,1610612738,,114.0
22200969,2023,2023-03-05,1610612738,1610612752,129.0,
22200948,2023,2023-03-03,1610612738,1610612751,105.0,
22200935,2023,2023-03-01,1610612738,1610612739,117.0,
22200921,2023,2023-02-27,1610612752,1610612738,,94.0
22200908,2023,2023-02-25,1610612755,1610612738,,110.0
22200887,2023,2023-02-23,1610612754,1610612738,,142.0
22200877,2023,2023-02-15,1610612738,1610612765,127.0,
22200869,2023,2023-02-14,1610612749,1610612738,,125.0
22200855,2023,2023-02-12,1610612738,1610612763,119.0,
22200838,2023,2023-02-10,1610612738,1610612766,127.0,
22200824,2023,2023-02-08,1610612738,1610612755,106.0,
22200808,2023,2023-02-06,1610612765,1610612738,,111.0
22200788,2023,2023-02-03,1610612738,1610612756,94.0,
22200772,2023,2023-02-01,1610612738,1610612751,139.0,
22200749,2023,2023-01-28,1610612738,1610612747,125.0,
22200730,2023,2023-01-26,1610612738,1610612752,117.0,
22200714,2023,2023-01-24,1610612748,1610612738,,95.0
22200707,2023,2023-01-23,1610612753,1610612738,,98.0
22200692,2023,2023-01-21,1610612761,1610612738,,106.0
22200679,2023,2023-01-19,1610612738,1610612744,121.0,
22200656,2023,2023-01-16,1610612766,1610612738,,130.0
22200642,2023,2023-01-14,1610612766,1610612738,,122.0
22200627,2023,2023-01-12,1610612751,1610612738,,109.0
22200621,2023,2023-01-11,1610612738,1610612740,125.0,
22200606,2023,2023-01-09,1610612738,1610612741,107.0,
22200591,2023,2023-01-07,1610612759,1610612738,,121.0
22200577,2023,2023-01-05,1610612742,1610612738,,124.0
22200562,2023,2023-01-03,1610612760,1610612738,,117.0
22200549,2023,2023-01-01,1610612743,1610612738,,111.0
22200525,2023,2022-12-29,1610612738,1610612746,116.0,
22200507,2023,2022-12-27,1610612738,1610612745,126.0,
22200495,2023,2022-12-25,1610612738,1610612749,139.0,
22200482,2023,2022-12-23,1610612738,1610612750,121.0,
22200469,2023,2022-12-21,1610612738,1610612754,112.0,
22200445,2023,2022-12-18,1610612738,1610612753,92.0,
22200430,2023,2022-12-16,1610612738,1610612753,109.0,
22200413,2023,2022-12-13,1610612747,1610612738,,122.0
22200408,2023,2022-12-12,1610612746,1610612738,,93.0
22200392,2023,2022-12-10,1610612744,1610612738,,107.0
22200373,2023,2022-12-07,1610612756,1610612738,,125.0
22200355,2023,2022-12-05,1610612761,1610612738,,116.0
22200346,2023,2022-12-04,1610612751,1610612738,,103.0
22200328,2023,2022-12-02,1610612738,1610612748,116.0,
22200314,2023,2022-11-30,1610612738,1610612748,134.0,
22200301,2023,2022-11-28,1610612738,1610612766,140.0,
22200294,2023,2022-11-27,1610612738,1610612764,130.0,
22200275,2023,2022-11-25,1610612738,1610612758,122.0,
22200264,2023,2022-11-23,1610612738,1610612742,125.0,
22200250,2023,2022-11-21,1610612741,1610612738,,107.0
22200231,2023,2022-11-18,1610612740,1610612738,,117.0
22200201,2023,2022-11-14,1610612738,1610612760,126.0,
22200186,2023,2022-11-12,1610612765,1610612738,,117.0
22200176,2023,2022-11-11,1610612738,1610612743,131.0,
22200163,2023,2022-11-09,1610612738,1610612765,128.0,
22200152,2023,2022-11-07,1610612763,1610612738,,109.0
22200135,2023,2022-11-05,1610612752,1610612738,,133.0
22200124,2023,2022-11-04,1610612738,1610612741,123.0,
22200107,2023,2022-11-02,1610612739,1610612738,,113.0
22200089,2023,2022-10-30,1610612738,1610612764,112.0,
22200072,2023,2022-10-28,1610612738,1610612739,123.0,
22200047,2023,2022-10-24,1610612741,1610612738,,102.0
22200030,2023,2022-10-22,1610612753,1610612738,,126.0
22200022,2023,2022-10-21,1610612748,1610612738,,111.0
22200001,2023,2022-10-18,1610612738,1610612755,126.0,
22201218,2023,2023-04-09,1610612739,1610612766,95.0,
22201197,2023,2023-04-06,1610612753,1610612739,,118.0
22201178,2023,2023-04-04,1610612753,1610612739,,117.0
22201173,2023,2023-04-02,1610612739,1610612754,115.0,
22201154,2023,2023-03-31,1610612739,1610612752,116.0,
22201117,2023,2023-03-26,1610612739,1610612745,108.0,
22201094,2023,2023-03-23,1610612751,1610612739,,116.0
22201079,2023,2023-03-21,1610612751,1610612739,,115.0
22201049,2023,2023-03-17,1610612739,1610612764,117.0,
22201035,2023,2023-03-15,1610612739,1610612755,109.0,
22201027,2023,2023-03-14,1610612766,1610612739,,120.0
22201015,2023,2023-03-12,1610612766,1610612739,,114.0
22201000,2023,2023-03-10,1610612748,1610612739,,115.0
22200987,2023,2023-03-08,1610612748,1610612739,,104.0
22200957,2023,2023-03-04,1610612739,1610612765,114.0,
22200914,2023,2023-02-26,1610612739,1610612761,118.0,
22200886,2023,2023-02-23,1610612739,1610612743,109.0,
22200875,2023,2023-02-15,1610612755,1610612739,,112.0
22200858,2023,2023-02-13,1610612739,1610612759,117.0,
22200852,2023,2023-02-11,1610612739,1610612741,97.0,
22200842,2023,2023-02-10,1610612740,1610612739,,118.0
22200822,2023,2023-02-08,1610612739,1610612765,113.0,
22200809,2023,2023-02-06,1610612764,1610612739,,114.0
22200803,2023,2023-02-05,1610612754,1610612739,,122.0
22200779,2023,2023-02-02,1610612739,1610612763,128.0,
22200764,2023,2023-01-31,1610612739,1610612748,97.0,
22200754,2023,2023-01-29,1610612739,1610612746,122.0,
22200739,2023,2023-01-27,1610612760,1610612739,,100.0
22200733,2023,2023-01-26,1610612745,1610612739,,113.0
22200715,2023,2023-01-24,1610612752,1610612739,,103.0
22200695,2023,2023-01-21,1610612739,1610612749,114.0,
22200685,2023,2023-01-20,1610612739,1610612744,114.0,
22200672,2023,2023-01-18,1610612763,1610612739,,114.0
22200658,2023,2023-01-16,1610612739,1610612740,113.0,
22200645,2023,2023-01-14,1610612750,1610612739,,102.0
22200631,2023,2023-01-12,1610612757,1610612739,,119.0
22200614,2023,2023-01-10,1610612762,1610612739,,114.0
22200603,2023,2023-01-08,1610612756,1610612739,,112.0
22200588,2023,2023-01-06,1610612743,1610612739,,108.0
22200565,2023,2023-01-04,1610612739,1610612756,90.0,
22200552,2023,2023-01-02,1610612739,1610612741,145.0,
22200540,2023,2022-12-31,1610612741,1610612739,,103.0
22200524,2023,2022-12-29,1610612754,1610612739,,126.0
22200498,2023,2022-12-26,1610612739,1610612751,117.0,
22200484,2023,2022-12-23,1610612739,1610612761,107.0,
22200466,2023,2022-12-21,1610612739,1610612749,114.0,
22200452,2023,2022-12-19,1610612739,1610612762,122.0,
22200440,2023,2022-12-17,1610612739,1610612742,100.0,
22200431,2023,2022-12-16,1610612739,1610612754,118.0,
22200421,2023,2022-12-14,1610612742,1610612739,,105.0
22200406,2023,2022-12-12,1610612759,1610612739,,111.0
22200390,2023,2022-12-10,1610612739,1610612760,110.0,
22200381,2023,2022-12-09,1610612739,1610612758,95.0,
22200360,2023,2022-12-06,1610612739,1610612747,116.0,
22200348,2023,2022-12-04,1610612752,1610612739,,81.0
22200330,2023,2022-12-02,1610612739,1610612753,107.0,
22200312,2023,2022-11-30,1610612739,1610612755,113.0,
22200303,2023,2022-11-28,1610612761,1610612739,,88.0
22200295,2023,2022-11-27,1610612765,1610612739,,102.0
22200280,2023,2022-11-25,1610612749,1610612739,,102.0
22200261,2023,2022-11-23,1610612739,1610612757,114.0,
22200244,2023,2022-11-20,1610612739,1610612748,113.0,
22200225,2023,2022-11-18,1610612739,1610612766,132.0,
22200216,2023,2022-11-16,1610612749,1610612739,,98.0
22200193,2023,2022-11-13,1610612739,1610612750,124.0,
22200182,2023,2022-11-11,1610612744,1610612739,,101.0
22200171,2023,2022-11-09,1610612758,1610612739,,120.0
22200158,2023,2022-11-07,1610612746,1610612739,,117.0
22200140,2023,2022-11-06,1610612747,1610612739,,114.0
22200120,2023,2022-11-04,1610612765,1610612739,,112.0
22200090,2023,2022-10-30,1610612739,1610612752,121.0,
22200056,2023,2022-10-26,1610612739,1610612753,103.0,
22200039,2023,2022-10-23,1610612739,1610612764,117.0,
22200032,2023,2022-10-22,1610612741,1610612739,,128.0
22200008,2023,2022-10-19,1610612761,1610612739,,105.0
22201225,2023,2023-04-09,1610612750,1610612740,,108.0
22201209,2023,2023-04-07,1610612740,1610612752,113.0,
22201194,2023,2023-04-05,1610612740,1610612763,138.0,
22201185,2023,2023-04-04,1610612740,1610612758,103.0,
22201162,2023,2023-04-01,1610612740,1610612746,122.0,
22201147,2023,2023-03-30,1610612743,1610612740,,107.0
22201135,2023,2023-03-28,1610612744,1610612740,,109.0
22201127,2023,2023-03-27,1610612757,1610612740,,124.0
22201112,2023,2023-03-25,1610612746,1610612740,,131.0
22201095,2023,2023-03-23,1610612740,1610612766,115.0,
22201080,2023,2023-03-21,1610612740,1610612759,119.0,
22201067,2023,2023-03-19,1610612745,1610612740,,117.0
22201051,2023,2023-03-17,1610612745,1610612740,,112.0
22201030,2023,2023-03-14,1610612740,1610612747,108.0,
22201017,2023,2023-03-12,1610612740,1610612757,127.0,
22201011,2023,2023-03-11,1610612740,1610612760,96.0,
22200988,2023,2023-03-08,1610612740,1610612742,113.0,
22200976,2023,2023-03-06,1610612758,1610612740,,108.0
22200953,2023,2023-03-03,1610612744,1610612740,,99.0
22200941,2023,2023-03-01,1610612757,1610612740,,121.0
22200922,2023,2023-02-27,1610612740,1610612753,93.0,
22200906,2023,2023-02-25,1610612752,1610612740,,106.0
22200890,2023,2023-02-23,1610612761,1610612740,,110.0
22200882,2023,2023-02-15,1610612747,1610612740,,102.0
22200864,2023,2023-02-13,1610612760,1610612740,,103.0
22200807,2023,2023-02-05,1610612740,1610612758,136.0,
22200798,2023,2023-02-04,1610612740,1610612747,131.0,
22200782,2023,2023-02-02,1610612742,1610612740,,106.0
22200768,2023,2023-01-31,1610612743,1610612740,,113.0
22200755,2023,2023-01-29,1610612749,1610612740,,110.0
22200747,2023,2023-01-28,1610612740,1610612764,103.0,
22200724,2023,2023-01-25,1610612740,1610612750,102.0,
22200716,2023,2023-01-24,1610612740,1610612743,98.0,
22200699,2023,2023-01-22,1610612748,1610612740,,96.0
22200683,2023,2023-01-20,1610612753,1610612740,,110.0
22200673,2023,2023-01-18,1610612740,1610612748,98.0,
22200632,2023,2023-01-13,1610612765,1610612740,,116.0
22200605,2023,2023-01-09,1610612764,1610612740,,132.0
22200593,2023,2023-01-07,1610612742,1610612740,,117.0
22200586,2023,2023-01-06,1610612740,1610612751,102.0,
22200572,2023,2023-01-04,1610612740,1610612745,119.0,
22200554,2023,2023-01-02,1610612755,1610612740,,111.0
22200543,2023,2022-12-31,1610612763,1610612740,,101.0
22200534,2023,2022-12-30,1610612740,1610612755,127.0,
22200520,2023,2022-12-28,1610612740,1610612750,119.0,
22200502,2023,2022-12-26,1610612740,1610612754,113.0,
22200488,2023,2022-12-23,1610612760,1610612740,,128.0
22200477,2023,2022-12-22,1610612740,1610612759,126.0,
22200457,2023,2022-12-19,1610612740,1610612749,119.0,
22200444,2023,2022-12-17,1610612756,1610612740,,114.0
22200426,2023,2022-12-15,1610612762,1610612740,,129.0
22200412,2023,2022-12-13,1610612762,1610612740,,100.0
22200395,2023,2022-12-11,1610612740,1610612756,129.0,
22200384,2023,2022-12-09,1610612740,1610612756,128.0,
22200371,2023,2022-12-07,1610612740,1610612765,104.0,
22200344,2023,2022-12-04,1610612740,1610612743,121.0,
22200333,2023,2022-12-02,1610612759,1610612740,,117.0
22200318,2023,2022-11-30,1610612740,1610612761,126.0,
22200304,2023,2022-11-28,1610612740,1610612760,105.0,
22200279,2023,2022-11-25,1610612763,1610612740,,111.0
22200269,2023,2022-11-23,1610612759,1610612740,,129.0
22200253,2023,2022-11-21,1610612740,1610612744,128.0,
22200217,2023,2022-11-16,1610612740,1610612741,124.0,
22200206,2023,2022-11-15,1610612740,1610612763,113.0,
22200191,2023,2022-11-12,1610612740,1610612745,119.0,
22200175,2023,2022-11-10,1610612740,1610612757,95.0,
22200166,2023,2022-11-09,1610612741,1610612740,,115.0
22200147,2023,2022-11-07,1610612754,1610612740,,122.0
22200128,2023,2022-11-04,1610612740,1610612744,114.0,
22200117,2023,2022-11-02,1610612747,1610612740,,117.0
22200088,2023,2022-10-30,1610612746,1610612740,,112.0
22200079,2023,2022-10-28,1610612756,1610612740,,111.0
22200053,2023,2022-10-25,1610612740,1610612742,113.0,
22200040,2023,2022-10-23,1610612740,1610612762,121.0,
22200017,2023,2022-10-21,1610612766,1610612740,,124.0
22200006,2023,2022-10-19,1610612751,1610612740,,130.0
22201223,2023,2023-04-09,1610612741,1610612765,103.0,
22201210,2023,2023-04-07,1610612742,1610612741,,115.0
22201193,2023,2023-04-05,1610612749,1610612741,,92.0
22201165,2023,2023-04-02,1610612741,1610612763,128.0,
22201148,2023,2023-03-31,1610612766,1610612741,,121.0
22201140,2023,2023-03-29,1610612741,1610612747,110.0,
22201129,2023,2023-03-27,1610612746,1610612741,,112.0
22201114,2023,2023-03-26,1610612747,1610612741,,118.0
22201104,2023,2023-03-24,1610612757,1610612741,,124.0
22201087,2023,2023-03-22,1610612741,1610612755,91.0,
22201072,2023,2023-03-20,1610612755,1610612741,,109.0
22201060,2023,2023-03-18,1610612741,1610612748,113.0,
22201050,2023,2023-03-17,1610612741,1610612750,139.0,
22201037,2023,2023-03-15,1610612741,1610612758,114.0,
22201009,2023,2023-03-11,1610612745,1610612741,,119.0
22200989,2023,2023-03-08,1610612743,1610612741,,117.0
22200963,2023,2023-03-05,1610612741,1610612754,122.0,
22200950,2023,2023-03-03,1610612741,1610612756,104.0,
22200934,2023,2023-03-01,1610612765,1610612741,,117.0
22200925,2023,2023-02-28,1610612761,1610612741,,98.0
22200912,2023,2023-02-26,1610612741,1610612764,102.0,
22200900,2023,2023-02-24,1610612741,1610612751,131.0,
22200883,2023,2023-02-16,1610612741,1610612749,100.0,
22200874,2023,2023-02-15,1610612754,1610612741,,113.0
22200863,2023,2023-02-13,1610612741,1610612753,91.0,
22200833,2023,2023-02-09,1610612751,1610612741,,105.0
22200819,2023,2023-02-07,1610612763,1610612741,,89.0
22200811,2023,2023-02-06,1610612741,1610612759,128.0,
22200796,2023,2023-02-04,1610612741,1610612757,129.0,
22200781,2023,2023-02-02,1610612741,1610612766,114.0,
22200766,2023,2023-01-31,1610612741,1610612746,103.0,
22200744,2023,2023-01-28,1610612753,1610612741,,128.0
22200732,2023,2023-01-26,1610612766,1610612741,,96.0
22200713,2023,2023-01-24,1610612754,1610612741,,110.0
22200678,2023,2023-01-19,1610612765,1610612741,,126.0
22200650,2023,2023-01-15,1610612741,1610612744,132.0,
22200636,2023,2023-01-13,1610612741,1610612760,110.0,
22200619,2023,2023-01-11,1610612764,1610612741,,97.0
22200592,2023,2023-01-07,1610612741,1610612762,126.0,
22200581,2023,2023-01-06,1610612755,1610612741,,126.0
22200570,2023,2023-01-04,1610612741,1610612751,121.0,
22200532,2023,2022-12-30,1610612741,1610612765,132.0,
22200519,2023,2022-12-28,1610612741,1610612749,119.0,
22200501,2023,2022-12-26,1610612741,1610612745,118.0,
22200485,2023,2022-12-23,1610612752,1610612741,,118.0
22200462,2023,2022-12-20,1610612748,1610612741,,113.0
22200449,2023,2022-12-18,1610612750,1610612741,,126.0
22200434,2023,2022-12-16,1610612741,1610612752,91.0,
22200418,2023,2022-12-14,1610612741,1610612752,120.0,
22200391,2023,2022-12-10,1610612741,1610612742,144.0,
22200367,2023,2022-12-07,1610612741,1610612764,115.0,
22200350,2023,2022-12-04,1610612758,1610612741,,101.0
22200336,2023,2022-12-02,1610612744,1610612741,,111.0
22200321,2023,2022-11-30,1610612756,1610612741,,113.0
22200306,2023,2022-11-28,1610612762,1610612741,,114.0
22200281,2023,2022-11-25,1610612760,1610612741,,119.0
22200267,2023,2022-11-23,1610612749,1610612741,,118.0
22200227,2023,2022-11-18,1610612741,1610612753,107.0,
22200196,2023,2022-11-13,1610612741,1610612743,103.0,
22200151,2023,2022-11-07,1610612741,1610612761,111.0,
22200141,2023,2022-11-06,1610612761,1610612741,,104.0
22200111,2023,2022-11-02,1610612741,1610612766,106.0,
22200103,2023,2022-11-01,1610612751,1610612741,,108.0
22200084,2023,2022-10-29,1610612741,1610612755,109.0,
22200077,2023,2022-10-28,1610612759,1610612741,,124.0
22200061,2023,2022-10-26,1610612741,1610612754,124.0,
22200019,2023,2022-10-21,1610612764,1610612741,,100.0
22200007,2023,2022-10-19,1610612748,1610612741,,116.0
22201224,2023,2023-04-09,1610612742,1610612759,117.0,
22201195,2023,2023-04-05,1610612742,1610612758,123.0,
22201161,2023,2023-04-01,1610612748,1610612742,,122.0
22201139,2023,2023-03-29,1610612755,1610612742,,108.0
22201123,2023,2023-03-27,1610612754,1610612742,,127.0
22201113,2023,2023-03-26,1610612766,1610612742,,104.0
22201101,2023,2023-03-24,1610612742,1610612766,109.0,
22201086,2023,2023-03-22,1610612742,1610612744,125.0,
22201075,2023,2023-03-20,1610612763,1610612742,,108.0
22201054,2023,2023-03-17,1610612747,1610612742,,111.0
22201040,2023,2023-03-15,1610612759,1610612742,,137.0
22201023,2023,2023-03-13,1610612742,1610612763,88.0,
22201010,2023,2023-03-11,1610612763,1610612742,,108.0
22200983,2023,2023-03-07,1610612742,1610612762,120.0,
22200962,2023,2023-03-05,1610612742,1610612756,126.0,
22200943,2023,2023-03-02,1610612742,1610612755,133.0,
22200929,2023,2023-02-28,1610612742,1610612754,122.0,
22200913,2023,2023-02-26,1610612742,1610612747,108.0,
22200891,2023,2023-02-23,1610612742,1610612759,142.0,
22200881,2023,2023-02-15,1610612743,1610612742,,109.0
22200865,2023,2023-02-13,1610612742,1610612750,121.0,
22200854,2023,2023-02-11,1610612758,1610612742,,128.0
22200844,2023,2023-02-10,1610612758,1610612742,,122.0
22200829,2023,2023-02-08,1610612746,1610612742,,110.0
22200813,2023,2023-02-06,1610612762,1610612742,,124.0
22200800,2023,2023-02-04,1610612744,1610612742,,113.0
22200761,2023,2023-01-30,1610612742,1610612765,111.0,
22200750,2023,2023-01-28,1610612762,1610612742,,100.0
22200734,2023,2023-01-26,1610612756,1610612742,,99.0
22200717,2023,2023-01-24,1610612742,1610612764,126.0,
22200701,2023,2023-01-22,1610612742,1610612746,98.0,
22200686,2023,2023-01-20,1610612742,1610612748,115.0,
22200654,2023,2023-01-15,1610612757,1610612742,,123.0
22200647,2023,2023-01-14,1610612757,1610612742,,119.0
22200630,2023,2023-01-12,1610612747,1610612742,,119.0
22200617,2023,2023-01-10,1610612746,1610612742,,101.0
22200602,2023,2023-01-08,1610612760,1610612742,,109.0
22200556,2023,2023-01-02,1610612745,1610612742,,111.0
22200542,2023,2022-12-31,1610612759,1610612742,,126.0
22200528,2023,2022-12-29,1610612742,1610612745,129.0,
22200512,2023,2022-12-27,1610612742,1610612752,126.0,
22200494,2023,2022-12-25,1610612742,1610612747,124.0,
22200487,2023,2022-12-23,1610612745,1610612742,,112.0
22200473,2023,2022-12-21,1610612750,1610612742,,104.0
22200456,2023,2022-12-19,1610612750,1610612742,,106.0
22200436,2023,2022-12-16,1610612742,1610612757,130.0,
22200405,2023,2022-12-12,1610612742,1610612760,121.0,
22200386,2023,2022-12-09,1610612742,1610612749,105.0,
22200362,2023,2022-12-06,1610612743,1610612742,,116.0
22200358,2023,2022-12-05,1610612742,1610612756,130.0,
22200337,2023,2022-12-03,1610612752,1610612742,,121.0
22200325,2023,2022-12-01,1610612765,1610612742,,125.0
22200310,2023,2022-11-29,1610612742,1610612744,116.0,
22200298,2023,2022-11-27,1610612749,1610612742,,115.0
22200286,2023,2022-11-26,1610612761,1610612742,,100.0
22200246,2023,2022-11-20,1610612742,1610612743,97.0,
22200230,2023,2022-11-18,1610612742,1610612743,127.0,
22200218,2023,2022-11-16,1610612742,1610612745,92.0,
22200207,2023,2022-11-15,1610612742,1610612746,103.0,
22200190,2023,2022-11-12,1610612742,1610612757,117.0,
22200172,2023,2022-11-10,1610612764,1610612742,,105.0
22200161,2023,2022-11-09,1610612753,1610612742,,87.0
22200155,2023,2022-11-07,1610612742,1610612751,96.0,
22200127,2023,2022-11-04,1610612742,1610612761,111.0,
22200115,2023,2022-11-02,1610612742,1610612762,103.0,
22200093,2023,2022-10-30,1610612742,1610612753,114.0,
22200086,2023,2022-10-29,1610612742,1610612760,111.0,
22200066,2023,2022-10-27,1610612751,1610612742,,129.0
22200034,2023,2022-10-22,1610612742,1610612763,137.0,
22200013,2023,2022-10-19,1610612756,1610612742,,105.0
22201227,2023,2023-04-09,1610612743,1610612758,109.0,
22201213,2023,2023-04-08,1610612762,1610612743,,114.0
22201201,2023,2023-04-06,1610612756,1610612743,,115.0
22201183,2023,2023-04-04,1610612745,1610612743,,103.0
22201175,2023,2023-04-02,1610612743,1610612744,112.0,
22201160,2023,2023-03-31,1610612756,1610612743,,93.0
22201126,2023,2023-03-27,1610612743,1610612755,116.0,
22201109,2023,2023-03-25,1610612743,1610612749,129.0,
22201083,2023,2023-03-22,1610612764,1610612743,,118.0
22201063,2023,2023-03-19,1610612751,1610612743,,108.0
22201055,2023,2023-03-18,1610612752,1610612743,,110.0
22201042,2023,2023-03-16,1610612765,1610612743,,119.0
22201029,2023,2023-03-14,1610612761,1610612743,,110.0
22201014,2023,2023-03-12,1610612743,1610612751,120.0,
22201002,2023,2023-03-10,1610612759,1610612743,,120.0
22200975,2023,2023-03-06,1610612743,1610612761,118.0,
22200952,2023,2023-03-03,1610612743,1610612763,113.0,
22200926,2023,2023-02-28,1610612745,1610612743,,133.0
22200918,2023,2023-02-26,1610612743,1610612746,134.0,
22200907,2023,2023-02-25,1610612763,1610612743,,94.0
22200861,2023,2023-02-13,1610612748,1610612743,,112.0
22200847,2023,2023-02-11,1610612766,1610612743,,119.0
22200831,2023,2023-02-09,1610612753,1610612743,,104.0
22200820,2023,2023-02-07,1610612743,1610612750,146.0,
22200806,2023,2023-02-05,1610612750,1610612743,,98.0
22200783,2023,2023-02-02,1610612743,1610612744,134.0,
22200741,2023,2023-01-28,1610612755,1610612743,,119.0
22200723,2023,2023-01-25,1610612749,1610612743,,99.0
22200702,2023,2023-01-22,1610612743,1610612760,99.0,
22200688,2023,2023-01-20,1610612743,1610612754,134.0,
22200676,2023,2023-01-18,1610612743,1610612750,122.0,
22200667,2023,2023-01-17,1610612743,1610612757,122.0,
22200653,2023,2023-01-15,1610612743,1610612753,119.0,
22200639,2023,2023-01-13,1610612746,1610612743,,115.0
22200624,2023,2023-01-11,1610612743,1610612756,126.0,
22200609,2023,2023-01-09,1610612743,1610612747,122.0,
22200579,2023,2023-01-05,1610612743,1610612746,122.0,
22200557,2023,2023-01-02,1610612750,1610612743,,111.0
22200535,2023,2022-12-30,1610612743,1610612748,124.0,
22200522,2023,2022-12-28,1610612758,1610612743,,126.0
22200514,2023,2022-12-27,1610612758,1610612743,,113.0
22200497,2023,2022-12-25,1610612743,1610612756,128.0,
22200489,2023,2022-12-23,1610612743,1610612757,120.0,
22200465,2023,2022-12-20,1610612743,1610612763,105.0,
22200450,2023,2022-12-18,1610612743,1610612766,119.0,
22200437,2023,2022-12-16,1610612747,1610612743,,108.0
22200422,2023,2022-12-14,1610612743,1610612764,141.0,
22200393,2023,2022-12-10,1610612743,1610612762,115.0,
22200376,2023,2022-12-08,1610612757,1610612743,,121.0
22200320,2023,2022-11-30,1610612743,1610612745,120.0,
22200305,2023,2022-11-28,1610612743,1610612745,129.0,
22200285,2023,2022-11-25,1610612746,1610612743,,114.0
22200268,2023,2022-11-23,1610612760,1610612743,,131.0
22200258,2023,2022-11-22,1610612743,1610612765,108.0,
22200219,2023,2022-11-16,1610612743,1610612752,103.0,
22200160,2023,2022-11-09,1610612754,1610612743,,122.0
22200154,2023,2022-11-07,1610612759,1610612743,,115.0
22200138,2023,2022-11-05,1610612743,1610612759,126.0,
22200119,2023,2022-11-03,1610612760,1610612743,,122.0
22200095,2023,2022-10-30,1610612747,1610612743,,110.0
22200078,2023,2022-10-28,1610612743,1610612762,117.0,
22200064,2023,2022-10-26,1610612743,1610612747,110.0,
22200051,2023,2022-10-24,1610612757,1610612743,,110.0
22200035,2023,2022-10-22,1610612743,1610612760,122.0,
22200026,2023,2022-10-21,1610612744,1610612743,,128.0
22200012,2023,2022-10-19,1610612762,1610612743,,102.0
22201230,2023,2023-04-09,1610612757,1610612744,,157.0
22201211,2023,2023-04-07,1610612758,1610612744,,119.0
22201187,2023,2023-04-04,1610612744,1610612760,136.0,
22201158,2023,2023-03-31,1610612744,1610612759,130.0,
22201121,2023,2023-03-26,1610612744,1610612750,96.0,
22201103,2023,2023-03-24,1610612744,1610612755,120.0,
22201074,2023,2023-03-20,1610612745,1610612744,,121.0
22201061,2023,2023-03-18,1610612763,1610612744,,119.0
22201041,2023,2023-03-15,1610612746,1610612744,,126.0
22201025,2023,2023-03-13,1610612744,1610612756,123.0,
22201012,2023,2023-03-11,1610612744,1610612749,125.0,
22200996,2023,2023-03-09,1610612763,1610612744,,110.0
22200982,2023,2023-03-07,1610612760,1610612744,,128.0
22200964,2023,2023-03-05,1610612747,1610612744,,105.0
22200945,2023,2023-03-02,1610612744,1610612746,115.0,
22200931,2023,2023-02-28,1610612744,1610612757,123.0,
22200916,2023,2023-02-26,1610612744,1610612750,109.0,
22200901,2023,2023-02-24,1610612744,1610612745,116.0,
22200893,2023,2023-02-23,1610612747,1610612744,,111.0
22200871,2023,2023-02-14,1610612746,1610612744,,124.0
22200866,2023,2023-02-13,1610612744,1610612764,135.0,
22200853,2023,2023-02-11,1610612744,1610612747,103.0,
22200830,2023,2023-02-08,1610612757,1610612744,,122.0
22200814,2023,2023-02-06,1610612744,1610612760,141.0,
22200774,2023,2023-02-01,1610612750,1610612744,,114.0
22200759,2023,2023-01-30,1610612760,1610612744,,128.0
22200740,2023,2023-01-27,1610612744,1610612761,129.0,
22200726,2023,2023-01-25,1610612744,1610612763,122.0,
22200704,2023,2023-01-22,1610612744,1610612751,116.0,
22200660,2023,2023-01-16,1610612764,1610612744,,127.0
22200635,2023,2023-01-13,1610612759,1610612744,,144.0
22200615,2023,2023-01-10,1610612744,1610612756,113.0,
22200594,2023,2023-01-07,1610612744,1610612753,101.0,
22200573,2023,2023-01-04,1610612744,1610612765,119.0,
22200536,2023,2022-12-30,1610612744,1610612757,118.0,
22200521,2023,2022-12-28,1610612744,1610612762,112.0,
22200513,2023,2022-12-27,1610612744,1610612766,110.0,
22200496,2023,2022-12-25,1610612744,1610612763,123.0,
22200470,2023,2022-12-21,1610612751,1610612744,,113.0
22200463,2023,2022-12-20,1610612752,1610612744,,94.0
22200448,2023,2022-12-18,1610612761,1610612744,,126.0
22200432,2023,2022-12-16,1610612755,1610612744,,106.0
22200415,2023,2022-12-14,1610612754,1610612744,,119.0
22200410,2023,2022-12-13,1610612749,1610612744,,111.0
22200372,2023,2022-12-07,1610612762,1610612744,,123.0
22200359,2023,2022-12-05,1610612744,1610612754,104.0,
22200342,2023,2022-12-03,1610612744,1610612745,120.0,
22200291,2023,2022-11-27,1610612750,1610612744,,137.0
22200284,2023,2022-11-25,1610612744,1610612762,129.0,
22200271,2023,2022-11-23,1610612744,1610612746,124.0,
22200245,2023,2022-11-20,1610612745,1610612744,,127.0
22200233,2023,2022-11-18,1610612744,1610612752,111.0,
22200220,2023,2022-11-16,1610612756,1610612744,,119.0
22200205,2023,2022-11-14,1610612744,1610612759,132.0,
22200197,2023,2022-11-13,1610612758,1610612744,,115.0
22200156,2023,2022-11-07,1610612744,1610612758,116.0,
22200118,2023,2022-11-03,1610612753,1610612744,,129.0
22200104,2023,2022-11-01,1610612748,1610612744,,109.0
22200091,2023,2022-10-30,1610612765,1610612744,,114.0
22200082,2023,2022-10-29,1610612766,1610612744,,113.0
22200068,2023,2022-10-27,1610612744,1610612748,123.0,
22200055,2023,2022-10-25,1610612756,1610612744,,105.0
22200042,2023,2022-10-23,1610612744,1610612758,130.0,
22200002,2023,2022-10-18,1610612744,1610612747,123.0,
22201222,2023,2023-04-09,1610612764,1610612745,,114.0
22201202,2023,2023-04-07,1610612766,1610612745,,112.0
22201171,2023,2023-04-02,1610612745,1610612747,109.0,
22201155,2023,2023-03-31,1610612745,1610612765,121.0,
22201137,2023,2023-03-29,1610612751,1610612745,,114.0
22201124,2023,2023-03-27,1610612752,1610612745,,115.0
22201100,2023,2023-03-24,1610612763,1610612745,,114.0
22201088,2023,2023-03-22,1610612763,1610612745,,125.0
22201038,2023,2023-03-15,1610612745,1610612747,114.0,
22200993,2023,2023-03-09,1610612754,1610612745,,125.0
22200981,2023,2023-03-07,1610612745,1610612751,96.0,
22200967,2023,2023-03-05,1610612745,1610612759,142.0,
22200959,2023,2023-03-04,1610612759,1610612745,,122.0
22200938,2023,2023-03-01,1610612745,1610612763,99.0,
22200917,2023,2023-02-26,1610612757,1610612745,,114.0
22200880,2023,2023-02-15,1610612760,1610612745,,96.0
22200860,2023,2023-02-13,1610612755,1610612745,,104.0
22200840,2023,2023-02-10,1610612748,1610612745,,95.0
22200827,2023,2023-02-08,1610612745,1610612758,128.0,
22200812,2023,2023-02-06,1610612745,1610612758,120.0,
22200799,2023,2023-02-04,1610612760,1610612745,,121.0
22200789,2023,2023-02-03,1610612745,1610612761,111.0,
22200773,2023,2023-02-01,1610612745,1610612760,112.0,
22200743,2023,2023-01-28,1610612765,1610612745,,117.0
22200722,2023,2023-01-25,1610612745,1610612764,103.0,
22200709,2023,2023-01-23,1610612745,1610612750,119.0,
22200696,2023,2023-01-21,1610612750,1610612745,,104.0
22200671,2023,2023-01-18,1610612745,1610612766,117.0,
22200664,2023,2023-01-16,1610612747,1610612745,,132.0
22200649,2023,2023-01-15,1610612746,1610612745,,100.0
22200640,2023,2023-01-13,1610612758,1610612745,,114.0
22200625,2023,2023-01-11,1610612758,1610612745,,115.0
22200601,2023,2023-01-08,1610612745,1610612750,96.0,
22200578,2023,2023-01-05,1610612745,1610612762,114.0,
22200541,2023,2022-12-31,1610612745,1610612752,88.0,
22200472,2023,2022-12-21,1610612745,1610612753,110.0,
22200455,2023,2022-12-19,1610612745,1610612759,105.0,
22200441,2023,2022-12-17,1610612745,1610612757,95.0,
22200424,2023,2022-12-15,1610612745,1610612748,108.0,
22200411,2023,2022-12-13,1610612745,1610612756,111.0,
22200401,2023,2022-12-11,1610612745,1610612749,97.0,
22200375,2023,2022-12-08,1610612759,1610612745,,109.0
22200356,2023,2022-12-05,1610612745,1610612755,132.0,
22200334,2023,2022-12-02,1610612756,1610612745,,122.0
22200287,2023,2022-11-26,1610612745,1610612760,118.0,
22200228,2023,2022-11-18,1610612745,1610612754,91.0,
22200203,2023,2022-11-14,1610612745,1610612746,106.0,
22200165,2023,2022-11-09,1610612761,1610612745,,109.0
22200145,2023,2022-11-07,1610612753,1610612745,,134.0
22200137,2023,2022-11-05,1610612750,1610612745,,117.0
22200112,2023,2022-11-02,1610612745,1610612746,101.0,
22200102,2023,2022-10-31,1610612746,1610612745,,93.0
22200094,2023,2022-10-30,1610612756,1610612745,,109.0
22200080,2023,2022-10-28,1610612757,1610612745,,111.0
22200063,2023,2022-10-26,1610612762,1610612745,,101.0
22200048,2023,2022-10-24,1610612745,1610612762,114.0,
22200033,2023,2022-10-22,1610612749,1610612745,,105.0
22200024,2023,2022-10-21,1610612745,1610612763,122.0,
22201229,2023,2023-04-09,1610612756,1610612746,,119.0
22201215,2023,2023-04-08,1610612746,1610612757,136.0,
22201196,2023,2023-04-05,1610612746,1610612747,125.0,
22201156,2023,2023-03-31,1610612763,1610612746,,94.0
22201141,2023,2023-03-29,1610612763,1610612746,,141.0
22201096,2023,2023-03-23,1610612746,1610612760,127.0,
22201082,2023,2023-03-21,1610612746,1610612760,100.0,
22201069,2023,2023-03-19,1610612757,1610612746,,117.0
22201056,2023,2023-03-18,1610612746,1610612753,108.0,
22201004,2023,2023-03-11,1610612746,1610612752,106.0,
22200991,2023,2023-03-08,1610612746,1610612761,108.0,
22200970,2023,2023-03-05,1610612746,1610612763,135.0,
22200954,2023,2023-03-03,1610612758,1610612746,,127.0
22200932,2023,2023-02-28,1610612746,1610612750,101.0,
22200902,2023,2023-02-24,1610612746,1610612758,175.0,
22200885,2023,2023-02-16,1610612756,1610612746,,116.0
22200845,2023,2023-02-10,1610612746,1610612749,106.0,
22200810,2023,2023-02-06,1610612751,1610612746,,124.0
22200795,2023,2023-02-04,1610612752,1610612746,,134.0
22200784,2023,2023-02-02,1610612749,1610612746,,105.0
22200735,2023,2023-01-26,1610612746,1610612759,138.0,
22200719,2023,2023-01-24,1610612747,1610612746,,133.0
22200687,2023,2023-01-20,1610612759,1610612746,,131.0
22200675,2023,2023-01-18,1610612762,1610612746,,103.0
22200668,2023,2023-01-17,1610612746,1610612755,110.0,
22200587,2023,2023-01-06,1610612750,1610612746,,115.0
22200560,2023,2023-01-02,1610612746,1610612748,100.0,
22200538,2023,2022-12-31,1610612754,1610612746,,130.0
22200509,2023,2022-12-27,1610612761,1610612746,,124.0
22200499,2023,2022-12-26,1610612765,1610612746,,142.0
22200480,2023,2022-12-23,1610612755,1610612746,,114.0
22200476,2023,2022-12-21,1610612746,1610612766,126.0,
22200438,2023,2022-12-17,1610612746,1610612764,102.0,
22200427,2023,2022-12-15,1610612746,1610612756,95.0,
22200423,2023,2022-12-14,1610612746,1610612750,99.0,
22200389,2023,2022-12-10,1610612764,1610612746,,114.0
22200374,2023,2022-12-08,1610612748,1610612746,,110.0
22200363,2023,2022-12-07,1610612753,1610612746,,111.0
22200352,2023,2022-12-05,1610612766,1610612746,,119.0
22200338,2023,2022-12-03,1610612746,1610612758,96.0,
22200322,2023,2022-11-30,1610612762,1610612746,,112.0
22200311,2023,2022-11-29,1610612757,1610612746,,118.0
22200292,2023,2022-11-27,1610612746,1610612754,114.0,
22200255,2023,2022-11-21,1610612746,1610612762,121.0,
22200239,2023,2022-11-19,1610612746,1610612759,119.0,
22200223,2023,2022-11-17,1610612746,1610612765,96.0,
22200184,2023,2022-11-12,1610612746,1610612751,95.0,
22200170,2023,2022-11-09,1610612746,1610612747,114.0,
22200143,2023,2022-11-06,1610612746,1610612762,102.0,
22200126,2023,2022-11-04,1610612759,1610612746,,113.0
22200067,2023,2022-10-27,1610612760,1610612746,,110.0
22200054,2023,2022-10-25,1610612760,1610612746,,94.0
22200043,2023,2022-10-23,1610612746,1610612756,95.0,
22200036,2023,2022-10-22,1610612758,1610612746,,111.0
22200016,2023,2022-10-20,1610612747,1610612746,,103.0
22201228,2023,2023-04-09,1610612747,1610612762,128.0,
22201212,2023,2023-04-07,1610612747,1610612756,121.0,
22201186,2023,2023-04-04,1610612762,1610612747,,135.0
22201157,2023,2023-03-31,1610612750,1610612747,,123.0
22201106,2023,2023-03-24,1610612747,1610612760,116.0,
22201092,2023,2023-03-22,1610612747,1610612756,122.0,
22201070,2023,2023-03-19,1610612747,1610612753,111.0,
22201019,2023,2023-03-12,1610612747,1610612752,108.0,
22201003,2023,2023-03-10,1610612747,1610612761,122.0,
22200984,2023,2023-03-07,1610612747,1610612763,112.0,
22200955,2023,2023-03-03,1610612747,1610612750,102.0,
22200940,2023,2023-03-01,1610612760,1610612747,,123.0
22200927,2023,2023-02-28,1610612763,1610612747,,109.0
22200867,2023,2023-02-13,1610612757,1610612747,,115.0
22200834,2023,2023-02-09,1610612747,1610612749,106.0,
22200821,2023,2023-02-07,1610612747,1610612760,130.0,
22200778,2023,2023-02-02,1610612754,1610612747,,112.0
22200765,2023,2023-01-31,1610612752,1610612747,,129.0
22200757,2023,2023-01-30,1610612751,1610612747,,104.0
22200729,2023,2023-01-25,1610612747,1610612759,113.0,
22200705,2023,2023-01-22,1610612757,1610612747,,121.0
22200690,2023,2023-01-20,1610612747,1610612763,122.0,
22200677,2023,2023-01-18,1610612747,1610612758,111.0,
22200655,2023,2023-01-15,1610612747,1610612755,112.0,
22200595,2023,2023-01-07,1610612758,1610612747,,136.0
22200574,2023,2023-01-04,1610612747,1610612748,112.0,
22200551,2023,2023-01-02,1610612766,1610612747,,121.0
22200518,2023,2022-12-28,1610612748,1610612747,,98.0
22200505,2023,2022-12-27,1610612753,1610612747,,129.0
22200492,2023,2022-12-23,1610612747,1610612766,130.0,
22200475,2023,2022-12-21,1610612758,1610612747,,120.0
22200459,2023,2022-12-19,1610612756,1610612747,,104.0
22200451,2023,2022-12-18,1610612747,1610612764,119.0,
22200396,2023,2022-12-11,1610612765,1610612747,,124.0
22200382,2023,2022-12-09,1610612755,1610612747,,122.0
22200366,2023,2022-12-07,1610612761,1610612747,,113.0
22200349,2023,2022-12-04,1610612764,1610612747,,130.0
22200331,2023,2022-12-02,1610612749,1610612747,,133.0
22200324,2023,2022-11-30,1610612747,1610612757,128.0,
22200308,2023,2022-11-28,1610612747,1610612754,115.0,
22200288,2023,2022-11-26,1610612759,1610612747,,143.0
22200282,2023,2022-11-25,1610612759,1610612747,,105.0
22200259,2023,2022-11-22,1610612756,1610612747,,105.0
22200247,2023,2022-11-20,1610612747,1610612759,123.0,
22200234,2023,2022-11-18,1610612747,1610612765,128.0,
22200198,2023,2022-11-13,1610612747,1610612751,116.0,
22200183,2023,2022-11-11,1610612747,1610612758,114.0,
22200157,2023,2022-11-07,1610612762,1610612747,,116.0
22200131,2023,2022-11-04,1610612747,1610612762,116.0,
22200076,2023,2022-10-28,1610612750,1610612747,,102.0
22200037,2023,2022-10-23,1610612747,1610612757,104.0,
22201219,2023,2023-04-09,1610612748,1610612753,123.0,
22201204,2023,2023-04-07,1610612764,1610612748,,108.0
22201198,2023,2023-04-06,1610612755,1610612748,,129.0
22201177,2023,2023-04-04,1610612765,1610612748,,118.0
22201138,2023,2023-03-29,1610612752,1610612748,,92.0
22201132,2023,2023-03-28,1610612761,1610612748,,92.0
22201108,2023,2023-03-25,1610612748,1610612751,100.0,
22201084,2023,2023-03-22,1610612748,1610612752,127.0,
22201066,2023,2023-03-19,1610612765,1610612748,,112.0
22201036,2023,2023-03-15,1610612748,1610612763,138.0,
22201022,2023,2023-03-13,1610612748,1610612762,119.0,
22201007,2023,2023-03-11,1610612753,1610612748,,114.0
22200949,2023,2023-03-03,1610612748,1610612752,120.0,
22200936,2023,2023-03-01,1610612748,1610612755,96.0,
22200920,2023,2023-02-27,1610612755,1610612748,,101.0
22200904,2023,2023-02-25,1610612766,1610612748,,103.0
22200897,2023,2023-02-24,1610612749,1610612748,,99.0
22200878,2023,2023-02-15,1610612751,1610612748,,105.0
22200848,2023,2023-02-11,1610612753,1610612748,,107.0
22200825,2023,2023-02-08,1610612748,1610612754,116.0,
22200797,2023,2023-02-04,1610612749,1610612748,,115.0
22200780,2023,2023-02-02,1610612752,1610612748,,104.0
22200752,2023,2023-01-29,1610612766,1610612748,,117.0
22200738,2023,2023-01-27,1610612748,1610612753,110.0,
22200641,2023,2023-01-14,1610612748,1610612749,111.0,
22200628,2023,2023-01-12,1610612748,1610612749,108.0,
22200611,2023,2023-01-10,1610612748,1610612760,112.0,
22200599,2023,2023-01-08,1610612748,1610612751,101.0,
22200589,2023,2023-01-06,1610612756,1610612748,,104.0
22200546,2023,2022-12-31,1610612762,1610612748,,126.0
22200500,2023,2022-12-26,1610612748,1610612750,113.0,
22200486,2023,2022-12-23,1610612748,1610612754,108.0,
22200439,2023,2022-12-17,1610612759,1610612748,,111.0
22200419,2023,2022-12-14,1610612760,1610612748,,110.0
22200402,2023,2022-12-12,1610612754,1610612748,,87.0
22200387,2023,2022-12-10,1610612748,1610612759,111.0,
22200361,2023,2022-12-06,1610612748,1610612765,96.0,
22200357,2023,2022-12-05,1610612763,1610612748,,93.0
22200277,2023,2022-11-25,1610612748,1610612764,110.0,
22200265,2023,2022-11-23,1610612748,1610612764,113.0,
22200252,2023,2022-11-21,1610612750,1610612748,,101.0
22200224,2023,2022-11-18,1610612764,1610612748,,106.0
22200215,2023,2022-11-16,1610612761,1610612748,,104.0
22200202,2023,2022-11-14,1610612748,1610612756,113.0,
22200189,2023,2022-11-12,1610612748,1610612766,132.0,
22200174,2023,2022-11-10,1610612748,1610612766,117.0,
22200150,2023,2022-11-07,1610612748,1610612757,107.0,
22200121,2023,2022-11-04,1610612754,1610612748,,99.0
22200109,2023,2022-11-02,1610612748,1610612758,110.0,
22200081,2023,2022-10-29,1610612758,1610612748,,113.0
22200065,2023,2022-10-26,1610612757,1610612748,,119.0
22200045,2023,2022-10-24,1610612748,1610612761,90.0,
22200031,2023,2022-10-22,1610612748,1610612761,112.0,
22201221,2023,2023-04-09,1610612761,1610612749,,105.0
22201208,2023,2023-04-07,1610612749,1610612763,114.0,
22201179,2023,2023-04-04,1610612764,1610612749,,140.0
22201174,2023,2023-04-02,1610612749,1610612755,117.0,
22201136,2023,2023-03-29,1610612754,1610612749,,149.0
22201122,2023,2023-03-27,1610612765,1610612749,,126.0
22201102,2023,2023-03-24,1610612762,1610612749,,144.0
22201089,2023,2023-03-22,1610612749,1610612759,130.0,
22201068,2023,2023-03-19,1610612749,1610612761,118.0,
22201045,2023,2023-03-16,1610612749,1610612754,123.0,
22201033,2023,2023-03-14,1610612756,1610612749,,116.0
22201026,2023,2023-03-13,1610612758,1610612749,,133.0
22200995,2023,2023-03-09,1610612749,1610612751,118.0,
22200978,2023,2023-03-07,1610612753,1610612749,,134.0
22200973,2023,2023-03-05,1610612764,1610612749,,117.0
22200960,2023,2023-03-04,1610612749,1610612755,130.0,
22200939,2023,2023-03-01,1610612749,1610612753,139.0,
22200924,2023,2023-02-28,1610612751,1610612749,,118.0
22200910,2023,2023-02-26,1610612749,1610612756,104.0,
22200815,2023,2023-02-06,1610612757,1610612749,,127.0
22200767,2023,2023-01-31,1610612749,1610612766,124.0,
22200736,2023,2023-01-27,1610612754,1610612749,,141.0
22200706,2023,2023-01-23,1610612765,1610612749,,150.0
22200665,2023,2023-01-17,1610612749,1610612761,130.0,
22200657,2023,2023-01-16,1610612749,1610612754,132.0,
22200607,2023,2023-01-09,1610612752,1610612749,,111.0
22200583,2023,2023-01-06,1610612749,1610612766,109.0,
22200569,2023,2023-01-04,1610612761,1610612749,,104.0
22200561,2023,2023-01-03,1610612749,1610612764,123.0,
22200548,2023,2023-01-01,1610612749,1610612764,95.0,
22200533,2023,2022-12-30,1610612749,1610612750,123.0,
22200483,2023,2022-12-23,1610612751,1610612749,,100.0
22200442,2023,2022-12-17,1610612749,1610612762,123.0,
22200425,2023,2022-12-15,1610612763,1610612749,,101.0
22200369,2023,2022-12-07,1610612749,1610612758,126.0,
22200353,2023,2022-12-05,1610612753,1610612749,,109.0
22200339,2023,2022-12-03,1610612766,1610612749,,105.0
22200316,2023,2022-11-30,1610612752,1610612749,,109.0
22200251,2023,2022-11-21,1610612749,1610612757,119.0,
22200226,2023,2022-11-18,1610612755,1610612749,,102.0
22200180,2023,2022-11-11,1610612759,1610612749,,93.0
22200168,2023,2022-11-09,1610612760,1610612749,,136.0
22200136,2023,2022-11-05,1610612749,1610612760,108.0,
22200129,2023,2022-11-04,1610612750,1610612749,,115.0
22200113,2023,2022-11-02,1610612749,1610612765,116.0,
22200100,2023,2022-10-31,1610612749,1610612765,110.0,
22200075,2023,2022-10-28,1610612749,1610612752,119.0,
22200060,2023,2022-10-26,1610612749,1610612751,110.0,
22200015,2023,2022-10-20,1610612755,1610612749,,90.0
22201214,2023,2023-04-08,1610612759,1610612750,,151.0
22201180,2023,2023-04-04,1610612751,1610612750,,107.0
22201166,2023,2023-04-02,1610612750,1610612757,105.0,
22201144,2023,2023-03-29,1610612756,1610612750,,100.0
22201128,2023,2023-03-27,1610612758,1610612750,,119.0
22201073,2023,2023-03-20,1610612752,1610612750,,140.0
22201058,2023,2023-03-18,1610612761,1610612750,,107.0
22201001,2023,2023-03-10,1610612750,1610612751,123.0,
22200980,2023,2023-03-07,1610612750,1610612755,94.0,
22200961,2023,2023-03-04,1610612758,1610612750,,138.0
22200898,2023,2023-02-24,1610612750,1610612766,113.0,
22200884,2023,2023-02-16,1610612750,1610612764,106.0,
22200841,2023,2023-02-10,1610612763,1610612750,,107.0
22200828,2023,2023-02-08,1610612762,1610612750,,143.0
22200790,2023,2023-02-03,1610612750,1610612753,120.0,
22200758,2023,2023-01-30,1610612750,1610612758,111.0,
22200746,2023,2023-01-28,1610612750,1610612758,117.0,
22200737,2023,2023-01-27,1610612750,1610612763,111.0,
22200680,2023,2023-01-19,1610612750,1610612761,128.0,
22200662,2023,2023-01-16,1610612750,1610612762,125.0,
22200637,2023,2023-01-13,1610612750,1610612756,121.0,
22200618,2023,2023-01-11,1610612765,1610612750,,118.0
22200571,2023,2023-01-04,1610612750,1610612757,113.0,
22200544,2023,2022-12-31,1610612750,1610612765,104.0,
22200435,2023,2022-12-16,1610612760,1610612750,,112.0
22200407,2023,2022-12-12,1610612757,1610612750,,112.0
22200394,2023,2022-12-10,1610612757,1610612750,,118.0
22200385,2023,2022-12-09,1610612762,1610612750,,118.0
22200370,2023,2022-12-07,1610612750,1610612754,121.0,
22200341,2023,2022-12-03,1610612750,1610612760,128.0,
22200317,2023,2022-11-30,1610612750,1610612763,109.0,
22200300,2023,2022-11-28,1610612764,1610612750,,127.0
22200272,2023,2022-11-25,1610612766,1610612750,,108.0
22200262,2023,2022-11-23,1610612754,1610612750,,115.0
22200237,2023,2022-11-19,1610612755,1610612750,,112.0
22200212,2023,2022-11-16,1610612753,1610612750,,126.0
22200181,2023,2022-11-11,1610612763,1610612750,,103.0
22200167,2023,2022-11-09,1610612750,1610612756,117.0,
22200153,2023,2022-11-07,1610612750,1610612752,107.0,
22200106,2023,2022-11-01,1610612756,1610612750,,107.0
22200092,2023,2022-10-30,1610612759,1610612750,,98.0
22200062,2023,2022-10-26,1610612750,1610612759,134.0,
22200050,2023,2022-10-24,1610612750,1610612759,106.0,
22200041,2023,2022-10-23,1610612760,1610612750,,116.0
22200025,2023,2022-10-21,1610612750,1610612762,126.0,
22200010,2023,2022-10-19,1610612750,1610612760,115.0,
22201217,2023,2023-04-09,1610612751,1610612755,105.0,
22201207,2023,2023-04-07,1610612751,1610612753,101.0,
22201189,2023,2023-04-05,1610612765,1610612751,,123.0
22201164,2023,2023-04-02,1610612751,1610612762,111.0,
22201118,2023,2023-03-26,1610612753,1610612751,,106.0
22201043,2023,2023-03-16,1610612751,1610612758,96.0,
22201031,2023,2023-03-14,1610612760,1610612751,,107.0
22200965,2023,2023-03-05,1610612751,1610612766,102.0,
22200937,2023,2023-03-01,1610612752,1610612751,,118.0
22200862,2023,2023-02-13,1610612752,1610612751,,106.0
22200846,2023,2023-02-11,1610612751,1610612755,98.0,
22200817,2023,2023-02-07,1610612751,1610612756,112.0,
22200793,2023,2023-02-04,1610612751,1610612764,125.0,
22200742,2023,2023-01-28,1610612751,1610612752,122.0,
22200731,2023,2023-01-26,1610612751,1610612765,122.0,
22200721,2023,2023-01-25,1610612755,1610612751,,133.0
22200689,2023,2023-01-20,1610612762,1610612751,,117.0
22200681,2023,2023-01-19,1610612756,1610612751,,112.0
22200666,2023,2023-01-17,1610612759,1610612751,,98.0
22200651,2023,2023-01-15,1610612751,1610612760,102.0,
22200555,2023,2023-01-02,1610612751,1610612759,139.0,
22200539,2023,2022-12-31,1610612766,1610612751,,123.0
22200447,2023,2022-12-18,1610612765,1610612751,,124.0
22200433,2023,2022-12-16,1610612761,1610612751,,119.0
22200403,2023,2022-12-12,1610612764,1610612751,,112.0
22200388,2023,2022-12-10,1610612754,1610612751,,136.0
22200364,2023,2022-12-07,1610612751,1610612766,122.0,
22200329,2023,2022-12-02,1610612751,1610612761,114.0,
22200315,2023,2022-11-30,1610612751,1610612764,113.0,
22200302,2023,2022-11-28,1610612751,1610612753,109.0,
22200290,2023,2022-11-27,1610612751,1610612757,111.0,
22200276,2023,2022-11-25,1610612754,1610612751,,117.0
22200266,2023,2022-11-23,1610612761,1610612751,,112.0
22200256,2023,2022-11-22,1610612755,1610612751,,106.0
22200243,2023,2022-11-20,1610612751,1610612763,127.0,
22200221,2023,2022-11-17,1610612757,1610612751,,109.0
22200210,2023,2022-11-15,1610612758,1610612751,,121.0
22200164,2023,2022-11-09,1610612751,1610612752,112.0,
22200133,2023,2022-11-05,1610612766,1610612751,,98.0
22200123,2023,2022-11-04,1610612764,1610612751,,128.0
22200098,2023,2022-10-31,1610612751,1610612754,116.0,
22200083,2023,2022-10-29,1610612751,1610612754,116.0,
22200049,2023,2022-10-24,1610612763,1610612751,,124.0
22200021,2023,2022-10-21,1610612751,1610612761,109.0,
22201220,2023,2023-04-09,1610612752,1610612754,136.0,
22201190,2023,2023-04-05,1610612754,1610612752,,138.0
22201168,2023,2023-04-02,1610612752,1610612764,118.0,
22201093,2023,2023-03-23,1610612753,1610612752,,106.0
22201034,2023,2023-03-14,1610612757,1610612752,,123.0
22200997,2023,2023-03-09,1610612758,1610612752,,117.0
22200979,2023,2023-03-07,1610612752,1610612766,105.0,
22200895,2023,2023-02-24,1610612764,1610612752,,115.0
22200851,2023,2023-02-11,1610612752,1610612762,126.0,
22200837,2023,2023-02-10,1610612755,1610612752,,108.0
22200816,2023,2023-02-07,1610612753,1610612752,,102.0
22200804,2023,2023-02-05,1610612752,1610612755,108.0,
22200700,2023,2023-01-22,1610612761,1610612752,,116.0
22200669,2023,2023-01-18,1610612752,1610612764,105.0,
22200659,2023,2023-01-16,1610612752,1610612761,121.0,
22200648,2023,2023-01-15,1610612765,1610612752,,117.0
22200634,2023,2023-01-13,1610612764,1610612752,,112.0
22200622,2023,2023-01-11,1610612752,1610612754,119.0,
22200582,2023,2023-01-06,1610612761,1610612752,,112.0
22200568,2023,2023-01-04,1610612752,1610612759,117.0,
22200550,2023,2023-01-02,1610612752,1610612756,102.0,
22200527,2023,2022-12-29,1610612759,1610612752,,115.0
22200493,2023,2022-12-25,1610612752,1610612755,112.0,
22200471,2023,2022-12-21,1610612752,1610612761,106.0,
22200446,2023,2022-12-18,1610612754,1610612752,,109.0
22200397,2023,2022-12-11,1610612752,1610612758,112.0,
22200377,2023,2022-12-09,1610612766,1610612752,,121.0
22200309,2023,2022-11-29,1610612765,1610612752,,140.0
22200296,2023,2022-11-27,1610612752,1610612763,123.0,
22200274,2023,2022-11-25,1610612752,1610612757,129.0,
22200254,2023,2022-11-21,1610612760,1610612752,,129.0
22200240,2023,2022-11-20,1610612756,1610612752,,95.0
22200208,2023,2022-11-15,1610612762,1610612752,,118.0
22200192,2023,2022-11-13,1610612752,1610612760,135.0,
22200178,2023,2022-11-11,1610612752,1610612765,121.0,
22200122,2023,2022-11-04,1610612755,1610612752,,106.0
22200058,2023,2022-10-26,1610612752,1610612766,134.0,
22200046,2023,2022-10-24,1610612752,1610612753,115.0,
22200023,2023,2022-10-21,1610612752,1610612765,130.0,
22200009,2023,2022-10-19,1610612763,1610612752,,112.0
22201169,2023,2023-04-02,1610612753,1610612765,128.0,
22201151,2023,2023-03-31,1610612764,1610612753,,116.0
22201133,2023,2023-03-28,1610612763,1610612753,,108.0
22201077,2023,2023-03-21,1610612753,1610612764,122.0,
22201046,2023,2023-03-16,1610612756,1610612753,,113.0
22201032,2023,2023-03-14,1610612759,1610612753,,114.0
22200994,2023,2023-03-09,1610612753,1610612762,124.0,
22200966,2023,2023-03-05,1610612753,1610612757,119.0,
22200946,2023,2023-03-03,1610612766,1610612753,,117.0
22200905,2023,2023-02-25,1610612753,1610612754,108.0,
22200888,2023,2023-02-23,1610612753,1610612765,108.0,
22200868,2023,2023-02-14,1610612761,1610612753,,113.0
22200802,2023,2023-02-05,1610612766,1610612753,,119.0
22200770,2023,2023-02-01,1610612755,1610612753,,94.0
22200756,2023,2023-01-30,1610612755,1610612753,,119.0
22200720,2023,2023-01-25,1610612753,1610612754,126.0,
22200693,2023,2023-01-21,1610612764,1610612753,,118.0
22200638,2023,2023-01-13,1610612762,1610612753,,108.0
22200616,2023,2023-01-10,1610612757,1610612753,,109.0
22200610,2023,2023-01-09,1610612758,1610612753,,111.0
22200576,2023,2023-01-05,1610612753,1610612763,115.0,
22200566,2023,2023-01-04,1610612753,1610612760,126.0,
22200529,2023,2022-12-30,1610612753,1610612764,100.0,
22200515,2023,2022-12-28,1610612765,1610612753,,101.0
22200479,2023,2022-12-23,1610612753,1610612759,133.0,
22200398,2023,2022-12-11,1610612753,1610612761,111.0,
22200379,2023,2022-12-09,1610612753,1610612761,113.0,
22200340,2023,2022-12-03,1610612761,1610612753,,108.0
22200297,2023,2022-11-27,1610612753,1610612755,103.0,
22200273,2023,2022-11-25,1610612753,1610612755,99.0,
22200249,2023,2022-11-21,1610612754,1610612753,,102.0
22200236,2023,2022-11-19,1610612754,1610612753,,113.0
22200200,2023,2022-11-14,1610612753,1610612766,105.0,
22200177,2023,2022-11-11,1610612753,1610612756,114.0,
22200132,2023,2022-11-05,1610612753,1610612758,123.0,
22200105,2023,2022-11-01,1610612760,1610612753,,108.0
22200071,2023,2022-10-28,1610612753,1610612766,113.0,
22200003,2023,2022-10-19,1610612765,1610612753,,109.0
22201203,2023,2023-04-07,1610612754,1610612765,115.0,
22201149,2023,2023-03-31,1610612754,1610612760,121.0,
22201085,2023,2023-03-22,1610612761,1610612754,,118.0
22201071,2023,2023-03-20,1610612766,1610612754,,109.0
22201057,2023,2023-03-18,1610612754,1610612755,121.0,
22201020,2023,2023-03-13,1610612765,1610612754,,97.0
22201006,2023,2023-03-11,1610612765,1610612754,,121.0
22200972,2023,2023-03-06,1610612754,1610612755,143.0,
22200944,2023,2023-03-02,1610612759,1610612754,,99.0
22200859,2023,2023-02-13,1610612754,1610612762,117.0,
22200849,2023,2023-02-11,1610612764,1610612754,,113.0
22200836,2023,2023-02-10,1610612754,1610612756,104.0,
22200786,2023,2023-02-03,1610612754,1610612758,107.0,
22200753,2023,2023-01-29,1610612763,1610612754,,100.0
22200697,2023,2023-01-21,1610612756,1610612754,,107.0
22200674,2023,2023-01-18,1610612760,1610612754,,106.0
22200643,2023,2023-01-14,1610612754,1610612763,112.0,
22200598,2023,2023-01-08,1610612754,1610612766,116.0,
22200580,2023,2023-01-06,1610612754,1610612757,108.0,
22200567,2023,2023-01-04,1610612755,1610612754,,126.0
22200553,2023,2023-01-02,1610612754,1610612761,122.0,
22200378,2023,2022-12-09,1610612754,1610612764,121.0,
22200351,2023,2022-12-04,1610612757,1610612754,,100.0
22200335,2023,2022-12-02,1610612762,1610612754,,119.0
22200323,2023,2022-11-30,1610612758,1610612754,,114.0
22200211,2023,2022-11-16,1610612766,1610612754,,125.0
22200187,2023,2022-11-12,1610612754,1610612761,118.0,
22200074,2023,2022-10-28,1610612764,1610612754,,127.0
22200044,2023,2022-10-24,1610612755,1610612754,,106.0
22200029,2023,2022-10-22,1610612754,1610612765,124.0,
22200018,2023,2022-10-21,1610612754,1610612759,134.0,
22200004,2023,2022-10-19,1610612754,1610612764,107.0,
22201150,2023,2023-03-31,1610612755,1610612761,117.0,
22201110,2023,2023-03-25,1610612756,1610612755,,105.0
22201047,2023,2023-03-17,1610612766,1610612755,,121.0
22201016,2023,2023-03-12,1610612755,1610612764,112.0,
22200998,2023,2023-03-10,1610612755,1610612757,120.0,
22200889,2023,2023-02-23,1610612755,1610612763,110.0,
22200791,2023,2023-02-03,1610612759,1610612755,,137.0
22200698,2023,2023-01-21,1610612758,1610612755,,129.0
22200682,2023,2023-01-19,1610612757,1610612755,,105.0
22200646,2023,2023-01-14,1610612762,1610612755,,118.0
22200626,2023,2023-01-12,1610612755,1610612760,114.0,
22200612,2023,2023-01-10,1610612755,1610612765,147.0,
22200596,2023,2023-01-08,1610612765,1610612755,,123.0
22200545,2023,2022-12-31,1610612760,1610612755,,115.0
22200506,2023,2022-12-27,1610612764,1610612755,,111.0
22200467,2023,2022-12-21,1610612755,1610612765,113.0,
22200453,2023,2022-12-19,1610612755,1610612761,104.0,
22200409,2023,2022-12-13,1610612755,1610612758,123.0,
22200399,2023,2022-12-11,1610612755,1610612766,131.0,
22200332,2023,2022-12-02,1610612763,1610612755,,109.0
22200260,2023,2022-11-23,1610612766,1610612755,,101.0
22200195,2023,2022-11-13,1610612755,1610612762,105.0,
22200148,2023,2022-11-07,1610612755,1610612756,100.0,
22200108,2023,2022-11-02,1610612755,1610612764,111.0,
22200097,2023,2022-10-31,1610612764,1610612755,,118.0
22200073,2023,2022-10-28,1610612761,1610612755,,112.0
22200059,2023,2022-10-26,1610612761,1610612755,,109.0
22200028,2023,2022-10-22,1610612755,1610612759,105.0,
22201188,2023,2023-04-04,1610612756,1610612759,115.0,
22201172,2023,2023-04-02,1610612760,1610612756,,128.0
22201125,2023,2023-03-27,1610612762,1610612756,,117.0
22201105,2023,2023-03-24,1610612758,1610612756,,127.0
22201064,2023,2023-03-19,1610612760,1610612756,,120.0
22201013,2023,2023-03-11,1610612756,1610612758,119.0,
22200990,2023,2023-03-08,1610612756,1610612760,132.0,
22200933,2023,2023-03-01,1610612766,1610612756,,105.0
22200899,2023,2023-02-24,1610612756,1610612760,124.0,
22200870,2023,2023-02-14,1610612756,1610612758,120.0,
22200794,2023,2023-02-04,1610612765,1610612756,,116.0
22200762,2023,2023-01-30,1610612756,1610612761,114.0,
22200748,2023,2023-01-28,1610612759,1610612756,,128.0
22200718,2023,2023-01-24,1610612756,1610612766,128.0,
22200703,2023,2023-01-22,1610612756,1610612763,112.0,
22200663,2023,2023-01-16,1610612763,1610612756,,106.0
22200531,2023,2022-12-30,1610612761,1610612756,,104.0
22200516,2023,2022-12-28,1610612764,1610612756,,102.0
22200510,2023,2022-12-27,1610612763,1610612756,,125.0
22200490,2023,2022-12-23,1610612756,1610612763,100.0,
22200464,2023,2022-12-20,1610612756,1610612764,110.0,
22200345,2023,2022-12-04,1610612759,1610612756,,133.0
22200307,2023,2022-11-28,1610612758,1610612756,,122.0
22200289,2023,2022-11-26,1610612756,1610612762,113.0,
22200283,2023,2022-11-25,1610612756,1610612765,108.0,
22200232,2023,2022-11-18,1610612762,1610612756,,133.0
22200139,2023,2022-11-05,1610612756,1610612757,102.0,
22200130,2023,2022-11-04,1610612756,1610612757,106.0,
22200027,2023,2022-10-21,1610612757,1610612756,,111.0
22201199,2023,2023-04-06,1610612759,1610612757,,127.0
22201184,2023,2023-04-04,1610612763,1610612757,,109.0
22201159,2023,2023-03-31,1610612757,1610612758,114.0,
22201145,2023,2023-03-29,1610612757,1610612758,80.0,
22201120,2023,2023-03-26,1610612757,1610612760,112.0,
22201091,2023,2023-03-22,1610612762,1610612757,,127.0
22200977,2023,2023-03-06,1610612765,1610612757,,110.0
22200894,2023,2023-02-23,1610612758,1610612757,,116.0
22200872,2023,2023-02-14,1610612757,1610612764,101.0,
22200843,2023,2023-02-10,1610612757,1610612760,129.0,
22200787,2023,2023-02-03,1610612764,1610612757,,124.0
22200771,2023,2023-02-01,1610612763,1610612757,,122.0
22200751,2023,2023-01-28,1610612757,1610612761,105.0,
22200727,2023,2023-01-25,1610612757,1610612762,134.0,
22200711,2023,2023-01-23,1610612757,1610612759,147.0,
22200597,2023,2023-01-08,1610612761,1610612757,,105.0
22200559,2023,2023-01-02,1610612757,1610612765,135.0,
22200504,2023,2022-12-26,1610612757,1610612766,124.0,
22200474,2023,2022-12-21,1610612760,1610612757,,98.0
22200458,2023,2022-12-19,1610612760,1610612757,,121.0
22200420,2023,2022-12-14,1610612759,1610612757,,128.0
22200343,2023,2022-12-03,1610612762,1610612757,,116.0
22200238,2023,2022-11-19,1610612757,1610612762,113.0,
22200209,2023,2022-11-15,1610612757,1610612759,117.0,
22200159,2023,2022-11-09,1610612766,1610612757,,105.0
22200116,2023,2022-11-02,1610612757,1610612763,106.0,
22200014,2023,2022-10-19,1610612758,1610612757,,115.0
22201170,2023,2023-04-02,1610612758,1610612759,134.0,
22201111,2023,2023-03-25,1610612758,1610612762,121.0,
22201076,2023,2023-03-20,1610612762,1610612758,,120.0
22201059,2023,2023-03-18,1610612764,1610612758,,132.0
22200928,2023,2023-02-28,1610612760,1610612758,,123.0
22200915,2023,2023-02-26,1610612760,1610612758,,124.0
22200775,2023,2023-02-01,1610612759,1610612758,,119.0
22200728,2023,2023-01-25,1610612758,1610612761,95.0,
22200712,2023,2023-01-23,1610612758,1610612763,133.0,
22200691,2023,2023-01-20,1610612758,1610612760,118.0,
22200652,2023,2023-01-15,1610612759,1610612758,,132.0
22200563,2023,2023-01-03,1610612762,1610612758,,117.0
22200547,2023,2023-01-01,1610612763,1610612758,,108.0
22200537,2023,2022-12-30,1610612758,1610612762,126.0,
22200491,2023,2022-12-23,1610612758,1610612764,111.0,
22200460,2023,2022-12-19,1610612758,1610612766,119.0,
22200429,2023,2022-12-16,1610612765,1610612758,,122.0
22200417,2023,2022-12-14,1610612761,1610612758,,124.0
22200257,2023,2022-11-22,1610612763,1610612758,,113.0
22200242,2023,2022-11-20,1610612758,1610612765,137.0,
22200222,2023,2022-11-17,1610612758,1610612759,130.0,
22200096,2023,2022-10-31,1610612766,1610612758,,115.0
22200069,2023,2022-10-27,1610612758,1610612763,110.0,
22201143,2023,2023-03-29,1610612759,1610612762,117.0,
22201098,2023,2023-03-24,1610612764,1610612759,,124.0
22201052,2023,2023-03-17,1610612759,1610612763,120.0,
22201018,2023,2023-03-12,1610612759,1610612760,90.0,
22200930,2023,2023-02-28,1610612762,1610612759,,102.0
22200909,2023,2023-02-25,1610612762,1610612759,,102.0
22200873,2023,2023-02-15,1610612766,1610612759,,110.0
22200835,2023,2023-02-10,1610612765,1610612759,,131.0
22200826,2023,2023-02-08,1610612761,1610612759,,98.0
22200760,2023,2023-01-30,1610612759,1610612764,106.0,
22200623,2023,2023-01-11,1610612763,1610612759,,129.0
22200608,2023,2023-01-09,1610612763,1610612759,,113.0
22200585,2023,2023-01-06,1610612759,1610612765,121.0,
22200511,2023,2022-12-27,1610612760,1610612759,,114.0
22200503,2023,2022-12-26,1610612759,1610612762,126.0,
22200319,2023,2022-11-30,1610612760,1610612759,,111.0
22200169,2023,2022-11-09,1610612759,1610612763,122.0,
22200114,2023,2022-11-02,1610612759,1610612761,100.0,
22200011,2023,2022-10-19,1610612759,1610612766,102.0,
22201226,2023,2023-04-09,1610612760,1610612763,115.0,
22201200,2023,2023-04-06,1610612762,1610612760,,114.0
22201142,2023,2023-03-29,1610612760,1610612765,107.0,
22201134,2023,2023-03-28,1610612760,1610612766,134.0,
22201044,2023,2023-03-16,1610612761,1610612760,,111.0
22200968,2023,2023-03-05,1610612760,1610612762,129.0,
22200951,2023,2023-03-03,1610612760,1610612762,130.0,
22200892,2023,2023-02-23,1610612762,1610612760,,119.0
22200584,2023,2023-01-06,1610612760,1610612764,127.0,
22200523,2023,2022-12-29,1610612766,1610612760,,113.0
22200443,2023,2022-12-17,1610612760,1610612763,115.0,
22200368,2023,2022-12-07,1610612763,1610612760,,102.0
22200229,2023,2022-11-18,1610612763,1610612760,,110.0
22200213,2023,2022-11-16,1610612764,1610612760,,121.0
22200179,2023,2022-11-11,1610612760,1610612761,132.0,
22200146,2023,2022-11-07,1610612765,1610612760,,103.0
22201176,2023,2023-04-04,1610612766,1610612761,,120.0
22201163,2023,2023-04-02,1610612766,1610612761,,128.0
22201119,2023,2023-03-26,1610612761,1610612764,114.0,
22201099,2023,2023-03-24,1610612761,1610612765,118.0,
22200956,2023,2023-03-04,1610612764,1610612761,,116.0
22200942,2023,2023-03-02,1610612764,1610612761,,108.0
22200903,2023,2023-02-25,1610612765,1610612761,,95.0
22200856,2023,2023-02-12,1610612761,1610612765,119.0,
22200839,2023,2023-02-10,1610612761,1610612762,116.0,
22200805,2023,2023-02-05,1610612763,1610612761,,106.0
22200776,2023,2023-02-01,1610612762,1610612761,,128.0
22200629,2023,2023-01-12,1610612761,1610612766,124.0,
22200613,2023,2023-01-10,1610612761,1610612766,132.0,
22200526,2023,2022-12-29,1610612761,1610612763,106.0,
22200199,2023,2022-11-14,1610612765,1610612761,,115.0
22201005,2023,2023-03-11,1610612766,1610612762,,119.0
22200879,2023,2023-02-15,1610612763,1610612762,,111.0
22200710,2023,2023-01-23,1610612762,1610612766,120.0,
22200600,2023,2023-01-08,1610612763,1610612762,,118.0
22200478,2023,2022-12-22,1610612762,1610612764,120.0,
22200461,2023,2022-12-20,1610612765,1610612762,,126.0
22200270,2023,2022-11-23,1610612762,1610612765,116.0,
22200185,2023,2022-11-12,1610612764,1610612762,,112.0
22200101,2023,2022-10-31,1610612762,1610612763,121.0,
22200087,2023,2022-10-29,1610612762,1610612763,124.0,
22200564,2023,2023-01-04,1610612766,1610612763,,131.0
22200383,2023,2022-12-09,1610612763,1610612765,114.0,
22200347,2023,2022-12-04,1610612765,1610612763,,122.0
22200194,2023,2022-11-13,1610612764,1610612763,,92.0
22200142,2023,2022-11-06,1610612763,1610612764,103.0,
22200125,2023,2022-11-04,1610612763,1610612766,130.0,
22201028,2023,2023-03-14,1610612764,1610612765,117.0,
22200769,2023,2023-03-07,1610612765,1610612764,,119.0
22200823,2023,2023-02-08,1610612764,1610612766,118.0,
22200326,2023,2022-12-02,1610612766,1610612764,,116.0
22200241,2023,2022-11-20,1610612764,1610612766,106.0,
22200144,2023,2022-11-07,1610612766,1610612764,,108.0
22200052,2023,2022-10-25,1610612764,1610612765,120.0,
22200992,2023,2023-03-09,1610612765,1610612766,103.0,
22200919,2023,2023-02-27,1610612766,1610612765,,106.0
22200785,2023,2023-02-03,1610612765,1610612766,118.0,
22200414,2023,2022-12-14,1610612766,1610612765,,141.0
22101221,2022,2022-04-10,1610612745,1610612737,,130.0
22101207,2022,2022-04-08,1610612748,1610612737,,109.0
22101192,2022,2022-04-06,1610612737,1610612764,118.0,
22101182,2022,2022-04-05,1610612761,1610612737,,108.0
22101163,2022,2022-04-02,1610612737,1610612751,122.0,
22100452,2022,2022-03-31,1610612737,1610612739,131.0,
22101143,2022,2022-03-30,1610612760,1610612737,,136.0
22101124,2022,2022-03-28,1610612754,1610612737,,132.0
22101102,2022,2022-03-25,1610612737,1610612744,121.0,
22101085,2022,2022-03-23,1610612765,1610612737,,101.0
22101081,2022,2022-03-22,1610612752,1610612737,,117.0
22101064,2022,2022-03-20,1610612737,1610612740,112.0,
22101047,2022,2022-03-18,1610612737,1610612763,120.0,
22101033,2022,2022-03-16,1610612766,1610612737,,106.0
22101021,2022,2022-03-14,1610612737,1610612757,122.0,
22101016,2022,2022-03-13,1610612737,1610612754,131.0,
22100996,2022,2022-03-11,1610612737,1610612746,112.0,
22100984,2022,2022-03-09,1610612749,1610612737,,115.0
22100968,2022,2022-03-07,1610612765,1610612737,,110.0
22100948,2022,2022-03-04,1610612764,1610612737,,117.0
22100710,2022,2022-03-03,1610612737,1610612741,130.0,
22100927,2022,2022-03-01,1610612738,1610612737,,98.0
22100906,2022,2022-02-26,1610612737,1610612761,127.0,
22100891,2022,2022-02-24,1610612741,1610612737,,108.0
22100874,2022,2022-02-16,1610612753,1610612737,,130.0
22100867,2022,2022-02-15,1610612737,1610612739,124.0,
22100856,2022,2022-02-13,1610612738,1610612737,,95.0
22100841,2022,2022-02-11,1610612737,1610612759,121.0,
22100816,2022,2022-02-08,1610612737,1610612754,133.0,
22100807,2022,2022-02-06,1610612742,1610612737,,94.0
22100790,2022,2022-02-04,1610612761,1610612737,,114.0
22100783,2022,2022-02-03,1610612737,1610612756,124.0,
22100767,2022,2022-01-31,1610612737,1610612761,100.0,
22100751,2022,2022-01-30,1610612737,1610612747,129.0,
22100737,2022,2022-01-28,1610612737,1610612738,108.0,
22100725,2022,2022-01-26,1610612737,1610612758,121.0,
22100703,2022,2022-01-23,1610612766,1610612737,,113.0
22100687,2022,2022-01-21,1610612737,1610612748,110.0,
22100670,2022,2022-01-19,1610612737,1610612750,134.0,
22100660,2022,2022-01-17,1610612737,1610612749,121.0,
22100643,2022,2022-01-15,1610612737,1610612752,108.0,
22100636,2022,2022-01-14,1610612748,1610612737,,118.0
22100621,2022,2022-01-12,1610612737,1610612748,91.0,
22100597,2022,2022-01-09,1610612746,1610612737,,93.0
22100589,2022,2022-01-07,1610612747,1610612737,,118.0
22100577,2022,2022-01-05,1610612758,1610612737,,108.0
22100560,2022,2022-01-03,1610612757,1610612737,,131.0
22100533,2022,2021-12-31,1610612739,1610612737,,121.0
22100519,2022,2021-12-29,1610612741,1610612737,,117.0
22100502,2022,2021-12-27,1610612737,1610612741,118.0,
22100488,2022,2021-12-25,1610612752,1610612737,,87.0
22100478,2022,2021-12-23,1610612755,1610612737,,98.0
22100470,2022,2021-12-22,1610612737,1610612753,98.0,
22100434,2022,2021-12-17,1610612737,1610612743,115.0,
22100418,2022,2021-12-15,1610612753,1610612737,,111.0
22100407,2022,2021-12-13,1610612737,1610612745,126.0,
22100384,2022,2021-12-10,1610612737,1610612751,105.0,
22100359,2022,2021-12-06,1610612750,1610612737,,121.0
22100350,2022,2021-12-05,1610612737,1610612766,127.0,
22100335,2022,2021-12-03,1610612737,1610612755,96.0,
22100319,2022,2021-12-01,1610612754,1610612737,,114.0
22100293,2022,2021-11-27,1610612737,1610612752,90.0,
22100285,2022,2021-11-26,1610612763,1610612737,,132.0
22100277,2022,2021-11-24,1610612759,1610612737,,124.0
22100255,2022,2021-11-22,1610612737,1610612760,113.0,
22100242,2022,2021-11-20,1610612737,1610612766,115.0,
22100215,2022,2021-11-17,1610612737,1610612738,110.0,
22100202,2022,2021-11-15,1610612737,1610612753,129.0,
22100193,2022,2021-11-14,1610612737,1610612749,120.0,
22100182,2022,2021-11-12,1610612743,1610612737,,96.0
22100156,2022,2021-11-09,1610612762,1610612737,,98.0
22100152,2022,2021-11-08,1610612744,1610612737,,113.0
22100137,2022,2021-11-06,1610612756,1610612737,,117.0
22100120,2022,2021-11-04,1610612737,1610612762,98.0,
22100113,2022,2021-11-03,1610612751,1610612737,,108.0
22100097,2022,2021-11-01,1610612737,1610612764,118.0,
22100082,2022,2021-10-30,1610612755,1610612737,,94.0
22100066,2022,2021-10-28,1610612764,1610612737,,111.0
22100059,2022,2021-10-27,1610612740,1610612737,,102.0
22100043,2022,2021-10-25,1610612737,1610612765,122.0,
22100027,2022,2021-10-23,1610612739,1610612737,,95.0
22100014,2022,2021-10-21,1610612737,1610612742,113.0,
22101223,2022,2022-04-10,1610612763,1610612738,,139.0
22101198,2022,2022-04-07,1610612749,1610612738,,121.0
22101193,2022,2022-04-06,1610612741,1610612738,,117.0
22101166,2022,2022-04-03,1610612738,1610612764,144.0,
22101153,2022,2022-04-01,1610612738,1610612754,128.0,
22101139,2022,2022-03-30,1610612738,1610612748,98.0,
22101127,2022,2022-03-28,1610612761,1610612738,,112.0
22101116,2022,2022-03-27,1610612738,1610612750,134.0,
22101087,2022,2022-03-23,1610612738,1610612762,125.0,
22101078,2022,2022-03-21,1610612760,1610612738,,132.0
22101068,2022,2022-03-20,1610612743,1610612738,,124.0
22101057,2022,2022-03-18,1610612758,1610612738,,126.0
22101042,2022,2022-03-16,1610612744,1610612738,,110.0
22101014,2022,2022-03-13,1610612738,1610612742,92.0,
22100997,2022,2022-03-11,1610612738,1610612765,114.0,
22100981,2022,2022-03-09,1610612766,1610612738,,115.0
22100960,2022,2022-03-06,1610612738,1610612751,126.0,
22100940,2022,2022-03-03,1610612738,1610612763,120.0,
22100914,2022,2022-02-27,1610612754,1610612738,,107.0
22100905,2022,2022-02-26,1610612765,1610612738,,113.0
22100890,2022,2022-02-24,1610612751,1610612738,,129.0
22100875,2022,2022-02-16,1610612738,1610612765,111.0,
22100869,2022,2022-02-15,1610612755,1610612738,,135.0
22100842,2022,2022-02-11,1610612738,1610612743,108.0,
22100817,2022,2022-02-08,1610612751,1610612738,,126.0
22100806,2022,2022-02-06,1610612753,1610612738,,116.0
22100788,2022,2022-02-04,1610612765,1610612738,,102.0
22100775,2022,2022-02-02,1610612738,1610612766,113.0,
22100762,2022,2022-01-31,1610612738,1610612748,122.0,
22100745,2022,2022-01-29,1610612740,1610612738,,107.0
22100717,2022,2022-01-25,1610612738,1610612758,128.0,
22100699,2022,2022-01-23,1610612764,1610612738,,116.0
22100688,2022,2022-01-21,1610612738,1610612757,105.0,
22100671,2022,2022-01-19,1610612738,1610612766,102.0,
22100654,2022,2022-01-17,1610612738,1610612740,104.0,
22100647,2022,2022-01-15,1610612738,1610612741,114.0,
22100635,2022,2022-01-14,1610612755,1610612738,,99.0
22100618,2022,2022-01-12,1610612754,1610612738,,119.0
22100609,2022,2022-01-10,1610612738,1610612754,101.0,
22100595,2022,2022-01-08,1610612738,1610612752,99.0,
22100578,2022,2022-01-06,1610612752,1610612738,,105.0
22100570,2022,2022-01-05,1610612738,1610612759,97.0,
22100546,2022,2022-01-02,1610612738,1610612753,116.0,
22100529,2022,2021-12-31,1610612738,1610612756,123.0,
22100518,2022,2021-12-29,1610612738,1610612746,82.0,
22100503,2022,2021-12-27,1610612750,1610612738,,103.0
22100489,2022,2021-12-25,1610612749,1610612738,,113.0
22100471,2022,2021-12-22,1610612738,1610612739,111.0,
22100457,2022,2021-12-20,1610612738,1610612755,103.0,
22100445,2022,2021-12-18,1610612738,1610612752,114.0,
22100435,2022,2021-12-17,1610612738,1610612744,107.0,
22100408,2022,2021-12-13,1610612738,1610612749,117.0,
22100390,2022,2021-12-10,1610612756,1610612738,,90.0
22100378,2022,2021-12-08,1610612746,1610612738,,111.0
22100365,2022,2021-12-07,1610612747,1610612738,,102.0
22100347,2022,2021-12-04,1610612757,1610612738,,145.0
22100339,2022,2021-12-03,1610612762,1610612738,,130.0
22100322,2022,2021-12-01,1610612738,1610612755,88.0,
22100302,2022,2021-11-28,1610612761,1610612738,,109.0
22100287,2022,2021-11-26,1610612759,1610612738,,88.0
22100270,2022,2021-11-24,1610612738,1610612751,104.0,
22100256,2022,2021-11-22,1610612738,1610612745,108.0,
22100243,2022,2021-11-20,1610612738,1610612760,111.0,
22100232,2022,2021-11-19,1610612738,1610612747,130.0,
22100199,2022,2021-11-15,1610612739,1610612738,,98.0
22100190,2022,2021-11-13,1610612739,1610612738,,89.0
22100175,2022,2021-11-12,1610612738,1610612749,122.0,
22100160,2022,2021-11-10,1610612738,1610612761,104.0,
22100136,2022,2021-11-06,1610612742,1610612738,,104.0
22100121,2022,2021-11-04,1610612748,1610612738,,95.0
22100110,2022,2021-11-03,1610612753,1610612738,,92.0
22100098,2022,2021-11-01,1610612738,1610612741,114.0,
22100078,2022,2021-10-30,1610612764,1610612738,,112.0
22100056,2022,2021-10-27,1610612738,1610612764,107.0,
22100041,2022,2021-10-25,1610612766,1610612738,,140.0
22100037,2022,2021-10-24,1610612745,1610612738,,107.0
22100020,2022,2021-10-22,1610612738,1610612761,83.0,
22100005,2022,2021-10-20,1610612752,1610612738,,134.0
22101218,2022,2022-04-10,1610612739,1610612749,133.0,
22101205,2022,2022-04-08,1610612751,1610612739,,107.0
22101179,2022,2022-04-05,1610612753,1610612739,,115.0
22101170,2022,2022-04-03,1610612739,1610612755,108.0,
22101162,2022,2022-04-02,1610612752,1610612739,,119.0
22101136,2022,2022-03-30,1610612739,1610612742,112.0,
22101123,2022,2022-03-28,1610612739,1610612753,107.0,
22101110,2022,2022-03-26,1610612739,1610612741,94.0,
22101095,2022,2022-03-24,1610612761,1610612739,,104.0
22101072,2022,2022-03-21,1610612739,1610612747,120.0,
22101060,2022,2022-03-19,1610612739,1610612765,113.0,
22101049,2022,2022-03-18,1610612739,1610612743,119.0,
22101034,2022,2022-03-16,1610612739,1610612755,114.0,
22101020,2022,2022-03-14,1610612739,1610612746,120.0,
22101006,2022,2022-03-12,1610612741,1610612739,,91.0
22100998,2022,2022-03-11,1610612748,1610612739,,105.0
22100976,2022,2022-03-08,1610612754,1610612739,,127.0
22100962,2022,2022-03-06,1610612739,1610612761,104.0,
22100947,2022,2022-03-04,1610612755,1610612739,,119.0
22100932,2022,2022-03-02,1610612739,1610612766,98.0,
22100920,2022,2022-02-28,1610612739,1610612750,122.0,
22100907,2022,2022-02-26,1610612739,1610612764,92.0,
22100889,2022,2022-02-24,1610612765,1610612739,,103.0
22100849,2022,2022-02-12,1610612755,1610612739,,93.0
22100839,2022,2022-02-11,1610612754,1610612739,,120.0
22100825,2022,2022-02-09,1610612739,1610612759,105.0,
22100805,2022,2022-02-06,1610612739,1610612754,98.0,
22100787,2022,2022-02-04,1610612766,1610612739,,102.0
22100777,2022,2022-02-02,1610612745,1610612739,,104.0
22100759,2022,2022-01-31,1610612739,1610612740,93.0,
22100754,2022,2022-01-30,1610612765,1610612739,,105.0
22100722,2022,2022-01-26,1610612739,1610612749,115.0,
22100709,2022,2022-01-24,1610612739,1610612752,95.0,
22100695,2022,2022-01-22,1610612739,1610612760,94.0,
22100673,2022,2022-01-19,1610612741,1610612739,,104.0
22100657,2022,2022-01-17,1610612739,1610612751,114.0,
22100646,2022,2022-01-15,1610612760,1610612739,,107.0
22100638,2022,2022-01-14,1610612759,1610612739,,114.0
22100624,2022,2022-01-12,1610612762,1610612739,,111.0
22100611,2022,2022-01-10,1610612758,1610612739,,109.0
22100604,2022,2022-01-09,1610612744,1610612739,,82.0
22100590,2022,2022-01-07,1610612757,1610612739,,114.0
22100562,2022,2022-01-04,1610612739,1610612763,106.0,
22100547,2022,2022-01-02,1610612739,1610612754,108.0,
22100527,2022,2021-12-30,1610612764,1610612739,,93.0
22100513,2022,2021-12-28,1610612740,1610612739,,104.0
22100494,2022,2021-12-26,1610612739,1610612761,144.0,
22100446,2022,2021-12-18,1610612749,1610612739,,119.0
22100417,2022,2021-12-15,1610612739,1610612745,124.0,
22100404,2022,2021-12-13,1610612739,1610612748,105.0,
22100393,2022,2021-12-11,1610612739,1610612758,117.0,
22100387,2022,2021-12-10,1610612750,1610612739,,123.0
22100367,2022,2021-12-08,1610612739,1610612741,115.0,
22100358,2022,2021-12-06,1610612749,1610612739,,104.0
22100349,2022,2021-12-05,1610612739,1610612762,108.0,
22100334,2022,2021-12-03,1610612764,1610612739,,116.0
22100323,2022,2021-12-01,1610612748,1610612739,,111.0
22100310,2022,2021-11-29,1610612742,1610612739,,114.0
22100295,2022,2021-11-27,1610612739,1610612753,105.0,
22100267,2022,2021-11-24,1610612739,1610612756,115.0,
22100253,2022,2021-11-22,1610612739,1610612751,112.0,
22100224,2022,2021-11-18,1610612739,1610612744,89.0,
22100216,2022,2021-11-17,1610612751,1610612739,,99.0
22100176,2022,2021-11-12,1610612739,1610612765,98.0,
22100158,2022,2021-11-10,1610612739,1610612764,94.0,
22100140,2022,2021-11-07,1610612752,1610612739,,126.0
22100127,2022,2021-11-05,1610612761,1610612739,,102.0
22100108,2022,2021-11-03,1610612739,1610612757,107.0,
22100094,2022,2021-11-01,1610612766,1610612739,,113.0
22100088,2022,2021-10-30,1610612756,1610612739,,92.0
22100077,2022,2021-10-29,1610612747,1610612739,,101.0
22100064,2022,2021-10-27,1610612746,1610612739,,92.0
22100048,2022,2021-10-25,1610612743,1610612739,,99.0
22100017,2022,2021-10-22,1610612739,1610612766,112.0,
22100007,2022,2021-10-20,1610612763,1610612739,,121.0
22101225,2022,2022-04-10,1610612740,1610612744,107.0,
22101213,2022,2022-04-09,1610612763,1610612740,,114.0
22101200,2022,2022-04-07,1610612740,1610612757,127.0,
22101188,2022,2022-04-05,1610612758,1610612740,,123.0
22101177,2022,2022-04-03,1610612746,1610612740,,100.0
22101160,2022,2022-04-01,1610612747,1610612740,,114.0
22101146,2022,2022-03-30,1610612757,1610612740,,117.0
22101119,2022,2022-03-27,1610612740,1610612747,116.0,
22101107,2022,2022-03-26,1610612740,1610612759,103.0,
22101098,2022,2022-03-24,1610612740,1610612741,126.0,
22101071,2022,2022-03-21,1610612766,1610612740,,103.0
22101054,2022,2022-03-18,1610612759,1610612740,,124.0
22101032,2022,2022-03-15,1610612740,1610612756,115.0,
22101017,2022,2022-03-13,1610612740,1610612745,130.0,
22101001,2022,2022-03-11,1610612740,1610612766,120.0,
22100987,2022,2022-03-09,1610612740,1610612753,102.0,
22100978,2022,2022-03-08,1610612763,1610612740,,111.0
22100967,2022,2022-03-06,1610612743,1610612740,,130.0
22100950,2022,2022-03-04,1610612740,1610612762,124.0,
22100937,2022,2022-03-02,1610612740,1610612758,125.0,
22100919,2022,2022-02-27,1610612747,1610612740,,123.0
22100902,2022,2022-02-25,1610612756,1610612740,,117.0
22100886,2022,2022-02-17,1610612740,1610612742,118.0,
22100872,2022,2022-02-15,1610612740,1610612763,109.0,
22100863,2022,2022-02-14,1610612740,1610612761,120.0,
22100848,2022,2022-02-12,1610612740,1610612759,114.0,
22100833,2022,2022-02-10,1610612740,1610612748,97.0,
22100819,2022,2022-02-08,1610612740,1610612745,110.0,
22100808,2022,2022-02-06,1610612745,1610612740,,120.0
22100794,2022,2022-02-04,1610612743,1610612740,,113.0
22100766,2022,2022-02-01,1610612765,1610612740,,111.0
22100729,2022,2022-01-28,1610612740,1610612743,105.0,
22100454,2022,2022-01-25,1610612755,1610612740,,107.0
22100712,2022,2022-01-24,1610612740,1610612754,117.0,
22100681,2022,2022-01-20,1610612752,1610612740,,102.0
22100644,2022,2022-01-15,1610612751,1610612740,,105.0
22100629,2022,2022-01-13,1610612740,1610612746,113.0,
22100615,2022,2022-01-11,1610612740,1610612750,128.0,
22100599,2022,2022-01-09,1610612761,1610612740,,101.0
22100580,2022,2022-01-06,1610612740,1610612744,101.0,
22100565,2022,2022-01-04,1610612740,1610612756,110.0,
22100557,2022,2022-01-03,1610612740,1610612762,104.0,
22100539,2022,2022-01-01,1610612749,1610612740,,113.0
22100497,2022,2021-12-26,1610612760,1610612740,,112.0
22100477,2022,2021-12-23,1610612753,1610612740,,110.0
22100467,2022,2021-12-21,1610612740,1610612757,111.0,
22100438,2022,2021-12-17,1610612740,1610612749,116.0,
22100422,2022,2021-12-15,1610612760,1610612740,,113.0
22100401,2022,2021-12-12,1610612759,1610612740,,97.0
22100388,2022,2021-12-10,1610612740,1610612765,109.0,
22100375,2022,2021-12-08,1610612740,1610612743,114.0,
22100352,2022,2021-12-05,1610612745,1610612740,,108.0
22100338,2022,2021-12-03,1610612742,1610612740,,107.0
22100325,2022,2021-12-01,1610612740,1610612742,107.0,
22100313,2022,2021-11-29,1610612746,1610612740,,123.0
22100299,2022,2021-11-27,1610612762,1610612740,,105.0
22100289,2022,2021-11-26,1610612762,1610612740,,98.0
22100275,2022,2021-11-24,1610612740,1610612764,127.0,
22100259,2022,2021-11-22,1610612740,1610612750,96.0,
22100240,2022,2021-11-20,1610612754,1610612740,,94.0
22100235,2022,2021-11-19,1610612740,1610612746,94.0,
22100217,2022,2021-11-17,1610612748,1610612740,,98.0
22100201,2022,2021-11-15,1610612764,1610612740,,100.0
22100188,2022,2021-11-13,1610612740,1610612763,112.0,
22100179,2022,2021-11-12,1610612740,1610612751,112.0,
22100165,2022,2021-11-10,1610612740,1610612760,100.0,
22100150,2022,2021-11-08,1610612742,1610612740,,92.0
22100130,2022,2021-11-05,1610612744,1610612740,,85.0
22100118,2022,2021-11-03,1610612758,1610612740,,99.0
22100106,2022,2021-11-02,1610612756,1610612740,,100.0
22100080,2022,2021-10-30,1610612740,1610612752,117.0,
22100074,2022,2021-10-29,1610612740,1610612758,109.0,
22100047,2022,2021-10-25,1610612750,1610612740,,107.0
22100031,2022,2021-10-23,1610612750,1610612740,,89.0
22100022,2022,2021-10-22,1610612741,1610612740,,112.0
22100009,2022,2021-10-20,1610612740,1610612755,97.0,
22101224,2022,2022-04-10,1610612750,1610612741,,124.0
22101208,2022,2022-04-08,1610612741,1610612766,117.0,
22101183,2022,2022-04-05,1610612741,1610612749,106.0,
22101164,2022,2022-04-02,1610612741,1610612748,109.0,
22101149,2022,2022-03-31,1610612741,1610612746,135.0,
22101132,2022,2022-03-29,1610612764,1610612741,,107.0
22101126,2022,2022-03-28,1610612752,1610612741,,104.0
22101082,2022,2022-03-22,1610612749,1610612741,,98.0
22101076,2022,2022-03-21,1610612741,1610612761,113.0,
22101056,2022,2022-03-18,1610612756,1610612741,,102.0
22101041,2022,2022-03-16,1610612762,1610612741,,110.0
22101026,2022,2022-03-14,1610612758,1610612741,,103.0
22100982,2022,2022-03-09,1610612765,1610612741,,114.0
22100969,2022,2022-03-07,1610612755,1610612741,,106.0
22100949,2022,2022-03-04,1610612741,1610612749,112.0,
22100922,2022,2022-02-28,1610612748,1610612741,,99.0
22100909,2022,2022-02-26,1610612741,1610612763,110.0,
22100878,2022,2022-02-16,1610612741,1610612758,125.0,
22100861,2022,2022-02-14,1610612741,1610612759,120.0,
22100852,2022,2022-02-12,1610612741,1610612760,106.0,
22100843,2022,2022-02-11,1610612741,1610612750,134.0,
22100826,2022,2022-02-09,1610612766,1610612741,,121.0
22100812,2022,2022-02-07,1610612741,1610612756,124.0,
22100802,2022,2022-02-06,1610612741,1610612755,108.0,
22100789,2022,2022-02-04,1610612754,1610612741,,122.0
22100430,2022,2022-02-03,1610612761,1610612741,,120.0
22100769,2022,2022-02-01,1610612741,1610612753,126.0,
22100753,2022,2022-01-30,1610612741,1610612757,130.0,
22100742,2022,2022-01-28,1610612759,1610612741,,122.0
22100472,2022,2022-01-26,1610612741,1610612761,111.0,
22100730,2022,2022-01-24,1610612760,1610612741,,111.0
22100701,2022,2022-01-23,1610612753,1610612741,,95.0
22100690,2022,2022-01-21,1610612749,1610612741,,90.0
22100658,2022,2022-01-17,1610612763,1610612741,,106.0
22100637,2022,2022-01-14,1610612741,1610612744,96.0,
22100625,2022,2022-01-12,1610612741,1610612751,112.0,
22100415,2022,2022-01-11,1610612741,1610612765,133.0,
22100603,2022,2022-01-09,1610612742,1610612741,,99.0
22100585,2022,2022-01-07,1610612741,1610612764,130.0,
22100555,2022,2022-01-03,1610612741,1610612753,102.0,
22100541,2022,2022-01-01,1610612764,1610612741,,120.0
22100530,2022,2021-12-31,1610612754,1610612741,,108.0
22100499,2022,2021-12-26,1610612741,1610612754,113.0,
22100459,2022,2021-12-20,1610612741,1610612745,133.0,
22100448,2022,2021-12-19,1610612741,1610612747,115.0,
22100394,2022,2021-12-11,1610612748,1610612741,,92.0
22100357,2022,2021-12-06,1610612741,1610612743,109.0,
22100343,2022,2021-12-04,1610612751,1610612741,,111.0
22100328,2022,2021-12-02,1610612752,1610612741,,119.0
22100307,2022,2021-11-29,1610612741,1610612766,133.0,
22100296,2022,2021-11-27,1610612741,1610612748,104.0,
22100283,2022,2021-11-26,1610612753,1610612741,,123.0
22100271,2022,2021-11-24,1610612745,1610612741,,113.0
22100257,2022,2021-11-22,1610612741,1610612754,77.0,
22100250,2022,2021-11-21,1610612741,1610612752,109.0,
22100236,2022,2021-11-19,1610612743,1610612741,,114.0
22100223,2022,2021-11-17,1610612757,1610612741,,107.0
22100209,2022,2021-11-15,1610612747,1610612741,,121.0
22100198,2022,2021-11-14,1610612746,1610612741,,100.0
22100183,2022,2021-11-12,1610612744,1610612741,,93.0
22100163,2022,2021-11-10,1610612741,1610612742,117.0,
22100148,2022,2021-11-08,1610612741,1610612751,118.0,
22100135,2022,2021-11-06,1610612741,1610612755,105.0,
22100111,2022,2021-11-03,1610612755,1610612741,,98.0
22100083,2022,2021-10-30,1610612741,1610612762,107.0,
22100067,2022,2021-10-28,1610612741,1610612752,103.0,
22100046,2022,2021-10-25,1610612761,1610612741,,111.0
22100030,2022,2021-10-23,1610612741,1610612765,97.0,
22100004,2022,2021-10-20,1610612765,1610612741,,94.0
22101219,2022,2022-04-10,1610612742,1610612759,130.0,
22101209,2022,2022-04-08,1610612742,1610612757,128.0,
22101190,2022,2022-04-06,1610612765,1610612742,,131.0
22101167,2022,2022-04-03,1610612749,1610612742,,118.0
22101152,2022,2022-04-01,1610612764,1610612742,,103.0
22101134,2022,2022-03-29,1610612742,1610612747,128.0,
22101121,2022,2022-03-27,1610612742,1610612762,114.0,
22101104,2022,2022-03-25,1610612750,1610612742,,95.0
22101092,2022,2022-03-23,1610612742,1610612745,110.0,
22101079,2022,2022-03-21,1610612742,1610612750,110.0,
22101059,2022,2022-03-19,1610612766,1610612742,,108.0
22101046,2022,2022-03-18,1610612755,1610612742,,101.0
22101036,2022,2022-03-16,1610612751,1610612742,,113.0
22100999,2022,2022-03-11,1610612745,1610612742,,113.0
22100988,2022,2022-03-09,1610612742,1610612752,77.0,
22100972,2022,2022-03-07,1610612742,1610612762,111.0,
22100954,2022,2022-03-05,1610612742,1610612758,114.0,
22100943,2022,2022-03-03,1610612742,1610612744,122.0,
22100931,2022,2022-03-01,1610612747,1610612742,,109.0
22100917,2022,2022-02-27,1610612744,1610612742,,107.0
22100903,2022,2022-02-25,1610612762,1610612742,,109.0
22100868,2022,2022-02-15,1610612748,1610612742,,107.0
22100853,2022,2022-02-12,1610612742,1610612746,97.0,
22100835,2022,2022-02-10,1610612742,1610612746,112.0,
22100820,2022,2022-02-08,1610612742,1610612765,116.0,
22100791,2022,2022-02-04,1610612742,1610612755,107.0,
22100778,2022,2022-02-02,1610612742,1610612760,114.0,
22100755,2022,2022-01-30,1610612753,1610612742,,108.0
22100746,2022,2022-01-29,1610612742,1610612754,132.0,
22100732,2022,2022-01-26,1610612757,1610612742,,132.0
22100720,2022,2022-01-25,1610612744,1610612742,,92.0
22100705,2022,2022-01-23,1610612742,1610612763,104.0,
22100682,2022,2022-01-20,1610612742,1610612756,101.0,
22100675,2022,2022-01-19,1610612742,1610612761,102.0,
22100663,2022,2022-01-17,1610612742,1610612760,104.0,
22100650,2022,2022-01-15,1610612742,1610612753,108.0,
22100639,2022,2022-01-14,1610612763,1610612742,,112.0
22100622,2022,2022-01-12,1610612752,1610612742,,85.0
22100586,2022,2022-01-07,1610612745,1610612742,,130.0
22100572,2022,2022-01-05,1610612742,1610612744,99.0,
22100558,2022,2022-01-03,1610612742,1610612743,103.0,
22100550,2022,2022-01-02,1610612760,1610612742,,95.0
22100531,2022,2021-12-31,1610612758,1610612742,,112.0
22100524,2022,2021-12-29,1610612758,1610612742,,94.0
22100506,2022,2021-12-27,1610612757,1610612742,,132.0
22100492,2022,2021-12-25,1610612762,1610612742,,116.0
22100481,2022,2021-12-23,1610612742,1610612749,95.0,
22100468,2022,2021-12-21,1610612742,1610612750,114.0,
22100455,2022,2021-12-19,1610612750,1610612742,,105.0
22100420,2022,2021-12-15,1610612742,1610612747,104.0,
22100410,2022,2021-12-13,1610612742,1610612766,120.0,
22100400,2022,2021-12-12,1610612760,1610612742,,103.0
22100383,2022,2021-12-10,1610612754,1610612742,,93.0
22100373,2022,2021-12-08,1610612763,1610612742,,104.0
22100363,2022,2021-12-07,1610612742,1610612751,99.0,
22100345,2022,2021-12-04,1610612742,1610612763,90.0,
22100298,2022,2021-11-27,1610612742,1610612764,114.0,
22100266,2022,2021-11-23,1610612746,1610612742,,112.0
22100248,2022,2021-11-21,1610612746,1610612742,,91.0
22100237,2022,2021-11-19,1610612756,1610612742,,104.0
22100222,2022,2021-11-17,1610612756,1610612742,,98.0
22100204,2022,2021-11-15,1610612742,1610612743,111.0,
22100181,2022,2021-11-12,1610612759,1610612742,,123.0
22100116,2022,2021-11-03,1610612759,1610612742,,109.0
22100104,2022,2021-11-02,1610612742,1610612748,110.0,
22100089,2022,2021-10-31,1610612742,1610612758,105.0,
22100075,2022,2021-10-29,1610612743,1610612742,,75.0
22100069,2022,2021-10-28,1610612742,1610612759,104.0,
22100052,2022,2021-10-26,1610612742,1610612745,116.0,
22100029,2022,2021-10-23,1610612761,1610612742,,103.0
22101220,2022,2022-04-10,1610612743,1610612747,141.0,
22101201,2022,2022-04-07,1610612743,1610612763,122.0,
22101186,2022,2022-04-05,1610612743,1610612759,97.0,
22101168,2022,2022-04-03,1610612747,1610612743,,129.0
22101159,2022,2022-04-01,1610612743,1610612750,130.0,
22101137,2022,2022-03-30,1610612754,1610612743,,125.0
22101122,2022,2022-03-28,1610612766,1610612743,,113.0
22101113,2022,2022-03-26,1610612743,1610612760,113.0,
22101099,2022,2022-03-24,1610612743,1610612756,130.0,
22101083,2022,2022-03-22,1610612743,1610612746,127.0,
22101035,2022,2022-03-16,1610612764,1610612743,,127.0
22101022,2022,2022-03-14,1610612755,1610612743,,114.0
22101009,2022,2022-03-12,1610612743,1610612761,115.0,
22100994,2022,2022-03-10,1610612743,1610612744,102.0,
22100991,2022,2022-03-09,1610612758,1610612743,,106.0
22100528,2022,2022-03-07,1610612743,1610612744,131.0,
22100952,2022,2022-03-04,1610612743,1610612745,116.0,
22100938,2022,2022-03-02,1610612743,1610612760,107.0,
22100918,2022,2022-02-27,1610612757,1610612743,,124.0
22100911,2022,2022-02-26,1610612743,1610612758,115.0,
22100895,2022,2022-02-24,1610612758,1610612743,,128.0
22100883,2022,2022-02-16,1610612744,1610612743,,117.0
22100864,2022,2022-02-14,1610612743,1610612753,121.0,
22100850,2022,2022-02-12,1610612761,1610612743,,110.0
22100821,2022,2022-02-08,1610612743,1610612752,132.0,
22100804,2022,2022-02-06,1610612743,1610612751,124.0,
22100779,2022,2022-02-02,1610612762,1610612743,,104.0
22100770,2022,2022-02-01,1610612750,1610612743,,115.0
22100756,2022,2022-01-30,1610612749,1610612743,,136.0
22100453,2022,2022-01-26,1610612751,1610612743,,124.0
22100714,2022,2022-01-25,1610612765,1610612743,,110.0
22100707,2022,2022-01-23,1610612743,1610612765,117.0,
22100692,2022,2022-01-21,1610612743,1610612763,118.0,
22100678,2022,2022-01-19,1610612743,1610612746,130.0,
22100653,2022,2022-01-16,1610612743,1610612762,102.0,
22100649,2022,2022-01-15,1610612743,1610612747,133.0,
22100631,2022,2022-01-13,1610612743,1610612757,140.0,
22100616,2022,2022-01-11,1610612746,1610612743,,85.0
22100601,2022,2022-01-09,1610612760,1610612743,,99.0
22100588,2022,2022-01-07,1610612743,1610612758,121.0,
22100575,2022,2022-01-05,1610612743,1610612762,109.0,
22100543,2022,2022-01-01,1610612745,1610612743,,124.0
22100514,2022,2021-12-28,1610612744,1610612743,,89.0
22100500,2022,2021-12-26,1610612746,1610612743,,103.0
22100482,2022,2021-12-23,1610612743,1610612766,107.0,
22100474,2022,2021-12-22,1610612760,1610612743,,94.0
22100424,2022,2021-12-15,1610612743,1610612750,107.0,
22100411,2022,2021-12-13,1610612743,1610612764,113.0,
22100397,2022,2021-12-11,1610612759,1610612743,,127.0
22100381,2022,2021-12-09,1610612759,1610612743,,111.0
22100342,2022,2021-12-04,1610612752,1610612743,,113.0
22100320,2022,2021-12-01,1610612753,1610612743,,103.0
22100306,2022,2021-11-29,1610612748,1610612743,,120.0
22100288,2022,2021-11-26,1610612743,1610612749,109.0,
22100265,2022,2021-11-23,1610612757,1610612743,,100.0
22100251,2022,2021-11-21,1610612756,1610612743,,97.0
22100228,2022,2021-11-18,1610612743,1610612755,89.0,
22100197,2022,2021-11-14,1610612743,1610612757,124.0,
22100167,2022,2021-11-10,1610612743,1610612754,101.0,
22100151,2022,2021-11-08,1610612743,1610612748,113.0,
22100133,2022,2021-11-06,1610612743,1610612745,95.0,
22100114,2022,2021-11-03,1610612763,1610612743,,106.0
22100100,2022,2021-11-01,1610612763,1610612743,,97.0
22100087,2022,2021-10-30,1610612750,1610612743,,93.0
22100054,2022,2021-10-26,1610612762,1610612743,,110.0
22100024,2022,2021-10-22,1610612743,1610612759,102.0,
22100012,2022,2021-10-20,1610612756,1610612743,,110.0
22101215,2022,2022-04-09,1610612759,1610612744,,100.0
22101202,2022,2022-04-07,1610612744,1610612747,128.0,
22101176,2022,2022-04-03,1610612758,1610612744,,109.0
22101165,2022,2022-04-02,1610612744,1610612762,111.0,
22101145,2022,2022-03-30,1610612744,1610612756,103.0,
22101129,2022,2022-03-28,1610612763,1610612744,,95.0
22101117,2022,2022-03-27,1610612764,1610612744,,115.0
22101088,2022,2022-03-23,1610612748,1610612744,,118.0
22101080,2022,2022-03-22,1610612753,1610612744,,90.0
22101070,2022,2022-03-20,1610612744,1610612759,108.0,
22101025,2022,2022-03-14,1610612744,1610612764,126.0,
22101008,2022,2022-03-12,1610612744,1610612749,122.0,
22100980,2022,2022-03-08,1610612744,1610612746,112.0,
22100959,2022,2022-03-05,1610612747,1610612744,,116.0
22100930,2022,2022-03-01,1610612750,1610612744,,114.0
22100894,2022,2022-02-24,1610612757,1610612744,,132.0
22100866,2022,2022-02-14,1610612746,1610612744,,104.0
22100854,2022,2022-02-12,1610612744,1610612747,117.0,
22100837,2022,2022-02-10,1610612744,1610612752,114.0,
22100828,2022,2022-02-09,1610612762,1610612744,,85.0
22100813,2022,2022-02-07,1610612760,1610612744,,110.0
22100785,2022,2022-02-03,1610612744,1610612758,126.0,
22100771,2022,2022-02-01,1610612759,1610612744,,124.0
22100764,2022,2022-01-31,1610612745,1610612744,,122.0
22100750,2022,2022-01-29,1610612744,1610612751,110.0,
22100734,2022,2022-01-27,1610612744,1610612750,124.0,
22100708,2022,2022-01-23,1610612744,1610612762,94.0,
22100694,2022,2022-01-21,1610612744,1610612745,105.0,
22100683,2022,2022-01-20,1610612744,1610612754,117.0,
22100667,2022,2022-01-18,1610612744,1610612765,102.0,
22100652,2022,2022-01-16,1610612750,1610612744,,99.0
22100627,2022,2022-01-13,1610612749,1610612744,,99.0
22100614,2022,2022-01-11,1610612763,1610612744,,108.0
22100559,2022,2022-01-03,1610612744,1610612748,115.0,
22100544,2022,2022-01-01,1610612762,1610612744,,123.0
22100490,2022,2021-12-25,1610612756,1610612744,,116.0
22100485,2022,2021-12-23,1610612744,1610612763,113.0,
22100462,2022,2021-12-20,1610612744,1610612758,113.0,
22100443,2022,2021-12-18,1610612761,1610612744,,100.0
22100414,2022,2021-12-14,1610612752,1610612744,,105.0
22100405,2022,2021-12-13,1610612754,1610612744,,102.0
22100396,2022,2021-12-11,1610612755,1610612744,,93.0
22100376,2022,2021-12-08,1610612744,1610612757,104.0,
22100361,2022,2021-12-06,1610612744,1610612753,126.0,
22100346,2022,2021-12-04,1610612744,1610612759,107.0,
22100340,2022,2021-12-03,1610612744,1610612756,118.0,
22100316,2022,2021-11-30,1610612756,1610612744,,96.0
22100300,2022,2021-11-28,1610612746,1610612744,,105.0
22100290,2022,2021-11-26,1610612744,1610612757,118.0,
22100278,2022,2021-11-24,1610612744,1610612755,116.0,
22100252,2022,2021-11-21,1610612744,1610612761,119.0,
22100231,2022,2021-11-19,1610612765,1610612744,,105.0
22100210,2022,2021-11-16,1610612751,1610612744,,117.0
22100194,2022,2021-11-14,1610612766,1610612744,,102.0
22100169,2022,2021-11-10,1610612744,1610612750,123.0,
22100145,2022,2021-11-07,1610612744,1610612745,120.0,
22100117,2022,2021-11-03,1610612744,1610612766,114.0,
22100086,2022,2021-10-30,1610612744,1610612760,103.0,
22100070,2022,2021-10-28,1610612744,1610612763,101.0,
22100051,2022,2021-10-26,1610612760,1610612744,,106.0
22100039,2022,2021-10-24,1610612758,1610612744,,119.0
22100016,2022,2021-10-21,1610612744,1610612746,115.0,
22100002,2022,2021-10-19,1610612747,1610612744,,121.0
22101206,2022,2022-04-08,1610612761,1610612745,,115.0
22101180,2022,2022-04-05,1610612751,1610612745,,105.0
22101173,2022,2022-04-03,1610612745,1610612750,132.0,
22101154,2022,2022-04-01,1610612745,1610612758,117.0,
22101142,2022,2022-03-30,1610612745,1610612758,118.0,
22101128,2022,2022-03-28,1610612745,1610612759,120.0,
22101114,2022,2022-03-26,1610612757,1610612745,,115.0
22101105,2022,2022-03-25,1610612757,1610612745,,125.0
22101077,2022,2022-03-21,1610612745,1610612764,115.0,
22101063,2022,2022-03-20,1610612745,1610612763,98.0,
22101053,2022,2022-03-18,1610612745,1610612754,118.0,
22101038,2022,2022-03-16,1610612745,1610612756,112.0,
22100985,2022,2022-03-09,1610612745,1610612747,139.0,
22100970,2022,2022-03-07,1610612748,1610612745,,106.0
22100964,2022,2022-03-06,1610612745,1610612763,123.0,
22100935,2022,2022-03-02,1610612745,1610612762,127.0,
22100929,2022,2022-03-01,1610612745,1610612746,100.0,
22100916,2022,2022-02-27,1610612745,1610612746,98.0,
22100898,2022,2022-02-25,1610612753,1610612745,,111.0
22100888,2022,2022-02-17,1610612746,1610612745,,111.0
22100882,2022,2022-02-16,1610612756,1610612745,,121.0
22100865,2022,2022-02-14,1610612762,1610612745,,101.0
22100834,2022,2022-02-10,1610612745,1610612761,120.0,
22100792,2022,2022-02-04,1610612759,1610612745,,106.0
22100739,2022,2022-01-28,1610612745,1610612757,110.0,
22100719,2022,2022-01-25,1610612745,1610612759,104.0,
22100677,2022,2022-01-19,1610612762,1610612745,,116.0
22100651,2022,2022-01-16,1610612758,1610612745,,118.0
22100640,2022,2022-01-14,1610612758,1610612745,,114.0
22100623,2022,2022-01-12,1610612759,1610612745,,128.0
22100711,2022,2022-01-10,1610612745,1610612755,91.0,
22100600,2022,2022-01-09,1610612745,1610612750,123.0,
22100569,2022,2022-01-05,1610612764,1610612745,,114.0
22100552,2022,2022-01-03,1610612755,1610612745,,113.0
22100532,2022,2021-12-31,1610612745,1610612748,110.0,
22100511,2022,2021-12-28,1610612745,1610612747,123.0,
22100501,2022,2021-12-27,1610612766,1610612745,,99.0
22100476,2022,2021-12-23,1610612754,1610612745,,106.0
22100473,2022,2021-12-22,1610612749,1610612745,,106.0
22100441,2022,2021-12-18,1610612765,1610612745,,116.0
22100431,2022,2021-12-16,1610612745,1610612752,103.0,
22100395,2022,2021-12-11,1610612763,1610612745,,106.0
22100386,2022,2021-12-10,1610612745,1610612749,114.0,
22100372,2022,2021-12-08,1610612745,1610612751,114.0,
22100337,2022,2021-12-03,1610612745,1610612753,118.0,
22100326,2022,2021-12-01,1610612760,1610612745,,114.0
22100308,2022,2021-11-29,1610612745,1610612760,102.0,
22100297,2022,2021-11-27,1610612745,1610612766,146.0,
22100239,2022,2021-11-20,1610612752,1610612745,,99.0
22100221,2022,2021-11-17,1610612760,1610612745,,89.0
22100205,2022,2021-11-15,1610612763,1610612745,,102.0
22100195,2022,2021-11-14,1610612745,1610612756,89.0,
22100177,2022,2021-11-12,1610612745,1610612757,92.0,
22100162,2022,2021-11-10,1610612745,1610612765,104.0,
22100122,2022,2021-11-04,1610612756,1610612745,,111.0
22100107,2022,2021-11-02,1610612747,1610612745,,117.0
22100093,2022,2021-10-31,1610612747,1610612745,,85.0
22100068,2022,2021-10-28,1610612745,1610612762,91.0,
22100023,2022,2021-10-22,1610612745,1610612760,124.0,
22100008,2022,2021-10-20,1610612750,1610612745,,106.0
22101222,2022,2022-04-10,1610612746,1610612760,138.0,
22101212,2022,2022-04-09,1610612746,1610612758,117.0,
22101195,2022,2022-04-06,1610612746,1610612756,113.0,
22101156,2022,2022-04-01,1610612749,1610612746,,153.0
22101135,2022,2022-03-29,1610612746,1610612762,121.0,
22101106,2022,2022-03-25,1610612746,1610612755,97.0,
22101055,2022,2022-03-18,1610612762,1610612746,,92.0
22101044,2022,2022-03-16,1610612746,1610612761,100.0,
22101013,2022,2022-03-13,1610612765,1610612746,,106.0
22100992,2022,2022-03-09,1610612746,1610612764,115.0,
22100966,2022,2022-03-06,1610612746,1610612752,93.0,
22100945,2022,2022-03-03,1610612746,1610612747,132.0,
22100904,2022,2022-02-25,1610612747,1610612746,,105.0
22100873,2022,2022-02-15,1610612756,1610612746,,96.0
22100818,2022,2022-02-08,1610612763,1610612746,,109.0
22100809,2022,2022-02-06,1610612746,1610612749,113.0,
22100786,2022,2022-02-03,1610612746,1610612747,111.0,
22100760,2022,2022-01-31,1610612754,1610612746,,116.0
22100752,2022,2022-01-30,1610612766,1610612746,,115.0
22100738,2022,2022-01-28,1610612748,1610612746,,114.0
22100724,2022,2022-01-26,1610612753,1610612746,,111.0
22100716,2022,2022-01-25,1610612764,1610612746,,116.0
22100698,2022,2022-01-23,1610612752,1610612746,,102.0
22100686,2022,2022-01-21,1610612755,1610612746,,102.0
22100659,2022,2022-01-17,1610612746,1610612754,139.0,
22100648,2022,2022-01-15,1610612759,1610612746,,94.0
22100591,2022,2022-01-08,1610612746,1610612763,108.0,
22100581,2022,2022-01-06,1610612756,1610612746,,89.0
22100561,2022,2022-01-03,1610612746,1610612750,104.0,
22100542,2022,2022-01-01,1610612751,1610612746,,120.0
22100534,2022,2021-12-31,1610612761,1610612746,,108.0
22100507,2022,2021-12-27,1610612746,1610612751,108.0,
22100475,2022,2021-12-22,1610612758,1610612746,,105.0
22100463,2022,2021-12-20,1610612746,1610612759,92.0,
22100444,2022,2021-12-18,1610612760,1610612746,,103.0
22100425,2022,2021-12-15,1610612762,1610612746,,103.0
22100412,2022,2021-12-13,1610612746,1610612756,111.0,
22100391,2022,2021-12-11,1610612746,1610612753,106.0,
22100362,2022,2021-12-06,1610612757,1610612746,,102.0
22100348,2022,2021-12-04,1610612758,1610612746,,99.0
22100341,2022,2021-12-03,1610612747,1610612746,,119.0
22100327,2022,2021-12-01,1610612746,1610612758,115.0,
22100280,2022,2021-11-26,1610612746,1610612765,107.0,
22100226,2022,2021-11-18,1610612763,1610612746,,108.0
22100212,2022,2021-11-16,1610612746,1610612759,106.0,
22100191,2022,2021-11-13,1610612746,1610612750,129.0,
22100173,2022,2021-11-11,1610612746,1610612748,112.0,
22100157,2022,2021-11-09,1610612746,1610612757,117.0,
22100146,2022,2021-11-07,1610612746,1610612766,120.0,
22100129,2022,2021-11-05,1610612750,1610612746,,104.0
22100115,2022,2021-11-03,1610612750,1610612746,,126.0
22100102,2022,2021-11-01,1610612746,1610612760,99.0,
22100076,2022,2021-10-29,1610612757,1610612746,,92.0
22100049,2022,2021-10-25,1610612746,1610612757,116.0,
22100034,2022,2021-10-23,1610612746,1610612763,114.0,
22101211,2022,2022-04-08,1610612747,1610612760,120.0,
22101189,2022,2022-04-05,1610612756,1610612747,,110.0
22101150,2022,2022-03-31,1610612762,1610612747,,109.0
22101093,2022,2022-03-23,1610612747,1610612755,121.0,
22101061,2022,2022-03-19,1610612764,1610612747,,119.0
22101051,2022,2022-03-18,1610612761,1610612747,,128.0
22101039,2022,2022-03-16,1610612750,1610612747,,104.0
22101028,2022,2022-03-14,1610612747,1610612761,103.0,
22101019,2022,2022-03-13,1610612756,1610612747,,111.0
22101004,2022,2022-03-11,1610612747,1610612764,122.0,
22100973,2022,2022-03-07,1610612759,1610612747,,110.0
22100884,2022,2022-02-16,1610612747,1610612762,106.0,
22100829,2022,2022-02-09,1610612757,1610612747,,105.0
22100822,2022,2022-02-08,1610612747,1610612749,116.0,
22100799,2022,2022-02-05,1610612747,1610612752,122.0,
22100781,2022,2022-02-02,1610612747,1610612757,99.0,
22100735,2022,2022-01-28,1610612766,1610612747,,114.0
22100733,2022,2022-01-27,1610612755,1610612747,,87.0
22100718,2022,2022-01-25,1610612751,1610612747,,106.0
22100700,2022,2022-01-23,1610612748,1610612747,,107.0
22100685,2022,2022-01-21,1610612753,1610612747,,116.0
22100680,2022,2022-01-19,1610612747,1610612754,104.0,
22100665,2022,2022-01-17,1610612747,1610612762,101.0,
22100626,2022,2022-01-12,1610612758,1610612747,,116.0
22100606,2022,2022-01-09,1610612747,1610612763,119.0,
22100566,2022,2022-01-04,1610612747,1610612758,122.0,
22100551,2022,2022-01-02,1610612747,1610612750,108.0,
22100538,2022,2021-12-31,1610612747,1610612757,139.0,
22100520,2022,2021-12-29,1610612763,1610612747,,99.0
22100491,2022,2021-12-25,1610612747,1610612751,115.0,
22100487,2022,2021-12-23,1610612747,1610612759,110.0,
22100469,2022,2021-12-21,1610612747,1610612756,90.0,
22100436,2022,2021-12-17,1610612750,1610612747,,92.0
22100403,2022,2021-12-12,1610612747,1610612753,106.0,
22100389,2022,2021-12-10,1610612760,1610612747,,116.0
22100380,2022,2021-12-09,1610612763,1610612747,,95.0
22100318,2022,2021-11-30,1610612758,1610612747,,117.0
22100304,2022,2021-11-28,1610612747,1610612765,110.0,
22100291,2022,2021-11-26,1610612747,1610612758,137.0,
22100268,2022,2021-11-24,1610612754,1610612747,,124.0
22100264,2022,2021-11-23,1610612752,1610612747,,100.0
22100249,2022,2021-11-21,1610612765,1610612747,,121.0
22100219,2022,2021-11-17,1610612749,1610612747,,102.0
22100192,2022,2021-11-14,1610612747,1610612759,114.0,
22100184,2022,2021-11-12,1610612747,1610612750,83.0,
22100170,2022,2021-11-10,1610612747,1610612748,120.0,
22100154,2022,2021-11-08,1610612747,1610612766,126.0,
22100138,2022,2021-11-06,1610612757,1610612747,,90.0
22100123,2022,2021-11-04,1610612747,1610612760,104.0,
22100061,2022,2021-10-27,1610612760,1610612747,,115.0
22100053,2022,2021-10-26,1610612759,1610612747,,125.0
22100040,2022,2021-10-24,1610612747,1610612763,121.0,
22100025,2022,2021-10-22,1610612747,1610612756,105.0,
22101227,2022,2022-04-10,1610612753,1610612748,,111.0
22101181,2022,2022-04-05,1610612748,1610612766,144.0,
22101172,2022,2022-04-03,1610612761,1610612748,,114.0
22101125,2022,2022-03-28,1610612748,1610612758,123.0,
22101111,2022,2022-03-26,1610612748,1610612751,95.0,
22101103,2022,2022-03-25,1610612748,1610612752,103.0,
22101074,2022,2022-03-21,1610612755,1610612748,,106.0
22101052,2022,2022-03-18,1610612748,1610612760,120.0,
22101031,2022,2022-03-15,1610612748,1610612765,105.0,
22101005,2022,2022-03-12,1610612748,1610612750,104.0,
22100983,2022,2022-03-09,1610612748,1610612756,90.0,
22100956,2022,2022-03-05,1610612748,1610612755,99.0,
22100941,2022,2022-03-03,1610612751,1610612748,,113.0
22100936,2022,2022-03-02,1610612749,1610612748,,119.0
22100908,2022,2022-02-26,1610612748,1610612759,133.0,
22100900,2022,2022-02-25,1610612752,1610612748,,115.0
22100885,2022,2022-02-17,1610612766,1610612748,,111.0
22100851,2022,2022-02-12,1610612748,1610612751,115.0,
22100811,2022,2022-02-07,1610612764,1610612748,,121.0
22100797,2022,2022-02-05,1610612766,1610612748,,104.0
22100521,2022,2022-02-03,1610612759,1610612748,,112.0
22100784,2022,2022-02-01,1610612761,1610612748,,106.0
22100748,2022,2022-01-29,1610612748,1610612761,120.0,
22100727,2022,2022-01-26,1610612748,1610612752,110.0,
22100672,2022,2022-01-19,1610612748,1610612757,104.0,
22100662,2022,2022-01-17,1610612748,1610612761,104.0,
22100645,2022,2022-01-15,1610612748,1610612755,98.0,
22100596,2022,2022-01-08,1610612756,1610612748,,123.0
22100576,2022,2022-01-05,1610612757,1610612748,,115.0
22100548,2022,2022-01-02,1610612758,1610612748,,113.0
22100509,2022,2021-12-28,1610612748,1610612764,119.0,
22100493,2022,2021-12-26,1610612748,1610612753,93.0,
22100479,2022,2021-12-23,1610612748,1610612765,115.0,
22100465,2022,2021-12-21,1610612748,1610612754,125.0,
22100449,2022,2021-12-19,1610612765,1610612748,,90.0
22100433,2022,2021-12-17,1610612753,1610612748,,115.0
22100419,2022,2021-12-15,1610612755,1610612748,,101.0
22100370,2022,2021-12-08,1610612748,1610612749,113.0,
22100356,2022,2021-12-06,1610612748,1610612763,90.0,
22100344,2022,2021-12-04,1610612749,1610612748,,102.0
22100333,2022,2021-12-03,1610612754,1610612748,,113.0
22100274,2022,2021-11-24,1610612750,1610612748,,101.0
22100263,2022,2021-11-23,1610612765,1610612748,,100.0
22100241,2022,2021-11-20,1610612764,1610612748,,100.0
22100225,2022,2021-11-18,1610612748,1610612764,112.0,
22100207,2022,2021-11-15,1610612760,1610612748,,103.0
22100185,2022,2021-11-13,1610612762,1610612748,,111.0
22100134,2022,2021-11-06,1610612748,1610612762,118.0,
22100084,2022,2021-10-30,1610612763,1610612748,,129.0
22100073,2022,2021-10-29,1610612748,1610612766,114.0,
22100057,2022,2021-10-27,1610612751,1610612748,,106.0
22100045,2022,2021-10-25,1610612748,1610612753,107.0,
22100028,2022,2021-10-23,1610612754,1610612748,,91.0
22100015,2022,2021-10-21,1610612748,1610612749,137.0,
22101203,2022,2022-04-08,1610612765,1610612749,,131.0
22101148,2022,2022-03-31,1610612751,1610612749,,120.0
22101131,2022,2022-03-29,1610612755,1610612749,,118.0
22101112,2022,2022-03-26,1610612763,1610612749,,102.0
22101097,2022,2022-03-24,1610612749,1610612764,114.0,
22101058,2022,2022-03-19,1610612750,1610612749,,119.0
22101043,2022,2022-03-16,1610612758,1610612749,,135.0
22101027,2022,2022-03-14,1610612762,1610612749,,117.0
22100979,2022,2022-03-08,1610612760,1610612749,,142.0
22100961,2022,2022-03-06,1610612749,1610612756,132.0,
22100924,2022,2022-02-28,1610612749,1610612766,130.0,
22100910,2022,2022-02-26,1610612749,1610612751,123.0,
22100887,2022,2022-02-17,1610612749,1610612755,120.0,
22100870,2022,2022-02-15,1610612749,1610612754,128.0,
22100862,2022,2022-02-14,1610612749,1610612757,107.0,
22100836,2022,2022-02-10,1610612756,1610612749,,107.0
22100800,2022,2022-02-05,1610612757,1610612749,,137.0
22100768,2022,2022-02-01,1610612749,1610612764,112.0,
22100744,2022,2022-01-28,1610612749,1610612752,123.0,
22100696,2022,2022-01-22,1610612749,1610612758,133.0,
22100674,2022,2022-01-19,1610612749,1610612763,126.0,
22100641,2022,2022-01-15,1610612749,1610612761,96.0,
22100607,2022,2022-01-10,1610612766,1610612749,,99.0
22100592,2022,2022-01-08,1610612766,1610612749,,106.0
22100583,2022,2022-01-07,1610612751,1610612749,,121.0
22100573,2022,2022-01-05,1610612749,1610612761,111.0,
22100556,2022,2022-01-03,1610612749,1610612765,106.0,
22100526,2022,2021-12-30,1610612753,1610612749,,136.0
22100508,2022,2021-12-28,1610612753,1610612749,,127.0
22100421,2022,2021-12-15,1610612749,1610612754,114.0,
22100398,2022,2021-12-12,1610612752,1610612749,,112.0
22100329,2022,2021-12-02,1610612761,1610612749,,93.0
22100324,2022,2021-12-01,1610612749,1610612766,127.0,
22100301,2022,2021-11-28,1610612754,1610612749,,118.0
22100273,2022,2021-11-24,1610612749,1610612765,114.0,
22100258,2022,2021-11-22,1610612749,1610612753,123.0,
22100244,2022,2021-11-20,1610612749,1610612753,117.0,
22100234,2022,2021-11-19,1610612749,1610612760,96.0,
22100161,2022,2021-11-10,1610612752,1610612749,,112.0
22100155,2022,2021-11-09,1610612755,1610612749,,118.0
22100142,2022,2021-11-07,1610612764,1610612749,,94.0
22100128,2022,2021-11-05,1610612749,1610612752,98.0,
22100103,2022,2021-11-02,1610612765,1610612749,,117.0
22100091,2022,2021-10-31,1610612749,1610612762,95.0,
22100085,2022,2021-10-30,1610612749,1610612759,93.0,
22100060,2022,2021-10-27,1610612749,1610612750,108.0,
22100042,2022,2021-10-25,1610612754,1610612749,,119.0
22100032,2022,2021-10-23,1610612759,1610612749,,121.0
22100001,2022,2021-10-19,1610612749,1610612751,127.0,
22101199,2022,2022-04-07,1610612750,1610612759,127.0,
22101184,2022,2022-04-05,1610612750,1610612764,114.0,
22101141,2022,2022-03-30,1610612761,1610612750,,102.0
22101090,2022,2022-03-23,1610612750,1610612756,116.0,
22101024,2022,2022-03-14,1610612759,1610612750,,149.0
22100995,2022,2022-03-11,1610612753,1610612750,,110.0
22100986,2022,2022-03-09,1610612750,1610612760,132.0,
22100971,2022,2022-03-07,1610612750,1610612757,124.0,
22100958,2022,2022-03-05,1610612750,1610612757,135.0,
22100951,2022,2022-03-04,1610612760,1610612750,,138.0
22100901,2022,2022-02-25,1610612750,1610612755,102.0,
22100892,2022,2022-02-24,1610612750,1610612763,119.0,
22100880,2022,2022-02-16,1610612750,1610612761,91.0,
22100871,2022,2022-02-15,1610612750,1610612766,126.0,
22100857,2022,2022-02-13,1610612754,1610612750,,129.0
22100830,2022,2022-02-09,1610612758,1610612750,,119.0
22100824,2022,2022-02-08,1610612758,1610612750,,134.0
22100803,2022,2022-02-06,1610612750,1610612765,118.0,
22100782,2022,2022-02-03,1610612765,1610612750,,128.0
22100757,2022,2022-01-30,1610612750,1610612762,126.0,
22100743,2022,2022-01-28,1610612756,1610612750,,124.0
22100721,2022,2022-01-25,1610612757,1610612750,,109.0
22100706,2022,2022-01-23,1610612750,1610612751,136.0,
22100666,2022,2022-01-18,1610612752,1610612750,,112.0
22100628,2022,2022-01-13,1610612763,1610612750,,108.0
22100587,2022,2022-01-07,1610612760,1610612750,,135.0
22100574,2022,2022-01-05,1610612750,1610612760,98.0,
22100537,2022,2021-12-31,1610612762,1610612750,,108.0
22100512,2022,2021-12-28,1610612750,1610612752,88.0,
22100484,2022,2021-12-23,1610612762,1610612750,,116.0
22100402,2022,2021-12-12,1610612757,1610612750,,116.0
22100374,2022,2021-12-08,1610612750,1610612762,104.0,
22100336,2022,2021-12-03,1610612751,1610612750,,105.0
22100321,2022,2021-12-01,1610612764,1610612750,,107.0
22100309,2022,2021-11-29,1610612750,1610612754,100.0,
22100292,2022,2021-11-27,1610612755,1610612750,,121.0
22100281,2022,2021-11-26,1610612766,1610612750,,115.0
22100245,2022,2021-11-20,1610612750,1610612763,138.0,
22100227,2022,2021-11-18,1610612750,1610612759,115.0,
22100220,2022,2021-11-17,1610612750,1610612758,107.0,
22100206,2022,2021-11-15,1610612750,1610612756,96.0,
22100149,2022,2021-11-08,1610612763,1610612750,,118.0
22100101,2022,2021-11-01,1610612750,1610612753,97.0,
22101216,2022,2022-04-10,1610612751,1610612754,134.0,
22101191,2022,2022-04-06,1610612752,1610612751,,110.0
22101133,2022,2022-03-29,1610612751,1610612765,130.0,
22101120,2022,2022-03-27,1610612751,1610612766,110.0,
22101089,2022,2022-03-23,1610612763,1610612751,,120.0
22101075,2022,2022-03-21,1610612751,1610612762,114.0,
22101048,2022,2022-03-18,1610612751,1610612757,128.0,
22101030,2022,2022-03-15,1610612753,1610612751,,150.0
22101012,2022,2022-03-13,1610612751,1610612752,110.0,
22100993,2022,2022-03-10,1610612755,1610612751,,129.0
22100975,2022,2022-03-08,1610612766,1610612751,,132.0
22100928,2022,2022-03-01,1610612761,1610612751,,108.0
22100726,2022,2022-02-28,1610612751,1610612761,97.0,
22100464,2022,2022-02-17,1610612751,1610612764,103.0,
22100877,2022,2022-02-16,1610612752,1610612751,,111.0
22100859,2022,2022-02-14,1610612751,1610612758,109.0,
22100832,2022,2022-02-10,1610612764,1610612751,,112.0
22100793,2022,2022-02-04,1610612762,1610612751,,102.0
22100780,2022,2022-02-02,1610612758,1610612751,,101.0
22100772,2022,2022-02-01,1610612756,1610612751,,111.0
22100691,2022,2022-01-21,1610612759,1610612751,,117.0
22100669,2022,2022-01-19,1610612764,1610612751,,119.0
22100630,2022,2022-01-13,1610612751,1610612760,109.0,
22100486,2022,2022-01-10,1610612757,1610612751,,108.0
22100602,2022,2022-01-09,1610612751,1610612759,121.0,
22100571,2022,2022-01-05,1610612754,1610612751,,129.0
22100554,2022,2022-01-03,1610612751,1610612763,104.0,
22100525,2022,2021-12-30,1610612751,1610612755,102.0,
22100442,2022,2021-12-18,1610612751,1610612753,93.0,
22100429,2022,2021-12-16,1610612751,1610612755,114.0,
22100413,2022,2021-12-14,1610612751,1610612761,131.0,
22100399,2022,2021-12-12,1610612765,1610612751,,116.0
22100314,2022,2021-11-30,1610612751,1610612752,112.0,
22100294,2022,2021-11-27,1610612751,1610612756,107.0,
22100233,2022,2021-11-19,1610612751,1610612753,115.0,
22100196,2022,2021-11-14,1610612760,1610612751,,120.0
22100159,2022,2021-11-10,1610612753,1610612751,,123.0
22100139,2022,2021-11-07,1610612761,1610612751,,116.0
22100124,2022,2021-11-05,1610612765,1610612751,,96.0
22100092,2022,2021-10-31,1610612751,1610612765,117.0,
22100072,2022,2021-10-29,1610612751,1610612754,105.0,
22100044,2022,2021-10-25,1610612751,1610612764,104.0,
22100035,2022,2021-10-24,1610612751,1610612766,95.0,
22100021,2022,2021-10-22,1610612755,1610612751,,114.0
22101226,2022,2022-04-10,1610612752,1610612761,105.0,
22101204,2022,2022-04-08,1610612764,1610612752,,114.0
22101171,2022,2022-04-03,1610612753,1610612752,,118.0
22101140,2022,2022-03-30,1610612752,1610612766,114.0,
22101115,2022,2022-03-27,1610612765,1610612752,,104.0
22101084,2022,2022-03-23,1610612766,1610612752,,121.0
22101067,2022,2022-03-20,1610612752,1610612762,93.0,
22101050,2022,2022-03-18,1610612752,1610612764,100.0,
22101037,2022,2022-03-16,1610612752,1610612757,128.0,
22101000,2022,2022-03-11,1610612763,1610612752,,114.0
22100974,2022,2022-03-07,1610612758,1610612752,,131.0
22100953,2022,2022-03-04,1610612756,1610612752,,114.0
22100934,2022,2022-03-02,1610612755,1610612752,,108.0
22100912,2022,2022-02-27,1610612752,1610612755,109.0,
22100860,2022,2022-02-14,1610612752,1610612760,123.0,
22100845,2022,2022-02-12,1610612757,1610612752,,103.0
22100814,2022,2022-02-07,1610612762,1610612752,,104.0
22100776,2022,2022-02-02,1610612752,1610612763,108.0,
22100763,2022,2022-01-31,1610612752,1610612758,116.0,
22100655,2022,2022-01-17,1610612752,1610612766,87.0,
22100610,2022,2022-01-10,1610612752,1610612759,111.0,
22100564,2022,2022-01-04,1610612752,1610612754,104.0,
22100545,2022,2022-01-02,1610612761,1610612752,,105.0
22100536,2022,2021-12-31,1610612760,1610612752,,80.0
22100516,2022,2021-12-29,1610612765,1610612752,,94.0
22100480,2022,2021-12-23,1610612752,1610612764,117.0,
22100466,2022,2021-12-21,1610612752,1610612765,105.0,
22100385,2022,2021-12-10,1610612761,1610612752,,87.0
22100369,2022,2021-12-08,1610612754,1610612752,,102.0
22100364,2022,2021-12-07,1610612759,1610612752,,121.0
22100282,2022,2021-11-26,1610612752,1610612756,97.0,
22100218,2022,2021-11-17,1610612752,1610612753,98.0,
22100203,2022,2021-11-15,1610612752,1610612754,92.0,
22100174,2022,2021-11-12,1610612766,1610612752,,96.0
22100147,2022,2021-11-08,1610612755,1610612752,,103.0
22100109,2022,2021-11-03,1610612754,1610612752,,98.0
22100099,2022,2021-11-01,1610612752,1610612761,104.0,
22100050,2022,2021-10-26,1610612752,1610612755,112.0,
22100036,2022,2021-10-24,1610612752,1610612753,104.0,
22100018,2022,2021-10-22,1610612753,1610612752,,121.0
22101196,2022,2022-04-07,1610612766,1610612753,,101.0
22101151,2022,2022-04-01,1610612753,1610612761,89.0,
22101138,2022,2022-03-30,1610612764,1610612753,,110.0
22101108,2022,2022-03-26,1610612753,1610612758,110.0,
22101091,2022,2022-03-23,1610612760,1610612753,,102.0
22101065,2022,2022-03-20,1610612753,1610612760,90.0,
22101045,2022,2022-03-17,1610612753,1610612765,120.0,
22101015,2022,2022-03-13,1610612753,1610612755,114.0,
22100977,2022,2022-03-08,1610612753,1610612756,99.0,
22100957,2022,2022-03-05,1610612763,1610612753,,96.0
22100458,2022,2022-03-04,1610612761,1610612753,,103.0
22100933,2022,2022-03-02,1610612753,1610612754,114.0,
22100921,2022,2022-02-28,1610612753,1610612754,119.0,
22100855,2022,2022-02-12,1610612756,1610612753,,105.0
22100844,2022,2022-02-11,1610612762,1610612753,,99.0
22100823,2022,2022-02-08,1610612757,1610612753,,113.0
22100796,2022,2022-02-05,1610612753,1610612763,115.0,
22100773,2022,2022-02-02,1610612754,1610612753,,119.0
22100736,2022,2022-01-28,1610612753,1610612765,119.0,
22100668,2022,2022-01-19,1610612755,1610612753,,110.0
22100661,2022,2022-01-17,1610612753,1610612757,88.0,
22100632,2022,2022-01-14,1610612766,1610612753,,116.0
22100620,2022,2022-01-12,1610612764,1610612753,,106.0
22100598,2022,2022-01-09,1610612753,1610612764,100.0,
22100593,2022,2022-01-08,1610612765,1610612753,,92.0
22100568,2022,2022-01-05,1610612753,1610612755,106.0,
22100377,2022,2021-12-08,1610612758,1610612753,,130.0
22100305,2022,2021-11-29,1610612755,1610612753,,96.0
22100269,2022,2021-11-24,1610612753,1610612766,99.0,
22100187,2022,2021-11-13,1610612753,1610612764,92.0,
22100141,2022,2021-11-07,1610612753,1610612762,107.0,
22100125,2022,2021-11-05,1610612753,1610612759,89.0,
22100079,2022,2021-10-30,1610612765,1610612753,,103.0
22100071,2022,2021-10-29,1610612761,1610612753,,109.0
22100055,2022,2021-10-27,1610612753,1610612766,111.0,
22100010,2022,2021-10-20,1610612759,1610612753,,97.0
22101214,2022,2022-04-09,1610612755,1610612754,,120.0
22101178,2022,2022-04-05,1610612754,1610612755,122.0,
22101169,2022,2022-04-03,1610612754,1610612765,117.0,
22101109,2022,2022-03-26,1610612761,1610612754,,91.0
22101096,2022,2022-03-24,1610612763,1610612754,,103.0
22101086,2022,2022-03-23,1610612754,1610612758,109.0,
22101062,2022,2022-03-20,1610612754,1610612757,129.0,
22101029,2022,2022-03-15,1610612754,1610612763,102.0,
22101007,2022,2022-03-12,1610612759,1610612754,,119.0
22100963,2022,2022-03-06,1610612764,1610612754,,123.0
22100946,2022,2022-03-04,1610612765,1610612754,,106.0
22100897,2022,2022-02-25,1610612754,1610612760,125.0,
22100876,2022,2022-02-16,1610612754,1610612764,113.0,
22100741,2022,2022-01-28,1610612760,1610612754,,113.0
22100723,2022,2022-01-26,1610612754,1610612766,126.0,
22100697,2022,2022-01-22,1610612756,1610612754,,103.0
22100634,2022,2022-01-14,1610612754,1610612756,94.0,
22100594,2022,2022-01-08,1610612754,1610612762,125.0,
22100517,2022,2021-12-29,1610612754,1610612766,108.0,
22100428,2022,2021-12-16,1610612754,1610612765,122.0,
22100355,2022,2021-12-06,1610612754,1610612764,116.0,
22100284,2022,2021-11-26,1610612754,1610612761,114.0,
22100230,2022,2021-11-19,1610612766,1610612754,,118.0
22100214,2022,2021-11-17,1610612765,1610612754,,89.0
22100186,2022,2021-11-13,1610612754,1610612755,118.0,
22100172,2022,2021-11-11,1610612762,1610612754,,111.0
22100143,2022,2021-11-07,1610612758,1610612754,,94.0
22100131,2022,2021-11-05,1610612757,1610612754,,106.0
22100095,2022,2021-11-01,1610612754,1610612759,131.0,
22100081,2022,2021-10-30,1610612754,1610612761,94.0,
22100058,2022,2021-10-27,1610612761,1610612754,,100.0
22100019,2022,2021-10-22,1610612764,1610612754,,134.0
22100003,2022,2021-10-20,1610612766,1610612754,,122.0
22101228,2022,2022-04-10,1610612755,1610612765,118.0,
22101197,2022,2022-04-07,1610612761,1610612755,,114.0
22101161,2022,2022-04-02,1610612755,1610612766,144.0,
22101147,2022,2022-03-31,1610612765,1610612755,,94.0
22101118,2022,2022-03-27,1610612756,1610612755,,104.0
22101069,2022,2022-03-20,1610612755,1610612761,88.0,
22100840,2022,2022-02-11,1610612755,1610612760,100.0,
22100815,2022,2022-02-08,1610612755,1610612756,109.0,
22100774,2022,2022-02-02,1610612755,1610612764,103.0,
22100761,2022,2022-01-31,1610612755,1610612763,122.0,
22100747,2022,2022-01-29,1610612755,1610612758,103.0,
22100704,2022,2022-01-23,1610612759,1610612755,,115.0
22100656,2022,2022-01-17,1610612764,1610612755,,98.0
22100619,2022,2022-01-12,1610612755,1610612766,98.0,
22100582,2022,2022-01-07,1610612755,1610612759,119.0,
22100510,2022,2021-12-28,1610612761,1610612755,,114.0
22100495,2022,2021-12-26,1610612764,1610612755,,117.0
22100409,2022,2021-12-13,1610612763,1610612755,,91.0
22100379,2022,2021-12-09,1610612755,1610612762,96.0,
22100366,2022,2021-12-08,1610612766,1610612755,,110.0
22100353,2022,2021-12-06,1610612766,1610612755,,127.0
22100262,2022,2021-11-22,1610612758,1610612755,,102.0
22100246,2022,2021-11-20,1610612757,1610612755,,111.0
22100211,2022,2021-11-16,1610612762,1610612755,,85.0
22100171,2022,2021-11-11,1610612755,1610612761,109.0,
22100119,2022,2021-11-04,1610612765,1610612755,,109.0
22100096,2022,2021-11-01,1610612755,1610612757,113.0,
22100065,2022,2021-10-28,1610612755,1610612765,110.0,
22100038,2022,2021-10-24,1610612760,1610612755,,115.0
22101229,2022,2022-04-10,1610612756,1610612758,109.0,
22101210,2022,2022-04-08,1610612762,1610612756,,111.0
22101174,2022,2022-04-03,1610612760,1610612756,,96.0
22101155,2022,2022-04-01,1610612763,1610612756,,114.0
22101066,2022,2022-03-20,1610612758,1610612756,,127.0
22101003,2022,2022-03-11,1610612756,1610612761,112.0,
22100939,2022,2022-03-02,1610612756,1610612757,120.0,
22100913,2022,2022-02-27,1610612756,1610612762,114.0,
22100893,2022,2022-02-24,1610612760,1610612756,,124.0
22100798,2022,2022-02-05,1610612764,1610612756,,95.0
22100758,2022,2022-01-30,1610612756,1610612759,115.0,
22100731,2022,2022-01-26,1610612762,1610612756,,105.0
22100713,2022,2022-01-24,1610612756,1610612762,115.0,
22100664,2022,2022-01-17,1610612759,1610612756,,121.0
22100617,2022,2022-01-16,1610612765,1610612756,,135.0
22100613,2022,2022-01-11,1610612761,1610612756,,99.0
22100549,2022,2022-01-02,1610612766,1610612756,,133.0
22100522,2022,2021-12-29,1610612756,1610612760,115.0,
22100505,2022,2021-12-27,1610612756,1610612763,113.0,
22100483,2022,2021-12-23,1610612756,1610612760,113.0,
22100456,2022,2021-12-19,1610612756,1610612766,137.0,
22100432,2022,2021-12-16,1610612756,1610612764,118.0,
22100416,2022,2021-12-14,1610612757,1610612756,,111.0
22100360,2022,2021-12-06,1610612756,1610612759,108.0,
22100331,2022,2021-12-02,1610612756,1610612765,114.0,
22100260,2022,2021-11-22,1610612759,1610612756,,115.0
22100178,2022,2021-11-12,1610612763,1610612756,,119.0
22100168,2022,2021-11-10,1610612756,1610612757,119.0,
22100153,2022,2021-11-08,1610612758,1610612756,,109.0
22100062,2022,2021-10-27,1610612756,1610612758,107.0,
22100033,2022,2021-10-23,1610612757,1610612756,,105.0
22101230,2022,2022-04-10,1610612757,1610612762,80.0,
22101185,2022,2022-04-05,1610612760,1610612757,,94.0
22101175,2022,2022-04-03,1610612759,1610612757,,92.0
22101158,2022,2022-04-01,1610612759,1610612757,,111.0
22101130,2022,2022-03-28,1610612757,1610612760,131.0,
22101094,2022,2022-03-23,1610612757,1610612759,96.0,
22101073,2022,2022-03-21,1610612765,1610612757,,119.0
22101011,2022,2022-03-12,1610612757,1610612764,127.0,
22100990,2022,2022-03-09,1610612762,1610612757,,85.0
22100879,2022,2022-02-16,1610612763,1610612757,,123.0
22100795,2022,2022-02-04,1610612757,1610612760,93.0,
22100765,2022,2022-01-31,1610612760,1610612757,,81.0
22100702,2022,2022-01-23,1610612761,1610612757,,114.0
22100642,2022,2022-01-15,1610612764,1610612757,,115.0
22100605,2022,2022-01-09,1610612757,1610612758,103.0,
22100523,2022,2021-12-29,1610612757,1610612762,105.0,
22100450,2022,2021-12-19,1610612763,1610612757,,105.0
22100439,2022,2021-12-17,1610612757,1610612766,125.0,
22100426,2022,2021-12-15,1610612757,1610612763,103.0,
22100332,2022,2021-12-02,1610612757,1610612759,83.0,
22100317,2022,2021-11-30,1610612757,1610612765,110.0,
22100312,2022,2021-11-29,1610612762,1610612757,,107.0
22100279,2022,2021-11-24,1610612758,1610612757,,121.0
22100208,2022,2021-11-15,1610612757,1610612761,118.0,
22100090,2022,2021-10-31,1610612766,1610612757,,113.0
22100063,2022,2021-10-27,1610612757,1610612763,116.0,
22100013,2022,2021-10-20,1610612757,1610612758,121.0,
22101010,2022,2022-03-12,1610612762,1610612758,,125.0
22100944,2022,2022-03-03,1610612759,1610612758,,115.0
22100925,2022,2022-02-28,1610612760,1610612758,,131.0
22100847,2022,2022-02-12,1610612764,1610612758,,123.0
22100801,2022,2022-02-05,1610612758,1610612760,113.0,
22100679,2022,2022-01-19,1610612758,1610612765,131.0,
22100515,2022,2021-12-28,1610612758,1610612760,117.0,
22100496,2022,2021-12-26,1610612758,1610612763,102.0,
22100451,2022,2021-12-19,1610612758,1610612759,121.0,
22100440,2022,2021-12-17,1610612758,1610612763,105.0,
22100427,2022,2021-12-15,1610612758,1610612764,119.0,
22100406,2022,2021-12-13,1610612761,1610612758,,101.0
22100382,2022,2021-12-10,1610612766,1610612758,,123.0
22100303,2022,2021-11-28,1610612763,1610612758,,101.0
22100247,2022,2021-11-20,1610612758,1610612762,105.0,
22100238,2022,2021-11-19,1610612758,1610612761,89.0,
22100200,2022,2021-11-15,1610612765,1610612758,,129.0
22100180,2022,2021-11-12,1610612760,1610612758,,103.0
22100166,2022,2021-11-10,1610612759,1610612758,,117.0
22100132,2022,2021-11-05,1610612758,1610612766,140.0,
22100105,2022,2021-11-02,1610612762,1610612758,,113.0
22100026,2022,2021-10-22,1610612758,1610612762,101.0,
22101144,2022,2022-03-30,1610612759,1610612763,111.0,
22101040,2022,2022-03-16,1610612759,1610612760,122.0,
22101002,2022,2022-03-11,1610612759,1610612762,104.0,
22100989,2022,2022-03-09,1610612759,1610612761,104.0,
22100955,2022,2022-03-05,1610612766,1610612759,,117.0
22100923,2022,2022-02-28,1610612763,1610612759,,105.0
22100899,2022,2022-02-25,1610612764,1610612759,,157.0
22100881,2022,2022-02-16,1610612760,1610612759,,114.0
22100728,2022,2022-01-26,1610612759,1610612763,110.0,
22100676,2022,2022-01-19,1610612759,1610612760,118.0,
22100563,2022,2022-01-04,1610612761,1610612759,,104.0
22100540,2022,2022-01-01,1610612765,1610612759,,116.0
22100535,2022,2021-12-31,1610612763,1610612759,,105.0
22100504,2022,2021-12-27,1610612759,1610612762,104.0,
22100498,2022,2021-12-26,1610612759,1610612765,144.0,
22100437,2022,2021-12-17,1610612762,1610612759,,128.0
22100423,2022,2021-12-15,1610612759,1610612766,115.0,
22100311,2022,2021-11-29,1610612759,1610612764,116.0,
22100144,2022,2021-11-07,1610612760,1610612759,,94.0
22101194,2022,2022-04-06,1610612762,1610612760,,101.0
22101157,2022,2022-04-01,1610612760,1610612765,101.0,
22101023,2022,2022-03-14,1610612760,1610612766,116.0,
22101018,2022,2022-03-13,1610612760,1610612763,118.0,
22100965,2022,2022-03-06,1610612760,1610612762,103.0,
22100827,2022,2022-02-09,1610612760,1610612761,98.0,
22100684,2022,2022-01-21,1610612766,1610612760,,98.0
22100612,2022,2022-01-11,1610612764,1610612760,,118.0
22100460,2022,2021-12-20,1610612763,1610612760,,102.0
22100371,2022,2021-12-08,1610612761,1610612760,,110.0
22100354,2022,2021-12-06,1610612765,1610612760,,114.0
22100330,2022,2021-12-02,1610612763,1610612760,,79.0
22100286,2022,2021-11-26,1610612760,1610612764,99.0,
22100276,2022,2021-11-24,1610612760,1610612762,104.0,
22100011,2022,2021-10-20,1610612762,1610612760,,86.0
22100942,2022,2022-03-03,1610612761,1610612765,106.0,
22100896,2022,2022-02-25,1610612766,1610612761,,93.0
22100810,2022,2022-02-07,1610612766,1610612761,,116.0
22100715,2022,2022-01-25,1610612761,1610612766,125.0,
22100689,2022,2022-01-21,1610612764,1610612761,,109.0
22100633,2022,2022-01-14,1610612765,1610612761,,87.0
22100584,2022,2022-01-07,1610612761,1610612762,122.0,
22100351,2022,2021-12-05,1610612761,1610612764,102.0,
22100315,2022,2021-11-30,1610612761,1610612763,91.0,
22100272,2022,2021-11-24,1610612763,1610612761,,126.0
22100229,2022,2021-11-18,1610612762,1610612761,,103.0
22100189,2022,2021-11-13,1610612761,1610612765,121.0,
22100112,2022,2021-11-03,1610612764,1610612761,,109.0
22100006,2022,2021-10-20,1610612761,1610612764,83.0,
22101187,2022,2022-04-05,1610612762,1610612763,121.0,
22101100,2022,2022-03-25,1610612766,1610612762,,101.0
22100740,2022,2022-01-28,1610612763,1610612762,,109.0
22100693,2022,2022-01-21,1610612762,1610612765,111.0,
22100608,2022,2022-01-10,1610612765,1610612762,,116.0
22100461,2022,2021-12-20,1610612762,1610612766,112.0,
22100447,2022,2021-12-18,1610612762,1610612764,103.0,
22100392,2022,2021-12-11,1610612764,1610612762,,123.0
22100261,2022,2021-11-22,1610612762,1610612763,118.0,
22100846,2022,2022-02-12,1610612766,1610612763,,125.0
22100831,2022,2022-02-10,1610612765,1610612763,,132.0
22100749,2022,2022-01-29,1610612763,1610612764,115.0,
22100579,2022,2022-01-06,1610612763,1610612765,118.0,
22100164,2022,2021-11-10,1610612763,1610612766,108.0,
22100126,2022,2021-11-05,1610612764,1610612763,,87.0
22101217,2022,2022-04-10,1610612766,1610612764,,108.0
22101101,2022,2022-03-25,1610612765,1610612764,,100.0
22100926,2022,2022-03-01,1610612764,1610612765,116.0,
22100858,2022,2022-02-14,1610612764,1610612765,103.0,
22100553,2022,2022-01-03,1610612764,1610612766,124.0,
22100368,2022,2021-12-08,1610612765,1610612764,,119.0
22100254,2022,2021-11-22,1610612764,1610612766,103.0,
22100213,2022,2021-11-17,1610612766,1610612764,,87.0
22100915,2022,2022-02-27,1610612766,1610612765,,127.0
22100838,2022,2022-02-11,1610612765,1610612766,119.0,
22100567,2022,2022-01-05,1610612766,1610612765,,111.0
22001066,2021,2021-05-16,1610612737,1610612745,124.0,
22001049,2021,2021-05-13,1610612737,1610612753,116.0,
22001042,2021,2021-05-12,1610612737,1610612764,120.0,
22001026,2021,2021-05-10,1610612737,1610612764,125.0,
22001000,2021,2021-05-06,1610612754,1610612737,,126.0
22000992,2021,2021-05-05,1610612737,1610612756,135.0,
22000978,2021,2021-05-03,1610612737,1610612757,123.0,
22000959,2021,2021-05-01,1610612737,1610612741,108.0,
22000949,2021,2021-04-30,1610612755,1610612737,,104.0
22000934,2021,2021-04-28,1610612755,1610612737,,83.0
22000916,2021,2021-04-26,1610612765,1610612737,,86.0
22000913,2021,2021-04-25,1610612737,1610612749,111.0,
22000898,2021,2021-04-23,1610612737,1610612748,118.0,
22000886,2021,2021-04-21,1610612752,1610612737,,127.0
22000876,2021,2021-04-20,1610612737,1610612753,112.0,
22000861,2021,2021-04-18,1610612737,1610612754,129.0,
22000840,2021,2021-04-15,1610612737,1610612749,109.0,
22000824,2021,2021-04-13,1610612761,1610612737,,108.0
22000805,2021,2021-04-11,1610612766,1610612737,,105.0
22000791,2021,2021-04-09,1610612737,1610612741,120.0,
22000780,2021,2021-04-07,1610612737,1610612763,113.0,
22000770,2021,2021-04-06,1610612737,1610612740,123.0,
22000759,2021,2021-04-04,1610612737,1610612744,117.0,
22000742,2021,2021-04-02,1610612740,1610612737,,126.0
22000735,2021,2021-04-01,1610612759,1610612737,,134.0
22000171,2021,2021-03-30,1610612756,1610612737,,110.0
22000705,2021,2021-03-28,1610612743,1610612737,,102.0
22000692,2021,2021-03-26,1610612744,1610612737,,124.0
22000677,2021,2021-03-24,1610612758,1610612737,,108.0
22000660,2021,2021-03-22,1610612746,1610612737,,110.0
22000640,2021,2021-03-20,1610612747,1610612737,,99.0
22000626,2021,2021-03-18,1610612737,1610612760,116.0,
22000613,2021,2021-03-16,1610612745,1610612737,,119.0
22000597,2021,2021-03-14,1610612737,1610612739,100.0,
22000590,2021,2021-03-13,1610612737,1610612758,121.0,
22000570,2021,2021-03-11,1610612761,1610612737,,121.0
22000544,2021,2021-03-03,1610612753,1610612737,,115.0
22000538,2021,2021-03-02,1610612748,1610612737,,94.0
22000522,2021,2021-02-28,1610612748,1610612737,,99.0
22000510,2021,2021-02-26,1610612760,1610612737,,109.0
22000490,2021,2021-02-24,1610612737,1610612738,127.0,
22000480,2021,2021-02-23,1610612739,1610612737,,111.0
22000470,2021,2021-02-21,1610612737,1610612743,123.0,
22000451,2021,2021-02-19,1610612738,1610612737,,109.0
22000438,2021,2021-02-17,1610612738,1610612737,,122.0
22000422,2021,2021-02-15,1610612752,1610612737,,112.0
22000407,2021,2021-02-13,1610612737,1610612754,113.0,
22000397,2021,2021-02-12,1610612737,1610612759,114.0,
22000384,2021,2021-02-10,1610612742,1610612737,,117.0
22000356,2021,2021-02-06,1610612737,1610612761,132.0,
22000338,2021,2021-02-04,1610612737,1610612762,91.0,
22000330,2021,2021-02-03,1610612737,1610612742,116.0,
22000313,2021,2021-02-01,1610612737,1610612747,99.0,
22000290,2021,2021-01-29,1610612764,1610612737,,116.0
22000274,2021,2021-01-27,1610612737,1610612751,128.0,
22000268,2021,2021-01-26,1610612737,1610612746,108.0,
22000254,2021,2021-01-24,1610612749,1610612737,,115.0
22000236,2021,2021-01-22,1610612750,1610612737,,116.0
22000219,2021,2021-01-20,1610612737,1610612765,123.0,
22000205,2021,2021-01-18,1610612737,1610612750,108.0,
22000195,2021,2021-01-16,1610612757,1610612737,,106.0
22000186,2021,2021-01-15,1610612762,1610612737,,92.0
22000153,2021,2021-01-11,1610612737,1610612755,112.0,
22000134,2021,2021-01-09,1610612766,1610612737,,105.0
22000110,2021,2021-01-06,1610612737,1610612766,94.0,
22000095,2021,2021-01-04,1610612737,1610612752,108.0,
22000083,2021,2021-01-02,1610612737,1610612739,91.0,
22000072,2021,2021-01-01,1610612751,1610612737,,114.0
22000057,2021,2020-12-30,1610612751,1610612737,,141.0
22000041,2021,2020-12-28,1610612737,1610612765,128.0,
22000021,2021,2020-12-26,1610612763,1610612737,,122.0
22000015,2021,2020-12-23,1610612741,1610612737,,124.0
22001073,2021,2021-05-16,1610612752,1610612738,,92.0
22001063,2021,2021-05-15,1610612750,1610612738,,124.0
22001044,2021,2021-05-12,1610612739,1610612738,,94.0
22001032,2021,2021-05-11,1610612738,1610612748,121.0,
22000145,2021,2021-05-09,1610612738,1610612748,124.0,
22000160,2021,2021-05-07,1610612741,1610612738,,99.0
22000990,2021,2021-05-05,1610612753,1610612738,,132.0
22000968,2021,2021-05-02,1610612738,1610612757,119.0,
22000950,2021,2021-04-30,1610612738,1610612759,143.0,
22000936,2021,2021-04-28,1610612738,1610612766,120.0,
22000927,2021,2021-04-27,1610612738,1610612760,115.0,
22000911,2021,2021-04-25,1610612766,1610612738,,104.0
22000899,2021,2021-04-23,1610612751,1610612738,,104.0
22000892,2021,2021-04-22,1610612738,1610612756,99.0,
22000869,2021,2021-04-19,1610612738,1610612741,96.0,
22000858,2021,2021-04-17,1610612738,1610612744,119.0,
22000842,2021,2021-04-15,1610612747,1610612738,,121.0
22000828,2021,2021-04-13,1610612757,1610612738,,116.0
22000806,2021,2021-04-11,1610612743,1610612738,,105.0
22000792,2021,2021-04-09,1610612738,1610612750,145.0,
22000778,2021,2021-04-07,1610612738,1610612752,101.0,
22000771,2021,2021-04-06,1610612738,1610612755,96.0,
22000757,2021,2021-04-04,1610612738,1610612766,116.0,
22000738,2021,2021-04-02,1610612738,1610612745,118.0,
22000723,2021,2021-03-31,1610612738,1610612742,108.0,
22000708,2021,2021-03-29,1610612738,1610612740,109.0,
22000699,2021,2021-03-27,1610612760,1610612738,,111.0
22000685,2021,2021-03-26,1610612749,1610612738,,122.0
22000669,2021,2021-03-24,1610612749,1610612738,,119.0
22000658,2021,2021-03-22,1610612763,1610612738,,126.0
22000167,2021,2021-03-21,1610612738,1610612753,112.0,
22000631,2021,2021-03-19,1610612738,1610612758,96.0,
22000620,2021,2021-03-17,1610612739,1610612738,,110.0
22000609,2021,2021-03-16,1610612738,1610612762,109.0,
22000598,2021,2021-03-14,1610612745,1610612738,,134.0
22000569,2021,2021-03-11,1610612751,1610612738,,109.0
22000552,2021,2021-03-04,1610612738,1610612761,132.0,
22000537,2021,2021-03-02,1610612738,1610612746,117.0,
22000524,2021,2021-02-28,1610612738,1610612764,111.0,
22000505,2021,2021-02-26,1610612738,1610612754,118.0,
22000485,2021,2021-02-23,1610612742,1610612738,,107.0
22000465,2021,2021-02-21,1610612740,1610612738,,115.0
22000427,2021,2021-02-16,1610612738,1610612743,112.0,
22000560,2021,2021-02-14,1610612764,1610612738,,91.0
22000412,2021,2021-02-12,1610612738,1610612765,102.0,
22000398,2021,2021-02-11,1610612738,1610612761,120.0,
22000379,2021,2021-02-09,1610612762,1610612738,,108.0
22000365,2021,2021-02-07,1610612756,1610612738,,91.0
22000350,2021,2021-02-05,1610612746,1610612738,,119.0
22000336,2021,2021-02-03,1610612758,1610612738,,111.0
22000326,2021,2021-02-02,1610612744,1610612738,,111.0
22000302,2021,2021-01-30,1610612738,1610612747,95.0,
22000280,2021,2021-01-27,1610612759,1610612738,,106.0
22000262,2021,2021-01-25,1610612741,1610612738,,119.0
22000250,2021,2021-01-24,1610612738,1610612739,141.0,
22000233,2021,2021-01-22,1610612755,1610612738,,110.0
22000218,2021,2021-01-20,1610612755,1610612738,,109.0
22000196,2021,2021-01-17,1610612738,1610612752,75.0,
22000180,2021,2021-01-15,1610612738,1610612753,124.0,
22000124,2021,2021-01-08,1610612738,1610612764,116.0,
22000111,2021,2021-01-06,1610612748,1610612738,,107.0
22000097,2021,2021-01-04,1610612761,1610612738,,126.0
22000085,2021,2021-01-03,1610612765,1610612738,,122.0
22000070,2021,2021-01-01,1610612765,1610612738,,93.0
22000056,2021,2020-12-30,1610612738,1610612763,126.0,
22000048,2021,2020-12-29,1610612754,1610612738,,116.0
22000037,2021,2020-12-27,1610612754,1610612738,,107.0
22000007,2021,2020-12-25,1610612738,1610612751,95.0,
22000003,2021,2020-12-23,1610612738,1610612749,122.0,
22001067,2021,2021-05-16,1610612751,1610612739,,109.0
22000204,2021,2021-05-14,1610612764,1610612739,,105.0
22001027,2021,2021-05-10,1610612739,1610612754,102.0,
22001021,2021,2021-05-09,1610612739,1610612742,97.0,
22001007,2021,2021-05-07,1610612742,1610612739,,90.0
22000991,2021,2021-05-05,1610612739,1610612757,105.0,
22000983,2021,2021-05-04,1610612739,1610612756,118.0,
22000960,2021,2021-05-01,1610612739,1610612748,107.0,
22000951,2021,2021-04-30,1610612739,1610612764,93.0,
22000933,2021,2021-04-28,1610612739,1610612753,104.0,
22000921,2021,2021-04-26,1610612761,1610612739,,96.0
22000197,2021,2021-04-25,1610612764,1610612739,,110.0
22000900,2021,2021-04-23,1610612766,1610612739,,102.0
22000881,2021,2021-04-21,1610612739,1610612741,121.0,
22000868,2021,2021-04-19,1610612765,1610612739,,105.0
22000857,2021,2021-04-17,1610612741,1610612739,,96.0
22000841,2021,2021-04-15,1610612739,1610612744,101.0,
22000829,2021,2021-04-14,1610612766,1610612739,,103.0
22000807,2021,2021-04-11,1610612739,1610612740,109.0,
22000794,2021,2021-04-10,1610612739,1610612761,115.0,
22000785,2021,2021-04-08,1610612760,1610612739,,129.0
22000767,2021,2021-04-05,1610612759,1610612739,,125.0
22000749,2021,2021-04-03,1610612748,1610612739,,101.0
22000731,2021,2021-04-01,1610612739,1610612755,94.0,
22000715,2021,2021-03-29,1610612762,1610612739,,75.0
22000702,2021,2021-03-27,1610612758,1610612739,,98.0
22000693,2021,2021-03-26,1610612747,1610612739,,86.0
22000671,2021,2021-03-24,1610612741,1610612739,,103.0
22000653,2021,2021-03-22,1610612739,1610612758,105.0,
22000648,2021,2021-03-21,1610612739,1610612761,116.0,
22000435,2021,2021-03-19,1610612739,1610612759,110.0,
22000610,2021,2021-03-16,1610612748,1610612739,,98.0
22000581,2021,2021-03-12,1610612740,1610612739,,82.0
22000543,2021,2021-03-03,1610612739,1610612754,111.0,
22000532,2021,2021-03-01,1610612745,1610612739,,101.0
22000513,2021,2021-02-27,1610612755,1610612739,,112.0
22000491,2021,2021-02-24,1610612739,1610612745,112.0,
22000466,2021,2021-02-21,1610612739,1610612760,101.0,
22000563,2021,2021-02-19,1610612739,1610612743,103.0,
22000424,2021,2021-02-15,1610612744,1610612739,,98.0
22000419,2021,2021-02-14,1610612746,1610612739,,111.0
22000404,2021,2021-02-12,1610612757,1610612739,,110.0
22000388,2021,2021-02-10,1610612743,1610612739,,95.0
22000372,2021,2021-02-08,1610612756,1610612739,,113.0
22000357,2021,2021-02-06,1610612739,1610612749,99.0,
22000346,2021,2021-02-05,1610612739,1610612749,105.0,
22000328,2021,2021-02-03,1610612739,1610612746,99.0,
22000312,2021,2021-02-01,1610612739,1610612750,100.0,
22000311,2021,2021-01-31,1610612750,1610612739,,104.0
22000291,2021,2021-01-29,1610612752,1610612739,,81.0
22000272,2021,2021-01-27,1610612739,1610612765,122.0,
22000261,2021,2021-01-25,1610612739,1610612747,108.0,
22000232,2021,2021-01-22,1610612739,1610612751,125.0,
22000216,2021,2021-01-20,1610612739,1610612751,147.0,
22000181,2021,2021-01-15,1610612739,1610612752,106.0,
22000159,2021,2021-01-12,1610612739,1610612762,87.0,
22000150,2021,2021-01-11,1610612739,1610612763,91.0,
22000137,2021,2021-01-09,1610612749,1610612739,,90.0
22000119,2021,2021-01-07,1610612763,1610612739,,94.0
22000108,2021,2021-01-06,1610612753,1610612739,,94.0
22000093,2021,2021-01-04,1610612753,1610612739,,83.0
22000062,2021,2020-12-31,1610612754,1610612739,,99.0
22000046,2021,2020-12-29,1610612739,1610612752,86.0,
22000035,2021,2020-12-27,1610612739,1610612755,118.0,
22000023,2021,2020-12-26,1610612765,1610612739,,128.0
22000010,2021,2020-12-23,1610612739,1610612766,121.0,
22001072,2021,2021-05-16,1610612740,1610612747,98.0,
22001059,2021,2021-05-14,1610612744,1610612740,,122.0
22000154,2021,2021-05-12,1610612742,1610612740,,107.0
22001028,2021,2021-05-10,1610612763,1610612740,,110.0
22001020,2021,2021-05-09,1610612766,1610612740,,112.0
22001003,2021,2021-05-07,1610612755,1610612740,,107.0
22000987,2021,2021-05-04,1610612740,1610612744,108.0,
22000977,2021,2021-05-03,1610612740,1610612744,108.0,
22000962,2021,2021-05-01,1610612750,1610612740,,140.0
22000947,2021,2021-04-29,1610612760,1610612740,,109.0
22000940,2021,2021-04-28,1610612743,1610612740,,112.0
22000924,2021,2021-04-26,1610612740,1610612746,120.0,
22000264,2021,2021-04-24,1610612740,1610612759,108.0,
22000893,2021,2021-04-22,1610612753,1610612740,,135.0
22000878,2021,2021-04-20,1610612740,1610612751,129.0,
22000862,2021,2021-04-18,1610612752,1610612740,,112.0
22000847,2021,2021-04-16,1610612764,1610612740,,115.0
22000835,2021,2021-04-14,1610612740,1610612752,106.0,
22000819,2021,2021-04-12,1610612740,1610612758,117.0,
22000795,2021,2021-04-09,1610612740,1610612755,101.0,
22000779,2021,2021-04-07,1610612751,1610612740,,111.0
22000760,2021,2021-04-04,1610612745,1610612740,,122.0
22000734,2021,2021-04-01,1610612740,1610612753,110.0,
22000698,2021,2021-03-27,1610612740,1610612742,112.0,
22000689,2021,2021-03-26,1610612740,1610612743,108.0,
22000663,2021,2021-03-23,1610612740,1610612747,128.0,
22000646,2021,2021-03-21,1610612743,1610612740,,113.0
22000629,2021,2021-03-18,1610612757,1610612740,,93.0
22000614,2021,2021-03-16,1610612757,1610612740,,124.0
22000601,2021,2021-03-14,1610612740,1610612746,135.0,
22000574,2021,2021-03-11,1610612740,1610612750,105.0,
22000557,2021,2021-03-04,1610612740,1610612748,93.0,
22000548,2021,2021-03-03,1610612740,1610612741,124.0,
22000533,2021,2021-03-01,1610612740,1610612762,129.0,
22000514,2021,2021-02-27,1610612759,1610612740,,114.0
22000503,2021,2021-02-25,1610612749,1610612740,,125.0
22000494,2021,2021-02-24,1610612740,1610612765,128.0,
22000455,2021,2021-02-19,1610612740,1610612756,114.0,
22000441,2021,2021-02-17,1610612740,1610612757,124.0,
22000429,2021,2021-02-16,1610612763,1610612740,,144.0
22000561,2021,2021-02-14,1610612765,1610612740,,112.0
22000399,2021,2021-02-12,1610612742,1610612740,,130.0
22000385,2021,2021-02-10,1610612741,1610612740,,116.0
22000377,2021,2021-02-09,1610612740,1610612745,130.0,
22000355,2021,2021-02-06,1610612740,1610612763,118.0,
22000343,2021,2021-02-05,1610612754,1610612740,,114.0
22000335,2021,2021-02-03,1610612740,1610612756,123.0,
22000317,2021,2021-02-01,1610612740,1610612758,109.0,
22000300,2021,2021-01-30,1610612740,1610612745,112.0,
22000293,2021,2021-01-29,1610612740,1610612749,131.0,
22000279,2021,2021-01-27,1610612740,1610612764,124.0,
22000246,2021,2021-01-23,1610612750,1610612740,,110.0
22000227,2021,2021-01-21,1610612762,1610612740,,118.0
22000214,2021,2021-01-19,1610612762,1610612740,,102.0
22000201,2021,2021-01-17,1610612758,1610612740,,128.0
22000187,2021,2021-01-15,1610612747,1610612740,,95.0
22000172,2021,2021-01-13,1610612746,1610612740,,106.0
22000126,2021,2021-01-08,1610612740,1610612766,110.0,
22000114,2021,2021-01-06,1610612740,1610612760,110.0,
22000100,2021,2021-01-04,1610612740,1610612754,116.0,
22000084,2021,2021-01-02,1610612740,1610612761,120.0,
22000067,2021,2020-12-31,1610612760,1610612740,,113.0
22000053,2021,2020-12-29,1610612756,1610612740,,86.0
22000034,2021,2020-12-27,1610612740,1610612759,98.0,
22000005,2021,2020-12-25,1610612748,1610612740,,98.0
22000014,2021,2020-12-23,1610612761,1610612740,,113.0
22001068,2021,2021-05-16,1610612741,1610612749,118.0,
22001060,2021,2021-05-15,1610612751,1610612741,,91.0
22001051,2021,2021-05-13,1610612741,1610612761,114.0,
22001036,2021,2021-05-11,1610612741,1610612751,107.0,
22001023,2021,2021-05-09,1610612765,1610612741,,108.0
22000434,2021,2021-05-06,1610612766,1610612741,,120.0
22000979,2021,2021-05-03,1610612741,1610612755,94.0,
22000954,2021,2021-04-30,1610612741,1610612749,98.0,
22000937,2021,2021-04-28,1610612752,1610612741,,94.0
22000922,2021,2021-04-26,1610612748,1610612741,,110.0
22000907,2021,2021-04-24,1610612748,1610612741,,101.0
22000896,2021,2021-04-22,1610612741,1610612766,108.0,
22000850,2021,2021-04-16,1610612741,1610612763,115.0,
22000833,2021,2021-04-14,1610612741,1610612753,106.0,
22000278,2021,2021-04-12,1610612763,1610612741,,90.0
22000812,2021,2021-04-11,1610612750,1610612741,,117.0
22000523,2021,2021-04-08,1610612761,1610612741,,122.0
22000769,2021,2021-04-06,1610612754,1610612741,,113.0
22000755,2021,2021-04-04,1610612741,1610612751,115.0,
22000743,2021,2021-04-02,1610612762,1610612741,,106.0
22000730,2021,2021-03-31,1610612756,1610612741,,116.0
22000716,2021,2021-03-29,1610612744,1610612741,,102.0
22000697,2021,2021-03-27,1610612759,1610612741,,104.0
22000656,2021,2021-03-22,1610612741,1610612762,95.0,
22000649,2021,2021-03-21,1610612765,1610612741,,100.0
22000637,2021,2021-03-19,1610612743,1610612741,,127.0
22000621,2021,2021-03-17,1610612741,1610612759,99.0,
22000612,2021,2021-03-16,1610612741,1610612760,123.0,
22000600,2021,2021-03-14,1610612741,1610612761,118.0,
22000582,2021,2021-03-12,1610612741,1610612748,90.0,
22000572,2021,2021-03-11,1610612741,1610612755,105.0,
22000531,2021,2021-03-01,1610612741,1610612743,112.0,
22000508,2021,2021-02-26,1610612741,1610612756,97.0,
22000493,2021,2021-02-24,1610612741,1610612750,133.0,
22000474,2021,2021-02-22,1610612745,1610612741,,120.0
22000460,2021,2021-02-20,1610612741,1610612758,122.0,
22000450,2021,2021-02-19,1610612755,1610612741,,105.0
22000564,2021,2021-02-17,1610612741,1610612765,105.0,
22000420,2021,2021-02-15,1610612754,1610612741,,120.0
22000400,2021,2021-02-12,1610612741,1610612746,106.0,
22000368,2021,2021-02-08,1610612741,1610612764,101.0,
22000353,2021,2021-02-06,1610612753,1610612741,,118.0
22000344,2021,2021-02-05,1610612753,1610612741,,119.0
22000332,2021,2021-02-03,1610612741,1610612752,103.0,
22000315,2021,2021-02-01,1610612741,1610612752,110.0,
22000298,2021,2021-01-30,1610612741,1610612757,122.0,
22000245,2021,2021-01-23,1610612741,1610612747,90.0,
22000229,2021,2021-01-22,1610612766,1610612741,,123.0
22000211,2021,2021-01-18,1610612741,1610612745,125.0,
22000198,2021,2021-01-17,1610612742,1610612741,,117.0
22000184,2021,2021-01-15,1610612760,1610612741,,125.0
22000142,2021,2021-01-10,1610612746,1610612741,,127.0
22000131,2021,2021-01-08,1610612747,1610612741,,115.0
22000117,2021,2021-01-06,1610612758,1610612741,,124.0
22000106,2021,2021-01-05,1610612757,1610612741,,111.0
22000090,2021,2021-01-03,1610612741,1610612742,118.0,
22000073,2021,2021-01-01,1610612749,1610612741,,96.0
22000063,2021,2020-12-31,1610612764,1610612741,,133.0
22000050,2021,2020-12-29,1610612764,1610612741,,115.0
22000038,2021,2020-12-27,1610612741,1610612744,128.0,
22000026,2021,2020-12-26,1610612741,1610612754,106.0,
22001071,2021,2021-05-16,1610612750,1610612742,,121.0
22001057,2021,2021-05-14,1610612742,1610612761,114.0,
22001037,2021,2021-05-11,1610612763,1610612742,,104.0
22000998,2021,2021-05-06,1610612742,1610612751,113.0,
22000986,2021,2021-05-04,1610612748,1610612742,,127.0
22000970,2021,2021-05-02,1610612742,1610612758,99.0,
22000964,2021,2021-05-01,1610612742,1610612764,125.0,
22000943,2021,2021-04-29,1610612765,1610612742,,115.0
22000932,2021,2021-04-27,1610612744,1610612742,,133.0
22000926,2021,2021-04-26,1610612758,1610612742,,106.0
22000908,2021,2021-04-24,1610612742,1610612747,108.0,
22000897,2021,2021-04-22,1610612742,1610612747,115.0,
22000442,2021,2021-04-21,1610612742,1610612765,127.0,
22000866,2021,2021-04-18,1610612742,1610612758,107.0,
22000854,2021,2021-04-16,1610612742,1610612752,109.0,
22000837,2021,2021-04-14,1610612763,1610612742,,114.0
22000818,2021,2021-04-12,1610612742,1610612755,95.0,
22000810,2021,2021-04-11,1610612742,1610612759,117.0,
22000786,2021,2021-04-08,1610612742,1610612749,116.0,
22000456,2021,2021-04-07,1610612745,1610612742,,93.0
22000764,2021,2021-04-05,1610612742,1610612762,111.0,
22000747,2021,2021-04-03,1610612764,1610612742,,109.0
22000739,2021,2021-04-02,1610612752,1610612742,,99.0
22000713,2021,2021-03-29,1610612760,1610612742,,127.0
22000690,2021,2021-03-26,1610612742,1610612754,94.0,
22000673,2021,2021-03-24,1610612750,1610612742,,128.0
22000652,2021,2021-03-21,1610612757,1610612742,,132.0
22000639,2021,2021-03-19,1610612757,1610612742,,119.0
22000625,2021,2021-03-17,1610612742,1610612746,105.0,
22000605,2021,2021-03-15,1610612742,1610612746,99.0,
22000592,2021,2021-03-13,1610612743,1610612742,,116.0
22000575,2021,2021-03-11,1610612760,1610612742,,108.0
22000567,2021,2021-03-10,1610612742,1610612759,115.0,
22000549,2021,2021-03-03,1610612742,1610612760,87.0,
22000529,2021,2021-03-01,1610612753,1610612742,,130.0
22000519,2021,2021-02-27,1610612751,1610612742,,115.0
22000498,2021,2021-02-25,1610612755,1610612742,,97.0
22000476,2021,2021-02-22,1610612742,1610612763,102.0,
22000411,2021,2021-02-14,1610612742,1610612757,118.0,
22000370,2021,2021-02-08,1610612742,1610612750,127.0,
22000360,2021,2021-02-06,1610612742,1610612744,134.0,
22000339,2021,2021-02-04,1610612742,1610612744,116.0,
22000319,2021,2021-02-01,1610612742,1610612756,108.0,
22000303,2021,2021-01-30,1610612742,1610612756,105.0,
22000297,2021,2021-01-29,1610612762,1610612742,,101.0
22000282,2021,2021-01-27,1610612762,1610612742,,104.0
22000265,2021,2021-01-25,1610612742,1610612743,113.0,
22000247,2021,2021-01-23,1610612742,1610612745,108.0,
22000237,2021,2021-01-22,1610612759,1610612742,,122.0
22000217,2021,2021-01-20,1610612754,1610612742,,124.0
22000210,2021,2021-01-18,1610612761,1610612742,,93.0
22000182,2021,2021-01-15,1610612749,1610612742,,109.0
22000164,2021,2021-01-13,1610612766,1610612742,,104.0
22000139,2021,2021-01-09,1610612742,1610612753,112.0,
22000120,2021,2021-01-07,1610612743,1610612742,,124.0
22000098,2021,2021-01-04,1610612745,1610612742,,113.0
22000071,2021,2021-01-01,1610612742,1610612748,93.0,
22000059,2021,2020-12-30,1610612742,1610612766,99.0,
22000031,2021,2020-12-27,1610612746,1610612742,,124.0
22000008,2021,2020-12-25,1610612747,1610612742,,115.0
22000004,2021,2020-12-23,1610612756,1610612742,,102.0
22001076,2021,2021-05-16,1610612757,1610612743,,116.0
22001054,2021,2021-05-14,1610612765,1610612743,,104.0
22001052,2021,2021-05-13,1610612750,1610612743,,114.0
22000448,2021,2021-05-11,1610612766,1610612743,,117.0
22001015,2021,2021-05-08,1610612743,1610612751,119.0,
22001008,2021,2021-05-07,1610612762,1610612743,,120.0
22000995,2021,2021-05-05,1610612743,1610612752,113.0,
22000982,2021,2021-05-03,1610612747,1610612743,,89.0
22000966,2021,2021-05-01,1610612746,1610612743,,110.0
22000948,2021,2021-04-29,1610612743,1610612761,121.0,
22000925,2021,2021-04-26,1610612743,1610612763,120.0,
22000910,2021,2021-04-24,1610612743,1610612745,129.0,
22000903,2021,2021-04-23,1610612744,1610612743,,97.0
22000890,2021,2021-04-21,1610612757,1610612743,,106.0
22000874,2021,2021-04-19,1610612743,1610612763,139.0,
22000851,2021,2021-04-16,1610612745,1610612743,,128.0
22000838,2021,2021-04-14,1610612743,1610612748,123.0,
22000821,2021,2021-04-12,1610612744,1610612743,,107.0
22000797,2021,2021-04-09,1610612743,1610612759,121.0,
22000782,2021,2021-04-07,1610612743,1610612759,106.0,
22000321,2021,2021-04-06,1610612743,1610612765,134.0,
22000761,2021,2021-04-04,1610612743,1610612753,119.0,
22000736,2021,2021-04-01,1610612746,1610612743,,101.0
22000719,2021,2021-03-30,1610612743,1610612755,104.0,
22000668,2021,2021-03-24,1610612761,1610612743,,111.0
22000661,2021,2021-03-23,1610612753,1610612743,,110.0
22000624,2021,2021-03-17,1610612743,1610612766,129.0,
22000606,2021,2021-03-15,1610612743,1610612754,121.0,
22000580,2021,2021-03-12,1610612763,1610612743,,103.0
22000553,2021,2021-03-04,1610612754,1610612743,,113.0
22000540,2021,2021-03-02,1610612749,1610612743,,128.0
22000518,2021,2021-02-27,1610612760,1610612743,,126.0
22000502,2021,2021-02-25,1610612743,1610612764,110.0,
22000487,2021,2021-02-23,1610612743,1610612757,111.0,
22000437,2021,2021-02-17,1610612764,1610612743,,128.0
22000416,2021,2021-02-14,1610612743,1610612747,122.0,
22000401,2021,2021-02-12,1610612743,1610612760,97.0,
22000373,2021,2021-02-08,1610612743,1610612749,112.0,
22000352,2021,2021-02-06,1610612758,1610612743,,114.0
22000341,2021,2021-02-04,1610612747,1610612743,,93.0
22000306,2021,2021-01-31,1610612743,1610612762,128.0,
22000296,2021,2021-01-29,1610612759,1610612743,,109.0
22000275,2021,2021-01-27,1610612748,1610612743,,109.0
22000248,2021,2021-01-23,1610612756,1610612743,,120.0
22000238,2021,2021-01-22,1610612756,1610612743,,130.0
22000213,2021,2021-01-19,1610612743,1610612760,119.0,
22000200,2021,2021-01-17,1610612743,1610612762,105.0,
22000177,2021,2021-01-14,1610612743,1610612744,114.0,
22000158,2021,2021-01-12,1610612751,1610612743,,116.0
22000144,2021,2021-01-10,1610612752,1610612743,,114.0
22000133,2021,2021-01-09,1610612755,1610612743,,115.0
22000104,2021,2021-01-05,1610612743,1610612750,123.0,
22000088,2021,2021-01-03,1610612750,1610612743,,124.0
22000076,2021,2021-01-01,1610612743,1610612756,103.0,
22000055,2021,2020-12-29,1610612758,1610612743,,115.0
22000044,2021,2020-12-28,1610612743,1610612745,124.0,
22000009,2021,2020-12-25,1610612743,1610612746,108.0,
22000019,2021,2020-12-23,1610612743,1610612758,122.0,
22001070,2021,2021-05-16,1610612744,1610612763,113.0,
22001039,2021,2021-05-11,1610612744,1610612756,122.0,
22001030,2021,2021-05-10,1610612744,1610612762,119.0,
22001017,2021,2021-05-08,1610612744,1610612760,136.0,
22001001,2021,2021-05-06,1610612744,1610612760,118.0,
22000958,2021,2021-05-01,1610612745,1610612744,,113.0
22000946,2021,2021-04-29,1610612750,1610612744,,114.0
22000915,2021,2021-04-25,1610612744,1610612758,117.0,
22000885,2021,2021-04-21,1610612764,1610612744,,114.0
22000870,2021,2021-04-19,1610612755,1610612744,,107.0
22000836,2021,2021-04-14,1610612760,1610612744,,147.0
22000802,2021,2021-04-10,1610612744,1610612745,125.0,
22000798,2021,2021-04-09,1610612744,1610612764,107.0,
22000774,2021,2021-04-06,1610612744,1610612749,122.0,
22000737,2021,2021-04-02,1610612761,1610612744,,77.0
22000733,2021,2021-04-01,1610612748,1610612744,,109.0
22000682,2021,2021-03-25,1610612758,1610612744,,119.0
22000665,2021,2021-03-23,1610612744,1610612755,98.0,
22000642,2021,2021-03-20,1610612763,1610612744,,103.0
22000636,2021,2021-03-19,1610612763,1610612744,,116.0
22000622,2021,2021-03-17,1610612745,1610612744,,108.0
22000608,2021,2021-03-15,1610612744,1610612747,97.0,
22000594,2021,2021-03-14,1610612744,1610612762,131.0,
22000576,2021,2021-03-11,1610612746,1610612744,,104.0
22000185,2021,2021-03-04,1610612756,1610612744,,98.0
22000550,2021,2021-03-03,1610612757,1610612744,,106.0
22000527,2021,2021-02-28,1610612747,1610612744,,91.0
22000511,2021,2021-02-26,1610612744,1610612766,130.0,
22000489,2021,2021-02-24,1610612754,1610612744,,111.0
22000483,2021,2021-02-23,1610612752,1610612744,,114.0
22000459,2021,2021-02-20,1610612766,1610612744,,100.0
22000449,2021,2021-02-19,1610612753,1610612744,,120.0
22000443,2021,2021-02-17,1610612744,1610612748,120.0,
22000409,2021,2021-02-13,1610612744,1610612751,117.0,
22000393,2021,2021-02-11,1610612744,1610612753,111.0,
22000378,2021,2021-02-09,1610612759,1610612744,,114.0
22000371,2021,2021-02-08,1610612759,1610612744,,100.0
22000305,2021,2021-01-30,1610612744,1610612765,118.0,
22000286,2021,2021-01-28,1610612756,1610612744,,93.0
22000283,2021,2021-01-27,1610612744,1610612750,123.0,
22000266,2021,2021-01-25,1610612744,1610612750,130.0,
22000242,2021,2021-01-23,1610612762,1610612744,,108.0
22000228,2021,2021-01-21,1610612744,1610612752,104.0,
22000223,2021,2021-01-20,1610612744,1610612759,121.0,
22000212,2021,2021-01-18,1610612747,1610612744,,115.0
22000163,2021,2021-01-12,1610612744,1610612754,95.0,
22000148,2021,2021-01-10,1610612744,1610612761,106.0,
22000130,2021,2021-01-08,1610612744,1610612746,115.0,
22000116,2021,2021-01-06,1610612744,1610612746,101.0,
22000101,2021,2021-01-04,1610612744,1610612758,137.0,
22000092,2021,2021-01-03,1610612744,1610612757,137.0,
22000078,2021,2021-01-01,1610612744,1610612757,98.0,
22000047,2021,2020-12-29,1610612765,1610612744,,116.0
22000006,2021,2020-12-25,1610612749,1610612744,,99.0
22000001,2021,2020-12-22,1610612751,1610612744,,99.0
22001058,2021,2021-05-14,1610612745,1610612746,122.0,
22001046,2021,2021-05-12,1610612747,1610612745,,122.0
22001031,2021,2021-05-10,1610612757,1610612745,,129.0
22001016,2021,2021-05-08,1610612762,1610612745,,116.0
22001006,2021,2021-05-07,1610612749,1610612745,,133.0
22000994,2021,2021-05-05,1610612745,1610612755,115.0,
22000971,2021,2021-05-02,1610612745,1610612752,97.0,
22000945,2021,2021-04-29,1610612745,1610612749,143.0,
22000931,2021,2021-04-27,1610612745,1610612750,107.0,
22000901,2021,2021-04-23,1610612745,1610612746,104.0,
22000887,2021,2021-04-21,1610612745,1610612762,89.0,
22000871,2021,2021-04-19,1610612748,1610612745,,91.0
22000864,2021,2021-04-18,1610612753,1610612745,,114.0
22000461,2021,2021-04-14,1610612745,1610612754,124.0,
22000822,2021,2021-04-12,1610612756,1610612745,,120.0
22000799,2021,2021-04-09,1610612746,1610612745,,109.0
22000768,2021,2021-04-05,1610612745,1610612756,130.0,
22000724,2021,2021-03-31,1610612751,1610612745,,108.0
22000712,2021,2021-03-29,1610612745,1610612763,110.0,
22000696,2021,2021-03-27,1610612750,1610612745,,129.0
22000688,2021,2021-03-26,1610612750,1610612745,,101.0
22000672,2021,2021-03-24,1610612745,1610612766,97.0,
22000657,2021,2021-03-22,1610612745,1610612761,117.0,
22000016,2021,2021-03-21,1610612745,1610612760,112.0,
22000635,2021,2021-03-19,1610612745,1610612765,100.0,
22000584,2021,2021-03-12,1610612762,1610612745,,99.0
22000578,2021,2021-03-11,1610612758,1610612745,,105.0
22000546,2021,2021-03-03,1610612745,1610612751,114.0,
22000525,2021,2021-02-28,1610612745,1610612763,84.0,
22000506,2021,2021-02-26,1610612761,1610612745,,111.0
22000439,2021,2021-02-17,1610612755,1610612745,,113.0
22000421,2021,2021-02-15,1610612764,1610612745,,119.0
22000408,2021,2021-02-13,1610612752,1610612745,,99.0
22000392,2021,2021-02-11,1610612745,1610612748,94.0,
22000367,2021,2021-02-08,1610612766,1610612745,,94.0
22000358,2021,2021-02-06,1610612745,1610612759,106.0,
22000340,2021,2021-02-04,1610612763,1610612745,,115.0
22000333,2021,2021-02-03,1610612760,1610612745,,87.0
22000318,2021,2021-02-01,1610612760,1610612745,,136.0
22000287,2021,2021-01-28,1610612745,1610612757,104.0,
22000269,2021,2021-01-26,1610612745,1610612764,107.0,
22000230,2021,2021-01-22,1610612765,1610612745,,103.0
22000222,2021,2021-01-20,1610612745,1610612756,103.0,
22000189,2021,2021-01-16,1610612759,1610612745,,91.0
22000176,2021,2021-01-14,1610612759,1610612745,,109.0
22000161,2021,2021-01-12,1610612745,1610612747,100.0,
22000146,2021,2021-01-10,1610612745,1610612747,102.0,
22000127,2021,2021-01-08,1610612745,1610612753,132.0,
22000107,2021,2021-01-06,1610612754,1610612745,,107.0
22000079,2021,2021-01-02,1610612745,1610612758,102.0,
22000065,2021,2020-12-31,1610612745,1610612758,122.0,
22000029,2021,2020-12-26,1610612757,1610612745,,126.0
22001074,2021,2021-05-16,1610612760,1610612746,,112.0
22001047,2021,2021-05-13,1610612766,1610612746,,113.0
22001034,2021,2021-05-11,1610612761,1610612746,,115.0
22001019,2021,2021-05-09,1610612746,1610612752,100.0,
22001002,2021,2021-05-06,1610612746,1610612747,118.0,
22000989,2021,2021-05-04,1610612746,1610612761,105.0,
22000941,2021,2021-04-28,1610612756,1610612746,,101.0
22000889,2021,2021-04-21,1610612746,1610612763,117.0,
22000879,2021,2021-04-20,1610612757,1610612746,,113.0
22000867,2021,2021-04-18,1610612746,1610612750,124.0,
22000846,2021,2021-04-16,1610612755,1610612746,,103.0
22000832,2021,2021-04-14,1610612765,1610612746,,100.0
22000823,2021,2021-04-13,1610612754,1610612746,,126.0
22000813,2021,2021-04-11,1610612746,1610612765,131.0,
22000788,2021,2021-04-08,1610612746,1610612756,113.0,
22000775,2021,2021-04-06,1610612746,1610612757,133.0,
22000756,2021,2021-04-04,1610612746,1610612747,104.0,
22000720,2021,2021-03-30,1610612746,1610612753,96.0,
22000717,2021,2021-03-29,1610612746,1610612749,129.0,
22000701,2021,2021-03-27,1610612746,1610612755,122.0,
22000680,2021,2021-03-25,1610612759,1610612746,,98.0
22000675,2021,2021-03-24,1610612759,1610612746,,134.0
22000644,2021,2021-03-20,1610612746,1610612766,125.0,
22000554,2021,2021-03-04,1610612764,1610612746,,117.0
22000520,2021,2021-02-28,1610612749,1610612746,,100.0
22000509,2021,2021-02-26,1610612763,1610612746,,119.0
22000501,2021,2021-02-25,1610612763,1610612746,,94.0
22000488,2021,2021-02-23,1610612746,1610612764,135.0,
22000472,2021,2021-02-21,1610612746,1610612751,108.0,
22000457,2021,2021-02-19,1610612746,1610612762,116.0,
22000444,2021,2021-02-17,1610612746,1610612762,96.0,
22000425,2021,2021-02-15,1610612746,1610612748,125.0,
22000387,2021,2021-02-10,1610612750,1610612746,,119.0
22000366,2021,2021-02-07,1610612746,1610612758,110.0,
22000324,2021,2021-02-02,1610612751,1610612746,,120.0
22000308,2021,2021-01-31,1610612752,1610612746,,129.0
22000289,2021,2021-01-29,1610612753,1610612746,,116.0
22000285,2021,2021-01-28,1610612748,1610612746,,109.0
22000251,2021,2021-01-24,1610612746,1610612760,108.0,
22000239,2021,2021-01-22,1610612746,1610612760,120.0,
22000224,2021,2021-01-20,1610612746,1610612758,115.0,
22000202,2021,2021-01-17,1610612746,1610612754,129.0,
22000188,2021,2021-01-15,1610612758,1610612746,,138.0
22000105,2021,2021-01-05,1610612746,1610612759,113.0,
22000091,2021,2021-01-03,1610612756,1610612746,,112.0
22000077,2021,2021-01-01,1610612762,1610612746,,100.0
22000061,2021,2020-12-30,1610612746,1610612757,128.0,
22000054,2021,2020-12-29,1610612746,1610612750,124.0,
22000002,2021,2020-12-22,1610612747,1610612746,,116.0
22001061,2021,2021-05-15,1610612754,1610612747,,122.0
22001041,2021,2021-05-11,1610612747,1610612752,101.0,
22001024,2021,2021-05-09,1610612747,1610612756,123.0,
22001010,2021,2021-05-07,1610612757,1610612747,,101.0
22000974,2021,2021-05-02,1610612747,1610612761,114.0,
22000956,2021,2021-04-30,1610612747,1610612758,106.0,
22000935,2021,2021-04-28,1610612764,1610612747,,107.0
22000917,2021,2021-04-26,1610612753,1610612747,,114.0
22000875,2021,2021-04-19,1610612747,1610612762,97.0,
22000855,2021,2021-04-17,1610612747,1610612762,127.0,
22000825,2021,2021-04-13,1610612766,1610612747,,101.0
22000815,2021,2021-04-12,1610612752,1610612747,,96.0
22000800,2021,2021-04-10,1610612751,1610612747,,126.0
22000784,2021,2021-04-08,1610612748,1610612747,,104.0
22000772,2021,2021-04-06,1610612761,1610612747,,110.0
22000746,2021,2021-04-02,1610612758,1610612747,,115.0
22000729,2021,2021-03-31,1610612747,1610612749,97.0,
22000706,2021,2021-03-28,1610612747,1610612753,96.0,
22000681,2021,2021-03-25,1610612747,1610612755,101.0,
22000651,2021,2021-03-21,1610612756,1610612747,,94.0
22000630,2021,2021-03-18,1610612747,1610612766,116.0,
22000615,2021,2021-03-16,1610612747,1610612750,137.0,
22000585,2021,2021-03-12,1610612747,1610612754,105.0,
22000551,2021,2021-03-03,1610612758,1610612747,,120.0
22000542,2021,2021-03-02,1610612747,1610612756,104.0,
22000512,2021,2021-02-26,1610612747,1610612757,102.0,
22000497,2021,2021-02-24,1610612762,1610612747,,89.0
22000479,2021,2021-02-22,1610612747,1610612764,124.0,
22000463,2021,2021-02-20,1610612747,1610612748,94.0,
22000446,2021,2021-02-18,1610612747,1610612751,98.0,
22000431,2021,2021-02-16,1610612750,1610612747,,112.0
22000403,2021,2021-02-12,1610612747,1610612763,115.0,
22000390,2021,2021-02-10,1610612747,1610612760,114.0,
22000374,2021,2021-02-08,1610612747,1610612760,119.0,
22000361,2021,2021-02-06,1610612747,1610612765,135.0,
22000284,2021,2021-01-28,1610612765,1610612747,,92.0
22000276,2021,2021-01-27,1610612755,1610612747,,106.0
22000226,2021,2021-01-21,1610612749,1610612747,,113.0
22000170,2021,2021-01-13,1610612760,1610612747,,128.0
22000121,2021,2021-01-07,1610612747,1610612759,109.0,
22000103,2021,2021-01-05,1610612763,1610612747,,94.0
22000087,2021,2021-01-03,1610612763,1610612747,,108.0
22000075,2021,2021-01-01,1610612759,1610612747,,109.0
22000060,2021,2020-12-30,1610612759,1610612747,,121.0
22000045,2021,2020-12-28,1610612747,1610612757,107.0,
22000040,2021,2020-12-27,1610612747,1610612750,127.0,
22001069,2021,2021-05-16,1610612765,1610612748,,120.0
22001062,2021,2021-05-15,1610612749,1610612748,,108.0
22001050,2021,2021-05-13,1610612748,1610612755,106.0,
22001005,2021,2021-05-07,1610612748,1610612750,121.0,
22000969,2021,2021-05-02,1610612766,1610612748,,121.0
22000938,2021,2021-04-28,1610612748,1610612759,116.0,
22000888,2021,2021-04-21,1610612759,1610612748,,107.0
22000863,2021,2021-04-18,1610612748,1610612751,109.0,
22000852,2021,2021-04-16,1610612750,1610612748,,111.0
22000827,2021,2021-04-13,1610612756,1610612748,,86.0
22000814,2021,2021-04-11,1610612757,1610612748,,107.0
22000773,2021,2021-04-06,1610612748,1610612763,112.0,
22000722,2021,2021-03-31,1610612754,1610612748,,92.0
22000710,2021,2021-03-29,1610612752,1610612748,,98.0
22000686,2021,2021-03-26,1610612766,1610612748,,105.0
22000678,2021,2021-03-25,1610612748,1610612757,122.0,
22000664,2021,2021-03-23,1610612748,1610612756,100.0,
22000645,2021,2021-03-21,1610612748,1610612754,106.0,
22000632,2021,2021-03-19,1610612748,1610612754,110.0,
22000623,2021,2021-03-17,1610612763,1610612748,,85.0
22000596,2021,2021-03-14,1610612753,1610612748,,102.0
22000571,2021,2021-03-11,1610612748,1610612753,111.0,
22000507,2021,2021-02-26,1610612748,1610612762,124.0,
22000492,2021,2021-02-24,1610612748,1610612761,116.0,
22000475,2021,2021-02-22,1610612760,1610612748,,108.0
22000447,2021,2021-02-18,1610612758,1610612748,,118.0
22000410,2021,2021-02-13,1610612762,1610612748,,94.0
22000376,2021,2021-02-09,1610612748,1610612752,98.0,
22000364,2021,2021-02-07,1610612752,1610612748,,109.0
22000347,2021,2021-02-05,1610612748,1610612764,122.0,
22000331,2021,2021-02-03,1610612748,1610612764,100.0,
22000314,2021,2021-02-01,1610612748,1610612766,121.0,
22000301,2021,2021-01-30,1610612748,1610612758,105.0,
22000260,2021,2021-01-25,1610612751,1610612748,,85.0
22000244,2021,2021-01-23,1610612751,1610612748,,124.0
22000234,2021,2021-01-22,1610612761,1610612748,,81.0
22000220,2021,2021-01-20,1610612761,1610612748,,111.0
22000206,2021,2021-01-18,1610612748,1610612765,113.0,
22000192,2021,2021-01-16,1610612748,1610612765,100.0,
22000174,2021,2021-01-14,1610612755,1610612748,,108.0
22000157,2021,2021-01-12,1610612755,1610612748,,134.0
22000136,2021,2021-01-09,1610612764,1610612748,,128.0
22000096,2021,2021-01-04,1610612748,1610612760,118.0,
22000058,2021,2020-12-30,1610612748,1610612749,119.0,
22000051,2021,2020-12-29,1610612748,1610612749,97.0,
22000012,2021,2020-12-23,1610612753,1610612748,,107.0
22001048,2021,2021-05-13,1610612754,1610612749,,142.0
22001038,2021,2021-05-11,1610612749,1610612753,114.0,
22001029,2021,2021-05-10,1610612759,1610612749,,125.0
22000235,2021,2021-05-05,1610612749,1610612764,135.0,
22000985,2021,2021-05-04,1610612749,1610612751,124.0,
22000967,2021,2021-05-02,1610612749,1610612751,117.0,
22000928,2021,2021-04-27,1610612766,1610612749,,114.0
22000905,2021,2021-04-24,1610612749,1610612755,132.0,
22000894,2021,2021-04-22,1610612749,1610612755,124.0,
22000873,2021,2021-04-19,1610612749,1610612756,127.0,
22000859,2021,2021-04-17,1610612749,1610612763,115.0,
22000834,2021,2021-04-14,1610612750,1610612749,,130.0
22000808,2021,2021-04-11,1610612753,1610612749,,124.0
22000796,2021,2021-04-09,1610612749,1610612766,119.0,
22000754,2021,2021-04-03,1610612758,1610612749,,129.0
22000745,2021,2021-04-02,1610612757,1610612749,,127.0
22000695,2021,2021-03-27,1610612749,1610612752,96.0,
22000659,2021,2021-03-22,1610612749,1610612754,140.0,
22000643,2021,2021-03-20,1610612749,1610612759,120.0,
22000618,2021,2021-03-17,1610612755,1610612749,,109.0
22000603,2021,2021-03-15,1610612764,1610612749,,133.0
22000589,2021,2021-03-13,1610612764,1610612749,,125.0
22000573,2021,2021-03-11,1610612749,1610612752,134.0,
22000555,2021,2021-03-04,1610612763,1610612749,,112.0
22000486,2021,2021-02-23,1610612749,1610612750,139.0,
22000471,2021,2021-02-21,1610612749,1610612758,128.0,
22000453,2021,2021-02-19,1610612749,1610612760,98.0,
22000445,2021,2021-02-18,1610612749,1610612761,96.0,
22000430,2021,2021-02-16,1610612749,1610612761,113.0,
22000415,2021,2021-02-14,1610612760,1610612749,,109.0
22000402,2021,2021-02-12,1610612762,1610612749,,115.0
22000389,2021,2021-02-10,1610612756,1610612749,,124.0
22000329,2021,2021-02-03,1610612749,1610612754,130.0,
22000316,2021,2021-02-01,1610612749,1610612757,134.0,
22000299,2021,2021-01-30,1610612766,1610612749,,114.0
22000277,2021,2021-01-27,1610612761,1610612749,,115.0
22000209,2021,2021-01-18,1610612751,1610612749,,123.0
22000165,2021,2021-01-13,1610612765,1610612749,,110.0
22000151,2021,2021-01-11,1610612753,1610612749,,121.0
22000129,2021,2021-01-08,1610612749,1610612762,118.0,
22000113,2021,2021-01-06,1610612749,1610612765,130.0,
22000099,2021,2021-01-04,1610612749,1610612765,125.0,
22000036,2021,2020-12-27,1610612752,1610612749,,110.0
22001033,2021,2021-05-11,1610612765,1610612750,,119.0
22001022,2021,2021-05-09,1610612753,1610612750,,128.0
22000183,2021,2021-05-05,1610612750,1610612763,135.0,
22000923,2021,2021-04-26,1610612750,1610612762,105.0,
22000909,2021,2021-04-24,1610612762,1610612750,,101.0
22000891,2021,2021-04-21,1610612758,1610612750,,125.0
22000880,2021,2021-04-20,1610612758,1610612750,,134.0
22000817,2021,2021-04-13,1610612750,1610612751,97.0,
22000776,2021,2021-04-07,1610612754,1610612750,,137.0
22000765,2021,2021-04-05,1610612750,1610612758,116.0,
22000750,2021,2021-04-03,1610612755,1610612750,,113.0
22000741,2021,2021-04-02,1610612763,1610612750,,108.0
22000726,2021,2021-03-31,1610612750,1610612752,102.0,
22000709,2021,2021-03-29,1610612751,1610612750,,107.0
22000654,2021,2021-03-22,1610612750,1610612760,103.0,
22000638,2021,2021-03-19,1610612756,1610612750,,101.0
22000628,2021,2021-03-18,1610612756,1610612750,,123.0
22000599,2021,2021-03-14,1610612750,1610612757,114.0,
22000591,2021,2021-03-13,1610612750,1610612757,121.0,
22000547,2021,2021-03-03,1610612750,1610612766,102.0,
22000526,2021,2021-02-28,1610612750,1610612756,99.0,
22000517,2021,2021-02-27,1610612764,1610612750,,112.0
22000469,2021,2021-02-21,1610612752,1610612750,,99.0
22000454,2021,2021-02-19,1610612750,1610612761,81.0,
22000440,2021,2021-02-17,1610612750,1610612754,128.0,
22000413,2021,2021-02-14,1610612761,1610612750,,116.0
22000395,2021,2021-02-12,1610612766,1610612750,,114.0
22000359,2021,2021-02-06,1610612760,1610612750,,118.0
22000348,2021,2021-02-05,1610612760,1610612750,,106.0
22000334,2021,2021-02-03,1610612759,1610612750,,108.0
22000294,2021,2021-01-29,1610612750,1610612755,94.0,
22000221,2021,2021-01-20,1610612750,1610612753,96.0,
22000169,2021,2021-01-13,1610612750,1610612763,107.0,
22000147,2021,2021-01-10,1610612750,1610612759,96.0,
22000138,2021,2021-01-09,1610612750,1610612759,122.0,
22000122,2021,2021-01-07,1610612757,1610612750,,117.0
22000074,2021,2021-01-01,1610612750,1610612764,109.0,
22000028,2021,2020-12-26,1610612762,1610612750,,116.0
22000018,2021,2020-12-23,1610612750,1610612765,111.0,
22001043,2021,2021-05-12,1610612751,1610612759,128.0,
22000952,2021,2021-04-30,1610612751,1610612757,109.0,
22000944,2021,2021-04-29,1610612754,1610612751,,130.0
22000930,2021,2021-04-27,1610612761,1610612751,,116.0
22000912,2021,2021-04-25,1610612751,1610612756,128.0,
22000884,2021,2021-04-21,1610612761,1610612751,,103.0
22000848,2021,2021-04-16,1610612751,1610612766,130.0,
22000830,2021,2021-04-14,1610612755,1610612751,,117.0
22000762,2021,2021-04-05,1610612751,1610612752,114.0,
22000732,2021,2021-04-01,1610612751,1610612766,111.0,
22000683,2021,2021-03-26,1610612765,1610612751,,113.0
22000676,2021,2021-03-24,1610612762,1610612751,,88.0
22000666,2021,2021-03-23,1610612757,1610612751,,116.0
22000647,2021,2021-03-21,1610612751,1610612764,113.0,
22000633,2021,2021-03-19,1610612753,1610612751,,113.0
22000617,2021,2021-03-17,1610612754,1610612751,,124.0
22000604,2021,2021-03-15,1610612751,1610612752,117.0,
22000587,2021,2021-03-13,1610612751,1610612765,100.0,
22000534,2021,2021-03-01,1610612759,1610612751,,124.0
22000499,2021,2021-02-25,1610612751,1610612753,129.0,
22000482,2021,2021-02-23,1610612751,1610612758,127.0,
22000433,2021,2021-02-16,1610612756,1610612751,,128.0
22000426,2021,2021-02-15,1610612758,1610612751,,136.0
22000383,2021,2021-02-10,1610612751,1610612754,104.0,
22000375,2021,2021-02-09,1610612765,1610612751,,111.0
22000354,2021,2021-02-06,1610612755,1610612751,,108.0
22000345,2021,2021-02-05,1610612751,1610612761,117.0,
22000310,2021,2021-01-31,1610612764,1610612751,,146.0
22000295,2021,2021-01-29,1610612760,1610612751,,147.0
22000190,2021,2021-01-16,1610612751,1610612753,122.0,
22000168,2021,2021-01-13,1610612752,1610612751,,116.0
22000143,2021,2021-01-10,1610612751,1610612760,116.0,
22000128,2021,2021-01-08,1610612763,1610612751,,110.0
22000118,2021,2021-01-07,1610612751,1610612755,122.0,
22000102,2021,2021-01-05,1610612751,1610612762,130.0,
22000086,2021,2021-01-03,1610612751,1610612764,122.0,
22000042,2021,2020-12-28,1610612751,1610612763,111.0,
22000032,2021,2020-12-27,1610612766,1610612751,,104.0
22001064,2021,2021-05-15,1610612752,1610612766,118.0,
22000458,2021,2021-05-13,1610612752,1610612759,102.0,
22001009,2021,2021-05-07,1610612756,1610612752,,105.0
22000980,2021,2021-05-03,1610612763,1610612752,,118.0
22000920,2021,2021-04-26,1610612752,1610612756,110.0,
22000904,2021,2021-04-24,1610612752,1610612761,120.0,
22000877,2021,2021-04-20,1610612752,1610612766,109.0,
22000809,2021,2021-04-11,1610612752,1610612761,102.0,
22000793,2021,2021-04-09,1610612752,1610612763,133.0,
22000748,2021,2021-04-03,1610612765,1610612752,,125.0
22000679,2021,2021-03-25,1610612752,1610612764,106.0,
22000662,2021,2021-03-23,1610612752,1610612764,131.0,
22000650,2021,2021-03-21,1610612752,1610612755,100.0,
22000627,2021,2021-03-18,1610612752,1610612753,94.0,
22000611,2021,2021-03-16,1610612755,1610612752,,96.0
22000586,2021,2021-03-13,1610612760,1610612752,,119.0
22000565,2021,2021-03-04,1610612752,1610612765,114.0,
22000541,2021,2021-03-02,1610612759,1610612752,,93.0
22000521,2021,2021-02-28,1610612765,1610612752,,109.0
22000515,2021,2021-02-27,1610612752,1610612754,110.0,
22000500,2021,2021-02-25,1610612752,1610612758,140.0,
22000436,2021,2021-02-17,1610612753,1610612752,,89.0
22000396,2021,2021-02-12,1610612764,1610612752,,109.0
22000351,2021,2021-02-06,1610612752,1610612757,110.0,
22000270,2021,2021-01-26,1610612762,1610612752,,94.0
22000256,2021,2021-01-24,1610612757,1610612752,,113.0
22000241,2021,2021-01-22,1610612758,1610612752,,94.0
22000203,2021,2021-01-18,1610612752,1610612753,91.0,
22000149,2021,2021-01-11,1610612766,1610612752,,88.0
22000125,2021,2021-01-08,1610612752,1610612760,89.0,
22000112,2021,2021-01-06,1610612752,1610612762,112.0,
22000080,2021,2021-01-02,1610612754,1610612752,,106.0
22000066,2021,2020-12-31,1610612761,1610612752,,83.0
22000025,2021,2020-12-26,1610612752,1610612755,89.0,
22000011,2021,2020-12-23,1610612754,1610612752,,107.0
22001075,2021,2021-05-16,1610612755,1610612753,,117.0
22001055,2021,2021-05-14,1610612755,1610612753,,97.0
22001004,2021,2021-05-07,1610612766,1610612753,,112.0
22000975,2021,2021-05-03,1610612765,1610612753,,119.0
22000961,2021,2021-05-01,1610612753,1610612763,112.0,
22000953,2021,2021-04-30,1610612763,1610612753,,75.0
22000914,2021,2021-04-25,1610612753,1610612754,112.0,
22000849,2021,2021-04-16,1610612761,1610612753,,102.0
22000816,2021,2021-04-12,1610612753,1610612759,97.0,
22000790,2021,2021-04-09,1610612753,1610612754,106.0,
22000777,2021,2021-04-07,1610612753,1610612764,116.0,
22000752,2021,2021-04-03,1610612762,1610612753,,91.0
22000687,2021,2021-03-26,1610612753,1610612757,105.0,
22000670,2021,2021-03-24,1610612753,1610612756,112.0,
22000583,2021,2021-03-12,1610612759,1610612753,,77.0
22000516,2021,2021-02-27,1610612753,1610612762,109.0,
22000481,2021,2021-02-23,1610612753,1610612765,93.0,
22000467,2021,2021-02-21,1610612753,1610612765,105.0,
22000417,2021,2021-02-14,1610612756,1610612753,,90.0
22000405,2021,2021-02-12,1610612758,1610612753,,123.0
22000380,2021,2021-02-09,1610612757,1610612753,,97.0
22000323,2021,2021-02-02,1610612753,1610612761,108.0,
22000309,2021,2021-01-31,1610612761,1610612753,,102.0
22000273,2021,2021-01-27,1610612753,1610612758,107.0,
22000259,2021,2021-01-25,1610612753,1610612766,117.0,
22000252,2021,2021-01-24,1610612753,1610612766,104.0,
22000231,2021,2021-01-22,1610612754,1610612753,,118.0
22000081,2021,2021-01-02,1610612753,1610612760,99.0,
22000064,2021,2020-12-31,1610612753,1610612755,92.0,
22000052,2021,2020-12-29,1610612760,1610612753,,118.0
22000033,2021,2020-12-27,1610612764,1610612753,,120.0
22000024,2021,2020-12-26,1610612764,1610612753,,130.0
22001079,2021,2021-05-16,1610612761,1610612754,,125.0
22001035,2021,2021-05-11,1610612754,1610612755,103.0,
22001012,2021,2021-05-08,1610612754,1610612764,132.0,
22000993,2021,2021-05-05,1610612754,1610612758,93.0,
22000976,2021,2021-05-03,1610612764,1610612754,,141.0
22000963,2021,2021-05-01,1610612760,1610612754,,152.0
22000929,2021,2021-04-27,1610612754,1610612757,112.0,
22000906,2021,2021-04-24,1610612754,1610612765,115.0,
22000882,2021,2021-04-21,1610612754,1610612760,122.0,
22000473,2021,2021-04-19,1610612754,1610612759,94.0,
22000844,2021,2021-04-16,1610612762,1610612754,,111.0
22000811,2021,2021-04-11,1610612763,1610612754,,132.0
22000751,2021,2021-04-03,1610612759,1610612754,,139.0
22000740,2021,2021-04-02,1610612754,1610612766,97.0,
22000707,2021,2021-03-29,1610612764,1610612754,,124.0
22000667,2021,2021-03-24,1610612754,1610612765,116.0,
22000194,2021,2021-03-13,1610612756,1610612754,,122.0
22000530,2021,2021-03-01,1610612755,1610612754,,114.0
22000391,2021,2021-02-11,1610612765,1610612754,,111.0
22000363,2021,2021-02-07,1610612754,1610612762,95.0,
22000322,2021,2021-02-02,1610612754,1610612763,134.0,
22000307,2021,2021-01-31,1610612754,1610612755,110.0,
22000288,2021,2021-01-29,1610612766,1610612754,,105.0
22000271,2021,2021-01-27,1610612766,1610612754,,116.0
22000258,2021,2021-01-25,1610612754,1610612761,129.0,
22000249,2021,2021-01-24,1610612754,1610612761,102.0,
22000178,2021,2021-01-14,1610612757,1610612754,,111.0
22000156,2021,2021-01-11,1610612758,1610612754,,122.0
22000135,2021,2021-01-09,1610612754,1610612756,117.0,
22001013,2021,2021-05-08,1610612755,1610612765,118.0,
22000973,2021,2021-05-02,1610612759,1610612755,,113.0
22000918,2021,2021-04-26,1610612755,1610612760,121.0,
22000883,2021,2021-04-21,1610612755,1610612756,113.0,
22000199,2021,2021-04-10,1610612760,1610612755,,117.0
22000758,2021,2021-04-04,1610612755,1610612763,100.0,
22000641,2021,2021-03-20,1610612755,1610612758,129.0,
22000595,2021,2021-03-14,1610612755,1610612759,134.0,
22000579,2021,2021-03-12,1610612764,1610612755,,127.0
22000545,2021,2021-03-03,1610612755,1610612762,131.0,
22000484,2021,2021-02-23,1610612761,1610612755,,109.0
22000468,2021,2021-02-21,1610612761,1610612755,,103.0
22000423,2021,2021-02-15,1610612762,1610612755,,123.0
22000406,2021,2021-02-13,1610612756,1610612755,,111.0
22000394,2021,2021-02-11,1610612757,1610612755,,114.0
22000381,2021,2021-02-09,1610612758,1610612755,,119.0
22000337,2021,2021-02-04,1610612755,1610612757,105.0,
22000327,2021,2021-02-03,1610612766,1610612755,,118.0
22000257,2021,2021-01-25,1610612765,1610612755,,104.0
22000243,2021,2021-01-23,1610612765,1610612755,,114.0
22000193,2021,2021-01-16,1610612763,1610612755,,104.0
22000109,2021,2021-01-06,1610612755,1610612764,141.0,
22000094,2021,2021-01-04,1610612755,1610612766,118.0,
22000082,2021,2021-01-02,1610612755,1610612766,127.0,
22000049,2021,2020-12-29,1610612755,1610612761,100.0,
22000013,2021,2020-12-23,1610612755,1610612764,113.0,
22001078,2021,2021-05-16,1610612759,1610612756,,123.0
22001065,2021,2021-05-15,1610612759,1610612756,,140.0
22001053,2021,2021-05-13,1610612756,1610612757,118.0,
22000972,2021,2021-05-02,1610612760,1610612756,,123.0
22000955,2021,2021-04-30,1610612756,1610612762,121.0,
22000860,2021,2021-04-17,1610612756,1610612759,85.0,
22000843,2021,2021-04-15,1610612756,1610612758,122.0,
22000803,2021,2021-04-10,1610612756,1610612764,134.0,
22000783,2021,2021-04-07,1610612756,1610612762,117.0,
22000744,2021,2021-04-02,1610612756,1610612760,140.0,
22000703,2021,2021-03-28,1610612766,1610612756,,101.0
22000684,2021,2021-03-26,1610612761,1610612756,,104.0
22000607,2021,2021-03-15,1610612756,1610612763,122.0,
22000577,2021,2021-03-11,1610612757,1610612756,,127.0
22000496,2021,2021-02-24,1610612756,1610612766,121.0,
22000477,2021,2021-02-22,1610612756,1610612757,132.0,
22000462,2021,2021-02-20,1610612763,1610612756,,128.0
22000349,2021,2021-02-05,1610612756,1610612765,109.0,
22000281,2021,2021-01-27,1610612756,1610612760,97.0,
22000208,2021,2021-01-18,1610612763,1610612756,,104.0
22000152,2021,2021-01-11,1610612764,1610612756,,107.0
22000123,2021,2021-01-08,1610612765,1610612756,,105.0
22000115,2021,2021-01-06,1610612756,1610612761,123.0,
22000068,2021,2020-12-31,1610612762,1610612756,,106.0
22000039,2021,2020-12-27,1610612758,1610612756,,116.0
22000030,2021,2020-12-26,1610612758,1610612756,,103.0
22001045,2021,2021-05-12,1610612762,1610612757,,105.0
22001018,2021,2021-05-08,1610612757,1610612759,124.0,
22000939,2021,2021-04-28,1610612763,1610612757,,130.0
22000240,2021,2021-04-25,1610612757,1610612763,113.0,
22000225,2021,2021-04-23,1610612757,1610612763,128.0,
22000362,2021,2021-04-18,1610612766,1610612757,,101.0
22000853,2021,2021-04-16,1610612759,1610612757,,107.0
22000804,2021,2021-04-10,1610612757,1610612765,118.0,
22000787,2021,2021-04-08,1610612762,1610612757,,103.0
22000753,2021,2021-04-03,1610612757,1610612760,133.0,
22000721,2021,2021-03-31,1610612765,1610612757,,124.0
22000704,2021,2021-03-28,1610612761,1610612757,,122.0
22000558,2021,2021-03-04,1610612757,1610612758,123.0,
22000535,2021,2021-03-01,1610612757,1610612766,123.0,
22000464,2021,2021-02-20,1610612757,1610612764,111.0,
22000432,2021,2021-02-16,1610612760,1610612757,,115.0
22000559,2021,2021-02-02,1610612764,1610612757,,132.0
22000267,2021,2021-01-25,1610612757,1610612760,122.0,
22000207,2021,2021-01-18,1610612757,1610612759,104.0,
22000173,2021,2021-01-13,1610612758,1610612757,,132.0
22000155,2021,2021-01-11,1610612757,1610612761,112.0,
22000140,2021,2021-01-09,1610612758,1610612757,,125.0
22000020,2021,2020-12-23,1610612757,1610612762,100.0,
22001077,2021,2021-05-16,1610612758,1610612762,99.0,
22000263,2021,2021-05-14,1610612763,1610612758,,106.0
22000255,2021,2021-05-13,1610612763,1610612758,,110.0
22001040,2021,2021-05-11,1610612758,1610612760,122.0,
22001025,2021,2021-05-09,1610612758,1610612760,126.0,
22001011,2021,2021-05-07,1610612758,1610612759,104.0,
22000988,2021,2021-05-04,1610612760,1610612758,,103.0
22000942,2021,2021-04-28,1610612758,1610612762,105.0,
22000839,2021,2021-04-14,1610612758,1610612764,111.0,
22000801,2021,2021-04-10,1610612762,1610612758,,112.0
22000789,2021,2021-04-08,1610612758,1610612765,101.0,
22000728,2021,2021-03-31,1610612759,1610612758,,106.0
22000714,2021,2021-03-29,1610612759,1610612758,,132.0
22000619,2021,2021-03-17,1610612764,1610612758,,121.0
22000602,2021,2021-03-15,1610612766,1610612758,,116.0
22000528,2021,2021-02-28,1610612758,1610612766,126.0,
22000504,2021,2021-02-26,1610612765,1610612758,,110.0
22000418,2021,2021-02-14,1610612758,1610612763,110.0,
22000292,2021,2021-01-29,1610612761,1610612758,,126.0
22000132,2021,2021-01-08,1610612758,1610612761,123.0,
22000996,2021,2021-05-05,1610612762,1610612759,,94.0
22000981,2021,2021-05-03,1610612762,1610612759,,99.0
22000919,2021,2021-04-26,1610612764,1610612759,,146.0
22000895,2021,2021-04-22,1610612759,1610612765,106.0,
22000831,2021,2021-04-14,1610612761,1610612759,,112.0
22000655,2021,2021-03-22,1610612759,1610612766,97.0,
22000428,2021,2021-03-15,1610612765,1610612759,,109.0
22000556,2021,2021-03-04,1610612759,1610612760,102.0,
22000495,2021,2021-02-24,1610612760,1610612759,,99.0
22000414,2021,2021-02-14,1610612766,1610612759,,122.0
22000320,2021,2021-02-01,1610612759,1610612763,102.0,
22000304,2021,2021-01-30,1610612759,1610612763,112.0,
22000253,2021,2021-01-24,1610612759,1610612764,121.0,
22000162,2021,2021-01-12,1610612760,1610612759,,112.0
22000089,2021,2021-01-03,1610612759,1610612762,109.0,
22000027,2021,2020-12-26,1610612759,1610612761,119.0,
22000017,2021,2020-12-23,1610612763,1610612759,,131.0
22001056,2021,2021-05-14,1610612760,1610612762,93.0,
22000902,2021,2021-04-23,1610612760,1610612764,109.0,
22000872,2021,2021-04-19,1610612764,1610612760,,107.0
22000865,2021,2021-04-18,1610612761,1610612760,,106.0
22000845,2021,2021-04-16,1610612765,1610612760,,104.0
22000826,2021,2021-04-13,1610612762,1610612760,,96.0
22000781,2021,2021-04-07,1610612760,1610612766,102.0,
22000766,2021,2021-04-05,1610612760,1610612765,108.0,
22000727,2021,2021-03-31,1610612760,1610612761,113.0,
22000674,2021,2021-03-24,1610612760,1610612763,107.0,
22000593,2021,2021-03-14,1610612760,1610612763,128.0,
22000562,2021,2021-02-17,1610612763,1610612760,,113.0
22000043,2021,2020-12-28,1610612760,1610612762,109.0,
22000022,2021,2020-12-26,1610612766,1610612760,,109.0
22001014,2021,2021-05-08,1610612761,1610612763,99.0,
22000997,2021,2021-05-06,1610612761,1610612764,129.0,
22000965,2021,2021-05-01,1610612762,1610612761,,102.0
22000763,2021,2021-04-05,1610612761,1610612764,103.0,
22000711,2021,2021-03-29,1610612765,1610612761,,104.0
22000634,2021,2021-03-19,1610612761,1610612762,112.0,
22000616,2021,2021-03-17,1610612765,1610612761,,112.0
22000588,2021,2021-03-13,1610612766,1610612761,,104.0
22000539,2021,2021-03-03,1610612761,1610612765,105.0,
22000382,2021,2021-02-10,1610612764,1610612761,,137.0
22000369,2021,2021-02-08,1610612763,1610612761,,128.0
22000191,2021,2021-01-16,1610612761,1610612766,116.0,
22000175,2021,2021-01-14,1610612761,1610612766,111.0,
22000820,2021,2021-04-12,1610612762,1610612764,121.0,
22000725,2021,2021-03-31,1610612763,1610612762,,111.0
22000700,2021,2021-03-27,1610612762,1610612763,126.0,
22000691,2021,2021-03-26,1610612762,1610612763,117.0,
22000166,2021,2021-03-18,1610612764,1610612762,,122.0
22000478,2021,2021-02-22,1610612762,1610612766,132.0,
22000342,2021,2021-02-05,1610612766,1610612762,,138.0
22000325,2021,2021-02-02,1610612762,1610612765,117.0,
22000141,2021,2021-01-10,1610612765,1610612762,,96.0
22000999,2021,2021-05-06,1610612765,1610612763,,97.0
22000566,2021,2021-03-10,1610612763,1610612764,127.0,
22000536,2021,2021-03-02,1610612764,1610612763,,125.0
22000452,2021,2021-02-19,1610612763,1610612765,109.0,
22000386,2021,2021-02-10,1610612763,1610612766,130.0,
22000069,2021,2021-01-01,1610612766,1610612763,,108.0
22001080,2021,2021-05-16,1610612764,1610612766,115.0,
22000856,2021,2021-04-17,1610612764,1610612765,121.0,
22000179,2021,2021-04-01,1610612765,1610612764,,91.0
22000718,2021,2021-03-30,1610612764,1610612766,104.0,
22000694,2021,2021-03-27,1610612764,1610612765,106.0,
22000215,2021,2021-02-07,1610612766,1610612764,,97.0
22000984,2021,2021-05-04,1610612765,1610612766,99.0,
22000957,2021,2021-05-01,1610612766,1610612765,,94.0
22000568,2021,2021-03-11,1610612766,1610612765,,102.0
21900969,2020,2020-03-11,1610612737,1610612752,131.0,
21900957,2020,2020-03-09,1610612737,1610612766,143.0,
21900943,2020,2020-03-07,1610612763,1610612737,,101.0
21900930,2020,2020-03-06,1610612764,1610612737,,112.0
21900905,2020,2020-03-02,1610612737,1610612763,88.0,
21900888,2020,2020-02-29,1610612737,1610612757,129.0,
21900878,2020,2020-02-28,1610612737,1610612751,141.0,
21900867,2020,2020-02-26,1610612737,1610612753,120.0,
21900850,2020,2020-02-24,1610612755,1610612737,,112.0
21900837,2020,2020-02-22,1610612737,1610612742,111.0,
21900821,2020,2020-02-20,1610612737,1610612748,129.0,
21900807,2020,2020-02-12,1610612739,1610612737,,105.0
21900795,2020,2020-02-10,1610612753,1610612737,,126.0
21900787,2020,2020-02-09,1610612737,1610612752,140.0,
21900771,2020,2020-02-07,1610612738,1610612737,,107.0
21900759,2020,2020-02-05,1610612750,1610612737,,127.0
21900745,2020,2020-02-03,1610612737,1610612738,115.0,
21900733,2020,2020-02-01,1610612742,1610612737,,100.0
21900716,2020,2020-01-30,1610612737,1610612755,127.0,
21900703,2020,2020-01-28,1610612761,1610612737,,114.0
21900687,2020,2020-01-26,1610612737,1610612764,152.0,
21900677,2020,2020-01-24,1610612760,1610612737,,111.0
21900656,2020,2020-01-22,1610612737,1610612746,102.0,
21900640,2020,2020-01-20,1610612737,1610612761,117.0,
21900629,2020,2020-01-18,1610612737,1610612765,103.0,
21900624,2020,2020-01-17,1610612759,1610612737,,121.0
21900598,2020,2020-01-14,1610612737,1610612756,123.0,
21900586,2020,2020-01-12,1610612751,1610612737,,86.0
21900567,2020,2020-01-10,1610612764,1610612737,,101.0
21900558,2020,2020-01-08,1610612737,1610612745,115.0,
21900543,2020,2020-01-06,1610612737,1610612743,115.0,
21900526,2020,2020-01-04,1610612737,1610612754,116.0,
21900517,2020,2020-01-03,1610612738,1610612737,,106.0
21900491,2020,2019-12-30,1610612753,1610612737,,101.0
21900477,2020,2019-12-28,1610612741,1610612737,,81.0
21900469,2020,2019-12-27,1610612737,1610612749,86.0,
21900444,2020,2019-12-23,1610612739,1610612737,,118.0
21900431,2020,2019-12-21,1610612751,1610612737,,112.0
21900416,2020,2019-12-19,1610612737,1610612762,106.0,
21900403,2020,2019-12-17,1610612752,1610612737,,120.0
21900390,2020,2019-12-15,1610612737,1610612747,96.0,
21900373,2020,2019-12-13,1610612737,1610612754,100.0,
21900361,2020,2019-12-11,1610612741,1610612737,,102.0
21900354,2020,2019-12-10,1610612748,1610612737,,121.0
21900336,2020,2019-12-08,1610612766,1610612737,,122.0
21900309,2020,2019-12-04,1610612737,1610612751,118.0,
21900295,2020,2019-12-02,1610612737,1610612744,104.0,
21900282,2020,2019-11-30,1610612745,1610612737,,111.0
21900272,2020,2019-11-29,1610612754,1610612737,,104.0
21900261,2020,2019-11-27,1610612749,1610612737,,102.0
21900243,2020,2019-11-25,1610612737,1610612750,113.0,
21900228,2020,2019-11-23,1610612737,1610612761,116.0,
21900215,2020,2019-11-22,1610612765,1610612737,,103.0
21900204,2020,2019-11-20,1610612737,1610612749,127.0,
21900188,2020,2019-11-17,1610612747,1610612737,,101.0
21900182,2020,2019-11-16,1610612746,1610612737,,101.0
21900165,2020,2019-11-14,1610612756,1610612737,,112.0
21900150,2020,2019-11-12,1610612743,1610612737,,125.0
21900138,2020,2019-11-10,1610612757,1610612737,,113.0
21900119,2020,2019-11-08,1610612737,1610612758,109.0,
21900105,2020,2019-11-06,1610612737,1610612741,93.0,
21900099,2020,2019-11-05,1610612737,1610612759,108.0,
21900066,2020,2019-10-31,1610612737,1610612748,97.0,
21900052,2020,2019-10-29,1610612748,1610612737,,97.0
21900043,2020,2019-10-28,1610612737,1610612755,103.0,
21900028,2020,2019-10-26,1610612737,1610612753,103.0,
21900014,2020,2019-10-24,1610612765,1610612737,,117.0
21901308,2020,2020-08-13,1610612738,1610612764,90.0,
21901301,2020,2020-08-11,1610612763,1610612738,,122.0
21901288,2020,2020-08-09,1610612738,1610612753,122.0,
21901279,2020,2020-08-07,1610612761,1610612738,,122.0
21901267,2020,2020-08-05,1610612738,1610612751,149.0,
21901260,2020,2020-08-04,1610612748,1610612738,,106.0
21901245,2020,2020-08-02,1610612738,1610612757,128.0,
21901236,2020,2020-07-31,1610612749,1610612738,,112.0
21900960,2020,2020-03-10,1610612754,1610612738,,114.0
21900949,2020,2020-03-08,1610612738,1610612760,104.0,
21900933,2020,2020-03-06,1610612738,1610612762,94.0,
21900917,2020,2020-03-04,1610612739,1610612738,,112.0
21900910,2020,2020-03-03,1610612738,1610612751,120.0,
21900892,2020,2020-02-29,1610612738,1610612745,110.0,
21900872,2020,2020-02-26,1610612762,1610612738,,114.0
21900862,2020,2020-02-25,1610612757,1610612738,,118.0
21900842,2020,2020-02-23,1610612747,1610612738,,112.0
21900830,2020,2020-02-21,1610612750,1610612738,,127.0
21900818,2020,2020-02-13,1610612738,1610612746,141.0,
21900806,2020,2020-02-11,1610612745,1610612738,,105.0
21900786,2020,2020-02-09,1610612760,1610612738,,112.0
21900756,2020,2020-02-05,1610612738,1610612753,116.0,
21900732,2020,2020-02-01,1610612738,1610612755,116.0,
21900717,2020,2020-01-30,1610612738,1610612744,119.0,
21900701,2020,2020-01-28,1610612748,1610612738,,109.0
21900691,2020,2020-01-26,1610612740,1610612738,,108.0
21900671,2020,2020-01-24,1610612753,1610612738,,109.0
21900657,2020,2020-01-22,1610612738,1610612763,119.0,
21900648,2020,2020-01-20,1610612738,1610612747,139.0,
21900628,2020,2020-01-18,1610612738,1610612756,119.0,
21900615,2020,2020-01-16,1610612749,1610612738,,123.0
21900604,2020,2020-01-15,1610612738,1610612765,103.0,
21900593,2020,2020-01-13,1610612738,1610612741,113.0,
21900578,2020,2020-01-11,1610612738,1610612740,140.0,
21900564,2020,2020-01-09,1610612755,1610612738,,98.0
21900554,2020,2020-01-08,1610612738,1610612759,114.0,
21900542,2020,2020-01-06,1610612764,1610612738,,94.0
21900529,2020,2020-01-04,1610612741,1610612738,,111.0
21900497,2020,2019-12-31,1610612766,1610612738,,109.0
21900473,2020,2019-12-28,1610612738,1610612761,97.0,
21900466,2020,2019-12-27,1610612738,1610612739,129.0,
21900455,2020,2019-12-25,1610612761,1610612738,,118.0
21900440,2020,2019-12-22,1610612738,1610612766,119.0,
21900422,2020,2019-12-20,1610612738,1610612765,114.0,
21900413,2020,2019-12-18,1610612742,1610612738,,109.0
21900367,2020,2019-12-12,1610612738,1610612755,109.0,
21900357,2020,2019-12-11,1610612754,1610612738,,117.0
21900344,2020,2019-12-09,1610612738,1610612739,110.0,
21900323,2020,2019-12-06,1610612738,1610612743,108.0,
21900310,2020,2019-12-04,1610612738,1610612748,112.0,
21900285,2020,2019-12-01,1610612752,1610612738,,113.0
21900267,2020,2019-11-29,1610612751,1610612738,,107.0
21900253,2020,2019-11-27,1610612738,1610612751,121.0,
21900244,2020,2019-11-25,1610612738,1610612758,103.0,
21900222,2020,2019-11-22,1610612743,1610612738,,92.0
21900212,2020,2019-11-20,1610612746,1610612738,,104.0
21900195,2020,2019-11-18,1610612756,1610612738,,99.0
21900184,2020,2019-11-17,1610612758,1610612738,,99.0
21900173,2020,2019-11-15,1610612744,1610612738,,105.0
21900156,2020,2019-11-13,1610612738,1610612764,140.0,
21900141,2020,2019-11-11,1610612738,1610612742,116.0,
21900127,2020,2019-11-09,1610612759,1610612738,,135.0
21900112,2020,2019-11-07,1610612766,1610612738,,108.0
21900098,2020,2019-11-05,1610612739,1610612738,,119.0
21900072,2020,2019-11-01,1610612738,1610612752,104.0,
21900058,2020,2019-10-30,1610612738,1610612749,116.0,
21900029,2020,2019-10-26,1610612752,1610612738,,118.0
21900017,2020,2019-10-25,1610612738,1610612761,112.0,
21900008,2020,2019-10-23,1610612755,1610612738,,93.0
21900962,2020,2020-03-10,1610612741,1610612739,,103.0
21900954,2020,2020-03-08,1610612739,1610612759,132.0,
21900942,2020,2020-03-07,1610612739,1610612743,104.0,
21900902,2020,2020-03-02,1610612739,1610612762,113.0,
21900890,2020,2020-02-29,1610612739,1610612754,104.0,
21900883,2020,2020-02-28,1610612740,1610612739,,104.0
21900865,2020,2020-02-26,1610612739,1610612755,108.0,
21900849,2020,2020-02-24,1610612739,1610612748,125.0,
21900838,2020,2020-02-22,1610612748,1610612739,,105.0
21900827,2020,2020-02-21,1610612764,1610612739,,113.0
21900791,2020,2020-02-09,1610612739,1610612746,92.0,
21900760,2020,2020-02-05,1610612760,1610612739,,103.0
21900742,2020,2020-02-03,1610612739,1610612752,134.0,
21900730,2020,2020-02-01,1610612739,1610612744,112.0,
21900714,2020,2020-01-30,1610612739,1610612761,109.0,
21900700,2020,2020-01-28,1610612739,1610612740,111.0,
21900693,2020,2020-01-27,1610612765,1610612739,,115.0
21900682,2020,2020-01-25,1610612739,1610612741,106.0,
21900666,2020,2020-01-23,1610612739,1610612764,112.0,
21900643,2020,2020-01-20,1610612739,1610612752,86.0,
21900631,2020,2020-01-18,1610612741,1610612739,,116.0
21900622,2020,2020-01-17,1610612763,1610612739,,109.0
21900603,2020,2020-01-14,1610612746,1610612739,,103.0
21900597,2020,2020-01-13,1610612747,1610612739,,99.0
21900582,2020,2020-01-11,1610612743,1610612739,,111.0
21900563,2020,2020-01-09,1610612765,1610612739,,115.0
21900548,2020,2020-01-07,1610612739,1610612765,113.0,
21900536,2020,2020-01-05,1610612739,1610612750,103.0,
21900527,2020,2020-01-04,1610612739,1610612760,106.0,
21900508,2020,2020-01-02,1610612739,1610612766,106.0,
21900500,2020,2019-12-31,1610612761,1610612739,,97.0
21900479,2020,2019-12-28,1610612750,1610612739,,94.0
21900420,2020,2019-12-20,1610612739,1610612763,114.0,
21900407,2020,2019-12-18,1610612739,1610612766,100.0,
21900395,2020,2019-12-16,1610612761,1610612739,,113.0
21900385,2020,2019-12-14,1610612749,1610612739,,108.0
21900368,2020,2019-12-12,1610612759,1610612739,,117.0
21900356,2020,2019-12-11,1610612739,1610612745,110.0,
21900332,2020,2019-12-07,1610612755,1610612739,,94.0
21900321,2020,2019-12-06,1610612739,1610612753,87.0,
21900299,2020,2019-12-03,1610612739,1610612765,94.0,
21900270,2020,2019-11-29,1610612739,1610612749,110.0,
21900255,2020,2019-11-27,1610612739,1610612753,104.0,
21900240,2020,2019-11-25,1610612739,1610612751,106.0,
21900231,2020,2019-11-23,1610612739,1610612757,110.0,
21900221,2020,2019-11-22,1610612742,1610612739,,101.0
21900206,2020,2019-11-20,1610612748,1610612739,,100.0
21900189,2020,2019-11-18,1610612752,1610612739,,105.0
21900183,2020,2019-11-17,1610612739,1610612755,95.0,
21900161,2020,2019-11-14,1610612739,1610612748,97.0,
21900147,2020,2019-11-12,1610612755,1610612739,,97.0
21900136,2020,2019-11-10,1610612752,1610612739,,108.0
21900118,2020,2019-11-08,1610612764,1610612739,,113.0
21900089,2020,2019-11-03,1610612739,1610612742,111.0,
21900070,2020,2019-11-01,1610612754,1610612739,,95.0
21900055,2020,2019-10-30,1610612739,1610612741,117.0,
21900046,2020,2019-10-28,1610612749,1610612739,,112.0
21900030,2020,2019-10-26,1610612739,1610612754,110.0,
21900005,2020,2019-10-23,1610612753,1610612739,,85.0
21901312,2020,2020-08-13,1610612753,1610612740,,127.0
21901302,2020,2020-08-11,1610612758,1610612740,,106.0
21901287,2020,2020-08-09,1610612740,1610612759,113.0,
21901278,2020,2020-08-07,1610612740,1610612764,118.0,
21901268,2020,2020-08-06,1610612758,1610612740,,125.0
21901253,2020,2020-08-03,1610612740,1610612763,109.0,
21901241,2020,2020-08-01,1610612746,1610612740,,103.0
21901231,2020,2020-07-30,1610612740,1610612762,104.0,
21900947,2020,2020-03-08,1610612750,1610612740,,120.0
21900936,2020,2020-03-06,1610612740,1610612748,110.0,
21900923,2020,2020-03-04,1610612742,1610612740,,123.0
21900911,2020,2020-03-03,1610612740,1610612750,134.0,
21900900,2020,2020-03-01,1610612740,1610612747,114.0,
21900861,2020,2020-02-25,1610612747,1610612740,,109.0
21900847,2020,2020-02-23,1610612744,1610612740,,115.0
21900834,2020,2020-02-21,1610612757,1610612740,,128.0
21900819,2020,2020-02-13,1610612740,1610612760,118.0,
21900804,2020,2020-02-11,1610612740,1610612757,138.0,
21900780,2020,2020-02-08,1610612754,1610612740,,124.0
21900765,2020,2020-02-06,1610612741,1610612740,,125.0
21900751,2020,2020-02-04,1610612740,1610612749,108.0,
21900738,2020,2020-02-02,1610612745,1610612740,,109.0
21900723,2020,2020-01-31,1610612740,1610612763,139.0,
21900676,2020,2020-01-24,1610612740,1610612743,106.0,
21900663,2020,2020-01-22,1610612740,1610612759,117.0,
21900646,2020,2020-01-20,1610612763,1610612740,,126.0
21900626,2020,2020-01-18,1610612740,1610612746,130.0,
21900616,2020,2020-01-16,1610612740,1610612762,138.0,
21900591,2020,2020-01-13,1610612765,1610612740,,117.0
21900569,2020,2020-01-10,1610612752,1610612740,,123.0
21900560,2020,2020-01-08,1610612740,1610612741,123.0,
21900544,2020,2020-01-06,1610612740,1610612762,126.0,
21900533,2020,2020-01-04,1610612758,1610612740,,117.0
21900522,2020,2020-01-03,1610612747,1610612740,,113.0
21900488,2020,2019-12-29,1610612740,1610612745,127.0,
21900474,2020,2019-12-28,1610612740,1610612754,120.0,
21900459,2020,2019-12-25,1610612743,1610612740,,112.0
21900452,2020,2019-12-23,1610612757,1610612740,,102.0
21900429,2020,2019-12-20,1610612744,1610612740,,102.0
21900411,2020,2019-12-18,1610612750,1610612740,,107.0
21900404,2020,2019-12-17,1610612740,1610612751,101.0,
21900388,2020,2019-12-15,1610612740,1610612753,119.0,
21900372,2020,2019-12-13,1610612755,1610612740,,109.0
21900364,2020,2019-12-11,1610612749,1610612740,,112.0
21900348,2020,2019-12-09,1610612740,1610612765,103.0,
21900330,2020,2019-12-07,1610612742,1610612740,,84.0
21900319,2020,2019-12-05,1610612740,1610612756,132.0,
21900302,2020,2019-12-03,1610612740,1610612742,97.0,
21900289,2020,2019-12-01,1610612740,1610612760,104.0,
21900275,2020,2019-11-29,1610612760,1610612740,,104.0
21900264,2020,2019-11-27,1610612740,1610612747,110.0,
21900239,2020,2019-11-24,1610612746,1610612740,,109.0
21900234,2020,2019-11-23,1610612762,1610612740,,120.0
21900214,2020,2019-11-21,1610612756,1610612740,,124.0
21900199,2020,2019-11-19,1610612740,1610612757,115.0,
21900187,2020,2019-11-17,1610612740,1610612744,108.0,
21900178,2020,2019-11-16,1610612748,1610612740,,94.0
21900164,2020,2019-11-14,1610612740,1610612746,132.0,
21900142,2020,2019-11-11,1610612740,1610612745,116.0,
21900128,2020,2019-11-09,1610612766,1610612740,,115.0
21900121,2020,2019-11-08,1610612740,1610612761,104.0,
21900092,2020,2019-11-04,1610612751,1610612740,,125.0
21900077,2020,2019-11-02,1610612760,1610612740,,104.0
21900067,2020,2019-10-31,1610612740,1610612743,122.0,
21900047,2020,2019-10-28,1610612740,1610612744,123.0,
21900032,2020,2019-10-26,1610612745,1610612740,,123.0
21900021,2020,2019-10-25,1610612740,1610612742,116.0,
21900001,2020,2019-10-22,1610612761,1610612740,,122.0
21900946,2020,2020-03-08,1610612751,1610612741,,107.0
21900934,2020,2020-03-06,1610612741,1610612754,102.0,
21900922,2020,2020-03-04,1610612750,1610612741,,108.0
21900907,2020,2020-03-02,1610612741,1610612742,109.0,
21900887,2020,2020-02-29,1610612752,1610612741,,115.0
21900859,2020,2020-02-25,1610612741,1610612760,122.0,
21900845,2020,2020-02-23,1610612741,1610612764,126.0,
21900839,2020,2020-02-22,1610612741,1610612756,104.0,
21900823,2020,2020-02-20,1610612741,1610612766,93.0,
21900803,2020,2020-02-11,1610612764,1610612741,,114.0
21900788,2020,2020-02-09,1610612755,1610612741,,111.0
21900740,2020,2020-02-02,1610612761,1610612741,,102.0
21900721,2020,2020-01-31,1610612751,1610612741,,118.0
21900708,2020,2020-01-29,1610612754,1610612741,,106.0
21900695,2020,2020-01-27,1610612741,1610612759,110.0,
21900674,2020,2020-01-24,1610612741,1610612758,81.0,
21900661,2020,2020-01-22,1610612741,1610612750,117.0,
21900647,2020,2020-01-20,1610612749,1610612741,,98.0
21900620,2020,2020-01-17,1610612755,1610612741,,89.0
21900607,2020,2020-01-15,1610612741,1610612764,115.0,
21900579,2020,2020-01-11,1610612765,1610612741,,108.0
21900570,2020,2020-01-10,1610612741,1610612754,105.0,
21900545,2020,2020-01-06,1610612742,1610612741,,110.0
21900511,2020,2020-01-02,1610612741,1610612762,98.0,
21900493,2020,2019-12-30,1610612741,1610612749,102.0,
21900448,2020,2019-12-23,1610612753,1610612741,,95.0
21900432,2020,2019-12-21,1610612765,1610612741,,119.0
21900409,2020,2019-12-18,1610612764,1610612741,,110.0
21900399,2020,2019-12-16,1610612760,1610612741,,106.0
21900382,2020,2019-12-14,1610612741,1610612746,109.0,
21900375,2020,2019-12-13,1610612741,1610612766,73.0,
21900345,2020,2019-12-09,1610612741,1610612761,92.0,
21900337,2020,2019-12-08,1610612748,1610612741,,105.0
21900325,2020,2019-12-06,1610612741,1610612744,98.0,
21900311,2020,2019-12-04,1610612741,1610612763,106.0,
21900298,2020,2019-12-02,1610612758,1610612741,,113.0
21900278,2020,2019-11-29,1610612757,1610612741,,103.0
21900266,2020,2019-11-27,1610612744,1610612741,,90.0
21900247,2020,2019-11-25,1610612741,1610612757,94.0,
21900226,2020,2019-11-23,1610612766,1610612741,,116.0
21900219,2020,2019-11-22,1610612741,1610612748,108.0,
21900209,2020,2019-11-20,1610612741,1610612765,109.0,
21900192,2020,2019-11-18,1610612741,1610612749,101.0,
21900175,2020,2019-11-16,1610612741,1610612751,111.0,
21900163,2020,2019-11-14,1610612749,1610612741,,115.0
21900149,2020,2019-11-12,1610612741,1610612752,120.0,
21900129,2020,2019-11-09,1610612741,1610612745,94.0,
21900100,2020,2019-11-05,1610612741,1610612747,112.0,
21900085,2020,2019-11-03,1610612754,1610612741,,95.0
21900073,2020,2019-11-01,1610612741,1610612765,112.0,
21900042,2020,2019-10-28,1610612752,1610612741,,98.0
21900031,2020,2019-10-26,1610612741,1610612761,84.0,
21900020,2020,2019-10-25,1610612763,1610612741,,110.0
21900003,2020,2019-10-23,1610612766,1610612741,,125.0
21901313,2020,2020-08-13,1610612756,1610612742,,102.0
21901300,2020,2020-08-11,1610612742,1610612757,131.0,
21901293,2020,2020-08-10,1610612762,1610612742,,122.0
21901284,2020,2020-08-08,1610612742,1610612749,136.0,
21901271,2020,2020-08-06,1610612742,1610612746,111.0,
21901257,2020,2020-08-04,1610612758,1610612742,,114.0
21901249,2020,2020-08-02,1610612756,1610612742,,115.0
21901238,2020,2020-07-31,1610612742,1610612745,149.0,
21900973,2020,2020-03-11,1610612742,1610612743,113.0,
21900965,2020,2020-03-10,1610612759,1610612742,,109.0
21900952,2020,2020-03-08,1610612742,1610612754,109.0,
21900937,2020,2020-03-06,1610612742,1610612763,121.0,
21900896,2020,2020-03-01,1610612750,1610612742,,111.0
21900880,2020,2020-02-28,1610612748,1610612742,,118.0
21900869,2020,2020-02-26,1610612759,1610612742,,109.0
21900854,2020,2020-02-24,1610612742,1610612750,139.0,
21900826,2020,2020-02-21,1610612753,1610612742,,122.0
21900814,2020,2020-02-12,1610612742,1610612758,130.0,
21900798,2020,2020-02-10,1610612742,1610612762,119.0,
21900778,2020,2020-02-08,1610612766,1610612742,,116.0
21900770,2020,2020-02-07,1610612764,1610612742,,118.0
21900761,2020,2020-02-05,1610612742,1610612763,107.0,
21900743,2020,2020-02-03,1610612754,1610612742,,112.0
21900722,2020,2020-01-31,1610612745,1610612742,,121.0
21900706,2020,2020-01-28,1610612742,1610612756,104.0,
21900697,2020,2020-01-27,1610612760,1610612742,,107.0
21900680,2020,2020-01-25,1610612762,1610612742,,107.0
21900668,2020,2020-01-23,1610612757,1610612742,,133.0
21900653,2020,2020-01-21,1610612742,1610612746,107.0,
21900625,2020,2020-01-17,1610612742,1610612757,120.0,
21900612,2020,2020-01-15,1610612758,1610612742,,127.0
21900602,2020,2020-01-14,1610612744,1610612742,,124.0
21900581,2020,2020-01-11,1610612742,1610612755,109.0,
21900572,2020,2020-01-10,1610612742,1610612747,114.0,
21900559,2020,2020-01-08,1610612742,1610612743,106.0,
21900530,2020,2020-01-04,1610612742,1610612766,120.0,
21900513,2020,2020-01-02,1610612742,1610612751,123.0,
21900503,2020,2019-12-31,1610612760,1610612742,,101.0
21900490,2020,2019-12-29,1610612747,1610612742,,95.0
21900482,2020,2019-12-28,1610612744,1610612742,,141.0
21900463,2020,2019-12-26,1610612742,1610612759,102.0,
21900439,2020,2019-12-22,1610612761,1610612742,,107.0
21900425,2020,2019-12-20,1610612755,1610612742,,117.0
21900398,2020,2019-12-16,1610612749,1610612742,,120.0
21900384,2020,2019-12-14,1610612742,1610612748,118.0,
21900369,2020,2019-12-12,1610612765,1610612742,,122.0
21900340,2020,2019-12-08,1610612742,1610612758,106.0,
21900313,2020,2019-12-04,1610612742,1610612750,121.0,
21900287,2020,2019-12-01,1610612747,1610612742,,114.0
21900277,2020,2019-11-29,1610612756,1610612742,,120.0
21900251,2020,2019-11-26,1610612742,1610612746,99.0,
21900235,2020,2019-11-24,1610612745,1610612742,,137.0
21900208,2020,2019-11-20,1610612742,1610612744,142.0,
21900194,2020,2019-11-18,1610612742,1610612759,117.0,
21900180,2020,2019-11-16,1610612742,1610612761,110.0,
21900162,2020,2019-11-14,1610612752,1610612742,,103.0
21900130,2020,2019-11-09,1610612763,1610612742,,138.0
21900122,2020,2019-11-08,1610612742,1610612752,102.0,
21900109,2020,2019-11-06,1610612742,1610612753,107.0,
21900074,2020,2019-11-01,1610612742,1610612747,110.0,
21900053,2020,2019-10-29,1610612743,1610612742,,109.0
21900038,2020,2019-10-27,1610612742,1610612757,119.0,
21900009,2020,2019-10-23,1610612742,1610612764,108.0,
21901318,2020,2020-08-14,1610612761,1610612743,,109.0
21901307,2020,2020-08-12,1610612743,1610612746,111.0,
21901296,2020,2020-08-10,1610612747,1610612743,,121.0
21901281,2020,2020-08-08,1610612743,1610612762,134.0,
21901272,2020,2020-08-06,1610612743,1610612757,115.0,
21901264,2020,2020-08-05,1610612759,1610612743,,132.0
21901251,2020,2020-08-03,1610612760,1610612743,,121.0
21901239,2020,2020-08-01,1610612743,1610612748,105.0,
21900958,2020,2020-03-09,1610612743,1610612749,109.0,
21900926,2020,2020-03-05,1610612766,1610612743,,114.0
21900913,2020,2020-03-03,1610612743,1610612744,100.0,
21900898,2020,2020-03-01,1610612743,1610612761,133.0,
21900886,2020,2020-02-28,1610612746,1610612743,,103.0
21900860,2020,2020-02-25,1610612743,1610612765,115.0,
21900844,2020,2020-02-23,1610612743,1610612750,128.0,
21900831,2020,2020-02-21,1610612760,1610612743,,101.0
21900817,2020,2020-02-12,1610612743,1610612747,116.0,
21900799,2020,2020-02-10,1610612743,1610612759,127.0,
21900784,2020,2020-02-08,1610612756,1610612743,,117.0
21900762,2020,2020-02-05,1610612762,1610612743,,98.0
21900753,2020,2020-02-04,1610612743,1610612757,127.0,
21900737,2020,2020-02-02,1610612765,1610612743,,123.0
21900724,2020,2020-01-31,1610612749,1610612743,,127.0
21900718,2020,2020-01-30,1610612743,1610612762,106.0,
21900704,2020,2020-01-28,1610612763,1610612743,,96.0
21900685,2020,2020-01-26,1610612743,1610612745,117.0,
21900662,2020,2020-01-22,1610612745,1610612743,,105.0
21900649,2020,2020-01-20,1610612750,1610612743,,107.0
21900638,2020,2020-01-19,1610612743,1610612754,107.0,
21900617,2020,2020-01-16,1610612744,1610612743,,134.0
21900610,2020,2020-01-15,1610612743,1610612766,100.0,
21900589,2020,2020-01-12,1610612743,1610612746,114.0,
21900528,2020,2020-01-04,1610612764,1610612743,,114.0
21900509,2020,2020-01-02,1610612754,1610612743,,124.0
21900501,2020,2019-12-31,1610612745,1610612743,,104.0
21900489,2020,2019-12-29,1610612743,1610612758,120.0,
21900472,2020,2019-12-28,1610612743,1610612763,119.0,
21900451,2020,2019-12-23,1610612756,1610612743,,113.0
21900443,2020,2019-12-22,1610612747,1610612743,,128.0
21900427,2020,2019-12-20,1610612743,1610612750,109.0,
21900414,2020,2019-12-18,1610612743,1610612753,113.0,
21900392,2020,2019-12-15,1610612743,1610612752,111.0,
21900387,2020,2019-12-14,1610612743,1610612760,110.0,
21900370,2020,2019-12-12,1610612743,1610612757,114.0,
21900353,2020,2019-12-10,1610612755,1610612743,,92.0
21900335,2020,2019-12-08,1610612751,1610612743,,102.0
21900317,2020,2019-12-05,1610612752,1610612743,,129.0
21900304,2020,2019-12-03,1610612743,1610612747,96.0,
21900280,2020,2019-11-30,1610612758,1610612743,,97.0
21900252,2020,2019-11-26,1610612743,1610612764,117.0,
21900238,2020,2019-11-24,1610612743,1610612756,116.0,
21900211,2020,2019-11-20,1610612743,1610612745,105.0,
21900186,2020,2019-11-17,1610612763,1610612743,,131.0
21900166,2020,2019-11-14,1610612743,1610612751,101.0,
21900132,2020,2019-11-10,1610612750,1610612743,,100.0
21900123,2020,2019-11-08,1610612743,1610612755,100.0,
21900102,2020,2019-11-05,1610612743,1610612748,109.0,
21900079,2020,2019-11-02,1610612753,1610612743,,91.0
21900050,2020,2019-10-28,1610612758,1610612743,,101.0
21900023,2020,2019-10-25,1610612743,1610612756,108.0,
21900013,2020,2019-10-23,1610612757,1610612743,,108.0
21900967,2020,2020-03-10,1610612744,1610612746,107.0,
21900944,2020,2020-03-07,1610612744,1610612755,118.0,
21900929,2020,2020-03-05,1610612744,1610612761,113.0,
21900901,2020,2020-03-01,1610612744,1610612764,110.0,
21900894,2020,2020-02-29,1610612756,1610612744,,115.0
21900876,2020,2020-02-27,1610612744,1610612747,86.0,
21900863,2020,2020-02-25,1610612744,1610612758,94.0,
21900825,2020,2020-02-20,1610612744,1610612745,105.0,
21900815,2020,2020-02-12,1610612756,1610612744,,106.0
21900800,2020,2020-02-10,1610612744,1610612748,101.0,
21900783,2020,2020-02-08,1610612744,1610612747,120.0,
21900757,2020,2020-02-05,1610612751,1610612744,,88.0
21900744,2020,2020-02-03,1610612764,1610612744,,125.0
21900702,2020,2020-01-28,1610612755,1610612744,,104.0
21900679,2020,2020-01-24,1610612744,1610612754,118.0,
21900665,2020,2020-01-22,1610612744,1610612762,96.0,
21900652,2020,2020-01-20,1610612757,1610612744,,124.0
21900634,2020,2020-01-18,1610612744,1610612753,109.0,
21900588,2020,2020-01-12,1610612763,1610612744,,102.0
21900576,2020,2020-01-10,1610612746,1610612744,,100.0
21900562,2020,2020-01-08,1610612744,1610612749,98.0,
21900547,2020,2020-01-06,1610612758,1610612744,,98.0
21900532,2020,2020-01-04,1610612744,1610612765,104.0,
21900512,2020,2020-01-02,1610612750,1610612744,,84.0
21900502,2020,2019-12-31,1610612759,1610612744,,113.0
21900471,2020,2019-12-27,1610612744,1610612756,105.0,
21900457,2020,2019-12-25,1610612744,1610612745,116.0,
21900454,2020,2019-12-23,1610612744,1610612750,113.0,
21900415,2020,2019-12-18,1610612757,1610612744,,112.0
21900393,2020,2019-12-15,1610612744,1610612758,79.0,
21900379,2020,2019-12-13,1610612762,1610612744,,106.0
21900366,2020,2019-12-11,1610612744,1610612752,122.0,
21900351,2020,2019-12-09,1610612744,1610612763,102.0,
21900306,2020,2019-12-04,1610612766,1610612744,,91.0
21900290,2020,2019-12-01,1610612753,1610612744,,96.0
21900273,2020,2019-11-29,1610612748,1610612744,,105.0
21900250,2020,2019-11-25,1610612744,1610612760,97.0,
21900223,2020,2019-11-22,1610612762,1610612744,,109.0
21900198,2020,2019-11-19,1610612763,1610612744,,114.0
21900159,2020,2019-11-13,1610612747,1610612744,,94.0
21900144,2020,2019-11-11,1610612744,1610612762,108.0,
21900131,2020,2019-11-09,1610612760,1610612744,,108.0
21900120,2020,2019-11-08,1610612750,1610612744,,119.0
21900107,2020,2019-11-06,1610612745,1610612744,,112.0
21900096,2020,2019-11-04,1610612744,1610612757,127.0,
21900083,2020,2019-11-02,1610612744,1610612766,87.0,
21900076,2020,2019-11-01,1610612744,1610612759,110.0,
21900065,2020,2019-10-30,1610612744,1610612756,110.0,
21900036,2020,2019-10-27,1610612760,1610612744,,92.0
21900016,2020,2019-10-24,1610612744,1610612746,122.0,
21901315,2020,2020-08-14,1610612745,1610612755,96.0,
21901304,2020,2020-08-12,1610612745,1610612754,104.0,
21901298,2020,2020-08-11,1610612759,1610612745,,105.0
21901290,2020,2020-08-09,1610612758,1610612745,,129.0
21901273,2020,2020-08-06,1610612745,1610612747,113.0,
21901261,2020,2020-08-04,1610612757,1610612745,,102.0
21901248,2020,2020-08-02,1610612745,1610612749,120.0,
21900963,2020,2020-03-10,1610612745,1610612750,117.0,
21900953,2020,2020-03-08,1610612745,1610612753,106.0,
21900940,2020,2020-03-07,1610612766,1610612745,,99.0
21900927,2020,2020-03-05,1610612745,1610612746,105.0,
21900903,2020,2020-03-02,1610612752,1610612745,,123.0
21900870,2020,2020-02-26,1610612745,1610612763,140.0,
21900853,2020,2020-02-24,1610612745,1610612752,123.0,
21900841,2020,2020-02-22,1610612762,1610612745,,120.0
21900790,2020,2020-02-09,1610612745,1610612762,113.0,
21900774,2020,2020-02-07,1610612756,1610612745,,91.0
21900768,2020,2020-02-06,1610612747,1610612745,,121.0
21900752,2020,2020-02-04,1610612745,1610612766,125.0,
21900712,2020,2020-01-29,1610612757,1610612745,,112.0
21900698,2020,2020-01-27,1610612762,1610612745,,126.0
21900675,2020,2020-01-24,1610612750,1610612745,,131.0
21900645,2020,2020-01-20,1610612745,1610612760,107.0,
21900633,2020,2020-01-18,1610612745,1610612747,115.0,
21900611,2020,2020-01-15,1610612745,1610612757,107.0,
21900600,2020,2020-01-14,1610612763,1610612745,,110.0
21900577,2020,2020-01-11,1610612745,1610612750,139.0,
21900566,2020,2020-01-09,1610612760,1610612745,,92.0
21900520,2020,2020-01-03,1610612745,1610612755,118.0,
21900478,2020,2019-12-28,1610612745,1610612751,108.0,
21900453,2020,2019-12-23,1610612758,1610612745,,113.0
21900437,2020,2019-12-21,1610612756,1610612745,,139.0
21900419,2020,2019-12-19,1610612746,1610612745,,122.0
21900396,2020,2019-12-16,1610612745,1610612759,109.0,
21900386,2020,2019-12-14,1610612745,1610612765,107.0,
21900371,2020,2019-12-13,1610612753,1610612745,,130.0
21900346,2020,2019-12-09,1610612745,1610612758,118.0,
21900333,2020,2019-12-07,1610612745,1610612756,115.0,
21900318,2020,2019-12-05,1610612761,1610612745,,119.0
21900303,2020,2019-12-03,1610612759,1610612745,,133.0
21900259,2020,2019-11-27,1610612745,1610612748,117.0,
21900224,2020,2019-11-22,1610612746,1610612745,,119.0
21900193,2020,2019-11-18,1610612745,1610612757,132.0,
21900179,2020,2019-11-16,1610612750,1610612745,,125.0
21900169,2020,2019-11-15,1610612745,1610612754,111.0,
21900157,2020,2019-11-13,1610612745,1610612746,102.0,
21900093,2020,2019-11-04,1610612763,1610612745,,107.0
21900086,2020,2019-11-03,1610612748,1610612745,,100.0
21900069,2020,2019-11-01,1610612751,1610612745,,116.0
21900061,2020,2019-10-30,1610612764,1610612745,,159.0
21900045,2020,2019-10-28,1610612745,1610612760,116.0,
21900015,2020,2019-10-24,1610612745,1610612749,111.0,
21901317,2020,2020-08-14,1610612746,1610612760,107.0,
21901291,2020,2020-08-09,1610612746,1610612751,120.0,
21901280,2020,2020-08-08,1610612757,1610612746,,122.0
21901258,2020,2020-08-04,1610612746,1610612756,115.0,
21901232,2020,2020-07-30,1610612747,1610612746,,101.0
21900948,2020,2020-03-08,1610612746,1610612747,103.0,
21900912,2020,2020-03-03,1610612760,1610612746,,109.0
21900897,2020,2020-03-01,1610612746,1610612755,136.0,
21900871,2020,2020-02-26,1610612756,1610612746,,102.0
21900856,2020,2020-02-24,1610612746,1610612763,124.0,
21900835,2020,2020-02-22,1610612746,1610612758,103.0,
21900802,2020,2020-02-11,1610612755,1610612746,,103.0
21900782,2020,2020-02-08,1610612750,1610612746,,115.0
21900763,2020,2020-02-05,1610612746,1610612748,128.0,
21900750,2020,2020-02-03,1610612746,1610612759,108.0,
21900727,2020,2020-02-01,1610612746,1610612750,118.0,
21900719,2020,2020-01-30,1610612746,1610612758,103.0,
21900689,2020,2020-01-26,1610612753,1610612746,,112.0
21900673,2020,2020-01-24,1610612748,1610612746,,122.0
21900618,2020,2020-01-16,1610612746,1610612753,122.0,
21900534,2020,2020-01-05,1610612746,1610612752,135.0,
21900523,2020,2020-01-04,1610612746,1610612763,114.0,
21900516,2020,2020-01-02,1610612746,1610612765,126.0,
21900499,2020,2019-12-31,1610612758,1610612746,,105.0
21900485,2020,2019-12-28,1610612746,1610612762,107.0,
21900458,2020,2019-12-25,1610612747,1610612746,,111.0
21900442,2020,2019-12-22,1610612760,1610612746,,112.0
21900436,2020,2019-12-21,1610612759,1610612746,,134.0
21900406,2020,2019-12-17,1610612746,1610612756,120.0,
21900377,2020,2019-12-13,1610612750,1610612746,,124.0
21900359,2020,2019-12-11,1610612761,1610612746,,112.0
21900343,2020,2019-12-09,1610612754,1610612746,,110.0
21900339,2020,2019-12-08,1610612764,1610612746,,135.0
21900327,2020,2019-12-06,1610612749,1610612746,,91.0
21900305,2020,2019-12-03,1610612746,1610612757,117.0,
21900292,2020,2019-12-01,1610612746,1610612764,150.0,
21900276,2020,2019-11-29,1610612759,1610612746,,97.0
21900260,2020,2019-11-27,1610612763,1610612746,,121.0
21900197,2020,2019-11-18,1610612746,1610612760,90.0,
21900145,2020,2019-11-11,1610612746,1610612761,98.0,
21900115,2020,2019-11-07,1610612746,1610612757,107.0,
21900111,2020,2019-11-06,1610612746,1610612749,124.0,
21900090,2020,2019-11-03,1610612746,1610612762,105.0,
21900068,2020,2019-10-31,1610612746,1610612759,103.0,
21900063,2020,2019-10-30,1610612762,1610612746,,96.0
21900051,2020,2019-10-28,1610612746,1610612766,111.0,
21900035,2020,2019-10-26,1610612756,1610612746,,122.0
21900002,2020,2019-10-22,1610612746,1610612747,112.0,
21901310,2020,2020-08-13,1610612747,1610612758,122.0,
21901282,2020,2020-08-08,1610612754,1610612747,,111.0
21901265,2020,2020-08-05,1610612747,1610612760,86.0,
21901255,2020,2020-08-03,1610612762,1610612747,,116.0
21901243,2020,2020-08-01,1610612761,1610612747,,92.0
21900968,2020,2020-03-10,1610612747,1610612751,102.0,
21900939,2020,2020-03-06,1610612747,1610612749,113.0,
21900915,2020,2020-03-03,1610612747,1610612755,120.0,
21900891,2020,2020-02-29,1610612763,1610612747,,88.0
21900833,2020,2020-02-21,1610612747,1610612763,117.0,
21900801,2020,2020-02-10,1610612747,1610612756,125.0,
21900754,2020,2020-02-04,1610612747,1610612759,129.0,
21900736,2020,2020-02-01,1610612758,1610612747,,129.0
21900726,2020,2020-01-31,1610612747,1610612757,119.0,
21900684,2020,2020-01-25,1610612755,1610612747,,91.0
21900667,2020,2020-01-23,1610612751,1610612747,,128.0
21900659,2020,2020-01-22,1610612752,1610612747,,100.0
21900613,2020,2020-01-15,1610612747,1610612753,118.0,
21900580,2020,2020-01-11,1610612760,1610612747,,125.0
21900553,2020,2020-01-07,1610612747,1610612752,117.0,
21900538,2020,2020-01-05,1610612747,1610612765,106.0,
21900507,2020,2020-01-01,1610612747,1610612756,117.0,
21900484,2020,2019-12-28,1610612757,1610612747,,128.0
21900417,2020,2019-12-19,1610612749,1610612747,,104.0
21900402,2020,2019-12-17,1610612754,1610612747,,102.0
21900374,2020,2019-12-13,1610612748,1610612747,,113.0
21900358,2020,2019-12-11,1610612753,1610612747,,96.0
21900342,2020,2019-12-08,1610612747,1610612750,142.0,
21900329,2020,2019-12-06,1610612757,1610612747,,136.0
21900314,2020,2019-12-04,1610612762,1610612747,,121.0
21900279,2020,2019-11-29,1610612747,1610612764,125.0,
21900249,2020,2019-11-25,1610612759,1610612747,,114.0
21900232,2020,2019-11-23,1610612763,1610612747,,109.0
21900220,2020,2019-11-22,1610612760,1610612747,,130.0
21900201,2020,2019-11-19,1610612747,1610612760,112.0,
21900174,2020,2019-11-15,1610612747,1610612758,99.0,
21900151,2020,2019-11-12,1610612756,1610612747,,123.0
21900139,2020,2019-11-10,1610612747,1610612761,104.0,
21900126,2020,2019-11-08,1610612747,1610612748,95.0,
21900088,2020,2019-11-03,1610612759,1610612747,,103.0
21900054,2020,2019-10-29,1610612747,1610612763,120.0,
21900040,2020,2019-10-27,1610612747,1610612766,120.0,
21900025,2020,2019-10-25,1610612747,1610612762,95.0,
21901316,2020,2020-08-14,1610612754,1610612748,,92.0
21901306,2020,2020-08-12,1610612760,1610612748,,115.0
21901295,2020,2020-08-10,1610612748,1610612754,114.0,
21901283,2020,2020-08-08,1610612748,1610612756,112.0,
21901269,2020,2020-08-06,1610612749,1610612748,,116.0
21901250,2020,2020-08-03,1610612748,1610612761,103.0,
21900970,2020,2020-03-11,1610612748,1610612766,98.0,
21900951,2020,2020-03-08,1610612764,1610612748,,100.0
21900919,2020,2020-03-04,1610612748,1610612753,116.0,
21900906,2020,2020-03-02,1610612748,1610612749,105.0,
21900889,2020,2020-02-29,1610612748,1610612751,116.0,
21900868,2020,2020-02-26,1610612748,1610612750,126.0,
21900816,2020,2020-02-12,1610612762,1610612748,,101.0
21900792,2020,2020-02-09,1610612757,1610612748,,109.0
21900775,2020,2020-02-07,1610612758,1610612748,,97.0
21900747,2020,2020-02-03,1610612748,1610612755,137.0,
21900729,2020,2020-02-01,1610612753,1610612748,,102.0
21900694,2020,2020-01-27,1610612748,1610612753,113.0,
21900658,2020,2020-01-22,1610612748,1610612764,134.0,
21900644,2020,2020-01-20,1610612748,1610612758,118.0,
21900637,2020,2020-01-19,1610612759,1610612748,,102.0
21900623,2020,2020-01-17,1610612760,1610612748,,115.0
21900606,2020,2020-01-15,1610612748,1610612759,106.0,
21900584,2020,2020-01-12,1610612752,1610612748,,121.0
21900568,2020,2020-01-10,1610612751,1610612748,,113.0
21900556,2020,2020-01-08,1610612754,1610612748,,122.0
21900535,2020,2020-01-05,1610612748,1610612757,122.0,
21900518,2020,2020-01-03,1610612753,1610612748,,85.0
21900510,2020,2020-01-02,1610612748,1610612761,84.0,
21900492,2020,2019-12-30,1610612764,1610612748,,105.0
21900475,2020,2019-12-28,1610612748,1610612755,117.0,
21900470,2020,2019-12-27,1610612748,1610612754,113.0,
21900449,2020,2019-12-23,1610612748,1610612762,107.0,
21900424,2020,2019-12-20,1610612748,1610612752,129.0,
21900410,2020,2019-12-18,1610612755,1610612748,,108.0
21900397,2020,2019-12-16,1610612763,1610612748,,111.0
21900324,2020,2019-12-06,1610612748,1610612764,112.0,
21900301,2020,2019-12-03,1610612761,1610612748,,121.0
21900284,2020,2019-12-01,1610612751,1610612748,,109.0
21900245,2020,2019-11-25,1610612748,1610612766,117.0,
21900230,2020,2019-11-23,1610612755,1610612748,,86.0
21900148,2020,2019-11-12,1610612748,1610612765,117.0,
21900114,2020,2019-11-07,1610612756,1610612748,,124.0
21900039,2020,2019-10-27,1610612750,1610612748,,109.0
21900026,2020,2019-10-26,1610612749,1610612748,,131.0
21900007,2020,2019-10-23,1610612748,1610612763,120.0,
21901311,2020,2020-08-13,1610612763,1610612749,,106.0
21901303,2020,2020-08-11,1610612764,1610612749,,126.0
21901294,2020,2020-08-10,1610612749,1610612761,106.0,
21901256,2020,2020-08-04,1610612749,1610612751,116.0,
21900950,2020,2020-03-08,1610612756,1610612749,,131.0
21900924,2020,2020-03-04,1610612749,1610612754,119.0,
21900895,2020,2020-03-01,1610612766,1610612749,,93.0
21900882,2020,2020-02-28,1610612749,1610612760,133.0,
21900858,2020,2020-02-25,1610612761,1610612749,,108.0
21900851,2020,2020-02-24,1610612764,1610612749,,137.0
21900840,2020,2020-02-22,1610612749,1610612755,119.0,
21900820,2020,2020-02-20,1610612765,1610612749,,126.0
21900810,2020,2020-02-12,1610612754,1610612749,,111.0
21900797,2020,2020-02-10,1610612749,1610612758,123.0,
21900777,2020,2020-02-08,1610612753,1610612749,,111.0
21900766,2020,2020-02-06,1610612749,1610612755,112.0,
21900739,2020,2020-02-02,1610612749,1610612756,129.0,
21900705,2020,2020-01-28,1610612749,1610612764,151.0,
21900669,2020,2020-01-24,1610612766,1610612749,,116.0
21900627,2020,2020-01-18,1610612751,1610612749,,117.0
21900601,2020,2020-01-14,1610612749,1610612752,128.0,
21900583,2020,2020-01-11,1610612757,1610612749,,122.0
21900575,2020,2020-01-10,1610612758,1610612749,,127.0
21900546,2020,2020-01-06,1610612759,1610612749,,104.0
21900531,2020,2020-01-04,1610612749,1610612759,127.0,
21900506,2020,2020-01-01,1610612749,1610612750,106.0,
21900480,2020,2019-12-28,1610612749,1610612753,111.0,
21900456,2020,2019-12-25,1610612755,1610612749,,109.0
21900441,2020,2019-12-22,1610612749,1610612754,117.0,
21900434,2020,2019-12-21,1610612752,1610612749,,123.0
21900376,2020,2019-12-13,1610612763,1610612749,,127.0
21900347,2020,2019-12-09,1610612749,1610612753,110.0,
21900307,2020,2019-12-04,1610612765,1610612749,,127.0
21900297,2020,2019-12-02,1610612749,1610612752,132.0,
21900283,2020,2019-11-30,1610612749,1610612766,137.0,
21900248,2020,2019-11-25,1610612749,1610612762,122.0,
21900233,2020,2019-11-23,1610612749,1610612765,104.0,
21900213,2020,2019-11-21,1610612749,1610612757,137.0,
21900176,2020,2019-11-16,1610612754,1610612749,,102.0
21900135,2020,2019-11-10,1610612760,1610612749,,121.0
21900124,2020,2019-11-08,1610612762,1610612749,,100.0
21900094,2020,2019-11-04,1610612750,1610612749,,134.0
21900082,2020,2019-11-02,1610612749,1610612761,115.0,
21900071,2020,2019-11-01,1610612753,1610612749,,123.0
21900935,2020,2020-03-06,1610612750,1610612753,118.0,
21900877,2020,2020-02-28,1610612753,1610612750,,125.0
21900813,2020,2020-02-12,1610612750,1610612766,108.0,
21900796,2020,2020-02-10,1610612761,1610612750,,126.0
21900749,2020,2020-02-03,1610612758,1610612750,,109.0
21900696,2020,2020-01-27,1610612750,1610612758,129.0,
21900683,2020,2020-01-25,1610612750,1610612760,104.0,
21900632,2020,2020-01-18,1610612750,1610612761,112.0,
21900619,2020,2020-01-17,1610612754,1610612750,,114.0
21900608,2020,2020-01-15,1610612750,1610612754,99.0,
21900594,2020,2020-01-13,1610612750,1610612760,104.0,
21900565,2020,2020-01-09,1610612750,1610612757,116.0,
21900551,2020,2020-01-07,1610612763,1610612750,,112.0
21900494,2020,2019-12-30,1610612750,1610612751,122.0,
21900464,2020,2019-12-26,1610612758,1610612750,,105.0
21900438,2020,2019-12-21,1610612757,1610612750,,106.0
21900362,2020,2019-12-11,1610612750,1610612762,116.0,
21900349,2020,2019-12-09,1610612756,1610612750,,109.0
21900326,2020,2019-12-06,1610612760,1610612750,,127.0
21900286,2020,2019-12-01,1610612750,1610612763,107.0,
21900262,2020,2019-11-27,1610612759,1610612750,,113.0
21900225,2020,2019-11-23,1610612750,1610612756,98.0,
21900210,2020,2019-11-20,1610612750,1610612762,95.0,
21900196,2020,2019-11-18,1610612762,1610612750,,112.0
21900171,2020,2019-11-15,1610612750,1610612764,116.0,
21900158,2020,2019-11-13,1610612750,1610612759,129.0,
21900140,2020,2019-11-11,1610612765,1610612750,,120.0
21900108,2020,2019-11-06,1610612763,1610612750,,121.0
21900080,2020,2019-11-02,1610612764,1610612750,,131.0
21900057,2020,2019-10-30,1610612755,1610612750,,95.0
21900018,2020,2019-10-25,1610612766,1610612750,,121.0
21900006,2020,2019-10-23,1610612751,1610612750,,127.0
21901309,2020,2020-08-13,1610612751,1610612757,133.0,
21901297,2020,2020-08-11,1610612753,1610612751,,108.0
21901276,2020,2020-08-07,1610612751,1610612758,119.0,
21901244,2020,2020-08-02,1610612751,1610612764,118.0,
21901233,2020,2020-07-31,1610612751,1610612753,118.0,
21900931,2020,2020-03-06,1610612751,1610612759,139.0,
21900920,2020,2020-03-04,1610612751,1610612763,79.0,
21900866,2020,2020-02-26,1610612764,1610612751,,106.0
21900852,2020,2020-02-24,1610612751,1610612753,113.0,
21900836,2020,2020-02-22,1610612766,1610612751,,115.0
21900822,2020,2020-02-20,1610612755,1610612751,,104.0
21900809,2020,2020-02-12,1610612751,1610612761,101.0,
21900794,2020,2020-02-10,1610612754,1610612751,,106.0
21900781,2020,2020-02-08,1610612761,1610612751,,118.0
21900746,2020,2020-02-03,1610612751,1610612756,119.0,
21900731,2020,2020-02-01,1610612764,1610612751,,107.0
21900709,2020,2020-01-29,1610612751,1610612765,125.0,
21900688,2020,2020-01-26,1610612752,1610612751,,97.0
21900681,2020,2020-01-25,1610612765,1610612751,,121.0
21900641,2020,2020-01-20,1610612751,1610612755,111.0,
21900605,2020,2020-01-15,1610612755,1610612751,,106.0
21900599,2020,2020-01-14,1610612751,1610612762,107.0,
21900550,2020,2020-01-07,1610612751,1610612760,103.0,
21900540,2020,2020-01-06,1610612753,1610612751,,89.0
21900524,2020,2020-01-04,1610612751,1610612761,102.0,
21900461,2020,2019-12-26,1610612751,1610612752,82.0,
21900418,2020,2019-12-19,1610612759,1610612751,,105.0
21900391,2020,2019-12-15,1610612751,1610612755,109.0,
21900381,2020,2019-12-14,1610612761,1610612751,,102.0
21900360,2020,2019-12-11,1610612751,1610612766,108.0,
21900320,2020,2019-12-06,1610612766,1610612751,,111.0
21900236,2020,2019-11-24,1610612752,1610612751,,103.0
21900217,2020,2019-11-22,1610612751,1610612758,116.0,
21900205,2020,2019-11-20,1610612751,1610612766,101.0,
21900190,2020,2019-11-18,1610612751,1610612754,86.0,
21900152,2020,2019-11-12,1610612762,1610612751,,114.0
21900137,2020,2019-11-10,1610612756,1610612751,,112.0
21900125,2020,2019-11-08,1610612757,1610612751,,119.0
21900078,2020,2019-11-02,1610612765,1610612751,,109.0
21900059,2020,2019-10-30,1610612751,1610612754,108.0,
21900037,2020,2019-10-27,1610612763,1610612751,,133.0
21900019,2020,2019-10-25,1610612751,1610612752,113.0,
21900961,2020,2020-03-10,1610612764,1610612752,,115.0
21900955,2020,2020-03-08,1610612752,1610612765,96.0,
21900932,2020,2020-03-06,1610612752,1610612760,103.0,
21900921,2020,2020-03-04,1610612752,1610612762,104.0,
21900873,2020,2020-02-27,1610612755,1610612752,,106.0
21900864,2020,2020-02-26,1610612766,1610612752,,101.0
21900828,2020,2020-02-21,1610612752,1610612754,98.0,
21900811,2020,2020-02-12,1610612752,1610612764,96.0,
21900779,2020,2020-02-08,1610612765,1610612752,,95.0
21900764,2020,2020-02-06,1610612752,1610612753,105.0,
21900728,2020,2020-02-01,1610612754,1610612752,,92.0
21900710,2020,2020-01-29,1610612752,1610612763,106.0,
21900699,2020,2020-01-28,1610612766,1610612752,,92.0
21900672,2020,2020-01-24,1610612752,1610612761,112.0,
21900630,2020,2020-01-18,1610612752,1610612755,87.0,
21900614,2020,2020-01-16,1610612752,1610612756,98.0,
21900561,2020,2020-01-08,1610612762,1610612752,,104.0
21900521,2020,2020-01-03,1610612756,1610612752,,112.0
21900505,2020,2020-01-01,1610612752,1610612757,117.0,
21900476,2020,2019-12-28,1610612764,1610612752,,107.0
21900447,2020,2019-12-23,1610612752,1610612764,115.0,
21900378,2020,2019-12-13,1610612758,1610612752,,103.0
21900355,2020,2019-12-10,1610612757,1610612752,,87.0
21900331,2020,2019-12-07,1610612752,1610612754,103.0,
21900271,2020,2019-11-29,1610612752,1610612755,95.0,
21900258,2020,2019-11-27,1610612761,1610612752,,98.0
21900229,2020,2019-11-23,1610612752,1610612759,104.0,
21900202,2020,2019-11-20,1610612755,1610612752,,104.0
21900177,2020,2019-11-16,1610612752,1610612766,102.0,
21900103,2020,2019-11-06,1610612765,1610612752,,102.0
21900087,2020,2019-11-03,1610612752,1610612758,92.0,
21900056,2020,2019-10-30,1610612753,1610612752,,83.0
21900010,2020,2019-10-23,1610612759,1610612752,,111.0
21901277,2020,2020-08-07,1610612755,1610612753,,101.0
21901266,2020,2020-08-05,1610612753,1610612761,99.0,
21901259,2020,2020-08-04,1610612754,1610612753,,109.0
21901247,2020,2020-08-02,1610612753,1610612758,132.0,
21900964,2020,2020-03-10,1610612763,1610612753,,120.0
21900904,2020,2020-03-02,1610612753,1610612757,107.0,
21900893,2020,2020-02-29,1610612759,1610612753,,113.0
21900808,2020,2020-02-12,1610612753,1610612765,116.0,
21900741,2020,2020-02-03,1610612766,1610612753,,112.0
21900655,2020,2020-01-22,1610612753,1610612760,114.0,
21900642,2020,2020-01-20,1610612766,1610612753,,106.0
21900596,2020,2020-01-13,1610612758,1610612753,,114.0
21900573,2020,2020-01-10,1610612756,1610612753,,94.0
21900557,2020,2020-01-08,1610612753,1610612764,123.0,
21900525,2020,2020-01-04,1610612753,1610612762,96.0,
21900504,2020,2020-01-01,1610612764,1610612753,,122.0
21900468,2020,2019-12-27,1610612753,1610612755,98.0,
21900428,2020,2019-12-20,1610612757,1610612753,,103.0
21900405,2020,2019-12-17,1610612762,1610612753,,102.0
21900308,2020,2019-12-04,1610612753,1610612756,128.0,
21900300,2020,2019-12-03,1610612764,1610612753,,127.0
21900269,2020,2019-11-29,1610612753,1610612761,83.0,
21900241,2020,2019-11-25,1610612765,1610612753,,88.0
21900227,2020,2019-11-23,1610612754,1610612753,,106.0
21900207,2020,2019-11-20,1610612761,1610612753,,97.0
21900185,2020,2019-11-17,1610612753,1610612764,125.0,
21900168,2020,2019-11-15,1610612753,1610612759,111.0,
21900155,2020,2019-11-13,1610612753,1610612755,112.0,
21900133,2020,2019-11-10,1610612753,1610612754,102.0,
21900117,2020,2019-11-08,1610612753,1610612763,118.0,
21900101,2020,2019-11-05,1610612760,1610612753,,94.0
21900044,2020,2019-10-28,1610612761,1610612753,,95.0
21901270,2020,2020-08-06,1610612756,1610612754,,99.0
21901252,2020,2020-08-03,1610612764,1610612754,,111.0
21901242,2020,2020-08-01,1610612754,1610612755,127.0,
21900908,2020,2020-03-02,1610612759,1610612754,,116.0
21900874,2020,2020-02-27,1610612754,1610612757,106.0,
21900857,2020,2020-02-25,1610612754,1610612766,119.0,
21900843,2020,2020-02-23,1610612761,1610612754,,81.0
21900772,2020,2020-02-07,1610612754,1610612761,106.0,
21900758,2020,2020-02-05,1610612761,1610612754,,118.0
21900692,2020,2020-01-26,1610612757,1610612754,,129.0
21900664,2020,2020-01-22,1610612756,1610612754,,112.0
21900651,2020,2020-01-20,1610612762,1610612754,,88.0
21900592,2020,2020-01-13,1610612754,1610612755,101.0,
21900539,2020,2020-01-06,1610612766,1610612754,,115.0
21900498,2020,2019-12-31,1610612754,1610612755,115.0,
21900446,2020,2019-12-23,1610612754,1610612761,120.0,
21900421,2020,2019-12-20,1610612754,1610612758,119.0,
21900389,2020,2019-12-15,1610612754,1610612766,107.0,
21900322,2020,2019-12-06,1610612765,1610612754,,101.0
21900312,2020,2019-12-04,1610612760,1610612754,,107.0
21900296,2020,2019-12-02,1610612763,1610612754,,117.0
21900281,2020,2019-11-30,1610612755,1610612754,,116.0
21900256,2020,2019-11-27,1610612754,1610612762,121.0,
21900242,2020,2019-11-25,1610612754,1610612763,126.0,
21900146,2020,2019-11-12,1610612754,1610612760,111.0,
21900116,2020,2019-11-08,1610612754,1610612765,112.0,
21900104,2020,2019-11-06,1610612754,1610612764,121.0,
21900097,2020,2019-11-05,1610612766,1610612754,,120.0
21900041,2020,2019-10-28,1610612765,1610612754,,94.0
21900004,2020,2019-10-23,1610612754,1610612765,110.0,
21901305,2020,2020-08-12,1610612755,1610612761,121.0,
21901299,2020,2020-08-11,1610612755,1610612756,117.0,
21901289,2020,2020-08-09,1610612757,1610612755,,121.0
21901263,2020,2020-08-05,1610612764,1610612755,,107.0
21901254,2020,2020-08-03,1610612755,1610612759,132.0,
21900971,2020,2020-03-11,1610612755,1610612765,124.0,
21900928,2020,2020-03-05,1610612758,1610612755,,125.0
21900769,2020,2020-02-07,1610612755,1610612763,119.0,
21900660,2020,2020-01-22,1610612761,1610612755,,95.0
21900541,2020,2020-01-06,1610612755,1610612760,120.0,
21900445,2020,2019-12-23,1610612765,1610612755,,125.0
21900433,2020,2019-12-21,1610612755,1610612764,125.0,
21900338,2020,2019-12-08,1610612755,1610612761,110.0,
21900316,2020,2019-12-05,1610612764,1610612755,,113.0
21900294,2020,2019-12-02,1610612755,1610612762,103.0,
21900257,2020,2019-11-27,1610612755,1610612758,97.0,
21900246,2020,2019-11-25,1610612761,1610612755,,96.0
21900218,2020,2019-11-22,1610612755,1610612759,115.0,
21900172,2020,2019-11-15,1610612760,1610612755,,119.0
21900134,2020,2019-11-10,1610612755,1610612766,114.0,
21900110,2020,2019-11-06,1610612762,1610612755,,104.0
21900095,2020,2019-11-04,1610612756,1610612755,,109.0
21900084,2020,2019-11-02,1610612757,1610612755,,129.0
21900027,2020,2019-10-26,1610612765,1610612755,,117.0
21901292,2020,2020-08-10,1610612756,1610612760,128.0,
21901235,2020,2020-07-31,1610612764,1610612756,,125.0
21900966,2020,2020-03-10,1610612757,1610612756,,105.0
21900938,2020,2020-03-06,1610612756,1610612757,127.0,
21900914,2020,2020-03-03,1610612756,1610612761,114.0,
21900884,2020,2020-02-28,1610612756,1610612765,111.0,
21900855,2020,2020-02-24,1610612762,1610612756,,131.0
21900829,2020,2020-02-21,1610612761,1610612756,,101.0
21900755,2020,2020-02-05,1610612765,1610612756,,108.0
21900725,2020,2020-01-31,1610612756,1610612760,107.0,
21900690,2020,2020-01-26,1610612763,1610612756,,109.0
21900678,2020,2020-01-24,1610612759,1610612756,,103.0
21900650,2020,2020-01-20,1610612756,1610612759,118.0,
21900590,2020,2020-01-12,1610612756,1610612766,100.0,
21900552,2020,2020-01-07,1610612756,1610612758,103.0,
21900537,2020,2020-01-05,1610612756,1610612763,114.0,
21900496,2020,2019-12-30,1610612757,1610612756,,122.0
21900483,2020,2019-12-28,1610612758,1610612756,,112.0
21900426,2020,2019-12-20,1610612760,1610612756,,108.0
21900400,2020,2019-12-16,1610612756,1610612757,110.0,
21900380,2020,2019-12-14,1610612756,1610612759,119.0,
21900363,2020,2019-12-11,1610612756,1610612763,108.0,
21900293,2020,2019-12-02,1610612766,1610612756,,109.0
21900263,2020,2019-11-27,1610612756,1610612764,132.0,
21900200,2020,2019-11-19,1610612758,1610612756,,116.0
21900081,2020,2019-11-02,1610612763,1610612756,,114.0
21900049,2020,2019-10-28,1610612756,1610612762,95.0,
21900012,2020,2019-10-23,1610612756,1610612758,124.0,
21901234,2020,2020-07-31,1610612757,1610612763,140.0,
21900945,2020,2020-03-07,1610612757,1610612758,111.0,
21900925,2020,2020-03-04,1610612757,1610612764,125.0,
21900848,2020,2020-02-23,1610612757,1610612765,107.0,
21900812,2020,2020-02-12,1610612763,1610612757,,104.0
21900776,2020,2020-02-07,1610612762,1610612757,,114.0
21900767,2020,2020-02-06,1610612757,1610612759,125.0,
21900735,2020,2020-02-01,1610612757,1610612762,124.0,
21900635,2020,2020-01-18,1610612760,1610612757,,106.0
21900595,2020,2020-01-13,1610612757,1610612766,115.0,
21900549,2020,2020-01-07,1610612761,1610612757,,101.0
21900519,2020,2020-01-03,1610612764,1610612757,,122.0
21900465,2020,2019-12-26,1610612762,1610612757,,115.0
21900341,2020,2019-12-08,1610612757,1610612760,96.0,
21900315,2020,2019-12-04,1610612757,1610612758,127.0,
21900265,2020,2019-11-27,1610612757,1610612760,136.0,
21900181,2020,2019-11-16,1610612759,1610612757,,121.0
21900160,2020,2019-11-13,1610612757,1610612761,106.0,
21900153,2020,2019-11-12,1610612758,1610612757,,99.0
21900062,2020,2019-10-30,1610612760,1610612757,,102.0
21900048,2020,2019-10-28,1610612759,1610612757,,110.0
21900024,2020,2019-10-25,1610612758,1610612757,,122.0
21901237,2020,2020-07-31,1610612759,1610612758,,120.0
21900956,2020,2020-03-08,1610612758,1610612761,113.0,
21900916,2020,2020-03-03,1610612758,1610612764,133.0,
21900899,2020,2020-03-01,1610612758,1610612765,106.0,
21900881,2020,2020-02-28,1610612763,1610612758,,104.0
21900875,2020,2020-02-27,1610612760,1610612758,,108.0
21900824,2020,2020-02-20,1610612758,1610612763,129.0,
21900785,2020,2020-02-08,1610612758,1610612759,122.0,
21900713,2020,2020-01-29,1610612758,1610612760,100.0,
21900654,2020,2020-01-22,1610612765,1610612758,,106.0
21900636,2020,2020-01-18,1610612762,1610612758,,101.0
21900515,2020,2020-01-02,1610612758,1610612763,128.0,
21900435,2020,2019-12-21,1610612763,1610612758,,115.0
21900401,2020,2019-12-17,1610612766,1610612758,,102.0
21900365,2020,2019-12-11,1610612758,1610612760,94.0,
21900328,2020,2019-12-06,1610612759,1610612758,,104.0
21900237,2020,2019-11-24,1610612764,1610612758,,113.0
21900106,2020,2019-11-06,1610612761,1610612758,,120.0
21900075,2020,2019-11-01,1610612758,1610612762,102.0,
21900064,2020,2019-10-30,1610612758,1610612766,111.0,
21900034,2020,2019-10-26,1610612762,1610612758,,81.0
21901314,2020,2020-08-13,1610612762,1610612759,,112.0
21901274,2020,2020-08-07,1610612759,1610612762,119.0,
21901246,2020,2020-08-02,1610612763,1610612759,,108.0
21900909,2020,2020-03-03,1610612766,1610612759,,104.0
21900846,2020,2020-02-23,1610612760,1610612759,,103.0
21900832,2020,2020-02-21,1610612762,1610612759,,113.0
21900805,2020,2020-02-11,1610612760,1610612759,,114.0
21900734,2020,2020-02-01,1610612759,1610612766,114.0,
21900711,2020,2020-01-29,1610612759,1610612762,127.0,
21900686,2020,2020-01-26,1610612759,1610612761,106.0,
21900587,2020,2020-01-12,1610612761,1610612759,,105.0
21900571,2020,2020-01-10,1610612763,1610612759,,121.0
21900514,2020,2020-01-02,1610612759,1610612760,103.0,
21900481,2020,2019-12-28,1610612759,1610612765,136.0,
21900450,2020,2019-12-23,1610612763,1610612759,,145.0
21900288,2020,2019-12-01,1610612765,1610612759,,98.0
21900203,2020,2019-11-20,1610612764,1610612759,,132.0
21900143,2020,2019-11-11,1610612759,1610612763,109.0,
21900113,2020,2019-11-07,1610612759,1610612760,121.0,
21900033,2020,2019-10-26,1610612759,1610612764,124.0,
21901285,2020,2020-08-09,1610612760,1610612764,121.0,
21901275,2020,2020-08-07,1610612763,1610612760,,92.0
21901240,2020,2020-08-01,1610612760,1610612762,110.0,
21900918,2020,2020-03-04,1610612765,1610612760,,114.0
21900773,2020,2020-02-07,1610612760,1610612765,108.0,
21900609,2020,2020-01-15,1610612760,1610612761,121.0,
21900486,2020,2019-12-29,1610612761,1610612760,,98.0
21900467,2020,2019-12-27,1610612766,1610612760,,104.0
21900462,2020,2019-12-26,1610612760,1610612763,97.0,
21900412,2020,2019-12-18,1610612760,1610612763,126.0,
21900350,2020,2019-12-09,1610612762,1610612760,,104.0
21900022,2020,2019-10-25,1610612760,1610612764,85.0,
21900011,2020,2019-10-23,1610612762,1610612760,,95.0
21901286,2020,2020-08-09,1610612761,1610612763,108.0,
21900959,2020,2020-03-09,1610612762,1610612761,,101.0
21900879,2020,2020-02-28,1610612761,1610612766,96.0,
21900720,2020,2020-01-31,1610612765,1610612761,,105.0
21900621,2020,2020-01-17,1610612761,1610612764,140.0,
21900555,2020,2020-01-08,1610612766,1610612761,,112.0
21900423,2020,2019-12-20,1610612761,1610612764,122.0,
21900408,2020,2019-12-18,1610612765,1610612761,,112.0
21900291,2020,2019-12-01,1610612761,1610612762,130.0,
21900191,2020,2019-11-18,1610612761,1610612766,132.0,
21900060,2020,2019-10-30,1610612761,1610612765,125.0,
21901262,2020,2020-08-05,1610612762,1610612763,124.0,
21900941,2020,2020-03-07,1610612765,1610612762,,111.0
21900885,2020,2020-02-28,1610612762,1610612764,129.0,
21900585,2020,2020-01-12,1610612764,1610612762,,127.0
21900574,2020,2020-01-10,1610612762,1610612766,109.0,
21900495,2020,2019-12-30,1610612762,1610612765,104.0,
21900430,2020,2019-12-21,1610612766,1610612762,,114.0
21900334,2020,2019-12-07,1610612762,1610612763,126.0,
21900274,2020,2019-11-29,1610612763,1610612762,,103.0
21900170,2020,2019-11-15,1610612763,1610612762,,106.0
21900789,2020,2020-02-09,1610612764,1610612763,,106.0
21900748,2020,2020-02-03,1610612763,1610612765,96.0,
21900670,2020,2020-01-24,1610612765,1610612763,,125.0
21900487,2020,2019-12-29,1610612763,1610612766,117.0,
21900383,2020,2019-12-14,1610612763,1610612764,128.0,
21900154,2020,2019-11-13,1610612766,1610612763,,119.0
21900715,2020,2020-01-30,1610612764,1610612766,121.0,
21900639,2020,2020-01-20,1610612764,1610612765,106.0,
21900460,2020,2019-12-26,1610612765,1610612764,,102.0
21900394,2020,2019-12-16,1610612765,1610612764,,133.0
21900352,2020,2019-12-10,1610612766,1610612764,,107.0
21900216,2020,2019-11-22,1610612764,1610612766,125.0,
21900091,2020,2019-11-04,1610612764,1610612765,115.0,
21900793,2020,2020-02-10,1610612765,1610612766,76.0,
21900268,2020,2019-11-29,1610612765,1610612766,107.0,
21900254,2020,2019-11-27,1610612766,1610612765,,101.0
21900167,2020,2019-11-15,1610612766,1610612765,,106.0
