GAME_ID,SEASON_ID,GAME_DATE,home_team_id,away_team_id,home_score,away_score
42400407,2024,2025-06-22,1610612760,1610612754,103,91
42400406,2024,2025-06-19,1610612754,1610612760,108,91
42400405,2024,2025-06-16,1610612760,1610612754,120,109
42400404,2024,2025-06-13,1610612754,1610612760,104,111
42400403,2024,2025-06-11,1610612754,1610612760,116,107
42400402,2024,2025-06-08,1610612760,1610612754,123,107
42400401,2024,2025-06-05,1610612760,1610612754,110,111
42400306,2024,2025-05-31,1610612754,1610612752,125,108
42400305,2024,2025-05-29,1610612752,1610612754,111,94
42400315,2024,2025-05-28,1610612760,1610612750,124,94
42400304,2024,2025-05-27,1610612754,1610612752,130,121
42400314,2024,2025-05-26,1610612750,1610612760,126,128
42400303,2024,2025-05-25,1610612754,1610612752,100,106
42400313,2024,2025-05-24,1610612750,1610612760,143,101
42400302,2024,2025-05-23,1610612752,1610612754,109,114
42400312,2024,2025-05-22,1610612760,1610612750,118,103
42400301,2024,2025-05-21,1610612752,1610612754,135,138
42400311,2024,2025-05-20,1610612760,1610612750,114,88
42400227,2024,2025-05-18,1610612760,1610612743,125,93
42400216,2024,2025-05-16,1610612752,1610612738,119,81
42400226,2024,2025-05-15,1610612743,1610612760,119,107
42400235,2024,2025-05-14,1610612750,1610612744,121,110
42400215,2024,2025-05-14,1610612738,1610612752,127,102
42400225,2024,2025-05-13,1610612760,1610612743,112,105
42400205,2024,2025-05-13,1610612739,1610612754,105,114
42400234,2024,2025-05-12,1610612744,1610612750,110,117
42400214,2024,2025-05-12,1610612752,1610612738,121,113
42400224,2024,2025-05-11,1610612743,1610612760,87,92
42400204,2024,2025-05-11,1610612754,1610612739,129,109
42400233,2024,2025-05-10,1610612744,1610612750,97,102
42400213,2024,2025-05-10,1610612752,1610612738,93,115
42400203,2024,2025-05-09,1610612754,1610612739,104,126
42400223,2024,2025-05-09,1610612743,1610612760,113,104
42400232,2024,2025-05-08,1610612750,1610612744,117,93
42400212,2024,2025-05-07,1610612738,1610612752,90,91
42400222,2024,2025-05-07,1610612760,1610612743,149,106
42400231,2024,2025-05-06,1610612750,1610612744,88,99
42400202,2024,2025-05-06,1610612739,1610612754,119,120
42400211,2024,2025-05-05,1610612738,1610612752,105,108
42400221,2024,2025-05-05,1610612760,1610612743,119,121
42400157,2024,2025-05-04,1610612745,1610612744,89,103
42400201,2024,2025-05-04,1610612739,1610612754,112,121
42400177,2024,2025-05-03,1610612743,1610612746,120,101
42400156,2024,2025-05-02,1610612744,1610612745,107,115
42400176,2024,2025-05-01,1610612746,1610612743,111,105
42400126,2024,2025-05-01,1610612765,1610612752,113,116
42400165,2024,2025-04-30,1610612747,1610612750,96,103
42400155,2024,2025-04-30,1610612745,1610612744,131,116
42400115,2024,2025-04-29,1610612738,1610612753,120,89
42400125,2024,2025-04-29,1610612752,1610612765,103,106
42400135,2024,2025-04-29,1610612754,1610612749,119,118
42400175,2024,2025-04-29,1610612743,1610612746,131,115
42400154,2024,2025-04-28,1610612744,1610612745,109,106
42400104,2024,2025-04-28,1610612748,1610612739,83,138
42400124,2024,2025-04-27,1610612765,1610612752,93,94
42400134,2024,2025-04-27,1610612749,1610612754,103,129
42400114,2024,2025-04-27,1610612753,1610612738,98,107
42400164,2024,2025-04-27,1610612750,1610612747,116,113
42400153,2024,2025-04-26,1610612744,1610612745,104,93
42400144,2024,2025-04-26,1610612763,1610612760,115,117
42400174,2024,2025-04-26,1610612746,1610612743,99,101
42400103,2024,2025-04-26,1610612748,1610612739,87,124
42400163,2024,2025-04-25,1610612750,1610612747,116,104
42400113,2024,2025-04-25,1610612753,1610612738,95,93
42400133,2024,2025-04-25,1610612749,1610612754,117,101
42400143,2024,2025-04-24,1610612763,1610612760,108,114
42400173,2024,2025-04-24,1610612746,1610612743,117,83
42400123,2024,2025-04-24,1610612765,1610612752,116,118
42400112,2024,2025-04-23,1610612738,1610612753,109,100
42400102,2024,2025-04-23,1610612739,1610612748,121,112
42400152,2024,2025-04-23,1610612745,1610612744,109,94
42400142,2024,2025-04-22,1610612760,1610612763,118,99
42400162,2024,2025-04-22,1610612747,1610612750,94,85
42400132,2024,2025-04-22,1610612754,1610612749,123,115
42400172,2024,2025-04-21,1610612743,1610612746,102,105
42400122,2024,2025-04-21,1610612752,1610612765,94,100
42400151,2024,2025-04-20,1610612745,1610612744,85,95
42400141,2024,2025-04-20,1610612760,1610612763,131,80
42400101,2024,2025-04-20,1610612739,1610612748,121,100
42400111,2024,2025-04-20,1610612738,1610612753,103,86
42400131,2024,2025-04-19,1610612754,1610612749,117,98
42400161,2024,2025-04-19,1610612747,1610612750,95,117
42400171,2024,2025-04-19,1610612743,1610612746,112,110
42400121,2024,2025-04-19,1610612752,1610612765,123,112
52400201,2024,2025-04-18,1610612737,1610612748,114,123
52400211,2024,2025-04-18,1610612763,1610612742,120,106
52400111,2024,2025-04-16,1610612741,1610612748,90,109
52400131,2024,2025-04-16,1610612758,1610612742,106,120
52400121,2024,2025-04-15,1610612744,1610612763,121,116
52400101,2024,2025-04-15,1610612753,1610612737,120,95
2042400403,2024,2025-04-14,1612709925,1612709914,110,118
22401196,2024,2025-04-13,1610612740,1610612760,100,115
22401198,2024,2025-04-13,1610612744,1610612746,119,124
22401191,2024,2025-04-13,1610612755,1610612741,102,122
22401200,2024,2025-04-13,1610612758,1610612756,109,98
22401187,2024,2025-04-13,1610612738,1610612766,93,86
22401195,2024,2025-04-13,1610612750,1610612762,116,105
22401190,2024,2025-04-13,1610612748,1610612764,118,119
22401189,2024,2025-04-13,1610612739,1610612754,118,126
22401197,2024,2025-04-13,1610612759,1610612761,125,118
22401194,2024,2025-04-13,1610612763,1610612742,132,97
22401188,2024,2025-04-13,1610612751,1610612752,105,113
22401192,2024,2025-04-13,1610612749,1610612765,140,133
22401186,2024,2025-04-13,1610612737,1610612753,117,105
22401193,2024,2025-04-13,1610612745,1610612743,111,126
22401199,2024,2025-04-13,1610612757,1610612747,109,81
22401177,2024,2025-04-11,1610612740,1610612748,104,153
22401178,2024,2025-04-11,1610612742,1610612761,124,102
22401176,2024,2025-04-11,1610612741,1610612764,119,89
22401173,2024,2025-04-11,1610612755,1610612737,110,124
22401171,2024,2025-04-11,1610612765,1610612749,119,125
22401181,2024,2025-04-11,1610612762,1610612760,111,145
22401185,2024,2025-04-11,1610612747,1610612745,140,109
22401179,2024,2025-04-11,1610612750,1610612751,117,91
22401172,2024,2025-04-11,1610612754,1610612753,115,129
22401174,2024,2025-04-11,1610612738,1610612766,130,94
22401180,2024,2025-04-11,1610612743,1610612763,117,109
22401183,2024,2025-04-11,1610612757,1610612744,86,103
2042400402,2024,2025-04-11,1612709914,1612709925,144,126
22401182,2024,2025-04-11,1610612756,1610612759,117,98
22401184,2024,2025-04-11,1610612758,1610612746,100,101
22401175,2024,2025-04-11,1610612752,1610612739,102,108
22401167,2024,2025-04-10,1610612765,1610612752,115,106
22401168,2024,2025-04-10,1610612754,1610612739,114,112
22401161,2024,2025-04-10,1610612749,1610612740,136,111
22401170,2024,2025-04-10,1610612763,1610612750,125,141
22401169,2024,2025-04-10,1610612751,1610612737,109,133
22401160,2024,2025-04-09,1610612741,1610612748,119,111
22401156,2024,2025-04-09,1610612753,1610612738,96,76
22401164,2024,2025-04-09,1610612756,1610612760,112,125
22401157,2024,2025-04-09,1610612764,1610612755,103,122
22401165,2024,2025-04-09,1610612758,1610612743,116,124
22401162,2024,2025-04-09,1610612762,1610612757,133,126
22401159,2024,2025-04-09,1610612742,1610612747,97,112
22401166,2024,2025-04-09,1610612746,1610612745,134,117
22401163,2024,2025-04-09,1610612744,1610612759,111,114
22401158,2024,2025-04-09,1610612761,1610612766,126,96
22401148,2024,2025-04-08,1610612754,1610612764,104,98
22401147,2024,2025-04-08,1610612739,1610612741,135,113
22401155,2024,2025-04-08,1610612746,1610612759,122,117
22401154,2024,2025-04-08,1610612756,1610612744,95,133
22401151,2024,2025-04-08,1610612752,1610612738,117,119
22401152,2024,2025-04-08,1610612749,1610612750,110,103
22401149,2024,2025-04-08,1610612753,1610612737,119,112
22401150,2024,2025-04-08,1610612751,1610612740,119,114
2042400401,2024,2025-04-08,1612709925,1612709914,129,118
22401146,2024,2025-04-08,1610612766,1610612763,100,124
22401153,2024,2025-04-08,1610612760,1610612747,136,120
22401145,2024,2025-04-07,1610612748,1610612755,117,105
22401144,2024,2025-04-07,1610612765,1610612758,117,127
22401140,2024,2025-04-06,1610612752,1610612756,112,98
22400617,2024,2025-04-06,1610612740,1610612749,107,111
22401137,2024,2025-04-06,1610612738,1610612764,124,90
2042400311,2024,2025-04-06,1612709914,1612709890,118,112
2042400301,2024,2025-04-06,1612709925,1612709915,135,122
22401143,2024,2025-04-06,1610612744,1610612745,96,106
22401142,2024,2025-04-06,1610612743,1610612754,120,125
22401139,2024,2025-04-06,1610612757,1610612759,120,109
22401134,2024,2025-04-06,1610612751,1610612761,109,120
22401138,2024,2025-04-06,1610612739,1610612758,113,120
22401135,2024,2025-04-06,1610612760,1610612747,99,126
22401136,2024,2025-04-06,1610612737,1610612762,147,134
22401133,2024,2025-04-06,1610612766,1610612741,117,131
22401131,2024,2025-04-05,1610612748,1610612749,115,121
22401132,2024,2025-04-05,1610612746,1610612742,135,104
22401129,2024,2025-04-05,1610612765,1610612763,103,109
22401130,2024,2025-04-05,1610612755,1610612750,109,114
22401128,2024,2025-04-05,1610612737,1610612752,105,121
22401118,2024,2025-04-04,1610612766,1610612758,102,125
22401125,2024,2025-04-04,1610612744,1610612743,118,104
22401123,2024,2025-04-04,1610612745,1610612760,125,111
22401122,2024,2025-04-04,1610612741,1610612757,118,113
22401119,2024,2025-04-04,1610612754,1610612762,140,112
22401126,2024,2025-04-04,1610612747,1610612740,124,108
22401127,2024,2025-04-04,1610612746,1610612742,114,91
22401124,2024,2025-04-04,1610612759,1610612739,113,114
22401120,2024,2025-04-04,1610612738,1610612756,123,103
22401121,2024,2025-04-04,1610612761,1610612765,105,117
2042400221,2024,2025-04-03,1612709914,1612709934,122,114
22401115,2024,2025-04-03,1610612755,1610612749,113,126
22401116,2024,2025-04-03,1610612761,1610612757,103,112
22401114,2024,2025-04-03,1610612748,1610612763,108,110
2042400231,2024,2025-04-03,1612709890,1612709903,123,113
22401112,2024,2025-04-03,1610612764,1610612753,97,109
2042400201,2024,2025-04-03,1612709925,1612709910,129,114
22401117,2024,2025-04-03,1610612747,1610612744,116,123
2042400211,2024,2025-04-03,1612709919,1612709915,118,124
22401113,2024,2025-04-03,1610612751,1610612750,90,105
22401104,2024,2025-04-02,1610612754,1610612766,119,105
22401109,2024,2025-04-02,1610612742,1610612737,120,118
22401103,2024,2025-04-02,1610612739,1610612752,124,105
22401111,2024,2025-04-02,1610612746,1610612740,114,98
22401105,2024,2025-04-02,1610612764,1610612758,116,111
22401106,2024,2025-04-02,1610612738,1610612748,103,124
22401110,2024,2025-04-02,1610612743,1610612759,106,113
22401107,2024,2025-04-02,1610612745,1610612762,143,105
22401108,2024,2025-04-02,1610612760,1610612765,119,103
22401098,2024,2025-04-01,1610612752,1610612755,105,91
22400988,2024,2025-04-01,1610612759,1610612753,105,116
22401100,2024,2025-04-01,1610612763,1610612744,125,134
2042400131,2024,2025-04-01,1612709902,1612709934,127,131
22401101,2024,2025-04-01,1610612749,1610612756,133,123
2042400121,2024,2025-04-01,1612709903,1612709908,129,102
2042400101,2024,2025-04-01,1612709915,1612709928,115,95
22401102,2024,2025-04-01,1610612743,1610612750,139,140
2042400111,2024,2025-04-01,1612709910,1612709922,120,110
22401097,2024,2025-04-01,1610612737,1610612757,113,127
22401099,2024,2025-04-01,1610612741,1610612761,137,118
22401090,2024,2025-03-31,1610612754,1610612758,111,109
22401093,2024,2025-03-31,1610612763,1610612738,103,117
22401096,2024,2025-03-31,1610612747,1610612745,104,98
22401089,2024,2025-03-31,1610612766,1610612762,110,106
22401095,2024,2025-03-31,1610612742,1610612751,109,113
22401091,2024,2025-03-31,1610612753,1610612746,87,96
22401092,2024,2025-03-31,1610612764,1610612748,94,120
22401094,2024,2025-03-31,1610612760,1610612741,145,117
22401085,2024,2025-03-30,1610612740,1610612766,98,94
22401082,2024,2025-03-30,1610612752,1610612757,110,93
22401088,2024,2025-03-30,1610612756,1610612745,109,148
22401081,2024,2025-03-30,1610612739,1610612746,127,122
22401084,2024,2025-03-30,1610612750,1610612765,123,104
22401087,2024,2025-03-30,1610612755,1610612761,109,127
22401086,2024,2025-03-30,1610612759,1610612744,106,148
22401083,2024,2025-03-30,1610612749,1610612737,124,145
2022400517,2024,2025-03-29,1612709928,1612709919,97,108
22401079,2024,2025-03-29,1610612760,1610612754,132,111
22401077,2024,2025-03-29,1610612741,1610612742,119,120
2022400522,2024,2025-03-29,1612709911,1612709905,139,128
2022400519,2024,2025-03-29,1612709921,1612709893,93,128
2022400521,2024,2025-03-29,1612709925,1612709913,124,119
2022400523,2024,2025-03-29,1612709908,1612709914,107,111
2022400514,2024,2025-03-29,1612709926,1612709931,119,112
2022400527,2024,2025-03-29,1612709902,1612709933,119,103
2022400520,2024,2025-03-29,1612709932,1612709923,120,113
2022400525,2024,2025-03-29,1612709927,1612709924,124,119
22401074,2024,2025-03-29,1610612753,1610612758,121,91
2022400518,2024,2025-03-29,1612709917,1612709910,118,128
2022400526,2024,2025-03-29,1612709918,1612709890,107,129
2022400524,2024,2025-03-29,1612709904,1612709889,112,119
22401080,2024,2025-03-29,1610612759,1610612738,111,121
22401075,2024,2025-03-29,1610612764,1610612751,112,115
22401076,2024,2025-03-29,1610612755,1610612748,95,118
2022400515,2024,2025-03-29,1612709909,1612709920,122,111
22401078,2024,2025-03-29,1610612763,1610612747,127,134
2022400516,2024,2025-03-29,1612709929,1612709922,119,112
22401070,2024,2025-03-28,1610612749,1610612752,107,116
2022400512,2024,2025-03-28,1612709927,1612709924,107,95
2022400507,2024,2025-03-28,1612709921,1612709893,114,121
22401068,2024,2025-03-28,1610612751,1610612746,100,132
22401071,2024,2025-03-28,1610612750,1610612756,124,109
2022400510,2024,2025-03-28,1612709908,1612709914,113,102
2022400511,2024,2025-03-28,1612709904,1612709889,111,107
22401073,2024,2025-03-28,1610612743,1610612762,129,93
2022400505,2024,2025-03-28,1612709928,1612709919,101,108
2022400509,2024,2025-03-28,1612709911,1612709905,123,127
2022400506,2024,2025-03-28,1612709929,1612709922,101,112
2022400513,2024,2025-03-28,1612709902,1612709933,150,105
22401069,2024,2025-03-28,1610612761,1610612766,108,97
22401067,2024,2025-03-28,1610612765,1610612739,133,122
22401072,2024,2025-03-28,1610612740,1610612744,95,111
2022400508,2024,2025-03-28,1612709925,1612709913,124,122
2022400503,2024,2025-03-27,1612709903,1612709931,117,119
22401059,2024,2025-03-27,1610612739,1610612759,124,116
22401063,2024,2025-03-27,1610612741,1610612747,119,117
22401065,2024,2025-03-27,1610612762,1610612745,110,121
2022400502,2024,2025-03-27,1612709926,1612709890,113,102
22401062,2024,2025-03-27,1610612748,1610612737,122,112
2022400501,2024,2025-03-27,1612709917,1612709910,110,112
22401061,2024,2025-03-27,1610612764,1610612754,109,162
22401060,2024,2025-03-27,1610612753,1610612742,92,101
2022400504,2024,2025-03-27,1612709934,1612709918,134,107
22401066,2024,2025-03-27,1610612758,1610612757,128,107
22401064,2024,2025-03-27,1610612760,1610612763,125,104
22401054,2024,2025-03-26,1610612751,1610612761,86,116
2022400499,2024,2025-03-26,1612709889,1612709933,114,119
22401058,2024,2025-03-26,1610612756,1610612738,102,132
22401053,2024,2025-03-26,1610612755,1610612764,114,119
2022400495,2024,2025-03-26,1612709920,1612709921,122,127
2022400500,2024,2025-03-26,1612709914,1612709904,122,106
2022400498,2024,2025-03-26,1612709919,1612709915,122,113
22401057,2024,2025-03-26,1610612743,1610612749,127,117
22401056,2024,2025-03-26,1610612752,1610612746,113,126
2022400497,2024,2025-03-26,1612709925,1612709932,109,105
22401055,2024,2025-03-26,1610612754,1610612747,119,120
2022400496,2024,2025-03-26,1612709929,1612709928,101,114
22401045,2024,2025-03-25,1610612766,1610612753,104,111
2022400490,2024,2025-03-25,1612709911,1612709918,136,108
22401047,2024,2025-03-25,1610612748,1610612744,112,86
2022400494,2024,2025-03-25,1612709905,1612709902,134,130
22401046,2024,2025-03-25,1610612765,1610612759,122,96
2022400491,2024,2025-03-25,1612709926,1612709890,93,130
22401049,2024,2025-03-25,1610612745,1610612737,121,114
22401052,2024,2025-03-25,1610612758,1610612760,105,121
22401051,2024,2025-03-25,1610612757,1610612739,111,122
2022400492,2024,2025-03-25,1612709908,1612709913,119,114
2022400493,2024,2025-03-25,1612709931,1612709934,105,100
22401050,2024,2025-03-25,1610612762,1610612763,103,140
22401048,2024,2025-03-25,1610612752,1610612742,128,113
22401044,2024,2025-03-24,1610612758,1610612738,95,113
22401037,2024,2025-03-24,1610612754,1610612750,119,103
2022400484,2024,2025-03-24,1612709910,1612709923,113,116
22401042,2024,2025-03-24,1610612743,1610612741,119,129
2022400485,2024,2025-03-24,1612709917,1612709927,107,140
2022400488,2024,2025-03-24,1612709933,1612709904,113,124
2022400487,2024,2025-03-24,1612709911,1612709918,123,113
22401039,2024,2025-03-24,1610612764,1610612761,104,112
22401040,2024,2025-03-24,1610612751,1610612742,101,120
22401038,2024,2025-03-24,1610612753,1610612747,118,106
22401043,2024,2025-03-24,1610612756,1610612749,108,106
22401041,2024,2025-03-24,1610612740,1610612755,112,99
2022400486,2024,2025-03-24,1612709925,1612709932,115,119
2022400489,2024,2025-03-24,1612709905,1612709902,122,118
2022400481,2024,2025-03-23,1612709893,1612709929,95,120
22401031,2024,2025-03-23,1610612737,1610612755,132,119
22401033,2024,2025-03-23,1610612761,1610612759,89,123
2022400479,2024,2025-03-23,1612709920,1612709928,101,122
22401034,2024,2025-03-23,1610612757,1610612738,116,129
2022400480,2024,2025-03-23,1612709889,1612709926,126,123
2022400483,2024,2025-03-23,1612709931,1612709934,112,114
22401029,2024,2025-03-23,1610612765,1610612740,136,130
22401030,2024,2025-03-23,1610612762,1610612739,91,120
22401032,2024,2025-03-23,1610612748,1610612766,122,105
22401035,2024,2025-03-23,1610612745,1610612743,111,116
2022400482,2024,2025-03-23,1612709890,1612709903,110,108
2022400478,2024,2025-03-23,1612709915,1612709909,117,99
22401036,2024,2025-03-23,1610612746,1610612760,101,103
22401024,2024,2025-03-22,1610612754,1610612751,108,103
2022400474,2024,2025-03-22,1612709890,1612709903,107,113
2022400470,2024,2025-03-22,1612709917,1612709927,87,92
2022400475,2024,2025-03-22,1612709908,1612709911,133,115
22401028,2024,2025-03-22,1610612747,1610612741,115,146
2022400472,2024,2025-03-22,1612709933,1612709924,117,110
2022400471,2024,2025-03-22,1612709893,1612709925,97,91
22401027,2024,2025-03-22,1610612758,1610612749,108,114
22401025,2024,2025-03-22,1610612737,1610612744,124,115
2022400473,2024,2025-03-22,1612709932,1612709921,145,152
2022400477,2024,2025-03-22,1612709918,1612709913,79,113
22401026,2024,2025-03-22,1610612752,1610612764,122,103
2022400476,2024,2025-03-22,1612709923,1612709910,100,103
22401021,2024,2025-03-21,1610612756,1610612739,123,112
22401017,2024,2025-03-21,1610612760,1610612766,141,106
22401015,2024,2025-03-21,1610612748,1610612745,98,102
22401018,2024,2025-03-21,1610612759,1610612755,128,120
22401022,2024,2025-03-21,1610612757,1610612743,128,109
2022400464,2024,2025-03-21,1612709889,1612709914,104,105
2022400469,2024,2025-03-21,1612709934,1612709926,139,125
2022400465,2024,2025-03-21,1612709929,1612709919,125,130
22401014,2024,2025-03-21,1610612764,1610612753,105,120
22401020,2024,2025-03-21,1610612762,1610612738,99,121
2022400466,2024,2025-03-21,1612709932,1612709920,137,121
22401016,2024,2025-03-21,1610612750,1610612740,134,93
2022400468,2024,2025-03-21,1612709923,1612709931,101,114
2022400467,2024,2025-03-21,1612709904,1612709905,117,113
22401019,2024,2025-03-21,1610612742,1610612765,123,117
22401023,2024,2025-03-21,1610612746,1610612763,128,108
2022400460,2024,2025-03-20,1612709927,1612709921,113,101
2022400459,2024,2025-03-20,1612709915,1612709925,133,140
22401005,2024,2025-03-20,1610612744,1610612761,117,114
2022400462,2024,2025-03-20,1612709918,1612709902,116,131
2022400458,2024,2025-03-20,1612709909,1612709910,113,103
2022400463,2024,2025-03-20,1612709924,1612709908,95,109
22400996,2024,2025-03-20,1610612747,1610612749,89,118
22401010,2024,2025-03-20,1610612766,1610612752,115,98
2022400461,2024,2025-03-20,1612709890,1612709911,136,115
22401011,2024,2025-03-20,1610612754,1610612751,105,99
22401013,2024,2025-03-20,1610612758,1610612741,116,128
22401009,2024,2025-03-19,1610612758,1610612739,123,119
2022400456,2024,2025-03-19,1612709922,1612709932,109,94
2022400450,2024,2025-03-19,1612709903,1612709931,125,95
22401001,2024,2025-03-19,1610612750,1610612740,115,119
22400998,2024,2025-03-19,1610612754,1610612742,135,131
2022400454,2024,2025-03-19,1612709929,1612709919,123,138
22400627,2024,2025-03-19,1610612762,1610612764,128,112
22401000,2024,2025-03-19,1610612748,1610612765,113,116
2022400457,2024,2025-03-19,1612709904,1612709905,110,119
22401003,2024,2025-03-19,1610612759,1610612752,120,105
22401008,2024,2025-03-19,1610612757,1610612763,115,99
22401006,2024,2025-03-19,1610612747,1610612743,120,108
22401002,2024,2025-03-19,1610612760,1610612755,133,100
2022400453,2024,2025-03-19,1612709934,1612709926,111,112
22400999,2024,2025-03-19,1610612753,1610612745,108,116
2022400455,2024,2025-03-19,1612709917,1612709920,123,115
2022400452,2024,2025-03-19,1612709889,1612709914,101,121
2022400451,2024,2025-03-19,1612709928,1612709910,98,107
22401007,2024,2025-03-19,1610612756,1610612741,127,121
2022400448,2024,2025-03-18,1612709918,1612709902,116,127
2022400446,2024,2025-03-18,1612709889,1612709933,124,118
22400994,2024,2025-03-18,1610612738,1610612751,104,96
2022400447,2024,2025-03-18,1612709927,1612709921,97,101
22401012,2024,2025-03-18,1610612744,1610612749,104,93
22400997,2024,2025-03-18,1610612746,1610612739,132,119
2022400445,2024,2025-03-18,1612709928,1612709909,120,123
2022400449,2024,2025-03-18,1612709924,1612709908,108,121
22400993,2024,2025-03-18,1610612766,1610612737,102,134
22400987,2024,2025-03-17,1610612740,1610612765,81,127
22400985,2024,2025-03-17,1610612745,1610612755,144,137
2022400444,2024,2025-03-17,1612709920,1612709923,115,114
22400991,2024,2025-03-17,1610612756,1610612761,129,89
22400986,2024,2025-03-17,1610612750,1610612754,130,132
22400984,2024,2025-03-17,1610612752,1610612748,116,95
22400990,2024,2025-03-17,1610612744,1610612743,105,114
22400995,2024,2025-03-17,1610612757,1610612764,112,97
22400537,2024,2025-03-17,1610612747,1610612759,125,109
22400992,2024,2025-03-17,1610612758,1610612763,132,122
22400989,2024,2025-03-17,1610612762,1610612741,97,111
2022400438,2024,2025-03-16,1612709925,1612709914,135,115
22400979,2024,2025-03-16,1610612739,1610612753,103,108
2022400443,2024,2025-03-16,1612709924,1612709931,106,113
2022400441,2024,2025-03-16,1612709913,1612709902,98,107
22400980,2024,2025-03-16,1610612757,1610612761,105,102
2022400440,2024,2025-03-16,1612709890,1612709934,111,113
22400538,2024,2025-03-16,1610612746,1610612766,123,88
22400982,2024,2025-03-16,1610612749,1610612760,105,121
2022400435,2024,2025-03-16,1612709932,1612709893,135,121
22400978,2024,2025-03-16,1610612751,1610612737,122,114
22400976,2024,2025-03-16,1610612742,1610612755,125,130
22400977,2024,2025-03-16,1610612747,1610612756,107,96
2022400437,2024,2025-03-16,1612709917,1612709933,110,103
22400981,2024,2025-03-16,1610612750,1610612762,128,102
2022400439,2024,2025-03-16,1612709922,1612709915,110,115
2022400436,2024,2025-03-16,1612709928,1612709929,112,89
2022400442,2024,2025-03-16,1612709904,1612709911,121,101
22400973,2024,2025-03-15,1610612759,1610612740,119,115
2022400433,2024,2025-03-15,1612709917,1612709933,117,100
2022400431,2024,2025-03-15,1612709920,1612709923,126,128
22400972,2024,2025-03-15,1610612749,1610612754,126,119
2022400432,2024,2025-03-15,1612709905,1612709908,109,108
2022400434,2024,2025-03-15,1612709918,1612709903,101,121
22400968,2024,2025-03-15,1610612751,1610612738,113,115
22400975,2024,2025-03-15,1610612743,1610612764,123,126
22400974,2024,2025-03-15,1610612744,1610612752,97,94
22400971,2024,2025-03-15,1610612763,1610612748,125,91
22400970,2024,2025-03-15,1610612745,1610612741,117,114
22400969,2024,2025-03-15,1610612765,1610612760,107,113
2022400428,2024,2025-03-14,1612709927,1612709893,106,108
22400967,2024,2025-03-14,1610612756,1610612758,122,106
22400961,2024,2025-03-14,1610612745,1610612742,133,96
22400962,2024,2025-03-14,1610612763,1610612739,124,133
2022400424,2024,2025-03-14,1612709921,1612709926,130,116
2022400430,2024,2025-03-14,1612709924,1612709931,104,110
2022400426,2024,2025-03-14,1612709925,1612709914,137,119
22400964,2024,2025-03-14,1610612759,1610612766,134,145
22400960,2024,2025-03-14,1610612737,1610612746,98,121
2022400425,2024,2025-03-14,1612709932,1612709928,118,109
2022400423,2024,2025-03-14,1612709922,1612709915,104,115
22400965,2024,2025-03-14,1610612743,1610612747,131,126
22400963,2024,2025-03-14,1610612750,1610612753,118,111
2022400427,2024,2025-03-14,1612709913,1612709902,100,113
2022400429,2024,2025-03-14,1612709918,1612709903,130,138
22400959,2024,2025-03-14,1610612755,1610612754,100,112
22400966,2024,2025-03-14,1610612762,1610612761,118,126
22400958,2024,2025-03-14,1610612748,1610612738,91,103
22401141,2024,2025-03-13,1610612740,1610612753,93,113
2022400422,2024,2025-03-13,1612709905,1612709908,107,100
22400954,2024,2025-03-13,1610612765,1610612764,125,129
2022400420,2024,2025-03-13,1612709921,1612709926,132,118
2022400418,2024,2025-03-13,1612709909,1612709929,126,122
22400955,2024,2025-03-13,1610612749,1610612747,126,106
2022400421,2024,2025-03-13,1612709923,1612709910,97,114
22400957,2024,2025-03-13,1610612744,1610612758,130,104
2022400419,2024,2025-03-13,1612709922,1612709890,115,108
22400956,2024,2025-03-13,1610612741,1610612751,116,110
22400947,2024,2025-03-12,1610612761,1610612755,118,105
22400948,2024,2025-03-12,1610612748,1610612746,104,119
22400950,2024,2025-03-12,1610612763,1610612762,122,115
2022400413,2024,2025-03-12,1612709893,1612709933,120,113
22400945,2024,2025-03-12,1610612737,1610612766,123,110
2022400412,2024,2025-03-12,1612709932,1612709928,103,118
2022400414,2024,2025-03-12,1612709925,1612709902,111,145
2022400417,2024,2025-03-12,1612709923,1612709915,100,129
22400951,2024,2025-03-12,1610612759,1610612742,126,116
22400946,2024,2025-03-12,1610612738,1610612760,112,118
2022400415,2024,2025-03-12,1612709913,1612709914,119,114
22400949,2024,2025-03-12,1610612745,1610612756,111,104
2022400416,2024,2025-03-12,1612709889,1612709911,130,102
22400952,2024,2025-03-12,1610612743,1610612750,95,115
22400953,2024,2025-03-12,1610612757,1610612752,113,114
2022400407,2024,2025-03-11,1612709925,1612709922,118,104
2022400409,2024,2025-03-11,1612709926,1612709903,119,121
2022400405,2024,2025-03-11,1612709919,1612709921,110,93
2022400408,2024,2025-03-11,1612709904,1612709924,121,118
2022400411,2024,2025-03-11,1612709934,1612709908,123,118
22400940,2024,2025-03-11,1610612739,1610612751,109,104
22400941,2024,2025-03-11,1610612765,1610612764,123,103
2022400410,2024,2025-03-11,1612709931,1612709890,96,109
2022400406,2024,2025-03-11,1612709909,1612709929,120,124
22400942,2024,2025-03-11,1610612754,1610612749,115,114
22400943,2024,2025-03-11,1610612740,1610612746,127,120
22400935,2024,2025-03-10,1610612763,1610612756,120,118
22400934,2024,2025-03-10,1610612745,1610612753,97,84
22400931,2024,2025-03-10,1610612748,1610612766,102,105
2022400404,2024,2025-03-10,1612709905,1612709932,97,110
22400929,2024,2025-03-10,1610612738,1610612762,114,108
22400932,2024,2025-03-10,1610612761,1610612764,119,104
22400933,2024,2025-03-10,1610612741,1610612754,121,103
22400930,2024,2025-03-10,1610612751,1610612747,111,108
22400937,2024,2025-03-10,1610612759,1610612742,129,133
22400939,2024,2025-03-10,1610612758,1610612752,104,133
22400936,2024,2025-03-10,1610612760,1610612743,127,140
2022400403,2024,2025-03-10,1612709889,1612709911,123,93
22400938,2024,2025-03-10,1610612744,1610612757,130,120
22400928,2024,2025-03-10,1610612737,1610612755,132,123
2022400397,2024,2025-03-09,1612709926,1612709903,121,129
22400923,2024,2025-03-09,1610612740,1610612763,104,107
22400924,2024,2025-03-09,1610612755,1610612762,126,122
2022400398,2024,2025-03-09,1612709925,1612709922,124,110
22400925,2024,2025-03-09,1610612750,1610612759,141,124
22400920,2024,2025-03-09,1610612760,1610612743,127,103
2022400402,2024,2025-03-09,1612709933,1612709927,112,116
2022400399,2024,2025-03-09,1612709902,1612709931,118,107
22400927,2024,2025-03-09,1610612746,1610612758,111,110
2022400401,2024,2025-03-09,1612709913,1612709919,100,104
22400926,2024,2025-03-09,1610612757,1610612765,112,119
2022400396,2024,2025-03-09,1612709920,1612709928,94,114
2022400395,2024,2025-03-09,1612709909,1612709910,108,106
22400922,2024,2025-03-09,1610612749,1610612739,100,112
22400921,2024,2025-03-09,1610612742,1610612756,116,125
2022400400,2024,2025-03-09,1612709914,1612709924,113,126
22400912,2024,2025-03-08,1610612766,1610612751,105,102
2022400390,2024,2025-03-08,1612709893,1612709915,127,123
2022400393,2024,2025-03-08,1612709905,1612709932,121,103
22400913,2024,2025-03-08,1610612745,1610612740,146,117
2022400394,2024,2025-03-08,1612709914,1612709924,123,105
22400916,2024,2025-03-08,1610612748,1610612741,109,114
22400915,2024,2025-03-08,1610612761,1610612764,117,118
22400914,2024,2025-03-08,1610612737,1610612754,120,118
22400918,2024,2025-03-08,1610612738,1610612747,111,101
2022400391,2024,2025-03-08,1612709913,1612709917,128,107
22400919,2024,2025-03-08,1610612744,1610612765,115,110
22400917,2024,2025-03-08,1610612749,1610612753,109,111
2022400392,2024,2025-03-08,1612709908,1612709918,115,104
22400907,2024,2025-03-07,1610612748,1610612750,104,106
2022400383,2024,2025-03-07,1612709889,1612709903,133,131
22400908,2024,2025-03-07,1610612760,1610612757,107,89
2022400387,2024,2025-03-07,1612709890,1612709904,101,108
22400904,2024,2025-03-07,1610612766,1610612739,117,118
22400911,2024,2025-03-07,1610612746,1610612752,105,95
2022400385,2024,2025-03-07,1612709909,1612709922,107,118
22400905,2024,2025-03-07,1610612761,1610612762,118,109
2022400386,2024,2025-03-07,1612709920,1612709929,127,134
2022400384,2024,2025-03-07,1612709893,1612709915,110,114
22400906,2024,2025-03-07,1610612742,1610612763,111,122
2022400388,2024,2025-03-07,1612709934,1612709928,112,113
22400910,2024,2025-03-07,1610612758,1610612759,127,109
22400909,2024,2025-03-07,1610612743,1610612756,149,141
2022400389,2024,2025-03-07,1612709902,1612709927,110,112
2022400376,2024,2025-03-06,1612709924,1612709932,114,118
22400901,2024,2025-03-06,1610612751,1610612744,119,121
2022400381,2024,2025-03-06,1612709908,1612709918,140,118
22400900,2024,2025-03-06,1610612738,1610612755,123,105
22400944,2024,2025-03-06,1610612753,1610612741,123,125
2022400382,2024,2025-03-06,1612709934,1612709928,114,106
2022400380,2024,2025-03-06,1612709926,1612709905,124,128
22400903,2024,2025-03-06,1610612747,1610612752,113,109
2022400379,2024,2025-03-06,1612709913,1612709917,115,136
2022400378,2024,2025-03-06,1612709890,1612709919,121,107
22400899,2024,2025-03-06,1610612737,1610612754,124,118
22400902,2024,2025-03-06,1610612740,1610612745,97,109
2022400377,2024,2025-03-06,1612709920,1612709929,117,120
2022400372,2024,2025-03-05,1612709893,1612709925,144,149
22400892,2024,2025-03-05,1610612766,1610612750,110,125
22400897,2024,2025-03-05,1610612749,1610612742,137,107
2022400375,2024,2025-03-05,1612709902,1612709927,98,116
22400893,2024,2025-03-05,1610612739,1610612748,112,107
22400891,2024,2025-03-05,1610612738,1610612757,128,118
22400896,2024,2025-03-05,1610612743,1610612758,116,110
22400894,2024,2025-03-05,1610612764,1610612762,125,122
22400898,2024,2025-03-05,1610612746,1610612765,123,115
22400895,2024,2025-03-05,1610612763,1610612760,103,120
2022400374,2024,2025-03-05,1612709933,1612709931,124,110
2022400373,2024,2025-03-05,1612709889,1612709903,117,102
2022400371,2024,2025-03-04,1612709914,1612709934,136,127
22400882,2024,2025-03-04,1610612754,1610612745,115,102
2022400367,2024,2025-03-04,1612709913,1612709909,112,111
22400884,2024,2025-03-04,1610612737,1610612749,121,127
22400885,2024,2025-03-04,1610612752,1610612744,102,114
2022400366,2024,2025-03-04,1612709890,1612709919,103,111
22400887,2024,2025-03-04,1610612750,1610612755,126,112
22400889,2024,2025-03-04,1610612756,1610612746,119,117
2022400369,2024,2025-03-04,1612709926,1612709905,108,118
22400888,2024,2025-03-04,1610612759,1610612751,127,113
2022400365,2024,2025-03-04,1612709928,1612709922,102,111
2022400370,2024,2025-03-04,1612709908,1612709904,124,119
22400886,2024,2025-03-04,1610612741,1610612739,117,139
2022400364,2024,2025-03-04,1612709917,1612709915,111,122
2022400368,2024,2025-03-04,1612709910,1612709921,109,114
22400883,2024,2025-03-04,1610612753,1610612761,113,114
22400890,2024,2025-03-04,1610612747,1610612740,136,115
22400876,2024,2025-03-03,1610612755,1610612757,102,119
22400878,2024,2025-03-03,1610612763,1610612737,130,132
22400877,2024,2025-03-03,1610612748,1610612764,106,90
2022400363,2024,2025-03-03,1612709925,1612709923,125,123
22400879,2024,2025-03-03,1610612760,1610612745,137,128
2022400362,2024,2025-03-03,1612709903,1612709911,130,127
22400880,2024,2025-03-03,1610612742,1610612758,98,122
22400881,2024,2025-03-03,1610612762,1610612765,106,134
22400875,2024,2025-03-03,1610612766,1610612744,101,119
2022400361,2024,2025-03-03,1612709910,1612709920,122,112
22400866,2024,2025-03-02,1610612738,1610612743,110,103
22400869,2024,2025-03-02,1610612748,1610612752,112,116
22400873,2024,2025-03-02,1610612756,1610612750,98,116
22400874,2024,2025-03-02,1610612747,1610612746,108,102
2022400357,2024,2025-03-02,1612709913,1612709909,111,91
2022400360,2024,2025-03-02,1612709924,1612709905,105,120
22400868,2024,2025-03-02,1610612754,1610612741,127,112
22400871,2024,2025-03-02,1610612759,1610612760,132,146
2022400359,2024,2025-03-02,1612709933,1612709931,133,110
2022400358,2024,2025-03-02,1612709918,1612709921,122,118
22400867,2024,2025-03-02,1610612739,1610612757,133,129
2022400355,2024,2025-03-02,1612709929,1612709908,108,126
2022400356,2024,2025-03-02,1612709925,1612709923,132,101
22400870,2024,2025-03-02,1610612753,1610612761,102,104
22400872,2024,2025-03-02,1610612762,1610612740,121,128
22400861,2024,2025-03-01,1610612765,1610612751,115,94
2022400353,2024,2025-03-01,1612709924,1612709910,118,103
22400865,2024,2025-03-01,1610612742,1610612749,117,132
2022400349,2024,2025-03-01,1612709890,1612709889,116,98
2022400351,2024,2025-03-01,1612709914,1612709904,117,98
2022400348,2024,2025-03-01,1612709922,1612709919,114,97
2022400354,2024,2025-03-01,1612709902,1612709926,117,125
22400864,2024,2025-03-01,1610612755,1610612744,126,119
22400862,2024,2025-03-01,1610612745,1610612758,103,113
22400860,2024,2025-03-01,1610612766,1610612764,100,113
2022400350,2024,2025-03-01,1612709927,1612709920,104,102
2022400352,2024,2025-03-01,1612709918,1612709921,103,110
22400863,2024,2025-03-01,1610612763,1610612759,128,130
22400850,2024,2025-02-28,1610612765,1610612743,119,134
22400852,2024,2025-02-28,1610612738,1610612739,116,123
2022400340,2024,2025-02-28,1612709929,1612709908,87,100
2022400346,2024,2025-02-28,1612709934,1612709933,114,110
22400854,2024,2025-02-28,1610612748,1610612754,125,120
22400856,2024,2025-02-28,1610612763,1610612752,113,114
22400857,2024,2025-02-28,1610612756,1610612740,125,108
2022400345,2024,2025-02-28,1612709903,1612709905,123,114
22400858,2024,2025-02-28,1610612762,1610612750,117,116
2022400344,2024,2025-02-28,1612709927,1612709920,118,104
22400851,2024,2025-02-28,1610612737,1610612760,119,135
2022400342,2024,2025-02-28,1612709922,1612709919,132,103
22400859,2024,2025-02-28,1610612747,1610612746,106,102
2022400341,2024,2025-02-28,1612709917,1612709893,123,115
22400855,2024,2025-02-28,1610612741,1610612761,125,115
22400853,2024,2025-02-28,1610612751,1610612757,102,121
2022400347,2024,2025-02-28,1612709902,1612709926,109,115
2022400343,2024,2025-02-28,1612709911,1612709925,101,125
2022400338,2024,2025-02-27,1612709923,1612709913,102,100
22400848,2024,2025-02-27,1610612756,1610612740,116,124
22400846,2024,2025-02-27,1610612749,1610612743,121,112
22400845,2024,2025-02-27,1610612753,1610612744,115,121
22400849,2024,2025-02-27,1610612747,1610612750,111,102
2022400336,2024,2025-02-27,1612709890,1612709921,124,121
22400847,2024,2025-02-27,1610612742,1610612766,103,96
2022400339,2024,2025-02-27,1612709924,1612709910,110,100
2022400337,2024,2025-02-27,1612709904,1612709918,125,107
2022400331,2024,2025-02-26,1612709889,1612709920,123,119
22400837,2024,2025-02-26,1610612754,1610612761,111,91
22400838,2024,2025-02-26,1610612752,1610612755,110,105
22400843,2024,2025-02-26,1610612762,1610612758,101,118
2022400335,2024,2025-02-26,1612709903,1612709929,130,117
22400839,2024,2025-02-26,1610612764,1610612757,121,129
2022400334,2024,2025-02-26,1612709909,1612709908,124,121
2022400333,2024,2025-02-26,1612709914,1612709926,120,108
22400844,2024,2025-02-26,1610612745,1610612759,118,106
22400842,2024,2025-02-26,1610612741,1610612746,117,122
2022400332,2024,2025-02-26,1612709928,1612709922,101,108
22400836,2024,2025-02-26,1610612765,1610612738,117,97
22400841,2024,2025-02-26,1610612748,1610612737,131,109
22400840,2024,2025-02-26,1610612751,1610612760,121,129
22400829,2024,2025-02-25,1610612761,1610612738,101,111
22400830,2024,2025-02-25,1610612753,1610612739,82,122
2022400325,2024,2025-02-25,1612709917,1612709893,103,117
2022400330,2024,2025-02-25,1612709931,1612709890,88,115
2022400329,2024,2025-02-25,1612709904,1612709918,114,107
2022400327,2024,2025-02-25,1612709919,1612709921,117,119
22400834,2024,2025-02-25,1610612744,1610612766,128,92
22400831,2024,2025-02-25,1610612745,1610612749,100,97
22400832,2024,2025-02-25,1610612763,1610612756,151,148
22400833,2024,2025-02-25,1610612740,1610612759,109,103
2022400328,2024,2025-02-25,1612709927,1612709923,104,106
2022400011,2024,2025-02-25,1612709934,1612709933,135,109
22400835,2024,2025-02-25,1610612747,1610612742,107,99
2022400326,2024,2025-02-25,1612709932,1612709915,104,107
2022400323,2024,2025-02-24,1612709911,1612709924,116,123
22400827,2024,2025-02-24,1610612762,1610612757,112,114
22400821,2024,2025-02-24,1610612765,1610612746,106,97
2022400321,2024,2025-02-24,1612709910,1612709922,121,93
2022400322,2024,2025-02-24,1612709917,1612709909,121,117
22400822,2024,2025-02-24,1610612754,1610612743,116,125
22400826,2024,2025-02-24,1610612760,1610612750,128,131
2022400324,2024,2025-02-24,1612709903,1612709929,119,96
22400823,2024,2025-02-24,1610612755,1610612741,110,142
22400825,2024,2025-02-24,1610612737,1610612748,98,86
22400828,2024,2025-02-24,1610612758,1610612766,130,88
22400824,2024,2025-02-24,1610612764,1610612751,107,99
22400818,2024,2025-02-23,1610612740,1610612759,114,96
22400812,2024,2025-02-23,1610612744,1610612742,126,102
22400813,2024,2025-02-23,1610612754,1610612746,129,111
22400814,2024,2025-02-23,1610612737,1610612765,143,148
2022400315,2024,2025-02-23,1612709893,1612709913,95,106
2022400319,2024,2025-02-23,1612709926,1612709915,115,107
2022400317,2024,2025-02-23,1612709923,1612709928,121,104
22400816,2024,2025-02-23,1610612761,1610612756,127,109
2022400316,2024,2025-02-23,1612709921,1612709925,121,119
22400819,2024,2025-02-23,1610612739,1610612763,129,123
22400820,2024,2025-02-23,1610612750,1610612760,123,130
2022400318,2024,2025-02-23,1612709911,1612709924,108,117
22400815,2024,2025-02-23,1610612753,1610612764,110,90
22400817,2024,2025-02-23,1610612749,1610612748,120,113
2022400320,2024,2025-02-23,1612709918,1612709933,98,87
22400811,2024,2025-02-23,1610612738,1610612752,118,105
2022400306,2024,2025-02-22,1612709893,1612709913,100,104
22400807,2024,2025-02-22,1610612755,1610612751,103,105
2022400314,2024,2025-02-22,1612709902,1612709889,125,134
2022400310,2024,2025-02-22,1612709926,1612709908,136,120
22400810,2024,2025-02-22,1610612757,1610612766,141,88
2022400311,2024,2025-02-22,1612709927,1612709932,91,127
2022400312,2024,2025-02-22,1612709905,1612709934,118,98
2022400307,2024,2025-02-22,1612709923,1612709928,107,128
22400809,2024,2025-02-22,1610612762,1610612745,124,115
22400808,2024,2025-02-22,1610612743,1610612747,100,123
2022400308,2024,2025-02-22,1612709917,1612709909,99,119
22400806,2024,2025-02-22,1610612741,1610612756,117,121
2022400309,2024,2025-02-22,1612709922,1612709931,89,71
2022400313,2024,2025-02-22,1612709918,1612709933,96,120
22400799,2024,2025-02-21,1610612764,1610612749,101,104
22400801,2024,2025-02-21,1610612745,1610612750,121,115
2022400304,2024,2025-02-21,1612709924,1612709903,127,136
22400803,2024,2025-02-21,1610612742,1610612740,111,103
22400800,2024,2025-02-21,1610612761,1610612748,111,120
22400802,2024,2025-02-21,1610612759,1610612765,110,125
22400797,2024,2025-02-21,1610612739,1610612752,142,105
2022400302,2024,2025-02-21,1612709921,1612709925,137,114
22400804,2024,2025-02-21,1610612762,1610612760,107,130
22400798,2024,2025-02-21,1610612753,1610612763,104,105
2022400305,2024,2025-02-21,1612709902,1612709889,113,103
22400805,2024,2025-02-21,1610612758,1610612744,108,132
2022400301,2024,2025-02-21,1612709922,1612709931,129,85
2022400303,2024,2025-02-21,1612709919,1612709920,109,106
22400788,2024,2025-02-20,1610612754,1610612763,127,113
2022400300,2024,2025-02-20,1612709905,1612709933,112,123
2022400294,2024,2025-02-20,1612709910,1612709915,97,104
22400796,2024,2025-02-20,1610612757,1610612747,102,110
22400793,2024,2025-02-20,1610612749,1610612746,116,110
2022400296,2024,2025-02-20,1612709919,1612709909,123,111
2022400299,2024,2025-02-20,1612709926,1612709908,110,134
22400791,2024,2025-02-20,1610612751,1610612739,97,110
2022400297,2024,2025-02-20,1612709927,1612709928,106,113
22400789,2024,2025-02-20,1610612755,1610612738,104,124
2022400295,2024,2025-02-20,1612709932,1612709913,109,83
22400795,2024,2025-02-20,1610612759,1610612756,120,109
22400792,2024,2025-02-20,1610612752,1610612741,113,111
22400794,2024,2025-02-20,1610612743,1610612766,129,115
2022400298,2024,2025-02-20,1612709904,1612709911,108,104
22400790,2024,2025-02-20,1610612737,1610612753,108,114
22400524,2024,2025-02-19,1610612747,1610612766,97,100
2032400001,2024,2025-02-16,1612709974,1612709971,35,34
32400011,2024,2025-02-16,1610616851,1610616853,41,32
2032400003,2024,2025-02-16,1612709974,1612709973,26,30
2032400002,2024,2025-02-16,1612709973,1612709972,36,32
32400031,2024,2025-02-16,1610616851,1610616852,25,41
32400021,2024,2025-02-16,1610616852,1610616854,42,35
32400003,2024,2025-02-14,1610616840,1610616839,55,66
32400006,2024,2025-02-14,1610616855,1610616858,25,14
32400005,2024,2025-02-14,1610616857,1610616858,39,40
32400004,2024,2025-02-14,1610616855,1610616856,40,34
2022400293,2024,2025-02-13,1612709905,1612709890,88,108
2022400292,2024,2025-02-13,1612709902,1612709914,152,144
22401004,2024,2025-02-13,1610612762,1610612746,116,120
22400784,2024,2025-02-13,1610612745,1610612744,98,105
2022400284,2024,2025-02-13,1612709929,1612709889,118,115
22400786,2024,2025-02-13,1610612742,1610612748,118,113
2022400289,2024,2025-02-13,1612709913,1612709910,105,127
2022400285,2024,2025-02-13,1612709915,1612709921,107,106
2022400286,2024,2025-02-13,1612709932,1612709923,110,86
2022400287,2024,2025-02-13,1612709920,1612709893,116,130
2022400290,2024,2025-02-13,1612709903,1612709904,120,118
2022400291,2024,2025-02-13,1612709934,1612709908,137,123
22400785,2024,2025-02-13,1610612740,1610612758,140,133
22400787,2024,2025-02-13,1610612750,1610612760,116,101
2022400288,2024,2025-02-13,1612709911,1612709933,116,121
22400776,2024,2025-02-12,1610612750,1610612749,101,103
22400771,2024,2025-02-12,1610612764,1610612754,130,134
22400783,2024,2025-02-12,1610612746,1610612763,128,114
2022400279,2024,2025-02-12,1612709926,1612709931,129,112
22400779,2024,2025-02-12,1610612745,1610612756,119,111
2022400277,2024,2025-02-12,1612709920,1612709893,102,96
22400780,2024,2025-02-12,1610612743,1610612757,132,121
22400782,2024,2025-02-12,1610612742,1610612744,111,107
2022400278,2024,2025-02-12,1612709928,1612709917,116,106
2022400280,2024,2025-02-12,1612709903,1612709904,123,104
22400773,2024,2025-02-12,1610612752,1610612737,149,148
22400769,2024,2025-02-12,1610612738,1610612759,116,103
2022400276,2024,2025-02-12,1612709932,1612709909,118,109
22400772,2024,2025-02-12,1610612751,1610612755,100,96
22400781,2024,2025-02-12,1610612762,1610612747,131,119
22400770,2024,2025-02-12,1610612753,1610612766,102,86
2022400281,2024,2025-02-12,1612709929,1612709910,113,119
22400774,2024,2025-02-12,1610612761,1610612739,108,131
22400777,2024,2025-02-12,1610612740,1610612758,111,119
22400778,2024,2025-02-12,1610612760,1610612748,115,101
22400775,2024,2025-02-12,1610612741,1610612765,110,128
2022400283,2024,2025-02-12,1612709905,1612709890,102,109
2022400282,2024,2025-02-12,1612709913,1612709919,126,119
2022400275,2024,2025-02-11,1612709911,1612709922,104,114
22400765,2024,2025-02-11,1610612754,1610612752,115,128
22400764,2024,2025-02-11,1610612755,1610612761,103,106
22400766,2024,2025-02-11,1610612741,1610612765,92,132
2022400274,2024,2025-02-11,1612709921,1612709923,111,85
22400767,2024,2025-02-11,1610612756,1610612763,112,119
2022400269,2024,2025-02-10,1612709919,1612709932,111,115
22400757,2024,2025-02-10,1610612764,1610612759,121,131
22400756,2024,2025-02-10,1610612753,1610612737,106,112
22400761,2024,2025-02-10,1610612760,1610612740,137,101
22400759,2024,2025-02-10,1610612748,1610612738,85,103
2022400266,2024,2025-02-10,1612709928,1612709889,114,119
22400768,2024,2025-02-10,1610612747,1610612762,132,113
22400763,2024,2025-02-10,1610612743,1610612757,146,117
2022400268,2024,2025-02-10,1612709925,1612709917,121,127
22400760,2024,2025-02-10,1610612749,1610612744,111,125
22400762,2024,2025-02-10,1610612742,1610612758,128,129
2022400267,2024,2025-02-10,1612709929,1612709910,121,113
22400758,2024,2025-02-10,1610612751,1610612766,97,89
2022400271,2024,2025-02-10,1612709908,1612709931,115,110
2022400273,2024,2025-02-10,1612709933,1612709904,139,119
2022400272,2024,2025-02-10,1612709934,1612709924,119,107
22400755,2024,2025-02-10,1610612739,1610612750,128,107
2022400270,2024,2025-02-10,1612709926,1612709915,115,127
2022400265,2024,2025-02-09,1612709925,1612709917,119,115
22400753,2024,2025-02-09,1610612745,1610612761,94,87
22400754,2024,2025-02-09,1610612749,1610612755,135,127
22400752,2024,2025-02-09,1610612765,1610612766,112,102
2022400261,2024,2025-02-08,1612709923,1612709915,98,102
22400747,2024,2025-02-08,1610612750,1610612757,114,98
22400748,2024,2025-02-08,1610612752,1610612738,104,131
22400741,2024,2025-02-08,1610612742,1610612745,116,105
2022400260,2024,2025-02-08,1612709904,1612709922,115,105
2022400263,2024,2025-02-08,1612709924,1612709905,125,113
2022400258,2024,2025-02-08,1612709893,1612709919,107,120
22400743,2024,2025-02-08,1610612753,1610612759,112,111
22400750,2024,2025-02-08,1610612758,1610612740,123,118
22400742,2024,2025-02-08,1610612747,1610612754,124,117
2022400255,2024,2025-02-08,1612709921,1612709909,127,133
22400746,2024,2025-02-08,1610612763,1610612760,112,125
2022400253,2024,2025-02-08,1612709928,1612709889,112,110
2022400256,2024,2025-02-08,1612709910,1612709932,114,121
22400744,2024,2025-02-08,1610612764,1610612737,111,125
2022400264,2024,2025-02-08,1612709902,1612709890,92,137
22400751,2024,2025-02-08,1610612746,1610612762,130,110
2022400257,2024,2025-02-08,1612709933,1612709908,98,125
2022400259,2024,2025-02-08,1612709911,1612709914,125,120
22400745,2024,2025-02-08,1610612741,1610612744,111,132
2022400262,2024,2025-02-08,1612709918,1612709931,101,109
2022400254,2024,2025-02-08,1612709929,1612709927,107,101
22400749,2024,2025-02-08,1610612756,1610612743,105,122
22400737,2024,2025-02-07,1610612751,1610612748,102,86
22400740,2024,2025-02-07,1610612756,1610612762,135,127
2022400250,2024,2025-02-07,1612709933,1612709908,103,110
2022400252,2024,2025-02-07,1612709905,1612709934,122,104
2022400246,2024,2025-02-07,1612709893,1612709919,133,136
22400739,2024,2025-02-07,1610612760,1610612761,121,109
22400738,2024,2025-02-07,1610612765,1610612755,125,112
2022400249,2024,2025-02-07,1612709918,1612709931,93,123
2022400251,2024,2025-02-07,1612709902,1612709890,119,103
2022400247,2024,2025-02-07,1612709920,1612709925,104,110
2022400248,2024,2025-02-07,1612709911,1612709914,121,116
22400736,2024,2025-02-07,1610612737,1610612749,115,110
22400734,2024,2025-02-07,1610612766,1610612759,117,116
22400735,2024,2025-02-07,1610612764,1610612739,124,134
22400732,2024,2025-02-06,1610612757,1610612758,108,102
22400731,2024,2025-02-06,1610612747,1610612744,120,112
22400730,2024,2025-02-06,1610612743,1610612753,112,90
2022400245,2024,2025-02-06,1612709913,1612709929,97,110
22400728,2024,2025-02-06,1610612738,1610612742,120,127
22400729,2024,2025-02-06,1610612750,1610612745,127,114
2022400243,2024,2025-02-06,1612709923,1612709917,87,100
2022400244,2024,2025-02-06,1612709915,1612709909,126,100
22400733,2024,2025-02-06,1610612746,1610612754,112,119
22400727,2024,2025-02-05,1610612758,1610612753,111,130
2022400241,2024,2025-02-05,1612709926,1612709911,142,120
22400722,2024,2025-02-05,1610612761,1610612763,107,138
2022400240,2024,2025-02-05,1612709921,1612709922,116,117
2022400242,2024,2025-02-05,1612709903,1612709905,99,124
22400719,2024,2025-02-05,1610612737,1610612759,125,126
22400718,2024,2025-02-05,1610612765,1610612739,115,118
22400720,2024,2025-02-05,1610612751,1610612764,102,119
22400717,2024,2025-02-05,1610612766,1610612749,102,112
22400723,2024,2025-02-05,1610612750,1610612741,127,108
22400726,2024,2025-02-05,1610612743,1610612740,144,119
22400725,2024,2025-02-05,1610612762,1610612744,131,128
22400721,2024,2025-02-05,1610612755,1610612748,101,108
22400724,2024,2025-02-05,1610612760,1610612756,140,109
22400712,2024,2025-02-04,1610612755,1610612742,118,116
22400711,2024,2025-02-04,1610612751,1610612745,99,97
22400716,2024,2025-02-04,1610612757,1610612754,112,89
2022400237,2024,2025-02-04,1612709931,1612709914,99,104
2022400234,2024,2025-02-04,1612709909,1612709925,98,115
2022400235,2024,2025-02-04,1612709910,1612709920,116,112
2022400238,2024,2025-02-04,1612709903,1612709928,136,139
2022400239,2024,2025-02-04,1612709934,1612709918,120,121
22400715,2024,2025-02-04,1610612746,1610612747,97,122
22400714,2024,2025-02-04,1610612741,1610612748,133,124
22400713,2024,2025-02-04,1610612761,1610612752,115,121
2022400236,2024,2025-02-04,1612709904,1612709902,121,109
22400710,2024,2025-02-04,1610612739,1610612738,105,112
22400700,2024,2025-02-03,1610612766,1610612764,114,124
2022400233,2024,2025-02-03,1612709905,1612709889,101,105
2022400232,2024,2025-02-03,1612709933,1612709923,113,129
2022400228,2024,2025-02-03,1612709926,1612709911,147,118
2022400231,2024,2025-02-03,1612709908,1612709893,124,114
22400705,2024,2025-02-03,1610612760,1610612749,125,96
22400709,2024,2025-02-03,1610612757,1610612756,121,119
22400706,2024,2025-02-03,1610612743,1610612740,125,113
22400704,2024,2025-02-03,1610612750,1610612758,114,116
2022400229,2024,2025-02-03,1612709910,1612709927,130,110
22400702,2024,2025-02-03,1610612752,1610612745,124,118
22400703,2024,2025-02-03,1610612763,1610612759,128,109
22400701,2024,2025-02-03,1610612765,1610612737,130,132
22400707,2024,2025-02-03,1610612762,1610612754,111,112
22400708,2024,2025-02-03,1610612744,1610612753,104,99
2022400230,2024,2025-02-03,1612709921,1612709913,113,117
22400698,2024,2025-02-02,1610612755,1610612738,110,118
22400696,2024,2025-02-02,1610612739,1610612742,144,101
2022400225,2024,2025-02-02,1612709933,1612709923,127,125
2022400227,2024,2025-02-02,1612709931,1612709914,106,96
2022400226,2024,2025-02-02,1612709890,1612709904,118,113
22400695,2024,2025-02-02,1610612765,1610612741,127,119
2022400223,2024,2025-02-02,1612709932,1612709920,101,124
22400699,2024,2025-02-02,1610612749,1610612763,119,132
22400697,2024,2025-02-02,1610612761,1610612746,115,108
2022400224,2024,2025-02-02,1612709909,1612709925,104,113
22400687,2024,2025-02-01,1610612762,1610612753,113,99
2022400220,2024,2025-02-01,1612709927,1612709903,105,118
22400688,2024,2025-02-01,1610612766,1610612743,104,107
2022400218,2024,2025-02-01,1612709915,1612709913,100,95
22400690,2024,2025-02-01,1610612750,1610612764,103,105
22400693,2024,2025-02-01,1610612759,1610612748,103,105
2022400217,2024,2025-02-01,1612709922,1612709928,122,131
2022400221,2024,2025-02-01,1612709905,1612709889,92,126
2022400219,2024,2025-02-01,1612709908,1612709893,104,110
22400689,2024,2025-02-01,1610612745,1610612751,98,110
22400691,2024,2025-02-01,1610612760,1610612758,144,110
2022400216,2024,2025-02-01,1612709932,1612709921,145,132
2022400222,2024,2025-02-01,1612709902,1612709917,146,136
22400692,2024,2025-02-01,1610612752,1610612747,112,128
22400694,2024,2025-02-01,1610612757,1610612756,127,108
22400686,2024,2025-02-01,1610612754,1610612737,132,127
2022400213,2024,2025-01-31,1612709934,1612709924,124,105
22400680,2024,2025-01-31,1610612765,1610612742,117,102
22400679,2024,2025-01-31,1610612766,1610612746,104,112
2022400210,2024,2025-01-31,1612709926,1612709920,113,125
2022400214,2024,2025-01-31,1612709905,1612709918,125,127
2022400211,2024,2025-01-31,1612709908,1612709904,114,96
22400682,2024,2025-01-31,1610612761,1610612741,106,122
2022400215,2024,2025-01-31,1612709914,1612709923,117,107
22400685,2024,2025-01-31,1610612744,1610612756,105,130
2022400212,2024,2025-01-31,1612709927,1612709909,115,106
22400684,2024,2025-01-31,1610612759,1610612749,144,118
2022400209,2024,2025-01-31,1612709915,1612709911,103,94
22400681,2024,2025-01-31,1610612755,1610612743,134,137
22400683,2024,2025-01-31,1610612740,1610612738,116,118
2022400208,2024,2025-01-31,1612709922,1612709928,105,98
22400677,2024,2025-01-30,1610612762,1610612750,113,138
22400676,2024,2025-01-30,1610612763,1610612745,120,119
22400674,2024,2025-01-30,1610612764,1610612747,96,134
2022400206,2024,2025-01-30,1612709931,1612709929,94,86
2022400205,2024,2025-01-30,1612709889,1612709893,114,83
22400678,2024,2025-01-30,1610612757,1610612753,119,90
22400675,2024,2025-01-30,1610612739,1610612737,137,115
2022400207,2024,2025-01-30,1612709914,1612709917,111,106
2022400204,2024,2025-01-30,1612709925,1612709919,119,111
2022400196,2024,2025-01-29,1612709915,1612709911,125,95
22400671,2024,2025-01-29,1610612759,1610612746,116,128
22400673,2024,2025-01-29,1610612744,1610612760,116,109
2022400197,2024,2025-01-29,1612709927,1612709909,128,114
22400666,2024,2025-01-29,1610612738,1610612741,122,100
22400670,2024,2025-01-29,1610612740,1610612742,136,137
22400665,2024,2025-01-29,1610612764,1610612761,82,106
2022400200,2024,2025-01-29,1612709903,1612709934,132,113
2022400203,2024,2025-01-29,1612709905,1612709918,100,93
2022400199,2024,2025-01-29,1612709931,1612709904,102,105
22400664,2024,2025-01-29,1610612754,1610612765,133,119
2022400198,2024,2025-01-29,1612709920,1612709913,122,112
22400672,2024,2025-01-29,1610612756,1610612750,113,121
2022400195,2024,2025-01-29,1612709921,1612709922,98,104
2022400201,2024,2025-01-29,1612709933,1612709890,115,106
22400669,2024,2025-01-29,1610612755,1610612758,117,104
2022400202,2024,2025-01-29,1612709924,1612709902,102,98
22400668,2024,2025-01-29,1610612752,1610612743,122,112
22400663,2024,2025-01-29,1610612766,1610612751,83,104
22400667,2024,2025-01-29,1610612748,1610612739,106,126
2022400194,2024,2025-01-29,1612709889,1612709926,102,108
22400532,2024,2025-01-28,1610612737,1610612745,96,100
2022400190,2024,2025-01-28,1612709910,1612709932,107,99
22400661,2024,2025-01-28,1610612744,1610612762,114,103
2022400191,2024,2025-01-28,1612709925,1612709929,115,110
2022400192,2024,2025-01-28,1612709903,1612709934,115,122
2022400193,2024,2025-01-28,1612709914,1612709917,98,115
22400660,2024,2025-01-28,1610612755,1610612747,118,104
22400662,2024,2025-01-28,1610612757,1610612749,125,112
22400658,2024,2025-01-27,1610612762,1610612749,110,125
22400651,2024,2025-01-27,1610612751,1610612758,96,110
2022400189,2024,2025-01-27,1612709933,1612709890,99,124
22400648,2024,2025-01-27,1610612766,1610612747,107,112
22400654,2024,2025-01-27,1610612761,1610612740,113,104
22400653,2024,2025-01-27,1610612752,1610612763,143,106
22400649,2024,2025-01-27,1610612739,1610612765,110,91
22400655,2024,2025-01-27,1610612741,1610612743,129,121
2022400187,2024,2025-01-27,1612709889,1612709924,103,96
22400659,2024,2025-01-27,1610612756,1610612746,111,109
2022400186,2024,2025-01-27,1612709919,1612709911,126,105
22400656,2024,2025-01-27,1610612750,1610612737,100,92
2022400188,2024,2025-01-27,1612709931,1612709904,117,110
22400657,2024,2025-01-27,1610612742,1610612764,130,108
22400652,2024,2025-01-27,1610612748,1610612753,125,119
22400650,2024,2025-01-27,1610612738,1610612745,112,114
2022400182,2024,2025-01-26,1612709921,1612709920,118,122
2022400184,2024,2025-01-26,1612709913,1612709929,87,91
2022400183,2024,2025-01-26,1612709914,1612709918,108,104
2022400181,2024,2025-01-26,1612709915,1612709925,105,108
2022400185,2024,2025-01-26,1612709927,1612709923,91,81
2022400180,2024,2025-01-26,1612709909,1612709922,111,102
22400647,2024,2025-01-26,1610612757,1610612760,108,118
22400642,2024,2025-01-25,1610612741,1610612755,97,109
22400643,2024,2025-01-25,1610612763,1610612762,125,103
22400640,2024,2025-01-25,1610612739,1610612745,131,135
22400638,2024,2025-01-25,1610612753,1610612765,121,113
22400636,2024,2025-01-25,1610612751,1610612748,97,106
2022400176,2024,2025-01-25,1612709908,1612709931,113,109
22400635,2024,2025-01-25,1610612742,1610612738,107,122
22400639,2024,2025-01-25,1610612737,1610612761,94,117
2022400173,2024,2025-01-25,1612709909,1612709893,110,122
22400646,2024,2025-01-25,1610612746,1610612749,127,117
22400645,2024,2025-01-25,1610612756,1610612764,119,109
2022400174,2024,2025-01-25,1612709913,1612709910,88,96
2022400178,2024,2025-01-25,1612709927,1612709928,98,144
22400644,2024,2025-01-25,1610612744,1610612747,108,118
22400637,2024,2025-01-25,1610612766,1610612740,123,92
22400641,2024,2025-01-25,1610612752,1610612758,143,120
2022400179,2024,2025-01-25,1612709902,1612709903,128,118
2022400175,2024,2025-01-25,1612709890,1612709924,107,90
2022400177,2024,2025-01-25,1612709904,1612709926,124,111
22400634,2024,2025-01-25,1610612750,1610612743,133,104
2022400167,2024,2025-01-24,1612709919,1612709915,123,109
2022400169,2024,2025-01-24,1612709890,1612709924,117,88
2022400170,2024,2025-01-24,1612709904,1612709926,114,124
2022400172,2024,2025-01-24,1612709905,1612709933,122,110
22400632,2024,2025-01-24,1610612763,1610612740,139,126
22400631,2024,2025-01-24,1610612755,1610612739,132,129
2022400166,2024,2025-01-24,1612709921,1612709920,131,122
2022400168,2024,2025-01-24,1612709911,1612709934,83,107
2022400171,2024,2025-01-24,1612709902,1612709903,127,132
22400630,2024,2025-01-24,1610612766,1610612757,97,102
2022400164,2024,2025-01-23,1612709911,1612709934,110,119
2022400162,2024,2025-01-23,1612709909,1612709893,107,112
22400625,2024,2025-01-23,1610612760,1610612742,115,121
22400624,2024,2025-01-23,1610612749,1610612748,125,96
22400628,2024,2025-01-23,1610612744,1610612741,131,106
22400626,2024,2025-01-23,1610612743,1610612758,132,123
2022400163,2024,2025-01-23,1612709922,1612709913,98,118
22400983,2024,2025-01-23,1610612746,1610612764,110,93
2022400165,2024,2025-01-23,1612709914,1612709918,109,95
22400623,2024,2025-01-23,1610612737,1610612761,119,122
22400622,2024,2025-01-23,1610612753,1610612757,79,101
2022400161,2024,2025-01-23,1612709929,1612709917,127,104
2022400160,2024,2025-01-23,1612709927,1612709932,94,88
22400629,2024,2025-01-23,1610612747,1610612738,117,96
22400613,2024,2025-01-22,1610612751,1610612756,84,108
2022400154,2024,2025-01-22,1612709929,1612709917,106,113
2022400156,2024,2025-01-22,1612709925,1612709928,95,106
22400620,2024,2025-01-22,1610612746,1610612738,113,117
2022400157,2024,2025-01-22,1612709933,1612709903,117,95
22400615,2024,2025-01-22,1610612745,1610612739,109,108
2022400153,2024,2025-01-22,1612709920,1612709919,117,114
2022400158,2024,2025-01-22,1612709924,1612709902,87,92
22400614,2024,2025-01-22,1610612742,1610612750,114,115
22400618,2024,2025-01-22,1610612760,1610612762,123,114
22400616,2024,2025-01-22,1610612763,1610612766,132,120
22400612,2024,2025-01-22,1610612737,1610612765,104,114
2022400159,2024,2025-01-22,1612709914,1612709905,112,99
2022400155,2024,2025-01-22,1612709921,1612709923,110,92
22400619,2024,2025-01-22,1610612758,1610612744,123,117
2022400150,2024,2025-01-21,1612709913,1612709927,104,112
2022400152,2024,2025-01-21,1612709934,1612709910,117,114
22400608,2024,2025-01-21,1610612761,1610612753,109,93
22400606,2024,2025-01-21,1610612751,1610612752,95,99
2022400149,2024,2025-01-21,1612709893,1612709932,92,102
22400609,2024,2025-01-21,1610612743,1610612755,144,109
2022400151,2024,2025-01-21,1612709931,1612709889,107,112
22400610,2024,2025-01-21,1610612747,1610612764,111,88
22400607,2024,2025-01-21,1610612748,1610612757,107,116
2022400146,2024,2025-01-20,1612709902,1612709914,121,125
22400600,2024,2025-01-20,1610612745,1610612765,96,107
2022400144,2024,2025-01-20,1612709922,1612709917,112,111
22400605,2024,2025-01-20,1610612740,1610612762,123,119
2022400148,2024,2025-01-20,1612709890,1612709908,136,81
2022400143,2024,2025-01-20,1612709923,1612709919,105,110
2022400145,2024,2025-01-20,1612709918,1612709926,113,104
22400599,2024,2025-01-20,1610612766,1610612742,110,105
22400611,2024,2025-01-20,1610612746,1610612741,99,112
22400601,2024,2025-01-20,1610612763,1610612750,108,106
2022400147,2024,2025-01-20,1612709933,1612709903,107,130
22400603,2024,2025-01-20,1610612739,1610612756,118,92
22400602,2024,2025-01-20,1610612752,1610612737,119,110
22400604,2024,2025-01-20,1610612744,1610612738,85,125
22400592,2024,2025-01-19,1610612748,1610612759,128,107
22400594,2024,2025-01-19,1610612749,1610612755,123,109
22400596,2024,2025-01-19,1610612746,1610612747,116,102
2022400140,2024,2025-01-19,1612709920,1612709934,120,112
22400597,2024,2025-01-19,1610612757,1610612741,113,102
22400593,2024,2025-01-19,1610612753,1610612743,100,113
2022400141,2024,2025-01-19,1612709913,1612709927,98,118
2022400142,2024,2025-01-19,1612709931,1612709889,92,90
22400598,2024,2025-01-19,1610612758,1610612764,123,100
2022400138,2024,2025-01-19,1612709915,1612709921,91,109
22400595,2024,2025-01-19,1610612760,1610612751,127,101
2022400139,2024,2025-01-19,1612709893,1612709932,100,96
22400591,2024,2025-01-18,1610612757,1610612745,103,125
2022400133,2024,2025-01-18,1612709915,1612709929,109,112
22400589,2024,2025-01-18,1610612744,1610612764,122,114
22400590,2024,2025-01-18,1610612750,1610612739,117,124
22400586,2024,2025-01-18,1610612765,1610612756,121,125
2022400135,2024,2025-01-18,1612709923,1612709919,110,143
2022400134,2024,2025-01-18,1612709922,1612709917,116,124
22400587,2024,2025-01-18,1610612738,1610612737,115,119
22400588,2024,2025-01-18,1610612754,1610612755,115,102
2022400136,2024,2025-01-18,1612709904,1612709925,113,102
2022400137,2024,2025-01-18,1612709918,1612709926,123,129
22400579,2024,2025-01-17,1610612748,1610612743,113,133
22400584,2024,2025-01-17,1610612741,1610612766,123,125
22400582,2024,2025-01-17,1610612759,1610612763,112,140
2022400126,2024,2025-01-17,1612709910,1612709927,107,119
2022400129,2024,2025-01-17,1612709890,1612709908,133,110
2022400132,2024,2025-01-17,1612709902,1612709931,113,121
2022400127,2024,2025-01-17,1612709928,1612709909,125,110
2022400128,2024,2025-01-17,1612709932,1612709934,117,115
2022400131,2024,2025-01-17,1612709918,1612709889,94,86
22400581,2024,2025-01-17,1610612740,1610612762,136,123
2022400130,2024,2025-01-17,1612709904,1612709925,105,123
22400578,2024,2025-01-17,1610612752,1610612750,99,116
22400577,2024,2025-01-17,1610612738,1610612753,121,94
22400580,2024,2025-01-17,1610612749,1610612761,130,112
22400583,2024,2025-01-17,1610612742,1610612760,106,98
22400585,2024,2025-01-17,1610612747,1610612751,102,101
22400572,2024,2025-01-16,1610612765,1610612754,100,111
2022400121,2024,2025-01-16,1612709928,1612709924,110,109
2022400124,2024,2025-01-16,1612709926,1612709933,135,121
2022400123,2024,2025-01-16,1612709915,1612709929,123,122
22400576,2024,2025-01-16,1610612758,1610612745,132,127
22400574,2024,2025-01-16,1610612760,1610612739,134,114
22400575,2024,2025-01-16,1610612757,1610612746,89,118
2022400125,2024,2025-01-16,1612709903,1612709914,111,120
22400573,2024,2025-01-16,1610612764,1610612756,123,130
2022400122,2024,2025-01-16,1612709917,1612709920,127,109
22400566,2024,2025-01-15,1610612740,1610612742,119,116
2022400117,2024,2025-01-15,1612709919,1612709927,114,110
2022400116,2024,2025-01-15,1612709932,1612709934,124,137
22400565,2024,2025-01-15,1610612750,1610612744,115,116
2022400120,2024,2025-01-15,1612709923,1612709913,129,109
22400561,2024,2025-01-15,1610612755,1610612752,119,125
2022400119,2024,2025-01-15,1612709926,1612709933,128,132
22400564,2024,2025-01-15,1610612749,1610612753,122,93
22400562,2024,2025-01-15,1610612761,1610612738,110,97
22400571,2024,2025-01-15,1610612746,1610612751,126,67
22400570,2024,2025-01-15,1610612747,1610612748,117,108
22400567,2024,2025-01-15,1610612759,1610612763,115,129
2022400118,2024,2025-01-15,1612709911,1612709922,100,95
22400563,2024,2025-01-15,1610612741,1610612737,94,110
22400569,2024,2025-01-15,1610612762,1610612766,112,117
22400568,2024,2025-01-15,1610612743,1610612745,108,128
2022400115,2024,2025-01-14,1612709903,1612709914,121,117
22400556,2024,2025-01-14,1610612737,1610612756,122,117
22400558,2024,2025-01-14,1610612749,1610612758,130,115
22400559,2024,2025-01-14,1610612742,1610612743,99,118
2022400110,2024,2025-01-14,1612709910,1612709905,111,102
22400557,2024,2025-01-14,1610612741,1610612740,113,119
2022400114,2024,2025-01-14,1612709889,1612709924,113,116
22400560,2024,2025-01-14,1610612757,1610612751,114,132
22400554,2024,2025-01-14,1610612754,1610612739,117,127
22400555,2024,2025-01-14,1610612755,1610612760,102,118
2022400113,2024,2025-01-14,1612709919,1612709927,124,117
2022400111,2024,2025-01-14,1612709893,1612709929,108,112
2022400112,2024,2025-01-14,1612709917,1612709921,94,108
22400552,2024,2025-01-13,1610612747,1610612759,102,126
22400550,2024,2025-01-13,1610612761,1610612744,104,101
22400549,2024,2025-01-13,1610612752,1610612765,119,124
2022400107,2024,2025-01-13,1612709911,1612709933,114,128
2022400108,2024,2025-01-13,1612709889,1612709920,117,121
22400553,2024,2025-01-13,1610612746,1610612748,109,98
2022400106,2024,2025-01-13,1612709928,1612709915,118,122
22400548,2024,2025-01-13,1610612764,1610612750,106,120
22400551,2024,2025-01-13,1610612745,1610612763,120,118
2022400109,2024,2025-01-13,1612709934,1612709902,113,115
22400539,2024,2025-01-12,1610612752,1610612749,140,106
22400547,2024,2025-01-12,1610612756,1610612766,120,113
22400542,2024,2025-01-12,1610612738,1610612740,120,119
22400540,2024,2025-01-12,1610612742,1610612743,101,112
22400544,2024,2025-01-12,1610612753,1610612755,104,99
22400541,2024,2025-01-12,1610612741,1610612758,119,124
2022400103,2024,2025-01-12,1612709909,1612709926,116,138
2022400105,2024,2025-01-12,1612709910,1612709921,124,108
2022400104,2024,2025-01-12,1612709934,1612709902,130,113
22400543,2024,2025-01-12,1610612739,1610612754,93,108
2022400101,2024,2025-01-12,1612709929,1612709932,98,105
22400545,2024,2025-01-12,1610612764,1610612760,95,136
2022400100,2024,2025-01-12,1612709927,1612709925,139,118
2022400102,2024,2025-01-12,1612709923,1612709922,99,87
22400546,2024,2025-01-12,1610612762,1610612751,112,111
2022400098,2024,2025-01-11,1612709908,1612709911,132,113
2022400099,2024,2025-01-11,1612709914,1612709905,113,107
22400533,2024,2025-01-11,1610612756,1610612762,114,106
2022400095,2024,2025-01-11,1612709915,1612709920,99,116
2022400096,2024,2025-01-11,1612709913,1612709928,113,108
22400534,2024,2025-01-11,1610612765,1610612761,123,114
2022400093,2024,2025-01-11,1612709923,1612709922,90,99
2022400094,2024,2025-01-11,1612709893,1612709917,113,103
22400536,2024,2025-01-11,1610612757,1610612748,98,119
22400535,2024,2025-01-11,1610612750,1610612763,125,127
2022400097,2024,2025-01-11,1612709890,1612709889,92,102
22400525,2024,2025-01-10,1610612754,1610612744,108,96
2022400091,2024,2025-01-10,1612709931,1612709909,123,97
2022400087,2024,2025-01-10,1612709915,1612709920,119,121
22400529,2024,2025-01-10,1610612752,1610612760,101,126
22400526,2024,2025-01-10,1610612753,1610612749,106,109
22400527,2024,2025-01-10,1610612755,1610612740,115,123
22400531,2024,2025-01-10,1610612743,1610612751,124,105
2022400090,2024,2025-01-10,1612709913,1612709928,99,134
2022400086,2024,2025-01-10,1612709893,1612709917,105,124
2022400088,2024,2025-01-10,1612709919,1612709904,102,152
2022400085,2024,2025-01-10,1612709910,1612709925,119,108
22400530,2024,2025-01-10,1610612741,1610612764,138,105
2022400092,2024,2025-01-10,1612709924,1612709918,105,89
22400528,2024,2025-01-10,1610612738,1610612758,97,114
2022400089,2024,2025-01-10,1612709890,1612709934,145,86
2022400084,2024,2025-01-09,1612709924,1612709918,86,99
22400517,2024,2025-01-09,1610612739,1610612761,132,126
2022400083,2024,2025-01-09,1612709903,1612709911,133,124
2022400082,2024,2025-01-09,1612709931,1612709909,105,93
22400522,2024,2025-01-09,1610612756,1610612737,123,115
22400520,2024,2025-01-09,1610612763,1610612745,115,119
22400518,2024,2025-01-09,1610612765,1610612744,104,107
22400523,2024,2025-01-09,1610612762,1610612748,92,97
2022400080,2024,2025-01-09,1612709921,1612709929,94,95
22400519,2024,2025-01-09,1610612753,1610612750,89,104
22400521,2024,2025-01-09,1610612742,1610612757,117,111
2022400081,2024,2025-01-09,1612709908,1612709889,130,118
22400509,2024,2025-01-08,1610612739,1610612760,129,122
2022400078,2024,2025-01-08,1612709919,1612709904,118,97
22400510,2024,2025-01-08,1610612754,1610612741,129,113
22400513,2024,2025-01-08,1610612751,1610612765,98,113
2022400077,2024,2025-01-08,1612709910,1612709925,98,118
22400512,2024,2025-01-08,1610612755,1610612764,109,103
22400516,2024,2025-01-08,1610612749,1610612759,121,105
22400511,2024,2025-01-08,1610612752,1610612761,112,98
22400514,2024,2025-01-08,1610612740,1610612757,100,119
2022400079,2024,2025-01-08,1612709914,1612709934,102,111
22400515,2024,2025-01-08,1610612743,1610612746,126,103
22400504,2024,2025-01-07,1610612742,1610612747,118,97
2022400074,2024,2025-01-07,1612709908,1612709889,125,130
22400505,2024,2025-01-07,1610612740,1610612750,97,104
2022400073,2024,2025-01-07,1612709911,1612709902,101,112
2022400075,2024,2025-01-07,1612709924,1612709903,85,91
2022400069,2024,2025-01-07,1612709910,1612709915,118,115
2022400072,2024,2025-01-07,1612709932,1612709922,75,92
22400506,2024,2025-01-07,1610612762,1610612737,121,124
22400508,2024,2025-01-07,1610612744,1610612748,98,114
2022400070,2024,2025-01-07,1612709928,1612709893,133,108
22400502,2024,2025-01-07,1610612766,1610612756,115,104
2022400076,2024,2025-01-07,1612709905,1612709909,99,103
22400507,2024,2025-01-07,1610612743,1610612738,106,118
22400503,2024,2025-01-07,1610612764,1610612745,112,135
2022400071,2024,2025-01-07,1612709921,1612709913,112,104
22400499,2024,2025-01-06,1610612763,1610612742,119,104
2022400067,2024,2025-01-06,1612709919,1612709925,149,145
2022400068,2024,2025-01-06,1612709933,1612709914,105,129
2022400065,2024,2025-01-06,1612709918,1612709890,79,103
22400500,2024,2025-01-06,1610612750,1610612746,108,106
22400501,2024,2025-01-06,1610612758,1610612748,123,118
22400496,2024,2025-01-06,1610612752,1610612753,94,103
2022400064,2024,2025-01-06,1612709923,1612709917,124,94
22400494,2024,2025-01-06,1610612755,1610612756,99,109
2022400066,2024,2025-01-06,1612709921,1612709904,96,98
22400498,2024,2025-01-06,1610612741,1610612759,114,110
22400493,2024,2025-01-06,1610612765,1610612757,118,115
22400495,2024,2025-01-06,1610612751,1610612754,99,113
22400497,2024,2025-01-06,1610612761,1610612749,104,128
22400491,2024,2025-01-05,1610612745,1610612747,119,115
2022400060,2024,2025-01-05,1612709915,1612709913,103,90
22400490,2024,2025-01-05,1610612753,1610612762,92,105
22400488,2024,2025-01-05,1610612739,1610612766,115,105
2022400062,2024,2025-01-05,1612709929,1612709927,123,111
22400489,2024,2025-01-05,1610612764,1610612740,98,110
2022400061,2024,2025-01-05,1612709928,1612709893,108,100
22400487,2024,2025-01-05,1610612760,1610612738,105,92
22400492,2024,2025-01-05,1610612744,1610612758,99,129
2022400063,2024,2025-01-05,1612709933,1612709914,111,118
22400478,2024,2025-01-04,1610612751,1610612755,94,123
22400485,2024,2025-01-04,1610612744,1610612763,121,113
2022400051,2024,2025-01-04,1612709928,1612709910,123,114
2022400053,2024,2025-01-04,1612709917,1612709919,113,127
2022400056,2024,2025-01-04,1612709920,1612709890,84,115
22400484,2024,2025-01-04,1610612759,1610612743,111,122
22400480,2024,2025-01-04,1610612754,1610612756,126,108
22400481,2024,2025-01-04,1610612748,1610612762,100,136
2022400057,2024,2025-01-04,1612709911,1612709902,130,136
22400483,2024,2025-01-04,1610612749,1610612757,102,105
22400482,2024,2025-01-04,1610612741,1610612752,139,126
2022400054,2024,2025-01-04,1612709931,1612709905,98,106
2022400058,2024,2025-01-04,1612709889,1612709934,110,131
2022400055,2024,2025-01-04,1612709923,1612709918,89,88
2022400059,2024,2025-01-04,1612709904,1612709924,100,113
22400479,2024,2025-01-04,1610612765,1610612750,119,105
2022400052,2024,2025-01-04,1612709909,1612709932,114,99
22400486,2024,2025-01-04,1610612746,1610612737,131,105
22400476,2024,2025-01-03,1610612758,1610612763,138,133
2022400047,2024,2025-01-03,1612709920,1612709890,122,85
22400477,2024,2025-01-03,1610612747,1610612737,119,102
22400474,2024,2025-01-03,1610612742,1610612739,122,134
22400473,2024,2025-01-03,1610612760,1610612752,117,107
2022400045,2024,2025-01-03,1612709915,1612709927,105,90
2022400044,2024,2025-01-03,1612709922,1612709893,119,109
22400470,2024,2025-01-03,1610612761,1610612753,97,106
2022400049,2024,2025-01-03,1612709931,1612709905,114,96
22400472,2024,2025-01-03,1610612740,1610612764,132,120
22400469,2024,2025-01-03,1610612765,1610612766,98,94
2022400048,2024,2025-01-03,1612709904,1612709902,96,110
2022400043,2024,2025-01-03,1612709917,1612709921,108,129
22400471,2024,2025-01-03,1610612745,1610612738,86,109
2022400046,2024,2025-01-03,1612709923,1612709918,95,98
2022400050,2024,2025-01-03,1612709903,1612709908,116,132
22400475,2024,2025-01-03,1610612743,1610612759,110,113
2022400038,2024,2025-01-02,1612709889,1612709934,120,125
2022400039,2024,2025-01-02,1612709929,1612709932,124,107
2022400042,2024,2025-01-02,1612709914,1612709926,118,94
2022400041,2024,2025-01-02,1612709919,1612709909,104,107
22400466,2024,2025-01-02,1610612760,1610612746,116,98
22400464,2024,2025-01-02,1610612750,1610612738,115,118
2022400040,2024,2025-01-02,1612709915,1612709927,115,117
22400468,2024,2025-01-02,1610612747,1610612757,114,106
22400463,2024,2025-01-02,1610612748,1610612754,115,128
22400467,2024,2025-01-02,1610612744,1610612755,139,105
22400465,2024,2025-01-02,1610612749,1610612751,110,113
2022400034,2024,2025-01-01,1612709919,1612709910,117,114
22400457,2024,2025-01-01,1610612748,1610612740,119,108
2022400035,2024,2025-01-01,1612709903,1612709908,121,117
2022400037,2024,2025-01-01,1612709933,1612709924,119,115
22400462,2024,2025-01-01,1610612758,1610612755,113,107
22400460,2024,2025-01-01,1610612745,1610612742,110,99
2022400036,2024,2025-01-01,1612709890,1612709911,121,102
22400456,2024,2025-01-01,1610612764,1610612741,125,107
22400455,2024,2025-01-01,1610612765,1610612753,105,96
22400458,2024,2025-01-01,1610612752,1610612762,119,103
22400461,2024,2025-01-01,1610612743,1610612737,139,120
22400459,2024,2025-01-01,1610612761,1610612751,130,113
22400454,2024,2024-12-31,1610612747,1610612739,110,122
2022400033,2024,2024-12-31,1612709934,1612709904,101,114
22400452,2024,2024-12-31,1610612760,1610612750,113,105
2022400032,2024,2024-12-31,1612709922,1612709893,100,103
22400453,2024,2024-12-31,1610612756,1610612763,112,117
22400450,2024,2024-12-31,1610612754,1610612749,112,120
2022400031,2024,2024-12-31,1612709915,1612709918,102,95
22400451,2024,2024-12-31,1610612759,1610612746,122,86
22400449,2024,2024-12-31,1610612738,1610612761,125,71
22400444,2024,2024-12-30,1610612740,1610612746,113,116
2022400028,2024,2024-12-30,1612709932,1612709913,122,101
2022400026,2024,2024-12-30,1612709929,1612709923,117,97
22400446,2024,2024-12-30,1610612744,1610612739,95,113
22400442,2024,2024-12-30,1610612766,1610612741,108,115
22400445,2024,2024-12-30,1610612762,1610612743,121,132
22400447,2024,2024-12-30,1610612757,1610612755,103,125
2022400029,2024,2024-12-30,1612709919,1612709910,124,127
22400448,2024,2024-12-30,1610612758,1610612742,110,100
22400443,2024,2024-12-30,1610612764,1610612752,106,126
2022400030,2024,2024-12-30,1612709934,1612709904,104,121
2022400027,2024,2024-12-30,1612709909,1612709921,122,114
2022400020,2024,2024-12-29,1612709932,1612709915,111,112
22400436,2024,2024-12-29,1610612753,1610612751,102,101
22400437,2024,2024-12-29,1610612738,1610612754,114,123
22400439,2024,2024-12-29,1610612745,1610612748,100,104
2022400024,2024,2024-12-29,1612709914,1612709890,126,118
2022400022,2024,2024-12-29,1612709928,1612709917,94,106
22400438,2024,2024-12-29,1610612761,1610612737,107,136
22400440,2024,2024-12-29,1610612760,1610612763,130,106
2022400023,2024,2024-12-29,1612709931,1612709911,122,126
2022400025,2024,2024-12-29,1612709924,1612709926,134,111
2022400021,2024,2024-12-29,1612709920,1612709925,131,122
22400441,2024,2024-12-29,1610612750,1610612759,112,110
22400435,2024,2024-12-28,1610612747,1610612758,132,122
22400430,2024,2024-12-28,1610612741,1610612749,116,111
22400434,2024,2024-12-28,1610612757,1610612742,126,122
22400431,2024,2024-12-28,1610612744,1610612756,109,105
2022400015,2024,2024-12-28,1612709922,1612709927,111,105
22400427,2024,2024-12-28,1610612737,1610612748,120,110
22400432,2024,2024-12-28,1610612743,1610612765,134,121
22400428,2024,2024-12-28,1610612766,1610612760,94,106
2022400018,2024,2024-12-28,1612709914,1612709890,109,107
22400429,2024,2024-12-28,1610612764,1610612752,132,136
2022400014,2024,2024-12-28,1612709910,1612709903,132,103
2022400019,2024,2024-12-28,1612709918,1612709889,84,100
22400433,2024,2024-12-28,1610612762,1610612755,111,114
2022400013,2024,2024-12-28,1612709909,1612709923,105,115
2022400016,2024,2024-12-28,1612709893,1612709905,93,90
2022400017,2024,2024-12-28,1612709908,1612709902,103,106
2022400008,2024,2024-12-27,1612709919,1612709932,117,138
22400424,2024,2024-12-27,1610612743,1610612739,135,149
2022400002,2024,2024-12-27,1612709910,1612709903,127,116
2022400001,2024,2024-12-27,1612709920,1612709913,108,111
2022400005,2024,2024-12-27,1612709917,1612709915,120,103
2022400004,2024,2024-12-27,1612709909,1612709923,116,97
22400425,2024,2024-12-27,1610612756,1610612742,89,98
22400419,2024,2024-12-27,1610612753,1610612752,85,108
2022400010,2024,2024-12-27,1612709931,1612709911,105,94
22400420,2024,2024-12-27,1610612738,1610612754,142,105
22400426,2024,2024-12-27,1610612746,1610612744,102,92
22400422,2024,2024-12-27,1610612745,1610612750,112,113
22400423,2024,2024-12-27,1610612740,1610612763,124,132
2022400006,2024,2024-12-27,1612709922,1612709927,122,86
2022400007,2024,2024-12-27,1612709925,1612709929,115,107
2022400009,2024,2024-12-27,1612709908,1612709902,109,115
2022400012,2024,2024-12-27,1612709924,1612709926,124,117
2022400003,2024,2024-12-27,1612709893,1612709905,125,113
22400421,2024,2024-12-27,1610612751,1610612759,87,96
22400416,2024,2024-12-26,1610612740,1610612745,111,128
22400411,2024,2024-12-26,1610612753,1610612748,88,89
22400418,2024,2024-12-26,1610612758,1610612765,113,114
22400413,2024,2024-12-26,1610612737,1610612741,141,133
22400412,2024,2024-12-26,1610612764,1610612766,113,110
22400414,2024,2024-12-26,1610612763,1610612761,155,126
22400417,2024,2024-12-26,1610612757,1610612762,122,120
22400415,2024,2024-12-26,1610612749,1610612751,105,111
22400410,2024,2024-12-26,1610612754,1610612760,114,120
22400407,2024,2024-12-25,1610612738,1610612755,114,118
22400409,2024,2024-12-25,1610612756,1610612743,110,100
22400406,2024,2024-12-25,1610612742,1610612750,99,105
22400408,2024,2024-12-25,1610612744,1610612747,113,115
22400405,2024,2024-12-25,1610612752,1610612759,117,114
22400401,2024,2024-12-23,1610612742,1610612757,132,108
22400398,2024,2024-12-23,1610612741,1610612749,91,112
22400396,2024,2024-12-23,1610612748,1610612751,110,95
22400391,2024,2024-12-23,1610612766,1610612745,101,114
22400400,2024,2024-12-23,1610612760,1610612764,123,105
22400393,2024,2024-12-23,1610612753,1610612738,108,104
22400394,2024,2024-12-23,1610612755,1610612759,111,106
22400402,2024,2024-12-23,1610612743,1610612756,117,90
22400399,2024,2024-12-23,1610612763,1610612746,110,114
22400403,2024,2024-12-23,1610612744,1610612754,105,111
22400395,2024,2024-12-23,1610612737,1610612750,117,104
22400397,2024,2024-12-23,1610612752,1610612761,139,125
22400392,2024,2024-12-23,1610612739,1610612762,124,113
22400404,2024,2024-12-23,1610612747,1610612765,114,117
22400389,2024,2024-12-22,1610612758,1610612754,95,122
2052400244,2024,2024-12-22,1612709925,1612709929,105,113
2052400247,2024,2024-12-22,1612709893,1612709890,106,126
2052400246,2024,2024-12-22,1612709921,1612709933,106,114
2052400243,2024,2024-12-22,1612709903,1612709926,122,120
22400390,2024,2024-12-22,1610612740,1610612743,129,132
2052400249,2024,2024-12-22,1612709904,1612709919,119,125
22400388,2024,2024-12-22,1610612761,1610612745,110,114
2052400242,2024,2024-12-22,1612709918,1612709910,109,115
2052400245,2024,2024-12-22,1612709909,1612709913,109,98
2052400248,2024,2024-12-22,1612709915,1612709932,121,104
22400379,2024,2024-12-21,1610612751,1610612762,94,105
22400384,2024,2024-12-21,1610612740,1610612752,93,104
22400387,2024,2024-12-21,1610612756,1610612765,125,133
22400377,2024,2024-12-21,1610612753,1610612748,121,114
2052400237,2024,2024-12-21,1612709919,1612709917,113,108
22400385,2024,2024-12-21,1610612742,1610612746,113,97
22400376,2024,2024-12-21,1610612758,1610612747,99,103
22400386,2024,2024-12-21,1610612759,1610612757,114,94
2052400239,2024,2024-12-21,1612709924,1612709920,111,112
22400378,2024,2024-12-21,1610612737,1610612763,112,128
22400383,2024,2024-12-21,1610612750,1610612744,103,113
2052400236,2024,2024-12-21,1612709911,1612709904,104,117
2052400240,2024,2024-12-21,1612709923,1612709902,107,112
2052400235,2024,2024-12-21,1612709925,1612709905,104,120
2052400234,2024,2024-12-21,1612709928,1612709914,112,108
22400380,2024,2024-12-21,1610612739,1610612755,126,99
2052400241,2024,2024-12-21,1612709927,1612709931,100,96
2052400238,2024,2024-12-21,1612709889,1612709934,129,94
22400381,2024,2024-12-21,1610612741,1610612738,98,123
22400382,2024,2024-12-21,1610612749,1610612764,112,101
22400374,2024,2024-12-20,1610612739,1610612749,124,101
2052400226,2024,2024-12-20,1612709932,1612709918,110,111
2052400229,2024,2024-12-20,1612709903,1612709893,121,98
2052400230,2024,2024-12-20,1612709902,1612709909,106,128
2052400233,2024,2024-12-20,1612709929,1612709915,110,116
2052400227,2024,2024-12-20,1612709921,1612709924,88,136
2052400232,2024,2024-12-20,1612709922,1612709890,105,100
2052400231,2024,2024-12-20,1612709910,1612709908,127,115
22400375,2024,2024-12-20,1610612748,1610612760,97,104
2052400228,2024,2024-12-20,1612709933,1612709931,96,99
22400373,2024,2024-12-20,1610612755,1610612766,108,98
2052400222,2024,2024-12-19,1612709904,1612709928,112,108
22400364,2024,2024-12-19,1610612761,1610612751,94,101
2052400220,2024,2024-12-19,1612709889,1612709917,110,124
2052400218,2024,2024-12-19,1612709905,1612709922,90,98
22400366,2024,2024-12-19,1610612763,1610612744,144,93
22400367,2024,2024-12-19,1610612750,1610612752,107,133
2052400219,2024,2024-12-19,1612709911,1612709914,124,99
2052400224,2024,2024-12-19,1612709919,1612709934,127,119
22400362,2024,2024-12-19,1610612764,1610612766,123,114
2052400225,2024,2024-12-19,1612709926,1612709923,104,109
22400365,2024,2024-12-19,1610612745,1610612740,133,113
22400372,2024,2024-12-19,1610612758,1610612747,100,113
22400368,2024,2024-12-19,1610612742,1610612746,95,118
2052400221,2024,2024-12-19,1612709908,1612709920,120,103
22400370,2024,2024-12-19,1610612759,1610612737,133,126
22400369,2024,2024-12-19,1610612756,1610612754,111,120
22400360,2024,2024-12-19,1610612765,1610612762,119,126
2052400223,2024,2024-12-19,1612709913,1612709927,108,86
22400361,2024,2024-12-19,1610612753,1610612760,99,105
22400363,2024,2024-12-19,1610612738,1610612741,108,117
22400371,2024,2024-12-19,1610612757,1610612743,126,124
22401224,2024,2024-12-16,1610612751,1610612739,101,130
2052400217,2024,2024-12-16,1612709914,1612709934,117,104
22401222,2024,2024-12-16,1610612766,1610612755,108,121
2052400216,2024,2024-12-16,1612709927,1612709904,95,115
22401225,2024,2024-12-16,1610612758,1610612743,129,130
22401221,2024,2024-12-16,1610612765,1610612748,125,124
2052400215,2024,2024-12-16,1612709919,1612709922,123,117
22401223,2024,2024-12-16,1610612761,1610612741,121,122
22401226,2024,2024-12-16,1610612746,1610612762,144,107
2052400214,2024,2024-12-16,1612709917,1612709932,120,118
22401217,2024,2024-12-15,1610612764,1610612738,98,112
22401220,2024,2024-12-15,1610612747,1610612763,116,110
2052400211,2024,2024-12-15,1612709923,1612709910,107,119
22401227,2024,2024-12-15,1610612753,1610612752,91,100
2052400209,2024,2024-12-15,1612709919,1612709922,107,95
2052400212,2024,2024-12-15,1612709914,1612709933,98,103
22401216,2024,2024-12-15,1610612754,1610612740,119,104
22401228,2024,2024-12-15,1610612744,1610612742,133,143
22401218,2024,2024-12-15,1610612759,1610612750,92,106
2052400208,2024,2024-12-15,1612709917,1612709932,120,112
2052400210,2024,2024-12-15,1612709889,1612709890,117,95
2052400213,2024,2024-12-15,1612709902,1612709924,108,120
22401219,2024,2024-12-15,1610612756,1610612757,116,109
2052400206,2024,2024-12-15,1612709915,1612709920,114,115
2052400207,2024,2024-12-15,1612709928,1612709921,137,121
2052400203,2024,2024-12-14,1612709925,1612709908,122,111
2052400202,2024,2024-12-14,1612709893,1612709927,116,94
2052400205,2024,2024-12-14,1612709902,1612709924,89,123
2052400204,2024,2024-12-14,1612709918,1612709913,107,98
22401212,2024,2024-12-13,1610612741,1610612766,109,95
22401210,2024,2024-12-13,1610612750,1610612747,97,87
2052400196,2024,2024-12-13,1612709911,1612709932,114,113
2052400199,2024,2024-12-13,1612709918,1612709913,116,110
22401211,2024,2024-12-13,1610612763,1610612751,135,119
22401214,2024,2024-12-13,1610612762,1610612756,126,134
2052400201,2024,2024-12-13,1612709914,1612709933,127,119
2052400195,2024,2024-12-13,1612709919,1612709929,116,109
2052400198,2024,2024-12-13,1612709923,1612709904,111,114
2052400192,2024,2024-12-13,1612709893,1612709927,141,131
2052400197,2024,2024-12-13,1612709889,1612709890,120,114
2052400193,2024,2024-12-13,1612709909,1612709920,132,109
2052400200,2024,2024-12-13,1612709934,1612709905,102,91
22401209,2024,2024-12-13,1610612755,1610612754,107,121
22401208,2024,2024-12-13,1610612739,1610612764,115,105
22401213,2024,2024-12-13,1610612743,1610612746,120,98
2052400194,2024,2024-12-13,1612709917,1612709910,105,102
22401215,2024,2024-12-13,1610612757,1610612759,116,118
2052400191,2024,2024-12-12,1612709934,1612709905,106,100
22401205,2024,2024-12-12,1610612738,1610612765,123,99
2052400188,2024,2024-12-12,1612709925,1612709908,110,116
22401207,2024,2024-12-12,1610612740,1610612758,109,111
22401206,2024,2024-12-12,1610612748,1610612761,114,104
2052400190,2024,2024-12-12,1612709903,1612709924,113,115
2052400189,2024,2024-12-12,1612709931,1612709926,107,91
22401202,2024,2024-12-11,1610612752,1610612737,100,108
2052400185,2024,2024-12-11,1612709927,1612709932,94,117
2052400187,2024,2024-12-11,1612709914,1612709902,120,117
2052400186,2024,2024-12-11,1612709931,1612709926,101,112
22401204,2024,2024-12-11,1610612745,1610612744,91,90
2052400183,2024,2024-12-11,1612709919,1612709929,118,107
2052400184,2024,2024-12-11,1612709921,1612709915,100,120
2052400182,2024,2024-12-10,1612709903,1612709924,104,106
22401201,2024,2024-12-10,1610612749,1610612753,114,109
22401203,2024,2024-12-10,1610612760,1610612742,118,104
2052400179,2024,2024-12-10,1612709908,1612709890,112,124
2052400181,2024,2024-12-10,1612709889,1612709913,103,107
2052400180,2024,2024-12-10,1612709911,1612709893,104,121
2052400175,2024,2024-12-09,1612709911,1612709893,116,109
2052400178,2024,2024-12-09,1612709933,1612709902,109,112
2052400173,2024,2024-12-09,1612709910,1612709927,108,115
22400359,2024,2024-12-09,1610612761,1610612752,108,113
2052400177,2024,2024-12-09,1612709903,1612709914,131,114
2052400176,2024,2024-12-09,1612709931,1612709918,100,97
2052400174,2024,2024-12-09,1612709909,1612709928,114,115
22400350,2024,2024-12-08,1610612737,1610612743,111,141
22400358,2024,2024-12-08,1610612747,1610612757,107,98
2052400172,2024,2024-12-08,1612709904,1612709917,112,114
2052400171,2024,2024-12-08,1612709925,1612709889,105,129
22400353,2024,2024-12-08,1610612764,1610612763,112,140
2052400170,2024,2024-12-08,1612709921,1612709929,108,128
22400357,2024,2024-12-08,1610612758,1610612762,141,97
22400352,2024,2024-12-08,1610612753,1610612756,115,110
22400355,2024,2024-12-08,1610612744,1610612750,114,106
2052400169,2024,2024-12-08,1612709920,1612709919,114,119
22400354,2024,2024-12-08,1610612759,1610612740,121,116
2052400167,2024,2024-12-08,1612709915,1612709922,108,109
22400348,2024,2024-12-08,1610612751,1610612749,113,118
22400347,2024,2024-12-08,1610612741,1610612755,100,108
22400356,2024,2024-12-08,1610612746,1610612745,106,117
2052400168,2024,2024-12-08,1612709909,1612709928,101,93
22400349,2024,2024-12-08,1610612754,1610612766,109,113
22400351,2024,2024-12-08,1610612748,1610612739,122,113
22400343,2024,2024-12-07,1610612752,1610612765,111,120
2052400163,2024,2024-12-07,1612709923,1612709911,104,91
2052400162,2024,2024-12-07,1612709933,1612709902,109,126
22400341,2024,2024-12-07,1610612764,1610612743,122,113
2052400166,2024,2024-12-07,1612709918,1612709908,105,139
22400340,2024,2024-12-07,1610612766,1610612739,102,116
2052400164,2024,2024-12-07,1612709890,1612709926,96,100
2052400165,2024,2024-12-07,1612709905,1612709924,119,111
22400344,2024,2024-12-07,1610612761,1610612742,118,125
2052400161,2024,2024-12-07,1612709915,1612709922,116,93
22400346,2024,2024-12-07,1610612748,1610612756,121,111
22400345,2024,2024-12-07,1610612738,1610612763,121,127
22400342,2024,2024-12-07,1610612740,1610612760,109,119
2052400155,2024,2024-12-06,1612709920,1612709919,109,129
2052400153,2024,2024-12-06,1612709928,1612709929,131,106
22400338,2024,2024-12-06,1610612744,1610612750,90,107
22400339,2024,2024-12-06,1610612757,1610612762,99,141
22400335,2024,2024-12-06,1610612738,1610612749,111,105
2052400154,2024,2024-12-06,1612709921,1612709909,108,116
2052400157,2024,2024-12-06,1612709913,1612709925,113,110
2052400160,2024,2024-12-06,1612709905,1612709903,100,115
22400336,2024,2024-12-06,1610612741,1610612754,123,132
2052400156,2024,2024-12-06,1612709890,1612709926,114,100
22400334,2024,2024-12-06,1610612737,1610612747,134,132
22400333,2024,2024-12-06,1610612755,1610612753,102,94
2052400159,2024,2024-12-06,1612709918,1612709908,129,107
22400337,2024,2024-12-06,1610612759,1610612758,113,140
2052400158,2024,2024-12-06,1612709889,1612709931,98,94
22400326,2024,2024-12-05,1610612764,1610612742,101,137
22400327,2024,2024-12-05,1610612752,1610612766,125,101
2052400148,2024,2024-12-05,1612709920,1612709922,134,92
2052400150,2024,2024-12-05,1612709917,1612709927,115,99
22400330,2024,2024-12-05,1610612740,1610612756,126,124
22400332,2024,2024-12-05,1610612744,1610612745,99,93
22400331,2024,2024-12-05,1610612759,1610612741,124,139
22400329,2024,2024-12-05,1610612763,1610612758,115,110
2052400149,2024,2024-12-05,1612709893,1612709932,106,119
22400328,2024,2024-12-05,1610612761,1610612760,92,129
2052400151,2024,2024-12-05,1612709904,1612709923,102,81
22400325,2024,2024-12-05,1610612739,1610612743,126,114
2052400152,2024,2024-12-05,1612709934,1612709902,121,118
22400322,2024,2024-12-04,1610612755,1610612753,102,106
2052400146,2024,2024-12-04,1612709934,1612709903,109,105
22400321,2024,2024-12-04,1610612748,1610612747,134,93
22400320,2024,2024-12-04,1610612751,1610612754,99,90
2052400147,2024,2024-12-04,1612709933,1612709905,132,119
2052400144,2024,2024-12-04,1612709913,1612709925,92,114
22400319,2024,2024-12-04,1610612738,1610612765,130,120
22400324,2024,2024-12-04,1610612746,1610612750,80,108
2052400143,2024,2024-12-04,1612709929,1612709915,107,103
2052400145,2024,2024-12-04,1612709921,1612709909,129,132
22400323,2024,2024-12-04,1610612749,1610612737,104,119
2052400139,2024,2024-12-03,1612709910,1612709917,108,93
22400051,2024,2024-12-03,1610612739,1610612764,118,87
2052400138,2024,2024-12-03,1612709893,1612709904,107,103
2052400141,2024,2024-12-03,1612709931,1612709918,92,108
2052400140,2024,2024-12-03,1612709920,1612709922,86,121
22400059,2024,2024-12-03,1610612758,1610612745,120,111
22400054,2024,2024-12-03,1610612761,1610612754,122,111
22400053,2024,2024-12-03,1610612752,1610612753,121,106
22400057,2024,2024-12-03,1610612756,1610612759,104,93
22400058,2024,2024-12-03,1610612743,1610612744,119,115
22400055,2024,2024-12-03,1610612760,1610612762,133,106
2052400142,2024,2024-12-03,1612709924,1612709914,116,123
22400056,2024,2024-12-03,1610612742,1610612763,121,116
22400052,2024,2024-12-03,1610612765,1610612749,107,128
22400060,2024,2024-12-03,1610612746,1610612757,127,105
22400050,2024,2024-12-03,1610612766,1610612755,104,110
2052400135,2024,2024-12-02,1612709908,1612709889,128,124
22400318,2024,2024-12-02,1610612750,1610612747,109,80
2052400137,2024,2024-12-02,1612709933,1612709905,125,113
2052400136,2024,2024-12-02,1612709934,1612709903,119,101
2052400132,2024,2024-12-02,1612709910,1612709923,112,109
22400315,2024,2024-12-02,1610612737,1610612740,124,112
2052400134,2024,2024-12-02,1612709926,1612709913,109,102
2052400133,2024,2024-12-02,1612709929,1612709915,102,90
22400316,2024,2024-12-02,1610612738,1610612748,108,89
22400317,2024,2024-12-02,1610612741,1610612751,128,102
22400305,2024,2024-12-01,1610612751,1610612753,92,100
2052400130,2024,2024-12-01,1612709931,1612709925,108,94
22400307,2024,2024-12-01,1610612739,1610612738,115,111
2052400131,2024,2024-12-01,1612709924,1612709914,106,125
22400313,2024,2024-12-01,1610612758,1610612759,125,127
22400310,2024,2024-12-01,1610612745,1610612760,119,116
22400306,2024,2024-12-01,1610612763,1610612754,136,121
22400308,2024,2024-12-01,1610612752,1610612740,118,85
22400314,2024,2024-12-01,1610612746,1610612743,126,122
2052400129,2024,2024-12-01,1612709919,1612709928,127,129
22400309,2024,2024-12-01,1610612761,1610612748,119,116
22400311,2024,2024-12-01,1610612762,1610612747,104,105
22400312,2024,2024-12-01,1610612757,1610612742,131,137
2052400128,2024,2024-12-01,1612709932,1612709904,110,133
22400303,2024,2024-11-30,1610612756,1610612744,113,105
22400302,2024,2024-11-30,1610612749,1610612764,124,114
2052400122,2024,2024-11-30,1612709917,1612709893,112,107
22400304,2024,2024-11-30,1610612762,1610612742,94,106
2052400126,2024,2024-11-30,1612709927,1612709911,98,115
2052400127,2024,2024-11-30,1612709902,1612709905,89,76
2052400121,2024,2024-11-30,1612709910,1612709923,96,102
22400300,2024,2024-11-30,1610612766,1610612737,104,107
22400301,2024,2024-11-30,1610612765,1610612755,96,111
2052400120,2024,2024-11-30,1612709909,1612709915,118,110
2052400123,2024,2024-11-30,1612709922,1612709921,131,119
2052400119,2024,2024-11-30,1612709913,1612709926,115,102
2052400125,2024,2024-11-30,1612709908,1612709889,104,124
22400044,2024,2024-11-29,1610612750,1610612746,93,92
22400045,2024,2024-11-29,1610612754,1610612765,106,130
22400042,2024,2024-11-29,1610612763,1610612740,120,109
2052400114,2024,2024-11-29,1612709933,1612709924,115,130
2052400117,2024,2024-11-29,1612709927,1612709911,101,103
22400041,2024,2024-11-29,1610612737,1610612739,117,101
2052400116,2024,2024-11-29,1612709919,1612709928,112,114
22400048,2024,2024-11-29,1610612747,1610612760,93,101
2052400118,2024,2024-11-29,1612709902,1612709903,115,108
22400049,2024,2024-11-29,1610612757,1610612758,115,106
2052400115,2024,2024-11-29,1612709932,1612709904,114,132
22400040,2024,2024-11-29,1610612766,1610612752,98,99
2052400124,2024,2024-11-29,1612709890,1612709918,114,102
22400043,2024,2024-11-29,1610612751,1610612753,100,123
22400047,2024,2024-11-29,1610612741,1610612738,129,138
22400046,2024,2024-11-29,1610612748,1610612761,121,111
2052400113,2024,2024-11-29,1612709922,1612709921,105,97
22400290,2024,2024-11-27,1610612755,1610612745,115,122
2052400110,2024,2024-11-27,1612709934,1612709914,136,113
22400298,2024,2024-11-27,1610612762,1610612743,103,122
22400293,2024,2024-11-27,1610612763,1610612765,131,111
22400294,2024,2024-11-27,1610612750,1610612758,104,115
22400288,2024,2024-11-27,1610612754,1610612757,121,114
22400286,2024,2024-11-27,1610612766,1610612748,94,98
22400287,2024,2024-11-27,1610612739,1610612737,124,135
22400297,2024,2024-11-27,1610612756,1610612751,117,127
22400289,2024,2024-11-27,1610612753,1610612741,133,119
22400296,2024,2024-11-27,1610612759,1610612747,101,119
2052400111,2024,2024-11-27,1612709920,1612709915,114,121
22400295,2024,2024-11-27,1610612740,1610612761,93,119
22400299,2024,2024-11-27,1610612744,1610612760,101,105
22400291,2024,2024-11-27,1610612764,1610612746,96,121
2052400112,2024,2024-11-27,1612709905,1612709933,123,102
22400292,2024,2024-11-27,1610612742,1610612752,129,114
22400037,2024,2024-11-26,1610612750,1610612745,111,117
2052400105,2024,2024-11-26,1612709890,1612709913,112,91
2052400108,2024,2024-11-26,1612709931,1612709908,99,143
2052400109,2024,2024-11-26,1612709905,1612709924,95,85
2052400106,2024,2024-11-26,1612709926,1612709889,108,109
22400038,2024,2024-11-26,1610612762,1610612759,115,128
2052400102,2024,2024-11-26,1612709929,1612709921,122,105
2052400103,2024,2024-11-26,1612709922,1612709909,111,101
22400039,2024,2024-11-26,1610612756,1610612747,127,100
2052400107,2024,2024-11-26,1612709918,1612709925,114,112
22400036,2024,2024-11-26,1610612748,1610612749,103,106
22400035,2024,2024-11-26,1610612764,1610612741,108,127
2052400101,2024,2024-11-26,1612709910,1612709917,106,111
2052400104,2024,2024-11-26,1612709932,1612709893,97,108
22400282,2024,2024-11-25,1610612763,1610612757,123,98
22400278,2024,2024-11-25,1610612765,1610612761,102,100
22400277,2024,2024-11-25,1610612766,1610612753,84,95
22400283,2024,2024-11-25,1610612743,1610612752,118,145
22400279,2024,2024-11-25,1610612754,1610612740,114,110
22400284,2024,2024-11-25,1610612744,1610612751,120,128
2052400100,2024,2024-11-25,1612709918,1612709925,98,100
22400285,2024,2024-11-25,1610612758,1610612760,109,130
22400280,2024,2024-11-25,1610612737,1610612742,119,129
22400281,2024,2024-11-25,1610612738,1610612746,126,94
2052400093,2024,2024-11-24,1612709915,1612709928,93,96
22400274,2024,2024-11-24,1610612755,1610612746,99,125
2052400096,2024,2024-11-24,1612709932,1612709893,120,109
22400273,2024,2024-11-24,1610612748,1610612742,123,118
2052400097,2024,2024-11-24,1612709933,1612709934,129,116
2052400094,2024,2024-11-24,1612709920,1612709921,130,115
22400271,2024,2024-11-24,1610612738,1610612750,107,105
22400275,2024,2024-11-24,1610612739,1610612761,122,108
2052400095,2024,2024-11-24,1612709913,1612709889,92,97
2052400098,2024,2024-11-24,1612709931,1612709908,119,105
22400272,2024,2024-11-24,1610612754,1610612764,115,103
2052400092,2024,2024-11-24,1612709909,1612709919,131,125
2052400099,2024,2024-11-24,1612709905,1612709914,98,116
22400276,2024,2024-11-24,1610612758,1610612751,103,108
22400269,2024,2024-11-23,1610612759,1610612744,104,94
2052400087,2024,2024-11-23,1612709923,1612709927,77,86
2052400088,2024,2024-11-23,1612709911,1612709917,111,88
2052400091,2024,2024-11-23,1612709903,1612709902,135,102
22400264,2024,2024-11-23,1610612762,1610612752,121,106
2052400090,2024,2024-11-23,1612709904,1612709910,125,98
22400266,2024,2024-11-23,1610612741,1610612763,131,142
22400270,2024,2024-11-23,1610612747,1610612743,102,127
22400265,2024,2024-11-23,1610612753,1610612765,111,100
22400268,2024,2024-11-23,1610612749,1610612766,125,119
2052400089,2024,2024-11-23,1612709926,1612709918,119,91
22400267,2024,2024-11-23,1610612745,1610612757,98,104
22400033,2024,2024-11-22,1610612743,1610612742,120,123
22400030,2024,2024-11-22,1610612741,1610612737,136,122
2052400081,2024,2024-11-22,1612709913,1612709890,91,104
2052400086,2024,2024-11-22,1612709933,1612709934,125,136
22400028,2024,2024-11-22,1610612764,1610612738,96,108
22400034,2024,2024-11-22,1610612746,1610612758,104,88
2052400080,2024,2024-11-22,1612709911,1612709917,121,112
22400029,2024,2024-11-22,1610612749,1610612754,129,117
2052400079,2024,2024-11-22,1612709920,1612709921,112,128
2052400083,2024,2024-11-22,1612709889,1612709908,104,97
2052400084,2024,2024-11-22,1612709904,1612709910,108,102
2052400077,2024,2024-11-22,1612709922,1612709929,108,103
22400027,2024,2024-11-22,1610612755,1610612751,113,98
22400032,2024,2024-11-22,1610612740,1610612744,108,112
2052400082,2024,2024-11-22,1612709926,1612709925,98,102
22400031,2024,2024-11-22,1610612745,1610612757,116,88
2052400085,2024,2024-11-22,1612709903,1612709902,101,99
2052400078,2024,2024-11-22,1612709915,1612709928,106,101
22400263,2024,2024-11-21,1610612747,1610612753,118,119
22400261,2024,2024-11-21,1610612761,1610612750,110,105
22400260,2024,2024-11-21,1610612766,1610612765,123,121
2052400075,2024,2024-11-21,1612709889,1612709918,109,97
2052400074,2024,2024-11-21,1612709919,1612709909,115,107
2052400076,2024,2024-11-21,1612709923,1612709927,106,95
22400262,2024,2024-11-21,1610612759,1610612762,126,118
22400259,2024,2024-11-20,1610612746,1610612753,104,93
2052400072,2024,2024-11-20,1612709924,1612709905,112,100
22400256,2024,2024-11-20,1610612760,1610612757,109,99
2052400070,2024,2024-11-20,1612709926,1612709925,123,118
22400255,2024,2024-11-20,1610612763,1610612755,117,111
22400252,2024,2024-11-20,1610612739,1610612740,128,100
2052400069,2024,2024-11-20,1612709932,1612709911,122,140
2052400071,2024,2024-11-20,1612709903,1612709933,129,119
22400258,2024,2024-11-20,1610612744,1610612737,120,97
22400253,2024,2024-11-20,1610612749,1610612741,122,106
2052400068,2024,2024-11-20,1612709922,1612709929,98,96
2052400073,2024,2024-11-20,1612709914,1612709902,108,98
22400254,2024,2024-11-20,1610612745,1610612754,130,113
22400257,2024,2024-11-20,1610612756,1610612752,122,138
22400026,2024,2024-11-19,1610612747,1610612762,124,118
2052400065,2024,2024-11-19,1612709893,1612709923,129,118
2052400064,2024,2024-11-19,1612709928,1612709920,119,109
22400025,2024,2024-11-19,1610612759,1610612760,110,104
22400023,2024,2024-11-19,1610612763,1610612743,110,122
2052400066,2024,2024-11-19,1612709927,1612709904,109,121
2052400067,2024,2024-11-19,1612709890,1612709931,120,115
22400022,2024,2024-11-19,1610612751,1610612766,116,115
22400021,2024,2024-11-19,1610612738,1610612739,120,117
22400024,2024,2024-11-19,1610612742,1610612740,132,91
22400244,2024,2024-11-18,1610612765,1610612741,112,122
22400249,2024,2024-11-18,1610612756,1610612753,99,109
22400251,2024,2024-11-18,1610612746,1610612744,102,99
22400248,2024,2024-11-18,1610612749,1610612745,101,100
2052400061,2024,2024-11-18,1612709910,1612709911,112,103
22400247,2024,2024-11-18,1610612761,1610612754,130,119
22400246,2024,2024-11-18,1610612752,1610612764,134,106
22400245,2024,2024-11-18,1610612748,1610612755,106,89
2052400062,2024,2024-11-18,1612709929,1612709909,101,108
22400250,2024,2024-11-18,1610612758,1610612737,108,109
2052400063,2024,2024-11-18,1612709903,1612709933,127,118
2052400057,2024,2024-11-17,1612709918,1612709926,85,90
22400237,2024,2024-11-17,1610612764,1610612765,104,124
22400243,2024,2024-11-17,1610612746,1610612762,116,105
2052400054,2024,2024-11-17,1612709928,1612709920,131,113
22400242,2024,2024-11-17,1610612760,1610612742,119,121
2052400058,2024,2024-11-17,1612709923,1612709932,97,112
22400236,2024,2024-11-17,1610612739,1610612766,128,114
2052400052,2024,2024-11-17,1612709915,1612709919,118,110
22400241,2024,2024-11-17,1610612741,1610612745,107,143
22400239,2024,2024-11-17,1610612757,1610612737,114,110
22400240,2024,2024-11-17,1610612752,1610612751,114,104
2052400055,2024,2024-11-17,1612709890,1612709931,92,99
2052400059,2024,2024-11-17,1612709905,1612709914,122,127
2052400053,2024,2024-11-17,1612709929,1612709909,112,90
22400238,2024,2024-11-17,1610612763,1610612743,105,90
22400234,2024,2024-11-17,1610612750,1610612756,120,117
2052400060,2024,2024-11-17,1612709924,1612709934,129,122
2052400056,2024,2024-11-17,1612709913,1612709889,116,89
22400235,2024,2024-11-17,1610612754,1610612748,119,110
22400229,2024,2024-11-16,1610612766,1610612749,115,114
2052400050,2024,2024-11-16,1612709923,1612709932,115,119
2052400051,2024,2024-11-16,1612709927,1612709917,91,99
22400230,2024,2024-11-16,1610612738,1610612761,126,123
22400232,2024,2024-11-16,1610612742,1610612759,110,93
22400233,2024,2024-11-16,1610612758,1610612762,121,117
2052400049,2024,2024-11-16,1612709928,1612709921,120,115
22400231,2024,2024-11-16,1610612740,1610612747,99,104
2052400045,2024,2024-11-15,1612709904,1612709893,110,96
2052400048,2024,2024-11-15,1612709914,1612709903,116,110
22400014,2024,2024-11-15,1610612752,1610612751,124,122
22400010,2024,2024-11-15,1610612753,1610612755,98,86
22400020,2024,2024-11-15,1610612758,1610612750,126,130
2052400044,2024,2024-11-15,1612709908,1612709913,117,79
22400009,2024,2024-11-15,1610612754,1610612748,111,124
2052400047,2024,2024-11-15,1612709902,1612709905,128,118
2052400039,2024,2024-11-15,1612709922,1612709909,115,90
22400013,2024,2024-11-15,1610612739,1610612741,144,126
22400019,2024,2024-11-15,1610612744,1610612763,123,118
2052400046,2024,2024-11-15,1612709927,1612709917,99,105
2052400041,2024,2024-11-15,1612709925,1612709931,98,107
22400017,2024,2024-11-15,1610612740,1610612743,101,94
2052400043,2024,2024-11-15,1612709926,1612709889,121,132
2052400040,2024,2024-11-15,1612709915,1612709919,100,127
2052400042,2024,2024-11-15,1612709890,1612709918,119,96
22400012,2024,2024-11-15,1610612737,1610612764,129,117
22400016,2024,2024-11-15,1610612745,1610612746,125,104
22400011,2024,2024-11-15,1610612761,1610612765,95,99
22400015,2024,2024-11-15,1610612759,1610612747,115,120
22400018,2024,2024-11-15,1610612760,1610612756,99,83
2052400038,2024,2024-11-15,1612709910,1612709911,104,113
2052400037,2024,2024-11-14,1612709924,1612709934,128,132
2052400036,2024,2024-11-14,1612709908,1612709913,95,121
22400228,2024,2024-11-14,1610612762,1610612742,115,113
2052400035,2024,2024-11-14,1612709904,1612709893,107,100
2052400034,2024,2024-11-14,1612709925,1612709931,128,105
22400217,2024,2024-11-13,1610612753,1610612754,94,90
22400222,2024,2024-11-13,1610612745,1610612746,111,103
22400223,2024,2024-11-13,1610612749,1610612765,127,120
2052400032,2024,2024-11-13,1612709932,1612709910,119,115
22400219,2024,2024-11-13,1610612752,1610612741,123,124
22400224,2024,2024-11-13,1610612759,1610612764,139,130
22400221,2024,2024-11-13,1610612760,1610612740,106,88
22400226,2024,2024-11-13,1610612757,1610612750,106,98
22400225,2024,2024-11-13,1610612747,1610612763,128,123
22400220,2024,2024-11-13,1610612755,1610612739,106,114
2052400030,2024,2024-11-13,1612709922,1612709928,107,98
2052400031,2024,2024-11-13,1612709929,1612709920,101,95
22400218,2024,2024-11-13,1610612751,1610612738,114,139
2052400033,2024,2024-11-13,1612709914,1612709903,116,112
22400227,2024,2024-11-13,1610612758,1610612756,127,104
2052400026,2024,2024-11-12,1612709921,1612709919,117,127
22400005,2024,2024-11-12,1610612749,1610612761,99,85
2052400025,2024,2024-11-12,1612709889,1612709918,102,100
22400006,2024,2024-11-12,1610612762,1610612756,112,120
2052400029,2024,2024-11-12,1612709908,1612709890,124,109
22400007,2024,2024-11-12,1610612744,1610612742,120,117
22400004,2024,2024-11-12,1610612755,1610612752,99,111
2052400028,2024,2024-11-12,1612709904,1612709911,97,106
22400001,2024,2024-11-12,1610612738,1610612737,116,117
22400002,2024,2024-11-12,1610612765,1610612748,123,121
2052400027,2024,2024-11-12,1612709932,1612709923,127,107
22400003,2024,2024-11-12,1610612753,1610612766,114,89
22400008,2024,2024-11-12,1610612757,1610612750,122,108
22400212,2024,2024-11-11,1610612741,1610612739,113,119
22400216,2024,2024-11-11,1610612759,1610612758,116,96
22400213,2024,2024-11-11,1610612745,1610612764,107,92
2052400022,2024,2024-11-11,1612709909,1612709915,111,130
2052400021,2024,2024-11-11,1612709929,1612709920,122,117
2052400024,2024,2024-11-11,1612709934,1612709914,108,100
2052400023,2024,2024-11-11,1612709926,1612709931,90,97
22400215,2024,2024-11-11,1610612760,1610612746,134,128
22400214,2024,2024-11-11,1610612740,1610612751,105,107
22400208,2024,2024-11-10,1610612743,1610612742,122,120
2052400019,2024,2024-11-10,1612709925,1612709890,120,122
22400210,2024,2024-11-10,1610612757,1610612763,89,134
22400211,2024,2024-11-10,1610612747,1610612761,123,103
22400206,2024,2024-11-10,1610612750,1610612748,94,95
22400202,2024,2024-11-10,1610612749,1610612738,107,113
22400207,2024,2024-11-10,1610612760,1610612744,116,127
2052400017,2024,2024-11-10,1612709917,1612709923,124,121
22400209,2024,2024-11-10,1610612756,1610612758,118,127
22400204,2024,2024-11-10,1610612753,1610612764,121,94
2052400018,2024,2024-11-10,1612709921,1612709919,99,118
2052400016,2024,2024-11-10,1612709928,1612709922,107,98
2052400015,2024,2024-11-10,1612709893,1612709910,114,122
22400203,2024,2024-11-10,1610612754,1610612752,132,121
22400205,2024,2024-11-10,1610612755,1610612766,107,105
22400201,2024,2024-11-10,1610612765,1610612745,99,101
2052400020,2024,2024-11-10,1612709924,1612709933,137,121
2052400010,2024,2024-11-09,1612709913,1612709931,90,105
2052400012,2024,2024-11-09,1612709908,1612709926,103,97
2052400014,2024,2024-11-09,1612709902,1612709934,104,133
2052400013,2024,2024-11-09,1612709905,1612709903,110,96
2052400009,2024,2024-11-09,1612709909,1612709920,115,116
22400197,2024,2024-11-09,1610612759,1610612762,110,111
22400199,2024,2024-11-09,1610612739,1610612751,105,100
2052400008,2024,2024-11-09,1612709893,1612709910,120,83
22400200,2024,2024-11-09,1610612746,1610612761,105,103
2052400011,2024,2024-11-09,1612709911,1612709904,121,118
22400198,2024,2024-11-09,1610612737,1610612741,113,125
2052400004,2024,2024-11-08,1612709925,1612709890,117,128
2052400007,2024,2024-11-08,1612709902,1612709934,133,118
2052400006,2024,2024-11-08,1612709924,1612709933,122,107
22400193,2024,2024-11-08,1610612750,1610612757,127,102
22400190,2024,2024-11-08,1610612742,1610612756,113,114
2052400003,2024,2024-11-08,1612709921,1612709915,129,123
22400188,2024,2024-11-08,1610612739,1610612744,136,117
2052400001,2024,2024-11-08,1612709928,1612709929,95,104
22400185,2024,2024-11-08,1610612765,1610612737,122,121
22400186,2024,2024-11-08,1610612753,1610612740,115,88
22400189,2024,2024-11-08,1610612752,1610612749,116,94
2052400002,2024,2024-11-08,1612709917,1612709923,112,117
22400191,2024,2024-11-08,1610612763,1610612764,128,104
22400195,2024,2024-11-08,1610612747,1610612755,116,106
22400192,2024,2024-11-08,1610612760,1610612745,126,107
22400184,2024,2024-11-08,1610612766,1610612754,103,83
2052400005,2024,2024-11-08,1612709911,1612709927,111,93
22400187,2024,2024-11-08,1610612738,1610612751,108,104
22400194,2024,2024-11-08,1610612743,1610612748,135,122
22400196,2024,2024-11-08,1610612758,1610612746,98,107
22400183,2024,2024-11-07,1610612759,1610612757,118,105
22400182,2024,2024-11-07,1610612749,1610612762,123,100
22400181,2024,2024-11-07,1610612741,1610612750,119,135
22400179,2024,2024-11-06,1610612746,1610612755,110,98
22400175,2024,2024-11-06,1610612740,1610612739,122,131
22400171,2024,2024-11-06,1610612737,1610612752,121,116
22400172,2024,2024-11-06,1610612738,1610612744,112,118
22400173,2024,2024-11-06,1610612745,1610612759,127,100
22400180,2024,2024-11-06,1610612758,1610612761,122,107
22400170,2024,2024-11-06,1610612754,1610612753,118,111
22400169,2024,2024-11-06,1610612766,1610612765,108,107
22400176,2024,2024-11-06,1610612742,1610612741,119,99
22400178,2024,2024-11-06,1610612756,1610612748,115,112
22400174,2024,2024-11-06,1610612763,1610612747,131,114
22400177,2024,2024-11-06,1610612743,1610612760,124,122
22400168,2024,2024-11-04,1610612746,1610612759,113,104
22400155,2024,2024-11-04,1610612764,1610612744,112,125
22400161,2024,2024-11-04,1610612745,1610612752,109,97
22400166,2024,2024-11-04,1610612743,1610612761,121,119
22400154,2024,2024-11-04,1610612739,1610612749,116,114
22400156,2024,2024-11-04,1610612765,1610612747,115,103
22400163,2024,2024-11-04,1610612760,1610612753,102,86
22400167,2024,2024-11-04,1610612756,1610612755,118,116
22400165,2024,2024-11-04,1610612742,1610612754,127,134
22400162,2024,2024-11-04,1610612750,1610612766,114,93
22400164,2024,2024-11-04,1610612740,1610612757,100,118
22400159,2024,2024-11-04,1610612748,1610612758,110,111
22400158,2024,2024-11-04,1610612751,1610612763,106,104
22400157,2024,2024-11-04,1610612737,1610612738,93,123
22400160,2024,2024-11-04,1610612741,1610612762,126,135
22400153,2024,2024-11-03,1610612742,1610612753,108,85
22400152,2024,2024-11-03,1610612740,1610612737,111,126
22400151,2024,2024-11-03,1610612751,1610612765,92,106
22400144,2024,2024-11-02,1610612745,1610612744,121,127
22400148,2024,2024-11-02,1610612743,1610612762,129,103
22400150,2024,2024-11-02,1610612746,1610612760,92,105
22400146,2024,2024-11-02,1610612759,1610612750,113,103
22400142,2024,2024-11-02,1610612755,1610612763,107,124
22400141,2024,2024-11-02,1610612766,1610612738,103,113
22400145,2024,2024-11-02,1610612749,1610612739,113,114
22400143,2024,2024-11-02,1610612761,1610612758,131,128
22400149,2024,2024-11-02,1610612756,1610612757,103,97
22400133,2024,2024-11-01,1610612739,1610612753,120,109
22400138,2024,2024-11-01,1610612740,1610612754,125,118
22400132,2024,2024-11-01,1610612766,1610612738,109,124
22400135,2024,2024-11-01,1610612737,1610612758,115,123
22400136,2024,2024-11-01,1610612751,1610612741,120,112
22400137,2024,2024-11-01,1610612761,1610612747,125,131
22400139,2024,2024-11-01,1610612750,1610612743,119,116
22400134,2024,2024-11-01,1610612765,1610612752,98,128
22400140,2024,2024-11-01,1610612757,1610612760,114,137
22400130,2024,2024-10-31,1610612762,1610612759,88,106
22400128,2024,2024-10-31,1610612763,1610612749,122,99
22400129,2024,2024-10-31,1610612742,1610612745,102,108
22400131,2024,2024-10-31,1610612746,1610612756,119,125
22400118,2024,2024-10-30,1610612739,1610612747,134,110
22400119,2024,2024-10-30,1610612754,1610612738,135,132
22400122,2024,2024-10-30,1610612748,1610612752,107,116
22400127,2024,2024-10-30,1610612746,1610612757,105,106
22400121,2024,2024-10-30,1610612764,1610612737,133,120
22400120,2024,2024-10-30,1610612755,1610612765,95,105
22400124,2024,2024-10-30,1610612763,1610612751,106,119
22400125,2024,2024-10-30,1610612760,1610612759,105,93
22400117,2024,2024-10-30,1610612766,1610612761,138,133
22400126,2024,2024-10-30,1610612744,1610612740,104,89
22400123,2024,2024-10-30,1610612741,1610612753,102,99
22400113,2024,2024-10-29,1610612751,1610612743,139,144
22400115,2024,2024-10-29,1610612762,1610612758,96,113
22400114,2024,2024-10-29,1610612750,1610612742,114,120
22400116,2024,2024-10-29,1610612744,1610612740,124,106
22400110,2024,2024-10-28,1610612742,1610612762,110,102
22400108,2024,2024-10-28,1610612763,1610612741,123,126
22400106,2024,2024-10-28,1610612752,1610612739,104,110
22400102,2024,2024-10-28,1610612753,1610612754,119,115
22400103,2024,2024-10-28,1610612737,1610612764,119,121
22400109,2024,2024-10-28,1610612759,1610612745,101,106
22400104,2024,2024-10-28,1610612738,1610612749,119,108
22400111,2024,2024-10-28,1610612756,1610612747,109,105
22400107,2024,2024-10-28,1610612761,1610612743,125,127
22400112,2024,2024-10-28,1610612758,1610612757,111,98
22400105,2024,2024-10-28,1610612748,1610612765,106,98
22400101,2024,2024-10-27,1610612744,1610612746,104,112
22400100,2024,2024-10-27,1610612760,1610612737,128,104
22400098,2024,2024-10-27,1610612751,1610612749,115,102
22400099,2024,2024-10-27,1610612757,1610612740,125,103
22400097,2024,2024-10-27,1610612754,1610612755,114,118
22400087,2024,2024-10-26,1610612743,1610612746,104,109
22400089,2024,2024-10-26,1610612765,1610612738,118,124
22400095,2024,2024-10-26,1610612756,1610612742,114,102
22400092,2024,2024-10-26,1610612763,1610612753,124,111
22400091,2024,2024-10-26,1610612741,1610612760,95,114
22400088,2024,2024-10-26,1610612766,1610612748,106,114
22400093,2024,2024-10-26,1610612750,1610612761,112,101
22400094,2024,2024-10-26,1610612759,1610612745,109,106
22400096,2024,2024-10-26,1610612747,1610612758,131,127
22400090,2024,2024-10-26,1610612764,1610612739,116,135
22400080,2024,2024-10-25,1610612739,1610612765,113,101
22400085,2024,2024-10-25,1610612747,1610612756,123,116
22400081,2024,2024-10-25,1610612752,1610612754,123,98
22400077,2024,2024-10-25,1610612753,1610612751,116,101
22400078,2024,2024-10-25,1610612761,1610612755,115,107
22400083,2024,2024-10-25,1610612749,1610612741,122,133
22400084,2024,2024-10-25,1610612762,1610612744,86,127
22400086,2024,2024-10-25,1610612757,1610612740,103,105
22400082,2024,2024-10-25,1610612745,1610612763,128,108
22400079,2024,2024-10-25,1610612737,1610612766,125,120
22400075,2024,2024-10-24,1610612743,1610612760,87,102
22400076,2024,2024-10-24,1610612758,1610612750,115,117
22400073,2024,2024-10-24,1610612764,1610612738,102,122
22400074,2024,2024-10-24,1610612742,1610612759,120,109
22400063,2024,2024-10-23,1610612765,1610612754,109,115
22400066,2024,2024-10-23,1610612755,1610612749,109,124
22400072,2024,2024-10-23,1610612757,1610612744,104,140
22400065,2024,2024-10-23,1610612748,1610612753,97,116
22400067,2024,2024-10-23,1610612761,1610612739,106,136
22400068,2024,2024-10-23,1610612745,1610612766,105,110
22400069,2024,2024-10-23,1610612740,1610612741,123,111
22400064,2024,2024-10-23,1610612737,1610612751,120,116
22400070,2024,2024-10-23,1610612762,1610612763,124,126
22400071,2024,2024-10-23,1610612746,1610612756,113,116
22400062,2024,2024-10-22,1610612747,1610612750,110,103
22400061,2024,2024-10-22,1610612738,1610612752,132,109
12400073,2024,2024-10-18,1610612757,1610612762,124,86
12400074,2024,2024-10-18,1610612744,1610612747,132,74
12400071,2024,2024-10-18,1610612763,1610612748,109,114
12400070,2024,2024-10-18,1610612741,1610612739,139,137
12400069,2024,2024-10-18,1610612751,1610612761,112,116
12400068,2024,2024-10-18,1610612764,1610612752,118,117
12400067,2024,2024-10-18,1610612753,1610612755,114,99
12400061,2024,2024-10-17,1610612754,1610612766,121,116
12400064,2024,2024-10-17,1610612760,1610612737,104,99
12400065,2024,2024-10-17,1610612756,1610612747,122,128
12400072,2024,2024-10-17,1610612750,1610612743,126,132
12400063,2024,2024-10-17,1610612745,1610612759,129,107
12400066,2024,2024-10-17,1610612746,1610612758,113,91
12400062,2024,2024-10-17,1610612742,1610612749,109,84
12400060,2024,2024-10-16,1610612757,15025,111,100
12400025,2024,2024-10-16,1610612748,1610612737,120,111
12400058,2024,2024-10-16,1610612755,1610612751,117,95
12400059,2024,2024-10-16,1610612741,1610612750,125,123
12400057,2024,2024-10-16,1610612765,1610612739,108,92
12400055,2024,2024-10-15,1610612762,1610612758,117,114
12400056,2024,2024-10-15,1610612747,1610612744,97,111
12400050,2024,2024-10-15,1610612761,1610612738,119,118
12400053,2024,2024-10-15,1610612745,1610612740,118,98
12400051,2024,2024-10-15,1610612748,1610612759,120,117
12400054,2024,2024-10-15,1610612743,1610612760,94,124
12400052,2024,2024-10-15,1610612752,1610612766,111,105
12400049,2024,2024-10-14,1610612746,1610612742,110,96
12400047,2024,2024-10-14,1610612751,1610612764,131,92
12400045,2024,2024-10-14,1610612754,1610612763,116,120
12400046,2024,2024-10-14,1610612737,1610612755,89,104
12400048,2024,2024-10-14,1610612749,1610612741,111,107
12400043,2024,2024-10-13,1610612743,1610612756,114,118
12400039,2024,2024-10-13,1610612748,1610612740,101,99
12400040,2024,2024-10-13,1610612752,1610612750,115,110
12400041,2024,2024-10-13,1610612758,1610612757,85,105
12400044,2024,2024-10-13,1610612744,1610612765,111,93
12400042,2024,2024-10-13,1610612738,1610612761,115,111
12400038,2024,2024-10-12,1610612759,1610612762,126,120
12400037,2024,2024-10-12,1610612741,1610612763,121,124
12400036,2024,2024-10-12,1610612738,1610612755,139,89
12400032,2024,2024-10-11,1610612750,1610612755,121,111
12400033,2024,2024-10-11,1610612744,1610612758,109,106
12400031,2024,2024-10-11,1610612764,1610612761,113,95
12400034,2024,2024-10-11,1610612756,1610612765,91,109
12400035,2024,2024-10-11,1610612746,1610612757,101,99
12400028,2024,2024-10-10,1610612749,1610612747,102,107
12400024,2024,2024-10-10,1610612739,1610612754,117,129
12400027,2024,2024-10-10,1610612763,1610612766,94,119
12400029,2024,2024-10-10,1610612760,15020,117,89
12400026,2024,2024-10-10,1610612742,1610612762,102,107
12400022,2024,2024-10-09,1610612759,1610612753,107,97
12400020,2024,2024-10-09,1610612752,1610612764,117,94
12400023,2024,2024-10-09,1610612758,1610612744,112,122
12400021,2024,2024-10-09,1610612760,1610612745,113,122
12400016,2024,2024-10-08,1610612739,1610612741,112,116
12400017,2024,2024-10-08,1610612765,1610612756,97,105
12400019,2024,2024-10-08,1610612746,1610612751,115,106
12400015,2024,2024-10-08,1610612766,1610612748,111,108
12400018,2024,2024-10-08,1610612737,1610612754,131,130
12400012,2024,2024-10-07,1610612742,1610612763,116,121
12400010,2024,2024-10-07,1610612740,1610612753,106,104
12400014,2024,2024-10-07,1610612762,1610612745,122,113
12400011,2024,2024-10-07,1610612755,15020,139,84
12400013,2024,2024-10-07,1610612759,1610612760,107,112
12400008,2024,2024-10-06,1610612765,1610612749,120,87
12400009,2024,2024-10-06,1610612747,1610612756,114,118
12400006,2024,2024-10-06,1610612766,1610612752,109,111
12400004,2024,2024-10-05,1610612746,1610612744,90,91
12400003,2024,2024-10-04,1610612747,1610612750,107,124
12400002,2024,2024-10-04,1610612762,15020,116,87
2012400002,2024,2024-09-06,50012,50011,99,66
2012400001,2024,2024-09-04,50012,50011,99,81
42300405,2023,2024-06-17,1610612738,1610612742,106,88
42300404,2023,2024-06-14,1610612742,1610612738,122,84
42300403,2023,2024-06-12,1610612742,1610612738,99,106
42300402,2023,2024-06-09,1610612738,1610612742,105,98
42300401,2023,2024-06-06,1610612738,1610612742,107,89
42300315,2023,2024-05-30,1610612750,1610612742,103,124
42300314,2023,2024-05-28,1610612742,1610612750,100,105
42300304,2023,2024-05-27,1610612754,1610612738,102,105
42300313,2023,2024-05-26,1610612742,1610612750,116,107
42300303,2023,2024-05-25,1610612754,1610612738,111,114
42300312,2023,2024-05-24,1610612750,1610612742,108,109
42300302,2023,2024-05-23,1610612738,1610612754,126,110
42300311,2023,2024-05-22,1610612750,1610612742,105,108
42300301,2023,2024-05-21,1610612738,1610612754,133,128
42300237,2023,2024-05-19,1610612743,1610612750,90,98
42300217,2023,2024-05-19,1610612752,1610612754,109,130
42300226,2023,2024-05-18,1610612742,1610612760,117,116
42300216,2023,2024-05-17,1610612754,1610612752,116,103
42300236,2023,2024-05-16,1610612750,1610612743,115,70
42300225,2023,2024-05-15,1610612760,1610612742,92,104
42300205,2023,2024-05-15,1610612738,1610612739,113,98
42300235,2023,2024-05-14,1610612743,1610612750,112,97
42300215,2023,2024-05-14,1610612752,1610612754,121,91
42300224,2023,2024-05-13,1610612742,1610612760,96,100
42300204,2023,2024-05-13,1610612739,1610612738,102,109
42300234,2023,2024-05-12,1610612750,1610612743,107,115
42300214,2023,2024-05-12,1610612754,1610612752,121,89
42300203,2023,2024-05-11,1610612739,1610612738,93,106
42300223,2023,2024-05-11,1610612742,1610612760,105,101
42300213,2023,2024-05-10,1610612754,1610612752,111,106
42300233,2023,2024-05-10,1610612750,1610612743,90,117
42300222,2023,2024-05-09,1610612760,1610612742,110,119
42300202,2023,2024-05-09,1610612738,1610612739,94,118
42300212,2023,2024-05-08,1610612752,1610612754,130,121
42300201,2023,2024-05-07,1610612738,1610612739,120,95
42300221,2023,2024-05-07,1610612760,1610612742,117,95
42300232,2023,2024-05-06,1610612743,1610612750,80,106
42300211,2023,2024-05-06,1610612752,1610612754,121,117
42300137,2023,2024-05-05,1610612739,1610612753,106,94
42300231,2023,2024-05-04,1610612743,1610612750,99,106
42300136,2023,2024-05-03,1610612753,1610612739,103,96
42300176,2023,2024-05-03,1610612742,1610612746,114,101
42300126,2023,2024-05-02,1610612754,1610612749,120,98
42300116,2023,2024-05-02,1610612755,1610612752,115,118
42300175,2023,2024-05-01,1610612746,1610612742,93,123
42300105,2023,2024-05-01,1610612738,1610612748,118,84
42300135,2023,2024-04-30,1610612739,1610612753,104,103
42300115,2023,2024-04-30,1610612752,1610612755,106,112
42300125,2023,2024-04-30,1610612749,1610612754,115,92
42300104,2023,2024-04-29,1610612748,1610612738,88,102
42300155,2023,2024-04-29,1610612743,1610612747,108,106
42300144,2023,2024-04-29,1610612740,1610612760,89,97
42300164,2023,2024-04-28,1610612756,1610612750,116,122
42300114,2023,2024-04-28,1610612755,1610612752,92,97
42300124,2023,2024-04-28,1610612754,1610612749,126,113
42300174,2023,2024-04-28,1610612742,1610612746,111,116
42300103,2023,2024-04-27,1610612748,1610612738,84,104
42300154,2023,2024-04-27,1610612747,1610612743,119,108
42300134,2023,2024-04-27,1610612753,1610612739,112,89
42300143,2023,2024-04-27,1610612740,1610612760,85,106
42300173,2023,2024-04-26,1610612742,1610612746,101,90
42300163,2023,2024-04-26,1610612756,1610612750,109,126
42300123,2023,2024-04-26,1610612754,1610612749,121,118
42300133,2023,2024-04-25,1610612753,1610612739,121,83
42300153,2023,2024-04-25,1610612747,1610612743,105,112
42300113,2023,2024-04-25,1610612755,1610612752,125,114
42300102,2023,2024-04-24,1610612738,1610612748,101,111
42300142,2023,2024-04-24,1610612760,1610612740,124,92
42300122,2023,2024-04-23,1610612749,1610612754,108,125
42300162,2023,2024-04-23,1610612750,1610612756,105,93
42300172,2023,2024-04-23,1610612746,1610612742,93,96
42300112,2023,2024-04-22,1610612752,1610612755,104,101
42300152,2023,2024-04-22,1610612743,1610612747,101,99
42300132,2023,2024-04-22,1610612739,1610612753,96,86
42300171,2023,2024-04-21,1610612746,1610612742,109,97
42300101,2023,2024-04-21,1610612738,1610612748,114,94
42300141,2023,2024-04-21,1610612760,1610612740,94,92
42300121,2023,2024-04-21,1610612749,1610612754,109,94
42300111,2023,2024-04-20,1610612752,1610612755,111,104
42300151,2023,2024-04-20,1610612743,1610612747,114,103
42300161,2023,2024-04-20,1610612750,1610612756,120,95
42300131,2023,2024-04-20,1610612739,1610612753,97,83
52300201,2023,2024-04-19,1610612748,1610612741,112,91
52300211,2023,2024-04-19,1610612740,1610612758,105,98
52300101,2023,2024-04-17,1610612755,1610612748,105,104
52300111,2023,2024-04-17,1610612741,1610612737,131,116
52300121,2023,2024-04-16,1610612740,1610612747,106,110
52300131,2023,2024-04-16,1610612758,1610612744,118,94
2042300403,2023,2024-04-15,1612709915,1612709889,100,117
22301198,2023,2024-04-14,1610612744,1610612762,123,116
22301199,2023,2024-04-14,1610612746,1610612745,105,116
22301192,2023,2024-04-14,1610612755,1610612751,107,86
22301196,2023,2024-04-14,1610612760,1610612742,135,86
22301188,2023,2024-04-14,1610612754,1610612737,157,115
22301195,2023,2024-04-14,1610612740,1610612747,108,124
22301193,2023,2024-04-14,1610612763,1610612743,111,126
22301190,2023,2024-04-14,1610612752,1610612741,120,119
22301187,2023,2024-04-14,1610612739,1610612766,110,120
22301191,2023,2024-04-14,1610612753,1610612749,113,88
22301197,2023,2024-04-14,1610612759,1610612765,123,95
22301189,2023,2024-04-14,1610612748,1610612761,118,103
22301186,2023,2024-04-14,1610612738,1610612764,132,122
22301200,2023,2024-04-14,1610612758,1610612757,121,82
22301194,2023,2024-04-14,1610612750,1610612756,106,125
22301182,2023,2024-04-12,1610612744,1610612740,109,114
22301177,2023,2024-04-12,1610612763,1610612747,120,123
22301171,2023,2024-04-12,1610612755,1610612753,125,113
22301176,2023,2024-04-12,1610612748,1610612761,125,103
22301173,2023,2024-04-12,1610612738,1610612766,131,98
22301184,2023,2024-04-12,1610612746,1610612762,109,110
22301175,2023,2024-04-12,1610612752,1610612751,111,107
22301183,2023,2024-04-12,1610612757,1610612745,107,116
22301185,2023,2024-04-12,1610612758,1610612756,107,108
22301180,2023,2024-04-12,1610612759,1610612743,121,120
22301178,2023,2024-04-12,1610612750,1610612737,109,106
22301174,2023,2024-04-12,1610612739,1610612754,129,120
22301181,2023,2024-04-12,1610612742,1610612765,89,107
22301179,2023,2024-04-12,1610612760,1610612749,125,107
22301172,2023,2024-04-12,1610612764,1610612741,127,129
22301167,2023,2024-04-11,1610612738,1610612752,109,118
22301168,2023,2024-04-11,1610612762,1610612745,124,121
22301170,2023,2024-04-11,1610612758,1610612740,123,135
2042300402,2023,2024-04-11,1612709889,1612709915,99,89
22301166,2023,2024-04-11,1610612765,1610612741,105,127
22301169,2023,2024-04-11,1610612757,1610612744,92,100
22301160,2023,2024-04-10,1610612751,1610612761,106,102
22301164,2023,2024-04-10,1610612743,1610612750,116,107
22301161,2023,2024-04-10,1610612748,1610612742,92,111
22301163,2023,2024-04-10,1610612760,1610612759,127,89
22301165,2023,2024-04-10,1610612746,1610612756,108,124
22301162,2023,2024-04-10,1610612749,1610612753,117,99
22301159,2023,2024-04-10,1610612737,1610612766,114,115
22301158,2023,2024-04-10,1610612739,1610612763,110,98
22301146,2023,2024-04-09,1610612761,1610612754,123,140
22301152,2023,2024-04-09,1610612750,1610612764,130,121
22301153,2023,2024-04-09,1610612760,1610612758,112,105
22301149,2023,2024-04-09,1610612741,1610612752,117,128
22301155,2023,2024-04-09,1610612747,1610612744,120,134
22301148,2023,2024-04-09,1610612749,1610612738,104,91
22301145,2023,2024-04-09,1610612755,1610612765,120,102
2042300401,2023,2024-04-09,1612709915,1612709889,106,86
22301144,2023,2024-04-09,1610612766,1610612742,104,130
22301156,2023,2024-04-09,1610612756,1610612746,92,105
22301157,2023,2024-04-09,1610612757,1610612740,100,110
22301147,2023,2024-04-09,1610612737,1610612748,111,117
22301150,2023,2024-04-09,1610612745,1610612753,118,106
22301154,2023,2024-04-09,1610612762,1610612743,95,111
22301151,2023,2024-04-09,1610612763,1610612759,87,102
22301132,2023,2024-04-07,1610612746,1610612739,120,118
22301137,2023,2024-04-07,1610612761,1610612764,130,122
22301140,2023,2024-04-07,1610612759,1610612755,126,133
2042300301,2023,2024-04-07,1612709915,1612709921,99,77
22301142,2023,2024-04-07,1610612744,1610612762,118,110
22301141,2023,2024-04-07,1610612751,1610612758,77,107
22301131,2023,2024-04-07,1610612742,1610612745,147,136
22301139,2023,2024-04-07,1610612749,1610612752,109,122
22301143,2023,2024-04-07,1610612747,1610612750,117,127
22301136,2023,2024-04-07,1610612753,1610612741,113,98
2042300311,2023,2024-04-07,1612709914,1612709889,107,114
22301138,2023,2024-04-07,1610612756,1610612740,105,113
22301135,2023,2024-04-07,1610612766,1610612760,118,121
22301133,2023,2024-04-07,1610612754,1610612748,117,115
22301134,2023,2024-04-07,1610612738,1610612757,124,107
22301130,2023,2024-04-06,1610612743,1610612737,142,110
22301127,2023,2024-04-06,1610612747,1610612739,116,97
22301128,2023,2024-04-06,1610612751,1610612765,113,103
22301129,2023,2024-04-06,1610612763,1610612755,96,116
22301119,2023,2024-04-05,1610612741,1610612752,108,100
22301117,2023,2024-04-05,1610612764,1610612757,102,108
22301116,2023,2024-04-05,1610612754,1610612760,126,112
22301125,2023,2024-04-05,1610612756,1610612750,97,87
22301118,2023,2024-04-05,1610612738,1610612758,101,100
22301122,2023,2024-04-05,1610612749,1610612761,111,117
22301120,2023,2024-04-05,1610612745,1610612748,104,119
22301115,2023,2024-04-05,1610612766,1610612753,124,115
22301126,2023,2024-04-05,1610612746,1610612762,131,102
22301121,2023,2024-04-05,1610612763,1610612765,108,90
2042300201,2023,2024-04-05,1612709925,1612709921,112,120
2042300231,2023,2024-04-05,1612709904,1612709889,93,111
22301097,2023,2024-04-05,1610612742,1610612744,108,106
22301123,2023,2024-04-05,1610612740,1610612759,109,111
22301114,2023,2024-04-04,1610612746,1610612743,102,100
2042300221,2023,2024-04-04,1612709914,1612709902,112,109
22301124,2023,2024-04-04,1610612742,1610612737,109,95
2042300211,2023,2024-04-04,1612709915,1612709909,119,112
22301113,2023,2024-04-04,1610612745,1610612744,110,133
22301111,2023,2024-04-04,1610612748,1610612755,105,109
22301112,2023,2024-04-04,1610612752,1610612758,120,109
22301108,2023,2024-04-03,1610612750,1610612761,133,85
22301107,2023,2024-04-03,1610612749,1610612763,101,111
22301102,2023,2024-04-03,1610612766,1610612757,86,89
22301104,2023,2024-04-03,1610612737,1610612765,121,113
22301110,2023,2024-04-03,1610612756,1610612739,122,101
22301109,2023,2024-04-03,1610612740,1610612753,108,117
22301103,2023,2024-04-03,1610612764,1610612747,120,125
22301106,2023,2024-04-03,1610612751,1610612754,115,111
22301105,2023,2024-04-03,1610612738,1610612760,135,100
22301094,2023,2024-04-02,1610612761,1610612747,111,128
22300589,2023,2024-04-02,1610612744,1610612742,104,100
2042300102,2023,2024-04-02,1612709928,1612709921,118,120
22301093,2023,2024-04-02,1610612755,1610612760,109,105
22301096,2023,2024-04-02,1610612748,1610612752,109,99
22301099,2023,2024-04-02,1610612743,1610612759,110,105
22301098,2023,2024-04-02,1610612750,1610612745,113,106
2042300101,2023,2024-04-02,1612709910,1612709909,101,123
22301101,2023,2024-04-02,1610612758,1610612746,109,95
2042300131,2023,2024-04-02,1612709902,1612709903,113,111
22301100,2023,2024-04-02,1610612762,1610612739,113,129
22301095,2023,2024-04-02,1610612764,1610612749,117,113
2042300121,2023,2024-04-02,1612709889,1612709908,126,125
22301090,2023,2024-04-01,1610612753,1610612757,104,103
22301091,2023,2024-04-01,1610612741,1610612737,101,113
22301087,2023,2024-04-01,1610612766,1610612738,104,118
22301092,2023,2024-04-01,1610612740,1610612756,111,124
22301089,2023,2024-04-01,1610612754,1610612751,133,111
22301088,2023,2024-04-01,1610612765,1610612763,108,110
22301084,2023,2024-03-31,1610612750,1610612741,101,109
22301083,2023,2024-03-31,1610612745,1610612742,107,125
22301085,2023,2024-03-31,1610612759,1610612744,113,117
22301082,2023,2024-03-31,1610612752,1610612760,112,113
22301078,2023,2024-03-31,1610612751,1610612747,104,116
22301080,2023,2024-03-31,1610612761,1610612755,120,135
22301079,2023,2024-03-31,1610612766,1610612746,118,130
22301086,2023,2024-03-31,1610612758,1610612762,127,106
22301081,2023,2024-03-31,1610612764,1610612748,107,119
22301077,2023,2024-03-31,1610612743,1610612739,130,101
2022300516,2023,2024-03-30,1612709933,1612709902,123,131
2022300524,2023,2024-03-30,1612709923,1612709927,105,108
22301074,2023,2024-03-30,1610612740,1610612738,92,104
2022300521,2023,2024-03-30,1612709913,1612709893,123,107
2022300527,2023,2024-03-30,1612709918,1612709915,109,110
2022300515,2023,2024-03-30,1612709909,1612709889,95,121
22301076,2023,2024-03-30,1610612737,1610612749,113,122
2022300522,2023,2024-03-30,1612709911,1612709890,107,132
2022300523,2023,2024-03-30,1612709904,1612709914,91,102
2022300517,2023,2024-03-30,1612709929,1612709921,123,117
2022300519,2023,2024-03-30,1612709925,1612709910,118,127
22301075,2023,2024-03-30,1610612753,1610612763,118,88
2022300518,2023,2024-03-30,1612709917,1612709928,101,127
2022300520,2023,2024-03-30,1612709919,1612709926,105,113
2022300526,2023,2024-03-30,1612709908,1612709903,97,77
2022300525,2023,2024-03-30,1612709905,1612709931,108,120
2022300514,2023,2024-03-29,1612709905,1612709931,107,118
2022300506,2023,2024-03-29,1612709925,1612709910,119,127
22301071,2023,2024-03-29,1610612743,1610612750,98,111
2022300508,2023,2024-03-29,1612709920,1612709932,109,104
22301063,2023,2024-03-29,1610612754,1610612747,109,90
22301067,2023,2024-03-29,1610612739,1610612755,117,114
22301065,2023,2024-03-29,1610612764,1610612765,87,96
22301062,2023,2024-03-29,1610612766,1610612744,97,115
2022300511,2023,2024-03-29,1612709923,1612709927,127,103
22301068,2023,2024-03-29,1610612748,1610612757,142,82
2022300507,2023,2024-03-29,1612709919,1612709926,102,96
22301072,2023,2024-03-29,1610612762,1610612745,100,101
2022300509,2023,2024-03-29,1612709911,1612709890,119,123
2022300513,2023,2024-03-29,1612709933,1612709902,124,131
2022300512,2023,2024-03-29,1612709908,1612709903,116,117
22301066,2023,2024-03-29,1610612751,1610612741,125,108
22301069,2023,2024-03-29,1610612760,1610612756,128,103
2022300510,2023,2024-03-29,1612709904,1612709914,117,125
22301073,2023,2024-03-29,1610612758,1610612742,103,107
22301070,2023,2024-03-29,1610612759,1610612752,130,126
22301064,2023,2024-03-29,1610612753,1610612746,97,100
2022300503,2023,2024-03-28,1612709917,1612709893,86,105
22301060,2023,2024-03-28,1610612737,1610612738,123,122
2022300504,2023,2024-03-28,1612709889,1612709918,132,113
22301061,2023,2024-03-28,1610612740,1610612749,107,100
2022300502,2023,2024-03-28,1612709929,1612709915,132,122
2022300505,2023,2024-03-28,1612709924,1612709930,113,102
2022300500,2023,2024-03-27,1612709931,1612709908,104,100
22301054,2023,2024-03-27,1610612741,1610612754,125,99
22301055,2023,2024-03-27,1610612763,1610612747,124,136
22301050,2023,2024-03-27,1610612764,1610612751,119,122
2022300494,2023,2024-03-27,1612709920,1612709932,116,102
2022300496,2023,2024-03-27,1612709889,1612709913,115,99
2022300495,2023,2024-03-27,1612709919,1612709922,110,92
2022300499,2023,2024-03-27,1612709927,1612709910,113,109
22301056,2023,2024-03-27,1610612750,1610612765,106,91
22301057,2023,2024-03-27,1610612760,1610612745,126,132
22301058,2023,2024-03-27,1610612762,1610612759,111,118
22301052,2023,2024-03-27,1610612755,1610612746,107,108
2022300498,2023,2024-03-27,1612709925,1612709911,142,124
2022300497,2023,2024-03-27,1612709893,1612709923,103,98
22301059,2023,2024-03-27,1610612743,1610612756,97,104
22301048,2023,2024-03-27,1610612766,1610612739,118,111
22301049,2023,2024-03-27,1610612753,1610612744,93,101
22301051,2023,2024-03-27,1610612737,1610612757,120,106
22301053,2023,2024-03-27,1610612761,1610612752,101,145
2022300493,2023,2024-03-27,1612709909,1612709928,116,122
2022300501,2023,2024-03-27,1612709902,1612709905,117,120
2022300492,2023,2024-03-26,1612709903,1612709890,113,108
2022300491,2023,2024-03-26,1612709926,1612709914,118,117
2022300490,2023,2024-03-26,1612709921,1612709917,127,94
22301046,2023,2024-03-26,1610612740,1610612760,112,119
22301045,2023,2024-03-26,1610612749,1610612747,124,128
22301047,2023,2024-03-26,1610612758,1610612742,96,132
2022300489,2023,2024-03-26,1612709929,1612709915,112,127
22301044,2023,2024-03-26,1610612748,1610612744,92,113
22301035,2023,2024-03-25,1610612752,1610612765,124,99
2022300486,2023,2024-03-25,1612709919,1612709922,112,103
22301041,2023,2024-03-25,1610612762,1610612742,105,115
22301038,2023,2024-03-25,1610612745,1610612757,110,92
22301040,2023,2024-03-25,1610612743,1610612763,128,103
22301039,2023,2024-03-25,1610612759,1610612756,104,102
2022300485,2023,2024-03-25,1612709925,1612709911,128,136
22301036,2023,2024-03-25,1610612761,1610612751,88,96
22301033,2023,2024-03-25,1610612739,1610612766,115,92
22301037,2023,2024-03-25,1610612741,1610612764,105,107
22301042,2023,2024-03-25,1610612758,1610612755,108,96
22301043,2023,2024-03-25,1610612746,1610612754,116,133
2022300487,2023,2024-03-25,1612709931,1612709908,118,121
22301034,2023,2024-03-25,1610612737,1610612738,120,118
2022300488,2023,2024-03-25,1612709930,1612709905,97,105
2022300480,2023,2024-03-24,1612709928,1612709923,121,99
22301031,2023,2024-03-24,1610612750,1610612744,114,110
22301030,2023,2024-03-24,1610612749,1610612760,118,93
22301032,2023,2024-03-24,1610612747,1610612754,150,145
2022300481,2023,2024-03-24,1612709909,1612709921,101,119
22301029,2023,2024-03-24,1610612748,1610612739,121,84
22301028,2023,2024-03-24,1610612746,1610612755,107,121
2022300482,2023,2024-03-24,1612709904,1612709893,113,111
2022300483,2023,2024-03-24,1612709918,1612709924,111,110
22301027,2023,2024-03-24,1610612765,1610612740,101,114
2022300484,2023,2024-03-24,1612709890,1612709933,114,102
2022300475,2023,2024-03-23,1612709904,1612709893,112,103
22301023,2023,2024-03-23,1610612741,1610612738,113,124
2022300477,2023,2024-03-23,1612709908,1612709905,116,107
2022300476,2023,2024-03-23,1612709914,1612709902,107,100
2022300474,2023,2024-03-23,1612709890,1612709933,111,102
2022300473,2023,2024-03-23,1612709932,1612709917,101,92
22301020,2023,2024-03-23,1610612753,1610612758,107,109
22301026,2023,2024-03-23,1610612757,1610612743,111,114
22301022,2023,2024-03-23,1610612764,1610612761,112,109
2022300472,2023,2024-03-23,1612709922,1612709889,95,112
2022300478,2023,2024-03-23,1612709918,1612709924,99,90
22301019,2023,2024-03-23,1610612752,1610612751,105,93
2022300471,2023,2024-03-23,1612709920,1612709927,85,105
22301021,2023,2024-03-23,1610612737,1610612766,132,91
22301025,2023,2024-03-23,1610612759,1610612756,106,131
22301024,2023,2024-03-23,1610612745,1610612762,147,119
2022300479,2023,2024-03-23,1612709930,1612709903,87,128
2022300468,2023,2024-03-22,1612709928,1612709923,129,107
22301015,2023,2024-03-22,1610612759,1610612763,97,99
22301014,2023,2024-03-22,1610612750,1610612739,104,91
22301018,2023,2024-03-22,1610612747,1610612755,101,94
2022300470,2023,2024-03-22,1612709930,1612709903,108,120
22301012,2023,2024-03-22,1610612761,1610612760,103,123
22301017,2023,2024-03-22,1610612757,1610612746,117,125
22301011,2023,2024-03-22,1610612765,1610612738,102,129
22301013,2023,2024-03-22,1610612748,1610612740,88,111
2022300469,2023,2024-03-22,1612709922,1612709889,113,110
22301016,2023,2024-03-22,1610612744,1610612754,111,123
2022300464,2023,2024-03-21,1612709926,1612709893,106,103
2022300466,2023,2024-03-21,1612709924,1612709933,99,114
22301007,2023,2024-03-21,1610612749,1610612751,115,108
22301010,2023,2024-03-21,1610612756,1610612737,128,115
2022300461,2023,2024-03-21,1612709932,1612709909,109,121
2022300459,2023,2024-03-21,1612709921,1612709910,98,127
2022300465,2023,2024-03-21,1612709908,1612709905,129,113
22301006,2023,2024-03-21,1610612745,1610612741,127,117
22301004,2023,2024-03-21,1610612753,1610612740,121,106
2022300462,2023,2024-03-21,1612709890,1612709931,120,125
22301005,2023,2024-03-21,1610612764,1610612758,109,102
2022300463,2023,2024-03-21,1612709913,1612709925,133,168
2022300460,2023,2024-03-21,1612709915,1612709919,122,118
2022300467,2023,2024-03-21,1612709914,1612709902,131,122
22301009,2023,2024-03-21,1610612743,1610612752,113,100
22301008,2023,2024-03-21,1610612742,1610612762,113,97
22301001,2023,2024-03-20,1610612744,1610612763,137,116
22300998,2023,2024-03-20,1610612738,1610612749,122,119
22300997,2023,2024-03-20,1610612765,1610612754,103,122
22301000,2023,2024-03-20,1610612760,1610612762,119,107
22301003,2023,2024-03-20,1610612757,1610612746,103,116
22300999,2023,2024-03-20,1610612761,1610612758,89,123
2022300457,2023,2024-03-20,1612709921,1612709910,110,106
22300996,2023,2024-03-20,1610612739,1610612748,104,107
2022300458,2023,2024-03-20,1612709928,1612709927,111,125
22301002,2023,2024-03-20,1610612756,1610612755,115,102
2022300454,2023,2024-03-19,1612709926,1612709904,107,121
2022300453,2023,2024-03-19,1612709913,1612709925,118,142
2022300451,2023,2024-03-19,1612709917,1612709903,109,127
22300995,2023,2024-03-19,1610612750,1610612743,112,115
22300992,2023,2024-03-19,1610612764,1610612745,114,137
22300994,2023,2024-03-19,1610612759,1610612742,107,113
2022300452,2023,2024-03-19,1612709920,1612709919,106,134
22300991,2023,2024-03-19,1610612753,1610612766,112,92
22300993,2023,2024-03-19,1610612751,1610612740,91,104
2022300456,2023,2024-03-19,1612709924,1612709933,89,123
2022300455,2023,2024-03-19,1612709908,1612709890,102,98
22300988,2023,2024-03-18,1610612744,1610612752,112,119
22300983,2023,2024-03-18,1610612754,1610612739,103,108
2022300450,2023,2024-03-18,1612709918,1612709932,122,102
22300990,2023,2024-03-18,1610612747,1610612737,136,105
22300985,2023,2024-03-18,1610612755,1610612748,98,91
22300986,2023,2024-03-18,1610612741,1610612757,110,107
2022300449,2023,2024-03-18,1612709910,1612709909,115,108
22300987,2023,2024-03-18,1610612762,1610612750,104,114
22300984,2023,2024-03-18,1610612738,1610612765,119,94
22300989,2023,2024-03-18,1610612758,1610612763,121,111
2022300446,2023,2024-03-17,1612709911,1612709931,117,122
22300977,2023,2024-03-17,1610612765,1610612748,101,104
22300980,2023,2024-03-17,1610612764,1610612738,104,130
22300976,2023,2024-03-17,1610612749,1610612756,140,129
2022300443,2023,2024-03-17,1612709926,1612709889,116,126
22300982,2023,2024-03-17,1610612746,1610612737,93,110
22300981,2023,2024-03-17,1610612759,1610612751,122,115
2022300445,2023,2024-03-17,1612709893,1612709920,123,120
2022300442,2023,2024-03-17,1612709915,1612709922,106,101
22300978,2023,2024-03-17,1610612742,1610612743,107,105
2022300447,2023,2024-03-17,1612709904,1612709929,96,91
2022300448,2023,2024-03-17,1612709914,1612709933,106,104
22300979,2023,2024-03-17,1610612753,1610612761,111,96
2022300444,2023,2024-03-17,1612709890,1612709928,120,112
2022300436,2023,2024-03-16,1612709925,1612709921,125,117
22300967,2023,2024-03-16,1610612745,1610612739,117,103
2022300438,2023,2024-03-16,1612709927,1612709932,100,104
2022300434,2023,2024-03-16,1612709917,1612709903,110,115
22300973,2023,2024-03-16,1610612747,1610612744,121,128
2022300437,2023,2024-03-16,1612709911,1612709931,96,118
22300968,2023,2024-03-16,1610612754,1610612751,121,100
22300974,2023,2024-03-16,1610612762,1610612750,100,119
22300975,2023,2024-03-16,1610612758,1610612752,91,98
2022300441,2023,2024-03-16,1612709890,1612709928,115,100
2022300440,2023,2024-03-16,1612709902,1612709930,131,107
22300971,2023,2024-03-16,1610612741,1610612764,127,98
22300969,2023,2024-03-16,1610612755,1610612766,109,98
22300970,2023,2024-03-16,1610612740,1610612757,126,107
22300972,2023,2024-03-16,1610612763,1610612760,112,118
2022300435,2023,2024-03-16,1612709909,1612709913,111,115
2022300439,2023,2024-03-16,1612709908,1612709924,102,117
22300962,2023,2024-03-15,1610612765,1610612748,95,108
22300963,2023,2024-03-15,1610612761,1610612753,103,113
22300961,2023,2024-03-15,1610612766,1610612756,96,107
2022300431,2023,2024-03-15,1612709927,1612709932,106,109
2022300428,2023,2024-03-15,1612709925,1612709921,123,117
2022300430,2023,2024-03-15,1612709923,1612709929,98,94
22300964,2023,2024-03-15,1610612740,1610612746,112,104
22300966,2023,2024-03-15,1610612762,1610612737,124,122
22300965,2023,2024-03-15,1610612759,1610612743,106,117
2022300433,2023,2024-03-15,1612709902,1612709930,102,88
2022300426,2023,2024-03-15,1612709893,1612709920,116,106
2022300429,2023,2024-03-15,1612709926,1612709889,90,107
2022300432,2023,2024-03-15,1612709933,1612709905,116,112
2022300427,2023,2024-03-15,1612709909,1612709913,132,126
2022300421,2023,2024-03-14,1612709915,1612709922,76,98
22300955,2023,2024-03-14,1610612738,1610612756,127,112
22300960,2023,2024-03-14,1610612757,1610612752,93,105
22300958,2023,2024-03-14,1610612749,1610612755,114,105
2022300425,2023,2024-03-14,1612709908,1612709924,112,100
22300957,2023,2024-03-14,1610612745,1610612764,135,119
2022300423,2023,2024-03-14,1612709890,1612709918,115,113
22300956,2023,2024-03-14,1610612741,1610612746,111,126
22300959,2023,2024-03-14,1610612760,1610612742,126,119
2022300422,2023,2024-03-14,1612709904,1612709931,107,119
2022300424,2023,2024-03-14,1612709923,1612709917,116,95
2022300420,2023,2024-03-13,1612709905,1612709919,114,104
22300953,2023,2024-03-13,1610612757,1610612737,106,102
22300954,2023,2024-03-13,1610612758,1610612747,120,107
2022300418,2023,2024-03-13,1612709925,1612709920,99,114
22300947,2023,2024-03-13,1610612753,1610612751,114,106
22300950,2023,2024-03-13,1610612763,1610612766,98,110
22300951,2023,2024-03-13,1610612740,1610612739,95,116
22300946,2023,2024-03-13,1610612765,1610612761,113,104
2022300417,2023,2024-03-13,1612709909,1612709915,116,119
22300949,2023,2024-03-13,1610612748,1610612743,88,100
22300952,2023,2024-03-13,1610612742,1610612744,109,99
2022300419,2023,2024-03-13,1612709911,1612709889,108,125
22300948,2023,2024-03-13,1610612754,1610612741,129,132
22300943,2023,2024-03-12,1610612762,1610612738,107,123
2022300416,2023,2024-03-12,1612709902,1612709908,116,111
2022300410,2023,2024-03-12,1612709924,1612709914,105,115
2022300409,2023,2024-03-12,1612709903,1612709927,139,129
22300939,2023,2024-03-12,1610612752,1610612755,106,79
22300941,2023,2024-03-12,1610612760,1610612754,111,121
2022300413,2023,2024-03-12,1612709911,1612709889,110,150
2022300415,2023,2024-03-12,1612709933,1612709918,127,116
22300945,2023,2024-03-12,1610612758,1610612749,129,94
22300942,2023,2024-03-12,1610612759,1610612745,101,103
2022300408,2023,2024-03-12,1612709913,1612709921,124,134
2022300414,2023,2024-03-12,1612709923,1612709917,95,93
2022300407,2023,2024-03-12,1612709893,1612709922,82,95
22300944,2023,2024-03-12,1610612746,1610612750,100,118
2022300411,2023,2024-03-12,1612709910,1612709929,102,99
22300940,2023,2024-03-12,1610612763,1610612764,109,97
2022300412,2023,2024-03-12,1612709904,1612709931,102,90
22300934,2023,2024-03-11,1610612739,1610612756,111,117
2022300404,2023,2024-03-11,1612709909,1612709915,101,122
22300935,2023,2024-03-11,1610612741,1610612742,92,127
22300933,2023,2024-03-11,1610612765,1610612766,114,97
2022300406,2023,2024-03-11,1612709905,1612709919,116,131
22300937,2023,2024-03-11,1610612743,1610612761,125,119
22300936,2023,2024-03-11,1610612759,1610612744,102,112
22300938,2023,2024-03-11,1610612757,1610612738,99,121
2022300405,2023,2024-03-11,1612709925,1612709920,120,116
2022300396,2023,2024-03-10,1612709902,1612709908,112,105
2022300397,2023,2024-03-10,1612709922,1612709910,110,107
2022300398,2023,2024-03-10,1612709890,1612709923,110,105
22300924,2023,2024-03-10,1610612746,1610612749,117,124
22300928,2023,2024-03-10,1610612753,1610612754,97,111
2022300402,2023,2024-03-10,1612709933,1612709918,119,125
22300932,2023,2024-03-10,1610612747,1610612750,120,109
2022300400,2023,2024-03-10,1612709904,1612709903,127,133
22300929,2023,2024-03-10,1610612758,1610612745,104,112
22300926,2023,2024-03-10,1610612748,1610612764,108,110
2022300399,2023,2024-03-10,1612709913,1612709921,112,115
22300931,2023,2024-03-10,1610612760,1610612763,124,93
2022300401,2023,2024-03-10,1612709924,1612709919,115,111
2022300403,2023,2024-03-10,1612709914,1612709911,126,107
22300925,2023,2024-03-10,1610612737,1610612740,103,116
22300930,2023,2024-03-10,1610612739,1610612751,101,120
22300927,2023,2024-03-10,1610612752,1610612755,73,79
22300919,2023,2024-03-09,1610612765,1610612742,124,142
2022300392,2023,2024-03-09,1612709929,1612709925,96,104
22300918,2023,2024-03-09,1610612766,1610612751,110,99
2022300394,2023,2024-03-09,1612709917,1612709927,101,109
22300922,2023,2024-03-09,1610612743,1610612762,142,121
22300920,2023,2024-03-09,1610612756,1610612738,107,117
22300917,2023,2024-03-09,1610612746,1610612741,112,102
2022300393,2023,2024-03-09,1612709893,1612709932,96,106
2022300395,2023,2024-03-09,1612709905,1612709926,123,117
22300921,2023,2024-03-09,1610612744,1610612759,113,126
22300923,2023,2024-03-09,1610612757,1610612761,128,118
22300910,2023,2024-03-08,1610612764,1610612766,112,100
2022300390,2023,2024-03-08,1612709908,1612709923,115,110
22300915,2023,2024-03-08,1610612747,1610612749,123,122
22300912,2023,2024-03-08,1610612752,1610612753,98,74
2022300391,2023,2024-03-08,1612709914,1612709931,123,93
2022300386,2023,2024-03-08,1612709928,1612709921,109,125
22300909,2023,2024-03-08,1610612755,1610612740,95,103
22300916,2023,2024-03-08,1610612757,1610612745,107,123
2022300387,2023,2024-03-08,1612709929,1612709925,112,120
22300913,2023,2024-03-08,1610612763,1610612737,92,99
22300911,2023,2024-03-08,1610612739,1610612750,113,104
2022300388,2023,2024-03-08,1612709920,1612709910,102,141
2022300389,2023,2024-03-08,1612709913,1612709922,110,96
22300914,2023,2024-03-08,1610612760,1610612748,107,100
2022300382,2023,2024-03-07,1612709903,1612709918,127,116
22300906,2023,2024-03-07,1610612743,1610612738,115,109
2022300381,2023,2024-03-07,1612709920,1612709910,113,107
22300902,2023,2024-03-07,1610612765,1610612751,118,112
22300905,2023,2024-03-07,1610612756,1610612761,120,113
2022300383,2023,2024-03-07,1612709924,1612709911,146,108
22300903,2023,2024-03-07,1610612754,1610612750,111,113
2022300385,2023,2024-03-07,1612709914,1612709931,130,102
22300908,2023,2024-03-07,1610612758,1610612759,131,129
22300904,2023,2024-03-07,1610612742,1610612748,114,108
2022300384,2023,2024-03-07,1612709905,1612709926,122,117
22300907,2023,2024-03-07,1610612744,1610612741,122,125
22300894,2023,2024-03-06,1610612764,1610612753,109,119
22300896,2023,2024-03-06,1610612755,1610612763,109,115
2022300380,2023,2024-03-06,1612709908,1612709923,108,111
2022300378,2023,2024-03-06,1612709921,1612709919,126,121
2022300379,2023,2024-03-06,1612709890,1612709902,94,101
22300901,2023,2024-03-06,1610612747,1610612758,120,130
22300899,2023,2024-03-06,1610612744,1610612749,125,90
22300897,2023,2024-03-06,1610612745,1610612746,116,122
22300895,2023,2024-03-06,1610612737,1610612739,112,101
22300898,2023,2024-03-06,1610612762,1610612741,117,119
22300900,2023,2024-03-06,1610612757,1610612760,120,128
22300888,2023,2024-03-05,1610612748,1610612765,118,110
2022300374,2023,2024-03-05,1612709921,1612709930,132,105
22300893,2023,2024-03-05,1610612743,1610612756,107,117
22300889,2023,2024-03-05,1610612752,1610612737,100,116
22300890,2023,2024-03-05,1610612761,1610612740,98,139
22300885,2023,2024-03-05,1610612766,1610612753,89,101
22300892,2023,2024-03-05,1610612742,1610612754,120,137
2022300373,2023,2024-03-05,1612709917,1612709922,103,113
2022300376,2023,2024-03-05,1612709903,1612709918,136,131
2022300370,2023,2024-03-05,1612709928,1612709932,115,99
2022300371,2023,2024-03-05,1612709889,1612709904,129,120
22300886,2023,2024-03-05,1610612739,1610612738,105,104
2022300377,2023,2024-03-05,1612709905,1612709911,118,98
22300887,2023,2024-03-05,1610612751,1610612755,112,107
22300891,2023,2024-03-05,1610612745,1610612759,114,101
2022300375,2023,2024-03-05,1612709925,1612709915,106,122
2022300372,2023,2024-03-05,1612709929,1612709909,96,111
22300881,2023,2024-03-04,1610612750,1610612757,119,114
2022300369,2023,2024-03-04,1612709924,1612709911,130,103
2022300368,2023,2024-03-04,1612709933,1612709926,137,111
22300884,2023,2024-03-04,1610612747,1610612760,116,104
22300879,2023,2024-03-04,1610612751,1610612763,102,106
22300880,2023,2024-03-04,1610612749,1610612746,113,106
22300883,2023,2024-03-04,1610612758,1610612741,109,113
2022300367,2023,2024-03-04,1612709931,1612709902,100,117
22300882,2023,2024-03-04,1610612762,1610612764,127,115
2022300361,2023,2024-03-03,1612709928,1612709913,114,125
22300876,2023,2024-03-03,1610612739,1610612752,98,107
22300874,2023,2024-03-03,1610612753,1610612765,113,91
22300877,2023,2024-03-03,1610612759,1610612754,117,105
2022300363,2023,2024-03-03,1612709917,1612709922,120,97
22300878,2023,2024-03-03,1610612756,1610612760,110,118
22300872,2023,2024-03-03,1610612738,1610612744,140,88
2022300364,2023,2024-03-03,1612709925,1612709909,114,106
2022300359,2023,2024-03-03,1612709932,1612709919,119,116
2022300362,2023,2024-03-03,1612709893,1612709923,116,102
22300871,2023,2024-03-03,1610612742,1610612755,116,120
22300875,2023,2024-03-03,1610612761,1610612766,111,106
2022300366,2023,2024-03-03,1612709933,1612709926,109,113
2022300360,2023,2024-03-03,1612709929,1612709930,100,81
22300873,2023,2024-03-03,1610612750,1610612746,88,89
2022300365,2023,2024-03-03,1612709931,1612709902,127,104
2022300357,2023,2024-03-02,1612709914,1612709903,119,123
2022300355,2023,2024-03-02,1612709932,1612709919,99,130
2022300356,2023,2024-03-02,1612709927,1612709915,103,105
22300866,2023,2024-03-02,1610612751,1610612737,114,102
22300868,2023,2024-03-02,1610612763,1610612757,100,107
22300870,2023,2024-03-02,1610612756,1610612745,109,118
22300867,2023,2024-03-02,1610612748,1610612762,126,120
2022300358,2023,2024-03-02,1612709918,1612709905,129,106
22300869,2023,2024-03-02,1610612747,1610612743,114,124
22300861,2023,2024-03-01,1610612763,1610612757,92,122
22300863,2023,2024-03-01,1610612740,1610612754,129,102
22300864,2023,2024-03-01,1610612741,1610612749,97,113
22300860,2023,2024-03-01,1610612761,1610612744,105,120
2022300351,2023,2024-03-01,1612709923,1612709930,117,87
22300859,2023,2024-03-01,1610612738,1610612742,138,110
2022300349,2023,2024-03-01,1612709929,1612709893,110,102
2022300350,2023,2024-03-01,1612709922,1612709909,107,105
2022300348,2023,2024-03-01,1612709928,1612709913,138,107
22300865,2023,2024-03-01,1610612746,1610612764,140,115
2022300354,2023,2024-03-01,1612709914,1612709908,112,111
2022300353,2023,2024-03-01,1612709933,1612709911,122,107
2022300352,2023,2024-03-01,1612709927,1612709915,108,117
22300858,2023,2024-03-01,1610612755,1610612766,121,114
22300857,2023,2024-03-01,1610612765,1610612739,100,110
22300862,2023,2024-03-01,1610612750,1610612758,120,124
2022300346,2023,2024-02-29,1612709889,1612709902,160,107
2022300344,2023,2024-02-29,1612709932,1612709910,110,118
22300850,2023,2024-02-29,1610612753,1610612762,115,107
2022300342,2023,2024-02-29,1612709924,1612709904,111,119
22300855,2023,2024-02-29,1610612743,1610612748,103,97
2022300341,2023,2024-02-29,1612709890,1612709905,131,126
22300852,2023,2024-02-29,1610612752,1610612744,99,110
22300849,2023,2024-02-29,1610612766,1610612749,99,111
2022300345,2023,2024-02-29,1612709923,1612709920,124,119
2022300343,2023,2024-02-29,1612709921,1612709917,92,101
22300851,2023,2024-02-29,1610612751,1610612737,124,97
22300856,2023,2024-02-29,1610612747,1610612764,134,131
22300853,2023,2024-02-29,1610612759,1610612760,132,118
22300854,2023,2024-02-29,1610612756,1610612745,110,105
2022300347,2023,2024-02-29,1612709931,1612709926,101,110
22300844,2023,2024-02-28,1610612761,1610612742,125,136
2022300337,2023,2024-02-28,1612709929,1612709893,100,82
22300846,2023,2024-02-28,1610612741,1610612739,132,123
2022300336,2023,2024-02-28,1612709928,1612709927,120,115
22300843,2023,2024-02-28,1610612754,1610612740,123,114
2022300338,2023,2024-02-28,1612709922,1612709909,131,133
2022300334,2023,2024-02-28,1612709889,1612709902,116,121
2022300335,2023,2024-02-28,1612709914,1612709908,91,119
22300847,2023,2024-02-28,1610612743,1610612758,117,96
22300845,2023,2024-02-28,1610612750,1610612763,110,101
22300848,2023,2024-02-28,1610612746,1610612747,112,116
2022300340,2023,2024-02-28,1612709931,1612709926,132,98
2022300339,2023,2024-02-28,1612709918,1612709930,117,102
22300840,2023,2024-02-27,1610612749,1610612766,123,85
22300835,2023,2024-02-27,1610612737,1610612762,124,97
22300836,2023,2024-02-27,1610612738,1610612755,117,99
22300838,2023,2024-02-27,1610612750,1610612759,114,105
22300841,2023,2024-02-27,1610612760,1610612745,112,95
2022300331,2023,2024-02-27,1612709903,1612709925,113,131
22300837,2023,2024-02-27,1610612752,1610612740,92,115
22300834,2023,2024-02-27,1610612764,1610612744,112,123
22300842,2023,2024-02-27,1610612757,1610612748,96,106
2022300333,2023,2024-02-27,1612709905,1612709904,120,122
22300832,2023,2024-02-27,1610612739,1610612742,121,119
2022300329,2023,2024-02-27,1612709910,1612709917,122,110
2022300332,2023,2024-02-27,1612709933,1612709920,125,135
22300839,2023,2024-02-27,1610612741,1610612765,95,105
22300833,2023,2024-02-27,1610612753,1610612751,108,81
2022300330,2023,2024-02-27,1612709918,1612709930,132,111
22300831,2023,2024-02-26,1610612758,1610612748,110,121
22300830,2023,2024-02-26,1610612763,1610612751,86,111
22300829,2023,2024-02-26,1610612754,1610612761,122,130
22300828,2023,2024-02-26,1610612752,1610612765,113,111
2022300327,2023,2024-02-26,1612709889,1612709890,126,106
2022300326,2023,2024-02-26,1612709928,1612709931,135,113
2022300328,2023,2024-02-26,1612709903,1612709925,111,113
2022300323,2023,2024-02-25,1612709909,1612709932,119,116
22300823,2023,2024-02-25,1610612740,1610612741,106,114
22300821,2023,2024-02-25,1610612737,1610612753,109,92
22300825,2023,2024-02-25,1610612762,1610612759,128,109
22300819,2023,2024-02-25,1610612754,1610612742,133,111
22300817,2023,2024-02-25,1610612755,1610612749,98,119
22300826,2023,2024-02-25,1610612757,1610612766,80,93
22300824,2023,2024-02-25,1610612744,1610612743,103,119
2022300324,2023,2024-02-25,1612709930,1612709905,117,124
22300827,2023,2024-02-25,1610612746,1610612758,107,123
22300818,2023,2024-02-25,1610612756,1610612747,123,113
2022300322,2023,2024-02-25,1612709926,1612709913,112,124
2022300321,2023,2024-02-25,1612709915,1612709919,130,100
2022300325,2023,2024-02-25,1612709924,1612709904,119,106
22300822,2023,2024-02-25,1610612745,1610612760,110,123
22300820,2023,2024-02-25,1610612764,1610612739,105,114
2022300316,2023,2024-02-24,1612709922,1612709929,115,102
2022300317,2023,2024-02-24,1612709923,1612709910,106,97
22300814,2023,2024-02-24,1610612765,1610612753,109,112
2022300318,2023,2024-02-24,1612709927,1612709933,106,109
22300815,2023,2024-02-24,1610612750,1610612751,101,86
2022300320,2023,2024-02-24,1612709902,1612709920,112,118
2022300315,2023,2024-02-24,1612709893,1612709928,128,111
2022300319,2023,2024-02-24,1612709918,1612709914,100,110
22300816,2023,2024-02-24,1610612752,1610612738,102,116
2022300314,2023,2024-02-24,1612709921,1612709931,112,93
22300806,2023,2024-02-23,1610612745,1610612756,114,110
22300808,2023,2024-02-23,1610612750,1610612749,107,112
2022300313,2023,2024-02-23,1612709902,1612709920,109,114
2022300308,2023,2024-02-23,1612709913,1612709915,99,98
2022300309,2023,2024-02-23,1612709911,1612709908,117,114
22300812,2023,2024-02-23,1610612757,1610612743,112,127
22300804,2023,2024-02-23,1610612737,1610612761,121,123
2022300312,2023,2024-02-23,1612709930,1612709925,113,124
2022300304,2023,2024-02-23,1612709889,1612709890,120,101
2022300311,2023,2024-02-23,1612709903,1612709924,120,117
22300811,2023,2024-02-23,1610612744,1610612766,97,84
2022300307,2023,2024-02-23,1612709922,1612709932,115,98
22300810,2023,2024-02-23,1610612740,1610612748,95,106
22300813,2023,2024-02-23,1610612747,1610612759,123,118
2022300310,2023,2024-02-23,1612709918,1612709914,135,133
22300805,2023,2024-02-23,1610612755,1610612739,104,97
22300809,2023,2024-02-23,1610612760,1610612764,147,106
22300807,2023,2024-02-23,1610612763,1610612746,95,101
2022300306,2023,2024-02-23,1612709909,1612709917,130,112
2022300305,2023,2024-02-23,1612709893,1612709928,107,120
22300799,2023,2024-02-22,1610612760,1610612746,129,107
22300798,2023,2024-02-22,1610612740,1610612745,127,105
22300802,2023,2024-02-22,1610612744,1610612747,128,110
22300794,2023,2024-02-22,1610612755,1610612752,96,110
2022300298,2023,2024-02-22,1612709910,1612709929,131,124
22300793,2023,2024-02-22,1610612754,1610612765,129,115
2022300301,2023,2024-02-22,1612709927,1612709933,104,116
22300795,2023,2024-02-22,1610612761,1610612751,121,93
22300801,2023,2024-02-22,1610612762,1610612766,107,115
2022300302,2023,2024-02-22,1612709913,1612709915,127,125
22300796,2023,2024-02-22,1610612742,1610612756,123,113
22300803,2023,2024-02-22,1610612758,1610612759,127,122
2022300300,2023,2024-02-22,1612709919,1612709923,84,98
22300797,2023,2024-02-22,1610612741,1610612738,112,129
2022300297,2023,2024-02-22,1612709909,1612709917,126,115
22300792,2023,2024-02-22,1610612739,1610612753,109,116
2022300299,2023,2024-02-22,1612709921,1612709931,122,115
2022300303,2023,2024-02-22,1612709905,1612709904,113,108
22300800,2023,2024-02-22,1610612743,1610612764,130,110
32300001,2023,2024-02-18,1610616833,1610616834,211,186
2032300002,2023,2024-02-18,1612709971,1612709972,27,30
2032300003,2023,2024-02-18,1612709973,1612709972,21,30
2032300001,2023,2024-02-18,1612709973,1612709974,32,25
32300006,2023,2024-02-16,1610616849,1610616848,26,13
32300005,2023,2024-02-16,1610616847,1610616848,36,41
32300003,2023,2024-02-16,1610616840,1610616839,91,100
32300004,2023,2024-02-16,1610616850,1610616849,35,40
2022300294,2023,2024-02-15,1612709920,1612709922,102,100
2022300295,2023,2024-02-15,1612709929,1612709913,111,93
22300576,2023,2024-02-15,1610612762,1610612744,137,140
22300790,2023,2024-02-15,1610612763,1610612749,113,110
22300791,2023,2024-02-15,1610612757,1610612750,91,128
2022300296,2023,2024-02-15,1612709903,1612709926,119,126
22300785,2023,2024-02-14,1610612742,1610612759,116,93
22300782,2023,2024-02-14,1610612761,1610612754,125,127
22300777,2023,2024-02-14,1610612766,1610612737,122,99
2022300292,2023,2024-02-14,1612709908,1612709890,104,122
22300789,2023,2024-02-14,1610612744,1610612746,125,130
2022300123,2023,2024-02-14,1612709918,1612709904,136,129
22300788,2023,2024-02-14,1610612762,1610612747,122,138
2022300291,2023,2024-02-14,1612709919,1612709928,99,115
22300779,2023,2024-02-14,1610612755,1610612748,104,109
22300783,2023,2024-02-14,1610612763,1610612745,121,113
2022300290,2023,2024-02-14,1612709915,1612709923,111,102
2022300289,2023,2024-02-14,1612709917,1612709893,94,117
22300784,2023,2024-02-14,1610612740,1610612764,133,126
22300786,2023,2024-02-14,1610612743,1610612758,98,102
22300781,2023,2024-02-14,1610612739,1610612741,108,105
22300780,2023,2024-02-14,1610612738,1610612751,136,86
2022300293,2023,2024-02-14,1612709905,1612709914,101,106
22300778,2023,2024-02-14,1610612753,1610612752,118,100
22300787,2023,2024-02-14,1610612756,1610612765,116,100
2022300286,2023,2024-02-13,1612709903,1612709926,127,116
22300774,2023,2024-02-13,1610612756,1610612758,130,125
22300776,2023,2024-02-13,1610612747,1610612765,125,111
22300771,2023,2024-02-13,1610612751,1610612738,110,118
22300773,2023,2024-02-13,1610612749,1610612748,97,123
2022300282,2023,2024-02-13,1612709932,1612709917,127,121
2022300283,2023,2024-02-13,1612709920,1612709922,106,116
2022300288,2023,2024-02-13,1612709930,1612709910,109,116
2022300285,2023,2024-02-13,1612709931,1612709924,115,109
2022300284,2023,2024-02-13,1612709889,1612709904,103,122
22300775,2023,2024-02-13,1610612757,1610612750,109,121
2022300281,2023,2024-02-13,1612709921,1612709909,114,120
2022300287,2023,2024-02-13,1612709933,1612709911,111,113
22300772,2023,2024-02-13,1610612753,1610612760,113,127
22300763,2023,2024-02-12,1610612737,1610612741,126,136
2022300280,2023,2024-02-12,1612709930,1612709910,123,114
2022300279,2023,2024-02-12,1612709928,1612709929,101,121
22300770,2023,2024-02-12,1610612746,1610612750,100,121
22300767,2023,2024-02-12,1610612749,1610612743,112,95
22300764,2023,2024-02-12,1610612761,1610612759,99,122
22300766,2023,2024-02-12,1610612763,1610612740,87,96
22300765,2023,2024-02-12,1610612745,1610612752,105,103
22300769,2023,2024-02-12,1610612762,1610612744,107,129
22300768,2023,2024-02-12,1610612742,1610612764,112,104
22300761,2023,2024-02-12,1610612766,1610612754,111,102
22300762,2023,2024-02-12,1610612739,1610612755,121,123
2022300276,2023,2024-02-11,1612709926,1612709918,137,120
22300759,2023,2024-02-11,1610612748,1610612738,106,110
2022300278,2023,2024-02-11,1612709931,1612709924,95,111
22300760,2023,2024-02-11,1610612760,1610612758,127,113
2022300275,2023,2024-02-11,1612709917,1612709927,86,105
2022300277,2023,2024-02-11,1612709923,1612709920,113,99
2022300273,2023,2024-02-10,1612709914,1612709889,121,107
22300754,2023,2024-02-10,1610612737,1610612745,122,113
22300752,2023,2024-02-10,1610612753,1610612741,114,108
22300750,2023,2024-02-10,1610612751,1610612759,123,103
22300748,2023,2024-02-10,1610612742,1610612760,146,111
2022300274,2023,2024-02-10,1612709902,1612709911,116,114
2022300271,2023,2024-02-10,1612709904,1612709933,103,86
22300758,2023,2024-02-10,1610612757,1610612740,84,93
22300751,2023,2024-02-10,1610612766,1610612763,115,106
2022300267,2023,2024-02-10,1612709915,1612709932,106,96
2022300272,2023,2024-02-10,1612709905,1612709903,103,123
2022300268,2023,2024-02-10,1612709909,1612709890,87,128
22300753,2023,2024-02-10,1610612764,1610612755,113,119
22300757,2023,2024-02-10,1610612744,1610612756,113,112
22300756,2023,2024-02-10,1610612761,1610612739,95,119
2022300269,2023,2024-02-10,1612709929,1612709928,87,106
22300749,2023,2024-02-10,1610612746,1610612765,112,106
2022300270,2023,2024-02-10,1612709922,1612709921,102,96
22300755,2023,2024-02-10,1610612752,1610612754,111,125
22300746,2023,2024-02-09,1610612758,1610612743,135,106
2022300263,2023,2024-02-09,1612709904,1612709933,109,108
22300745,2023,2024-02-09,1610612749,1610612766,120,84
22300747,2023,2024-02-09,1610612747,1610612740,139,122
2022300260,2023,2024-02-09,1612709922,1612709921,103,96
2022300265,2023,2024-02-09,1612709902,1612709911,128,122
22300742,2023,2024-02-09,1610612755,1610612737,121,127
2022300259,2023,2024-02-09,1612709909,1612709890,125,123
2022300266,2023,2024-02-09,1612709914,1612709910,125,113
2022300264,2023,2024-02-09,1612709923,1612709925,101,110
2022300261,2023,2024-02-09,1612709919,1612709913,139,128
2022300262,2023,2024-02-09,1612709926,1612709918,128,135
2022300258,2023,2024-02-09,1612709893,1612709927,79,98
22300744,2023,2024-02-09,1610612761,1610612745,107,104
22300743,2023,2024-02-09,1610612738,1610612764,133,129
2022300254,2023,2024-02-08,1612709917,1612709929,107,97
22300734,2023,2024-02-08,1610612753,1610612759,127,111
22300733,2023,2024-02-08,1610612754,1610612744,109,131
2022300256,2023,2024-02-08,1612709919,1612709913,105,141
22300738,2023,2024-02-08,1610612749,1610612750,105,129
22300737,2023,2024-02-08,1610612763,1610612741,110,118
22300735,2023,2024-02-08,1610612751,1610612739,95,118
2022300252,2023,2024-02-08,1612709928,1612709908,133,110
22300741,2023,2024-02-08,1610612757,1610612765,122,128
2022300255,2023,2024-02-08,1612709915,1612709932,112,120
22300739,2023,2024-02-08,1610612756,1610612762,129,115
2022300257,2023,2024-02-08,1612709924,1612709889,110,118
22300740,2023,2024-02-08,1610612747,1610612743,106,114
22300736,2023,2024-02-08,1610612752,1610612742,108,122
2022300253,2023,2024-02-08,1612709923,1612709925,113,129
2022300251,2023,2024-02-07,1612709924,1612709930,110,103
2022300248,2023,2024-02-07,1612709922,1612709890,82,108
22300726,2023,2024-02-07,1610612766,1610612761,117,123
22300732,2023,2024-02-07,1610612758,1610612765,120,133
2022300247,2023,2024-02-07,1612709917,1612709929,125,106
2022300245,2023,2024-02-07,1612709926,1612709914,93,115
22300731,2023,2024-02-07,1610612746,1610612740,106,117
22300730,2023,2024-02-07,1610612748,1610612759,116,104
22300728,2023,2024-02-07,1610612764,1610612739,106,114
2022300249,2023,2024-02-07,1612709921,1612709927,118,133
2022300246,2023,2024-02-07,1612709910,1612709893,109,73
22300727,2023,2024-02-07,1610612755,1610612744,104,127
22300729,2023,2024-02-07,1610612738,1610612737,125,117
2022300250,2023,2024-02-07,1612709903,1612709902,128,110
2022300242,2023,2024-02-06,1612709928,1612709908,135,117
2022300241,2023,2024-02-06,1612709910,1612709909,96,141
22300721,2023,2024-02-06,1610612748,1610612753,121,95
2022300240,2023,2024-02-06,1612709911,1612709904,122,115
22300719,2023,2024-02-06,1610612754,1610612745,132,129
22300725,2023,2024-02-06,1610612756,1610612749,114,106
22300724,2023,2024-02-06,1610612762,1610612760,124,117
22300720,2023,2024-02-06,1610612751,1610612742,107,119
2022300243,2023,2024-02-06,1612709932,1612709933,120,127
2022300244,2023,2024-02-06,1612709889,1612709918,145,94
22300722,2023,2024-02-06,1610612752,1610612763,123,113
22300723,2023,2024-02-06,1610612741,1610612750,129,123
22300718,2023,2024-02-05,1610612740,1610612761,138,100
22300715,2023,2024-02-05,1610612755,1610612742,102,118
22300713,2023,2024-02-05,1610612766,1610612747,118,124
2022300238,2023,2024-02-05,1612709921,1612709920,118,116
2022300239,2023,2024-02-05,1612709931,1612709903,97,89
22300717,2023,2024-02-05,1610612751,1610612744,98,109
22300714,2023,2024-02-05,1610612739,1610612758,136,110
22300716,2023,2024-02-05,1610612737,1610612746,144,149
22300709,2023,2024-02-04,1610612750,1610612745,111,90
22300712,2023,2024-02-04,1610612743,1610612757,112,103
22300704,2023,2024-02-04,1610612765,1610612753,99,111
22300706,2023,2024-02-04,1610612738,1610612763,131,91
2022300232,2023,2024-02-04,1612709893,1612709909,101,135
22300711,2023,2024-02-04,1610612762,1610612749,123,108
2022300233,2023,2024-02-04,1612709925,1612709915,112,89
22300707,2023,2024-02-04,1610612766,1610612754,99,115
2022300234,2023,2024-02-04,1612709926,1612709930,107,89
22300708,2023,2024-02-04,1610612748,1610612746,95,103
22300710,2023,2024-02-04,1610612760,1610612761,135,127
2022300235,2023,2024-02-04,1612709913,1612709932,115,133
22300705,2023,2024-02-04,1610612764,1610612756,112,140
2022300236,2023,2024-02-04,1612709931,1612709903,96,119
2022300237,2023,2024-02-04,1612709905,1612709924,99,113
22300703,2023,2024-02-03,1610612759,1610612739,101,117
2022300229,2023,2024-02-03,1612709926,1612709930,125,105
2022300225,2023,2024-02-03,1612709928,1612709921,119,106
2022300226,2023,2024-02-03,1612709890,1612709914,105,103
2022300231,2023,2024-02-03,1612709902,1612709918,139,126
2022300227,2023,2024-02-03,1612709913,1612709932,116,121
22300699,2023,2024-02-03,1610612737,1610612744,141,134
2022300224,2023,2024-02-03,1612709920,1612709908,105,108
22300700,2023,2024-02-03,1610612741,1610612758,115,123
22300701,2023,2024-02-03,1610612752,1610612747,105,113
2022300230,2023,2024-02-03,1612709927,1612709919,128,120
2022300228,2023,2024-02-03,1612709911,1612709904,156,157
22300698,2023,2024-02-03,1610612755,1610612751,121,136
22300702,2023,2024-02-03,1610612742,1610612749,117,129
2022300220,2023,2024-02-02,1612709915,1612709917,90,83
2022300222,2023,2024-02-02,1612709933,1612709905,102,121
2022300221,2023,2024-02-02,1612709890,1612709914,127,111
22300690,2023,2024-02-02,1610612737,1610612756,129,120
2022300219,2023,2024-02-02,1612709922,1612709923,94,101
22300688,2023,2024-02-02,1610612765,1610612746,125,136
22300692,2023,2024-02-02,1610612745,1610612761,135,106
2022300223,2023,2024-02-02,1612709902,1612709918,122,119
22300696,2023,2024-02-02,1610612759,1610612740,113,114
22300689,2023,2024-02-02,1610612764,1610612748,102,110
22300691,2023,2024-02-02,1610612754,1610612758,122,133
22300695,2023,2024-02-02,1610612760,1610612766,126,106
22300697,2023,2024-02-02,1610612743,1610612757,120,108
22300693,2023,2024-02-02,1610612763,1610612744,101,121
2022300218,2023,2024-02-02,1612709893,1612709909,101,95
22300694,2023,2024-02-02,1610612750,1610612753,106,108
2022300213,2023,2024-02-01,1612709929,1612709913,125,115
2022300216,2023,2024-02-01,1612709927,1612709919,107,100
2022300217,2023,2024-02-01,1612709904,1612709908,108,99
22300684,2023,2024-02-01,1610612738,1610612747,105,114
22300686,2023,2024-02-01,1610612762,1610612755,124,127
22300687,2023,2024-02-01,1610612763,1610612739,101,108
22300685,2023,2024-02-01,1610612752,1610612754,109,105
2022300214,2023,2024-02-01,1612709932,1612709910,91,100
2022300215,2023,2024-02-01,1612709925,1612709924,108,127
22300682,2023,2024-01-31,1610612760,1610612743,105,100
22300683,2023,2024-01-31,1610612757,1610612749,119,116
22300677,2023,2024-01-31,1610612751,1610612756,120,136
22300679,2023,2024-01-31,1610612745,1610612740,99,110
22300676,2023,2024-01-31,1610612764,1610612746,109,125
2022300208,2023,2024-01-31,1612709893,1612709922,119,118
2022300211,2023,2024-01-31,1612709890,1612709918,103,121
22300680,2023,2024-01-31,1610612750,1610612742,121,87
2022300210,2023,2024-01-31,1612709920,1612709915,95,136
22300681,2023,2024-01-31,1610612759,1610612753,98,108
2022300212,2023,2024-01-31,1612709930,1612709911,123,118
22300674,2023,2024-01-31,1610612766,1610612741,110,117
22300678,2023,2024-01-31,1610612748,1610612758,115,106
22300675,2023,2024-01-31,1610612739,1610612765,128,121
2022300207,2023,2024-01-31,1612709910,1612709917,119,98
2022300209,2023,2024-01-31,1612709925,1612709909,98,108
2022300204,2023,2024-01-30,1612709904,1612709908,111,118
2022300205,2023,2024-01-30,1612709913,1612709923,104,117
22300673,2023,2024-01-30,1610612744,1610612755,119,107
22300669,2023,2024-01-30,1610612737,1610612747,138,122
2022300203,2023,2024-01-30,1612709920,1612709915,103,111
22300670,2023,2024-01-30,1610612738,1610612754,129,124
22300672,2023,2024-01-30,1610612741,1610612761,107,118
2022300206,2023,2024-01-30,1612709903,1612709933,107,112
22300671,2023,2024-01-30,1610612752,1610612762,118,103
22300660,2023,2024-01-29,1610612751,1610612762,147,114
22300659,2023,2024-01-29,1610612738,1610612740,118,112
22300657,2023,2024-01-29,1610612766,1610612752,92,113
22300658,2023,2024-01-29,1610612739,1610612746,118,108
22300661,2023,2024-01-29,1610612748,1610612756,105,118
22300663,2023,2024-01-29,1610612763,1610612758,94,103
2022300199,2023,2024-01-29,1612709925,1612709927,110,112
22300664,2023,2024-01-29,1610612760,1610612750,101,107
2022300198,2023,2024-01-29,1612709929,1612709924,118,122
22300662,2023,2024-01-29,1610612745,1610612747,135,119
22300667,2023,2024-01-29,1610612743,1610612749,113,107
22300666,2023,2024-01-29,1610612742,1610612753,131,129
2022300197,2023,2024-01-29,1612709910,1612709919,116,110
22300668,2023,2024-01-29,1610612757,1610612755,130,104
22300665,2023,2024-01-29,1610612759,1610612764,113,118
2022300200,2023,2024-01-29,1612709926,1612709902,122,121
2022300201,2023,2024-01-29,1612709930,1612709889,96,116
2022300202,2023,2024-01-29,1612709905,1612709911,124,113
2022300196,2023,2024-01-28,1612709913,1612709923,130,127
22300656,2023,2024-01-28,1610612757,1610612741,96,104
22300652,2023,2024-01-28,1610612754,1610612763,116,110
22300655,2023,2024-01-28,1610612753,1610612756,113,98
22300653,2023,2024-01-28,1610612737,1610612761,126,125
22300654,2023,2024-01-28,1610612765,1610612760,120,104
22300647,2023,2024-01-27,1610612766,1610612762,122,134
22300651,2023,2024-01-27,1610612742,1610612758,115,120
2022300187,2023,2024-01-27,1612709909,1612709927,107,102
22300649,2023,2024-01-27,1610612759,1610612750,113,112
2022300195,2023,2024-01-27,1612709918,1612709911,126,117
22300645,2023,2024-01-27,1610612751,1610612745,106,104
2022300190,2023,2024-01-27,1612709928,1612709925,107,123
22300648,2023,2024-01-27,1610612749,1610612740,141,117
22300643,2023,2024-01-27,1610612752,1610612748,125,109
22300650,2023,2024-01-27,1610612744,1610612747,144,145
22300646,2023,2024-01-27,1610612738,1610612746,96,115
22300644,2023,2024-01-27,1610612743,1610612755,111,105
2022300192,2023,2024-01-27,1612709926,1612709902,124,126
2022300193,2023,2024-01-27,1612709914,1612709889,103,111
22300642,2023,2024-01-27,1610612765,1610612764,104,118
2022300189,2023,2024-01-27,1612709929,1612709924,109,96
2022300194,2023,2024-01-27,1612709908,1612709933,126,119
2022300188,2023,2024-01-27,1612709910,1612709919,113,114
2022300186,2023,2024-01-27,1612709920,1612709917,110,107
2022300191,2023,2024-01-27,1612709915,1612709893,103,110
22300640,2023,2024-01-26,1610612740,1610612760,83,107
22300639,2023,2024-01-26,1610612749,1610612739,100,112
22300635,2023,2024-01-26,1610612766,1610612745,104,138
2022300185,2023,2024-01-26,1612709905,1612709903,112,114
22300634,2023,2024-01-26,1610612737,1610612742,143,148
2022300181,2023,2024-01-26,1612709909,1612709927,115,103
2022300184,2023,2024-01-26,1612709918,1612709911,118,122
22300638,2023,2024-01-26,1610612763,1610612753,107,106
2022300182,2023,2024-01-26,1612709915,1612709893,108,88
22300641,2023,2024-01-26,1610612759,1610612757,116,100
2022300183,2023,2024-01-26,1612709908,1612709933,104,108
22300636,2023,2024-01-26,1610612754,1610612756,133,131
22300637,2023,2024-01-26,1610612761,1610612746,107,127
22300630,2023,2024-01-25,1610612748,1610612738,110,143
22300628,2023,2024-01-25,1610612764,1610612762,108,123
22300629,2023,2024-01-25,1610612751,1610612750,94,96
22300631,2023,2024-01-25,1610612752,1610612743,122,84
2022300177,2023,2024-01-25,1612709924,1612709922,110,101
2022300179,2023,2024-01-25,1612709919,1612709929,100,102
22300633,2023,2024-01-25,1610612747,1610612741,141,132
2022300180,2023,2024-01-25,1612709890,1612709902,123,125
2022300178,2023,2024-01-25,1612709921,1612709932,117,114
22300632,2023,2024-01-25,1610612744,1610612758,133,134
22300627,2023,2024-01-25,1610612754,1610612755,134,122
2022300176,2023,2024-01-24,1612709933,1612709930,110,102
2022300173,2023,2024-01-24,1612709925,1612709893,120,104
2022300170,2023,2024-01-24,1612709889,1612709931,114,91
22300623,2023,2024-01-24,1610612745,1610612757,131,137
22300621,2023,2024-01-24,1610612748,1610612763,96,105
22300622,2023,2024-01-24,1610612759,1610612760,114,140
2022300172,2023,2024-01-24,1612709915,1612709923,96,101
22300624,2023,2024-01-24,1610612749,1610612739,126,116
2022300174,2023,2024-01-24,1612709919,1612709929,119,125
22300626,2023,2024-01-24,1610612744,1610612737,134,112
2022300171,2023,2024-01-24,1612709910,1612709928,110,106
2022300175,2023,2024-01-24,1612709927,1612709913,120,107
2022300169,2023,2024-01-24,1612709920,1612709917,109,115
22300625,2023,2024-01-24,1610612742,1610612756,109,132
22300620,2023,2024-01-24,1610612764,1610612750,107,118
22300619,2023,2024-01-24,1610612765,1610612766,113,106
22300617,2023,2024-01-23,1610612760,1610612757,111,109
2022300166,2023,2024-01-23,1612709911,1612709908,120,124
2022300167,2023,2024-01-23,1612709903,1612709902,114,126
22300618,2023,2024-01-23,1610612746,1610612747,127,116
2022300164,2023,2024-01-23,1612709910,1612709928,122,110
22300615,2023,2024-01-23,1610612751,1610612752,103,108
2022300168,2023,2024-01-23,1612709924,1612709922,100,111
2022300165,2023,2024-01-23,1612709921,1612709932,110,111
22300614,2023,2024-01-23,1610612754,1610612743,109,114
22300616,2023,2024-01-23,1610612740,1610612762,153,124
22300607,2023,2024-01-22,1610612753,1610612739,99,126
22300612,2023,2024-01-22,1610612756,1610612741,115,113
2022300159,2023,2024-01-22,1612709925,1612709893,106,118
22300613,2023,2024-01-22,1610612758,1610612737,122,107
2022300160,2023,2024-01-22,1612709927,1612709913,107,125
2022300163,2023,2024-01-22,1612709905,1612709914,127,120
22300606,2023,2024-01-22,1610612765,1610612749,113,122
22300611,2023,2024-01-22,1610612742,1610612738,110,119
22300609,2023,2024-01-22,1610612761,1610612763,100,108
2022300162,2023,2024-01-22,1612709933,1612709930,118,95
22300610,2023,2024-01-22,1610612750,1610612766,125,128
2022300161,2023,2024-01-22,1612709903,1612709890,101,112
22300608,2023,2024-01-22,1610612755,1610612759,133,123
22300604,2023,2024-01-21,1610612756,1610612754,117,110
22300605,2023,2024-01-21,1610612747,1610612757,134,110
22300601,2023,2024-01-21,1610612753,1610612748,105,87
2022300158,2023,2024-01-21,1612709889,1612709931,128,105
22300603,2023,2024-01-21,1610612745,1610612738,107,116
2022300157,2023,2024-01-21,1612709915,1612709904,131,125
22300602,2023,2024-01-21,1610612764,1610612743,104,113
22300600,2023,2024-01-21,1610612746,1610612751,125,114
2022300149,2023,2024-01-20,1612709890,1612709926,108,117
22300594,2023,2024-01-20,1610612764,1610612759,127,131
2022300156,2023,2024-01-20,1612709902,1612709924,122,116
2022300152,2023,2024-01-20,1612709923,1612709921,112,123
2022300154,2023,2024-01-20,1612709905,1612709922,117,116
22300593,2023,2024-01-20,1610612766,1610612755,89,97
2022300148,2023,2024-01-20,1612709930,1612709914,74,105
2022300151,2023,2024-01-20,1612709911,1612709928,102,106
22300592,2023,2024-01-20,1610612765,1610612749,135,141
2022300153,2023,2024-01-20,1612709927,1612709910,110,121
22300596,2023,2024-01-20,1610612752,1610612761,126,100
2022300155,2023,2024-01-20,1612709918,1612709908,118,132
22300598,2023,2024-01-20,1610612745,1610612762,127,126
22300597,2023,2024-01-20,1610612741,1610612763,125,96
2022300150,2023,2024-01-20,1612709913,1612709893,126,105
2022300147,2023,2024-01-20,1612709920,1612709909,97,91
22300599,2023,2024-01-20,1610612750,1610612760,97,102
22300595,2023,2024-01-20,1610612737,1610612739,95,116
2022300144,2023,2024-01-19,1612709903,1612709889,129,139
2022300146,2023,2024-01-19,1612709902,1612709924,118,117
22300587,2023,2024-01-19,1610612748,1610612737,108,109
2022300142,2023,2024-01-19,1612709923,1612709921,115,121
22300590,2023,2024-01-19,1610612757,1610612754,118,115
22300586,2023,2024-01-19,1610612738,1610612743,100,102
22300585,2023,2024-01-19,1610612753,1610612755,109,124
2022300143,2023,2024-01-19,1612709918,1612709908,119,126
2022300145,2023,2024-01-19,1612709930,1612709931,126,132
22300591,2023,2024-01-19,1610612747,1610612751,112,130
22300584,2023,2024-01-19,1610612766,1610612759,124,120
22300588,2023,2024-01-19,1610612740,1610612756,109,123
2022300141,2023,2024-01-19,1612709915,1612709904,112,116
2022300137,2023,2024-01-18,1612709925,1612709919,153,130
2022300139,2023,2024-01-18,1612709890,1612709926,114,115
22300581,2023,2024-01-18,1610612762,1610612760,129,134
2022300138,2023,2024-01-18,1612709927,1612709929,106,103
2022300136,2023,2024-01-18,1612709932,1612709905,109,120
22300580,2023,2024-01-18,1610612761,1610612741,110,116
22300579,2023,2024-01-18,1610612752,1610612764,113,109
2022300140,2023,2024-01-18,1612709913,1612709911,134,125
22300583,2023,2024-01-18,1610612758,1610612754,121,126
22300582,2023,2024-01-18,1610612750,1610612763,118,103
2022300134,2023,2024-01-17,1612709930,1612709931,100,106
2022300130,2023,2024-01-17,1612709927,1612709929,92,116
2022300133,2023,2024-01-17,1612709918,1612709904,129,117
22300574,2023,2024-01-17,1610612761,1610612748,121,97
2022300135,2023,2024-01-17,1612709914,1612709921,101,105
22300570,2023,2024-01-17,1610612737,1610612753,106,104
22300569,2023,2024-01-17,1610612765,1610612750,117,124
22300578,2023,2024-01-17,1610612757,1610612751,105,103
2022300132,2023,2024-01-17,1612709928,1612709920,116,101
22300577,2023,2024-01-17,1610612747,1610612742,127,110
2022300131,2023,2024-01-17,1612709903,1612709889,108,105
22300571,2023,2024-01-17,1610612738,1610612759,117,98
2022300129,2023,2024-01-17,1612709932,1612709905,117,92
22300573,2023,2024-01-17,1610612752,1610612745,109,94
22300572,2023,2024-01-17,1610612739,1610612749,135,95
22300575,2023,2024-01-17,1610612740,1610612766,132,112
22300568,2023,2024-01-16,1610612746,1610612760,128,117
22300566,2023,2024-01-16,1610612755,1610612743,126,121
2022300127,2023,2024-01-16,1612709919,1612709893,117,125
22300567,2023,2024-01-16,1610612756,1610612758,119,117
2022300128,2023,2024-01-16,1612709926,1612709924,106,104
22300565,2023,2024-01-15,1610612747,1610612760,112,105
2022300115,2023,2024-01-15,1612709913,1612709920,108,105
22300558,2023,2024-01-15,1610612764,1610612765,117,129
22300559,2023,2024-01-15,1610612737,1610612759,109,99
2022300116,2023,2024-01-15,1612709923,1612709909,115,113
2022300122,2023,2024-01-15,1612709930,1612709914,88,107
2022300117,2023,2024-01-15,1612709917,1612709905,117,122
2022300125,2023,2024-01-15,1612709902,1612709921,98,90
22300557,2023,2024-01-15,1610612752,1610612753,94,98
2022300120,2023,2024-01-15,1612709922,1612709925,115,119
22300563,2023,2024-01-15,1610612761,1610612738,96,105
2022300126,2023,2024-01-15,1612709933,1612709889,127,119
22300561,2023,2024-01-15,1610612739,1610612741,109,91
22300564,2023,2024-01-15,1610612762,1610612754,132,105
22300555,2023,2024-01-15,1610612755,1610612745,124,115
22300562,2023,2024-01-15,1610612751,1610612748,95,96
2022300119,2023,2024-01-15,1612709911,1612709903,122,111
2022300121,2023,2024-01-15,1612709932,1612709929,101,114
2022300124,2023,2024-01-15,1612709890,1612709931,116,122
22300560,2023,2024-01-15,1610612763,1610612744,116,107
22300556,2023,2024-01-15,1610612742,1610612740,125,120
2022300118,2023,2024-01-15,1612709919,1612709893,126,111
2022300110,2023,2024-01-14,1612709915,1612709910,129,122
22300553,2023,2024-01-14,1610612750,1610612746,109,105
22300551,2023,2024-01-14,1610612748,1610612766,104,87
22300552,2023,2024-01-14,1610612749,1610612758,143,142
2022300113,2023,2024-01-14,1612709911,1612709903,111,115
2022300111,2023,2024-01-14,1612709926,1612709924,119,126
22300554,2023,2024-01-14,1610612757,1610612756,116,127
22300550,2023,2024-01-14,1610612743,1610612754,117,109
2022300114,2023,2024-01-14,1612709933,1612709889,99,95
2022300112,2023,2024-01-14,1612709917,1612709928,114,102
22300544,2023,2024-01-13,1610612763,1610612752,94,106
2022300104,2023,2024-01-13,1612709931,1612709927,100,98
22300547,2023,2024-01-13,1610612742,1610612740,108,118
2022300100,2023,2024-01-13,1612709915,1612709910,112,92
22300548,2023,2024-01-13,1610612759,1610612741,116,122
2022300108,2023,2024-01-13,1612709914,1612709921,116,91
2022300101,2023,2024-01-13,1612709893,1612709918,94,120
22300546,2023,2024-01-13,1610612760,1610612753,112,100
2022300106,2023,2024-01-13,1612709904,1612709890,128,119
2022300102,2023,2024-01-13,1612709922,1612709925,97,108
22300542,2023,2024-01-13,1610612738,1610612745,145,113
2022300103,2023,2024-01-13,1612709932,1612709929,92,85
22300543,2023,2024-01-13,1610612737,1610612764,99,127
2022300107,2023,2024-01-13,1612709923,1612709909,108,120
22300545,2023,2024-01-13,1610612749,1610612744,129,118
22300549,2023,2024-01-13,1610612762,1610612747,132,125
2022300105,2023,2024-01-13,1612709913,1612709920,98,112
2022300109,2023,2024-01-13,1612709902,1612709905,105,120
22300532,2023,2024-01-12,1610612755,1610612758,112,93
22300540,2023,2024-01-12,1610612762,1610612761,145,113
22300535,2023,2024-01-12,1610612748,1610612753,99,96
22300534,2023,2024-01-12,1610612765,1610612745,110,112
2022300095,2023,2024-01-12,1612709922,1612709928,115,111
22300537,2023,2024-01-12,1610612763,1610612746,119,128
22300533,2023,2024-01-12,1610612737,1610612754,108,126
2022300097,2023,2024-01-12,1612709908,1612709917,131,95
2022300096,2023,2024-01-12,1612709904,1612709890,131,107
22300541,2023,2024-01-12,1610612759,1610612766,135,99
2022300098,2023,2024-01-12,1612709931,1612709927,102,100
22300536,2023,2024-01-12,1610612741,1610612744,131,140
22300538,2023,2024-01-12,1610612750,1610612757,116,93
2022300099,2023,2024-01-12,1612709914,1612709911,110,92
22300539,2023,2024-01-12,1610612743,1610612740,125,113
2022300092,2023,2024-01-11,1612709932,1612709925,103,112
22300527,2023,2024-01-11,1610612739,1610612751,111,102
22300530,2023,2024-01-11,1610612742,1610612752,128,124
22300528,2023,2024-01-11,1610612749,1610612738,135,102
2022300094,2023,2024-01-11,1612709926,1612709913,111,122
22300529,2023,2024-01-11,1610612760,1610612757,139,77
22300531,2023,2024-01-11,1610612747,1610612756,109,127
2022300093,2023,2024-01-11,1612709919,1612709923,129,126
22300519,2023,2024-01-10,1610612765,1610612759,108,130
22300521,2023,2024-01-10,1610612737,1610612755,139,132
22300523,2023,2024-01-10,1610612741,1610612745,124,119
22300526,2023,2024-01-10,1610612746,1610612761,126,120
2022300089,2023,2024-01-10,1612709889,1612709908,111,101
2022300091,2023,2024-01-10,1612709930,1612709911,103,117
2022300087,2023,2024-01-10,1612709921,1612709915,102,100
22300518,2023,2024-01-10,1610612766,1610612758,98,123
2022300084,2023,2024-01-10,1612709924,1612709914,114,125
2022300086,2023,2024-01-10,1612709922,1612709928,87,105
2022300083,2023,2024-01-10,1612709910,1612709893,105,113
22300524,2023,2024-01-10,1610612762,1610612743,124,111
2022300088,2023,2024-01-10,1612709920,1612709918,119,112
22300517,2023,2024-01-10,1610612738,1610612750,127,120
22300525,2023,2024-01-10,1610612744,1610612740,105,141
2022300085,2023,2024-01-10,1612709929,1612709909,114,118
22300522,2023,2024-01-10,1610612748,1610612760,120,128
22300520,2023,2024-01-10,1610612754,1610612764,112,104
2022300090,2023,2024-01-10,1612709931,1612709917,120,90
2022300078,2023,2024-01-09,1612709932,1612709925,130,113
2022300082,2023,2024-01-09,1612709930,1612709890,104,105
22300513,2023,2024-01-09,1610612753,1610612750,92,113
22300516,2023,2024-01-09,1610612747,1610612761,132,131
2022300080,2023,2024-01-09,1612709926,1612709904,105,114
22300512,2023,2024-01-09,1610612765,1610612758,110,131
2022300081,2023,2024-01-09,1612709889,1612709908,108,110
2022300079,2023,2024-01-09,1612709920,1612709918,130,149
22300515,2023,2024-01-09,1610612742,1610612763,103,120
22300514,2023,2024-01-09,1610612752,1610612757,112,84
22300507,2023,2024-01-08,1610612754,1610612738,133,131
22300506,2023,2024-01-08,1610612766,1610612741,112,119
2022300077,2023,2024-01-08,1612709905,1612709924,120,115
22300509,2023,2024-01-08,1610612748,1610612745,120,113
22300510,2023,2024-01-08,1610612749,1610612762,116,132
2022300076,2023,2024-01-08,1612709927,1612709914,81,107
2022300074,2023,2024-01-08,1612709921,1612709915,115,110
22300508,2023,2024-01-08,1610612764,1610612760,128,136
2022300075,2023,2024-01-08,1612709919,1612709928,123,122
22300511,2023,2024-01-08,1610612746,1610612756,138,111
2022300069,2023,2024-01-07,1612709917,1612709925,116,111
2022300071,2023,2024-01-07,1612709931,1612709933,110,118
22300499,2023,2024-01-07,1610612753,1610612737,117,110
22300503,2023,2024-01-07,1610612756,1610612763,115,121
2022300073,2023,2024-01-07,1612709924,1612709889,119,94
2022300070,2023,2024-01-07,1612709904,1612709903,138,130
22300505,2023,2024-01-07,1610612747,1610612746,106,103
22300502,2023,2024-01-07,1610612743,1610612765,131,114
22300504,2023,2024-01-07,1610612744,1610612761,118,133
22300500,2023,2024-01-07,1610612758,1610612740,100,133
2022300072,2023,2024-01-07,1612709930,1612709890,80,114
22300501,2023,2024-01-07,1610612742,1610612750,115,108
22300497,2023,2024-01-07,1610612739,1610612759,117,115
22300498,2023,2024-01-07,1610612751,1610612757,127,134
2022300061,2023,2024-01-06,1612709909,1612709919,108,118
2022300063,2023,2024-01-06,1612709893,1612709902,116,104
22300493,2023,2024-01-06,1610612754,1610612738,101,118
2022300064,2023,2024-01-06,1612709931,1612709933,132,124
2022300067,2023,2024-01-06,1612709908,1612709926,131,113
2022300068,2023,2024-01-06,1612709918,1612709932,107,92
2022300066,2023,2024-01-06,1612709927,1612709922,97,84
2022300065,2023,2024-01-06,1612709923,1612709914,130,114
22300494,2023,2024-01-06,1610612764,1610612752,105,121
22300495,2023,2024-01-06,1610612755,1610612762,109,120
22300496,2023,2024-01-06,1610612745,1610612749,112,108
2022300062,2023,2024-01-06,1612709929,1612709920,105,101
22300482,2023,2024-01-05,1610612739,1610612764,114,90
2022300057,2023,2024-01-05,1612709923,1612709914,104,114
22300484,2023,2024-01-05,1610612741,1610612766,104,91
2022300058,2023,2024-01-05,1612709927,1612709922,124,111
22300485,2023,2024-01-05,1610612745,1610612750,95,122
2022300054,2023,2024-01-05,1612709917,1612709925,129,118
22300483,2023,2024-01-05,1610612755,1610612752,92,128
2022300055,2023,2024-01-05,1612709915,1612709928,113,119
22300480,2023,2024-01-05,1610612754,1610612737,150,116
22300490,2023,2024-01-05,1610612744,1610612765,113,109
2022300056,2023,2024-01-05,1612709913,1612709904,116,121
22300486,2023,2024-01-05,1610612740,1610612746,95,111
22300491,2023,2024-01-05,1610612747,1610612763,113,127
22300488,2023,2024-01-05,1610612743,1610612753,120,122
2022300060,2023,2024-01-05,1612709930,1612709889,115,125
2022300053,2023,2024-01-05,1612709909,1612709919,128,121
22300479,2023,2024-01-05,1610612738,1610612762,126,97
22300481,2023,2024-01-05,1610612751,1610612760,124,115
22300487,2023,2024-01-05,1610612742,1610612757,139,103
22300492,2023,2024-01-05,1610612758,1610612761,135,130
2022300059,2023,2024-01-05,1612709908,1612709926,118,113
22300489,2023,2024-01-05,1610612756,1610612748,113,97
22300477,2023,2024-01-04,1610612759,1610612749,121,125
2022300050,2023,2024-01-04,1612709929,1612709920,109,89
22300478,2023,2024-01-04,1610612744,1610612743,127,130
2022300051,2023,2024-01-04,1612709903,1612709933,122,126
2022300049,2023,2024-01-04,1612709910,1612709902,137,130
2022300052,2023,2024-01-04,1612709924,1612709890,103,106
22300474,2023,2024-01-03,1610612762,1610612765,154,148
22300473,2023,2024-01-03,1610612756,1610612746,122,131
2022300048,2023,2024-01-03,1612709889,1612709905,117,120
22300475,2023,2024-01-03,1610612747,1610612748,96,110
2022300046,2023,2024-01-03,1612709921,1612709919,122,114
22300466,2023,2024-01-03,1610612754,1610612749,142,130
22300470,2023,2024-01-03,1610612763,1610612761,111,116
2022300045,2023,2024-01-03,1612709917,1612709913,137,115
22300471,2023,2024-01-03,1610612750,1610612740,106,117
22300468,2023,2024-01-03,1610612752,1610612741,116,100
2022300047,2023,2024-01-03,1612709911,1612709926,132,136
22300465,2023,2024-01-03,1610612739,1610612764,140,101
22300469,2023,2024-01-03,1610612745,1610612751,112,101
22300476,2023,2024-01-03,1610612758,1610612753,138,135
22300472,2023,2024-01-03,1610612742,1610612757,126,97
22300467,2023,2024-01-03,1610612737,1610612760,141,138
2022300039,2023,2024-01-02,1612709910,1612709902,106,109
22300464,2023,2024-01-02,1610612758,1610612766,104,111
22300461,2023,2024-01-02,1610612740,1610612751,112,85
2022300042,2023,2024-01-02,1612709932,1612709922,127,109
2022300038,2023,2024-01-02,1612709889,1612709905,113,114
22300459,2023,2024-01-02,1610612755,1610612741,110,97
22300462,2023,2024-01-02,1610612760,1610612738,127,123
2022300041,2023,2024-01-02,1612709917,1612709913,113,147
22300463,2023,2024-01-02,1610612744,1610612753,121,115
2022300043,2023,2024-01-02,1612709904,1612709930,126,103
2022300044,2023,2024-01-02,1612709924,1612709890,108,114
22300460,2023,2024-01-02,1610612763,1610612759,106,98
2022300040,2023,2024-01-02,1612709893,1612709903,113,126
22300454,2023,2024-01-01,1610612749,1610612754,113,122
22300455,2023,2024-01-01,1610612743,1610612766,111,93
22300452,2023,2024-01-01,1610612761,1610612739,124,121
2022300037,2023,2024-01-01,1612709911,1612709926,134,138
22300453,2023,2024-01-01,1610612745,1610612765,136,113
22300458,2023,2024-01-01,1610612746,1610612748,121,104
22300457,2023,2024-01-01,1610612762,1610612742,127,90
22300456,2023,2024-01-01,1610612756,1610612757,109,88
22300451,2023,2024-01-01,1610612752,1610612750,112,106
2022300033,2023,2023-12-31,1612709915,1612709917,108,112
2022300036,2023,2023-12-31,1612709933,1612709909,117,130
22300446,2023,2023-12-31,1610612740,1610612747,129,109
22300450,2023,2023-12-31,1610612756,1610612753,112,107
22300447,2023,2023-12-31,1610612760,1610612751,124,108
22300448,2023,2023-12-31,1610612759,1610612738,101,134
2022300034,2023,2023-12-31,1612709911,1612709929,99,113
2022300035,2023,2023-12-31,1612709904,1612709930,126,110
2022300032,2023,2023-12-31,1612709910,1612709913,132,127
22300445,2023,2023-12-31,1610612764,1610612737,126,130
22300449,2023,2023-12-31,1610612763,1610612758,92,123
2022300030,2023,2023-12-30,1612709914,1612709903,104,100
22300443,2023,2023-12-30,1610612750,1610612747,108,106
2022300031,2023,2023-12-30,1612709918,1612709905,121,110
22300444,2023,2023-12-30,1610612744,1610612742,122,132
2022300024,2023,2023-12-30,1612709922,1612709923,111,110
2022300026,2023,2023-12-30,1612709928,1612709932,124,119
2022300025,2023,2023-12-30,1612709920,1612709927,94,104
22300440,2023,2023-12-30,1610612765,1610612761,129,127
2022300029,2023,2023-12-30,1612709919,1612709925,130,138
22300439,2023,2023-12-30,1610612762,1610612748,117,109
2022300028,2023,2023-12-30,1612709893,1612709921,105,147
22300442,2023,2023-12-30,1610612741,1610612755,105,92
2022300027,2023,2023-12-30,1612709933,1612709909,126,122
22300441,2023,2023-12-30,1610612754,1610612752,140,126
22300432,2023,2023-12-29,1610612738,1610612761,120,118
22300434,2023,2023-12-29,1610612745,1610612755,127,131
2022300017,2023,2023-12-29,1612709893,1612709921,123,122
22300433,2023,2023-12-29,1610612739,1610612749,111,119
22300430,2023,2023-12-29,1610612764,1610612751,110,104
2022300023,2023,2023-12-29,1612709902,1612709904,112,123
2022300019,2023,2023-12-29,1612709919,1612709917,115,119
2022300018,2023,2023-12-29,1612709910,1612709913,122,119
2022300022,2023,2023-12-29,1612709908,1612709930,112,105
2022300021,2023,2023-12-29,1612709889,1612709915,103,114
2022300020,2023,2023-12-29,1612709911,1612709929,100,114
22300436,2023,2023-12-29,1610612756,1610612766,133,119
22300438,2023,2023-12-29,1610612746,1610612763,117,106
22300437,2023,2023-12-29,1610612757,1610612759,134,128
22300431,2023,2023-12-29,1610612737,1610612758,110,117
22300435,2023,2023-12-29,1610612743,1610612760,93,119
22300429,2023,2023-12-29,1610612753,1610612752,117,108
2022300011,2023,2023-12-28,1612709890,1612709905,118,117
22300426,2023,2023-12-28,1610612744,1610612748,102,114
2022300012,2023,2023-12-28,1612709908,1612709930,115,109
2022300016,2023,2023-12-28,1612709914,1612709933,113,106
22300423,2023,2023-12-28,1610612750,1610612742,118,110
2022300010,2023,2023-12-28,1612709932,1612709923,114,112
22300427,2023,2023-12-28,1610612757,1610612759,105,118
22300422,2023,2023-12-28,1610612741,1610612754,104,120
2022300013,2023,2023-12-28,1612709931,1612709918,111,112
2022300015,2023,2023-12-28,1612709902,1612709904,102,105
22300425,2023,2023-12-28,1610612743,1610612763,142,105
2022300014,2023,2023-12-28,1612709903,1612709924,111,121
22300421,2023,2023-12-28,1610612738,1610612765,128,122
22300424,2023,2023-12-28,1610612740,1610612762,112,105
2022300009,2023,2023-12-28,1612709928,1612709920,143,109
22300428,2023,2023-12-28,1610612747,1610612766,133,112
22300415,2023,2023-12-27,1610612753,1610612755,92,112
2022300006,2023,2023-12-27,1612709932,1612709923,121,116
2022300004,2023,2023-12-27,1612709909,1612709928,134,126
2022300001,2023,2023-12-27,1612709889,1612709915,111,117
22300417,2023,2023-12-27,1610612751,1610612749,122,144
2022300002,2023,2023-12-27,1612709921,1612709927,82,114
2022300003,2023,2023-12-27,1612709910,1612709926,132,123
2022300007,2023,2023-12-27,1612709919,1612709920,105,140
22300416,2023,2023-12-27,1610612764,1610612761,102,132
22300419,2023,2023-12-27,1610612760,1610612752,129,120
22300420,2023,2023-12-27,1610612742,1610612739,110,113
22300418,2023,2023-12-27,1610612745,1610612756,113,129
2022300005,2023,2023-12-27,1612709922,1612709929,113,101
2022300008,2023,2023-12-27,1612709931,1612709918,120,114
22300406,2023,2023-12-26,1610612765,1610612751,112,118
22300407,2023,2023-12-26,1610612764,1610612753,119,127
22300408,2023,2023-12-26,1610612741,1610612737,118,113
22300410,2023,2023-12-26,1610612740,1610612763,115,116
22300414,2023,2023-12-26,1610612746,1610612766,113,104
22300411,2023,2023-12-26,1610612760,1610612750,129,106
22300409,2023,2023-12-26,1610612745,1610612754,117,123
22300413,2023,2023-12-26,1610612757,1610612758,130,113
22300412,2023,2023-12-26,1610612759,1610612762,118,130
22300405,2023,2023-12-25,1610612756,1610612742,114,128
22300404,2023,2023-12-25,1610612748,1610612755,119,113
22300403,2023,2023-12-25,1610612747,1610612738,115,126
22300402,2023,2023-12-25,1610612743,1610612744,120,114
22300401,2023,2023-12-25,1610612752,1610612749,129,122
22300391,2023,2023-12-23,1610612754,1610612753,110,117
22300399,2023,2023-12-23,1610612744,1610612757,126,106
22300395,2023,2023-12-23,1610612761,1610612762,119,126
22300392,2023,2023-12-23,1610612740,1610612745,104,106
22300397,2023,2023-12-23,1610612760,1610612747,120,129
22300394,2023,2023-12-23,1610612751,1610612765,126,115
22300393,2023,2023-12-23,1610612737,1610612763,119,125
22300388,2023,2023-12-23,1610612752,1610612749,111,130
22300389,2023,2023-12-23,1610612746,1610612738,108,145
22300400,2023,2023-12-23,1610612758,1610612750,98,110
22300390,2023,2023-12-23,1610612766,1610612743,95,102
22300396,2023,2023-12-23,1610612741,1610612739,95,109
22300398,2023,2023-12-23,1610612742,1610612759,144,119
2052300248,2023,2023-12-22,1612709923,1612709914,94,99
2052300244,2023,2023-12-22,1612709893,1612709889,103,121
2052300242,2023,2023-12-22,1612709920,1612709926,113,98
22300386,2023,2023-12-22,1610612744,1610612764,129,118
22300384,2023,2023-12-22,1610612748,1610612737,122,113
2052300243,2023,2023-12-22,1612709921,1612709911,115,105
2052300249,2023,2023-12-22,1612709910,1612709919,99,107
2052300246,2023,2023-12-22,1612709925,1612709904,133,116
22300382,2023,2023-12-22,1610612755,1610612761,121,111
22300385,2023,2023-12-22,1610612745,1610612742,122,96
2052300245,2023,2023-12-22,1612709903,1612709922,102,106
2052300247,2023,2023-12-22,1612709927,1612709918,103,121
22300387,2023,2023-12-22,1610612758,1610612756,120,105
22300383,2023,2023-12-22,1610612751,1610612743,117,122
2052300241,2023,2023-12-21,1612709924,1612709928,128,103
22300375,2023,2023-12-21,1610612739,1610612740,104,123
22300377,2023,2023-12-21,1610612763,1610612754,116,103
22300376,2023,2023-12-21,1610612741,1610612759,114,95
22300374,2023,2023-12-21,1610612765,1610612762,111,119
2052300240,2023,2023-12-21,1612709917,1612709930,113,90
22300378,2023,2023-12-21,1610612749,1610612753,118,114
2052300235,2023,2023-12-21,1612709910,1612709929,106,104
22300381,2023,2023-12-21,1610612757,1610612764,117,118
22300380,2023,2023-12-21,1610612750,1610612747,118,111
2052300237,2023,2023-12-21,1612709908,1612709933,103,117
2052300239,2023,2023-12-21,1612709913,1612709914,112,107
22300379,2023,2023-12-21,1610612760,1610612746,134,115
2052300238,2023,2023-12-21,1612709905,1612709909,128,126
2052300234,2023,2023-12-21,1612709919,1612709902,127,114
2052300236,2023,2023-12-21,1612709932,1612709931,100,115
22300372,2023,2023-12-20,1610612742,1610612746,111,120
22300368,2023,2023-12-20,1610612751,1610612752,102,121
22300369,2023,2023-12-20,1610612761,1610612743,104,113
2052300230,2023,2023-12-20,1612709921,1612709890,100,114
22300364,2023,2023-12-20,1610612739,1610612762,124,116
22300373,2023,2023-12-20,1610612758,1610612738,119,144
22300365,2023,2023-12-20,1610612754,1610612766,144,113
2052300233,2023,2023-12-20,1612709915,1612709903,99,122
2052300228,2023,2023-12-20,1612709926,1612709908,106,114
2052300229,2023,2023-12-20,1612709909,1612709918,133,129
22300366,2023,2023-12-20,1610612753,1610612748,106,115
2052300226,2023,2023-12-20,1612709930,1612709893,88,100
22300371,2023,2023-12-20,1610612745,1610612737,127,134
22300367,2023,2023-12-20,1610612755,1610612750,127,113
22300370,2023,2023-12-20,1610612741,1610612747,124,108
2052300232,2023,2023-12-20,1612709911,1612709922,121,92
2052300231,2023,2023-12-20,1612709889,1612709927,117,116
2052300227,2023,2023-12-20,1612709917,1612709923,103,87
2052300221,2023,2023-12-19,1612709919,1612709931,114,104
2052300218,2023,2023-12-19,1612709910,1612709928,113,102
2052300220,2023,2023-12-19,1612709902,1612709932,116,112
22300360,2023,2023-12-19,1610612740,1610612763,113,115
2052300219,2023,2023-12-19,1612709890,1612709915,121,116
2052300225,2023,2023-12-19,1612709924,1612709929,87,100
2052300222,2023,2023-12-19,1612709933,1612709913,109,116
2052300223,2023,2023-12-19,1612709904,1612709920,110,129
22300361,2023,2023-12-19,1610612749,1610612759,132,119
22300363,2023,2023-12-19,1610612757,1610612756,109,104
22300362,2023,2023-12-19,1610612744,1610612738,132,126
2052300224,2023,2023-12-19,1612709905,1612709925,113,121
22300355,2023,2023-12-18,1610612760,1610612763,116,97
22300350,2023,2023-12-18,1610612754,1610612746,127,151
22300354,2023,2023-12-18,1610612761,1610612766,114,99
22300352,2023,2023-12-18,1610612737,1610612765,130,124
22300353,2023,2023-12-18,1610612748,1610612750,108,112
22300351,2023,2023-12-18,1610612755,1610612741,104,108
22300349,2023,2023-12-18,1610612739,1610612745,135,130
22300357,2023,2023-12-18,1610612762,1610612751,125,108
22300359,2023,2023-12-18,1610612747,1610612752,109,114
22300358,2023,2023-12-18,1610612758,1610612764,143,131
22300356,2023,2023-12-18,1610612743,1610612742,130,104
22300345,2023,2023-12-17,1610612759,1610612740,110,146
2052300215,2023,2023-12-17,1612709928,1612709919,116,98
22300344,2023,2023-12-17,1610612738,1610612753,114,97
2052300216,2023,2023-12-17,1612709890,1612709908,127,126
22300346,2023,2023-12-17,1610612749,1610612745,128,119
2052300217,2023,2023-12-17,1612709923,1612709932,102,104
22300347,2023,2023-12-17,1610612756,1610612764,112,108
22300348,2023,2023-12-17,1610612757,1610612744,114,118
2052300214,2023,2023-12-16,1612709902,1612709914,121,112
22300341,2023,2023-12-16,1610612757,1610612742,120,131
22300335,2023,2023-12-16,1610612766,1610612755,82,135
22300343,2023,2023-12-16,1610612746,1610612752,144,122
22300334,2023,2023-12-16,1610612749,1610612765,146,114
22300340,2023,2023-12-16,1610612743,1610612760,117,118
2052300212,2023,2023-12-16,1612709927,1612709917,83,121
2052300210,2023,2023-12-16,1612709915,1612709929,91,99
22300342,2023,2023-12-16,1610612758,1610612762,125,104
22300339,2023,2023-12-16,1610612744,1610612751,124,120
2052300211,2023,2023-12-16,1612709925,1612709931,130,108
2052300208,2023,2023-12-16,1612709909,1612709921,117,125
22300337,2023,2023-12-16,1610612748,1610612741,118,116
22300336,2023,2023-12-16,1610612739,1610612737,127,119
22300338,2023,2023-12-16,1610612750,1610612754,127,109
2052300209,2023,2023-12-16,1612709905,1612709924,121,127
2052300213,2023,2023-12-16,1612709903,1612709930,114,112
2052300206,2023,2023-12-15,1612709923,1612709904,117,99
22300332,2023,2023-12-15,1610612763,1610612745,96,103
2052300207,2023,2023-12-15,1612709927,1612709917,114,111
22300328,2023,2023-12-15,1610612764,1610612754,137,123
22300331,2023,2023-12-15,1610612759,1610612747,129,115
22300327,2023,2023-12-15,1610612755,1610612765,124,92
22300333,2023,2023-12-15,1610612756,1610612752,122,139
2052300201,2023,2023-12-15,1612709928,1612709919,111,118
22300326,2023,2023-12-15,1610612766,1610612740,107,112
2052300203,2023,2023-12-15,1612709925,1612709913,119,122
22300330,2023,2023-12-15,1610612761,1610612737,104,125
22300329,2023,2023-12-15,1610612738,1610612753,128,111
2052300204,2023,2023-12-15,1612709911,1612709893,136,113
2052300202,2023,2023-12-15,1612709915,1612709929,97,89
2052300205,2023,2023-12-15,1612709926,1612709890,117,116
2052300200,2023,2023-12-15,1612709910,1612709932,148,121
22300322,2023,2023-12-14,1610612743,1610612751,124,101
22300324,2023,2023-12-14,1610612758,1610612760,128,123
22300319,2023,2023-12-14,1610612738,1610612739,116,107
2052300198,2023,2023-12-14,1612709930,1612709933,110,105
22300321,2023,2023-12-14,1610612742,1610612750,101,119
22300323,2023,2023-12-14,1610612757,1610612762,114,122
22300325,2023,2023-12-14,1610612746,1610612744,121,113
2052300196,2023,2023-12-14,1612709920,1612709909,120,125
2052300197,2023,2023-12-14,1612709911,1612709893,118,115
2052300199,2023,2023-12-14,1612709905,1612709902,112,130
22300320,2023,2023-12-14,1610612748,1610612741,116,124
22300313,2023,2023-12-13,1610612761,1610612737,135,128
22300316,2023,2023-12-13,1610612759,1610612747,119,122
2052300195,2023,2023-12-13,1612709931,1612709889,112,117
22300315,2023,2023-12-13,1610612749,1610612754,140,126
22300318,2023,2023-12-13,1610612762,1610612752,117,113
2052300193,2023,2023-12-13,1612709929,1612709922,114,73
2052300191,2023,2023-12-13,1612709925,1612709913,116,118
22300310,2023,2023-12-13,1610612765,1610612755,111,129
22300314,2023,2023-12-13,1610612745,1610612763,117,104
22300311,2023,2023-12-13,1610612764,1610612740,122,142
2052300194,2023,2023-12-13,1612709921,1612709928,106,110
22300317,2023,2023-12-13,1610612756,1610612751,112,116
2052300192,2023,2023-12-13,1612709910,1612709927,110,102
22300312,2023,2023-12-13,1610612748,1610612766,115,104
22300307,2023,2023-12-12,1610612741,1610612743,106,114
22300306,2023,2023-12-12,1610612742,1610612747,127,125
22300309,2023,2023-12-12,1610612746,1610612758,119,99
2052300190,2023,2023-12-12,1612709914,1612709903,106,112
2052300188,2023,2023-12-12,1612709920,1612709909,122,104
2052300189,2023,2023-12-12,1612709905,1612709902,126,130
22300305,2023,2023-12-12,1610612738,1610612739,120,113
2052300184,2023,2023-12-12,1612709932,1612709904,106,110
2052300187,2023,2023-12-12,1612709921,1612709928,108,104
2052300185,2023,2023-12-12,1612709908,1612709918,124,120
22300308,2023,2023-12-12,1610612756,1610612744,119,116
2052300186,2023,2023-12-12,1612709930,1612709933,108,106
22300295,2023,2023-12-11,1610612755,1610612764,146,101
22300301,2023,2023-12-11,1610612740,1610612750,121,107
2052300182,2023,2023-12-11,1612709910,1612709927,110,101
22300298,2023,2023-12-11,1610612745,1610612759,93,82
22300302,2023,2023-12-11,1610612760,1610612762,134,120
22300296,2023,2023-12-11,1610612737,1610612743,122,129
22300303,2023,2023-12-11,1610612758,1610612751,131,118
22300292,2023,2023-12-11,1610612766,1610612748,114,116
2052300183,2023,2023-12-11,1612709913,1612709926,102,99
22300300,2023,2023-12-11,1610612749,1610612741,133,129
22300294,2023,2023-12-11,1610612753,1610612739,104,94
22300293,2023,2023-12-11,1610612765,1610612754,123,131
22300299,2023,2023-12-11,1610612763,1610612742,113,120
22300297,2023,2023-12-11,1610612752,1610612761,136,130
22300304,2023,2023-12-11,1610612746,1610612757,132,127
2052300181,2023,2023-12-10,1612709924,1612709905,126,127
2052300178,2023,2023-12-10,1612709931,1612709889,111,96
2052300176,2023,2023-12-10,1612709917,1612709911,123,102
2052300180,2023,2023-12-10,1612709923,1612709932,113,115
2052300175,2023,2023-12-10,1612709919,1612709921,117,100
2052300177,2023,2023-12-10,1612709918,1612709890,115,111
2052300179,2023,2023-12-10,1612709902,1612709903,105,110
2052300174,2023,2023-12-10,1612709915,1612709920,130,112
2052300168,2023,2023-12-09,1612709909,1612709922,139,119
2052300171,2023,2023-12-09,1612709893,1612709910,117,146
2052300169,2023,2023-12-09,1612709923,1612709927,110,102
2052300173,2023,2023-12-09,1612709918,1612709890,122,124
2052300170,2023,2023-12-09,1612709933,1612709914,103,100
62300001,2023,2023-12-09,1610612747,1610612754,123,109
2052300172,2023,2023-12-09,1612709913,1612709908,99,132
22301217,2023,2023-12-08,1610612753,1610612765,123,91
22301226,2023,2023-12-08,1610612757,1610612742,112,125
2052300164,2023,2023-12-08,1612709913,1612709908,109,90
22301224,2023,2023-12-08,1610612743,1610612745,106,114
2052300167,2023,2023-12-08,1612709930,1612709902,118,153
22301219,2023,2023-12-08,1610612751,1610612764,124,97
22301216,2023,2023-12-08,1610612766,1610612761,119,116
22301228,2023,2023-12-08,1610612756,1610612758,106,114
22301221,2023,2023-12-08,1610612763,1610612750,103,127
2052300166,2023,2023-12-08,1612709917,1612709911,109,119
22301223,2023,2023-12-08,1610612759,1610612741,112,121
2052300165,2023,2023-12-08,1612709889,1612709925,114,135
22301220,2023,2023-12-08,1610612748,1610612739,99,111
22301218,2023,2023-12-08,1610612755,1610612737,125,114
22301227,2023,2023-12-08,1610612738,1610612752,133,123
22301225,2023,2023-12-08,1610612762,1610612746,103,117
22301222,2023,2023-12-08,1610612760,1610612744,138,136
2052300158,2023,2023-12-07,1612709893,1612709910,100,116
2052300159,2023,2023-12-07,1612709921,1612709920,133,124
22301229,2023,2023-12-07,1610612749,1610612754,119,128
2052300160,2023,2023-12-07,1612709915,1612709909,135,109
2052300163,2023,2023-12-07,1612709924,1612709903,113,122
2052300161,2023,2023-12-07,1612709926,1612709918,97,101
22301230,2023,2023-12-07,1610612747,1610612740,133,89
2052300157,2023,2023-12-07,1612709928,1612709922,139,107
2052300162,2023,2023-12-07,1612709933,1612709914,103,99
2052300152,2023,2023-12-06,1612709919,1612709920,121,109
2052300153,2023,2023-12-06,1612709889,1612709908,128,126
22301206,2023,2023-12-06,1610612765,1610612763,102,116
22301211,2023,2023-12-06,1610612741,1610612766,111,100
22301212,2023,2023-12-06,1610612745,1610612760,110,101
22301213,2023,2023-12-06,1610612742,1610612762,147,97
2052300156,2023,2023-12-06,1612709904,1612709917,123,112
22301210,2023,2023-12-06,1610612750,1610612759,102,94
22301209,2023,2023-12-06,1610612737,1610612751,113,114
22301207,2023,2023-12-06,1610612761,1610612748,103,112
22301214,2023,2023-12-06,1610612744,1610612757,110,106
22301205,2023,2023-12-06,1610612739,1610612753,121,111
22301215,2023,2023-12-06,1610612746,1610612743,111,102
22301208,2023,2023-12-06,1610612764,1610612755,126,131
2052300155,2023,2023-12-06,1612709915,1612709909,109,112
2052300154,2023,2023-12-06,1612709921,1612709929,119,118
2052300146,2023,2023-12-05,1612709925,1612709918,112,116
2052300150,2023,2023-12-05,1612709930,1612709914,103,91
2052300147,2023,2023-12-05,1612709927,1612709923,96,123
2052300145,2023,2023-12-05,1612709932,1612709893,111,100
2052300151,2023,2023-12-05,1612709924,1612709902,119,109
2052300149,2023,2023-12-05,1612709931,1612709890,119,108
2052300143,2023,2023-12-05,1612709922,1612709928,105,104
22301203,2023,2023-12-05,1610612747,1610612756,106,103
2052300144,2023,2023-12-05,1612709889,1612709913,128,113
22301201,2023,2023-12-05,1610612749,1610612752,146,122
2052300148,2023,2023-12-05,1612709904,1612709910,105,142
22301202,2023,2023-12-04,1610612754,1610612738,122,112
2052300142,2023,2023-12-04,1612709924,1612709905,123,109
22301204,2023,2023-12-04,1610612758,1610612740,117,127
2052300141,2023,2023-12-04,1612709929,1612709921,115,112
2052300139,2023,2023-12-03,1612709911,1612709910,106,116
2052300140,2023,2023-12-03,1612709931,1612709890,155,109
2052300135,2023,2023-12-03,1612709929,1612709919,92,90
2052300138,2023,2023-12-03,1612709889,1612709913,114,109
2052300137,2023,2023-12-03,1612709917,1612709923,92,102
2052300136,2023,2023-12-03,1612709928,1612709915,99,103
2052300130,2023,2023-12-02,1612709911,1612709910,101,120
22300285,2023,2023-12-02,1610612741,1610612740,124,118
22300281,2023,2023-12-02,1610612766,1610612750,117,123
22300282,2023,2023-12-02,1610612751,1610612753,129,101
22300287,2023,2023-12-02,1610612742,1610612760,120,126
2052300131,2023,2023-12-02,1612709918,1612709926,109,110
2052300129,2023,2023-12-02,1612709917,1612709923,134,103
22300286,2023,2023-12-02,1610612749,1610612737,132,121
22300283,2023,2023-12-02,1610612765,1610612739,101,110
22300289,2023,2023-12-02,1610612762,1610612757,118,113
2052300134,2023,2023-12-02,1612709914,1612709930,93,100
22300291,2023,2023-12-02,1610612747,1610612745,107,97
22300284,2023,2023-12-02,1610612748,1610612754,129,144
22300280,2023,2023-12-02,1610612746,1610612744,113,112
2052300128,2023,2023-12-02,1612709909,1612709922,123,113
2052300133,2023,2023-12-02,1612709902,1612709933,95,102
22300290,2023,2023-12-02,1610612758,1610612743,123,117
22300288,2023,2023-12-02,1610612756,1610612763,116,109
2052300132,2023,2023-12-02,1612709903,1612709905,118,127
22300278,2023,2023-12-01,1610612740,1610612759,121,106
22300276,2023,2023-12-01,1610612761,1610612752,106,119
2052300125,2023,2023-12-01,1612709903,1612709905,123,138
2052300126,2023,2023-12-01,1612709902,1612709933,103,90
2052300121,2023,2023-12-01,1612709893,1612709904,109,113
2052300123,2023,2023-12-01,1612709890,1612709913,124,120
22300277,2023,2023-12-01,1610612742,1610612763,94,108
2052300127,2023,2023-12-01,1612709914,1612709930,110,103
22300274,2023,2023-12-01,1610612753,1610612764,130,125
2052300119,2023,2023-12-01,1612709929,1612709919,79,82
22300279,2023,2023-12-01,1610612756,1610612743,111,119
2052300120,2023,2023-12-01,1612709920,1612709915,125,114
2052300122,2023,2023-12-01,1612709932,1612709927,122,131
2052300124,2023,2023-12-01,1612709908,1612709931,110,104
22300275,2023,2023-12-01,1610612738,1610612755,125,119
22300269,2023,2023-11-30,1610612741,1610612749,120,113
22300266,2023,2023-11-30,1610612751,1610612766,128,129
22300267,2023,2023-11-30,1610612748,1610612754,142,132
22300272,2023,2023-11-30,1610612759,1610612737,135,137
22300271,2023,2023-11-30,1610612760,1610612747,133,110
22300273,2023,2023-11-30,1610612744,1610612746,120,114
2052300118,2023,2023-11-30,1612709908,1612709931,109,111
22300265,2023,2023-11-30,1610612739,1610612757,95,103
22300270,2023,2023-11-30,1610612750,1610612762,101,90
2052300116,2023,2023-11-30,1612709932,1612709927,137,108
2052300117,2023,2023-11-30,1612709925,1612709926,115,98
22300268,2023,2023-11-30,1610612752,1610612765,118,112
22300263,2023,2023-11-29,1610612743,1610612745,134,124
2052300113,2023,2023-11-29,1612709909,1612709921,119,104
22300258,2023,2023-11-29,1610612765,1610612747,107,133
2052300112,2023,2023-11-29,1612709929,1612709922,106,79
2052300115,2023,2023-11-29,1612709924,1612709903,89,106
22300259,2023,2023-11-29,1610612753,1610612764,139,120
22300262,2023,2023-11-29,1610612740,1610612755,124,114
2052300111,2023,2023-11-29,1612709893,1612709917,115,90
22300261,2023,2023-11-29,1610612763,1610612762,105,91
22300260,2023,2023-11-29,1610612761,1610612756,112,105
2052300114,2023,2023-11-29,1612709919,1612709915,110,85
22300264,2023,2023-11-29,1610612758,1610612746,117,131
2052300109,2023,2023-11-28,1612709889,1612709925,115,122
22300056,2023,2023-11-28,1610612748,1610612749,124,131
2052300108,2023,2023-11-28,1612709926,1612709890,101,130
2052300110,2023,2023-11-28,1612709908,1612709918,123,114
22300054,2023,2023-11-28,1610612751,1610612761,115,103
22300055,2023,2023-11-28,1610612739,1610612737,128,105
22300060,2023,2023-11-28,1610612758,1610612744,124,123
22300059,2023,2023-11-28,1610612742,1610612745,121,115
22300053,2023,2023-11-28,1610612738,1610612741,124,97
22300058,2023,2023-11-28,1610612750,1610612760,106,103
2052300107,2023,2023-11-28,1612709932,1612709904,127,145
22300057,2023,2023-11-28,1610612752,1610612766,115,91
2052300106,2023,2023-11-28,1612709910,1612709923,131,97
22300253,2023,2023-11-27,1610612765,1610612764,107,126
22300257,2023,2023-11-27,1610612746,1610612743,104,113
22300254,2023,2023-11-27,1610612754,1610612757,110,114
2052300103,2023,2023-11-27,1612709924,1612709902,123,99
2052300104,2023,2023-11-27,1612709893,1612709917,102,92
22300256,2023,2023-11-27,1610612762,1610612740,114,112
2052300105,2023,2023-11-27,1612709920,1612709928,113,123
22300255,2023,2023-11-27,1610612755,1610612747,138,94
22300251,2023,2023-11-26,1610612739,1610612761,105,102
2052300100,2023,2023-11-26,1612709890,1612709925,116,123
22300246,2023,2023-11-26,1610612738,1610612737,113,103
22300248,2023,2023-11-26,1610612753,1610612766,130,117
22300252,2023,2023-11-26,1610612743,1610612759,132,120
22300249,2023,2023-11-26,1610612763,1610612750,97,119
2052300098,2023,2023-11-26,1612709913,1612709926,112,129
2052300102,2023,2023-11-26,1612709905,1612709930,150,126
22300250,2023,2023-11-26,1610612751,1610612741,118,109
22300247,2023,2023-11-26,1610612752,1610612756,113,116
2052300101,2023,2023-11-26,1612709933,1612709903,89,102
22300245,2023,2023-11-26,1610612749,1610612757,108,102
2052300099,2023,2023-11-26,1612709904,1612709911,86,103
2052300092,2023,2023-11-25,1612709922,1612709919,100,109
2052300089,2023,2023-11-25,1612709920,1612709928,101,115
22300244,2023,2023-11-25,1610612746,1610612742,107,88
22300241,2023,2023-11-25,1610612764,1610612737,108,136
2052300091,2023,2023-11-25,1612709917,1612709910,99,109
2052300097,2023,2023-11-25,1612709918,1612709931,84,117
2052300093,2023,2023-11-25,1612709904,1612709911,102,97
22300242,2023,2023-11-25,1610612739,1610612747,115,121
2052300095,2023,2023-11-25,1612709914,1612709924,107,102
2052300094,2023,2023-11-25,1612709905,1612709930,134,100
2052300096,2023,2023-11-25,1612709908,1612709889,127,103
2052300090,2023,2023-11-25,1612709909,1612709929,106,94
22300240,2023,2023-11-25,1610612751,1610612748,112,97
22300239,2023,2023-11-25,1610612760,1610612755,123,127
22300243,2023,2023-11-25,1610612762,1610612740,105,100
22300049,2023,2023-11-24,1610612749,1610612764,131,128
22300045,2023,2023-11-24,1610612752,1610612748,100,98
22300047,2023,2023-11-24,1610612754,1610612765,136,113
2052300085,2023,2023-11-24,1612709890,1612709889,101,113
2052300088,2023,2023-11-24,1612709914,1612709924,76,126
22300052,2023,2023-11-24,1610612746,1610612740,106,116
22300051,2023,2023-11-24,1610612744,1610612759,118,112
22300048,2023,2023-11-24,1610612745,1610612743,105,86
2052300084,2023,2023-11-24,1612709932,1612709893,101,92
2052300083,2023,2023-11-24,1612709933,1612709903,113,110
22300050,2023,2023-11-24,1610612750,1610612758,111,124
22300043,2023,2023-11-24,1610612753,1610612738,113,96
22300046,2023,2023-11-24,1610612761,1610612741,121,108
2052300082,2023,2023-11-24,1612709922,1612709915,108,111
22300044,2023,2023-11-24,1610612763,1610612756,89,110
2052300086,2023,2023-11-24,1612709908,1612709925,137,133
2052300087,2023,2023-11-24,1612709918,1612709931,116,119
22300228,2023,2023-11-22,1610612738,1610612749,119,116
22300237,2023,2023-11-22,1610612757,1610612762,121,105
22300225,2023,2023-11-22,1610612766,1610612764,117,114
22300233,2023,2023-11-22,1610612740,1610612758,117,112
22300226,2023,2023-11-22,1610612753,1610612743,124,119
2052300079,2023,2023-11-22,1612709919,1612709921,104,111
22300236,2023,2023-11-22,1610612756,1610612744,123,115
22300230,2023,2023-11-22,1610612754,1610612761,131,132
2052300080,2023,2023-11-22,1612709923,1612709904,141,125
22300229,2023,2023-11-22,1610612739,1610612748,96,129
22300231,2023,2023-11-22,1610612745,1610612763,111,91
2052300077,2023,2023-11-22,1612709909,1612709929,101,106
2052300081,2023,2023-11-22,1612709908,1612709925,127,143
22300232,2023,2023-11-22,1610612750,1610612755,112,99
22300234,2023,2023-11-22,1610612760,1610612741,116,102
2052300076,2023,2023-11-22,1612709910,1612709932,117,107
2052300078,2023,2023-11-22,1612709922,1612709915,102,105
22300227,2023,2023-11-22,1610612737,1610612751,147,145
22300238,2023,2023-11-22,1610612747,1610612742,101,104
22300235,2023,2023-11-22,1610612759,1610612746,102,109
2052300073,2023,2023-11-21,1612709913,1612709918,134,121
22300042,2023,2023-11-21,1610612747,1610612762,131,99
2052300075,2023,2023-11-21,1612709914,1612709905,105,120
2052300072,2023,2023-11-21,1612709927,1612709904,106,117
22300039,2023,2023-11-21,1610612737,1610612754,152,157
22300041,2023,2023-11-21,1610612756,1610612757,120,107
22300040,2023,2023-11-21,1610612755,1610612739,119,122
2052300074,2023,2023-11-21,1612709903,1612709902,126,140
22300038,2023,2023-11-21,1610612753,1610612761,126,107
2052300068,2023,2023-11-20,1612709919,1612709920,125,101
2052300069,2023,2023-11-20,1612709911,1612709932,122,124
22300222,2023,2023-11-20,1610612740,1610612758,129,93
22300217,2023,2023-11-20,1610612766,1610612738,121,118
2052300070,2023,2023-11-20,1612709926,1612709931,104,124
22300219,2023,2023-11-20,1610612764,1610612749,129,142
2052300071,2023,2023-11-20,1612709933,1612709924,107,103
22300218,2023,2023-11-20,1610612765,1610612743,103,107
22300220,2023,2023-11-20,1610612741,1610612748,100,118
22300224,2023,2023-11-20,1610612744,1610612745,121,116
22300223,2023,2023-11-20,1610612759,1610612746,99,124
22300221,2023,2023-11-20,1610612750,1610612752,117,100
22300216,2023,2023-11-19,1610612747,1610612745,105,104
2052300065,2023,2023-11-19,1612709927,1612709904,123,121
2052300061,2023,2023-11-19,1612709926,1612709931,105,101
22300210,2023,2023-11-19,1610612739,1610612743,121,109
2052300063,2023,2023-11-19,1612709923,1612709893,94,75
22300209,2023,2023-11-19,1610612754,1610612753,116,128
22300212,2023,2023-11-19,1610612742,1610612758,113,129
22300211,2023,2023-11-19,1610612761,1610612765,142,113
22300208,2023,2023-11-19,1610612751,1610612755,99,121
2052300066,2023,2023-11-19,1612709890,1612709889,118,107
2052300059,2023,2023-11-19,1612709915,1612709921,134,95
2052300067,2023,2023-11-19,1612709914,1612709905,112,101
22300215,2023,2023-11-19,1610612757,1610612760,91,134
22300213,2023,2023-11-19,1610612763,1610612738,100,102
2052300060,2023,2023-11-19,1612709929,1612709928,110,104
22300214,2023,2023-11-19,1610612762,1610612756,137,140
2052300062,2023,2023-11-19,1612709913,1612709918,105,119
2052300064,2023,2023-11-19,1612709930,1612709902,101,125
22300202,2023,2023-11-18,1610612766,1610612752,108,122
22300203,2023,2023-11-18,1610612740,1610612750,120,121
2052300058,2023,2023-11-18,1612709927,1612709911,107,104
2052300053,2023,2023-11-18,1612709929,1612709928,105,111
22300207,2023,2023-11-18,1610612744,1610612760,123,130
22300206,2023,2023-11-18,1610612759,1610612763,108,120
22300204,2023,2023-11-18,1610612741,1610612748,102,97
2052300056,2023,2023-11-18,1612709917,1612709932,102,112
22300205,2023,2023-11-18,1610612749,1610612742,132,125
2052300052,2023,2023-11-18,1612709919,1612709909,113,126
2052300054,2023,2023-11-18,1612709923,1612709893,100,104
2052300057,2023,2023-11-18,1612709922,1612709920,105,81
2052300055,2023,2023-11-18,1612709933,1612709924,75,103
2052300051,2023,2023-11-17,1612709902,1612709930,121,112
22300034,2023,2023-11-17,1610612740,1610612743,115,110
22300027,2023,2023-11-17,1610612766,1610612749,99,130
2052300049,2023,2023-11-17,1612709925,1612709926,125,116
22300030,2023,2023-11-17,1610612739,1610612765,108,100
22300029,2023,2023-11-17,1610612737,1610612755,116,126
2052300048,2023,2023-11-17,1612709915,1612709921,116,105
2052300050,2023,2023-11-17,1612709933,1612709905,110,114
22300035,2023,2023-11-17,1610612762,1610612756,128,131
22300033,2023,2023-11-17,1610612741,1610612753,97,103
22300037,2023,2023-11-17,1610612746,1610612745,106,100
22300028,2023,2023-11-17,1610612764,1610612752,99,120
22300031,2023,2023-11-17,1610612761,1610612738,105,108
2052300047,2023,2023-11-17,1612709922,1612709920,108,82
22300036,2023,2023-11-17,1610612757,1610612747,95,107
22300032,2023,2023-11-17,1610612759,1610612758,120,129
2052300046,2023,2023-11-16,1612709903,1612709914,129,121
22300200,2023,2023-11-16,1610612748,1610612751,122,115
2052300045,2023,2023-11-16,1612709904,1612709917,100,94
22300201,2023,2023-11-16,1610612744,1610612760,109,128
2052300043,2023,2023-11-16,1612709925,1612709918,136,129
2052300044,2023,2023-11-16,1612709927,1612709911,108,104
2052300040,2023,2023-11-15,1612709928,1612709909,120,114
22300198,2023,2023-11-15,1610612747,1610612758,110,125
2052300042,2023,2023-11-15,1612709890,1612709908,124,140
22300197,2023,2023-11-15,1610612756,1610612750,133,115
22300199,2023,2023-11-15,1610612757,1610612739,95,109
22300195,2023,2023-11-15,1610612761,1610612749,112,128
22300196,2023,2023-11-15,1610612741,1610612753,94,96
2052300041,2023,2023-11-15,1612709889,1612709926,129,127
2052300039,2023,2023-11-15,1612709922,1612709919,89,118
22300193,2023,2023-11-15,1610612737,1610612752,114,116
22300192,2023,2023-11-15,1610612764,1610612742,117,130
22300194,2023,2023-11-15,1610612755,1610612738,107,117
22300020,2023,2023-11-14,1610612751,1610612753,124,104
22300017,2023,2023-11-14,1610612766,1610612748,105,111
22300026,2023,2023-11-14,1610612747,1610612763,134,107
22300023,2023,2023-11-14,1610612762,1610612757,115,99
22300018,2023,2023-11-14,1610612765,1610612737,120,126
22300025,2023,2023-11-14,1610612744,1610612750,101,104
22300022,2023,2023-11-14,1610612740,1610612742,131,110
22300024,2023,2023-11-14,1610612743,1610612746,111,108
2052300038,2023,2023-11-14,1612709903,1612709914,99,142
2052300036,2023,2023-11-14,1612709920,1612709929,85,108
2052300035,2023,2023-11-14,1612709932,1612709911,122,114
2052300034,2023,2023-11-14,1612709910,1612709917,116,93
22300019,2023,2023-11-14,1610612755,1610612754,126,132
22300021,2023,2023-11-14,1610612760,1610612759,123,87
2052300037,2023,2023-11-14,1612709904,1612709893,129,116
2052300030,2023,2023-11-13,1612709889,1612709926,118,104
22300191,2023,2023-11-13,1610612758,1610612739,132,120
2052300029,2023,2023-11-13,1612709921,1612709922,105,98
2052300028,2023,2023-11-13,1612709928,1612709909,116,120
22300190,2023,2023-11-13,1610612749,1610612741,118,109
2052300027,2023,2023-11-13,1612709910,1612709923,100,105
22300188,2023,2023-11-13,1610612738,1610612752,114,98
2052300031,2023,2023-11-13,1612709931,1612709913,102,108
2052300032,2023,2023-11-13,1612709903,1612709930,158,99
2052300033,2023,2023-11-13,1612709924,1612709933,122,84
22300189,2023,2023-11-13,1610612761,1610612764,111,107
22300183,2023,2023-11-12,1610612740,1610612742,124,136
2052300025,2023,2023-11-12,1612709931,1612709913,103,108
22300180,2023,2023-11-12,1610612755,1610612754,137,126
2052300026,2023,2023-11-12,1612709893,1612709927,107,102
22300179,2023,2023-11-12,1610612746,1610612763,101,105
22300178,2023,2023-11-12,1610612751,1610612764,102,94
22300187,2023,2023-11-12,1610612747,1610612757,116,110
22300186,2023,2023-11-12,1610612744,1610612750,110,116
22300185,2023,2023-11-12,1610612756,1610612760,99,111
2052300021,2023,2023-11-12,1612709920,1612709929,101,118
22300184,2023,2023-11-12,1610612759,1610612748,113,118
22300182,2023,2023-11-12,1610612745,1610612743,107,104
2052300024,2023,2023-11-12,1612709890,1612709925,136,116
2052300022,2023,2023-11-12,1612709917,1612709932,99,112
22300181,2023,2023-11-12,1610612741,1610612765,119,108
22300177,2023,2023-11-12,1610612752,1610612766,129,107
2052300023,2023,2023-11-12,1612709919,1612709915,125,107
2052300020,2023,2023-11-11,1612709902,1612709903,129,115
22300176,2023,2023-11-11,1610612744,1610612739,110,118
2052300014,2023,2023-11-11,1612709911,1612709923,79,104
22300175,2023,2023-11-11,1610612737,1610612748,109,117
2052300015,2023,2023-11-11,1612709926,1612709908,117,134
2052300019,2023,2023-11-11,1612709930,1612709924,87,104
22300173,2023,2023-11-11,1610612753,1610612749,112,97
22300174,2023,2023-11-11,1610612738,1610612761,117,94
2052300017,2023,2023-11-11,1612709905,1612709933,110,114
2052300018,2023,2023-11-11,1612709918,1612709889,114,110
2052300016,2023,2023-11-11,1612709904,1612709910,114,129
2052300013,2023,2023-11-11,1612709921,1612709922,91,83
2052300008,2023,2023-11-10,1612709918,1612709889,95,108
22300010,2023,2023-11-10,1610612738,1610612751,121,107
2052300005,2023,2023-11-10,1612709913,1612709890,130,90
22300009,2023,2023-11-10,1610612764,1610612766,117,124
2052300012,2023,2023-11-10,1612709905,1612709933,105,133
22300011,2023,2023-11-10,1610612745,1610612740,104,101
2052300004,2023,2023-11-10,1612709921,1612709920,123,120
2052300003,2023,2023-11-10,1612709909,1612709919,103,135
2052300007,2023,2023-11-10,1612709926,1612709908,123,117
2052300011,2023,2023-11-10,1612709902,1612709914,125,114
2052300009,2023,2023-11-10,1612709931,1612709925,108,97
22300013,2023,2023-11-10,1610612759,1610612750,110,117
22300016,2023,2023-11-10,1610612758,1610612760,105,98
22300008,2023,2023-11-10,1610612765,1610612755,106,114
22300012,2023,2023-11-10,1610612763,1610612762,121,127
2052300006,2023,2023-11-10,1612709911,1612709923,125,117
22300014,2023,2023-11-10,1610612742,1610612746,144,126
2052300010,2023,2023-11-10,1612709930,1612709924,102,109
2052300002,2023,2023-11-10,1612709893,1612709927,116,109
22300015,2023,2023-11-10,1610612756,1610612747,119,122
2052300001,2023,2023-11-10,1612709928,1612709915,137,127
22300172,2023,2023-11-09,1610612753,1610612737,119,120
22300171,2023,2023-11-09,1610612754,1610612749,126,124
22300159,2023,2023-11-08,1610612755,1610612738,106,103
22300166,2023,2023-11-08,1610612750,1610612740,122,101
22300163,2023,2023-11-08,1610612745,1610612747,128,94
22300158,2023,2023-11-08,1610612754,1610612762,134,118
22300162,2023,2023-11-08,1610612741,1610612756,115,116
22300167,2023,2023-11-08,1610612760,1610612739,128,120
22300169,2023,2023-11-08,1610612743,1610612744,108,105
22300157,2023,2023-11-08,1610612766,1610612764,116,132
22300164,2023,2023-11-08,1610612763,1610612748,102,108
22300161,2023,2023-11-08,1610612752,1610612759,126,105
22300170,2023,2023-11-08,1610612758,1610612757,121,118
22300165,2023,2023-11-08,1610612749,1610612765,120,118
22300168,2023,2023-11-08,1610612742,1610612761,116,127
22300160,2023,2023-11-08,1610612751,1610612746,100,93
22300146,2023,2023-11-06,1610612754,1610612759,152,111
22300156,2023,2023-11-06,1610612743,1610612740,134,116
22300152,2023,2023-11-06,1610612741,1610612762,130,113
22300153,2023,2023-11-06,1610612745,1610612758,122,97
22300148,2023,2023-11-06,1610612755,1610612764,146,128
22300149,2023,2023-11-06,1610612751,1610612749,125,129
22300154,2023,2023-11-06,1610612750,1610612738,114,109
22300151,2023,2023-11-06,1610612752,1610612746,111,97
22300155,2023,2023-11-06,1610612760,1610612737,126,117
22300150,2023,2023-11-06,1610612748,1610612747,108,107
22300145,2023,2023-11-06,1610612765,1610612744,109,120
22300147,2023,2023-11-06,1610612753,1610612742,102,117
22300144,2023,2023-11-05,1610612757,1610612763,100,112
22300141,2023,2023-11-05,1610612759,1610612761,116,123
22300140,2023,2023-11-05,1610612765,1610612756,106,120
22300142,2023,2023-11-05,1610612739,1610612744,115,104
22300143,2023,2023-11-05,1610612742,1610612766,124,118
22300134,2023,2023-11-04,1610612753,1610612747,120,101
22300133,2023,2023-11-04,1610612754,1610612766,124,125
22300138,2023,2023-11-04,1610612750,1610612762,123,95
22300136,2023,2023-11-04,1610612751,1610612738,114,124
22300137,2023,2023-11-04,1610612745,1610612758,107,89
22300132,2023,2023-11-04,1610612755,1610612756,112,100
22300135,2023,2023-11-04,1610612740,1610612737,105,123
22300139,2023,2023-11-04,1610612743,1610612741,123,101
22300005,2023,2023-11-03,1610612760,1610612744,139,141
22300006,2023,2023-11-03,1610612743,1610612742,125,114
22300001,2023,2023-11-03,1610612754,1610612739,121,116
22300003,2023,2023-11-03,1610612748,1610612764,121,114
22300002,2023,2023-11-03,1610612749,1610612752,110,105
22300004,2023,2023-11-03,1610612741,1610612751,107,109
22300007,2023,2023-11-03,1610612757,1610612763,115,113
22300130,2023,2023-11-02,1610612762,1610612753,113,115
22300129,2023,2023-11-02,1610612740,1610612765,125,116
22300128,2023,2023-11-02,1610612755,1610612761,114,99
22300131,2023,2023-11-02,1610612756,1610612759,121,132
22300122,2023,2023-11-01,1610612745,1610612766,128,119
22300119,2023,2023-11-01,1610612748,1610612751,105,109
22300120,2023,2023-11-01,1610612752,1610612739,89,95
22300116,2023,2023-11-01,1610612761,1610612749,130,111
22300118,2023,2023-11-01,1610612738,1610612754,155,104
22300121,2023,2023-11-01,1610612760,1610612740,106,110
22300125,2023,2023-11-01,1610612762,1610612763,133,109
22300126,2023,2023-11-01,1610612744,1610612758,102,101
22300127,2023,2023-11-01,1610612747,1610612746,130,125
22300117,2023,2023-11-01,1610612737,1610612764,130,121
22300124,2023,2023-11-01,1610612742,1610612741,114,105
22300115,2023,2023-11-01,1610612765,1610612757,101,110
22300123,2023,2023-11-01,1610612750,1610612743,110,89
22300114,2023,2023-10-31,1610612746,1610612753,118,102
22300113,2023,2023-10-31,1610612756,1610612759,114,115
22300112,2023,2023-10-31,1610612739,1610612752,91,109
22300106,2023,2023-10-30,1610612763,1610612742,110,125
22300105,2023,2023-10-30,1610612761,1610612757,91,99
22300110,2023,2023-10-30,1610612743,1610612762,110,102
22300107,2023,2023-10-30,1610612749,1610612748,122,114
22300104,2023,2023-10-30,1610612737,1610612750,127,113
22300101,2023,2023-10-30,1610612766,1610612751,121,133
22300109,2023,2023-10-30,1610612760,1610612765,124,112
22300111,2023,2023-10-30,1610612747,1610612753,106,103
22300103,2023,2023-10-30,1610612764,1610612738,107,126
22300102,2023,2023-10-30,1610612754,1610612741,105,112
22300108,2023,2023-10-30,1610612740,1610612744,102,130
22300097,2023,2023-10-29,1610612749,1610612737,110,127
22300095,2023,2023-10-29,1610612760,1610612743,95,128
22300100,2023,2023-10-29,1610612758,1610612747,132,127
22300099,2023,2023-10-29,1610612746,1610612759,123,83
22300098,2023,2023-10-29,1610612755,1610612757,126,98
22300096,2023,2023-10-29,1610612745,1610612744,95,106
22300092,2023,2023-10-28,1610612761,1610612755,107,114
22300093,2023,2023-10-28,1610612750,1610612748,106,90
22300091,2023,2023-10-28,1610612739,1610612754,113,125
22300090,2023,2023-10-28,1610612740,1610612752,96,87
22300094,2023,2023-10-28,1610612756,1610612762,126,104
22300088,2023,2023-10-28,1610612765,1610612741,118,102
22300089,2023,2023-10-28,1610612764,1610612763,113,106
22300084,2023,2023-10-27,1610612742,1610612751,125,120
22300077,2023,2023-10-27,1610612766,1610612765,99,111
22300086,2023,2023-10-27,1610612757,1610612753,97,102
22300087,2023,2023-10-27,1610612758,1610612744,114,122
22300081,2023,2023-10-27,1610612739,1610612760,105,108
22300082,2023,2023-10-27,1610612741,1610612761,104,103
22300083,2023,2023-10-27,1610612759,1610612745,126,122
22300085,2023,2023-10-27,1610612762,1610612746,120,118
22300080,2023,2023-10-27,1610612738,1610612748,119,111
22300079,2023,2023-10-27,1610612737,1610612752,120,126
22300078,2023,2023-10-27,1610612763,1610612743,104,108
22300076,2023,2023-10-26,1610612747,1610612756,100,95
22300075,2023,2023-10-26,1610612749,1610612755,118,117
22300068,2023,2023-10-25,1610612748,1610612765,103,102
22300074,2023,2023-10-25,1610612746,1610612757,123,111
22300073,2023,2023-10-25,1610612759,1610612742,119,126
22300065,2023,2023-10-25,1610612752,1610612738,104,108
22300066,2023,2023-10-25,1610612753,1610612745,116,86
22300063,2023,2023-10-25,1610612766,1610612737,116,110
22300067,2023,2023-10-25,1610612751,1610612739,113,114
22300070,2023,2023-10-25,1610612741,1610612760,104,124
22300064,2023,2023-10-25,1610612754,1610612764,143,120
22300072,2023,2023-10-25,1610612762,1610612758,114,130
22300069,2023,2023-10-25,1610612761,1610612750,97,94
22300071,2023,2023-10-25,1610612763,1610612740,104,111
22300062,2023,2023-10-24,1610612744,1610612756,104,108
22300061,2023,2023-10-24,1610612743,1610612747,119,107
12300068,2023,2023-10-20,1610612755,1610612737,120,106
12300066,2023,2023-10-20,1610612754,1610612739,109,104
12300071,2023,2023-10-20,1610612745,1610612748,110,104
12300069,2023,2023-10-20,1610612761,1610612764,134,98
12300072,2023,2023-10-20,1610612749,1610612763,124,116
12300070,2023,2023-10-20,1610612742,1610612765,114,104
12300073,2023,2023-10-20,1610612744,1610612759,117,122
12300067,2023,2023-10-20,1610612753,12325,109,76
12300064,2023,2023-10-19,1610612746,1610612743,90,103
12300063,2023,2023-10-19,1610612747,1610612756,100,123
12300065,2023,2023-10-19,1610612758,1610612762,116,113
12300061,2023,2023-10-19,1610612741,1610612750,105,114
12300062,2023,2023-10-19,1610612760,1610612765,116,118
12300060,2023,2023-10-19,1610612766,1610612738,99,127
12300056,2023,2023-10-18,1610612748,1610612751,104,107
12300058,2023,2023-10-18,1610612759,1610612745,117,103
12300059,2023,2023-10-18,1610612744,1610612758,116,115
12300057,2023,2023-10-18,1610612752,1610612764,106,131
12300054,2023,2023-10-17,1610612750,50009,138,111
12300050,2023,2023-10-17,1610612753,1610612740,92,104
12300053,2023,2023-10-17,1610612760,1610612749,124,101
12300052,2023,2023-10-17,1610612741,1610612761,102,106
12300051,2023,2023-10-17,1610612738,1610612752,123,110
12300055,2023,2023-10-17,1610612746,1610612743,116,103
12300046,2023,2023-10-16,1610612751,1610612755,119,127
12300049,2023,2023-10-16,1610612756,1610612757,117,106
12300047,2023,2023-10-16,1610612759,1610612745,89,99
12300045,2023,2023-10-16,1610612739,50009,120,89
12300044,2023,2023-10-16,1610612754,1610612737,116,112
12300048,2023,2023-10-16,1610612762,15020,114,94
12300040,2023,2023-10-15,1610612761,15022,134,93
12300041,2023,2023-10-15,1610612747,1610612749,97,108
12300038,2023,2023-10-15,1610612766,1610612760,117,115
12300039,2023,2023-10-15,1610612748,1610612763,132,124
12300043,2023,2023-10-15,1610612758,1610612744,115,121
12300042,2023,2023-10-15,1610612743,1610612741,116,102
12300037,2023,2023-10-14,1610612762,1610612757,138,133
12300036,2023,2023-10-14,1610612752,1610612750,112,121
12300035,2023,2023-10-14,1610612737,1610612740,110,105
12300034,2023,2023-10-13,1610612747,1610612744,125,129
12300033,2023,2023-10-13,1610612759,1610612748,120,104
12300029,2023,2023-10-12,1610612751,50009,135,103
12300031,2023,2023-10-12,1610612740,1610612745,87,120
12300032,2023,2023-10-12,1610612757,1610612756,111,122
12300027,2023,2023-10-12,1610612760,1610612765,125,128
12300025,2023,2023-10-12,1610612764,1610612766,98,92
12300030,2023,2023-10-12,1610612741,1610612743,133,124
12300028,2023,2023-10-12,1610612737,1610612763,103,102
12300026,2023,2023-10-12,1610612739,1610612753,105,108
12300024,2023,2023-10-11,1610612747,1610612758,109,101
12300023,2023,2023-10-11,1610612755,1610612738,101,112
12300016,2023,2023-10-10,1610612748,1610612766,113,109
12300020,2023,2023-10-10,1610612746,1610612762,103,98
12300014,2023,2023-10-10,1610612764,15022,145,82
12300015,2023,2023-10-10,1610612737,1610612739,108,107
12300019,2023,2023-10-10,1610612740,1610612753,105,122
12300021,2023,2023-10-10,1610612756,1610612743,107,115
12300013,2023,2023-10-10,12315,1610612742,127,123
12300017,2023,2023-10-10,1610612745,1610612754,122,103
12300018,2023,2023-10-10,1610612763,1610612749,108,102
12300022,2023,2023-10-10,1610612757,15020,106,66
12300010,2023,2023-10-09,1610612752,1610612738,114,107
12300011,2023,2023-10-09,1610612760,1610612759,122,121
12300012,2023,2023-10-09,1610612747,1610612751,129,126
12300008,2023,2023-10-08,1610612761,1610612758,112,99
12300006,2023,2023-10-08,1610612738,1610612755,114,106
12300007,2023,2023-10-08,1610612763,1610612754,127,122
12300009,2023,2023-10-08,1610612746,1610612762,96,101
12300005,2023,2023-10-08,1610612765,1610612756,126,130
12300004,2023,2023-10-08,1610612749,1610612741,105,102
12300002,2023,2023-10-07,1610612742,1610612750,96,104
12300003,2023,2023-10-07,1610612744,1610612747,125,108
12300001,2023,2023-10-05,1610612750,1610612742,111,99
2012300002,2023,2023-09-08,1612709930,104,112,127
2012300001,2023,2023-09-06,1612709930,104,124,105
42200405,2022,2023-06-12,1610612743,1610612748,94,89
42200404,2022,2023-06-09,1610612748,1610612743,95,108
42200403,2022,2023-06-07,1610612748,1610612743,94,109
42200402,2022,2023-06-04,1610612743,1610612748,108,111
42200401,2022,2023-06-01,1610612743,1610612748,104,93
42200307,2022,2023-05-29,1610612738,1610612748,84,103
42200306,2022,2023-05-27,1610612748,1610612738,103,104
42200305,2022,2023-05-25,1610612738,1610612748,110,97
42200304,2022,2023-05-23,1610612748,1610612738,99,116
42200314,2022,2023-05-22,1610612747,1610612743,111,113
42200303,2022,2023-05-21,1610612748,1610612738,128,102
42200313,2022,2023-05-20,1610612747,1610612743,108,119
42200302,2022,2023-05-19,1610612738,1610612748,105,111
42200312,2022,2023-05-18,1610612743,1610612747,108,103
42200301,2022,2023-05-17,1610612738,1610612748,116,123
42200311,2022,2023-05-16,1610612743,1610612747,132,126
42200217,2022,2023-05-14,1610612738,1610612755,112,88
42200206,2022,2023-05-12,1610612748,1610612752,96,92
42200236,2022,2023-05-12,1610612747,1610612744,122,101
42200226,2022,2023-05-11,1610612756,1610612743,100,125
42200216,2022,2023-05-11,1610612755,1610612738,86,95
42200235,2022,2023-05-10,1610612744,1610612747,121,106
42200205,2022,2023-05-10,1610612752,1610612748,112,103
42200215,2022,2023-05-09,1610612738,1610612755,103,115
42200225,2022,2023-05-09,1610612743,1610612756,118,102
42200234,2022,2023-05-08,1610612747,1610612744,104,101
42200204,2022,2023-05-08,1610612748,1610612752,109,101
42200214,2022,2023-05-07,1610612755,1610612738,116,115
42200224,2022,2023-05-07,1610612756,1610612743,129,124
42200233,2022,2023-05-06,1610612747,1610612744,127,97
42200203,2022,2023-05-06,1610612748,1610612752,105,86
42200223,2022,2023-05-05,1610612756,1610612743,121,114
42200213,2022,2023-05-05,1610612755,1610612738,102,114
42200232,2022,2023-05-04,1610612744,1610612747,127,100
42200212,2022,2023-05-03,1610612738,1610612755,121,87
42200231,2022,2023-05-02,1610612744,1610612747,112,117
42200202,2022,2023-05-02,1610612752,1610612748,111,105
42200211,2022,2023-05-01,1610612738,1610612755,115,119
42200222,2022,2023-05-01,1610612743,1610612756,97,87
42200167,2022,2023-04-30,1610612758,1610612744,100,120
42200201,2022,2023-04-30,1610612752,1610612748,101,108
42200221,2022,2023-04-29,1610612743,1610612756,125,107
42200156,2022,2023-04-28,1610612747,1610612763,125,85
42200166,2022,2023-04-28,1610612744,1610612758,99,118
42200116,2022,2023-04-27,1610612737,1610612738,120,128
42200135,2022,2023-04-26,1610612739,1610612752,95,106
42200105,2022,2023-04-26,1610612749,1610612748,126,128
42200165,2022,2023-04-26,1610612758,1610612744,116,123
42200155,2022,2023-04-26,1610612763,1610612747,116,99
42200175,2022,2023-04-25,1610612756,1610612746,136,130
42200115,2022,2023-04-25,1610612738,1610612737,117,119
42200145,2022,2023-04-25,1610612743,1610612750,112,109
42200154,2022,2023-04-24,1610612747,1610612763,117,111
42200104,2022,2023-04-24,1610612748,1610612749,119,114
42200164,2022,2023-04-23,1610612744,1610612758,126,125
42200114,2022,2023-04-23,1610612737,1610612738,121,129
42200144,2022,2023-04-23,1610612750,1610612743,114,108
42200134,2022,2023-04-23,1610612752,1610612739,102,93
42200153,2022,2023-04-22,1610612747,1610612763,111,101
42200124,2022,2023-04-22,1610612751,1610612755,88,96
42200174,2022,2023-04-22,1610612746,1610612756,100,112
42200103,2022,2023-04-22,1610612748,1610612749,121,99
42200113,2022,2023-04-21,1610612737,1610612738,130,122
42200143,2022,2023-04-21,1610612750,1610612743,111,120
42200133,2022,2023-04-21,1610612752,1610612739,99,79
42200123,2022,2023-04-20,1610612751,1610612755,97,102
42200173,2022,2023-04-20,1610612746,1610612756,124,129
42200163,2022,2023-04-20,1610612744,1610612758,114,97
42200102,2022,2023-04-19,1610612749,1610612748,138,122
42200142,2022,2023-04-19,1610612743,1610612750,122,113
42200152,2022,2023-04-19,1610612763,1610612747,103,93
42200172,2022,2023-04-18,1610612756,1610612746,123,109
42200132,2022,2023-04-18,1610612739,1610612752,107,90
42200112,2022,2023-04-18,1610612738,1610612737,119,106
42200122,2022,2023-04-17,1610612755,1610612751,96,84
42200162,2022,2023-04-17,1610612758,1610612744,114,106
42200151,2022,2023-04-16,1610612763,1610612747,112,128
42200101,2022,2023-04-16,1610612749,1610612748,117,130
42200141,2022,2023-04-16,1610612743,1610612750,109,80
42200171,2022,2023-04-16,1610612756,1610612746,110,115
42200131,2022,2023-04-15,1610612739,1610612752,97,101
42200121,2022,2023-04-15,1610612755,1610612751,121,101
42200111,2022,2023-04-15,1610612738,1610612737,112,99
42200161,2022,2023-04-15,1610612758,1610612744,126,123
52200211,2022,2023-04-14,1610612750,1610612760,120,95
52200201,2022,2023-04-14,1610612748,1610612741,102,91
52200111,2022,2023-04-12,1610612761,1610612741,105,109
52200131,2022,2023-04-12,1610612740,1610612760,118,123
52200101,2022,2023-04-11,1610612748,1610612737,105,116
52200121,2022,2023-04-11,1610612747,1610612750,108,102
22201221,2022,2023-04-09,1610612761,1610612749,121,105
22201230,2022,2023-04-09,1610612757,1610612744,101,157
22201228,2022,2023-04-09,1610612747,1610612762,128,117
22201218,2022,2023-04-09,1610612739,1610612766,95,106
22201216,2022,2023-04-09,1610612738,1610612737,120,114
22201222,2022,2023-04-09,1610612764,1610612745,109,114
22201225,2022,2023-04-09,1610612750,1610612740,113,108
22201220,2022,2023-04-09,1610612752,1610612754,136,141
22201226,2022,2023-04-09,1610612760,1610612763,115,100
22201224,2022,2023-04-09,1610612742,1610612759,117,138
22201223,2022,2023-04-09,1610612741,1610612765,103,81
22201219,2022,2023-04-09,1610612748,1610612753,123,110
22201227,2022,2023-04-09,1610612743,1610612758,109,95
22201217,2022,2023-04-09,1610612751,1610612755,105,134
22201229,2022,2023-04-09,1610612756,1610612746,114,119
22201215,2022,2023-04-08,1610612746,1610612757,136,125
22201213,2022,2023-04-08,1610612762,1610612743,118,114
22201214,2022,2023-04-08,1610612759,1610612750,131,151
22201205,2022,2023-04-07,1610612737,1610612755,131,136
22201209,2022,2023-04-07,1610612740,1610612752,113,105
22201210,2022,2023-04-07,1610612742,1610612741,112,115
22201202,2022,2023-04-07,1610612766,1610612745,109,112
22201206,2022,2023-04-07,1610612738,1610612761,121,102
22201204,2022,2023-04-07,1610612764,1610612748,114,108
22201212,2022,2023-04-07,1610612747,1610612756,121,107
22201207,2022,2023-04-07,1610612751,1610612753,101,84
22201208,2022,2023-04-07,1610612749,1610612763,114,137
22201203,2022,2023-04-07,1610612754,1610612765,115,122
22201211,2022,2023-04-07,1610612758,1610612744,97,119
22201198,2022,2023-04-06,1610612755,1610612748,101,129
22201197,2022,2023-04-06,1610612753,1610612739,94,118
22201201,2022,2023-04-06,1610612756,1610612743,119,115
22201199,2022,2023-04-06,1610612759,1610612757,129,127
2042200402,2022,2023-04-06,1612709908,1612709909,110,114
22201200,2022,2023-04-06,1610612762,1610612760,98,114
22201193,2022,2023-04-05,1610612749,1610612741,105,92
22201191,2022,2023-04-05,1610612737,1610612764,134,116
22201189,2022,2023-04-05,1610612765,1610612751,108,123
22201194,2022,2023-04-05,1610612740,1610612763,138,131
22201190,2022,2023-04-05,1610612754,1610612752,129,138
22201196,2022,2023-04-05,1610612746,1610612747,125,118
22201195,2022,2023-04-05,1610612742,1610612758,123,119
22201192,2022,2023-04-05,1610612738,1610612761,97,93
22201181,2022,2023-04-04,1610612755,1610612738,103,101
22201178,2022,2023-04-04,1610612753,1610612739,113,117
22201176,2022,2023-04-04,1610612766,1610612761,100,120
22201188,2022,2023-04-04,1610612756,1610612759,115,94
22201177,2022,2023-04-04,1610612765,1610612748,105,118
22201187,2022,2023-04-04,1610612744,1610612760,136,125
22201183,2022,2023-04-04,1610612745,1610612743,124,103
2042200401,2022,2023-04-04,1612709909,1612709908,134,120
22201186,2022,2023-04-04,1610612762,1610612747,133,135
22201182,2022,2023-04-04,1610612741,1610612737,105,123
22201179,2022,2023-04-04,1610612764,1610612749,128,140
22201180,2022,2023-04-04,1610612751,1610612750,102,107
22201185,2022,2023-04-04,1610612740,1610612758,103,121
22201184,2022,2023-04-04,1610612763,1610612757,119,109
22201171,2022,2023-04-02,1610612745,1610612747,109,134
22201173,2022,2023-04-02,1610612739,1610612754,115,105
2042200301,2022,2023-04-02,1612709904,1612709908,105,110
22201170,2022,2023-04-02,1610612758,1610612759,134,142
22201163,2022,2023-04-02,1610612766,1610612761,108,128
22201166,2022,2023-04-02,1610612750,1610612757,105,107
2042200311,2022,2023-04-02,1612709921,1612709909,94,108
22201164,2022,2023-04-02,1610612751,1610612762,111,110
22201167,2022,2023-04-02,1610612737,1610612742,132,130
22201174,2022,2023-04-02,1610612749,1610612755,117,104
22201165,2022,2023-04-02,1610612741,1610612763,128,107
22201169,2022,2023-04-02,1610612753,1610612765,128,102
22201175,2022,2023-04-02,1610612743,1610612744,112,110
22201168,2022,2023-04-02,1610612752,1610612764,118,109
22201172,2022,2023-04-02,1610612760,1610612756,118,128
22201162,2022,2023-04-01,1610612740,1610612746,122,114
22201161,2022,2023-04-01,1610612748,1610612742,129,122
22201151,2022,2023-03-31,1610612764,1610612753,109,116
22201149,2022,2023-03-31,1610612754,1610612760,121,117
22201155,2022,2023-03-31,1610612745,1610612765,121,115
22201152,2022,2023-03-31,1610612738,1610612762,122,114
22201158,2022,2023-03-31,1610612744,1610612759,130,115
2042200201,2022,2023-03-31,1612709921,1612709893,111,107
22201153,2022,2023-03-31,1610612751,1610612737,124,107
22201159,2022,2023-03-31,1610612757,1610612758,114,138
22201150,2022,2023-03-31,1610612755,1610612761,117,110
2042200231,2022,2023-03-31,1612709926,1612709908,108,110
22201157,2022,2023-03-31,1610612750,1610612747,111,123
22201156,2022,2023-03-31,1610612763,1610612746,108,94
22201160,2022,2023-03-31,1610612756,1610612743,100,93
22201154,2022,2023-03-31,1610612739,1610612752,116,130
22201148,2022,2023-03-31,1610612766,1610612741,91,121
22201147,2022,2023-03-30,1610612743,1610612740,88,107
22201146,2022,2023-03-30,1610612749,1610612738,99,140
2042200221,2022,2023-03-30,1612709914,1612709904,97,98
2042200211,2022,2023-03-30,1612709909,1612709928,104,99
2042200121,2022,2023-03-29,1612709905,1612709908,122,124
22201140,2022,2023-03-29,1610612741,1610612747,110,121
22201138,2022,2023-03-29,1610612752,1610612748,101,92
22201142,2022,2023-03-29,1610612760,1610612765,107,106
22201139,2022,2023-03-29,1610612755,1610612742,116,108
22201136,2022,2023-03-29,1610612754,1610612749,136,149
22201143,2022,2023-03-29,1610612759,1610612762,117,128
22201141,2022,2023-03-29,1610612763,1610612746,132,141
22201145,2022,2023-03-29,1610612757,1610612758,80,120
2042200111,2022,2023-03-29,1612709915,1612709893,100,113
22201144,2022,2023-03-29,1610612756,1610612750,107,100
22201137,2022,2023-03-29,1610612751,1610612745,123,114
22201133,2022,2023-03-28,1610612763,1610612753,113,108
22201135,2022,2023-03-28,1610612744,1610612740,120,109
22201132,2022,2023-03-28,1610612761,1610612748,106,92
22201131,2022,2023-03-28,1610612737,1610612739,120,118
22201134,2022,2023-03-28,1610612760,1610612766,134,137
2042200101,2022,2023-03-28,1612709928,1612709910,101,87
22201130,2022,2023-03-28,1610612764,1610612738,130,111
2042200131,2022,2023-03-28,1612709903,1612709904,107,115
22201129,2022,2023-03-27,1610612746,1610612741,124,112
22201128,2022,2023-03-27,1610612758,1610612750,115,119
22201127,2022,2023-03-27,1610612757,1610612740,90,124
22201126,2022,2023-03-27,1610612743,1610612755,116,111
22201122,2022,2023-03-27,1610612765,1610612749,117,126
22201124,2022,2023-03-27,1610612752,1610612745,137,115
22201125,2022,2023-03-27,1610612762,1610612756,103,117
22201123,2022,2023-03-27,1610612754,1610612742,104,127
22201114,2022,2023-03-26,1610612747,1610612741,108,118
22201116,2022,2023-03-26,1610612738,1610612759,137,93
22201113,2022,2023-03-26,1610612766,1610612742,110,104
22201121,2022,2023-03-26,1610612744,1610612750,96,99
22201120,2022,2023-03-26,1610612757,1610612760,112,118
22201118,2022,2023-03-26,1610612753,1610612751,119,106
22201115,2022,2023-03-26,1610612737,1610612763,119,123
22201119,2022,2023-03-26,1610612761,1610612764,114,104
22201117,2022,2023-03-26,1610612739,1610612745,108,91
22201111,2022,2023-03-25,1610612758,1610612762,121,113
2022200478,2022,2023-03-25,1612709905,1612709930,120,96
2022200477,2022,2023-03-25,1612709904,1612709926,116,88
22201108,2022,2023-03-25,1610612748,1610612751,100,129
2022200474,2022,2023-03-25,1612709928,1612709919,114,105
2022200480,2022,2023-03-25,1612709902,1612709918,134,111
22201112,2022,2023-03-25,1610612746,1610612740,110,131
2022200473,2022,2023-03-25,1612709909,1612709910,121,125
2022200472,2022,2023-03-25,1612709922,1612709920,126,137
22201109,2022,2023-03-25,1610612743,1610612749,129,106
22201110,2022,2023-03-25,1610612756,1610612755,125,105
2022200479,2022,2023-03-25,1612709908,1612709921,135,116
2022200476,2022,2023-03-25,1612709911,1612709925,121,133
2022200475,2022,2023-03-25,1612709913,1612709929,122,120
22201107,2022,2023-03-25,1610612737,1610612754,143,130
2022200467,2022,2023-03-24,1612709909,1612709910,110,114
22201101,2022,2023-03-24,1610612742,1610612766,109,117
22201105,2022,2023-03-24,1610612758,1610612756,135,127
22201102,2022,2023-03-24,1610612762,1610612749,116,144
2022200470,2022,2023-03-24,1612709904,1612709926,119,105
22201103,2022,2023-03-24,1610612744,1610612755,120,112
22201098,2022,2023-03-24,1610612764,1610612759,136,124
22201106,2022,2023-03-24,1610612747,1610612760,116,111
2022200471,2022,2023-03-24,1612709914,1612709931,116,104
22201099,2022,2023-03-24,1610612761,1610612765,118,97
22201100,2022,2023-03-24,1610612763,1610612745,151,114
22201097,2022,2023-03-24,1610612738,1610612754,120,95
22201104,2022,2023-03-24,1610612757,1610612741,96,124
2022200468,2022,2023-03-24,1612709922,1612709920,118,116
2022200469,2022,2023-03-24,1612709932,1612709893,106,113
2022200458,2022,2023-03-23,1612709928,1612709927,114,104
2022200461,2022,2023-03-23,1612709915,1612709919,110,97
22201095,2022,2023-03-23,1610612740,1610612766,115,96
2022200463,2022,2023-03-23,1612709923,1612709929,126,115
2022200465,2022,2023-03-23,1612709930,1612709889,94,100
2022200466,2022,2023-03-23,1612709924,1612709918,128,125
2022200459,2022,2023-03-23,1612709893,1612709917,108,101
2022200460,2022,2023-03-23,1612709925,1612709921,115,113
2022200462,2022,2023-03-23,1612709908,1612709902,121,111
22201093,2022,2023-03-23,1610612753,1610612752,111,106
22201094,2022,2023-03-23,1610612751,1610612739,114,116
22201096,2022,2023-03-23,1610612746,1610612760,127,105
2022200464,2022,2023-03-23,1612709903,1612709890,134,107
2022200457,2022,2023-03-22,1612709914,1612709931,117,115
22201090,2022,2023-03-22,1610612750,1610612737,125,124
22201084,2022,2023-03-22,1610612748,1610612752,127,120
22201088,2022,2023-03-22,1610612763,1610612745,130,125
22201087,2022,2023-03-22,1610612741,1610612755,91,116
22201085,2022,2023-03-22,1610612761,1610612754,114,118
2022200455,2022,2023-03-22,1612709911,1612709913,139,131
2022200456,2022,2023-03-22,1612709924,1612709926,96,98
22201092,2022,2023-03-22,1610612747,1610612756,122,111
22201091,2022,2023-03-22,1610612762,1610612757,115,127
22201089,2022,2023-03-22,1610612749,1610612759,130,94
22201086,2022,2023-03-22,1610612742,1610612744,125,127
22201083,2022,2023-03-22,1610612764,1610612743,104,118
22201077,2022,2023-03-21,1610612753,1610612764,122,112
2022200449,2022,2023-03-21,1612709927,1612709917,129,114
22201080,2022,2023-03-21,1610612740,1610612759,119,84
2022200450,2022,2023-03-21,1612709920,1612709929,111,104
2022200448,2022,2023-03-21,1612709925,1612709921,112,118
22201082,2022,2023-03-21,1610612746,1610612760,100,101
2022200453,2022,2023-03-21,1612709903,1612709890,101,93
2022200452,2022,2023-03-21,1612709923,1612709915,89,93
2022200447,2022,2023-03-21,1612709922,1612709928,116,129
22201079,2022,2023-03-21,1610612751,1610612739,109,115
22201078,2022,2023-03-21,1610612737,1610612765,129,107
2022200454,2022,2023-03-21,1612709905,1612709889,115,132
22201081,2022,2023-03-21,1610612758,1610612738,109,132
2022200451,2022,2023-03-21,1612709908,1612709902,119,126
22201076,2022,2023-03-20,1610612762,1610612758,128,120
22201074,2022,2023-03-20,1610612745,1610612744,108,121
22201073,2022,2023-03-20,1610612752,1610612750,134,140
22201072,2022,2023-03-20,1610612755,1610612741,105,109
2022200446,2022,2023-03-20,1612709924,1612709926,101,108
2022200444,2022,2023-03-20,1612709932,1612709919,122,93
2022200445,2022,2023-03-20,1612709931,1612709913,98,111
22201071,2022,2023-03-20,1610612766,1610612754,115,109
22201075,2022,2023-03-20,1610612763,1610612742,112,108
2022200442,2022,2023-03-19,1612709914,1612709930,120,90
22201067,2022,2023-03-19,1610612745,1610612740,107,117
2022200439,2022,2023-03-19,1612709923,1612709915,114,93
22201069,2022,2023-03-19,1610612757,1610612746,102,117
2022200441,2022,2023-03-19,1612709903,1612709905,121,114
2022200443,2022,2023-03-19,1612709931,1612709913,124,115
2022200438,2022,2023-03-19,1612709910,1612709927,128,114
22201070,2022,2023-03-19,1610612747,1610612753,111,105
22201063,2022,2023-03-19,1610612751,1610612743,102,108
22201066,2022,2023-03-19,1610612765,1610612748,100,112
2022200440,2022,2023-03-19,1612709918,1612709889,107,122
22201065,2022,2023-03-19,1610612759,1610612737,126,118
22201068,2022,2023-03-19,1610612749,1610612761,118,111
22201064,2022,2023-03-19,1610612760,1610612756,124,120
2022200433,2022,2023-03-18,1612709893,1612709921,108,100
22201058,2022,2023-03-18,1610612761,1610612750,122,107
2022200431,2022,2023-03-18,1612709923,1612709909,119,112
22201059,2022,2023-03-18,1610612764,1610612758,118,132
22201056,2022,2023-03-18,1610612746,1610612753,108,113
22201061,2022,2023-03-18,1610612763,1610612744,133,119
2022200435,2022,2023-03-18,1612709926,1612709908,114,87
2022200437,2022,2023-03-18,1612709902,1612709911,132,112
22201060,2022,2023-03-18,1610612741,1610612748,113,99
22201057,2022,2023-03-18,1610612754,1610612755,121,141
2022200434,2022,2023-03-18,1612709890,1612709922,124,127
22201062,2022,2023-03-18,1610612762,1610612738,118,117
2022200430,2022,2023-03-18,1612709932,1612709919,122,112
2022200436,2022,2023-03-18,1612709914,1612709904,119,144
22201055,2022,2023-03-18,1610612752,1610612743,116,110
2022200429,2022,2023-03-18,1612709920,1612709925,111,112
2022200432,2022,2023-03-18,1612709929,1612709917,93,102
22201047,2022,2023-03-17,1610612766,1610612755,82,121
2022200425,2022,2023-03-17,1612709929,1612709917,132,126
2022200427,2022,2023-03-17,1612709927,1612709915,118,116
2022200423,2022,2023-03-17,1612709893,1612709921,122,115
22201052,2022,2023-03-17,1610612759,1610612763,120,126
22201048,2022,2023-03-17,1610612737,1610612744,127,119
2022200424,2022,2023-03-17,1612709928,1612709918,140,91
2022200426,2022,2023-03-17,1612709926,1612709908,103,128
2022200428,2022,2023-03-17,1612709902,1612709911,127,119
22201054,2022,2023-03-17,1610612747,1610612742,110,111
22201051,2022,2023-03-17,1610612745,1610612740,114,112
22201053,2022,2023-03-17,1610612757,1610612738,112,126
22201049,2022,2023-03-17,1610612739,1610612764,117,94
22201050,2022,2023-03-17,1610612741,1610612750,139,131
22201045,2022,2023-03-16,1610612749,1610612754,123,139
22201043,2022,2023-03-16,1610612751,1610612758,96,101
2022200418,2022,2023-03-16,1612709920,1612709925,102,124
22201042,2022,2023-03-16,1610612765,1610612743,100,119
22201044,2022,2023-03-16,1610612761,1610612760,128,111
22201046,2022,2023-03-16,1610612756,1610612753,116,113
2022200421,2022,2023-03-16,1612709890,1612709905,121,123
2022200420,2022,2023-03-16,1612709919,1612709910,108,117
2022200419,2022,2023-03-16,1612709922,1612709931,118,107
2022200422,2022,2023-03-16,1612709930,1612709904,114,132
2022200417,2022,2023-03-16,1612709909,1612709918,129,132
22201035,2022,2023-03-15,1610612739,1610612755,109,118
2022200414,2022,2023-03-15,1612709890,1612709905,96,132
2022200410,2022,2023-03-15,1612709922,1612709931,116,122
2022200413,2022,2023-03-15,1612709923,1612709926,112,116
22201038,2022,2023-03-15,1610612745,1610612747,114,110
2022200415,2022,2023-03-15,1612709930,1612709904,116,120
22201037,2022,2023-03-15,1610612741,1610612758,114,117
2022200416,2022,2023-03-15,1612709902,1612709903,132,129
22201039,2022,2023-03-15,1610612750,1610612738,102,104
2022200409,2022,2023-03-15,1612709932,1612709893,122,110
22201040,2022,2023-03-15,1610612759,1610612742,128,137
22201036,2022,2023-03-15,1610612748,1610612763,138,119
2022200411,2022,2023-03-15,1612709927,1612709915,114,119
22201041,2022,2023-03-15,1610612746,1610612744,134,126
2022200412,2022,2023-03-15,1612709889,1612709924,105,114
22201028,2022,2023-03-14,1610612764,1610612765,117,97
2022200406,2022,2023-03-14,1612709909,1612709918,148,116
22201030,2022,2023-03-14,1610612740,1610612747,108,123
2022200407,2022,2023-03-14,1612709917,1612709920,113,109
2022200408,2022,2023-03-14,1612709921,1612709910,114,125
22201034,2022,2023-03-14,1610612757,1610612752,107,123
22201031,2022,2023-03-14,1610612760,1610612751,121,107
22201027,2022,2023-03-14,1610612766,1610612739,104,120
2022200385,2022,2023-03-14,1612709914,1612709919,135,123
22201033,2022,2023-03-14,1610612756,1610612749,104,116
22201029,2022,2023-03-14,1610612761,1610612743,125,110
22201032,2022,2023-03-14,1610612759,1610612753,132,114
22201020,2022,2023-03-13,1610612765,1610612754,117,97
2022200401,2022,2023-03-13,1612709925,1612709928,85,109
2022200404,2022,2023-03-13,1612709889,1612709924,101,97
22201023,2022,2023-03-13,1610612742,1610612763,88,104
22201024,2022,2023-03-13,1610612745,1610612738,111,109
22201021,2022,2023-03-13,1610612737,1610612750,115,136
2022200402,2022,2023-03-13,1612709927,1612709926,108,126
22201025,2022,2023-03-13,1610612744,1610612756,123,112
22201022,2022,2023-03-13,1610612748,1610612762,119,115
22201026,2022,2023-03-13,1610612758,1610612749,124,133
2022200405,2022,2023-03-13,1612709903,1612709914,125,138
2022200403,2022,2023-03-13,1612709911,1612709913,97,124
2022200398,2022,2023-03-12,1612709904,1612709890,124,108
22201014,2022,2023-03-12,1610612743,1610612751,120,122
22201016,2022,2023-03-12,1610612755,1610612764,112,93
22201015,2022,2023-03-12,1610612766,1610612739,108,114
2022200397,2022,2023-03-12,1612709925,1612709928,119,95
22201017,2022,2023-03-12,1610612740,1610612757,127,110
2022200400,2022,2023-03-12,1612709931,1612709923,105,112
2022200395,2022,2023-03-12,1612709915,1612709921,121,112
2022200396,2022,2023-03-12,1612709917,1612709920,119,121
22201018,2022,2023-03-12,1610612759,1610612760,90,102
2022200399,2022,2023-03-12,1612709918,1612709930,82,99
22201019,2022,2023-03-12,1610612747,1610612752,108,112
22201006,2022,2023-03-11,1610612765,1610612754,115,121
22201013,2022,2023-03-11,1610612756,1610612758,119,128
2022200390,2022,2023-03-11,1612709893,1612709924,100,103
22201010,2022,2023-03-11,1610612763,1610612742,112,108
22201011,2022,2023-03-11,1610612740,1610612760,96,110
22201005,2022,2023-03-11,1610612766,1610612762,111,119
2022200392,2022,2023-03-11,1612709905,1612709914,109,118
22201008,2022,2023-03-11,1610612737,1610612738,125,134
2022200394,2022,2023-03-11,1612709902,1612709919,114,108
22201004,2022,2023-03-11,1610612746,1610612752,106,95
2022200393,2022,2023-03-11,1612709908,1612709911,123,115
2022200389,2022,2023-03-11,1612709909,1612709929,116,137
22201012,2022,2023-03-11,1610612744,1610612749,125,116
22201007,2022,2023-03-11,1610612753,1610612748,126,114
22201009,2022,2023-03-11,1610612745,1610612741,111,119
2022200391,2022,2023-03-11,1612709910,1612709932,102,132
22201002,2022,2023-03-10,1610612759,1610612743,128,120
22200999,2022,2023-03-10,1610612764,1610612737,107,114
22201001,2022,2023-03-10,1610612750,1610612751,123,124
2022200387,2022,2023-03-10,1612709889,1612709903,110,112
22201000,2022,2023-03-10,1610612748,1610612739,119,115
2022200386,2022,2023-03-10,1612709893,1612709924,102,117
22201003,2022,2023-03-10,1610612747,1610612761,122,112
2022200388,2022,2023-03-10,1612709890,1612709922,125,110
22200998,2022,2023-03-10,1610612755,1610612757,120,119
22200993,2022,2023-03-09,1610612754,1610612745,134,125
2022200378,2022,2023-03-09,1612709910,1612709932,116,119
22200992,2022,2023-03-09,1610612765,1610612766,103,113
22200997,2022,2023-03-09,1610612758,1610612752,122,117
2022200384,2022,2023-03-09,1612709918,1612709923,110,135
2022200377,2022,2023-03-09,1612709925,1612709927,131,132
2022200381,2022,2023-03-09,1612709920,1612709909,112,127
2022200379,2022,2023-03-09,1612709929,1612709930,113,130
22200995,2022,2023-03-09,1610612749,1610612751,118,113
2022200382,2022,2023-03-09,1612709913,1612709902,126,124
2022200380,2022,2023-03-09,1612709915,1612709921,108,115
22200996,2022,2023-03-09,1610612763,1610612744,131,110
2022200383,2022,2023-03-09,1612709908,1612709911,128,117
22200994,2022,2023-03-09,1610612753,1610612762,124,131
2022200376,2022,2023-03-08,1612709905,1612709904,127,125
2022200375,2022,2023-03-08,1612709908,1612709922,116,110
2022200373,2022,2023-03-08,1612709920,1612709909,97,112
2022200374,2022,2023-03-08,1612709918,1612709923,110,122
2022200372,2022,2023-03-08,1612709929,1612709930,131,105
2022200371,2022,2023-03-08,1612709889,1612709903,95,108
22200988,2022,2023-03-08,1610612740,1610612742,113,106
22200989,2022,2023-03-08,1610612743,1610612741,96,117
22200991,2022,2023-03-08,1610612746,1610612761,108,100
22200987,2022,2023-03-08,1610612748,1610612739,100,104
22200990,2022,2023-03-08,1610612756,1610612760,132,101
22200985,2022,2023-03-08,1610612764,1610612737,120,122
22200986,2022,2023-03-08,1610612738,1610612757,115,93
22200984,2022,2023-03-07,1610612747,1610612763,112,103
22200769,2022,2023-03-07,1610612765,1610612764,117,119
2022200367,2022,2023-03-07,1612709913,1612709902,127,112
22200981,2022,2023-03-07,1610612745,1610612751,96,118
22200983,2022,2023-03-07,1610612742,1610612762,120,116
2022200368,2022,2023-03-07,1612709917,1612709924,88,106
2022200369,2022,2023-03-07,1612709914,1612709919,121,104
22200978,2022,2023-03-07,1610612753,1610612749,123,134
2022200370,2022,2023-03-07,1612709925,1612709927,116,111
2022200366,2022,2023-03-07,1612709921,1612709932,114,102
22200979,2022,2023-03-07,1610612752,1610612766,105,112
22200982,2022,2023-03-07,1610612760,1610612744,137,128
22200980,2022,2023-03-07,1610612750,1610612755,94,117
22200977,2022,2023-03-06,1610612765,1610612757,104,110
2022200365,2022,2023-03-06,1612709905,1612709904,133,135
22200975,2022,2023-03-06,1610612743,1610612761,118,113
22200971,2022,2023-03-06,1610612739,1610612738,118,114
2022200364,2022,2023-03-06,1612709931,1612709928,90,109
22200976,2022,2023-03-06,1610612758,1610612740,123,108
2022200363,2022,2023-03-06,1612709918,1612709903,128,134
22200972,2022,2023-03-06,1610612754,1610612755,143,147
2022200361,2022,2023-03-06,1612709920,1612709930,127,108
22200974,2022,2023-03-06,1610612748,1610612737,130,128
2022200362,2022,2023-03-06,1612709926,1612709890,112,97
22200966,2022,2023-03-05,1610612753,1610612757,119,122
2022200357,2022,2023-03-05,1612709913,1612709908,124,134
22200970,2022,2023-03-05,1610612746,1610612763,135,129
2022200360,2022,2023-03-05,1612709931,1612709928,122,107
22200969,2022,2023-03-05,1610612738,1610612752,129,131
22200967,2022,2023-03-05,1610612745,1610612759,142,110
2022200359,2022,2023-03-05,1612709924,1612709915,108,120
2022200358,2022,2023-03-05,1612709923,1612709919,120,121
22200973,2022,2023-03-05,1610612764,1610612749,111,117
22200968,2022,2023-03-05,1610612760,1610612762,129,119
22200962,2022,2023-03-05,1610612742,1610612756,126,130
22200965,2022,2023-03-05,1610612751,1610612766,102,86
2022200356,2022,2023-03-05,1612709925,1612709917,110,98
22200963,2022,2023-03-05,1610612741,1610612754,122,125
22200964,2022,2023-03-05,1610612747,1610612744,113,105
2022200350,2022,2023-03-04,1612709929,1612709922,115,100
22200959,2022,2023-03-04,1610612759,1610612745,110,122
22200957,2022,2023-03-04,1610612739,1610612765,114,90
22200960,2022,2023-03-04,1610612749,1610612755,130,133
2022200351,2022,2023-03-04,1612709926,1612709890,109,121
2022200348,2022,2023-03-04,1612709927,1612709923,102,120
22200961,2022,2023-03-04,1610612758,1610612750,134,138
22200956,2022,2023-03-04,1610612764,1610612761,109,116
2022200352,2022,2023-03-04,1612709904,1612709911,109,112
2022200355,2022,2023-03-04,1612709902,1612709893,110,127
2022200354,2022,2023-03-04,1612709914,1612709918,129,106
22200958,2022,2023-03-04,1610612748,1610612737,117,109
2022200353,2022,2023-03-04,1612709905,1612709915,114,98
2022200349,2022,2023-03-04,1612709920,1612709910,129,114
22200951,2022,2023-03-03,1610612760,1610612762,130,103
22200955,2022,2023-03-03,1610612747,1610612750,102,110
2022200345,2022,2023-03-03,1612709919,1612709909,117,122
22200947,2022,2023-03-03,1610612737,1610612757,129,111
2022200344,2022,2023-03-03,1612709889,1612709908,117,125
22200950,2022,2023-03-03,1610612741,1610612756,104,125
22200948,2022,2023-03-03,1610612738,1610612751,105,115
22200949,2022,2023-03-03,1610612748,1610612752,120,122
2022200346,2022,2023-03-03,1612709904,1612709911,128,131
2022200347,2022,2023-03-03,1612709930,1612709928,110,122
22200946,2022,2023-03-03,1610612766,1610612753,106,117
22200954,2022,2023-03-03,1610612758,1610612746,128,127
22200953,2022,2023-03-03,1610612744,1610612740,108,99
22200952,2022,2023-03-03,1610612743,1610612763,113,97
22200944,2022,2023-03-02,1610612759,1610612754,110,99
2022200338,2022,2023-03-02,1612709917,1612709932,91,103
2022200337,2022,2023-03-02,1612709929,1612709922,120,117
2022200341,2022,2023-03-02,1612709902,1612709893,115,110
22200945,2022,2023-03-02,1610612744,1610612746,115,91
2022200340,2022,2023-03-02,1612709890,1612709913,103,110
22200942,2022,2023-03-02,1610612764,1610612761,119,108
2022200343,2022,2023-03-02,1612709914,1612709918,127,100
2022200339,2022,2023-03-02,1612709920,1612709910,135,125
22200943,2022,2023-03-02,1610612742,1610612755,133,126
2022200342,2022,2023-03-02,1612709905,1612709915,129,128
22200940,2022,2023-03-01,1610612760,1610612747,117,123
22200941,2022,2023-03-01,1610612757,1610612740,110,121
22200938,2022,2023-03-01,1610612745,1610612763,99,113
22200935,2022,2023-03-01,1610612738,1610612739,117,113
22200939,2022,2023-03-01,1610612749,1610612753,139,117
22200936,2022,2023-03-01,1610612748,1610612755,96,119
22200934,2022,2023-03-01,1610612765,1610612741,115,117
22200933,2022,2023-03-01,1610612766,1610612756,91,105
2022200336,2022,2023-03-01,1612709919,1612709909,126,147
22200937,2022,2023-03-01,1610612752,1610612751,142,118
22200929,2022,2023-02-28,1610612742,1610612754,122,124
22200927,2022,2023-02-28,1610612763,1610612747,121,109
2022200330,2022,2023-02-28,1612709889,1612709904,99,107
22200924,2022,2023-02-28,1610612751,1610612749,104,118
22200931,2022,2023-02-28,1610612744,1610612757,123,105
2022200331,2022,2023-02-28,1612709914,1612709893,122,111
2022200333,2022,2023-02-28,1612709908,1612709921,100,109
22200925,2022,2023-02-28,1610612761,1610612741,104,98
22200928,2022,2023-02-28,1610612760,1610612758,117,123
2022200334,2022,2023-02-28,1612709903,1612709927,106,120
2022200332,2022,2023-02-28,1612709926,1612709917,107,96
22200926,2022,2023-02-28,1610612745,1610612743,112,133
2022200335,2022,2023-02-28,1612709930,1612709911,110,102
22200930,2022,2023-02-28,1610612762,1610612759,94,102
22200932,2022,2023-02-28,1610612746,1610612750,101,108
22200923,2022,2023-02-28,1610612737,1610612764,116,119
2022200329,2022,2023-02-27,1612709930,1612709911,125,110
22200922,2022,2023-02-27,1610612740,1610612753,93,101
2022200328,2022,2023-02-27,1612709903,1612709927,135,100
22200919,2022,2023-02-27,1610612766,1610612765,117,106
22200921,2022,2023-02-27,1610612752,1610612738,109,94
22200920,2022,2023-02-27,1610612755,1610612748,99,101
2022200327,2022,2023-02-27,1612709931,1612709924,109,105
2022200325,2022,2023-02-27,1612709928,1612709909,124,125
2022200326,2022,2023-02-27,1612709932,1612709925,108,123
22200914,2022,2023-02-26,1610612739,1610612761,118,93
2022200324,2022,2023-02-26,1612709931,1612709924,96,103
22200911,2022,2023-02-26,1610612737,1610612751,129,127
2022200321,2022,2023-02-26,1612709917,1612709910,110,104
22200915,2022,2023-02-26,1610612760,1610612758,115,124
2022200322,2022,2023-02-26,1612709923,1612709919,123,108
22200916,2022,2023-02-26,1610612744,1610612750,109,104
22200912,2022,2023-02-26,1610612741,1610612764,102,82
22200917,2022,2023-02-26,1610612757,1610612745,131,114
22200913,2022,2023-02-26,1610612742,1610612747,108,111
2022200320,2022,2023-02-26,1612709889,1612709929,116,104
22200910,2022,2023-02-26,1610612749,1610612756,104,101
22200918,2022,2023-02-26,1610612743,1610612746,134,124
2022200323,2022,2023-02-26,1612709890,1612709921,96,117
22200909,2022,2023-02-25,1610612762,1610612759,118,102
22200904,2022,2023-02-25,1610612766,1610612748,108,103
22200908,2022,2023-02-25,1610612755,1610612738,107,110
2022200316,2022,2023-02-25,1612709932,1612709920,87,104
2022200317,2022,2023-02-25,1612709905,1612709911,148,126
22200905,2022,2023-02-25,1610612753,1610612754,108,121
22200907,2022,2023-02-25,1610612763,1610612743,112,94
2022200313,2022,2023-02-25,1612709928,1612709909,121,136
2022200319,2022,2023-02-25,1612709902,1612709903,112,119
2022200314,2022,2023-02-25,1612709893,1612709925,102,101
22200903,2022,2023-02-25,1610612765,1610612761,91,95
22200906,2022,2023-02-25,1610612752,1610612740,128,106
2022200318,2022,2023-02-25,1612709918,1612709908,98,112
2022200315,2022,2023-02-25,1612709922,1612709915,122,110
22200902,2022,2023-02-24,1610612746,1610612758,175,176
2022200306,2022,2023-02-24,1612709909,1612709932,107,111
22200897,2022,2023-02-24,1610612749,1610612748,128,99
22200895,2022,2023-02-24,1610612764,1610612752,109,115
22200899,2022,2023-02-24,1610612756,1610612760,124,115
2022200311,2022,2023-02-24,1612709918,1612709927,122,123
2022200307,2022,2023-02-24,1612709922,1612709915,106,120
2022200308,2022,2023-02-24,1612709919,1612709910,119,122
22200900,2022,2023-02-24,1610612741,1610612751,131,87
2022200305,2022,2023-02-24,1612709893,1612709925,130,105
22200898,2022,2023-02-24,1610612750,1610612766,113,121
22200901,2022,2023-02-24,1610612744,1610612745,116,101
2022200312,2022,2023-02-24,1612709902,1612709890,114,105
2022200310,2022,2023-02-24,1612709926,1612709930,123,97
22200896,2022,2023-02-24,1610612737,1610612739,136,119
2022200309,2022,2023-02-24,1612709913,1612709929,107,119
22200887,2022,2023-02-23,1610612754,1610612738,138,142
2022200302,2022,2023-02-23,1612709908,1612709905,99,125
2022200301,2022,2023-02-23,1612709926,1612709930,116,114
22200894,2022,2023-02-23,1610612758,1610612757,133,116
2022200298,2022,2023-02-23,1612709917,1612709928,111,112
2022200300,2022,2023-02-23,1612709913,1612709889,111,113
2022200303,2022,2023-02-23,1612709923,1612709920,108,103
22200889,2022,2023-02-23,1610612755,1610612763,110,105
22200886,2022,2023-02-23,1610612739,1610612743,109,115
22200891,2022,2023-02-23,1610612742,1610612759,142,116
22200893,2022,2023-02-23,1610612747,1610612744,124,111
2022200299,2022,2023-02-23,1612709904,1612709931,118,109
22200890,2022,2023-02-23,1610612761,1610612740,115,110
22200888,2022,2023-02-23,1610612753,1610612765,108,106
22200892,2022,2023-02-23,1610612762,1610612760,120,119
2022200304,2022,2023-02-23,1612709914,1612709924,114,113
2022200295,2022,2023-02-22,1612709908,1612709905,112,120
2022200293,2022,2023-02-22,1612709921,1612709910,122,102
2022200297,2022,2023-02-22,1612709902,1612709890,126,105
2022200292,2022,2023-02-22,1612709922,1612709893,100,110
2022200291,2022,2023-02-22,1612709909,1612709932,111,116
2022200294,2022,2023-02-22,1612709911,1612709931,116,124
2022200296,2022,2023-02-22,1612709923,1612709920,114,110
2032200001,2022,2023-02-19,1612709906,1612709907,162,178
32200001,2022,2023-02-19,1610616834,1610616833,175,184
32200003,2022,2023-02-17,1610616840,1610616839,78,81
32200006,2022,2023-02-17,1610616847,1610616849,25,20
32200005,2022,2023-02-17,1610616850,1610616849,32,40
32200004,2022,2023-02-17,1610616848,1610616847,25,40
22200885,2022,2023-02-16,1610612756,1610612746,107,116
22200884,2022,2023-02-16,1610612750,1610612764,106,114
22200883,2022,2023-02-16,1610612741,1610612749,100,112
22200874,2022,2023-02-15,1610612754,1610612741,117,113
22200877,2022,2023-02-15,1610612738,1610612765,127,109
22200880,2022,2023-02-15,1610612760,1610612745,133,96
2022200285,2022,2023-02-15,1612709932,1612709922,123,119
22200879,2022,2023-02-15,1610612763,1610612762,117,111
2022200287,2022,2023-02-15,1612709910,1612709929,141,135
2022200286,2022,2023-02-15,1612709928,1612709919,109,111
22200882,2022,2023-02-15,1610612747,1610612740,120,102
22200878,2022,2023-02-15,1610612751,1610612748,116,105
22200881,2022,2023-02-15,1610612743,1610612742,118,109
2022200288,2022,2023-02-15,1612709889,1612709926,98,106
2022200290,2022,2023-02-15,1612709902,1612709918,130,111
22200875,2022,2023-02-15,1610612755,1610612739,118,112
22200876,2022,2023-02-15,1610612737,1610612752,101,122
22200873,2022,2023-02-15,1610612766,1610612759,120,110
2022200289,2022,2023-02-15,1612709893,1612709905,95,114
22200869,2022,2023-02-14,1610612749,1610612738,131,125
22200870,2022,2023-02-14,1610612756,1610612758,120,109
22200871,2022,2023-02-14,1610612746,1610612744,134,124
22200872,2022,2023-02-14,1610612757,1610612764,101,126
2022200283,2022,2023-02-14,1612709917,1612709923,115,108
2022200282,2022,2023-02-14,1612709893,1612709927,128,120
22200868,2022,2023-02-14,1610612761,1610612753,123,113
2022200284,2022,2023-02-14,1612709924,1612709918,107,101
22200860,2022,2023-02-13,1610612755,1610612745,123,104
22200862,2022,2023-02-13,1610612752,1610612751,124,106
2022200279,2022,2023-02-13,1612709932,1612709922,119,104
22200863,2022,2023-02-13,1610612741,1610612753,91,100
2022200275,2022,2023-02-13,1612709911,1612709914,119,109
22200857,2022,2023-02-13,1610612766,1610612737,144,138
2022200277,2022,2023-02-13,1612709909,1612709929,130,104
22200864,2022,2023-02-13,1610612760,1610612740,100,103
2022200280,2022,2023-02-13,1612709919,1612709920,113,104
2022200278,2022,2023-02-13,1612709917,1612709923,112,115
22200865,2022,2023-02-13,1610612742,1610612750,121,124
2022200274,2022,2023-02-13,1612709910,1612709905,132,128
22200858,2022,2023-02-13,1610612739,1610612759,117,109
22200859,2022,2023-02-13,1610612754,1610612762,117,123
22200861,2022,2023-02-13,1610612748,1610612743,108,112
22200866,2022,2023-02-13,1610612744,1610612764,135,126
2022200281,2022,2023-02-13,1612709903,1612709904,124,115
22200867,2022,2023-02-13,1610612757,1610612747,127,115
2022200276,2022,2023-02-13,1612709889,1612709926,113,133
2022200272,2022,2023-02-12,1612709919,1612709920,123,124
22200856,2022,2023-02-12,1610612761,1610612765,119,118
2022200273,2022,2023-02-12,1612709911,1612709914,108,132
2022200271,2022,2023-02-12,1612709910,1612709905,102,124
22200855,2022,2023-02-12,1610612738,1610612763,119,109
22200848,2022,2023-02-11,1610612753,1610612748,103,107
2022200263,2022,2023-02-11,1612709909,1612709927,166,139
22200853,2022,2023-02-11,1610612744,1610612747,103,109
22200849,2022,2023-02-11,1610612764,1610612754,127,113
2022200269,2022,2023-02-11,1612709923,1612709902,98,112
2022200268,2022,2023-02-11,1612709890,1612709913,113,120
2022200264,2022,2023-02-11,1612709929,1612709921,107,120
22200852,2022,2023-02-11,1610612739,1610612741,97,89
2022200270,2022,2023-02-11,1612709918,1612709930,107,89
22200854,2022,2023-02-11,1610612758,1610612742,133,128
2022200267,2022,2023-02-11,1612709932,1612709889,99,95
2022200266,2022,2023-02-11,1612709915,1612709893,116,105
22200851,2022,2023-02-11,1610612752,1610612762,126,120
22200847,2022,2023-02-11,1610612766,1610612743,105,119
2022200265,2022,2023-02-11,1612709925,1612709903,126,116
22200850,2022,2023-02-11,1610612737,1610612759,125,106
22200846,2022,2023-02-11,1610612751,1610612755,98,101
22200837,2022,2023-02-10,1610612755,1610612752,119,108
22200841,2022,2023-02-10,1610612763,1610612750,128,107
2022200258,2022,2023-02-10,1612709925,1612709903,115,124
22200843,2022,2023-02-10,1610612757,1610612760,129,138
2022200262,2022,2023-02-10,1612709890,1612709930,116,82
22200839,2022,2023-02-10,1610612761,1610612762,116,122
2022200257,2022,2023-02-10,1612709922,1612709910,138,137
2022200259,2022,2023-02-10,1612709915,1612709893,110,84
2022200261,2022,2023-02-10,1612709919,1612709904,96,114
2022200256,2022,2023-02-10,1612709928,1612709927,130,141
22200844,2022,2023-02-10,1610612758,1610612742,114,122
22200838,2022,2023-02-10,1610612738,1610612766,127,116
22200836,2022,2023-02-10,1610612754,1610612756,104,117
22200840,2022,2023-02-10,1610612748,1610612745,97,95
22200842,2022,2023-02-10,1610612740,1610612739,107,118
22200835,2022,2023-02-10,1610612765,1610612759,138,131
22200845,2022,2023-02-10,1610612746,1610612749,106,119
2022200260,2022,2023-02-10,1612709932,1612709889,117,113
2022200251,2022,2023-02-09,1612709926,1612709931,111,99
2022200253,2022,2023-02-09,1612709924,1612709905,117,122
22200833,2022,2023-02-09,1610612751,1610612741,116,105
2022200255,2022,2023-02-09,1612709911,1612709918,121,130
22200831,2022,2023-02-09,1610612753,1610612743,115,104
22200832,2022,2023-02-09,1610612737,1610612756,116,107
22200834,2022,2023-02-09,1610612747,1610612749,106,115
2022200254,2022,2023-02-09,1612709917,1612709914,113,97
2022200252,2022,2023-02-09,1612709923,1612709902,116,112
22200826,2022,2023-02-08,1610612761,1610612759,112,98
22200823,2022,2023-02-08,1610612764,1610612766,118,104
2022200247,2022,2023-02-08,1612709917,1612709914,92,119
22200822,2022,2023-02-08,1610612739,1610612765,113,85
2022200249,2022,2023-02-08,1612709921,1612709904,130,95
2022200246,2022,2023-02-08,1612709929,1612709919,121,107
22200825,2022,2023-02-08,1610612748,1610612754,116,111
2022200244,2022,2023-02-08,1612709920,1612709915,117,126
22200827,2022,2023-02-08,1610612745,1610612758,128,130
22200830,2022,2023-02-08,1610612757,1610612744,125,122
2022200248,2022,2023-02-08,1612709922,1612709903,119,128
2022200243,2022,2023-02-08,1612709893,1612709909,112,122
2022200250,2022,2023-02-08,1612709890,1612709930,99,106
22200829,2022,2023-02-08,1610612746,1610612742,104,110
22200824,2022,2023-02-08,1610612738,1610612755,106,99
2022200245,2022,2023-02-08,1612709910,1612709889,133,119
22200828,2022,2023-02-08,1610612762,1610612750,118,143
22200818,2022,2023-02-07,1610612740,1610612737,116,107
2022200242,2022,2023-02-07,1612709926,1612709913,129,99
22200819,2022,2023-02-07,1610612763,1610612741,104,89
22200820,2022,2023-02-07,1610612743,1610612750,146,112
22200817,2022,2023-02-07,1610612751,1610612756,112,116
22200821,2022,2023-02-07,1610612747,1610612760,130,133
2022200241,2022,2023-02-07,1612709927,1612709902,104,122
2022200239,2022,2023-02-07,1612709911,1612709931,113,114
2022200240,2022,2023-02-07,1612709921,1612709904,112,92
22200816,2022,2023-02-07,1610612753,1610612752,98,102
22200813,2022,2023-02-06,1610612762,1610612742,111,124
22200815,2022,2023-02-06,1610612757,1610612749,108,127
2022200235,2022,2023-02-06,1612709893,1612709909,99,110
2022200234,2022,2023-02-06,1612709910,1612709928,123,126
2022200236,2022,2023-02-06,1612709929,1612709919,126,112
22200812,2022,2023-02-06,1610612745,1610612758,120,140
22200808,2022,2023-02-06,1610612765,1610612738,99,111
2022200237,2022,2023-02-06,1612709932,1612709914,102,116
22200810,2022,2023-02-06,1610612751,1610612746,116,124
22200809,2022,2023-02-06,1610612764,1610612739,91,114
22200811,2022,2023-02-06,1610612741,1610612759,128,104
22200814,2022,2023-02-06,1610612744,1610612760,141,114
2022200238,2022,2023-02-06,1612709920,1612709915,112,115
22200807,2022,2023-02-05,1610612740,1610612758,136,104
2022200230,2022,2023-02-05,1612709922,1612709923,133,122
2022200231,2022,2023-02-05,1612709911,1612709890,141,110
2022200232,2022,2023-02-05,1612709904,1612709913,120,111
2022200229,2022,2023-02-05,1612709925,1612709931,121,122
2022200233,2022,2023-02-05,1612709924,1612709905,123,122
22200806,2022,2023-02-05,1610612750,1610612743,128,98
22200802,2022,2023-02-05,1610612766,1610612753,113,119
22200804,2022,2023-02-05,1610612752,1610612755,108,97
22200803,2022,2023-02-05,1610612754,1610612739,103,122
22200805,2022,2023-02-05,1610612763,1610612761,103,106
22200796,2022,2023-02-04,1610612741,1610612757,129,121
22200801,2022,2023-02-04,1610612743,1610612737,128,108
22200799,2022,2023-02-04,1610612760,1610612745,153,121
2022200226,2022,2023-02-04,1612709926,1612709909,120,129
22200800,2022,2023-02-04,1610612744,1610612742,119,113
2022200227,2022,2023-02-04,1612709905,1612709930,119,107
2022200228,2022,2023-02-04,1612709903,1612709908,131,125
2022200220,2022,2023-02-04,1612709889,1612709914,119,105
2022200221,2022,2023-02-04,1612709920,1612709893,124,118
22200797,2022,2023-02-04,1610612749,1610612748,123,115
2022200224,2022,2023-02-04,1612709915,1612709929,132,108
2022200222,2022,2023-02-04,1612709910,1612709928,122,115
22200795,2022,2023-02-04,1610612752,1610612746,128,134
22200793,2022,2023-02-04,1610612751,1610612764,125,123
22200798,2022,2023-02-04,1610612740,1610612747,131,126
2022200225,2022,2023-02-04,1612709911,1612709890,128,134
22200794,2022,2023-02-04,1610612765,1610612756,100,116
2022200223,2022,2023-02-04,1612709921,1612709932,123,121
22200788,2022,2023-02-03,1610612738,1610612756,94,106
22200787,2022,2023-02-03,1610612764,1610612757,116,124
2022200217,2022,2023-02-03,1612709904,1612709913,106,99
2022200219,2022,2023-02-03,1612709902,1612709924,123,114
22200791,2022,2023-02-03,1610612759,1610612755,125,137
22200786,2022,2023-02-03,1610612754,1610612758,107,104
22200790,2022,2023-02-03,1610612750,1610612753,120,127
22200789,2022,2023-02-03,1610612745,1610612761,111,117
2022200215,2022,2023-02-03,1612709915,1612709929,96,114
22200785,2022,2023-02-03,1610612765,1610612766,118,112
2022200218,2022,2023-02-03,1612709927,1612709923,133,144
22200792,2022,2023-02-03,1610612762,1610612737,108,115
2022200216,2022,2023-02-03,1612709926,1612709909,132,130
2022200214,2022,2023-02-03,1612709922,1612709917,123,107
2022200212,2022,2023-02-02,1612709890,1612709889,114,115
22200779,2022,2023-02-02,1610612739,1610612763,128,113
22200778,2022,2023-02-02,1610612754,1610612747,111,112
22200783,2022,2023-02-02,1610612743,1610612744,134,117
22200784,2022,2023-02-02,1610612749,1610612746,106,105
2022200213,2022,2023-02-02,1612709920,1612709893,136,100
22200780,2022,2023-02-02,1610612752,1610612748,106,104
22200782,2022,2023-02-02,1610612742,1610612740,111,106
22200781,2022,2023-02-02,1610612741,1610612766,114,98
22200772,2022,2023-02-01,1610612738,1610612751,139,96
2022200208,2022,2023-02-01,1612709927,1612709919,111,115
22200774,2022,2023-02-01,1610612750,1610612744,119,114
2022200210,2022,2023-02-01,1612709931,1612709905,113,109
22200777,2022,2023-02-01,1610612756,1610612737,100,132
2022200209,2022,2023-02-01,1612709913,1612709909,102,124
22200771,2022,2023-02-01,1610612763,1610612757,112,122
2022200207,2022,2023-02-01,1612709922,1612709917,112,108
22200775,2022,2023-02-01,1610612759,1610612758,109,119
22200773,2022,2023-02-01,1610612745,1610612760,112,106
22200776,2022,2023-02-01,1610612762,1610612761,131,128
22200770,2022,2023-02-01,1610612755,1610612753,105,94
2022200211,2022,2023-02-01,1612709924,1612709908,121,129
2022200206,2022,2023-02-01,1612709928,1612709915,131,126
22200767,2022,2023-01-31,1610612749,1610612766,124,115
2022200205,2022,2023-01-31,1612709903,1612709926,135,105
2022200204,2022,2023-01-31,1612709904,1612709918,105,93
22200768,2022,2023-01-31,1610612743,1610612740,122,113
22200766,2022,2023-01-31,1610612741,1610612746,103,108
22200764,2022,2023-01-31,1610612739,1610612748,97,100
22200765,2022,2023-01-31,1610612752,1610612747,123,129
2022200012,2022,2023-01-30,1612709925,1612709919,113,114
22200761,2022,2023-01-30,1610612742,1610612765,111,105
2022200202,2022,2023-01-30,1612709903,1612709926,118,111
22200760,2022,2023-01-30,1610612759,1610612764,106,127
22200763,2022,2023-01-30,1610612757,1610612737,129,125
22200756,2022,2023-01-30,1610612755,1610612753,109,119
2022200201,2022,2023-01-30,1612709921,1612709927,131,116
22200758,2022,2023-01-30,1610612750,1610612758,111,118
22200757,2022,2023-01-30,1610612751,1610612747,121,104
22200762,2022,2023-01-30,1610612756,1610612761,114,106
22200759,2022,2023-01-30,1610612760,1610612744,120,128
2022200203,2022,2023-01-30,1612709924,1612709908,107,112
2022200195,2022,2023-01-29,1612709919,1612709917,103,94
2022200200,2022,2023-01-29,1612709905,1612709902,152,118
2022200196,2022,2023-01-29,1612709929,1612709932,123,107
2022200199,2022,2023-01-29,1612709918,1612709931,110,114
22200753,2022,2023-01-29,1610612763,1610612754,112,100
22200755,2022,2023-01-29,1610612749,1610612740,135,110
2022200197,2022,2023-01-29,1612709928,1612709921,98,111
2022200198,2022,2023-01-29,1612709911,1612709889,127,122
22200754,2022,2023-01-29,1610612739,1610612746,122,99
22200752,2022,2023-01-29,1610612766,1610612748,122,117
22200746,2022,2023-01-28,1610612750,1610612758,117,110
22200745,2022,2023-01-28,1610612737,1610612746,113,120
2022200192,2022,2023-01-28,1612709914,1612709926,109,110
22200741,2022,2023-01-28,1610612755,1610612743,126,119
2022200190,2022,2023-01-28,1612709925,1612709910,116,124
2022200194,2022,2023-01-28,1612709918,1612709931,117,120
22200743,2022,2023-01-28,1610612765,1610612745,114,117
22200747,2022,2023-01-28,1610612740,1610612764,103,113
22200744,2022,2023-01-28,1610612753,1610612741,109,128
22200749,2022,2023-01-28,1610612738,1610612747,125,121
2022200193,2022,2023-01-28,1612709908,1612709890,126,110
2022200191,2022,2023-01-28,1612709927,1612709922,102,116
22200751,2022,2023-01-28,1610612757,1610612761,105,123
22200748,2022,2023-01-28,1610612759,1610612756,118,128
22200750,2022,2023-01-28,1610612762,1610612742,108,100
2022200189,2022,2023-01-28,1612709915,1612709913,106,113
22200742,2022,2023-01-28,1610612751,1610612752,122,115
22200738,2022,2023-01-27,1610612748,1610612753,110,105
22200739,2022,2023-01-27,1610612760,1610612739,112,100
22200740,2022,2023-01-27,1610612744,1610612761,129,117
22200736,2022,2023-01-27,1610612754,1610612749,131,141
22200737,2022,2023-01-27,1610612750,1610612763,111,100
2022200183,2022,2023-01-27,1612709929,1612709932,120,124
2022200185,2022,2023-01-27,1612709919,1612709917,99,108
2022200182,2022,2023-01-27,1612709928,1612709923,118,116
2022200186,2022,2023-01-27,1612709911,1612709889,123,125
2022200184,2022,2023-01-27,1612709925,1612709910,128,121
2022200187,2022,2023-01-27,1612709927,1612709922,115,112
2022200188,2022,2023-01-27,1612709905,1612709902,117,119
2022200180,2022,2023-01-26,1612709930,1612709903,99,116
2022200179,2022,2023-01-26,1612709890,1612709918,131,108
22200734,2022,2023-01-26,1610612756,1610612742,95,99
22200731,2022,2023-01-26,1610612751,1610612765,122,130
2022200178,2022,2023-01-26,1612709908,1612709931,110,96
2022200181,2022,2023-01-26,1612709914,1612709926,124,104
22200733,2022,2023-01-26,1610612745,1610612739,95,113
22200730,2022,2023-01-26,1610612738,1610612752,117,120
2022200177,2022,2023-01-26,1612709920,1612709913,95,115
22200735,2022,2023-01-26,1610612746,1610612759,138,100
22200732,2022,2023-01-26,1610612766,1610612741,111,96
22200726,2022,2023-01-25,1610612744,1610612763,122,120
22200725,2022,2023-01-25,1610612760,1610612737,132,137
2022200170,2022,2023-01-25,1612709920,1612709913,110,89
22200721,2022,2023-01-25,1610612755,1610612751,137,133
22200729,2022,2023-01-25,1610612747,1610612759,113,104
2022200173,2022,2023-01-25,1612709893,1612709929,116,115
2022200176,2022,2023-01-25,1612709924,1612709903,124,112
22200722,2022,2023-01-25,1610612745,1610612764,103,108
22200723,2022,2023-01-25,1610612749,1610612743,107,99
2022200164,2022,2023-01-25,1612709910,1612709915,133,119
22200720,2022,2023-01-25,1610612753,1610612754,126,120
2022200171,2022,2023-01-25,1612709889,1612709917,113,105
22200724,2022,2023-01-25,1610612740,1610612750,102,111
2022200175,2022,2023-01-25,1612709932,1612709927,120,102
2022200172,2022,2023-01-25,1612709928,1612709923,109,124
22200728,2022,2023-01-25,1610612758,1610612761,95,113
2022200174,2022,2023-01-25,1612709921,1612709911,131,112
22200727,2022,2023-01-25,1610612757,1610612762,134,124
2022200163,2022,2023-01-24,1612709889,1612709917,99,113
22200714,2022,2023-01-24,1610612748,1610612738,98,95
2022200169,2022,2023-01-24,1612709908,1612709931,124,120
2022200168,2022,2023-01-24,1612709904,1612709890,92,87
2022200166,2022,2023-01-24,1612709909,1612709925,123,105
22200719,2022,2023-01-24,1610612747,1610612746,115,133
2022200167,2022,2023-01-24,1612709919,1612709911,126,99
22200718,2022,2023-01-24,1610612756,1610612766,128,97
22200715,2022,2023-01-24,1610612752,1610612739,105,103
22200713,2022,2023-01-24,1610612754,1610612741,116,110
22200716,2022,2023-01-24,1610612740,1610612743,98,99
22200717,2022,2023-01-24,1610612742,1610612764,126,127
2022200165,2022,2023-01-24,1612709893,1612709929,106,111
22200709,2022,2023-01-23,1610612745,1610612750,119,114
2022200162,2022,2023-01-23,1612709924,1612709903,147,105
22200707,2022,2023-01-23,1610612753,1610612738,113,98
22200706,2022,2023-01-23,1610612765,1610612749,130,150
22200712,2022,2023-01-23,1610612758,1610612763,133,100
2022200161,2022,2023-01-23,1612709932,1612709927,134,130
22200708,2022,2023-01-23,1610612741,1610612737,111,100
22200711,2022,2023-01-23,1610612757,1610612759,147,127
22200710,2022,2023-01-23,1610612762,1610612766,120,102
22200699,2022,2023-01-22,1610612748,1610612740,100,96
2022200156,2022,2023-01-22,1612709893,1612709928,111,107
2022200160,2022,2023-01-22,1612709931,1612709902,128,117
22200700,2022,2023-01-22,1610612761,1610612752,125,116
2022200158,2022,2023-01-22,1612709915,1612709925,115,112
2022200159,2022,2023-01-22,1612709913,1612709914,104,122
2022200155,2022,2023-01-22,1612709919,1612709911,97,99
22200705,2022,2023-01-22,1610612757,1610612747,112,121
22200702,2022,2023-01-22,1610612743,1610612760,99,101
2022200157,2022,2023-01-22,1612709910,1612709929,91,129
22200701,2022,2023-01-22,1610612742,1610612746,98,112
22200704,2022,2023-01-22,1610612744,1610612751,116,120
22200703,2022,2023-01-22,1610612756,1610612763,112,110
22200695,2022,2023-01-21,1610612739,1610612749,114,102
2022200147,2022,2023-01-21,1612709922,1612709923,105,112
22200692,2022,2023-01-21,1610612761,1610612738,104,106
22200696,2022,2023-01-21,1610612750,1610612745,113,104
2022200150,2022,2023-01-21,1612709913,1612709914,112,111
2022200152,2022,2023-01-21,1612709908,1612709930,107,114
22200693,2022,2023-01-21,1610612764,1610612753,138,118
2022200146,2022,2023-01-21,1612709909,1612709921,101,116
22200694,2022,2023-01-21,1610612737,1610612766,118,122
2022200148,2022,2023-01-21,1612709915,1612709925,111,117
2022200154,2022,2023-01-21,1612709903,1612709905,110,119
2022200151,2022,2023-01-21,1612709927,1612709920,126,135
22200698,2022,2023-01-21,1610612758,1610612755,127,129
2022200153,2022,2023-01-21,1612709918,1612709889,121,117
2022200149,2022,2023-01-21,1612709890,1612709924,82,115
22200697,2022,2023-01-21,1610612756,1610612754,112,107
22200684,2022,2023-01-20,1610612737,1610612752,139,124
2022200143,2022,2023-01-20,1612709931,1612709902,126,135
22200685,2022,2023-01-20,1610612739,1610612744,114,120
22200690,2022,2023-01-20,1610612747,1610612763,122,121
2022200144,2022,2023-01-20,1612709890,1612709924,108,100
22200683,2022,2023-01-20,1610612753,1610612740,123,110
22200688,2022,2023-01-20,1610612743,1610612754,134,111
22200687,2022,2023-01-20,1610612759,1610612746,126,131
22200686,2022,2023-01-20,1610612742,1610612748,115,90
22200689,2022,2023-01-20,1610612762,1610612751,106,117
22200691,2022,2023-01-20,1610612758,1610612760,118,113
2022200142,2022,2023-01-20,1612709917,1612709928,101,104
2022200145,2022,2023-01-20,1612709908,1612709930,110,107
22200682,2022,2023-01-19,1610612757,1610612755,95,105
2022200139,2022,2023-01-19,1612709923,1612709929,111,133
22200681,2022,2023-01-19,1610612756,1610612751,117,112
2022200141,2022,2023-01-19,1612709905,1612709932,127,117
22200680,2022,2023-01-19,1610612750,1610612761,128,126
22200678,2022,2023-01-19,1610612765,1610612741,108,126
22200679,2022,2023-01-19,1610612738,1610612744,121,118
2022200138,2022,2023-01-19,1612709904,1612709925,121,125
2022200140,2022,2023-01-19,1612709903,1612709910,107,121
2022200133,2022,2023-01-18,1612709927,1612709919,127,118
22200673,2022,2023-01-18,1610612740,1610612748,98,124
22200671,2022,2023-01-18,1610612745,1610612766,117,122
2022200137,2022,2023-01-18,1612709926,1612709902,129,122
22200672,2022,2023-01-18,1610612763,1610612739,115,114
2022200134,2022,2023-01-18,1612709889,1612709914,113,118
22200670,2022,2023-01-18,1610612742,1610612737,122,130
22200669,2022,2023-01-18,1610612752,1610612764,105,116
2022200136,2022,2023-01-18,1612709922,1612709893,102,112
22200677,2022,2023-01-18,1610612747,1610612758,111,116
22200674,2022,2023-01-18,1610612760,1610612754,126,106
22200675,2022,2023-01-18,1610612762,1610612746,126,103
2022200135,2022,2023-01-18,1612709928,1612709921,114,121
22200676,2022,2023-01-18,1610612743,1610612750,122,118
22200668,2022,2023-01-17,1610612746,1610612755,110,120
2022200129,2022,2023-01-17,1612709904,1612709925,100,104
22200667,2022,2023-01-17,1610612743,1610612757,122,113
2022200131,2022,2023-01-17,1612709926,1612709902,140,131
22200666,2022,2023-01-17,1610612759,1610612751,106,98
2022200132,2022,2023-01-17,1612709930,1612709910,114,121
2022200130,2022,2023-01-17,1612709913,1612709908,105,132
22200665,2022,2023-01-17,1610612749,1610612761,130,122
22200664,2022,2023-01-16,1610612747,1610612745,140,132
22200662,2022,2023-01-16,1610612750,1610612762,125,126
2022200124,2022,2023-01-16,1612709918,1612709903,116,125
2022200122,2022,2023-01-16,1612709921,1612709917,99,80
22200659,2022,2023-01-16,1610612752,1610612761,121,123
22200656,2022,2023-01-16,1610612766,1610612738,118,130
22200658,2022,2023-01-16,1610612739,1610612740,113,103
2022200121,2022,2023-01-16,1612709909,1612709927,153,132
2022200128,2022,2023-01-16,1612709924,1612709932,93,106
2022200126,2022,2023-01-16,1612709930,1612709910,119,141
22200660,2022,2023-01-16,1610612764,1610612744,118,127
2022200125,2022,2023-01-16,1612709890,1612709914,98,112
2022200123,2022,2023-01-16,1612709923,1612709893,105,112
22200657,2022,2023-01-16,1610612749,1610612754,132,119
2022200127,2022,2023-01-16,1612709929,1612709928,104,111
22200661,2022,2023-01-16,1610612737,1610612748,121,113
22200663,2022,2023-01-16,1610612763,1610612756,136,106
22200654,2022,2023-01-15,1610612757,1610612742,140,123
22200653,2022,2023-01-15,1610612743,1610612753,119,116
22200650,2022,2023-01-15,1610612741,1610612744,132,118
2022200120,2022,2023-01-15,1612709924,1612709932,118,113
22200649,2022,2023-01-15,1610612746,1610612745,121,100
22200652,2022,2023-01-15,1610612759,1610612758,119,132
22200655,2022,2023-01-15,1610612747,1610612755,112,113
22200651,2022,2023-01-15,1610612751,1610612760,102,112
22200648,2022,2023-01-15,1610612765,1610612752,104,117
2022200118,2022,2023-01-15,1612709911,1612709926,110,107
2022200119,2022,2023-01-15,1612709904,1612709920,123,126
22200644,2022,2023-01-14,1610612761,1610612737,103,114
22200647,2022,2023-01-14,1610612757,1610612742,136,119
2022200114,2022,2023-01-14,1612709913,1612709903,108,110
2022200117,2022,2023-01-14,1612709914,1612709908,124,118
2022200110,2022,2023-01-14,1612709925,1612709922,117,100
22200642,2022,2023-01-14,1610612766,1610612738,106,122
2022200115,2022,2023-01-14,1612709923,1612709893,96,105
2022200109,2022,2023-01-14,1612709910,1612709927,129,123
2022200111,2022,2023-01-14,1612709921,1612709917,96,85
22200641,2022,2023-01-14,1610612748,1610612749,111,95
2022200116,2022,2023-01-14,1612709918,1612709905,113,106
2022200113,2022,2023-01-14,1612709931,1612709890,91,86
22200645,2022,2023-01-14,1610612750,1610612739,110,102
2022200112,2022,2023-01-14,1612709915,1612709909,111,116
2022200108,2022,2023-01-14,1612709929,1612709928,108,97
22200646,2022,2023-01-14,1610612762,1610612755,117,118
22200643,2022,2023-01-14,1610612754,1610612763,112,130
2022200104,2022,2023-01-13,1612709931,1612709890,127,125
22200637,2022,2023-01-13,1610612750,1610612756,121,116
2022200101,2022,2023-01-13,1612709893,1612709927,115,96
22200635,2022,2023-01-13,1610612759,1610612744,113,144
2022200105,2022,2023-01-13,1612709918,1612709905,105,125
22200639,2022,2023-01-13,1610612746,1610612743,103,115
22200634,2022,2023-01-13,1610612764,1610612752,108,112
2022200106,2022,2023-01-13,1612709902,1612709904,110,129
2022200103,2022,2023-01-13,1612709913,1612709903,110,132
22200640,2022,2023-01-13,1610612758,1610612745,139,114
22200632,2022,2023-01-13,1610612765,1610612740,110,116
22200636,2022,2023-01-13,1610612741,1610612760,110,124
2022200107,2022,2023-01-13,1612709914,1612709908,134,113
22200638,2022,2023-01-13,1610612762,1610612753,112,108
22200633,2022,2023-01-13,1610612754,1610612737,111,113
2022200102,2022,2023-01-13,1612709925,1612709922,133,136
2022200098,2022,2023-01-12,1612709930,1612709889,109,118
22200629,2022,2023-01-12,1610612761,1610612766,124,114
2022200099,2022,2023-01-12,1612709924,1612709911,126,107
22200627,2022,2023-01-12,1610612751,1610612738,98,109
22200626,2022,2023-01-12,1610612755,1610612760,114,133
22200630,2022,2023-01-12,1610612747,1610612742,115,119
2022200100,2022,2023-01-12,1612709902,1612709904,126,103
22200631,2022,2023-01-12,1610612757,1610612739,113,119
2022200097,2022,2023-01-12,1612709932,1612709920,99,105
22200628,2022,2023-01-12,1610612748,1610612749,108,102
2022200096,2022,2023-01-12,1612709915,1612709909,137,149
22200623,2022,2023-01-11,1610612763,1610612759,135,129
2022200094,2022,2023-01-11,1612709924,1612709913,126,106
2022200092,2022,2023-01-11,1612709921,1612709923,118,121
22200619,2022,2023-01-11,1610612764,1610612741,100,97
22200618,2022,2023-01-11,1610612765,1610612750,135,118
22200622,2022,2023-01-11,1610612752,1610612754,119,113
2022200093,2022,2023-01-11,1612709927,1612709926,104,115
2022200005,2022,2023-01-11,1612709925,1612709919,129,117
22200625,2022,2023-01-11,1610612758,1610612745,135,115
2022200095,2022,2023-01-11,1612709905,1612709889,120,111
22200621,2022,2023-01-11,1610612738,1610612740,125,114
22200620,2022,2023-01-11,1610612737,1610612749,105,114
22200624,2022,2023-01-11,1610612743,1610612756,126,97
22200615,2022,2023-01-10,1610612744,1610612756,113,125
22200616,2022,2023-01-10,1610612757,1610612753,106,109
22200614,2022,2023-01-10,1610612762,1610612739,116,114
2022200089,2022,2023-01-10,1612709920,1612709928,116,123
22200611,2022,2023-01-10,1610612748,1610612760,112,111
22200617,2022,2023-01-10,1610612746,1610612742,113,101
22200613,2022,2023-01-10,1610612761,1610612766,132,120
2022200087,2022,2023-01-10,1612709917,1612709915,115,132
2022200088,2022,2023-01-10,1612709919,1612709922,125,93
2022200091,2022,2023-01-10,1612709930,1612709931,123,122
2022200090,2022,2023-01-10,1612709903,1612709908,122,128
22200612,2022,2023-01-10,1610612755,1610612765,147,116
22200610,2022,2023-01-09,1610612758,1610612753,136,111
22200609,2022,2023-01-09,1610612743,1610612747,122,109
2022200083,2022,2023-01-09,1612709920,1612709928,122,119
22200605,2022,2023-01-09,1610612764,1610612740,112,132
2022200081,2022,2023-01-09,1612709921,1612709923,118,110
2022200086,2022,2023-01-09,1612709914,1612709904,104,112
22200606,2022,2023-01-09,1610612738,1610612741,107,99
22200607,2022,2023-01-09,1610612752,1610612749,107,111
22200608,2022,2023-01-09,1610612763,1610612759,121,113
2022200082,2022,2023-01-09,1612709932,1612709925,99,110
2022200084,2022,2023-01-09,1612709924,1612709913,106,97
2022200085,2022,2023-01-09,1612709905,1612709911,143,132
2022200076,2022,2023-01-08,1612709909,1612709922,121,117
22200601,2022,2023-01-08,1610612745,1610612750,96,104
22200597,2022,2023-01-08,1610612761,1610612757,117,105
2022200074,2022,2023-01-08,1612709919,1612709921,97,130
22200598,2022,2023-01-08,1610612754,1610612766,116,111
22200602,2022,2023-01-08,1610612760,1610612742,120,109
22200603,2022,2023-01-08,1610612756,1610612739,98,112
22200600,2022,2023-01-08,1610612763,1610612762,123,118
22200596,2022,2023-01-08,1610612765,1610612755,111,123
2022200078,2022,2023-01-08,1612709917,1612709915,106,121
2022200077,2022,2023-01-08,1612709910,1612709893,119,122
22200604,2022,2023-01-08,1610612746,1610612737,108,112
2022200073,2022,2023-01-08,1612709889,1612709902,108,112
22200599,2022,2023-01-08,1610612748,1610612751,101,102
2022200075,2022,2023-01-08,1612709929,1612709890,107,114
2022200080,2022,2023-01-08,1612709930,1612709931,115,121
2022200079,2022,2023-01-08,1612709918,1612709926,114,119
22200595,2022,2023-01-07,1610612758,1610612747,134,136
22200591,2022,2023-01-07,1610612759,1610612738,116,121
2022200072,2022,2023-01-07,1612709903,1612709911,118,115
2022200071,2022,2023-01-07,1612709918,1612709926,105,118
22200592,2022,2023-01-07,1610612741,1610612762,126,118
2022200069,2022,2023-01-07,1612709905,1612709913,128,98
2022200068,2022,2023-01-07,1612709923,1612709925,108,109
2022200070,2022,2023-01-07,1612709908,1612709904,110,124
22200594,2022,2023-01-07,1610612744,1610612753,101,115
22200593,2022,2023-01-07,1610612742,1610612740,127,117
2022200061,2022,2023-01-06,1612709931,1612709889,118,116
22200588,2022,2023-01-06,1610612743,1610612739,121,108
2022200057,2022,2023-01-06,1612709928,1612709890,97,85
22200580,2022,2023-01-06,1610612754,1610612757,108,99
22200589,2022,2023-01-06,1610612756,1610612748,96,104
22200590,2022,2023-01-06,1610612747,1610612737,130,114
22200583,2022,2023-01-06,1610612749,1610612766,109,138
2022200064,2022,2023-01-06,1612709908,1612709904,104,115
22200581,2022,2023-01-06,1610612755,1610612741,112,126
2022200065,2022,2023-01-06,1612709903,1612709911,131,114
22200582,2022,2023-01-06,1610612761,1610612752,108,112
2022200059,2022,2023-01-06,1612709915,1612709932,112,106
2022200060,2022,2023-01-06,1612709919,1612709921,120,119
22200587,2022,2023-01-06,1610612750,1610612746,128,115
22200586,2022,2023-01-06,1610612740,1610612751,102,108
2022200066,2022,2023-01-06,1612709930,1612709902,136,115
22200584,2022,2023-01-06,1610612760,1610612764,127,110
2022200067,2022,2023-01-06,1612709914,1612709924,104,92
2022200062,2022,2023-01-06,1612709923,1612709925,122,117
2022200058,2022,2023-01-06,1612709909,1612709922,113,118
22200585,2022,2023-01-06,1610612759,1610612765,121,109
2022200063,2022,2023-01-06,1612709927,1612709929,120,116
22200579,2022,2023-01-05,1610612743,1610612746,122,91
2022200054,2022,2023-01-05,1612709931,1612709889,98,95
2022200052,2022,2023-01-05,1612709917,1612709910,108,129
22200578,2022,2023-01-05,1610612745,1610612762,114,131
2022200053,2022,2023-01-05,1612709915,1612709932,132,102
2022200055,2022,2023-01-05,1612709930,1612709902,100,125
22200577,2022,2023-01-05,1610612742,1610612738,95,124
2022200056,2022,2023-01-05,1612709905,1612709913,113,107
22200576,2022,2023-01-05,1610612753,1610612763,115,123
22200574,2022,2023-01-04,1610612747,1610612748,112,109
22200571,2022,2023-01-04,1610612750,1610612757,113,106
22200573,2022,2023-01-04,1610612744,1610612765,119,122
2022200050,2022,2023-01-04,1612709927,1612709929,126,121
22200566,2022,2023-01-04,1610612753,1610612760,126,115
2022200047,2022,2023-01-04,1612709928,1612709890,128,103
2022200044,2022,2023-01-04,1612709904,1612709918,132,130
22200564,2022,2023-01-04,1610612766,1610612763,107,131
22200575,2022,2023-01-04,1610612758,1610612737,117,120
2022200049,2022,2023-01-04,1612709921,1612709920,129,119
22200572,2022,2023-01-04,1610612740,1610612745,119,108
22200567,2022,2023-01-04,1610612755,1610612754,129,126
22200565,2022,2023-01-04,1610612739,1610612756,90,88
22200568,2022,2023-01-04,1610612752,1610612759,117,114
22200569,2022,2023-01-04,1610612761,1610612749,101,104
22200570,2022,2023-01-04,1610612741,1610612751,121,112
2022200051,2022,2023-01-04,1612709903,1612709914,116,127
2022200048,2022,2023-01-04,1612709910,1612709923,116,128
2022200045,2022,2023-01-03,1612709913,1612709930,116,119
2022200042,2022,2023-01-03,1612709917,1612709909,119,113
22200563,2022,2023-01-03,1610612762,1610612758,115,117
2022200046,2022,2023-01-03,1612709926,1612709931,128,113
22200562,2022,2023-01-03,1610612760,1610612738,150,117
2022200043,2022,2023-01-03,1612709919,1612709893,97,99
22200561,2022,2023-01-03,1610612749,1610612764,123,113
2022200041,2022,2023-01-03,1612709889,1612709908,122,117
22200559,2022,2023-01-02,1610612757,1610612765,135,106
2022200038,2022,2023-01-02,1612709917,1612709909,107,125
22200555,2022,2023-01-02,1610612751,1610612759,139,103
2022200040,2022,2023-01-02,1612709919,1612709893,103,115
22200557,2022,2023-01-02,1610612750,1610612743,124,111
2022200037,2022,2023-01-02,1612709929,1612709925,116,131
22200550,2022,2023-01-02,1610612752,1610612756,102,83
22200553,2022,2023-01-02,1610612754,1610612761,122,114
22200558,2022,2023-01-02,1610612744,1610612737,143,141
2022200039,2022,2023-01-02,1612709921,1612709920,110,102
22200556,2022,2023-01-02,1610612745,1610612742,106,111
22200551,2022,2023-01-02,1610612766,1610612747,115,121
22200560,2022,2023-01-02,1610612746,1610612748,100,110
22200554,2022,2023-01-02,1610612755,1610612740,120,111
22200552,2022,2023-01-02,1610612739,1610612741,145,134
2022200034,2022,2023-01-01,1612709913,1612709930,124,126
22200549,2022,2023-01-01,1610612743,1610612738,123,111
22200547,2022,2023-01-01,1610612763,1610612758,118,108
2022200036,2022,2023-01-01,1612709890,1612709914,94,108
2022200035,2022,2023-01-01,1612709904,1612709924,123,110
22200548,2022,2023-01-01,1610612749,1610612764,95,118
2022200033,2022,2023-01-01,1612709911,1612709918,126,138
22200539,2022,2022-12-31,1610612766,1610612751,106,123
2022200026,2022,2022-12-31,1612709922,1612709928,124,131
2022200031,2022,2022-12-31,1612709904,1612709924,95,99
22200544,2022,2022-12-31,1610612750,1610612765,104,116
2022200029,2022,2022-12-31,1612709932,1612709923,122,108
2022200030,2022,2022-12-31,1612709929,1612709925,124,96
2022200032,2022,2022-12-31,1612709927,1612709917,93,91
22200541,2022,2022-12-31,1610612745,1610612752,88,108
22200546,2022,2022-12-31,1610612762,1610612748,123,126
22200543,2022,2022-12-31,1610612763,1610612740,116,101
2022200028,2022,2022-12-31,1612709911,1612709920,128,124
2022200027,2022,2022-12-31,1612709915,1612709908,136,132
22200542,2022,2022-12-31,1610612759,1610612742,125,126
22200540,2022,2022-12-31,1610612741,1610612739,102,103
22200538,2022,2022-12-31,1610612754,1610612746,131,130
22200545,2022,2022-12-31,1610612760,1610612755,96,115
22200534,2022,2022-12-30,1610612740,1610612755,127,116
22200532,2022,2022-12-30,1610612741,1610612765,132,118
22200537,2022,2022-12-30,1610612758,1610612762,126,125
22200536,2022,2022-12-30,1610612744,1610612757,118,112
2022200023,2022,2022-12-30,1612709931,1612709903,136,109
22200531,2022,2022-12-30,1610612761,1610612756,113,104
2022200021,2022,2022-12-30,1612709909,1612709921,111,108
2022200025,2022,2022-12-30,1612709902,1612709914,112,113
22200535,2022,2022-12-30,1610612743,1610612748,124,119
22200533,2022,2022-12-30,1610612749,1610612750,123,114
22200529,2022,2022-12-30,1610612753,1610612764,100,119
2022200020,2022,2022-12-30,1612709915,1612709908,118,98
2022200022,2022,2022-12-30,1612709913,1612709918,94,104
2022200024,2022,2022-12-30,1612709926,1612709905,118,117
22200530,2022,2022-12-30,1610612737,1610612747,121,130
22200527,2022,2022-12-29,1610612759,1610612752,122,115
22200525,2022,2022-12-29,1610612738,1610612746,116,110
2022200014,2022,2022-12-29,1612709913,1612709918,134,101
2022200019,2022,2022-12-29,1612709902,1612709914,112,121
2022200017,2022,2022-12-29,1612709890,1612709889,108,105
2022200016,2022,2022-12-29,1612709926,1612709905,122,103
2022200013,2022,2022-12-29,1612709921,1612709922,122,95
2022200011,2022,2022-12-29,1612709928,1612709932,107,105
22200526,2022,2022-12-29,1610612761,1610612763,106,119
2022200010,2022,2022-12-29,1612709910,1612709923,131,121
22200528,2022,2022-12-29,1610612742,1610612745,129,114
2022200018,2022,2022-12-29,1612709930,1612709924,96,111
2022200015,2022,2022-12-29,1612709911,1612709920,118,127
22200523,2022,2022-12-29,1610612766,1610612760,121,113
22200524,2022,2022-12-29,1610612754,1610612739,135,126
22200515,2022,2022-12-28,1610612765,1610612753,121,101
2022200008,2022,2022-12-28,1612709893,1612709917,104,108
22200520,2022,2022-12-28,1610612740,1610612750,119,118
22200522,2022,2022-12-28,1610612758,1610612743,127,126
2022200009,2022,2022-12-28,1612709931,1612709903,111,103
22200519,2022,2022-12-28,1610612741,1610612749,119,113
22200518,2022,2022-12-28,1610612748,1610612747,112,98
22200521,2022,2022-12-28,1610612744,1610612762,112,107
22200516,2022,2022-12-28,1610612764,1610612756,127,102
22200517,2022,2022-12-28,1610612737,1610612751,107,108
2022200007,2022,2022-12-27,1612709930,1612709924,114,108
22200509,2022,2022-12-27,1610612761,1610612746,113,124
22200505,2022,2022-12-27,1610612753,1610612747,110,129
22200511,2022,2022-12-27,1610612760,1610612759,130,114
22200507,2022,2022-12-27,1610612738,1610612745,126,102
2022200003,2022,2022-12-27,1612709928,1612709932,115,108
2022200006,2022,2022-12-27,1612709921,1612709922,113,108
22200513,2022,2022-12-27,1610612744,1610612766,110,105
22200508,2022,2022-12-27,1610612754,1610612737,129,114
2022200002,2022,2022-12-27,1612709889,1612709904,112,108
22200506,2022,2022-12-27,1610612764,1610612755,116,111
22200510,2022,2022-12-27,1610612763,1610612756,108,125
22200512,2022,2022-12-27,1610612742,1610612752,126,121
2022200001,2022,2022-12-27,1612709910,1612709915,113,126
2022200004,2022,2022-12-27,1612709909,1612709908,99,138
22200514,2022,2022-12-27,1610612758,1610612743,106,113
22200500,2022,2022-12-26,1610612748,1610612750,113,110
22200501,2022,2022-12-26,1610612741,1610612745,118,133
22200504,2022,2022-12-26,1610612757,1610612766,124,113
22200499,2022,2022-12-26,1610612765,1610612746,131,142
22200498,2022,2022-12-26,1610612739,1610612751,117,125
22200502,2022,2022-12-26,1610612740,1610612754,113,93
22200503,2022,2022-12-26,1610612759,1610612762,126,122
22200494,2022,2022-12-25,1610612742,1610612747,124,115
22200495,2022,2022-12-25,1610612738,1610612749,139,118
22200497,2022,2022-12-25,1610612743,1610612756,128,125
22200496,2022,2022-12-25,1610612744,1610612763,123,109
22200493,2022,2022-12-25,1610612752,1610612755,112,119
22200486,2022,2022-12-23,1610612748,1610612754,108,111
22200481,2022,2022-12-23,1610612737,1610612765,130,105
22200482,2022,2022-12-23,1610612738,1610612750,121,109
22200487,2022,2022-12-23,1610612745,1610612742,106,112
22200485,2022,2022-12-23,1610612752,1610612741,117,118
22200488,2022,2022-12-23,1610612760,1610612740,125,128
22200492,2022,2022-12-23,1610612747,1610612766,130,134
22200491,2022,2022-12-23,1610612758,1610612764,111,125
22200484,2022,2022-12-23,1610612739,1610612761,107,118
22200480,2022,2022-12-23,1610612755,1610612746,119,114
22200490,2022,2022-12-23,1610612756,1610612763,100,125
22200479,2022,2022-12-23,1610612753,1610612759,133,113
22200489,2022,2022-12-23,1610612743,1610612757,120,107
22200483,2022,2022-12-23,1610612751,1610612749,118,100
2052200266,2022,2022-12-22,1612709924,1612709923,99,97
2052200270,2022,2022-12-22,1612709917,1612709913,111,100
22200477,2022,2022-12-22,1610612740,1610612759,126,117
2052200267,2022,2022-12-22,1612709932,1612709926,100,112
2052200264,2022,2022-12-22,1612709922,1612709930,109,90
2052200268,2022,2022-12-22,1612709925,1612709914,105,111
2052200271,2022,2022-12-22,1612709931,1612709919,114,113
2052200265,2022,2022-12-22,1612709921,1612709918,108,123
2052200269,2022,2022-12-22,1612709889,1612709910,131,132
22200478,2022,2022-12-22,1610612762,1610612764,120,112
2052200258,2022,2022-12-21,1612709902,1612709928,105,108
2052200260,2022,2022-12-21,1612709889,1612709925,133,102
22200474,2022,2022-12-21,1610612760,1610612757,101,98
22200470,2022,2022-12-21,1610612751,1610612744,143,113
2052200262,2022,2022-12-21,1612709931,1612709920,124,110
22200466,2022,2022-12-21,1610612739,1610612749,114,106
2052200259,2022,2022-12-21,1612709903,1612709917,100,110
22200473,2022,2022-12-21,1610612750,1610612742,99,104
2052200261,2022,2022-12-21,1612709890,1612709927,112,114
22200472,2022,2022-12-21,1610612745,1610612753,110,116
22200476,2022,2022-12-21,1610612746,1610612766,126,105
22200468,2022,2022-12-21,1610612737,1610612741,108,110
2052200257,2022,2022-12-21,1612709905,1612709929,115,113
22200467,2022,2022-12-21,1610612755,1610612765,113,93
22200475,2022,2022-12-21,1610612758,1610612747,134,120
22200471,2022,2022-12-21,1610612752,1610612761,106,113
2052200263,2022,2022-12-21,1612709904,1612709909,113,118
22200469,2022,2022-12-21,1610612738,1610612754,112,117
2052200256,2022,2022-12-21,1612709908,1612709911,125,119
2052200248,2022,2022-12-20,1612709910,1612709902,134,96
2052200250,2022,2022-12-20,1612709920,1612709918,115,123
2052200254,2022,2022-12-20,1612709893,1612709923,94,96
22200464,2022,2022-12-20,1610612756,1610612764,110,113
22200463,2022,2022-12-20,1610612752,1610612744,132,94
2052200249,2022,2022-12-20,1612709927,1612709913,99,85
2052200253,2022,2022-12-20,1612709919,1612709926,90,101
22200461,2022,2022-12-20,1610612765,1610612762,111,126
2052200247,2022,2022-12-20,1612709904,1612709922,108,91
2052200255,2022,2022-12-20,1612709932,1612709930,96,88
2052200251,2022,2022-12-20,1612709921,1612709914,88,92
22200462,2022,2022-12-20,1610612748,1610612741,103,113
22200465,2022,2022-12-20,1610612743,1610612763,105,91
2052200252,2022,2022-12-20,1612709924,1612709915,124,112
2052200246,2022,2022-12-19,1612709929,1612709893,104,120
22200452,2022,2022-12-19,1610612739,1610612762,122,99
22200455,2022,2022-12-19,1610612745,1610612759,105,124
22200458,2022,2022-12-19,1610612760,1610612757,123,121
2052200243,2022,2022-12-19,1612709908,1612709923,96,102
22200457,2022,2022-12-19,1610612740,1610612749,119,128
22200460,2022,2022-12-19,1610612758,1610612766,119,125
2052200242,2022,2022-12-19,1612709905,1612709915,106,112
22200456,2022,2022-12-19,1610612750,1610612742,116,106
22200454,2022,2022-12-19,1610612737,1610612753,126,125
2052200245,2022,2022-12-19,1612709928,1612709903,109,104
22200453,2022,2022-12-19,1610612755,1610612761,104,101
2052200241,2022,2022-12-19,1612709909,1612709890,127,107
2052200244,2022,2022-12-19,1612709924,1612709911,121,95
22200459,2022,2022-12-19,1610612756,1610612747,130,104
22200447,2022,2022-12-18,1610612765,1610612751,121,124
22200445,2022,2022-12-18,1610612738,1610612753,92,95
22200451,2022,2022-12-18,1610612747,1610612764,119,117
22200450,2022,2022-12-18,1610612743,1610612766,119,115
22200448,2022,2022-12-18,1610612761,1610612744,110,126
22200449,2022,2022-12-18,1610612750,1610612741,150,126
22200446,2022,2022-12-18,1610612754,1610612752,106,109
22200442,2022,2022-12-17,1610612749,1610612762,123,97
22200438,2022,2022-12-17,1610612746,1610612764,102,93
2052200239,2022,2022-12-17,1612709923,1612709917,129,118
22200440,2022,2022-12-17,1610612739,1610612742,100,99
2052200240,2022,2022-12-17,1612709905,1612709914,122,117
2052200238,2022,2022-12-17,1612709926,1612709913,96,104
22200444,2022,2022-12-17,1610612756,1610612740,118,114
22200443,2022,2022-12-17,1610612760,1610612763,115,109
22200441,2022,2022-12-17,1610612745,1610612757,95,107
22200439,2022,2022-12-17,1610612759,1610612748,101,111
2052200232,2022,2022-12-16,1612709920,1612709929,116,134
22200436,2022,2022-12-16,1610612742,1610612757,130,110
22200435,2022,2022-12-16,1610612760,1610612750,110,112
22200429,2022,2022-12-16,1610612765,1610612758,113,122
22200433,2022,2022-12-16,1610612761,1610612751,116,119
2052200237,2022,2022-12-16,1612709902,1612709930,118,122
2052200230,2022,2022-12-16,1612709925,1612709918,112,105
2052200231,2022,2022-12-16,1612709919,1612709909,113,122
22200432,2022,2022-12-16,1610612755,1610612744,118,106
2052200236,2022,2022-12-16,1612709927,1612709910,114,128
2052200234,2022,2022-12-16,1612709926,1612709908,117,113
22200431,2022,2022-12-16,1610612739,1610612754,118,112
2052200235,2022,2022-12-16,1612709923,1612709917,103,106
2052200233,2022,2022-12-16,1612709931,1612709890,112,102
22200434,2022,2022-12-16,1610612741,1610612752,91,114
22200437,2022,2022-12-16,1610612747,1610612743,126,108
22200428,2022,2022-12-16,1610612766,1610612737,106,125
22200430,2022,2022-12-16,1610612738,1610612753,109,117
2052200228,2022,2022-12-15,1612709911,1612709893,133,130
22200424,2022,2022-12-15,1610612745,1610612748,108,111
22200426,2022,2022-12-15,1610612762,1610612740,132,129
22200427,2022,2022-12-15,1610612746,1610612756,95,111
2052200226,2022,2022-12-15,1612709921,1612709919,100,96
22200425,2022,2022-12-15,1610612763,1610612749,142,101
2052200229,2022,2022-12-15,1612709924,1612709905,95,131
2052200227,2022,2022-12-15,1612709915,1612709922,136,87
2052200225,2022,2022-12-15,1612709925,1612709913,101,95
2052200219,2022,2022-12-14,1612709932,1612709923,99,110
22200415,2022,2022-12-14,1610612754,1610612744,125,119
2052200222,2022,2022-12-14,1612709903,1612709889,123,102
2052200223,2022,2022-12-14,1612709905,1612709902,128,116
22200422,2022,2022-12-14,1610612743,1610612764,141,128
2052200217,2022,2022-12-14,1612709929,1612709909,120,117
22200414,2022,2022-12-14,1610612766,1610612765,134,141
22200421,2022,2022-12-14,1610612742,1610612739,90,105
2052200218,2022,2022-12-14,1612709917,1612709904,105,108
2052200221,2022,2022-12-14,1612709920,1612709928,111,103
22200419,2022,2022-12-14,1610612760,1610612748,108,110
2052200220,2022,2022-12-14,1612709927,1612709910,110,128
22200417,2022,2022-12-14,1610612761,1610612758,123,124
22200416,2022,2022-12-14,1610612753,1610612737,135,124
22200423,2022,2022-12-14,1610612746,1610612750,99,88
22200420,2022,2022-12-14,1610612759,1610612757,112,128
22200418,2022,2022-12-14,1610612741,1610612752,120,128
22200411,2022,2022-12-13,1610612745,1610612756,111,97
2052200216,2022,2022-12-13,1612709903,1612709889,119,105
22200409,2022,2022-12-13,1610612755,1610612758,123,103
22200413,2022,2022-12-13,1610612747,1610612738,118,122
22200412,2022,2022-12-13,1610612762,1610612740,121,100
22200410,2022,2022-12-13,1610612749,1610612744,128,111
2052200215,2022,2022-12-13,1612709926,1612709925,132,130
2052200214,2022,2022-12-13,1612709921,1612709919,116,107
2052200213,2022,2022-12-13,1612709914,1612709924,128,85
22200407,2022,2022-12-12,1610612757,1610612750,133,112
22200405,2022,2022-12-12,1610612742,1610612760,121,114
22200406,2022,2022-12-12,1610612759,1610612739,112,111
2052200209,2022,2022-12-12,1612709929,1612709909,127,119
2052200212,2022,2022-12-12,1612709911,1612709932,121,110
2052200208,2022,2022-12-12,1612709893,1612709923,114,108
22200404,2022,2022-12-12,1610612763,1610612737,128,103
2052200211,2022,2022-12-12,1612709921,1612709928,91,105
22200408,2022,2022-12-12,1610612746,1610612738,113,93
2052200210,2022,2022-12-12,1612709917,1612709904,83,89
22200402,2022,2022-12-12,1610612754,1610612748,82,87
22200403,2022,2022-12-12,1610612764,1610612751,100,112
2052200204,2022,2022-12-11,1612709928,1612709922,105,112
22200396,2022,2022-12-11,1610612765,1610612747,117,124
2052200207,2022,2022-12-11,1612709930,1612709914,102,128
2052200206,2022,2022-12-11,1612709902,1612709889,122,111
2052200205,2022,2022-12-11,1612709915,1612709920,99,100
22200395,2022,2022-12-11,1610612740,1610612756,129,124
22200400,2022,2022-12-11,1610612737,1610612741,123,122
22200397,2022,2022-12-11,1610612752,1610612758,112,99
22200398,2022,2022-12-11,1610612753,1610612761,111,99
22200401,2022,2022-12-11,1610612745,1610612749,97,92
2052200224,2022,2022-12-11,1612709890,1612709931,122,105
22200399,2022,2022-12-11,1610612755,1610612766,131,113
22200393,2022,2022-12-10,1610612743,1610612762,115,110
22200387,2022,2022-12-10,1610612748,1610612759,111,115
2052200202,2022,2022-12-10,1612709918,1612709926,102,117
22200389,2022,2022-12-10,1610612764,1610612746,107,114
22200388,2022,2022-12-10,1610612754,1610612751,133,136
2052200198,2022,2022-12-10,1612709925,1612709908,93,95
22200391,2022,2022-12-10,1610612741,1610612742,144,115
2052200201,2022,2022-12-10,1612709923,1612709910,128,98
22200390,2022,2022-12-10,1610612739,1610612760,110,102
2052200199,2022,2022-12-10,1612709911,1612709917,131,109
22200394,2022,2022-12-10,1610612757,1610612750,124,118
2052200200,2022,2022-12-10,1612709904,1612709932,118,95
22200392,2022,2022-12-10,1610612744,1610612738,123,107
2052200203,2022,2022-12-10,1612709903,1612709924,93,106
22200379,2022,2022-12-09,1610612753,1610612761,113,109
2052200188,2022,2022-12-09,1612709928,1612709921,90,106
2052200190,2022,2022-12-09,1612709925,1612709908,126,133
2052200193,2022,2022-12-09,1612709904,1612709932,113,102
22200378,2022,2022-12-09,1610612754,1610612764,121,111
2052200192,2022,2022-12-09,1612709911,1612709917,120,104
22200385,2022,2022-12-09,1610612762,1610612750,108,118
22200380,2022,2022-12-09,1610612751,1610612737,120,116
22200381,2022,2022-12-09,1610612739,1610612758,95,106
2052200197,2022,2022-12-09,1612709914,1612709889,105,114
22200384,2022,2022-12-09,1610612740,1610612756,128,117
2052200189,2022,2022-12-09,1612709909,1612709919,108,113
2052200191,2022,2022-12-09,1612709915,1612709920,106,100
22200377,2022,2022-12-09,1610612766,1610612752,102,121
2052200196,2022,2022-12-09,1612709902,1612709905,111,100
2052200195,2022,2022-12-09,1612709918,1612709890,129,121
22200383,2022,2022-12-09,1610612763,1610612765,114,103
2052200194,2022,2022-12-09,1612709923,1612709910,129,119
22200386,2022,2022-12-09,1610612742,1610612749,105,106
22200382,2022,2022-12-09,1610612755,1610612747,133,122
2052200187,2022,2022-12-08,1612709903,1612709924,117,124
2052200186,2022,2022-12-08,1612709913,1612709926,109,114
22200375,2022,2022-12-08,1610612759,1610612745,118,109
22200376,2022,2022-12-08,1610612757,1610612743,120,121
22200374,2022,2022-12-08,1610612748,1610612746,115,110
22200373,2022,2022-12-07,1610612756,1610612738,98,125
22200372,2022,2022-12-07,1610612762,1610612744,124,123
2052200184,2022,2022-12-07,1612709908,1612709890,107,95
22200364,2022,2022-12-07,1610612751,1610612766,122,116
22200371,2022,2022-12-07,1610612740,1610612765,104,98
22200370,2022,2022-12-07,1610612750,1610612754,121,115
22200369,2022,2022-12-07,1610612749,1610612758,126,113
22200363,2022,2022-12-07,1610612753,1610612746,116,111
2052200185,2022,2022-12-07,1612709914,1612709889,94,107
22200367,2022,2022-12-07,1610612741,1610612764,115,111
22200368,2022,2022-12-07,1610612763,1610612760,123,102
22200365,2022,2022-12-07,1610612752,1610612737,113,89
2052200182,2022,2022-12-07,1612709893,1612709910,115,105
22200366,2022,2022-12-07,1610612761,1610612747,126,113
2052200183,2022,2022-12-07,1612709921,1612709909,130,114
2052200179,2022,2022-12-06,1612709913,1612709918,138,135
22200362,2022,2022-12-06,1610612743,1610612742,115,116
22200360,2022,2022-12-06,1610612739,1610612747,116,102
22200361,2022,2022-12-06,1610612748,1610612765,96,116
2052200178,2022,2022-12-06,1612709904,1612709927,100,80
2052200177,2022,2022-12-06,1612709920,1612709922,114,101
2052200181,2022,2022-12-06,1612709930,1612709905,113,115
2052200180,2022,2022-12-06,1612709926,1612709931,112,126
2052200176,2022,2022-12-06,1612709929,1612709915,119,101
22200357,2022,2022-12-05,1610612763,1610612748,101,93
22200358,2022,2022-12-05,1610612742,1610612756,130,111
2052200173,2022,2022-12-05,1612709919,1612709928,131,111
22200353,2022,2022-12-05,1610612753,1610612749,102,109
2052200171,2022,2022-12-05,1612709910,1612709911,132,127
22200352,2022,2022-12-05,1610612766,1610612746,117,119
22200356,2022,2022-12-05,1610612745,1610612755,132,123
22200354,2022,2022-12-05,1610612737,1610612760,114,121
2052200175,2022,2022-12-05,1612709903,1612709914,103,121
2052200170,2022,2022-12-05,1612709893,1612709923,109,107
22200355,2022,2022-12-05,1610612761,1610612738,110,116
22200359,2022,2022-12-05,1610612744,1610612754,104,112
2052200174,2022,2022-12-05,1612709908,1612709890,120,93
2052200169,2022,2022-12-05,1612709920,1612709922,101,116
2052200172,2022,2022-12-05,1612709921,1612709909,125,123
22200351,2022,2022-12-04,1610612757,1610612754,116,100
22200350,2022,2022-12-04,1610612758,1610612741,110,101
2052200167,2022,2022-12-04,1612709913,1612709931,102,116
2052200164,2022,2022-12-04,1612709929,1612709915,127,106
22200344,2022,2022-12-04,1610612740,1610612743,121,106
22200348,2022,2022-12-04,1610612752,1610612739,92,81
22200345,2022,2022-12-04,1610612759,1610612756,95,133
22200347,2022,2022-12-04,1610612765,1610612763,112,122
22200349,2022,2022-12-04,1610612764,1610612747,119,130
2052200166,2022,2022-12-04,1612709904,1612709927,142,96
22200346,2022,2022-12-04,1610612751,1610612738,92,103
2052200165,2022,2022-12-04,1612709889,1612709924,89,117
2052200168,2022,2022-12-04,1612709930,1612709905,106,112
22200340,2022,2022-12-03,1610612761,1610612753,121,108
2052200161,2022,2022-12-03,1612709919,1612709928,108,105
2052200158,2022,2022-12-03,1612709929,1612709920,125,121
22200339,2022,2022-12-03,1610612766,1610612749,96,105
22200342,2022,2022-12-03,1610612744,1610612745,120,101
22200337,2022,2022-12-03,1610612752,1610612742,100,121
2052200160,2022,2022-12-03,1612709932,1612709911,113,110
22200341,2022,2022-12-03,1610612750,1610612760,128,135
2052200163,2022,2022-12-03,1612709914,1612709902,114,125
22200343,2022,2022-12-03,1610612762,1610612757,111,116
2052200162,2022,2022-12-03,1612709908,1612709925,114,107
22200338,2022,2022-12-03,1610612746,1610612758,96,123
2052200159,2022,2022-12-03,1612709910,1612709923,121,115
2052200156,2022,2022-12-02,1612709890,1612709926,116,117
2052200157,2022,2022-12-02,1612709914,1612709902,106,118
22200333,2022,2022-12-02,1610612759,1610612740,99,117
22200334,2022,2022-12-02,1610612756,1610612745,121,122
22200335,2022,2022-12-02,1610612762,1610612754,139,119
2052200153,2022,2022-12-02,1612709932,1612709911,106,116
22200328,2022,2022-12-02,1610612738,1610612748,116,120
22200331,2022,2022-12-02,1610612749,1610612747,129,133
2052200155,2022,2022-12-02,1612709913,1612709931,101,112
2052200154,2022,2022-12-02,1612709922,1612709915,123,120
22200336,2022,2022-12-02,1610612744,1610612741,119,111
22200326,2022,2022-12-02,1610612766,1610612764,117,116
22200330,2022,2022-12-02,1610612739,1610612753,107,96
22200332,2022,2022-12-02,1610612763,1610612755,117,109
22200329,2022,2022-12-02,1610612751,1610612761,114,105
22200327,2022,2022-12-02,1610612737,1610612743,117,109
2052200151,2022,2022-12-01,1612709890,1612709908,98,113
2052200150,2022,2022-12-01,1612709919,1612709929,141,100
2052200152,2022,2022-12-01,1612709905,1612709903,141,120
22200325,2022,2022-12-01,1610612765,1610612742,131,125
2052200149,2022,2022-12-01,1612709909,1612709920,127,117
22200319,2022,2022-11-30,1610612760,1610612759,119,111
22200316,2022,2022-11-30,1610612752,1610612749,103,109
2052200145,2022,2022-11-30,1612709917,1612709927,106,112
22200314,2022,2022-11-30,1610612738,1610612748,134,121
2052200148,2022,2022-11-30,1612709924,1612709889,119,101
22200317,2022,2022-11-30,1610612750,1610612763,109,101
22200315,2022,2022-11-30,1610612751,1610612764,113,107
22200318,2022,2022-11-30,1610612740,1610612761,126,108
22200324,2022,2022-11-30,1610612747,1610612757,128,109
2052200144,2022,2022-11-30,1612709928,1612709915,114,116
2052200143,2022,2022-11-30,1612709893,1612709904,115,103
2052200147,2022,2022-11-30,1612709930,1612709914,111,113
22200313,2022,2022-11-30,1610612753,1610612737,108,125
22200322,2022,2022-11-30,1610612762,1610612746,125,112
22200321,2022,2022-11-30,1610612756,1610612741,132,113
22200320,2022,2022-11-30,1610612743,1610612745,120,100
2052200146,2022,2022-11-30,1612709926,1612709918,120,113
22200323,2022,2022-11-30,1610612758,1610612754,137,114
22200312,2022,2022-11-30,1610612739,1610612755,113,85
2052200142,2022,2022-11-29,1612709905,1612709903,125,120
2052200136,2022,2022-11-29,1612709908,1612709913,107,102
2052200139,2022,2022-11-29,1612709917,1612709927,129,122
2052200138,2022,2022-11-29,1612709909,1612709915,125,123
22200309,2022,2022-11-29,1610612765,1610612752,110,140
2052200137,2022,2022-11-29,1612709893,1612709904,126,111
22200310,2022,2022-11-29,1610612742,1610612744,116,113
2052200140,2022,2022-11-29,1612709919,1612709922,119,106
22200311,2022,2022-11-29,1610612757,1610612746,112,118
2052200141,2022,2022-11-29,1612709926,1612709918,129,139
22200303,2022,2022-11-28,1610612761,1610612739,100,88
22200300,2022,2022-11-28,1610612764,1610612750,142,127
22200301,2022,2022-11-28,1610612738,1610612766,140,105
22200302,2022,2022-11-28,1610612751,1610612753,109,102
22200304,2022,2022-11-28,1610612740,1610612760,105,101
22200308,2022,2022-11-28,1610612747,1610612754,115,116
2052200131,2022,2022-11-28,1612709921,1612709929,101,124
2052200133,2022,2022-11-28,1612709919,1612709922,87,130
2052200134,2022,2022-11-28,1612709903,1612709930,121,90
2052200132,2022,2022-11-28,1612709932,1612709910,103,115
22200299,2022,2022-11-28,1610612755,1610612737,104,101
22200305,2022,2022-11-28,1610612743,1610612745,129,113
22200306,2022,2022-11-28,1610612762,1610612741,107,114
2052200135,2022,2022-11-28,1612709924,1612709889,97,111
22200307,2022,2022-11-28,1610612758,1610612756,117,122
2052200130,2022,2022-11-27,1612709913,1612709890,104,100
22200297,2022,2022-11-27,1610612753,1610612755,103,133
22200295,2022,2022-11-27,1610612765,1610612739,94,102
22200298,2022,2022-11-27,1610612749,1610612742,124,115
22200292,2022,2022-11-27,1610612746,1610612754,114,100
22200290,2022,2022-11-27,1610612751,1610612757,111,97
22200296,2022,2022-11-27,1610612752,1610612763,123,127
22200294,2022,2022-11-27,1610612738,1610612764,130,121
2052200126,2022,2022-11-27,1612709928,1612709929,113,131
2052200128,2022,2022-11-27,1612709917,1612709911,91,108
2052200129,2022,2022-11-27,1612709932,1612709910,102,103
2052200127,2022,2022-11-27,1612709909,1612709915,123,132
22200291,2022,2022-11-27,1610612750,1610612744,114,137
22200293,2022,2022-11-27,1610612737,1610612748,98,106
2052200122,2022,2022-11-26,1612709923,1612709893,119,99
2052200123,2022,2022-11-26,1612709927,1612709904,133,126
2052200124,2022,2022-11-26,1612709918,1612709908,132,143
22200286,2022,2022-11-26,1610612761,1610612742,105,100
2052200117,2022,2022-11-26,1612709913,1612709890,97,111
22200289,2022,2022-11-26,1610612756,1610612762,113,112
22200288,2022,2022-11-26,1610612759,1610612747,138,143
2052200120,2022,2022-11-26,1612709925,1612709931,128,103
2052200121,2022,2022-11-26,1612709919,1612709921,108,119
22200287,2022,2022-11-26,1610612745,1610612760,118,105
2052200125,2022,2022-11-26,1612709902,1612709914,103,110
2052200114,2022,2022-11-25,1612709910,1612709911,124,127
22200279,2022,2022-11-25,1610612763,1610612740,132,111
2052200116,2022,2022-11-25,1612709932,1612709917,123,107
22200276,2022,2022-11-25,1610612754,1610612751,128,117
22200283,2022,2022-11-25,1610612756,1610612765,108,102
22200280,2022,2022-11-25,1610612749,1610612739,117,102
22200284,2022,2022-11-25,1610612744,1610612762,129,118
2052200115,2022,2022-11-25,1612709925,1612709931,99,89
2052200112,2022,2022-11-25,1612709889,1612709903,112,111
22200272,2022,2022-11-25,1610612766,1610612750,110,108
2052200113,2022,2022-11-25,1612709909,1612709922,111,105
2052200119,2022,2022-11-25,1612709902,1612709930,108,100
22200274,2022,2022-11-25,1610612752,1610612757,129,132
22200275,2022,2022-11-25,1610612738,1610612758,122,104
22200277,2022,2022-11-25,1610612748,1610612764,110,107
2052200118,2022,2022-11-25,1612709918,1612709908,106,133
22200285,2022,2022-11-25,1610612746,1610612743,104,114
22200281,2022,2022-11-25,1610612760,1610612741,123,119
22200273,2022,2022-11-25,1610612753,1610612755,99,107
22200278,2022,2022-11-25,1610612745,1610612737,128,122
22200282,2022,2022-11-25,1610612759,1610612747,94,105
22200270,2022,2022-11-23,1610612762,1610612765,116,125
2052200108,2022,2022-11-23,1612709889,1612709905,115,133
22200268,2022,2022-11-23,1610612760,1610612743,126,131
2052200111,2022,2022-11-23,1612709908,1612709931,112,116
22200267,2022,2022-11-23,1610612749,1610612741,113,118
22200265,2022,2022-11-23,1610612748,1610612764,113,105
22200271,2022,2022-11-23,1610612744,1610612746,124,107
2052200109,2022,2022-11-23,1612709920,1612709921,113,116
22200261,2022,2022-11-23,1610612739,1610612757,114,96
22200264,2022,2022-11-23,1610612738,1610612742,125,112
22200260,2022,2022-11-23,1610612766,1610612755,107,101
22200266,2022,2022-11-23,1610612761,1610612751,98,112
2052200110,2022,2022-11-23,1612709904,1612709917,102,93
22200262,2022,2022-11-23,1610612754,1610612750,101,115
22200263,2022,2022-11-23,1610612737,1610612758,115,106
22200269,2022,2022-11-23,1610612759,1610612740,110,129
2052200106,2022,2022-11-22,1612709903,1612709902,128,97
22200257,2022,2022-11-22,1610612763,1610612758,109,113
2052200105,2022,2022-11-22,1612709918,1612709925,122,120
2052200107,2022,2022-11-22,1612709924,1612709930,101,88
2052200104,2022,2022-11-22,1612709919,1612709929,108,110
2052200103,2022,2022-11-22,1612709910,1612709893,143,101
22200256,2022,2022-11-22,1610612755,1610612751,115,106
22200259,2022,2022-11-22,1610612756,1610612747,115,105
22200258,2022,2022-11-22,1610612743,1610612765,108,110
2052200101,2022,2022-11-21,1612709903,1612709902,104,120
2052200100,2022,2022-11-21,1612709931,1612709908,115,120
2052200096,2022,2022-11-21,1612709928,1612709922,110,100
2052200095,2022,2022-11-21,1612709889,1612709905,92,141
22200248,2022,2022-11-21,1610612739,1610612737,114,102
22200252,2022,2022-11-21,1610612750,1610612748,105,101
22200250,2022,2022-11-21,1610612741,1610612738,121,107
22200249,2022,2022-11-21,1610612754,1610612753,123,102
22200251,2022,2022-11-21,1610612749,1610612757,119,111
2052200097,2022,2022-11-21,1612709920,1612709921,128,132
2052200099,2022,2022-11-21,1612709918,1612709925,141,133
22200254,2022,2022-11-21,1610612760,1610612752,119,129
2052200098,2022,2022-11-21,1612709926,1612709913,85,94
22200255,2022,2022-11-21,1610612746,1610612762,121,114
22200253,2022,2022-11-21,1610612740,1610612744,128,83
2052200102,2022,2022-11-21,1612709924,1612709930,115,95
22200241,2022,2022-11-20,1610612764,1610612766,106,102
2052200090,2022,2022-11-20,1612709915,1612709909,149,100
22200240,2022,2022-11-20,1610612756,1610612752,116,95
22200243,2022,2022-11-20,1610612751,1610612763,127,115
22200244,2022,2022-11-20,1610612739,1610612748,113,87
22200245,2022,2022-11-20,1610612745,1610612744,120,127
22200246,2022,2022-11-20,1610612742,1610612743,97,98
2052200091,2022,2022-11-20,1612709929,1612709919,97,105
2052200094,2022,2022-11-20,1612709910,1612709893,122,93
2052200093,2022,2022-11-20,1612709911,1612709927,119,102
22200242,2022,2022-11-20,1610612758,1610612765,137,129
22200247,2022,2022-11-20,1610612747,1610612759,123,92
2052200092,2022,2022-11-20,1612709890,1612709931,110,117
22200236,2022,2022-11-19,1610612754,1610612753,114,113
2052200087,2022,2022-11-19,1612709904,1612709923,99,94
2052200084,2022,2022-11-19,1612709893,1612709932,120,100
22200239,2022,2022-11-19,1610612746,1610612759,119,97
2052200088,2022,2022-11-19,1612709908,1612709926,116,127
22200237,2022,2022-11-19,1610612755,1610612750,109,112
22200235,2022,2022-11-19,1610612737,1610612761,124,122
2052200086,2022,2022-11-19,1612709911,1612709927,118,102
22200238,2022,2022-11-19,1610612757,1610612762,113,118
2052200085,2022,2022-11-19,1612709922,1612709921,91,93
2052200089,2022,2022-11-19,1612709902,1612709905,91,111
2052200078,2022,2022-11-18,1612709922,1612709921,96,119
22200231,2022,2022-11-18,1610612740,1610612738,109,117
22200227,2022,2022-11-18,1610612741,1610612753,107,108
22200229,2022,2022-11-18,1610612763,1610612760,121,110
2052200083,2022,2022-11-18,1612709930,1612709903,112,107
2052200080,2022,2022-11-18,1612709931,1612709925,110,100
2052200079,2022,2022-11-18,1612709915,1612709928,93,104
2052200077,2022,2022-11-18,1612709909,1612709920,141,129
22200225,2022,2022-11-18,1610612739,1610612766,132,122
2052200082,2022,2022-11-18,1612709918,1612709913,114,117
22200224,2022,2022-11-18,1610612764,1610612748,107,106
22200230,2022,2022-11-18,1610612742,1610612743,127,99
22200226,2022,2022-11-18,1610612755,1610612749,110,102
22200234,2022,2022-11-18,1610612747,1610612765,128,121
22200233,2022,2022-11-18,1610612744,1610612752,111,101
22200228,2022,2022-11-18,1610612745,1610612754,91,99
2052200081,2022,2022-11-18,1612709904,1612709923,93,115
22200232,2022,2022-11-18,1610612762,1610612756,134,133
2052200074,2022,2022-11-17,1612709908,1612709926,149,124
2052200072,2022,2022-11-17,1612709915,1612709928,105,103
22200221,2022,2022-11-17,1610612757,1610612751,107,109
2052200071,2022,2022-11-17,1612709893,1612709911,119,108
2052200073,2022,2022-11-17,1612709932,1612709927,105,117
2052200075,2022,2022-11-17,1612709924,1612709903,117,107
2052200076,2022,2022-11-17,1612709914,1612709905,100,96
2052200070,2022,2022-11-17,1612709890,1612709913,85,103
22200223,2022,2022-11-17,1610612746,1610612765,96,91
22200222,2022,2022-11-17,1610612758,1610612759,130,112
22200211,2022,2022-11-16,1610612766,1610612754,113,125
22200215,2022,2022-11-16,1610612761,1610612748,112,104
22200217,2022,2022-11-16,1610612740,1610612741,124,110
22200220,2022,2022-11-16,1610612756,1610612744,130,119
22200219,2022,2022-11-16,1610612743,1610612752,103,106
22200212,2022,2022-11-16,1610612753,1610612750,108,126
22200218,2022,2022-11-16,1610612742,1610612745,92,101
2052200069,2022,2022-11-16,1612709931,1612709918,114,127
22200216,2022,2022-11-16,1610612749,1610612739,113,98
2052200068,2022,2022-11-16,1612709889,1612709930,95,110
22200213,2022,2022-11-16,1610612764,1610612760,120,121
22200214,2022,2022-11-16,1610612737,1610612738,101,126
2052200064,2022,2022-11-15,1612709927,1612709932,137,112
2052200060,2022,2022-11-15,1612709922,1612709920,116,123
22200207,2022,2022-11-15,1610612742,1610612746,103,101
2052200067,2022,2022-11-15,1612709924,1612709914,116,112
22200209,2022,2022-11-15,1610612757,1610612759,117,110
22200210,2022,2022-11-15,1610612758,1610612751,153,121
2052200063,2022,2022-11-15,1612709921,1612709915,111,117
2052200065,2022,2022-11-15,1612709913,1612709925,128,131
2052200061,2022,2022-11-15,1612709928,1612709929,145,123
2052200066,2022,2022-11-15,1612709890,1612709926,102,99
22200206,2022,2022-11-15,1610612740,1610612763,113,102
2052200062,2022,2022-11-15,1612709917,1612709893,122,116
22200208,2022,2022-11-15,1610612762,1610612752,111,118
22200202,2022,2022-11-14,1610612748,1610612756,113,112
22200203,2022,2022-11-14,1610612745,1610612746,106,122
22200204,2022,2022-11-14,1610612749,1610612737,106,121
2052200059,2022,2022-11-14,1612709924,1612709914,102,96
22200200,2022,2022-11-14,1610612753,1610612766,105,112
22200205,2022,2022-11-14,1610612744,1610612759,132,95
22200201,2022,2022-11-14,1610612738,1610612760,126,122
2052200057,2022,2022-11-14,1612709889,1612709930,104,88
2052200058,2022,2022-11-14,1612709931,1612709918,120,97
22200199,2022,2022-11-14,1610612765,1610612761,111,115
2052200054,2022,2022-11-13,1612709921,1612709915,104,115
22200196,2022,2022-11-13,1610612741,1610612743,103,126
2052200055,2022,2022-11-13,1612709917,1612709893,106,121
22200197,2022,2022-11-13,1610612758,1610612744,122,115
22200195,2022,2022-11-13,1610612755,1610612762,105,98
2052200056,2022,2022-11-13,1612709923,1612709911,121,105
22200192,2022,2022-11-13,1610612752,1610612760,135,145
22200198,2022,2022-11-13,1610612747,1610612751,116,103
22200193,2022,2022-11-13,1610612739,1610612750,124,129
22200194,2022,2022-11-13,1610612764,1610612763,102,92
2052200049,2022,2022-11-12,1612709925,1612709890,98,106
22200191,2022,2022-11-12,1610612740,1610612745,119,106
22200190,2022,2022-11-12,1610612742,1610612757,117,112
2052200053,2022,2022-11-12,1612709930,1612709902,125,115
2052200052,2022,2022-11-12,1612709918,1612709913,129,103
2052200045,2022,2022-11-12,1612709909,1612709928,110,119
22200188,2022,2022-11-12,1610612755,1610612737,121,109
22200186,2022,2022-11-12,1610612765,1610612738,108,117
2052200047,2022,2022-11-12,1612709922,1612709929,130,131
22200187,2022,2022-11-12,1610612754,1610612761,118,104
22200189,2022,2022-11-12,1610612748,1610612766,132,115
2052200046,2022,2022-11-12,1612709923,1612709911,126,121
2052200050,2022,2022-11-12,1612709927,1612709932,135,133
22200184,2022,2022-11-12,1610612746,1610612751,95,110
2052200051,2022,2022-11-12,1612709905,1612709924,105,112
2052200048,2022,2022-11-12,1612709910,1612709904,114,124
22200185,2022,2022-11-12,1610612764,1610612762,121,112
2052200044,2022,2022-11-11,1612709914,1612709903,109,95
22200182,2022,2022-11-11,1610612744,1610612739,106,101
2052200041,2022,2022-11-11,1612709925,1612709890,117,107
22200176,2022,2022-11-11,1610612738,1610612743,131,112
22200183,2022,2022-11-11,1610612747,1610612758,114,120
22200179,2022,2022-11-11,1610612760,1610612761,132,113
2052200042,2022,2022-11-11,1612709920,1612709919,110,109
22200177,2022,2022-11-11,1610612753,1610612756,114,97
22200178,2022,2022-11-11,1610612752,1610612765,121,112
22200180,2022,2022-11-11,1610612759,1610612749,111,93
2052200040,2022,2022-11-11,1612709922,1612709929,118,117
2052200043,2022,2022-11-11,1612709908,1612709913,112,104
22200181,2022,2022-11-11,1610612763,1610612750,114,103
2052200034,2022,2022-11-10,1612709920,1612709919,122,115
22200175,2022,2022-11-10,1610612740,1610612757,95,106
22200173,2022,2022-11-10,1610612737,1610612755,104,95
2052200033,2022,2022-11-10,1612709927,1612709893,93,96
2052200037,2022,2022-11-10,1612709931,1612709926,108,93
2052200032,2022,2022-11-10,1612709917,1612709932,96,106
2052200035,2022,2022-11-10,1612709904,1612709910,127,117
22200172,2022,2022-11-10,1610612764,1610612742,113,105
2052200031,2022,2022-11-10,1612709909,1612709928,116,120
22200174,2022,2022-11-10,1610612748,1610612766,117,112
2052200038,2022,2022-11-10,1612709905,1612709924,113,130
2052200039,2022,2022-11-10,1612709914,1612709903,108,122
2052200036,2022,2022-11-10,1612709889,1612709902,107,115
2052200029,2022,2022-11-09,1612709889,1612709902,124,102
22200164,2022,2022-11-09,1610612751,1610612752,112,85
22200169,2022,2022-11-09,1610612759,1610612763,122,124
22200165,2022,2022-11-09,1610612761,1610612745,116,109
22200163,2022,2022-11-09,1610612738,1610612765,128,112
22200171,2022,2022-11-09,1610612758,1610612739,127,120
22200161,2022,2022-11-09,1610612753,1610612742,94,87
22200160,2022,2022-11-09,1610612754,1610612743,119,122
22200170,2022,2022-11-09,1610612746,1610612747,114,101
22200159,2022,2022-11-09,1610612766,1610612757,95,105
22200162,2022,2022-11-09,1610612737,1610612762,119,125
2052200030,2022,2022-11-09,1612709927,1612709893,103,112
22200167,2022,2022-11-09,1610612750,1610612756,117,129
22200168,2022,2022-11-09,1610612760,1610612749,132,136
22200166,2022,2022-11-09,1610612741,1610612740,111,115
22200154,2022,2022-11-07,1610612759,1610612743,109,115
2052200028,2022,2022-11-07,1612709905,1612709930,114,103
22200156,2022,2022-11-07,1610612744,1610612758,116,113
22200153,2022,2022-11-07,1610612750,1610612752,107,120
22200157,2022,2022-11-07,1610612762,1610612747,139,116
22200155,2022,2022-11-07,1610612742,1610612751,96,94
22200144,2022,2022-11-07,1610612766,1610612764,100,108
2052200026,2022,2022-11-07,1612709932,1612709923,109,125
2052200027,2022,2022-11-07,1612709931,1612709926,101,111
22200145,2022,2022-11-07,1610612753,1610612745,127,134
22200158,2022,2022-11-07,1610612746,1610612739,119,117
22200152,2022,2022-11-07,1610612763,1610612738,106,109
22200149,2022,2022-11-07,1610612737,1610612749,117,98
22200148,2022,2022-11-07,1610612755,1610612756,100,88
22200151,2022,2022-11-07,1610612741,1610612761,111,97
22200150,2022,2022-11-07,1610612748,1610612757,107,110
22200147,2022,2022-11-07,1610612754,1610612740,129,122
22200146,2022,2022-11-07,1610612765,1610612760,112,103
2052200021,2022,2022-11-06,1612709911,1612709904,120,99
22200143,2022,2022-11-06,1610612746,1610612762,102,110
22200141,2022,2022-11-06,1610612761,1610612741,113,104
22200140,2022,2022-11-06,1610612747,1610612739,100,114
2052200019,2022,2022-11-06,1612709929,1612709921,129,119
2052200018,2022,2022-11-06,1612709915,1612709919,121,114
2052200025,2022,2022-11-06,1612709930,1612709903,119,120
2052200022,2022,2022-11-06,1612709910,1612709917,130,123
2052200023,2022,2022-11-06,1612709913,1612709925,122,130
2052200020,2022,2022-11-06,1612709928,1612709920,125,107
22200142,2022,2022-11-06,1610612763,1610612764,103,97
2052200024,2022,2022-11-06,1612709931,1612709908,120,84
22200134,2022,2022-11-05,1610612737,1610612740,124,121
2052200017,2022,2022-11-05,1612709902,1612709924,110,116
2052200016,2022,2022-11-05,1612709905,1612709914,127,122
2052200014,2022,2022-11-05,1612709911,1612709904,123,105
2052200012,2022,2022-11-05,1612709910,1612709917,152,129
22200139,2022,2022-11-05,1610612756,1610612757,102,82
2052200015,2022,2022-11-05,1612709923,1612709927,102,112
22200137,2022,2022-11-05,1610612750,1610612745,129,117
22200136,2022,2022-11-05,1610612749,1610612760,108,94
22200138,2022,2022-11-05,1610612743,1610612759,126,101
2052200013,2022,2022-11-05,1612709890,1612709918,127,122
2052200010,2022,2022-11-05,1612709928,1612709920,107,110
22200135,2022,2022-11-05,1610612752,1610612738,118,133
22200133,2022,2022-11-05,1610612766,1610612751,94,98
2052200011,2022,2022-11-05,1612709922,1612709909,104,112
22200132,2022,2022-11-05,1610612753,1610612758,123,126
22200130,2022,2022-11-04,1610612756,1610612757,106,108
2052200009,2022,2022-11-04,1612709902,1612709924,129,128
2052200006,2022,2022-11-04,1612709927,1612709923,110,115
2052200004,2022,2022-11-04,1612709915,1612709919,119,111
22200126,2022,2022-11-04,1610612759,1610612746,106,113
2052200008,2022,2022-11-04,1612709930,1612709889,125,134
22200122,2022,2022-11-04,1610612755,1610612752,104,106
22200129,2022,2022-11-04,1610612750,1610612749,102,115
22200124,2022,2022-11-04,1610612738,1610612741,123,119
22200123,2022,2022-11-04,1610612764,1610612751,86,128
22200120,2022,2022-11-04,1610612765,1610612739,88,112
22200121,2022,2022-11-04,1610612754,1610612748,101,99
2052200001,2022,2022-11-04,1612709893,1612709932,113,111
2052200007,2022,2022-11-04,1612709890,1612709918,113,120
22200125,2022,2022-11-04,1610612763,1610612766,130,99
22200131,2022,2022-11-04,1610612747,1610612762,116,130
2052200003,2022,2022-11-04,1612709922,1612709909,128,108
2052200002,2022,2022-11-04,1612709929,1612709921,134,93
22200127,2022,2022-11-04,1610612742,1610612761,111,110
22200128,2022,2022-11-04,1610612740,1610612744,114,105
2052200005,2022,2022-11-04,1612709926,1612709925,123,105
22200119,2022,2022-11-03,1610612760,1610612743,110,122
22200118,2022,2022-11-03,1610612753,1610612744,130,129
22200112,2022,2022-11-02,1610612745,1610612746,101,109
22200115,2022,2022-11-02,1610612742,1610612762,103,100
22200107,2022,2022-11-02,1610612739,1610612738,114,113
22200113,2022,2022-11-02,1610612749,1610612765,116,91
22200114,2022,2022-11-02,1610612759,1610612761,100,143
22200116,2022,2022-11-02,1610612757,1610612763,106,111
22200110,2022,2022-11-02,1610612752,1610612737,99,112
22200108,2022,2022-11-02,1610612755,1610612764,111,121
22200117,2022,2022-11-02,1610612747,1610612740,120,117
22200109,2022,2022-11-02,1610612748,1610612758,110,107
22200111,2022,2022-11-02,1610612741,1610612766,106,88
22200106,2022,2022-11-01,1610612756,1610612750,116,107
22200105,2022,2022-11-01,1610612760,1610612753,116,108
22200104,2022,2022-11-01,1610612748,1610612744,116,109
22200103,2022,2022-11-01,1610612751,1610612741,99,108
22200102,2022,2022-10-31,1610612746,1610612745,95,93
22200097,2022,2022-10-31,1610612764,1610612755,111,118
22200101,2022,2022-10-31,1610612762,1610612763,121,105
22200096,2022,2022-10-31,1610612766,1610612758,108,115
22200098,2022,2022-10-31,1610612751,1610612754,116,109
22200099,2022,2022-10-31,1610612761,1610612737,139,109
22200100,2022,2022-10-31,1610612749,1610612765,110,108
22200095,2022,2022-10-30,1610612747,1610612743,121,110
22200090,2022,2022-10-30,1610612739,1610612752,121,108
22200088,2022,2022-10-30,1610612746,1610612740,91,112
22200089,2022,2022-10-30,1610612738,1610612764,112,94
22200092,2022,2022-10-30,1610612759,1610612750,107,98
22200094,2022,2022-10-30,1610612756,1610612745,124,109
22200093,2022,2022-10-30,1610612742,1610612753,114,105
22200091,2022,2022-10-30,1610612765,1610612744,128,114
22200084,2022,2022-10-29,1610612741,1610612755,109,114
22200086,2022,2022-10-29,1610612742,1610612760,111,117
22200083,2022,2022-10-29,1610612751,1610612754,116,125
22200085,2022,2022-10-29,1610612749,1610612737,123,115
22200082,2022,2022-10-29,1610612766,1610612744,120,113
22200087,2022,2022-10-29,1610612762,1610612763,124,123
22200081,2022,2022-10-29,1610612758,1610612748,119,113
22200070,2022,2022-10-28,1610612765,1610612737,112,136
22200077,2022,2022-10-28,1610612759,1610612741,129,124
22200080,2022,2022-10-28,1610612757,1610612745,125,111
22200074,2022,2022-10-28,1610612764,1610612754,117,127
22200071,2022,2022-10-28,1610612753,1610612766,113,93
22200072,2022,2022-10-28,1610612738,1610612739,123,132
22200073,2022,2022-10-28,1610612761,1610612755,90,112
22200076,2022,2022-10-28,1610612750,1610612747,111,102
22200079,2022,2022-10-28,1610612756,1610612740,124,111
22200075,2022,2022-10-28,1610612749,1610612752,119,108
22200078,2022,2022-10-28,1610612743,1610612762,117,101
22200066,2022,2022-10-27,1610612751,1610612742,125,129
22200067,2022,2022-10-27,1610612760,1610612746,118,110
22200069,2022,2022-10-27,1610612758,1610612763,110,125
22200068,2022,2022-10-27,1610612744,1610612748,123,110
22200062,2022,2022-10-26,1610612750,1610612759,134,122
22200059,2022,2022-10-26,1610612761,1610612755,119,109
22200057,2022,2022-10-26,1610612765,1610612737,113,118
22200064,2022,2022-10-26,1610612743,1610612747,110,99
22200058,2022,2022-10-26,1610612752,1610612766,134,131
22200056,2022,2022-10-26,1610612739,1610612753,103,92
22200063,2022,2022-10-26,1610612762,1610612745,109,101
22200065,2022,2022-10-26,1610612757,1610612748,98,119
22200060,2022,2022-10-26,1610612749,1610612751,110,99
22200061,2022,2022-10-26,1610612741,1610612754,124,109
22200055,2022,2022-10-25,1610612756,1610612744,134,105
22200053,2022,2022-10-25,1610612740,1610612742,113,111
22200052,2022,2022-10-25,1610612764,1610612765,120,99
22200054,2022,2022-10-25,1610612760,1610612746,108,94
22200048,2022,2022-10-24,1610612745,1610612762,114,108
22200046,2022,2022-10-24,1610612752,1610612753,115,102
22200044,2022,2022-10-24,1610612755,1610612754,120,106
22200047,2022,2022-10-24,1610612741,1610612738,120,102
22200049,2022,2022-10-24,1610612763,1610612751,134,124
22200045,2022,2022-10-24,1610612748,1610612761,90,98
22200050,2022,2022-10-24,1610612750,1610612759,106,115
22200051,2022,2022-10-24,1610612757,1610612743,135,110
22200040,2022,2022-10-23,1610612740,1610612762,121,122
22200039,2022,2022-10-23,1610612739,1610612764,117,107
22200037,2022,2022-10-23,1610612747,1610612757,104,106
22200041,2022,2022-10-23,1610612760,1610612750,106,116
22200043,2022,2022-10-23,1610612746,1610612756,95,112
22200042,2022,2022-10-23,1610612744,1610612758,130,125
22200038,2022,2022-10-23,1610612737,1610612766,109,126
22200035,2022,2022-10-22,1610612743,1610612760,122,117
22200034,2022,2022-10-22,1610612742,1610612763,137,96
22200032,2022,2022-10-22,1610612741,1610612739,96,128
22200033,2022,2022-10-22,1610612749,1610612745,125,105
22200028,2022,2022-10-22,1610612755,1610612759,105,114
22200029,2022,2022-10-22,1610612754,1610612765,124,115
22200031,2022,2022-10-22,1610612748,1610612761,112,109
22200030,2022,2022-10-22,1610612753,1610612738,120,126
22200036,2022,2022-10-22,1610612758,1610612746,109,111
22200023,2022,2022-10-21,1610612752,1610612765,130,106
22200021,2022,2022-10-21,1610612751,1610612761,109,105
22200018,2022,2022-10-21,1610612754,1610612759,134,137
22200020,2022,2022-10-21,1610612737,1610612753,108,98
22200017,2022,2022-10-21,1610612766,1610612740,112,124
22200026,2022,2022-10-21,1610612744,1610612743,123,128
22200027,2022,2022-10-21,1610612757,1610612756,113,111
22200025,2022,2022-10-21,1610612750,1610612762,126,132
22200024,2022,2022-10-21,1610612745,1610612763,122,129
22200019,2022,2022-10-21,1610612764,1610612741,102,100
22200022,2022,2022-10-21,1610612748,1610612738,104,111
22200015,2022,2022-10-20,1610612755,1610612749,88,90
22200016,2022,2022-10-20,1610612747,1610612746,97,103
22200004,2022,2022-10-19,1610612754,1610612764,107,114
22200005,2022,2022-10-19,1610612737,1610612745,117,107
22200008,2022,2022-10-19,1610612761,1610612739,108,105
22200009,2022,2022-10-19,1610612763,1610612752,115,112
22200010,2022,2022-10-19,1610612750,1610612760,115,108
22200007,2022,2022-10-19,1610612748,1610612741,108,116
22200013,2022,2022-10-19,1610612756,1610612742,107,105
22200011,2022,2022-10-19,1610612759,1610612766,102,129
22200006,2022,2022-10-19,1610612751,1610612740,108,130
22200014,2022,2022-10-19,1610612758,1610612757,108,115
22200003,2022,2022-10-19,1610612765,1610612753,113,109
22200012,2022,2022-10-19,1610612762,1610612743,123,102
22200001,2022,2022-10-18,1610612738,1610612755,126,117
22200002,2022,2022-10-18,1610612744,1610612747,123,109
12200066,2022,2022-10-14,1610612750,1610612751,102,112
12200063,2022,2022-10-14,1610612753,1610612739,114,108
12200067,2022,2022-10-14,1610612740,1610612737,120,111
12200068,2022,2022-10-14,1610612762,1610612742,101,115
12200064,2022,2022-10-14,1610612761,1610612738,137,134
12200069,2022,2022-10-14,1610612744,1610612743,112,119
12200070,2022,2022-10-14,1610612758,1610612747,133,86
12200065,2022,2022-10-14,1610612752,1610612764,105,89
12200062,2022,2022-10-14,1610612754,1610612745,114,122
12200061,2022,2022-10-13,1610612759,1610612760,112,118
12200060,2022,2022-10-13,1610612765,1610612763,111,126
12200055,2022,2022-10-12,1610612748,1610612740,120,103
12200053,2022,2022-10-12,1610612754,1610612752,109,100
12200056,2022,2022-10-12,1610612749,1610612751,97,107
12200059,2022,2022-10-12,1610612746,1610612743,115,126
12200054,2022,2022-10-12,1610612755,1610612766,99,94
12200057,2022,2022-10-12,1610612747,1610612750,113,118
12200058,2022,2022-10-12,1610612756,1610612758,104,105
12200052,2022,2022-10-12,1610612739,1610612737,105,99
12200049,2022,2022-10-11,1610612741,1610612749,127,104
12200050,2022,2022-10-11,1610612762,1610612759,104,111
12200047,2022,2022-10-11,1610612765,1610612760,99,115
12200051,2022,2022-10-11,1610612744,1610612757,131,98
12200048,2022,2022-10-11,1610612753,1610612763,109,105
12200045,2022,2022-10-10,1610612748,1610612745,118,110
12200044,2022,2022-10-10,1610612739,1610612755,97,113
12200046,2022,2022-10-10,1610612743,1610612756,107,105
12200043,2022,2022-10-10,1610612766,1610612764,107,116
12200040,2022,2022-10-09,1610612744,1610612747,121,124
12200037,2022,2022-10-09,1610612761,1610612741,98,115
12200039,2022,2022-10-09,1610612759,1610612740,97,111
12200041,2022,2022-10-09,1610612758,1610612757,126,94
12200038,2022,2022-10-09,1610612760,50009,144,97
12200042,2022,2022-10-09,1610612746,1610612750,117,119
12200036,2022,2022-10-08,1610612749,1610612737,109,118
12200035,2022,2022-10-07,1610612742,1610612753,105,110
12200032,2022,2022-10-07,1610612745,1610612761,116,100
12200030,2022,2022-10-07,1610612752,1610612754,131,114
12200034,2022,2022-10-07,1610612740,1610612765,107,101
12200031,2022,2022-10-07,1610612741,1610612743,131,113
12200033,2022,2022-10-07,1610612763,1610612748,108,111
12200029,2022,2022-10-07,1610612766,1610612738,103,112
12200026,2022,2022-10-06,1610612759,1610612753,99,102
12200023,2022,2022-10-06,1610612737,1610612749,123,113
12200025,2022,2022-10-06,1610612760,15019,131,98
12200024,2022,2022-10-06,1610612751,1610612748,80,109
12200028,2022,2022-10-06,1610612747,1610612750,99,114
12200027,2022,2022-10-06,1610612757,50009,138,85
12200018,2022,2022-10-05,1610612766,1610612754,97,122
12200019,2022,2022-10-05,1610612755,1610612739,113,112
12200021,2022,2022-10-05,1610612760,1610612742,96,98
12200020,2022,2022-10-05,1610612738,1610612761,119,125
12200022,2022,2022-10-05,1610612747,1610612756,115,119
12200015,2022,2022-10-04,1610612748,1610612750,111,121
12200014,2022,2022-10-04,1610612752,1610612765,117,96
12200017,2022,2022-10-04,1610612757,1610612762,101,118
12200016,2022,2022-10-04,1610612741,1610612740,125,129
12200012,2022,2022-10-03,1610612747,1610612758,75,105
12200011,2022,2022-10-03,1610612743,1610612760,101,112
12200010,2022,2022-10-03,1610612763,1610612753,109,97
12200009,2022,2022-10-03,1610612751,1610612755,108,127
12200013,2022,2022-10-03,1610612746,1610612757,102,97
12200008,2022,2022-10-02,1610612756,15019,124,134
12200004,2022,2022-10-02,1610612744,1610612764,104,95
12200007,2022,2022-10-02,1610612745,1610612759,134,96
12200005,2022,2022-10-02,1610612738,1610612766,134,93
12200006,2022,2022-10-02,1610612761,1610612762,114,82
12200003,2022,2022-10-01,1610612749,1610612763,102,107
12200001,2022,2022-09-30,1610612764,1610612744,87,96
12200002,2022,2022-09-30,1610612746,50009,121,81
42100406,2021,2022-06-16,1610612738,1610612744,90,103
42100405,2021,2022-06-13,1610612744,1610612738,104,94
42100404,2021,2022-06-10,1610612738,1610612744,97,107
42100403,2021,2022-06-08,1610612738,1610612744,116,100
42100402,2021,2022-06-05,1610612744,1610612738,107,88
42100401,2021,2022-06-02,1610612744,1610612738,108,120
42100307,2021,2022-05-29,1610612748,1610612738,96,100
42100306,2021,2022-05-27,1610612738,1610612748,103,111
42100315,2021,2022-05-26,1610612744,1610612742,120,110
42100305,2021,2022-05-25,1610612748,1610612738,80,93
42100314,2021,2022-05-24,1610612742,1610612744,119,109
42100304,2021,2022-05-23,1610612738,1610612748,102,82
42100313,2021,2022-05-22,1610612742,1610612744,100,109
42100303,2021,2022-05-21,1610612738,1610612748,103,109
42100312,2021,2022-05-20,1610612744,1610612742,126,117
42100302,2021,2022-05-19,1610612748,1610612738,102,127
42100311,2021,2022-05-18,1610612744,1610612742,112,87
42100301,2021,2022-05-17,1610612748,1610612738,118,107
42100217,2021,2022-05-15,1610612738,1610612749,109,81
42100227,2021,2022-05-15,1610612756,1610612742,90,123
42100236,2021,2022-05-13,1610612744,1610612763,110,96
42100216,2021,2022-05-13,1610612749,1610612738,95,108
42100206,2021,2022-05-12,1610612755,1610612748,90,99
42100226,2021,2022-05-12,1610612742,1610612756,113,86
42100215,2021,2022-05-11,1610612738,1610612749,107,110
42100235,2021,2022-05-11,1610612763,1610612744,134,95
42100205,2021,2022-05-10,1610612748,1610612755,120,85
42100225,2021,2022-05-10,1610612756,1610612742,110,80
42100214,2021,2022-05-09,1610612749,1610612738,108,116
42100234,2021,2022-05-09,1610612744,1610612763,101,98
42100224,2021,2022-05-08,1610612742,1610612756,111,101
42100204,2021,2022-05-08,1610612755,1610612748,116,108
42100213,2021,2022-05-07,1610612749,1610612738,103,101
42100233,2021,2022-05-07,1610612744,1610612763,142,112
42100223,2021,2022-05-06,1610612742,1610612756,103,94
42100203,2021,2022-05-06,1610612755,1610612748,99,79
42100222,2021,2022-05-04,1610612756,1610612742,129,109
42100202,2021,2022-05-04,1610612748,1610612755,119,103
42100232,2021,2022-05-03,1610612763,1610612744,106,101
42100212,2021,2022-05-03,1610612738,1610612749,109,86
42100201,2021,2022-05-02,1610612748,1610612755,106,92
42100221,2021,2022-05-02,1610612756,1610612742,121,114
42100231,2021,2022-05-01,1610612763,1610612744,116,117
42100211,2021,2022-05-01,1610612738,1610612749,89,101
42100156,2021,2022-04-29,1610612750,1610612763,106,114
42100176,2021,2022-04-28,1610612762,1610612742,96,98
42100136,2021,2022-04-28,1610612761,1610612755,97,132
42100146,2021,2022-04-28,1610612740,1610612756,109,115
42100165,2021,2022-04-27,1610612744,1610612743,102,98
42100125,2021,2022-04-27,1610612749,1610612741,116,100
42100105,2021,2022-04-26,1610612748,1610612737,97,94
42100145,2021,2022-04-26,1610612756,1610612740,112,97
42100155,2021,2022-04-26,1610612763,1610612750,111,109
42100135,2021,2022-04-25,1610612755,1610612761,88,103
42100175,2021,2022-04-25,1610612742,1610612762,102,77
42100114,2021,2022-04-25,1610612751,1610612738,112,116
42100104,2021,2022-04-24,1610612737,1610612748,86,110
42100124,2021,2022-04-24,1610612741,1610612749,95,119
42100164,2021,2022-04-24,1610612743,1610612744,126,121
42100144,2021,2022-04-24,1610612740,1610612756,118,103
42100154,2021,2022-04-23,1610612750,1610612763,119,118
42100134,2021,2022-04-23,1610612761,1610612755,110,102
42100113,2021,2022-04-23,1610612751,1610612738,103,109
42100174,2021,2022-04-23,1610612762,1610612742,100,99
42100123,2021,2022-04-22,1610612741,1610612749,81,111
42100143,2021,2022-04-22,1610612740,1610612756,111,114
42100103,2021,2022-04-22,1610612737,1610612748,111,110
42100153,2021,2022-04-21,1610612750,1610612763,95,104
42100173,2021,2022-04-21,1610612762,1610612742,118,126
42100163,2021,2022-04-21,1610612743,1610612744,113,118
42100112,2021,2022-04-20,1610612738,1610612751,114,107
42100133,2021,2022-04-20,1610612761,1610612755,101,104
42100122,2021,2022-04-20,1610612749,1610612741,110,114
42100142,2021,2022-04-19,1610612756,1610612740,114,125
42100102,2021,2022-04-19,1610612748,1610612737,115,105
42100152,2021,2022-04-19,1610612763,1610612750,124,96
42100162,2021,2022-04-18,1610612744,1610612743,126,106
42100132,2021,2022-04-18,1610612755,1610612761,112,97
42100172,2021,2022-04-18,1610612742,1610612762,110,104
42100111,2021,2022-04-17,1610612738,1610612751,115,114
42100101,2021,2022-04-17,1610612748,1610612737,115,91
42100141,2021,2022-04-17,1610612756,1610612740,110,99
42100121,2021,2022-04-17,1610612749,1610612741,93,86
42100131,2021,2022-04-16,1610612755,1610612761,131,111
42100151,2021,2022-04-16,1610612763,1610612750,117,130
42100171,2021,2022-04-16,1610612742,1610612762,93,99
42100161,2021,2022-04-16,1610612744,1610612743,123,107
52100211,2021,2022-04-15,1610612746,1610612740,101,105
52100201,2021,2022-04-15,1610612739,1610612737,101,107
2042100402,2021,2022-04-14,1612709909,1612709908,114,131
52100111,2021,2022-04-13,1610612737,1610612766,132,103
52100131,2021,2022-04-13,1610612740,1610612759,113,103
52100101,2021,2022-04-12,1610612751,1610612739,115,108
2042100401,2021,2022-04-12,1612709908,1612709909,145,128
52100121,2021,2022-04-12,1610612750,1610612746,109,104
22101228,2021,2022-04-10,1610612755,1610612765,118,106
22101227,2021,2022-04-10,1610612753,1610612748,125,111
22101225,2021,2022-04-10,1610612740,1610612744,107,128
2042100301,2021,2022-04-10,1612709920,1612709909,139,143
22101216,2021,2022-04-10,1610612751,1610612754,134,126
22101229,2021,2022-04-10,1610612756,1610612758,109,116
22101224,2021,2022-04-10,1610612750,1610612741,120,124
22101220,2021,2022-04-10,1610612743,1610612747,141,146
22101230,2021,2022-04-10,1610612757,1610612762,80,111
22101217,2021,2022-04-10,1610612766,1610612764,124,108
22101223,2021,2022-04-10,1610612763,1610612738,110,139
22101222,2021,2022-04-10,1610612746,1610612760,138,88
22101226,2021,2022-04-10,1610612752,1610612761,105,94
22101221,2021,2022-04-10,1610612745,1610612737,114,130
22101218,2021,2022-04-10,1610612739,1610612749,133,115
22101219,2021,2022-04-10,1610612742,1610612759,130,120
22101214,2021,2022-04-09,1610612755,1610612754,133,120
22101215,2021,2022-04-09,1610612759,1610612744,94,100
2042100311,2021,2022-04-09,1612709908,1612709924,125,114
22101213,2021,2022-04-09,1610612763,1610612740,141,114
22101212,2021,2022-04-09,1610612746,1610612758,117,98
22101206,2021,2022-04-08,1610612761,1610612745,117,115
22101203,2021,2022-04-08,1610612765,1610612749,101,131
22101205,2021,2022-04-08,1610612751,1610612739,118,107
22101209,2021,2022-04-08,1610612742,1610612757,128,78
22101204,2021,2022-04-08,1610612764,1610612752,92,114
22101207,2021,2022-04-08,1610612748,1610612737,113,109
22101211,2021,2022-04-08,1610612747,1610612760,120,101
22101208,2021,2022-04-08,1610612741,1610612766,117,133
2042100211,2021,2022-04-08,1612709932,1612709909,116,124
22101210,2021,2022-04-08,1610612762,1610612756,105,111
22101198,2021,2022-04-07,1610612749,1610612738,127,121
2042100221,2021,2022-04-07,1612709908,1612709918,120,103
2042100231,2021,2022-04-07,1612709924,1612709905,112,110
22101199,2021,2022-04-07,1610612750,1610612759,127,121
22101197,2021,2022-04-07,1610612761,1610612755,119,114
22101200,2021,2022-04-07,1610612740,1610612757,127,94
22101196,2021,2022-04-07,1610612766,1610612753,128,101
22101202,2021,2022-04-07,1610612744,1610612747,128,112
22101201,2021,2022-04-07,1610612743,1610612763,122,109
2042100201,2021,2022-04-07,1612709920,1612709928,131,126
22101194,2021,2022-04-06,1610612762,1610612760,137,101
22101192,2021,2022-04-06,1610612737,1610612764,118,103
22101193,2021,2022-04-06,1610612741,1610612738,94,117
22101191,2021,2022-04-06,1610612752,1610612751,98,110
22101190,2021,2022-04-06,1610612765,1610612742,113,131
22101195,2021,2022-04-06,1610612746,1610612756,113,109
22101182,2021,2022-04-05,1610612761,1610612737,118,108
2042100131,2021,2022-04-05,1612709913,1612709918,100,115
22101179,2021,2022-04-05,1610612753,1610612739,120,115
22101183,2021,2022-04-05,1610612741,1610612749,106,127
22101180,2021,2022-04-05,1610612751,1610612745,118,105
22101188,2021,2022-04-05,1610612758,1610612740,109,123
22101181,2021,2022-04-05,1610612748,1610612766,144,115
22101185,2021,2022-04-05,1610612760,1610612757,98,94
22101187,2021,2022-04-05,1610612762,1610612763,121,115
22101178,2021,2022-04-05,1610612754,1610612755,122,131
2042100101,2021,2022-04-05,1612709909,1612709921,133,116
22101184,2021,2022-04-05,1610612750,1610612764,114,132
2042100111,2021,2022-04-05,1612709928,1612709929,131,122
2042100121,2021,2022-04-05,1612709905,1612709902,134,123
22101189,2021,2022-04-05,1610612756,1610612747,121,110
22101186,2021,2022-04-05,1610612743,1610612759,97,116
22101174,2021,2022-04-03,1610612760,1610612756,117,96
22101177,2021,2022-04-03,1610612746,1610612740,119,100
22101175,2021,2022-04-03,1610612759,1610612757,113,92
22101176,2021,2022-04-03,1610612758,1610612744,90,109
22101166,2021,2022-04-03,1610612738,1610612764,144,102
22101172,2021,2022-04-03,1610612761,1610612748,109,114
22101167,2021,2022-04-03,1610612749,1610612742,112,118
22101170,2021,2022-04-03,1610612739,1610612755,108,112
22101169,2021,2022-04-03,1610612754,1610612765,117,121
22101173,2021,2022-04-03,1610612745,1610612750,132,139
22101168,2021,2022-04-03,1610612747,1610612743,118,129
22101171,2021,2022-04-03,1610612753,1610612752,88,118
2022100501,2021,2022-04-02,1612709905,1612709904,128,125
2022100494,2021,2022-04-02,1612709909,1612709927,132,114
22101165,2021,2022-04-02,1610612744,1610612762,111,107
22101163,2021,2022-04-02,1610612737,1610612751,122,115
2022100498,2021,2022-04-02,1612709919,1612709910,99,114
2022100499,2021,2022-04-02,1612709926,1612709913,111,126
22101162,2021,2022-04-02,1610612752,1610612739,101,119
2022100496,2021,2022-04-02,1612709925,1612709915,121,118
2022100500,2021,2022-04-02,1612709923,1612709928,106,99
2022100493,2021,2022-04-02,1612709920,1612709922,119,113
2022100495,2021,2022-04-02,1612709917,1612709929,111,118
2022100503,2021,2022-04-02,1612709918,1612709890,106,97
22101164,2021,2022-04-02,1610612741,1610612748,109,127
22101161,2021,2022-04-02,1610612755,1610612766,144,114
2022100504,2021,2022-04-02,1612709903,1612709914,104,101
2022100502,2021,2022-04-02,1612709908,1612709924,128,130
2022100497,2021,2022-04-02,1612709932,1612709893,118,106
2022100488,2021,2022-04-01,1612709909,1612709927,144,110
2022100489,2021,2022-04-01,1612709917,1612709929,115,118
2022100487,2021,2022-04-01,1612709928,1612709921,86,77
22101160,2021,2022-04-01,1610612747,1610612740,111,114
2022100491,2021,2022-04-01,1612709890,1612709902,112,118
22101154,2021,2022-04-01,1610612745,1610612758,117,122
2022100492,2021,2022-04-01,1612709903,1612709918,91,103
22101155,2021,2022-04-01,1610612763,1610612756,122,114
22101153,2021,2022-04-01,1610612738,1610612754,128,123
2022100490,2021,2022-04-01,1612709911,1612709889,124,114
22101157,2021,2022-04-01,1610612760,1610612765,101,110
22101152,2021,2022-04-01,1610612764,1610612742,135,103
22101151,2021,2022-04-01,1610612753,1610612761,89,102
22101158,2021,2022-04-01,1610612759,1610612757,130,111
22101159,2021,2022-04-01,1610612743,1610612750,130,136
22101156,2021,2022-04-01,1610612749,1610612746,119,153
2022100481,2021,2022-03-31,1612709922,1612709915,117,122
22101148,2021,2022-03-31,1610612751,1610612749,119,120
22101149,2021,2022-03-31,1610612741,1610612746,135,130
2022100486,2021,2022-03-31,1612709905,1612709904,139,126
22100452,2021,2022-03-31,1610612737,1610612739,131,107
22101147,2021,2022-03-31,1610612765,1610612755,102,94
2022100483,2021,2022-03-31,1612709919,1612709910,131,110
22101150,2021,2022-03-31,1610612762,1610612747,122,109
2022100484,2021,2022-03-31,1612709913,1612709914,116,106
2022100480,2021,2022-03-31,1612709893,1612709925,91,129
2022100482,2021,2022-03-31,1612709921,1612709920,114,99
2022100485,2021,2022-03-31,1612709911,1612709889,111,106
22101137,2021,2022-03-30,1610612754,1610612743,118,125
22101142,2021,2022-03-30,1610612745,1610612758,118,121
2022100479,2021,2022-03-30,1612709908,1612709924,98,106
22101139,2021,2022-03-30,1610612738,1610612748,98,106
22101136,2021,2022-03-30,1610612739,1610612742,112,120
22101138,2021,2022-03-30,1610612764,1610612753,127,110
22101146,2021,2022-03-30,1610612757,1610612740,107,117
22101143,2021,2022-03-30,1610612760,1610612737,118,136
2022100478,2021,2022-03-30,1612709910,1612709928,130,121
22101141,2021,2022-03-30,1610612761,1610612750,125,102
22101144,2021,2022-03-30,1610612759,1610612763,111,112
22101145,2021,2022-03-30,1610612744,1610612756,103,107
22101140,2021,2022-03-30,1610612752,1610612766,114,125
2022100469,2021,2022-03-29,1612709909,1612709932,111,122
22101134,2021,2022-03-29,1610612742,1610612747,128,110
2022100477,2021,2022-03-29,1612709903,1612709902,115,118
2022100470,2021,2022-03-29,1612709893,1612709919,100,116
2022100471,2021,2022-03-29,1612709929,1612709925,140,136
2022100472,2021,2022-03-29,1612709917,1612709920,103,111
2022100475,2021,2022-03-29,1612709911,1612709913,106,114
2022100474,2021,2022-03-29,1612709921,1612709923,116,105
22101133,2021,2022-03-29,1610612751,1610612765,130,123
22101132,2021,2022-03-29,1610612764,1610612741,94,107
2022100476,2021,2022-03-29,1612709926,1612709914,123,115
2022100473,2021,2022-03-29,1612709922,1612709915,107,144
22101131,2021,2022-03-29,1610612755,1610612749,116,118
22101135,2021,2022-03-29,1610612746,1610612762,121,115
22101124,2021,2022-03-28,1610612754,1610612737,123,132
22101125,2021,2022-03-28,1610612748,1610612758,123,100
2022100508,2021,2022-03-28,1612709905,1612709924,106,109
22101123,2021,2022-03-28,1610612739,1610612753,107,101
22101127,2021,2022-03-28,1610612761,1610612738,115,112
22101122,2021,2022-03-28,1610612766,1610612743,109,113
22101129,2021,2022-03-28,1610612763,1610612744,123,95
22101126,2021,2022-03-28,1610612752,1610612741,109,104
22101130,2021,2022-03-28,1610612757,1610612760,131,134
22101128,2021,2022-03-28,1610612745,1610612759,120,123
2022100468,2021,2022-03-28,1612709926,1612709908,115,128
2022100507,2021,2022-03-27,1612709904,1612709889,87,111
22101119,2021,2022-03-27,1610612740,1610612747,116,108
2022100463,2021,2022-03-27,1612709909,1612709932,125,118
22101116,2021,2022-03-27,1610612738,1610612750,134,112
2022100461,2021,2022-03-27,1612709915,1612709910,110,107
2022100467,2021,2022-03-27,1612709905,1612709924,126,120
22101118,2021,2022-03-27,1610612756,1610612755,114,104
22101121,2021,2022-03-27,1610612742,1610612762,114,100
2022100464,2021,2022-03-27,1612709927,1612709917,107,111
22101117,2021,2022-03-27,1610612764,1610612744,123,115
22101120,2021,2022-03-27,1610612751,1610612766,110,119
2022100462,2021,2022-03-27,1612709893,1612709919,110,120
2022100465,2021,2022-03-27,1612709923,1612709929,110,127
2022100466,2021,2022-03-27,1612709913,1612709918,127,97
22101115,2021,2022-03-27,1610612765,1610612752,102,104
2022100456,2021,2022-03-26,1612709928,1612709925,114,103
22101109,2021,2022-03-26,1610612761,1610612754,131,91
2022100459,2021,2022-03-26,1612709908,1612709914,114,99
2022100457,2021,2022-03-26,1612709922,1612709921,136,119
22101110,2021,2022-03-26,1610612739,1610612741,94,98
22101111,2021,2022-03-26,1610612748,1610612751,95,110
22101114,2021,2022-03-26,1610612757,1610612745,98,115
22101113,2021,2022-03-26,1610612743,1610612760,113,107
22101112,2021,2022-03-26,1610612763,1610612749,127,102
22101107,2021,2022-03-26,1610612740,1610612759,103,107
22101108,2021,2022-03-26,1610612753,1610612758,110,114
2022100458,2021,2022-03-26,1612709904,1612709889,117,106
2022100460,2021,2022-03-26,1612709902,1612709890,116,112
2022100449,2021,2022-03-25,1612709922,1612709919,112,100
2022100332,2021,2022-03-25,1612709909,1612709893,116,101
22101103,2021,2022-03-25,1610612748,1610612752,103,111
2022100453,2021,2022-03-25,1612709918,1612709926,121,112
22101101,2021,2022-03-25,1610612765,1610612764,97,100
22101105,2021,2022-03-25,1610612757,1610612745,106,125
22101104,2021,2022-03-25,1610612750,1610612742,116,95
2022100455,2021,2022-03-25,1612709905,1612709890,124,101
2022100447,2021,2022-03-25,1612709928,1612709925,120,82
2022100450,2021,2022-03-25,1612709923,1612709929,117,123
2022100451,2021,2022-03-25,1612709927,1612709920,105,123
22101106,2021,2022-03-25,1610612746,1610612755,97,122
2022100448,2021,2022-03-25,1612709910,1612709932,111,113
22101102,2021,2022-03-25,1610612737,1610612744,121,110
22101100,2021,2022-03-25,1610612766,1610612762,107,101
2022100452,2021,2022-03-25,1612709908,1612709914,110,100
2022100454,2021,2022-03-25,1612709902,1612709911,116,112
22101095,2021,2022-03-24,1610612761,1610612739,117,104
2022100446,2021,2022-03-24,1612709924,1612709903,111,108
2022100445,2021,2022-03-24,1612709910,1612709932,115,112
22101098,2021,2022-03-24,1610612740,1610612741,126,109
22101099,2021,2022-03-24,1610612743,1610612756,130,140
22101096,2021,2022-03-24,1610612763,1610612754,133,103
22101097,2021,2022-03-24,1610612749,1610612764,114,102
2022100440,2021,2022-03-23,1612709913,1612709904,136,95
22101094,2021,2022-03-23,1610612757,1610612759,96,133
2022100441,2021,2022-03-23,1612709923,1612709893,117,99
2022100444,2021,2022-03-23,1612709902,1612709911,111,102
2022100247,2021,2022-03-23,1612709922,1612709925,123,112
22101091,2021,2022-03-23,1610612760,1610612753,118,102
22101093,2021,2022-03-23,1610612747,1610612755,121,126
22101085,2021,2022-03-23,1610612765,1610612737,122,101
2022100442,2021,2022-03-23,1612709927,1612709920,115,130
2022100438,2021,2022-03-23,1612709928,1612709909,140,120
22101087,2021,2022-03-23,1610612738,1610612762,125,97
22101088,2021,2022-03-23,1610612748,1610612744,104,118
22101086,2021,2022-03-23,1610612754,1610612758,109,110
2022100443,2021,2022-03-23,1612709924,1612709890,125,111
2022100437,2021,2022-03-23,1612709889,1612709914,118,121
22101084,2021,2022-03-23,1610612766,1610612752,106,121
22101089,2021,2022-03-23,1610612763,1610612751,132,120
22101090,2021,2022-03-23,1610612750,1610612756,116,125
22101092,2021,2022-03-23,1610612742,1610612745,110,91
2022100436,2021,2022-03-22,1612709905,1612709918,112,113
2022100435,2021,2022-03-22,1612709913,1612709904,129,143
22101080,2021,2022-03-22,1610612753,1610612744,94,90
22101081,2021,2022-03-22,1610612752,1610612737,111,117
22101083,2021,2022-03-22,1610612743,1610612746,127,115
2022100434,2021,2022-03-22,1612709929,1612709915,136,127
22101082,2021,2022-03-22,1610612749,1610612741,126,98
2022100432,2021,2022-03-21,1612709919,1612709917,113,94
2022100433,2021,2022-03-21,1612709914,1612709890,119,100
2022100023,2021,2022-03-21,1612709908,1612709926,126,128
22101074,2021,2022-03-21,1610612755,1610612748,113,106
22101078,2021,2022-03-21,1610612760,1610612738,123,132
22101073,2021,2022-03-21,1610612765,1610612757,115,119
22101077,2021,2022-03-21,1610612745,1610612764,115,97
22101075,2021,2022-03-21,1610612751,1610612762,114,106
22101071,2021,2022-03-21,1610612766,1610612740,106,103
22101076,2021,2022-03-21,1610612741,1610612761,113,99
22101079,2021,2022-03-21,1610612742,1610612750,110,108
2022100510,2021,2022-03-21,1612709910,1612709921,100,80
22101072,2021,2022-03-21,1610612739,1610612747,120,131
22101064,2021,2022-03-20,1610612737,1610612740,112,117
22101065,2021,2022-03-20,1610612753,1610612760,90,85
22101062,2021,2022-03-20,1610612754,1610612757,129,98
2022100430,2021,2022-03-20,1612709905,1612709918,110,122
22101067,2021,2022-03-20,1610612752,1610612762,93,108
22101063,2021,2022-03-20,1610612745,1610612763,98,122
22101066,2021,2022-03-20,1610612758,1610612756,124,127
2022100423,2021,2022-03-20,1612709893,1612709929,108,118
22101068,2021,2022-03-20,1610612743,1610612738,104,124
2022100425,2021,2022-03-20,1612709909,1612709915,141,145
2022100424,2021,2022-03-20,1612709928,1612709927,131,100
2022100429,2021,2022-03-20,1612709910,1612709921,116,108
2022100427,2021,2022-03-20,1612709904,1612709911,105,110
22101069,2021,2022-03-20,1610612755,1610612761,88,93
2022100428,2021,2022-03-20,1612709923,1612709919,124,118
22101070,2021,2022-03-20,1610612744,1610612759,108,110
2022100426,2021,2022-03-20,1612709932,1612709922,125,84
2022100431,2021,2022-03-20,1612709902,1612709903,94,106
22101059,2021,2022-03-19,1610612766,1610612742,129,108
22101058,2021,2022-03-19,1610612750,1610612749,138,119
2022100419,2021,2022-03-19,1612709908,1612709926,131,139
22101060,2021,2022-03-19,1610612739,1610612765,113,109
2022100421,2021,2022-03-19,1612709902,1612709924,108,131
2022100422,2021,2022-03-19,1612709914,1612709890,101,96
22101061,2021,2022-03-19,1610612764,1610612747,127,119
2022100420,2021,2022-03-19,1612709903,1612709889,73,102
22101051,2021,2022-03-18,1610612761,1610612747,123,128
22101049,2021,2022-03-18,1610612739,1610612743,119,116
2022100413,2021,2022-03-18,1612709929,1612709927,142,124
22101048,2021,2022-03-18,1610612751,1610612757,128,123
22101053,2021,2022-03-18,1610612745,1610612754,118,121
22101057,2021,2022-03-18,1610612758,1610612738,97,126
22101047,2021,2022-03-18,1610612737,1610612763,120,105
22101050,2021,2022-03-18,1610612752,1610612764,100,97
2022100416,2021,2022-03-18,1612709915,1612709925,103,106
22101054,2021,2022-03-18,1610612759,1610612740,91,124
22101052,2021,2022-03-18,1610612748,1610612760,120,108
2022100417,2021,2022-03-18,1612709932,1612709928,133,140
2022100414,2021,2022-03-18,1612709917,1612709909,107,112
22101055,2021,2022-03-18,1610612762,1610612746,121,92
22101046,2021,2022-03-18,1610612755,1610612742,111,101
2022100418,2021,2022-03-18,1612709911,1612709905,125,121
2022100415,2021,2022-03-18,1612709922,1612709893,104,117
22101056,2021,2022-03-18,1610612756,1610612741,129,102
2022100410,2021,2022-03-17,1612709908,1612709904,83,55
2022100408,2021,2022-03-17,1612709915,1612709925,130,101
22101045,2021,2022-03-17,1610612753,1610612765,120,134
2022100409,2021,2022-03-17,1612709890,1612709913,100,98
2022100412,2021,2022-03-17,1612709914,1612709889,114,99
2022100360,2021,2022-03-17,1612709920,1612709910,131,106
2022100411,2021,2022-03-17,1612709924,1612709918,107,114
22101037,2021,2022-03-16,1610612752,1610612757,128,98
2022100405,2021,2022-03-16,1612709911,1612709905,106,114
22101041,2021,2022-03-16,1610612762,1610612741,125,110
22101039,2021,2022-03-16,1610612750,1610612747,124,104
22101035,2021,2022-03-16,1610612764,1610612743,109,127
22101038,2021,2022-03-16,1610612745,1610612756,112,129
22101044,2021,2022-03-16,1610612746,1610612761,100,103
2022100403,2021,2022-03-16,1612709929,1612709927,131,124
22101042,2021,2022-03-16,1610612744,1610612738,88,110
22101043,2021,2022-03-16,1610612758,1610612749,126,135
22101036,2021,2022-03-16,1610612751,1610612742,111,113
22101040,2021,2022-03-16,1610612759,1610612760,122,120
2022100402,2021,2022-03-16,1612709893,1612709909,95,84
2022100401,2021,2022-03-16,1612709919,1612709921,118,114
22101033,2021,2022-03-16,1610612766,1610612737,116,106
2022100406,2021,2022-03-16,1612709926,1612709903,124,112
2022100404,2021,2022-03-16,1612709932,1612709928,125,111
22101034,2021,2022-03-16,1610612739,1610612755,114,118
2022100407,2021,2022-03-16,1612709923,1612709922,117,108
22101030,2021,2022-03-15,1610612753,1610612751,108,150
2022100400,2021,2022-03-15,1612709924,1612709902,118,103
22101029,2021,2022-03-15,1610612754,1610612763,102,135
22101031,2021,2022-03-15,1610612748,1610612765,105,98
2022100398,2021,2022-03-15,1612709913,1612709890,103,99
2022100397,2021,2022-03-15,1612709917,1612709922,117,109
2022100399,2021,2022-03-15,1612709918,1612709904,99,128
2022100396,2021,2022-03-15,1612709893,1612709909,118,130
22101032,2021,2022-03-15,1610612740,1610612756,115,131
2022100392,2021,2022-03-14,1612709925,1612709923,116,107
22101027,2021,2022-03-14,1610612762,1610612749,111,117
22101022,2021,2022-03-14,1610612755,1610612743,110,114
22101020,2021,2022-03-14,1610612739,1610612746,120,111
2022100395,2021,2022-03-14,1612709918,1612709911,115,109
22101024,2021,2022-03-14,1610612759,1610612750,139,149
2022100394,2021,2022-03-14,1612709913,1612709908,114,135
22101028,2021,2022-03-14,1610612747,1610612761,103,114
22101023,2021,2022-03-14,1610612760,1610612766,116,134
22101021,2021,2022-03-14,1610612737,1610612757,122,113
2022100393,2021,2022-03-14,1612709919,1612709929,101,126
22101026,2021,2022-03-14,1610612758,1610612741,112,103
22101025,2021,2022-03-14,1610612744,1610612764,126,112
2022100391,2021,2022-03-14,1612709889,1612709903,130,117
22101016,2021,2022-03-13,1610612737,1610612754,131,128
22101015,2021,2022-03-13,1610612753,1610612755,114,116
22101014,2021,2022-03-13,1610612738,1610612742,92,95
2022100390,2021,2022-03-13,1612709924,1612709926,114,118
22101013,2021,2022-03-13,1610612765,1610612746,102,106
22101018,2021,2022-03-13,1610612760,1610612763,118,125
2022100389,2021,2022-03-13,1612709890,1612709911,91,97
22101012,2021,2022-03-13,1610612751,1610612752,110,107
2022100388,2021,2022-03-13,1612709927,1612709915,103,125
2072100012,2021,2022-03-13,1612709902,1612709930,110,107
22101019,2021,2022-03-13,1610612756,1610612747,140,111
22101017,2021,2022-03-13,1610612740,1610612745,130,105
22101008,2021,2022-03-12,1610612744,1610612749,122,109
2022100382,2021,2022-03-12,1612709909,1612709921,130,120
22101009,2021,2022-03-12,1610612743,1610612761,115,127
22101005,2021,2022-03-12,1610612748,1610612750,104,113
2022100380,2021,2022-03-12,1612709929,1612709923,116,112
2022100387,2021,2022-03-12,1612709924,1612709926,104,116
2022100385,2021,2022-03-12,1612709905,1612709914,120,110
22101010,2021,2022-03-12,1610612762,1610612758,134,125
2022100384,2021,2022-03-12,1612709925,1612709920,109,112
22101006,2021,2022-03-12,1610612741,1610612739,101,91
2022100383,2021,2022-03-12,1612709910,1612709893,110,99
22101007,2021,2022-03-12,1610612759,1610612754,108,119
22101011,2021,2022-03-12,1610612757,1610612764,127,118
2022100386,2021,2022-03-12,1612709918,1612709913,110,104
22101003,2021,2022-03-11,1610612756,1610612761,112,117
22100999,2021,2022-03-11,1610612745,1610612742,100,113
22101001,2021,2022-03-11,1610612740,1610612766,120,142
2022100378,2021,2022-03-11,1612709904,1612709890,97,112
22101004,2021,2022-03-11,1610612747,1610612764,122,109
22100998,2021,2022-03-11,1610612748,1610612739,117,105
22101000,2021,2022-03-11,1610612763,1610612752,118,114
22101002,2021,2022-03-11,1610612759,1610612762,104,102
22100995,2021,2022-03-11,1610612753,1610612750,118,110
22100997,2021,2022-03-11,1610612738,1610612765,114,103
2022100377,2021,2022-03-11,1612709915,1612709932,98,105
2022100379,2021,2022-03-11,1612709908,1612709911,124,106
2022100376,2021,2022-03-11,1612709893,1612709927,129,119
22100996,2021,2022-03-11,1610612737,1610612746,112,106
2022100366,2021,2022-03-10,1612709929,1612709920,121,126
2022100372,2021,2022-03-10,1612709904,1612709890,112,116
2022100374,2021,2022-03-10,1612709905,1612709926,129,119
2022100369,2021,2022-03-10,1612709925,1612709909,139,144
2022100370,2021,2022-03-10,1612709915,1612709932,107,87
2022100365,2021,2022-03-10,1612709889,1612709908,135,140
22100993,2021,2022-03-10,1610612755,1610612751,100,129
22100994,2021,2022-03-10,1610612743,1610612744,102,113
2022100371,2021,2022-03-10,1612709919,1612709928,92,108
2022100367,2021,2022-03-10,1612709917,1612709923,117,116
2022100373,2021,2022-03-10,1612709918,1612709903,115,101
2022100375,2021,2022-03-10,1612709914,1612709902,109,99
2022100368,2021,2022-03-10,1612709922,1612709910,113,126
22100984,2021,2022-03-09,1610612749,1610612737,124,115
22100990,2021,2022-03-09,1610612762,1610612757,123,85
2022100364,2021,2022-03-09,1612709913,1612709911,117,113
22100982,2021,2022-03-09,1610612765,1610612741,108,114
22100988,2021,2022-03-09,1610612742,1610612752,77,107
22100987,2021,2022-03-09,1610612740,1610612753,102,108
2022100363,2021,2022-03-09,1612709921,1612709917,89,96
22100991,2021,2022-03-09,1610612758,1610612743,100,106
22100992,2021,2022-03-09,1610612746,1610612764,115,109
22100985,2021,2022-03-09,1610612745,1610612747,139,130
22100986,2021,2022-03-09,1610612750,1610612760,132,102
22100981,2021,2022-03-09,1610612766,1610612738,101,115
22100983,2021,2022-03-09,1610612748,1610612756,90,111
22100989,2021,2022-03-09,1610612759,1610612761,104,119
22100980,2021,2022-03-08,1610612744,1610612746,112,97
2022100359,2021,2022-03-08,1612709919,1612709922,106,102
22100975,2021,2022-03-08,1610612766,1610612751,121,132
22100979,2021,2022-03-08,1610612760,1610612749,115,142
2022100081,2021,2022-03-08,1612709890,1612709924,118,124
2022100361,2021,2022-03-08,1612709918,1612709903,102,108
2022100509,2021,2022-03-08,1612709910,1612709923,131,127
22100978,2021,2022-03-08,1610612763,1610612740,132,111
22100976,2021,2022-03-08,1610612754,1610612739,124,127
2072100016,2021,2022-03-08,1612709902,1612709930,119,127
22100977,2021,2022-03-08,1610612753,1610612756,99,102
2022100356,2021,2022-03-08,1612709889,1612709908,107,117
2022100362,2021,2022-03-08,1612709914,1612709926,98,106
2022100357,2021,2022-03-08,1612709893,1612709932,120,126
2022100358,2021,2022-03-08,1612709925,1612709909,118,128
22100973,2021,2022-03-07,1610612759,1610612747,117,110
2022100355,2021,2022-03-07,1612709913,1612709918,123,109
22100968,2021,2022-03-07,1610612765,1610612737,113,110
22100971,2021,2022-03-07,1610612750,1610612757,124,81
22100528,2021,2022-03-07,1610612743,1610612744,131,124
22100972,2021,2022-03-07,1610612742,1610612762,111,103
22100970,2021,2022-03-07,1610612748,1610612745,123,106
22100974,2021,2022-03-07,1610612758,1610612752,115,131
22100969,2021,2022-03-07,1610612755,1610612741,121,106
2022100351,2021,2022-03-06,1612709911,1612709904,89,115
2022100350,2021,2022-03-06,1612709925,1612709917,119,109
22100965,2021,2022-03-06,1610612760,1610612762,103,116
2022100354,2021,2022-03-06,1612709924,1612709905,100,108
22100967,2021,2022-03-06,1610612743,1610612740,138,130
22100961,2021,2022-03-06,1610612749,1610612756,132,122
22100960,2021,2022-03-06,1610612738,1610612751,126,120
2022100352,2021,2022-03-06,1612709910,1612709923,116,108
2072100011,2021,2022-03-06,1612709914,1612709930,108,104
22100962,2021,2022-03-06,1610612739,1610612761,104,96
22100964,2021,2022-03-06,1610612745,1610612763,123,112
2022100353,2021,2022-03-06,1612709915,1612709920,125,118
22100963,2021,2022-03-06,1610612764,1610612754,133,123
22100966,2021,2022-03-06,1610612746,1610612752,93,116
2022100349,2021,2022-03-06,1612709929,1612709922,120,107
2022100348,2021,2022-03-06,1612709893,1612709921,119,120
22100954,2021,2022-03-05,1610612742,1610612758,114,113
22100958,2021,2022-03-05,1610612750,1610612757,135,121
22100955,2021,2022-03-05,1610612766,1610612759,123,117
22100959,2021,2022-03-05,1610612747,1610612744,124,116
2022100345,2021,2022-03-05,1612709890,1612709903,110,100
2022100346,2021,2022-03-05,1612709927,1612709928,114,128
22100956,2021,2022-03-05,1610612748,1610612755,99,82
2022100347,2021,2022-03-05,1612709902,1612709926,99,107
2022100344,2021,2022-03-05,1612709909,1612709919,146,111
22100957,2021,2022-03-05,1610612763,1610612753,124,96
22100458,2021,2022-03-04,1610612761,1610612753,97,103
22100952,2021,2022-03-04,1610612743,1610612745,116,101
2022100337,2021,2022-03-04,1612709910,1612709925,130,137
2022100335,2021,2022-03-04,1612709889,1612709911,103,107
2022100343,2021,2022-03-04,1612709902,1612709926,120,117
22100948,2021,2022-03-04,1610612764,1610612737,114,117
2022100339,2021,2022-03-04,1612709904,1612709918,110,92
22100947,2021,2022-03-04,1610612755,1610612739,125,119
22100946,2021,2022-03-04,1610612765,1610612754,111,106
22100949,2021,2022-03-04,1610612741,1610612749,112,118
22100953,2021,2022-03-04,1610612756,1610612752,115,114
2022100336,2021,2022-03-04,1612709929,1612709922,99,88
2022100342,2021,2022-03-04,1612709908,1612709905,100,126
2022100340,2021,2022-03-04,1612709927,1612709928,131,129
2022100002,2021,2022-03-04,1612709893,1612709915,95,90
22100951,2021,2022-03-04,1610612760,1610612750,101,138
2022100338,2021,2022-03-04,1612709932,1612709923,103,115
2022100341,2021,2022-03-04,1612709890,1612709903,136,126
22100950,2021,2022-03-04,1610612740,1610612762,124,90
22100942,2021,2022-03-03,1610612761,1610612765,106,108
2022100331,2021,2022-03-03,1612709932,1612709919,121,116
22100944,2021,2022-03-03,1610612759,1610612758,112,115
22100945,2021,2022-03-03,1610612746,1610612747,132,111
2022100334,2021,2022-03-03,1612709908,1612709905,115,111
22100940,2021,2022-03-03,1610612738,1610612763,120,107
2022100333,2021,2022-03-03,1612709904,1612709918,117,120
22100943,2021,2022-03-03,1610612742,1610612744,122,113
22100710,2021,2022-03-03,1610612737,1610612741,130,124
22100941,2021,2022-03-03,1610612751,1610612748,107,113
22100937,2021,2022-03-02,1610612740,1610612758,125,95
22100934,2021,2022-03-02,1610612755,1610612752,123,108
2022100326,2021,2022-03-02,1612709889,1612709926,109,114
2022100439,2021,2022-03-02,1612709917,1612709925,124,119
22100939,2021,2022-03-02,1610612756,1610612757,120,90
22100938,2021,2022-03-02,1610612743,1610612760,107,119
22100933,2021,2022-03-02,1610612753,1610612754,114,122
2022100330,2021,2022-03-02,1612709914,1612709902,97,109
2022100327,2021,2022-03-02,1612709921,1612709909,119,113
22100932,2021,2022-03-02,1610612739,1610612766,98,119
22100935,2021,2022-03-02,1610612745,1610612762,127,132
22100936,2021,2022-03-02,1610612749,1610612748,120,119
2022100328,2021,2022-03-02,1612709920,1612709929,128,104
2022100329,2021,2022-03-02,1612709903,1612709911,126,122
2022100010,2021,2022-03-01,1612709890,1612709918,94,99
22100931,2021,2022-03-01,1610612747,1610612742,104,109
2022100325,2021,2022-03-01,1612709924,1612709913,109,101
22100928,2021,2022-03-01,1610612761,1610612751,109,108
22100927,2021,2022-03-01,1610612738,1610612737,107,98
2022100322,2021,2022-03-01,1612709917,1612709927,131,127
22100929,2021,2022-03-01,1610612745,1610612746,100,113
22100926,2021,2022-03-01,1610612764,1610612765,116,113
2022100324,2021,2022-03-01,1612709920,1612709915,128,92
2022100323,2021,2022-03-01,1612709919,1612709922,115,108
22100930,2021,2022-03-01,1610612750,1610612744,129,114
2022100321,2021,2022-02-28,1612709924,1612709913,121,105
2022100319,2021,2022-02-28,1612709889,1612709890,108,100
22100922,2021,2022-02-28,1610612748,1610612741,112,99
22100923,2021,2022-02-28,1610612763,1610612759,118,105
22100726,2021,2022-02-28,1610612751,1610612761,97,133
2022100315,2021,2022-02-28,1612709928,1612709893,114,105
22100925,2021,2022-02-28,1610612760,1610612758,110,131
22100924,2021,2022-02-28,1610612749,1610612766,130,106
2072100015,2021,2022-02-28,1612709902,1612709930,110,98
2022100320,2021,2022-02-28,1612709903,1612709911,113,109
22100921,2021,2022-02-28,1610612753,1610612754,119,103
22100920,2021,2022-02-28,1610612739,1610612750,122,127
22100917,2021,2022-02-27,1610612744,1610612742,101,107
22100912,2021,2022-02-27,1610612752,1610612755,109,125
22100918,2021,2022-02-27,1610612757,1610612743,92,124
22100914,2021,2022-02-27,1610612754,1610612738,128,107
22100919,2021,2022-02-27,1610612747,1610612740,95,123
22100916,2021,2022-02-27,1610612745,1610612746,98,99
2022100316,2021,2022-02-27,1612709925,1612709910,122,111
22100913,2021,2022-02-27,1610612756,1610612762,114,118
22100915,2021,2022-02-27,1610612766,1610612765,126,127
2022100317,2021,2022-02-27,1612709921,1612709932,113,109
2022100318,2021,2022-02-27,1612709923,1612709915,110,99
2022100314,2021,2022-02-26,1612709902,1612709913,118,94
2022100309,2021,2022-02-26,1612709926,1612709904,96,101
2022100311,2021,2022-02-26,1612709923,1612709915,127,94
22100911,2021,2022-02-26,1610612743,1610612758,115,110
2022100313,2021,2022-02-26,1612709908,1612709918,137,110
2022100307,2021,2022-02-26,1612709929,1612709909,102,113
2022100310,2021,2022-02-26,1612709927,1612709919,100,105
22100905,2021,2022-02-26,1610612765,1610612738,104,113
22100908,2021,2022-02-26,1610612748,1610612759,133,129
22100907,2021,2022-02-26,1610612739,1610612764,92,86
2022100312,2021,2022-02-26,1612709905,1612709914,105,119
22100910,2021,2022-02-26,1610612749,1610612751,123,126
22100906,2021,2022-02-26,1610612737,1610612761,127,100
2022100308,2021,2022-02-26,1612709922,1612709917,106,122
22100909,2021,2022-02-26,1610612741,1610612763,110,116
22100896,2021,2022-02-25,1610612766,1610612761,125,93
2022100303,2021,2022-02-25,1612709928,1612709893,112,111
2022100304,2021,2022-02-25,1612709922,1612709920,115,130
22100903,2021,2022-02-25,1610612762,1610612742,114,109
22100904,2021,2022-02-25,1610612747,1610612746,102,105
22100898,2021,2022-02-25,1610612753,1610612745,119,111
2022100305,2021,2022-02-25,1612709926,1612709890,105,114
22100901,2021,2022-02-25,1610612750,1610612755,102,133
22100899,2021,2022-02-25,1610612764,1610612759,153,157
2022100306,2021,2022-02-25,1612709908,1612709889,126,118
22100897,2021,2022-02-25,1610612754,1610612760,125,129
22100902,2021,2022-02-25,1610612756,1610612740,102,117
22100900,2021,2022-02-25,1610612752,1610612748,100,115
22100892,2021,2022-02-24,1610612750,1610612763,119,114
2022100299,2021,2022-02-24,1612709917,1612709915,129,118
22100895,2021,2022-02-24,1610612758,1610612743,110,128
2022100302,2021,2022-02-24,1612709902,1612709913,120,126
22100890,2021,2022-02-24,1610612751,1610612738,106,129
22100894,2021,2022-02-24,1610612757,1610612744,95,132
22100889,2021,2022-02-24,1610612765,1610612739,106,103
2022100300,2021,2022-02-24,1612709921,1612709925,111,107
22100893,2021,2022-02-24,1610612760,1610612756,104,124
2022100301,2021,2022-02-24,1612709927,1612709919,86,125
2022100297,2021,2022-02-24,1612709924,1612709914,107,119
2022100298,2021,2022-02-24,1612709909,1612709910,131,108
22100891,2021,2022-02-24,1610612741,1610612737,112,108
2022100291,2021,2022-02-23,1612709922,1612709920,98,100
2022100296,2021,2022-02-23,1612709927,1612709932,107,110
2022100293,2021,2022-02-23,1612709926,1612709890,116,142
2022100289,2021,2022-02-23,1612709893,1612709910,110,133
2022100288,2021,2022-02-23,1612709914,1612709905,112,118
2022100287,2021,2022-02-23,1612709923,1612709917,117,116
2022100295,2021,2022-02-23,1612709918,1612709908,95,141
2022100294,2021,2022-02-23,1612709889,1612709904,111,115
2022100292,2021,2022-02-23,1612709911,1612709903,116,109
2022100290,2021,2022-02-23,1612709929,1612709928,106,132
2022100506,2021,2022-02-22,1612709889,1612709904,130,89
32100001,2021,2022-02-20,1610616834,1610616833,163,160
2072100014,2021,2022-02-20,1612709893,1612709930,96,92
32100003,2021,2022-02-18,1610616839,1610616840,51,65
32100006,2021,2022-02-18,1610616849,1610616847,20,25
32100005,2021,2022-02-18,1610616847,1610616848,50,48
32100004,2021,2022-02-18,1610616849,1610616850,50,49
2022100285,2021,2022-02-17,1612709926,1612709914,121,114
2022100286,2021,2022-02-17,1612709902,1612709918,97,112
22100885,2021,2022-02-17,1610612766,1610612748,107,111
22100886,2021,2022-02-17,1610612740,1610612742,118,125
2022100282,2021,2022-02-17,1612709932,1612709910,132,120
2022100281,2021,2022-02-17,1612709915,1612709929,122,113
2022100280,2021,2022-02-17,1612709909,1612709923,115,96
22100888,2021,2022-02-17,1610612746,1610612745,142,111
22100464,2021,2022-02-17,1610612751,1610612764,103,117
2022100283,2021,2022-02-17,1612709920,1612709927,124,133
2022100284,2021,2022-02-17,1612709904,1612709908,117,127
22100887,2021,2022-02-17,1610612749,1610612755,120,123
2022100273,2021,2022-02-16,1612709903,1612709890,104,125
22100876,2021,2022-02-16,1610612754,1610612764,113,108
2022100277,2021,2022-02-16,1612709917,1612709921,102,115
22100880,2021,2022-02-16,1610612750,1610612761,91,103
22100875,2021,2022-02-16,1610612738,1610612765,111,112
2022100278,2021,2022-02-16,1612709919,1612709920,119,106
22100878,2021,2022-02-16,1610612741,1610612758,125,118
2022100279,2021,2022-02-16,1612709924,1612709905,98,111
22100883,2021,2022-02-16,1610612744,1610612743,116,117
22100881,2021,2022-02-16,1610612760,1610612759,106,114
2022100275,2021,2022-02-16,1612709889,1612709913,96,102
22100884,2021,2022-02-16,1610612747,1610612762,106,101
22100874,2021,2022-02-16,1610612753,1610612737,109,130
22100877,2021,2022-02-16,1610612752,1610612751,106,111
22100882,2021,2022-02-16,1610612756,1610612745,124,121
2022100276,2021,2022-02-16,1612709928,1612709922,106,85
22100879,2021,2022-02-16,1610612763,1610612757,119,123
22100867,2021,2022-02-15,1610612737,1610612739,124,116
2022100505,2021,2022-02-15,1612709903,1612709905,115,116
2072100010,2021,2022-02-15,1612709932,1612709930,126,108
22100873,2021,2022-02-15,1610612756,1610612746,103,96
2022100274,2021,2022-02-15,1612709914,1612709918,107,113
22100868,2021,2022-02-15,1610612748,1610612742,99,107
22100870,2021,2022-02-15,1610612749,1610612754,128,119
22100872,2021,2022-02-15,1610612740,1610612763,109,121
22100869,2021,2022-02-15,1610612755,1610612738,87,135
2022100271,2021,2022-02-15,1612709904,1612709908,130,119
22100871,2021,2022-02-15,1610612750,1610612766,126,120
2022100272,2021,2022-02-15,1612709927,1612709923,101,111
2022100263,2021,2022-02-14,1612709890,1612709924,78,116
22100863,2021,2022-02-14,1610612740,1610612761,120,90
2022100267,2021,2022-02-14,1612709917,1612709921,86,115
22100862,2021,2022-02-14,1610612749,1610612757,107,122
22100859,2021,2022-02-14,1610612751,1610612758,109,85
22100858,2021,2022-02-14,1610612764,1610612765,103,94
22100864,2021,2022-02-14,1610612743,1610612753,121,111
2022100268,2021,2022-02-14,1612709911,1612709902,113,119
2022100269,2021,2022-02-14,1612709926,1612709889,87,116
22100866,2021,2022-02-14,1610612746,1610612744,119,104
22100860,2021,2022-02-14,1610612752,1610612760,123,127
22100865,2021,2022-02-14,1610612762,1610612745,135,101
2022100266,2021,2022-02-14,1612709929,1612709910,128,137
22100861,2021,2022-02-14,1610612741,1610612759,120,109
22100856,2021,2022-02-13,1610612738,1610612737,105,95
2022100265,2021,2022-02-13,1612709917,1612709928,103,106
2022100264,2021,2022-02-13,1612709926,1612709889,104,97
2022100262,2021,2022-02-13,1612709919,1612709893,141,100
22100857,2021,2022-02-13,1610612754,1610612750,120,129
22100849,2021,2022-02-12,1610612755,1610612739,103,93
2072100009,2021,2022-02-12,1612709927,1612709930,103,93
22100852,2021,2022-02-12,1610612741,1610612760,106,101
2022100260,2021,2022-02-12,1612709923,1612709921,98,112
2022100254,2021,2022-02-12,1612709929,1612709910,97,112
22100848,2021,2022-02-12,1610612740,1610612759,114,124
2022100257,2021,2022-02-12,1612709915,1612709922,105,99
22100845,2021,2022-02-12,1610612757,1610612752,112,103
2022100259,2021,2022-02-12,1612709904,1612709903,119,107
22100854,2021,2022-02-12,1610612744,1610612747,117,115
22100850,2021,2022-02-12,1610612761,1610612743,109,110
2022100261,2021,2022-02-12,1612709905,1612709902,127,89
22100847,2021,2022-02-12,1610612764,1610612758,110,123
2022100258,2021,2022-02-12,1612709913,1612709908,120,140
22100846,2021,2022-02-12,1610612766,1610612763,118,125
22100855,2021,2022-02-12,1610612756,1610612753,132,105
22100853,2021,2022-02-12,1610612742,1610612746,97,99
22100851,2021,2022-02-12,1610612748,1610612751,115,111
2022100255,2021,2022-02-12,1612709909,1612709920,104,109
22100840,2021,2022-02-11,1610612755,1610612760,100,87
2022100250,2021,2022-02-11,1612709917,1612709928,114,117
22100841,2021,2022-02-11,1610612737,1610612759,121,136
22100838,2021,2022-02-11,1610612765,1610612766,119,141
22100842,2021,2022-02-11,1610612738,1610612743,108,102
2022100252,2021,2022-02-11,1612709923,1612709921,107,110
2022100251,2021,2022-02-11,1612709904,1612709914,113,101
22100843,2021,2022-02-11,1610612741,1610612750,134,122
22100844,2021,2022-02-11,1610612762,1610612753,114,99
22100839,2021,2022-02-11,1610612754,1610612739,113,120
2022100253,2021,2022-02-11,1612709918,1612709924,111,127
22100835,2021,2022-02-10,1610612742,1610612746,112,105
22100832,2021,2022-02-10,1610612764,1610612751,113,112
22100833,2021,2022-02-10,1610612740,1610612748,97,112
2022100248,2021,2022-02-10,1612709915,1612709927,121,117
2022100246,2021,2022-02-10,1612709890,1612709908,127,139
2022100243,2021,2022-02-10,1612709929,1612709919,123,118
22100834,2021,2022-02-10,1610612745,1610612761,120,139
22100837,2021,2022-02-10,1610612744,1610612752,114,116
2022100245,2021,2022-02-10,1612709910,1612709909,121,134
22100836,2021,2022-02-10,1610612756,1610612749,131,107
2022100249,2021,2022-02-10,1612709905,1612709902,111,117
2022100244,2021,2022-02-10,1612709926,1612709911,106,111
22100831,2021,2022-02-10,1610612765,1610612763,107,132
22100826,2021,2022-02-09,1610612766,1610612741,109,121
22100828,2021,2022-02-09,1610612762,1610612744,111,85
22100825,2021,2022-02-09,1610612739,1610612759,105,92
2022100238,2021,2022-02-09,1612709928,1612709929,113,120
22100830,2021,2022-02-09,1610612758,1610612750,132,119
2022100242,2021,2022-02-09,1612709914,1612709903,111,97
2022100240,2021,2022-02-09,1612709922,1612709932,120,102
2022100239,2021,2022-02-09,1612709889,1612709904,108,97
22100829,2021,2022-02-09,1610612757,1610612747,107,105
2022100241,2021,2022-02-09,1612709918,1612709924,115,121
22100827,2021,2022-02-09,1610612760,1610612761,98,117
22100818,2021,2022-02-08,1610612763,1610612746,135,109
2022100236,2021,2022-02-08,1612709913,1612709926,122,110
22100824,2021,2022-02-08,1610612758,1610612750,114,134
22100821,2021,2022-02-08,1610612743,1610612752,132,115
22100815,2021,2022-02-08,1610612755,1610612756,109,114
22100820,2021,2022-02-08,1610612742,1610612765,116,86
22100822,2021,2022-02-08,1610612747,1610612749,116,131
22100816,2021,2022-02-08,1610612737,1610612754,133,112
2022100232,2021,2022-02-08,1612709911,1612709890,115,118
22100819,2021,2022-02-08,1610612740,1610612745,110,97
2022100234,2021,2022-02-08,1612709893,1612709920,99,110
22100817,2021,2022-02-08,1610612751,1610612738,91,126
2022100233,2021,2022-02-08,1612709910,1612709909,117,129
2022100237,2021,2022-02-08,1612709914,1612709908,103,121
22100823,2021,2022-02-08,1610612757,1610612753,95,113
22100811,2021,2022-02-07,1610612764,1610612748,100,121
22100812,2021,2022-02-07,1610612741,1610612756,124,127
2022100231,2021,2022-02-07,1612709932,1612709921,116,105
2022100235,2021,2022-02-07,1612709919,1612709925,114,105
2022100227,2021,2022-02-07,1612709911,1612709890,121,115
22100810,2021,2022-02-07,1610612766,1610612761,101,116
22100813,2021,2022-02-07,1610612760,1610612744,98,110
22100814,2021,2022-02-07,1610612762,1610612752,113,104
2022100230,2021,2022-02-07,1612709889,1612709924,100,108
2022100229,2021,2022-02-06,1612709902,1612709905,110,112
22100807,2021,2022-02-06,1610612742,1610612737,103,94
2022100226,2021,2022-02-06,1612709904,1612709913,111,104
2022100224,2021,2022-02-06,1612709925,1612709922,107,97
2022100223,2021,2022-02-06,1612709915,1612709917,97,111
2022100225,2021,2022-02-06,1612709927,1612709910,110,113
22100806,2021,2022-02-06,1610612753,1610612738,83,116
22100804,2021,2022-02-06,1610612743,1610612751,124,104
22100803,2021,2022-02-06,1610612750,1610612765,118,105
22100808,2021,2022-02-06,1610612745,1610612740,107,120
22100809,2021,2022-02-06,1610612746,1610612749,113,137
2022100228,2021,2022-02-06,1612709919,1612709923,117,111
22100805,2021,2022-02-06,1610612739,1610612754,98,85
2022100222,2021,2022-02-06,1612709918,1612709926,97,110
22100802,2021,2022-02-06,1610612741,1610612755,108,119
22100798,2021,2022-02-05,1610612764,1610612756,80,95
22100797,2021,2022-02-05,1610612766,1610612748,86,104
22100801,2021,2022-02-05,1610612758,1610612760,113,103
22100796,2021,2022-02-05,1610612753,1610612763,115,135
2022100219,2021,2022-02-05,1612709920,1612709909,121,126
2022100221,2021,2022-02-05,1612709911,1612709924,111,133
22100800,2021,2022-02-05,1610612757,1610612749,108,137
22100799,2021,2022-02-05,1610612747,1610612752,122,115
2022100220,2021,2022-02-05,1612709932,1612709921,117,101
22100787,2021,2022-02-04,1610612766,1610612739,101,102
22100793,2021,2022-02-04,1610612762,1610612751,125,102
2022100214,2021,2022-02-04,1612709926,1612709913,116,129
2022100216,2021,2022-02-04,1612709918,1612709914,99,91
22100792,2021,2022-02-04,1610612759,1610612745,131,106
2022100209,2021,2022-02-04,1612709929,1612709932,124,127
2022100212,2021,2022-02-04,1612709915,1612709917,108,116
22100790,2021,2022-02-04,1610612761,1610612737,125,114
2022100211,2021,2022-02-04,1612709921,1612709893,118,113
2022100210,2021,2022-02-04,1612709922,1612709927,127,109
2022100213,2021,2022-02-04,1612709919,1612709923,90,107
2022100208,2021,2022-02-04,1612709928,1612709910,106,117
2022100217,2021,2022-02-04,1612709902,1612709908,115,127
22100794,2021,2022-02-04,1610612743,1610612740,105,113
22100791,2021,2022-02-04,1610612742,1610612755,107,98
2022100215,2021,2022-02-04,1612709890,1612709889,109,104
2022100218,2021,2022-02-04,1612709905,1612709903,116,117
22100789,2021,2022-02-04,1610612754,1610612741,115,122
22100795,2021,2022-02-04,1610612757,1610612760,93,96
22100788,2021,2022-02-04,1610612765,1610612738,93,102
22100782,2021,2022-02-03,1610612765,1610612750,117,128
22100521,2021,2022-02-03,1610612759,1610612748,95,112
2022100205,2021,2022-02-03,1612709920,1612709923,104,89
2022100206,2021,2022-02-03,1612709904,1612709924,116,109
22100783,2021,2022-02-03,1610612737,1610612756,124,115
2022100207,2021,2022-02-03,1612709905,1612709903,132,120
2022100204,2021,2022-02-03,1612709925,1612709927,134,115
22100430,2021,2022-02-03,1610612761,1610612741,127,120
2022100203,2021,2022-02-03,1612709909,1612709922,109,105
22100786,2021,2022-02-03,1610612746,1610612747,111,110
22100785,2021,2022-02-03,1610612744,1610612758,126,114
2022100201,2021,2022-02-02,1612709926,1612709911,111,103
22100777,2021,2022-02-02,1610612745,1610612739,115,104
2022100202,2021,2022-02-02,1612709918,1612709914,99,109
22100775,2021,2022-02-02,1610612738,1610612766,113,107
2022100200,2021,2022-02-02,1612709921,1612709893,109,105
22100776,2021,2022-02-02,1610612752,1610612763,108,120
22100781,2021,2022-02-02,1610612747,1610612757,99,94
22100774,2021,2022-02-02,1610612755,1610612764,103,106
22100779,2021,2022-02-02,1610612762,1610612743,108,104
2022100199,2021,2022-02-02,1612709928,1612709910,126,121
22100780,2021,2022-02-02,1610612758,1610612751,112,101
22100773,2021,2022-02-02,1610612754,1610612753,118,119
22100778,2021,2022-02-02,1610612742,1610612760,114,120
22100769,2021,2022-02-01,1610612741,1610612753,126,115
2022100256,2021,2022-02-01,1612709925,1612709932,104,118
22100772,2021,2022-02-01,1610612756,1610612751,121,111
2022100195,2021,2022-02-01,1612709919,1612709909,117,107
2022100197,2021,2022-02-01,1612709913,1612709902,122,110
22100768,2021,2022-02-01,1610612749,1610612764,112,98
2022100198,2021,2022-02-01,1612709903,1612709908,109,111
2022100194,2021,2022-02-01,1612709893,1612709922,105,96
2022100196,2021,2022-02-01,1612709920,1612709923,130,93
22100770,2021,2022-02-01,1610612750,1610612743,130,115
22100766,2021,2022-02-01,1610612765,1610612740,101,111
22100771,2021,2022-02-01,1610612759,1610612744,120,124
22100784,2021,2022-02-01,1610612761,1610612748,110,106
2022100191,2021,2022-01-31,1612709889,1612709905,113,100
22100761,2021,2022-01-31,1610612755,1610612763,122,119
22100765,2021,2022-01-31,1610612760,1610612757,98,81
22100762,2021,2022-01-31,1610612738,1610612748,122,92
22100767,2021,2022-01-31,1610612737,1610612761,100,106
22100763,2021,2022-01-31,1610612752,1610612758,116,96
2022100192,2021,2022-01-31,1612709920,1612709928,112,116
2022100193,2021,2022-01-31,1612709913,1612709924,107,102
22100759,2021,2022-01-31,1610612739,1610612740,93,90
22100760,2021,2022-01-31,1610612754,1610612746,122,116
22100764,2021,2022-01-31,1610612745,1610612744,108,122
22100758,2021,2022-01-30,1610612756,1610612759,115,110
2022100189,2021,2022-01-30,1612709932,1612709915,126,112
2072100008,2021,2022-01-30,1612709909,1612709930,131,95
22100757,2021,2022-01-30,1610612750,1610612762,126,106
22100754,2021,2022-01-30,1610612765,1610612739,115,105
22100751,2021,2022-01-30,1610612737,1610612747,129,121
22100756,2021,2022-01-30,1610612749,1610612743,100,136
2022100190,2021,2022-01-30,1612709890,1612709902,110,123
22100752,2021,2022-01-30,1610612766,1610612746,90,115
22100753,2021,2022-01-30,1610612741,1610612757,130,116
22100755,2021,2022-01-30,1610612753,1610612742,110,108
2022100188,2021,2022-01-29,1612709924,1612709889,113,116
2022100185,2021,2022-01-29,1612709927,1612709922,108,115
2022100186,2021,2022-01-29,1612709908,1612709913,116,117
22100746,2021,2022-01-29,1610612742,1610612754,132,105
22100750,2021,2022-01-29,1610612744,1610612751,110,106
22100748,2021,2022-01-29,1610612748,1610612761,120,124
2022100183,2021,2022-01-29,1612709925,1612709921,121,124
2022100187,2021,2022-01-29,1612709918,1612709905,100,117
2022100184,2021,2022-01-29,1612709923,1612709910,104,102
22100747,2021,2022-01-29,1610612755,1610612758,103,101
22100749,2021,2022-01-29,1610612763,1610612764,115,95
22100745,2021,2022-01-29,1610612740,1610612738,97,107
2022100182,2021,2022-01-29,1612709893,1612709917,82,98
2022100178,2021,2022-01-28,1612709909,1612709929,111,127
2022100177,2021,2022-01-28,1612709893,1612709917,82,94
22100736,2021,2022-01-28,1610612753,1610612765,119,103
22100737,2021,2022-01-28,1610612737,1610612738,108,92
2022100180,2021,2022-01-28,1612709903,1612709889,112,114
22100740,2021,2022-01-28,1610612763,1610612762,119,109
22100742,2021,2022-01-28,1610612759,1610612741,131,122
2072100007,2021,2022-01-28,1612709928,1612709930,123,115
22100743,2021,2022-01-28,1610612756,1610612750,134,124
22100744,2021,2022-01-28,1610612749,1610612752,123,108
22100739,2021,2022-01-28,1610612745,1610612757,110,125
2022100179,2021,2022-01-28,1612709925,1612709921,93,94
22100738,2021,2022-01-28,1610612748,1610612746,121,114
2022100181,2021,2022-01-28,1612709914,1612709911,76,82
22100729,2021,2022-01-28,1610612740,1610612743,105,116
22100735,2021,2022-01-28,1610612766,1610612747,117,114
22100741,2021,2022-01-28,1610612760,1610612754,110,113
2022100172,2021,2022-01-27,1612709909,1612709922,106,94
2022100174,2021,2022-01-27,1612709908,1612709902,126,111
2022100173,2021,2022-01-27,1612709890,1612709904,119,97
22100733,2021,2022-01-27,1610612755,1610612747,105,87
2022100176,2021,2022-01-27,1612709914,1612709903,123,118
2022100175,2021,2022-01-27,1612709924,1612709911,116,108
22100734,2021,2022-01-27,1610612744,1610612750,124,115
2022100171,2021,2022-01-27,1612709910,1612709915,126,138
2022100168,2021,2022-01-26,1612709913,1612709889,100,97
22100731,2021,2022-01-26,1610612762,1610612756,97,105
2022100166,2021,2022-01-26,1612709920,1612709932,123,116
22100723,2021,2022-01-26,1610612754,1610612766,126,158
22100728,2021,2022-01-26,1610612759,1610612763,110,118
22100453,2021,2022-01-26,1610612751,1610612743,118,124
22100732,2021,2022-01-26,1610612757,1610612742,112,132
22100472,2021,2022-01-26,1610612741,1610612761,111,105
22100722,2021,2022-01-26,1610612739,1610612749,115,99
22100727,2021,2022-01-26,1610612748,1610612752,110,96
2022100167,2021,2022-01-26,1612709928,1612709919,112,115
2022100169,2021,2022-01-26,1612709926,1612709905,124,127
22100724,2021,2022-01-26,1610612753,1610612746,102,111
2022100170,2021,2022-01-26,1612709927,1612709893,121,113
22100725,2021,2022-01-26,1610612737,1610612758,121,104
22100717,2021,2022-01-25,1610612738,1610612758,128,75
2022100165,2021,2022-01-25,1612709924,1612709904,129,101
22100716,2021,2022-01-25,1610612764,1610612746,115,116
22100454,2021,2022-01-25,1610612755,1610612740,117,107
2022100164,2021,2022-01-25,1612709908,1612709902,134,110
2022100160,2021,2022-01-25,1612709910,1612709915,130,129
22100718,2021,2022-01-25,1610612751,1610612747,96,106
22100719,2021,2022-01-25,1610612745,1610612759,104,134
22100714,2021,2022-01-25,1610612765,1610612743,105,110
2022100162,2021,2022-01-25,1612709911,1612709918,118,135
22100721,2021,2022-01-25,1610612757,1610612750,107,109
2022100163,2021,2022-01-25,1612709923,1612709925,98,88
2022100161,2021,2022-01-25,1612709929,1612709921,105,102
22100715,2021,2022-01-25,1610612761,1610612766,125,113
22100720,2021,2022-01-25,1610612744,1610612742,130,92
2022100155,2021,2022-01-24,1612709932,1612709917,111,122
2022100159,2021,2022-01-24,1612709924,1612709914,94,103
22100712,2021,2022-01-24,1610612740,1610612754,117,113
22100709,2021,2022-01-24,1610612739,1610612752,95,93
2022100158,2021,2022-01-24,1612709926,1612709905,116,124
2022100156,2021,2022-01-24,1612709920,1612709919,112,105
2022100154,2021,2022-01-24,1612709928,1612709923,101,103
22100730,2021,2022-01-24,1610612760,1610612741,110,111
2022100157,2021,2022-01-24,1612709913,1612709889,117,124
22100713,2021,2022-01-24,1610612756,1610612762,115,109
22100698,2021,2022-01-23,1610612752,1610612746,110,102
22100705,2021,2022-01-23,1610612742,1610612763,104,91
2072100006,2021,2022-01-23,1612709921,1612709930,111,99
22100704,2021,2022-01-23,1610612759,1610612755,109,115
22100699,2021,2022-01-23,1610612764,1610612738,87,116
22100706,2021,2022-01-23,1610612750,1610612751,136,125
22100700,2021,2022-01-23,1610612748,1610612747,113,107
2022100153,2021,2022-01-23,1612709913,1612709890,113,106
22100708,2021,2022-01-23,1610612744,1610612762,94,92
22100701,2021,2022-01-23,1610612753,1610612741,114,95
2022100150,2021,2022-01-23,1612709914,1612709904,91,75
2022100151,2021,2022-01-23,1612709927,1612709929,117,107
22100702,2021,2022-01-23,1610612761,1610612757,105,114
22100707,2021,2022-01-23,1610612743,1610612765,117,111
22100703,2021,2022-01-23,1610612766,1610612737,91,113
2022100152,2021,2022-01-23,1612709911,1612709918,111,85
2022100144,2021,2022-01-22,1612709917,1612709910,124,122
2022100142,2021,2022-01-22,1612709920,1612709893,119,102
22100695,2021,2022-01-22,1610612739,1610612760,94,87
2022100149,2021,2022-01-22,1612709908,1612709903,146,122
2022100143,2021,2022-01-22,1612709928,1612709923,111,108
22100696,2021,2022-01-22,1610612749,1610612758,133,127
2022100147,2021,2022-01-22,1612709932,1612709925,113,100
2022100145,2021,2022-01-22,1612709922,1612709909,109,118
2022100148,2021,2022-01-22,1612709889,1612709902,117,113
2022100146,2021,2022-01-22,1612709915,1612709919,142,117
22100697,2021,2022-01-22,1610612756,1610612754,113,103
2022100141,2021,2022-01-21,1612709908,1612709903,130,93
22100693,2021,2022-01-21,1610612762,1610612765,111,101
22100688,2021,2022-01-21,1610612738,1610612757,105,109
22100690,2021,2022-01-21,1610612749,1610612741,94,90
22100694,2021,2022-01-21,1610612744,1610612745,105,103
22100691,2021,2022-01-21,1610612759,1610612751,102,117
2022100138,2021,2022-01-21,1612709913,1612709905,109,123
2022100140,2021,2022-01-21,1612709890,1612709926,114,107
2072100005,2021,2022-01-21,1612709929,1612709930,129,119
2022100139,2021,2022-01-21,1612709889,1612709918,107,110
22100686,2021,2022-01-21,1610612755,1610612746,101,102
22100687,2021,2022-01-21,1610612737,1610612748,110,108
22100684,2021,2022-01-21,1610612766,1610612760,121,98
22100685,2021,2022-01-21,1610612753,1610612747,105,116
22100692,2021,2022-01-21,1610612743,1610612763,118,122
22100689,2021,2022-01-21,1610612764,1610612761,105,109
22100681,2021,2022-01-20,1610612752,1610612740,91,102
2022100136,2021,2022-01-20,1612709902,1612709924,101,115
22100682,2021,2022-01-20,1610612742,1610612756,101,109
2022100132,2021,2022-01-20,1612709921,1612709910,115,112
2022100133,2021,2022-01-20,1612709915,1612709923,111,97
22100683,2021,2022-01-20,1610612744,1610612754,117,121
2022100134,2021,2022-01-20,1612709920,1612709893,116,114
2022100137,2021,2022-01-20,1612709914,1612709904,117,107
2022100131,2021,2022-01-20,1612709917,1612709932,98,113
2022100135,2021,2022-01-20,1612709927,1612709925,109,110
22100679,2021,2022-01-19,1610612758,1610612765,131,133
22100678,2021,2022-01-19,1610612743,1610612746,130,128
22100674,2021,2022-01-19,1610612749,1610612763,126,114
2022100067,2021,2022-01-19,1612709903,1612709926,120,98
22100669,2021,2022-01-19,1610612764,1610612751,118,119
22100676,2021,2022-01-19,1610612759,1610612760,118,96
22100672,2021,2022-01-19,1610612748,1610612757,104,92
22100670,2021,2022-01-19,1610612737,1610612750,134,122
22100668,2021,2022-01-19,1610612755,1610612753,123,110
2022100128,2021,2022-01-19,1612709919,1612709915,126,99
22100671,2021,2022-01-19,1610612738,1610612766,102,111
2022100127,2021,2022-01-19,1612709921,1612709910,115,125
2022100126,2021,2022-01-19,1612709927,1612709925,104,103
22100675,2021,2022-01-19,1610612742,1610612761,102,98
2022100130,2021,2022-01-19,1612709908,1612709890,112,100
22100677,2021,2022-01-19,1610612762,1610612745,111,116
22100680,2021,2022-01-19,1610612747,1610612754,104,111
22100673,2021,2022-01-19,1610612741,1610612739,117,104
2022100129,2021,2022-01-19,1612709889,1612709918,113,103
2022100124,2021,2022-01-18,1612709923,1612709920,125,114
2022100122,2021,2022-01-18,1612709932,1612709929,123,113
2022100123,2021,2022-01-18,1612709904,1612709905,113,117
2022100055,2021,2022-01-18,1612709903,1612709926,117,106
22100666,2021,2022-01-18,1610612752,1610612750,110,112
22100667,2021,2022-01-18,1610612744,1610612765,102,86
2022100125,2021,2022-01-18,1612709924,1612709911,113,92
22100662,2021,2022-01-17,1610612748,1610612761,104,99
22100663,2021,2022-01-17,1610612742,1610612760,104,102
2022100120,2021,2022-01-17,1612709902,1612709914,124,91
22100657,2021,2022-01-17,1610612739,1610612751,114,107
2022100117,2021,2022-01-17,1612709922,1612709928,108,94
22100658,2021,2022-01-17,1610612763,1610612741,119,106
22100661,2021,2022-01-17,1610612753,1610612757,88,98
2022100121,2021,2022-01-17,1612709890,1612709908,127,124
22100656,2021,2022-01-17,1610612764,1610612755,117,98
2022100116,2021,2022-01-17,1612709909,1612709917,125,118
22100659,2021,2022-01-17,1610612746,1610612754,139,133
2022100119,2021,2022-01-17,1612709918,1612709889,117,94
22100660,2021,2022-01-17,1610612737,1610612749,121,114
22100665,2021,2022-01-17,1610612747,1610612762,101,95
22100664,2021,2022-01-17,1610612759,1610612756,107,121
22100655,2021,2022-01-17,1610612752,1610612766,87,97
22100654,2021,2022-01-17,1610612738,1610612740,104,92
2022100118,2021,2022-01-17,1612709921,1612709915,118,108
2022100112,2021,2022-01-16,1612709913,1612709903,123,110
2022100115,2021,2022-01-16,1612709920,1612709925,111,99
2022100109,2021,2022-01-16,1612709909,1612709917,115,111
22100617,2021,2022-01-16,1610612765,1610612756,108,135
22100651,2021,2022-01-16,1610612758,1610612745,112,118
2022100110,2021,2022-01-16,1612709932,1612709929,133,114
2022100114,2021,2022-01-16,1612709905,1612709911,99,113
22100652,2021,2022-01-16,1610612750,1610612744,119,99
2022100113,2021,2022-01-16,1612709923,1612709927,109,113
2022100111,2021,2022-01-16,1612709904,1612709926,99,107
22100653,2021,2022-01-16,1610612743,1610612762,102,125
22100645,2021,2022-01-15,1610612748,1610612755,98,109
2022100102,2021,2022-01-15,1612709915,1612709893,98,86
22100642,2021,2022-01-15,1610612764,1610612757,110,115
22100641,2021,2022-01-15,1610612749,1610612761,96,103
22100643,2021,2022-01-15,1610612737,1610612752,108,117
22100650,2021,2022-01-15,1610612742,1610612753,108,92
2022100104,2021,2022-01-15,1612709910,1612709919,132,104
22100647,2021,2022-01-15,1610612738,1610612741,114,112
22100649,2021,2022-01-15,1610612743,1610612747,133,96
2022100107,2021,2022-01-15,1612709918,1612709902,136,132
22100646,2021,2022-01-15,1610612760,1610612739,102,107
2022100106,2021,2022-01-15,1612709904,1612709926,105,113
2022100105,2021,2022-01-15,1612709922,1612709928,109,116
22100648,2021,2022-01-15,1610612759,1610612746,101,94
22100644,2021,2022-01-15,1610612751,1610612740,120,105
2022100103,2021,2022-01-15,1612709920,1612709925,88,82
2022100108,2021,2022-01-15,1612709924,1612709908,117,115
2022100098,2021,2022-01-14,1612709889,1612709890,126,108
2022100096,2021,2022-01-14,1612709922,1612709929,111,124
22100637,2021,2022-01-14,1610612741,1610612744,96,138
2022100097,2021,2022-01-14,1612709921,1612709927,112,133
22100633,2021,2022-01-14,1610612765,1610612761,103,87
22100638,2021,2022-01-14,1610612759,1610612739,109,114
22100640,2021,2022-01-14,1610612758,1610612745,126,114
22100635,2021,2022-01-14,1610612755,1610612738,111,99
22100639,2021,2022-01-14,1610612763,1610612742,85,112
2022100100,2021,2022-01-14,1612709903,1612709905,135,125
22100632,2021,2022-01-14,1610612766,1610612753,109,116
2022100101,2021,2022-01-14,1612709914,1612709924,91,106
22100634,2021,2022-01-14,1610612754,1610612756,94,112
22100636,2021,2022-01-14,1610612748,1610612737,124,118
2022100099,2021,2022-01-14,1612709918,1612709902,126,121
2022100093,2021,2022-01-13,1612709915,1612709909,107,111
22100628,2021,2022-01-13,1610612763,1610612750,116,108
2022100095,2021,2022-01-13,1612709905,1612709908,130,121
2022100092,2021,2022-01-13,1612709928,1612709920,113,104
22100630,2021,2022-01-13,1610612751,1610612760,109,130
22100631,2021,2022-01-13,1610612743,1610612757,140,108
22100629,2021,2022-01-13,1610612740,1610612746,113,89
22100627,2021,2022-01-13,1610612749,1610612744,118,99
2022100094,2021,2022-01-13,1612709911,1612709926,117,102
22100619,2021,2022-01-12,1610612755,1610612766,98,109
22100624,2021,2022-01-12,1610612762,1610612739,91,111
22100626,2021,2022-01-12,1610612758,1610612747,125,116
22100623,2021,2022-01-12,1610612759,1610612745,124,128
2022100091,2021,2022-01-12,1612709924,1612709904,96,95
22100620,2021,2022-01-12,1610612764,1610612753,112,106
22100625,2021,2022-01-12,1610612741,1610612751,112,138
22100621,2021,2022-01-12,1610612737,1610612748,91,115
22100618,2021,2022-01-12,1610612754,1610612738,100,119
22100622,2021,2022-01-12,1610612752,1610612742,108,85
2022100090,2021,2022-01-12,1612709921,1612709927,133,104
2022100086,2021,2022-01-11,1612709893,1612709923,103,94
22100612,2021,2022-01-11,1610612764,1610612760,122,118
22100615,2021,2022-01-11,1610612740,1610612750,128,125
22100616,2021,2022-01-11,1610612746,1610612743,87,85
2022100087,2021,2022-01-11,1612709929,1612709917,120,94
22100614,2021,2022-01-11,1610612763,1610612744,116,108
2022100089,2021,2022-01-11,1612709919,1612709932,110,105
22100613,2021,2022-01-11,1610612761,1610612756,95,99
2022100088,2021,2022-01-11,1612709925,1612709928,95,132
22100415,2021,2022-01-11,1610612741,1610612765,133,87
22100611,2021,2022-01-10,1610612758,1610612739,108,109
2022100082,2021,2022-01-10,1612709919,1612709932,98,107
2022100085,2021,2022-01-10,1612709903,1612709904,93,103
22100609,2021,2022-01-10,1610612738,1610612754,101,98
2022100084,2021,2022-01-10,1612709926,1612709902,130,132
22100608,2021,2022-01-10,1610612765,1610612762,126,116
22100711,2021,2022-01-10,1610612745,1610612755,91,111
2022100083,2021,2022-01-10,1612709920,1612709921,103,102
22100610,2021,2022-01-10,1610612752,1610612759,111,96
22100486,2021,2022-01-10,1610612757,1610612751,114,108
22100607,2021,2022-01-10,1610612766,1610612749,103,99
22100601,2021,2022-01-09,1610612760,1610612743,95,99
22100597,2021,2022-01-09,1610612746,1610612737,106,93
22100598,2021,2022-01-09,1610612753,1610612764,100,102
22100606,2021,2022-01-09,1610612747,1610612763,119,127
2022100080,2021,2022-01-09,1612709914,1612709889,100,118
22100602,2021,2022-01-09,1610612751,1610612759,121,119
2072100004,2021,2022-01-09,1612709930,1612709931,106,105
22100604,2021,2022-01-09,1610612744,1610612739,96,82
2022100078,2021,2022-01-09,1612709921,1612709922,103,111
2022100066,2021,2022-01-09,1612709923,1612709909,123,85
22100603,2021,2022-01-09,1610612742,1610612741,113,99
22100600,2021,2022-01-09,1610612745,1610612750,123,141
2022100079,2021,2022-01-09,1612709915,1612709927,117,89
22100605,2021,2022-01-09,1610612757,1610612758,103,88
22100599,2021,2022-01-09,1610612761,1610612740,105,101
2022100074,2021,2022-01-08,1612709913,1612709911,113,115
2022100071,2021,2022-01-08,1612709917,1612709893,99,92
22100592,2021,2022-01-08,1610612766,1610612749,114,106
2022100070,2021,2022-01-08,1612709928,1612709932,113,118
2022100077,2021,2022-01-08,1612709903,1612709904,95,115
22100596,2021,2022-01-08,1610612756,1610612748,100,123
22100591,2021,2022-01-08,1610612746,1610612763,108,123
2022100076,2021,2022-01-08,1612709918,1612709908,105,122
22100595,2021,2022-01-08,1610612738,1610612752,99,75
22100593,2021,2022-01-08,1610612765,1610612753,97,92
22100594,2021,2022-01-08,1610612754,1610612762,125,113
2022100072,2021,2022-01-08,1612709925,1612709929,112,102
2022100069,2021,2022-01-08,1612709910,1612709920,99,114
2022100065,2021,2022-01-07,1612709921,1612709922,114,119
22100590,2021,2022-01-07,1610612757,1610612739,101,114
2022100063,2021,2022-01-07,1612709917,1612709919,110,96
22100583,2021,2022-01-07,1610612751,1610612749,109,121
2022100062,2021,2022-01-07,1612709893,1612709928,95,106
22100586,2021,2022-01-07,1610612745,1610612742,106,130
2022100068,2021,2022-01-07,1612709902,1612709889,127,123
22100584,2021,2022-01-07,1610612761,1610612762,122,108
22100589,2021,2022-01-07,1610612747,1610612737,134,118
2022100064,2021,2022-01-07,1612709925,1612709929,100,111
2072100003,2021,2022-01-07,1612709930,1612709931,91,93
22100588,2021,2022-01-07,1610612743,1610612758,121,111
22100585,2021,2022-01-07,1610612741,1610612764,130,122
22100582,2021,2022-01-07,1610612755,1610612759,119,100
22100587,2021,2022-01-07,1610612760,1610612750,105,135
2022100057,2021,2022-01-06,1612709910,1612709920,94,103
22100581,2021,2022-01-06,1610612756,1610612746,106,89
2022100061,2021,2022-01-06,1612709914,1612709913,137,119
2022100058,2021,2022-01-06,1612709904,1612709911,94,109
22100580,2021,2022-01-06,1610612740,1610612744,101,96
2022100060,2021,2022-01-06,1612709902,1612709889,116,106
22100578,2021,2022-01-06,1610612752,1610612738,108,105
22100579,2021,2022-01-06,1610612763,1610612765,118,88
22100576,2021,2022-01-05,1610612757,1610612748,109,115
22100570,2021,2022-01-05,1610612738,1610612759,97,99
2022100054,2021,2022-01-05,1612709927,1612709909,124,123
22100571,2021,2022-01-05,1610612754,1610612751,121,129
2022100052,2021,2022-01-05,1612709921,1612709929,111,107
22100574,2021,2022-01-05,1610612750,1610612760,98,90
2022100051,2021,2022-01-05,1612709917,1612709919,127,108
2022100053,2021,2022-01-05,1612709923,1612709932,108,112
22100572,2021,2022-01-05,1610612742,1610612744,99,82
22100577,2021,2022-01-05,1610612758,1610612737,102,108
22100567,2021,2022-01-05,1610612766,1610612765,140,111
22100569,2021,2022-01-05,1610612764,1610612745,111,114
2022100056,2021,2022-01-05,1612709914,1612709913,103,80
22100573,2021,2022-01-05,1610612749,1610612761,111,117
22100575,2021,2022-01-05,1610612743,1610612762,109,115
22100568,2021,2022-01-05,1610612753,1610612755,106,116
22100563,2021,2022-01-04,1610612761,1610612759,129,104
22100562,2021,2022-01-04,1610612739,1610612763,106,110
22100566,2021,2022-01-04,1610612747,1610612758,122,114
22100564,2021,2022-01-04,1610612752,1610612754,104,94
22100565,2021,2022-01-04,1610612740,1610612756,110,123
22100561,2021,2022-01-03,1610612746,1610612750,104,122
22100560,2021,2022-01-03,1610612757,1610612737,136,131
22100559,2021,2022-01-03,1610612744,1610612748,115,108
22100552,2021,2022-01-03,1610612755,1610612745,133,113
22100555,2021,2022-01-03,1610612741,1610612753,102,98
22100554,2021,2022-01-03,1610612751,1610612763,104,118
22100557,2021,2022-01-03,1610612740,1610612762,104,115
22100553,2021,2022-01-03,1610612764,1610612766,124,121
22100558,2021,2022-01-03,1610612742,1610612743,103,89
22100556,2021,2022-01-03,1610612749,1610612765,106,115
22100546,2021,2022-01-02,1610612738,1610612753,116,111
22100551,2021,2022-01-02,1610612747,1610612750,108,103
22100549,2021,2022-01-02,1610612766,1610612756,99,133
22100545,2021,2022-01-02,1610612761,1610612752,120,105
22100547,2021,2022-01-02,1610612739,1610612754,108,104
22100548,2021,2022-01-02,1610612758,1610612748,115,113
22100550,2021,2022-01-02,1610612760,1610612742,86,95
22100543,2021,2022-01-01,1610612745,1610612743,111,124
22100540,2021,2022-01-01,1610612765,1610612759,117,116
22100544,2021,2022-01-01,1610612762,1610612744,116,123
22100542,2021,2022-01-01,1610612751,1610612746,116,120
22100539,2021,2022-01-01,1610612749,1610612740,136,113
22100541,2021,2022-01-01,1610612764,1610612741,119,120
22100534,2021,2021-12-31,1610612761,1610612746,116,108
22100536,2021,2021-12-31,1610612760,1610612752,95,80
22100538,2021,2021-12-31,1610612747,1610612757,139,106
22100529,2021,2021-12-31,1610612738,1610612756,123,108
22100537,2021,2021-12-31,1610612762,1610612750,120,108
22100530,2021,2021-12-31,1610612754,1610612741,106,108
22100533,2021,2021-12-31,1610612739,1610612737,118,121
22100535,2021,2021-12-31,1610612763,1610612759,118,105
22100532,2021,2021-12-31,1610612745,1610612748,110,120
22100531,2021,2021-12-31,1610612758,1610612742,96,112
22100525,2021,2021-12-30,1610612751,1610612755,102,110
22100526,2021,2021-12-30,1610612753,1610612749,118,136
22100527,2021,2021-12-30,1610612764,1610612739,110,93
22100517,2021,2021-12-29,1610612754,1610612766,108,116
22100522,2021,2021-12-29,1610612756,1610612760,115,97
22100523,2021,2021-12-29,1610612757,1610612762,105,120
22100516,2021,2021-12-29,1610612765,1610612752,85,94
22100519,2021,2021-12-29,1610612741,1610612737,131,117
22100520,2021,2021-12-29,1610612763,1610612747,104,99
22100524,2021,2021-12-29,1610612758,1610612742,95,94
22100518,2021,2021-12-29,1610612738,1610612746,82,91
22100515,2021,2021-12-28,1610612758,1610612760,117,111
22100511,2021,2021-12-28,1610612745,1610612747,123,132
22100508,2021,2021-12-28,1610612753,1610612749,110,127
22100510,2021,2021-12-28,1610612761,1610612755,109,114
22100512,2021,2021-12-28,1610612750,1610612752,88,96
22100509,2021,2021-12-28,1610612748,1610612764,119,112
22100513,2021,2021-12-28,1610612740,1610612739,108,104
22100514,2021,2021-12-28,1610612744,1610612743,86,89
22100506,2021,2021-12-27,1610612757,1610612742,117,132
22100504,2021,2021-12-27,1610612759,1610612762,104,110
22100503,2021,2021-12-27,1610612750,1610612738,108,103
22100502,2021,2021-12-27,1610612737,1610612741,118,130
22100507,2021,2021-12-27,1610612746,1610612751,108,124
22100501,2021,2021-12-27,1610612766,1610612745,123,99
22100505,2021,2021-12-27,1610612756,1610612763,113,114
22100493,2021,2021-12-26,1610612748,1610612753,93,83
22100500,2021,2021-12-26,1610612746,1610612743,100,103
22100499,2021,2021-12-26,1610612741,1610612754,113,105
22100497,2021,2021-12-26,1610612760,1610612740,117,112
22100496,2021,2021-12-26,1610612758,1610612763,102,127
22100498,2021,2021-12-26,1610612759,1610612765,144,109
22100494,2021,2021-12-26,1610612739,1610612761,144,99
22100495,2021,2021-12-26,1610612764,1610612755,96,117
22100491,2021,2021-12-25,1610612747,1610612751,115,122
22100492,2021,2021-12-25,1610612762,1610612742,120,116
22100488,2021,2021-12-25,1610612752,1610612737,101,87
22100490,2021,2021-12-25,1610612756,1610612744,107,116
22100489,2021,2021-12-25,1610612749,1610612738,117,113
22100480,2021,2021-12-23,1610612752,1610612764,117,124
22100487,2021,2021-12-23,1610612747,1610612759,110,138
22100483,2021,2021-12-23,1610612756,1610612760,113,101
22100477,2021,2021-12-23,1610612753,1610612740,104,110
22100482,2021,2021-12-23,1610612743,1610612766,107,115
22100479,2021,2021-12-23,1610612748,1610612765,115,112
22100484,2021,2021-12-23,1610612762,1610612750,128,116
22100485,2021,2021-12-23,1610612744,1610612763,113,104
22100478,2021,2021-12-23,1610612755,1610612737,96,98
22100481,2021,2021-12-23,1610612742,1610612749,95,102
22100476,2021,2021-12-23,1610612754,1610612745,118,106
2052100203,2021,2021-12-22,1612709931,1612709919,103,113
2052100210,2021,2021-12-22,1612709890,1612709904,112,99
22100470,2021,2021-12-22,1610612737,1610612753,98,104
22100471,2021,2021-12-22,1610612738,1610612739,111,101
2052100211,2021,2021-12-22,1612709929,1612709918,141,89
2052100206,2021,2021-12-22,1612709909,1612709889,104,98
22100475,2021,2021-12-22,1610612758,1610612746,89,105
2052100208,2021,2021-12-22,1612709903,1612709925,124,104
22100473,2021,2021-12-22,1610612749,1610612745,126,106
2052100209,2021,2021-12-22,1612709914,1612709893,108,104
22100474,2021,2021-12-22,1610612760,1610612743,108,94
2052100202,2021,2021-12-22,1612709904,1612709914,91,87
2052100207,2021,2021-12-22,1612709921,1612709924,95,102
2052100205,2021,2021-12-22,1612709911,1612709922,113,101
2052100197,2021,2021-12-21,1612709915,1612709908,98,105
2052100201,2021,2021-12-21,1612709893,1612709903,97,123
22100466,2021,2021-12-21,1610612752,1610612765,105,91
2052100198,2021,2021-12-21,1612709909,1612709905,122,108
22100467,2021,2021-12-21,1610612740,1610612757,111,97
22100465,2021,2021-12-21,1610612748,1610612754,125,96
2052100199,2021,2021-12-21,1612709927,1612709910,103,155
2052100196,2021,2021-12-21,1612709889,1612709932,99,97
22100469,2021,2021-12-21,1610612747,1610612756,90,108
2052100200,2021,2021-12-21,1612709925,1612709902,83,96
22100468,2021,2021-12-21,1610612742,1610612750,114,102
2052100190,2021,2021-12-20,1612709928,1612709911,106,89
2052100191,2021,2021-12-20,1612709913,1612709917,119,85
2052100188,2021,2021-12-20,1612709918,1612709919,110,106
22100460,2021,2021-12-20,1610612763,1610612760,99,102
22100461,2021,2021-12-20,1610612762,1610612766,112,102
22100457,2021,2021-12-20,1610612738,1610612755,103,108
2052100187,2021,2021-12-20,1612709926,1612709929,130,134
2052100194,2021,2021-12-20,1612709922,1612709926,122,118
2052100192,2021,2021-12-20,1612709931,1612709924,90,113
2052100189,2021,2021-12-20,1612709902,1612709921,81,77
22100463,2021,2021-12-20,1610612746,1610612759,92,116
22100462,2021,2021-12-20,1610612744,1610612758,113,98
22100459,2021,2021-12-20,1610612741,1610612745,133,118
2052100193,2021,2021-12-20,1612709930,1612709890,89,118
22100448,2021,2021-12-19,1610612741,1610612747,115,110
2052100181,2021,2021-12-19,1612709905,1612709927,119,112
2052100185,2021,2021-12-19,1612709917,1612709930,106,123
22100456,2021,2021-12-19,1610612756,1610612766,137,106
2052100182,2021,2021-12-19,1612709909,1612709910,126,101
2052100184,2021,2021-12-19,1612709913,1612709928,126,115
2052100186,2021,2021-12-19,1612709915,1612709932,103,116
2052100183,2021,2021-12-19,1612709908,1612709889,113,119
22100451,2021,2021-12-19,1610612758,1610612759,121,114
22100455,2021,2021-12-19,1610612750,1610612742,111,105
22100450,2021,2021-12-19,1610612763,1610612757,100,105
22100449,2021,2021-12-19,1610612765,1610612748,100,90
22100442,2021,2021-12-18,1610612751,1610612753,93,100
22100443,2021,2021-12-18,1610612761,1610612744,119,100
22100445,2021,2021-12-18,1610612738,1610612752,114,107
22100446,2021,2021-12-18,1610612749,1610612739,90,119
22100444,2021,2021-12-18,1610612760,1610612746,104,103
22100441,2021,2021-12-18,1610612765,1610612745,107,116
22100447,2021,2021-12-18,1610612762,1610612764,103,109
2052100177,2021,2021-12-17,1612709915,1612709921,111,99
22100433,2021,2021-12-17,1610612753,1610612748,105,115
22100437,2021,2021-12-17,1610612762,1610612759,126,128
22100440,2021,2021-12-17,1610612758,1610612763,105,124
22100435,2021,2021-12-17,1610612738,1610612744,107,111
22100436,2021,2021-12-17,1610612750,1610612747,110,92
22100434,2021,2021-12-17,1610612737,1610612743,115,133
22100439,2021,2021-12-17,1610612757,1610612766,125,116
22100438,2021,2021-12-17,1610612740,1610612749,116,112
2052100178,2021,2021-12-17,1612709889,1612709914,121,92
2052100176,2021,2021-12-17,1612709909,1612709919,93,91
2052100180,2021,2021-12-17,1612709902,1612709930,99,104
2052100175,2021,2021-12-17,1612709893,1612709932,106,138
2052100174,2021,2021-12-16,1612709905,1612709924,106,123
22100432,2021,2021-12-16,1610612756,1610612764,118,98
22100431,2021,2021-12-16,1610612745,1610612752,103,116
22100428,2021,2021-12-16,1610612754,1610612765,122,113
2052100173,2021,2021-12-16,1612709915,1612709921,95,97
2052100171,2021,2021-12-16,1612709929,1612709920,120,104
2052100168,2021,2021-12-16,1612709911,1612709927,117,131
22100429,2021,2021-12-16,1610612751,1610612755,114,105
2052100172,2021,2021-12-16,1612709925,1612709890,101,112
2052100169,2021,2021-12-15,1612709908,1612709918,128,90
22100422,2021,2021-12-15,1610612760,1610612740,110,113
22100419,2021,2021-12-15,1610612755,1610612748,96,101
2052100167,2021,2021-12-15,1612709917,1612709910,127,131
22100427,2021,2021-12-15,1610612758,1610612764,119,105
22100424,2021,2021-12-15,1610612743,1610612750,107,124
22100423,2021,2021-12-15,1610612759,1610612766,115,131
22100426,2021,2021-12-15,1610612757,1610612763,103,113
2052100166,2021,2021-12-15,1612709889,1612709914,121,101
22100417,2021,2021-12-15,1610612739,1610612745,124,89
22100421,2021,2021-12-15,1610612749,1610612754,114,99
22100418,2021,2021-12-15,1610612753,1610612737,99,111
2052100170,2021,2021-12-15,1612709930,1612709903,114,111
22100420,2021,2021-12-15,1610612742,1610612747,104,107
22100425,2021,2021-12-15,1610612762,1610612746,124,103
2052100163,2021,2021-12-14,1612709925,1612709890,96,109
2052100161,2021,2021-12-14,1612709929,1612709920,118,108
2052100162,2021,2021-12-14,1612709917,1612709910,122,139
2052100165,2021,2021-12-14,1612709905,1612709924,124,121
2052100164,2021,2021-12-14,1612709913,1612709926,113,109
22100413,2021,2021-12-14,1610612751,1610612761,131,129
22100414,2021,2021-12-14,1610612752,1610612744,96,105
22100416,2021,2021-12-14,1610612757,1610612756,107,111
2052100157,2021,2021-12-13,1612709913,1612709926,119,97
22100404,2021,2021-12-13,1610612739,1610612748,105,94
22100409,2021,2021-12-13,1610612763,1610612755,126,91
22100405,2021,2021-12-13,1610612754,1610612744,100,102
22100412,2021,2021-12-13,1610612746,1610612756,111,95
22100407,2021,2021-12-13,1610612737,1610612745,126,132
22100410,2021,2021-12-13,1610612742,1610612766,120,96
2052100158,2021,2021-12-13,1612709911,1612709927,113,102
22100411,2021,2021-12-13,1610612743,1610612764,113,107
2052100159,2021,2021-12-13,1612709908,1612709918,122,129
22100406,2021,2021-12-13,1610612761,1610612758,124,101
2052100160,2021,2021-12-13,1612709930,1612709903,92,95
22100408,2021,2021-12-13,1610612738,1610612749,117,103
22100399,2021,2021-12-12,1610612765,1610612751,104,116
2052100155,2021,2021-12-12,1612709909,1612709919,120,109
22100403,2021,2021-12-12,1610612747,1610612753,106,94
22100400,2021,2021-12-12,1610612760,1610612742,84,103
22100398,2021,2021-12-12,1610612752,1610612749,97,112
22100402,2021,2021-12-12,1610612757,1610612750,111,116
2052100154,2021,2021-12-12,1612709927,1612709893,110,107
22100401,2021,2021-12-12,1610612759,1610612740,112,97
22100397,2021,2021-12-11,1610612759,1610612743,112,127
2052100145,2021,2021-12-11,1612709920,1612709915,106,134
22100394,2021,2021-12-11,1610612748,1610612741,118,92
2052100148,2021,2021-12-11,1612709910,1612709911,105,110
22100395,2021,2021-12-11,1610612763,1610612745,113,106
2052100149,2021,2021-12-11,1612709921,1612709929,117,110
2052100147,2021,2021-12-11,1612709931,1612709922,108,99
2052100153,2021,2021-12-11,1612709914,1612709905,113,109
22100392,2021,2021-12-11,1610612764,1610612762,98,123
22100396,2021,2021-12-11,1610612755,1610612744,102,93
2052100146,2021,2021-12-11,1612709928,1612709909,93,107
2052100152,2021,2021-12-11,1612709918,1612709890,105,116
22100391,2021,2021-12-11,1610612746,1610612753,106,104
2052100150,2021,2021-12-11,1612709913,1612709925,97,88
22100393,2021,2021-12-11,1610612739,1610612758,117,103
22100385,2021,2021-12-10,1610612761,1610612752,90,87
22100386,2021,2021-12-10,1610612745,1610612749,114,123
22100388,2021,2021-12-10,1610612740,1610612765,109,93
22100389,2021,2021-12-10,1610612760,1610612747,95,116
22100384,2021,2021-12-10,1610612737,1610612751,105,113
2052100144,2021,2021-12-10,1612709914,1612709905,102,112
2052100142,2021,2021-12-10,1612709931,1612709922,96,101
22100383,2021,2021-12-10,1610612754,1610612742,106,93
22100382,2021,2021-12-10,1610612766,1610612758,124,123
22100387,2021,2021-12-10,1610612750,1610612739,106,123
2052100143,2021,2021-12-10,1612709910,1612709911,105,103
22100390,2021,2021-12-10,1610612756,1610612738,111,90
2052100136,2021,2021-12-09,1612709921,1612709929,98,117
22100381,2021,2021-12-09,1610612759,1610612743,123,111
2052100139,2021,2021-12-09,1612709926,1612709908,121,117
2052100140,2021,2021-12-09,1612709918,1612709890,98,125
22100379,2021,2021-12-09,1610612755,1610612762,96,118
2052100137,2021,2021-12-09,1612709920,1612709915,103,129
22100380,2021,2021-12-09,1610612763,1610612747,108,95
2052100141,2021,2021-12-09,1612709924,1612709902,115,91
2052100138,2021,2021-12-09,1612709913,1612709925,115,84
2052100135,2021,2021-12-09,1612709928,1612709909,105,114
22100367,2021,2021-12-08,1610612739,1610612741,115,92
22100373,2021,2021-12-08,1610612763,1610612742,96,104
22100371,2021,2021-12-08,1610612761,1610612760,109,110
22100370,2021,2021-12-08,1610612748,1610612749,113,104
22100368,2021,2021-12-08,1610612765,1610612764,116,119
2052100134,2021,2021-12-08,1612709924,1612709902,121,122
2052100133,2021,2021-12-08,1612709903,1612709905,120,139
22100377,2021,2021-12-08,1610612758,1610612753,142,130
22100376,2021,2021-12-08,1610612744,1610612757,104,94
22100375,2021,2021-12-08,1610612740,1610612743,114,120
22100374,2021,2021-12-08,1610612750,1610612762,104,136
22100372,2021,2021-12-08,1610612745,1610612751,114,104
22100378,2021,2021-12-08,1610612746,1610612738,114,111
2052100132,2021,2021-12-08,1612709932,1612709904,103,98
22100366,2021,2021-12-08,1610612766,1610612755,106,110
22100369,2021,2021-12-08,1610612754,1610612752,122,102
22100364,2021,2021-12-07,1610612759,1610612752,109,121
2052100128,2021,2021-12-07,1612709932,1612709904,106,99
22100365,2021,2021-12-07,1610612747,1610612738,117,102
2052100129,2021,2021-12-07,1612709893,1612709911,131,118
22100363,2021,2021-12-07,1610612742,1610612751,99,102
2052100130,2021,2021-12-07,1612709913,1612709931,109,107
2052100131,2021,2021-12-07,1612709926,1612709908,116,92
22100359,2021,2021-12-06,1610612750,1610612737,110,121
22100360,2021,2021-12-06,1610612756,1610612759,108,104
2052100127,2021,2021-12-06,1612709903,1612709905,114,121
2052100125,2021,2021-12-06,1612709920,1612709928,120,113
22100358,2021,2021-12-06,1610612749,1610612739,112,104
22100354,2021,2021-12-06,1610612765,1610612760,103,114
22100355,2021,2021-12-06,1610612754,1610612764,116,110
2052100126,2021,2021-12-06,1612709893,1612709911,106,104
22100356,2021,2021-12-06,1610612748,1610612763,90,105
22100362,2021,2021-12-06,1610612757,1610612746,90,102
22100353,2021,2021-12-06,1610612766,1610612755,124,127
22100361,2021,2021-12-06,1610612744,1610612753,126,95
22100357,2021,2021-12-06,1610612741,1610612743,109,97
2052100124,2021,2021-12-05,1612709930,1612709889,99,89
22100352,2021,2021-12-05,1610612745,1610612740,118,108
2052100123,2021,2021-12-05,1612709913,1612709931,114,123
22100349,2021,2021-12-05,1610612739,1610612762,108,109
22100351,2021,2021-12-05,1610612761,1610612764,102,90
22100350,2021,2021-12-05,1610612737,1610612766,127,130
2052100122,2021,2021-12-05,1612709926,1612709925,100,119
22100342,2021,2021-12-04,1610612752,1610612743,99,113
22100344,2021,2021-12-04,1610612749,1610612748,124,102
22100348,2021,2021-12-04,1610612758,1610612746,104,99
2052100118,2021,2021-12-04,1612709909,1612709921,125,110
2052100119,2021,2021-12-04,1612709917,1612709927,111,107
22100346,2021,2021-12-04,1610612744,1610612759,107,112
2052100121,2021,2021-12-04,1612709902,1612709905,103,107
2052100120,2021,2021-12-04,1612709904,1612709910,96,107
22100343,2021,2021-12-04,1610612751,1610612741,107,111
22100345,2021,2021-12-04,1610612742,1610612763,90,97
22100347,2021,2021-12-04,1610612757,1610612738,117,145
2052100117,2021,2021-12-04,1612709920,1612709928,109,128
22100333,2021,2021-12-03,1610612754,1610612748,104,113
2052100115,2021,2021-12-03,1612709902,1612709905,110,131
2052100113,2021,2021-12-03,1612709904,1612709910,112,125
2052100116,2021,2021-12-03,1612709930,1612709889,100,115
2052100111,2021,2021-12-03,1612709919,1612709929,121,116
22100339,2021,2021-12-03,1610612762,1610612738,137,130
2052100114,2021,2021-12-03,1612709890,1612709922,96,105
2052100110,2021,2021-12-03,1612709917,1612709927,127,131
22100341,2021,2021-12-03,1610612747,1610612746,115,119
2052100112,2021,2021-12-03,1612709926,1612709925,97,118
22100338,2021,2021-12-03,1610612742,1610612740,91,107
22100334,2021,2021-12-03,1610612764,1610612739,101,116
22100335,2021,2021-12-03,1610612737,1610612755,96,98
22100337,2021,2021-12-03,1610612745,1610612753,118,116
22100336,2021,2021-12-03,1610612751,1610612750,110,105
22100340,2021,2021-12-03,1610612744,1610612756,118,96
2052100109,2021,2021-12-02,1612709890,1612709922,108,105
2052100108,2021,2021-12-02,1612709919,1612709929,123,102
22100330,2021,2021-12-02,1610612763,1610612760,152,79
22100332,2021,2021-12-02,1610612757,1610612759,83,114
22100328,2021,2021-12-02,1610612752,1610612741,115,119
22100329,2021,2021-12-02,1610612761,1610612749,97,93
22100331,2021,2021-12-02,1610612756,1610612765,114,103
22100325,2021,2021-12-01,1610612740,1610612742,107,139
22100327,2021,2021-12-01,1610612746,1610612758,115,124
22100322,2021,2021-12-01,1610612738,1610612755,88,87
22100320,2021,2021-12-01,1610612753,1610612743,108,103
22100324,2021,2021-12-01,1610612749,1610612766,127,125
2052100107,2021,2021-12-01,1612709927,1612709923,101,102
2052100104,2021,2021-12-01,1612709924,1612709903,116,108
22100323,2021,2021-12-01,1610612748,1610612739,85,111
22100319,2021,2021-12-01,1610612754,1610612737,111,114
22100321,2021,2021-12-01,1610612764,1610612750,115,107
22100326,2021,2021-12-01,1610612760,1610612745,110,114
22100318,2021,2021-11-30,1610612758,1610612747,92,117
22100314,2021,2021-11-30,1610612751,1610612752,112,110
22100317,2021,2021-11-30,1610612757,1610612765,110,92
2052100106,2021,2021-11-30,1612709928,1612709929,113,107
22100316,2021,2021-11-30,1610612756,1610612744,104,96
22100315,2021,2021-11-30,1610612761,1610612763,91,98
2052100101,2021,2021-11-29,1612709932,1612709911,105,97
2052100102,2021,2021-11-29,1612709919,1612709915,100,110
22100311,2021,2021-11-29,1610612759,1610612764,116,99
2052100105,2021,2021-11-29,1612709914,1612709930,86,96
22100309,2021,2021-11-29,1610612750,1610612754,100,98
22100312,2021,2021-11-29,1610612762,1610612757,129,107
22100310,2021,2021-11-29,1610612742,1610612739,96,114
22100313,2021,2021-11-29,1610612746,1610612740,104,123
2052100103,2021,2021-11-29,1612709927,1612709923,124,116
22100305,2021,2021-11-29,1610612755,1610612753,101,96
2052100099,2021,2021-11-29,1612709924,1612709903,130,97
22100306,2021,2021-11-29,1610612748,1610612743,111,120
22100308,2021,2021-11-29,1610612745,1610612760,102,89
22100307,2021,2021-11-29,1610612741,1610612766,133,119
22100303,2021,2021-11-28,1610612763,1610612758,128,101
22100300,2021,2021-11-28,1610612746,1610612744,90,105
22100302,2021,2021-11-28,1610612761,1610612738,97,109
2052100098,2021,2021-11-28,1612709914,1612709930,111,114
2052100100,2021,2021-11-28,1612709908,1612709913,101,89
2052100096,2021,2021-11-28,1612709909,1612709920,114,106
2052100097,2021,2021-11-28,1612709904,1612709893,110,113
2052100095,2021,2021-11-28,1612709928,1612709929,113,103
22100304,2021,2021-11-28,1610612747,1610612765,110,106
22100301,2021,2021-11-28,1610612754,1610612749,100,118
22100298,2021,2021-11-27,1610612742,1610612764,114,120
2052100092,2021,2021-11-27,1612709890,1612709926,78,108
2052100091,2021,2021-11-27,1612709919,1612709915,106,131
22100295,2021,2021-11-27,1610612739,1610612753,105,92
22100296,2021,2021-11-27,1610612741,1610612748,104,107
2052100094,2021,2021-11-27,1612709918,1612709922,104,98
2052100089,2021,2021-11-27,1612709909,1612709920,120,94
22100297,2021,2021-11-27,1610612745,1610612766,146,143
22100293,2021,2021-11-27,1610612737,1610612752,90,99
22100292,2021,2021-11-27,1610612755,1610612750,120,121
2052100093,2021,2021-11-27,1612709904,1612709893,111,115
22100294,2021,2021-11-27,1610612751,1610612756,107,113
22100299,2021,2021-11-27,1610612762,1610612740,127,105
2052100090,2021,2021-11-27,1612709932,1612709911,117,125
22100290,2021,2021-11-26,1610612744,1610612757,118,103
22100281,2021,2021-11-26,1610612766,1610612750,133,115
2052100086,2021,2021-11-26,1612709918,1612709922,110,115
22100280,2021,2021-11-26,1610612746,1610612765,107,96
22100285,2021,2021-11-26,1610612763,1610612737,100,132
22100284,2021,2021-11-26,1610612754,1610612761,114,97
2052100087,2021,2021-11-26,1612709903,1612709914,84,102
2052100085,2021,2021-11-26,1612709908,1612709913,112,105
22100288,2021,2021-11-26,1610612743,1610612749,109,120
22100283,2021,2021-11-26,1610612753,1610612741,88,123
22100291,2021,2021-11-26,1610612747,1610612758,137,141
22100282,2021,2021-11-26,1610612752,1610612756,97,118
22100289,2021,2021-11-26,1610612762,1610612740,97,98
2052100088,2021,2021-11-26,1612709902,1612709930,112,110
2052100084,2021,2021-11-26,1612709890,1612709926,94,103
22100287,2021,2021-11-26,1610612759,1610612738,96,88
22100286,2021,2021-11-26,1610612760,1610612764,99,101
22100270,2021,2021-11-24,1610612738,1610612751,104,123
22100277,2021,2021-11-24,1610612759,1610612737,106,124
2052100083,2021,2021-11-24,1612709908,1612709890,134,99
22100278,2021,2021-11-24,1610612744,1610612755,116,96
22100279,2021,2021-11-24,1610612758,1610612757,125,121
22100269,2021,2021-11-24,1610612753,1610612766,99,106
22100271,2021,2021-11-24,1610612745,1610612741,118,113
2052100082,2021,2021-11-24,1612709917,1612709932,103,122
22100276,2021,2021-11-24,1610612760,1610612762,104,110
22100268,2021,2021-11-24,1610612754,1610612747,116,124
22100273,2021,2021-11-24,1610612749,1610612765,114,93
22100267,2021,2021-11-24,1610612739,1610612756,115,120
22100275,2021,2021-11-24,1610612740,1610612764,127,102
22100272,2021,2021-11-24,1610612763,1610612761,113,126
22100274,2021,2021-11-24,1610612750,1610612748,113,101
2052100081,2021,2021-11-23,1612709924,1612709889,111,123
22100266,2021,2021-11-23,1610612746,1610612742,104,112
22100265,2021,2021-11-23,1610612757,1610612743,119,100
2052100079,2021,2021-11-23,1612709919,1612709921,108,101
22100263,2021,2021-11-23,1610612765,1610612748,92,100
2052100080,2021,2021-11-23,1612709903,1612709914,119,122
2052100078,2021,2021-11-23,1612709917,1612709932,96,94
22100264,2021,2021-11-23,1610612752,1610612747,106,100
22100254,2021,2021-11-22,1610612764,1610612766,103,109
2052100077,2021,2021-11-22,1612709931,1612709908,123,125
22100260,2021,2021-11-22,1610612759,1610612756,111,115
22100256,2021,2021-11-22,1610612738,1610612745,108,90
22100259,2021,2021-11-22,1610612740,1610612750,96,110
22100253,2021,2021-11-22,1610612739,1610612751,112,117
22100257,2021,2021-11-22,1610612741,1610612754,77,109
22100255,2021,2021-11-22,1610612737,1610612760,113,101
22100258,2021,2021-11-22,1610612749,1610612753,123,92
22100262,2021,2021-11-22,1610612758,1610612755,94,102
22100261,2021,2021-11-22,1610612762,1610612763,118,119
2052100076,2021,2021-11-21,1612709905,1612709889,119,107
2052100075,2021,2021-11-21,1612709927,1612709910,114,102
22100252,2021,2021-11-21,1610612744,1610612761,119,104
22100249,2021,2021-11-21,1610612765,1610612747,116,121
22100250,2021,2021-11-21,1610612741,1610612752,109,103
22100248,2021,2021-11-21,1610612746,1610612742,97,91
2052100074,2021,2021-11-21,1612709923,1612709917,93,111
2052100073,2021,2021-11-21,1612709929,1612709909,97,116
22100251,2021,2021-11-21,1610612756,1610612743,126,97
2052100071,2021,2021-11-20,1612709905,1612709889,104,101
22100240,2021,2021-11-20,1610612754,1610612740,111,94
22100243,2021,2021-11-20,1610612738,1610612760,111,105
22100241,2021,2021-11-20,1610612764,1610612748,103,100
2052100070,2021,2021-11-20,1612709921,1612709920,114,110
22100244,2021,2021-11-20,1610612749,1610612753,117,108
22100245,2021,2021-11-20,1610612750,1610612763,138,95
22100239,2021,2021-11-20,1610612752,1610612745,106,99
2052100069,2021,2021-11-20,1612709922,1612709925,107,111
22100246,2021,2021-11-20,1610612757,1610612755,118,111
22100247,2021,2021-11-20,1610612758,1610612762,105,123
22100242,2021,2021-11-20,1610612737,1610612766,115,105
2052100072,2021,2021-11-20,1612709931,1612709908,104,112
22100232,2021,2021-11-19,1610612738,1610612747,130,108
22100230,2021,2021-11-19,1610612766,1610612754,121,118
2052100066,2021,2021-11-19,1612709915,1612709928,118,91
22100231,2021,2021-11-19,1610612765,1610612744,102,105
22100233,2021,2021-11-19,1610612751,1610612753,115,113
22100235,2021,2021-11-19,1610612740,1610612746,94,81
22100238,2021,2021-11-19,1610612758,1610612761,89,108
22100234,2021,2021-11-19,1610612749,1610612760,96,89
2052100065,2021,2021-11-19,1612709921,1612709920,98,106
2052100067,2021,2021-11-19,1612709927,1612709910,111,108
22100236,2021,2021-11-19,1610612743,1610612741,108,114
2052100068,2021,2021-11-19,1612709903,1612709902,111,116
22100237,2021,2021-11-19,1610612756,1610612742,112,104
2052100063,2021,2021-11-19,1612709929,1612709909,101,109
2052100064,2021,2021-11-19,1612709922,1612709925,82,83
2052100058,2021,2021-11-18,1612709915,1612709928,86,79
2052100059,2021,2021-11-18,1612709926,1612709918,99,115
2052100061,2021,2021-11-18,1612709890,1612709931,99,91
22100228,2021,2021-11-18,1610612743,1610612755,89,103
22100224,2021,2021-11-18,1610612739,1610612744,89,104
22100227,2021,2021-11-18,1610612750,1610612759,115,90
22100226,2021,2021-11-18,1610612763,1610612746,120,108
2052100060,2021,2021-11-18,1612709923,1612709932,103,111
22100229,2021,2021-11-18,1610612762,1610612761,119,103
22100225,2021,2021-11-18,1610612748,1610612764,112,97
2052100062,2021,2021-11-18,1612709924,1612709889,100,108
22100220,2021,2021-11-17,1610612750,1610612758,107,97
22100214,2021,2021-11-17,1610612765,1610612754,97,89
22100216,2021,2021-11-17,1610612751,1610612739,109,99
22100213,2021,2021-11-17,1610612766,1610612764,97,87
22100223,2021,2021-11-17,1610612757,1610612741,112,107
2052100056,2021,2021-11-17,1612709903,1612709902,104,102
2052100057,2021,2021-11-17,1612709905,1612709930,103,115
22100222,2021,2021-11-17,1610612756,1610612742,105,98
22100221,2021,2021-11-17,1610612760,1610612745,101,89
22100218,2021,2021-11-17,1610612752,1610612753,98,104
2052100055,2021,2021-11-17,1612709923,1612709932,99,101
22100217,2021,2021-11-17,1610612748,1610612740,113,98
22100219,2021,2021-11-17,1610612749,1610612747,109,102
2052100054,2021,2021-11-17,1612709911,1612709917,110,121
2052100053,2021,2021-11-17,1612709919,1612709921,104,98
2052100052,2021,2021-11-17,1612709910,1612709893,125,113
22100215,2021,2021-11-17,1610612737,1610612738,110,99
2052100051,2021,2021-11-16,1612709926,1612709918,106,100
22100211,2021,2021-11-16,1610612762,1610612755,120,85
2052100050,2021,2021-11-16,1612709910,1612709893,115,96
22100212,2021,2021-11-16,1610612746,1610612759,106,92
22100210,2021,2021-11-16,1610612751,1610612744,99,117
22100201,2021,2021-11-15,1610612764,1610612740,105,100
22100199,2021,2021-11-15,1610612739,1610612738,92,98
2052100048,2021,2021-11-15,1612709911,1612709917,124,109
22100204,2021,2021-11-15,1610612742,1610612743,111,101
22100208,2021,2021-11-15,1610612757,1610612761,118,113
22100207,2021,2021-11-15,1610612760,1610612748,90,103
22100205,2021,2021-11-15,1610612763,1610612745,136,102
22100200,2021,2021-11-15,1610612765,1610612758,107,129
22100202,2021,2021-11-15,1610612737,1610612753,129,111
22100203,2021,2021-11-15,1610612752,1610612754,92,84
22100206,2021,2021-11-15,1610612750,1610612756,96,99
2052100049,2021,2021-11-15,1612709914,1612709924,102,83
22100209,2021,2021-11-15,1610612747,1610612741,103,121
22100194,2021,2021-11-14,1610612766,1610612744,106,102
22100193,2021,2021-11-14,1610612737,1610612749,120,100
2052100044,2021,2021-11-14,1612709889,1612709902,85,71
22100196,2021,2021-11-14,1610612760,1610612751,96,120
22100195,2021,2021-11-14,1610612745,1610612756,89,115
22100198,2021,2021-11-14,1610612746,1610612741,90,100
2052100045,2021,2021-11-14,1612709915,1612709909,113,108
22100192,2021,2021-11-14,1610612747,1610612759,114,106
2052100047,2021,2021-11-14,1612709890,1612709931,112,110
22100197,2021,2021-11-14,1610612743,1610612757,124,95
2052100046,2021,2021-11-14,1612709914,1612709924,82,103
22100186,2021,2021-11-13,1610612754,1610612755,118,113
22100190,2021,2021-11-13,1610612739,1610612738,91,89
2052100042,2021,2021-11-13,1612709904,1612709917,115,101
22100187,2021,2021-11-13,1610612753,1610612764,92,104
22100189,2021,2021-11-13,1610612761,1610612765,121,127
2052100041,2021,2021-11-13,1612709922,1612709908,104,111
2052100043,2021,2021-11-13,1612709918,1612709913,117,102
22100191,2021,2021-11-13,1610612746,1610612750,129,102
22100185,2021,2021-11-13,1610612762,1610612748,105,111
22100188,2021,2021-11-13,1610612740,1610612763,112,101
2052100038,2021,2021-11-12,1612709915,1612709909,103,114
22100182,2021,2021-11-12,1610612743,1610612737,105,96
22100174,2021,2021-11-12,1610612766,1610612752,104,96
2052100040,2021,2021-11-12,1612709918,1612709913,108,100
2052100035,2021,2021-11-12,1612709893,1612709923,111,110
22100180,2021,2021-11-12,1610612760,1610612758,105,103
22100177,2021,2021-11-12,1610612745,1610612757,92,104
2052100036,2021,2021-11-12,1612709932,1612709927,124,131
22100175,2021,2021-11-12,1610612738,1610612749,122,113
22100176,2021,2021-11-12,1610612739,1610612765,98,78
22100181,2021,2021-11-12,1610612759,1610612742,109,123
2052100037,2021,2021-11-12,1612709921,1612709928,104,106
2052100039,2021,2021-11-12,1612709920,1612709919,119,116
2052100034,2021,2021-11-12,1612709889,1612709902,75,84
22100178,2021,2021-11-12,1610612763,1610612756,94,119
22100183,2021,2021-11-12,1610612744,1610612741,119,93
22100184,2021,2021-11-12,1610612747,1610612750,83,107
22100179,2021,2021-11-12,1610612740,1610612751,112,120
2052100032,2021,2021-11-11,1612709904,1612709917,99,103
22100173,2021,2021-11-11,1610612746,1610612748,112,109
2052100030,2021,2021-11-11,1612709932,1612709927,116,121
2052100031,2021,2021-11-11,1612709920,1612709919,119,95
2052100029,2021,2021-11-11,1612709925,1612709931,103,98
22100171,2021,2021-11-11,1610612755,1610612761,109,115
2052100033,2021,2021-11-11,1612709930,1612709924,93,101
22100172,2021,2021-11-11,1610612762,1610612754,100,111
2052100028,2021,2021-11-11,1612709893,1612709923,105,88
22100160,2021,2021-11-10,1610612738,1610612761,104,88
22100165,2021,2021-11-10,1610612740,1610612760,100,108
22100161,2021,2021-11-10,1610612752,1610612749,100,112
22100166,2021,2021-11-10,1610612759,1610612758,136,117
2052100027,2021,2021-11-10,1612709930,1612709924,101,115
22100169,2021,2021-11-10,1610612744,1610612750,123,110
22100159,2021,2021-11-10,1610612753,1610612751,90,123
22100164,2021,2021-11-10,1610612763,1610612766,108,118
2052100025,2021,2021-11-10,1612709922,1612709908,101,123
22100158,2021,2021-11-10,1610612739,1610612764,94,97
22100170,2021,2021-11-10,1610612747,1610612748,120,117
22100162,2021,2021-11-10,1610612745,1610612765,104,112
22100167,2021,2021-11-10,1610612743,1610612754,101,98
22100168,2021,2021-11-10,1610612756,1610612757,119,109
2052100026,2021,2021-11-10,1612709921,1612709928,109,103
22100163,2021,2021-11-10,1610612741,1610612742,117,107
2052100024,2021,2021-11-09,1612709925,1612709931,96,110
22100157,2021,2021-11-09,1610612746,1610612757,117,109
22100155,2021,2021-11-09,1610612755,1610612749,109,118
22100156,2021,2021-11-09,1610612762,1610612737,110,98
2052100022,2021,2021-11-08,1612709911,1612709904,129,125
22100150,2021,2021-11-08,1610612742,1610612740,108,92
22100147,2021,2021-11-08,1610612755,1610612752,96,103
22100149,2021,2021-11-08,1610612763,1610612750,125,118
22100153,2021,2021-11-08,1610612758,1610612756,104,109
22100154,2021,2021-11-08,1610612747,1610612766,126,123
2052100023,2021,2021-11-08,1612709927,1612709893,126,124
22100148,2021,2021-11-08,1610612741,1610612751,118,95
22100151,2021,2021-11-08,1610612743,1610612748,113,96
22100152,2021,2021-11-08,1610612744,1610612737,127,113
2052100021,2021,2021-11-07,1612709910,1612709923,103,111
22100141,2021,2021-11-07,1610612753,1610612762,107,100
2052100019,2021,2021-11-07,1612709929,1612709915,98,113
22100146,2021,2021-11-07,1610612746,1610612766,120,106
22100144,2021,2021-11-07,1610612760,1610612759,99,94
22100143,2021,2021-11-07,1610612758,1610612754,91,94
22100140,2021,2021-11-07,1610612752,1610612739,109,126
22100145,2021,2021-11-07,1610612744,1610612745,120,107
22100139,2021,2021-11-07,1610612761,1610612751,103,116
22100142,2021,2021-11-07,1610612764,1610612749,101,94
2052100020,2021,2021-11-07,1612709931,1612709926,106,110
2052100018,2021,2021-11-07,1612709889,1612709903,114,81
2052100011,2021,2021-11-06,1612709893,1612709932,117,140
22100136,2021,2021-11-06,1610612742,1610612738,107,104
22100133,2021,2021-11-06,1610612743,1610612745,95,94
2052100015,2021,2021-11-06,1612709925,1612709918,103,120
2052100017,2021,2021-11-06,1612709902,1612709914,92,104
2052100016,2021,2021-11-06,1612709911,1612709904,115,100
2052100013,2021,2021-11-06,1612709910,1612709923,127,118
2052100010,2021,2021-11-06,1612709928,1612709919,98,88
2052100012,2021,2021-11-06,1612709909,1612709921,114,100
22100137,2021,2021-11-06,1610612756,1610612737,121,117
22100134,2021,2021-11-06,1610612748,1610612762,118,115
22100135,2021,2021-11-06,1610612741,1610612755,105,114
22100138,2021,2021-11-06,1610612757,1610612747,105,90
2052100014,2021,2021-11-06,1612709922,1612709913,94,97
22100132,2021,2021-11-05,1610612758,1610612766,140,110
2052100009,2021,2021-11-05,1612709905,1612709930,112,105
2052100007,2021,2021-11-05,1612709908,1612709890,127,117
2052100002,2021,2021-11-05,1612709929,1612709915,103,116
22100127,2021,2021-11-05,1610612761,1610612739,101,102
2052100001,2021,2021-11-05,1612709928,1612709919,107,103
2052100005,2021,2021-11-05,1612709931,1612709926,95,90
2052100006,2021,2021-11-05,1612709889,1612709903,118,63
22100128,2021,2021-11-05,1610612749,1610612752,98,113
22100124,2021,2021-11-05,1610612765,1610612751,90,96
22100125,2021,2021-11-05,1610612753,1610612759,89,102
22100131,2021,2021-11-05,1610612757,1610612754,110,106
2052100004,2021,2021-11-05,1612709925,1612709918,98,114
22100130,2021,2021-11-05,1610612744,1610612740,126,85
22100129,2021,2021-11-05,1610612750,1610612746,84,104
2052100008,2021,2021-11-05,1612709902,1612709914,97,122
2052100003,2021,2021-11-05,1612709922,1612709913,117,128
22100126,2021,2021-11-05,1610612764,1610612763,115,87
22100120,2021,2021-11-04,1610612737,1610612762,98,116
22100121,2021,2021-11-04,1610612748,1610612738,78,95
22100123,2021,2021-11-04,1610612747,1610612760,104,107
22100119,2021,2021-11-04,1610612765,1610612755,98,109
22100122,2021,2021-11-04,1610612756,1610612745,123,111
22100118,2021,2021-11-03,1610612758,1610612740,112,99
22100110,2021,2021-11-03,1610612753,1610612738,79,92
22100116,2021,2021-11-03,1610612759,1610612742,108,109
22100108,2021,2021-11-03,1610612739,1610612757,107,104
22100113,2021,2021-11-03,1610612751,1610612737,117,108
22100114,2021,2021-11-03,1610612763,1610612743,108,106
22100111,2021,2021-11-03,1610612755,1610612741,103,98
22100117,2021,2021-11-03,1610612744,1610612766,114,92
22100112,2021,2021-11-03,1610612764,1610612761,100,109
22100109,2021,2021-11-03,1610612754,1610612752,111,98
22100115,2021,2021-11-03,1610612750,1610612746,115,126
2072100013,2021,2021-11-03,1612709902,1612709930,110,88
22100106,2021,2021-11-02,1610612756,1610612740,112,100
22100104,2021,2021-11-02,1610612742,1610612748,110,125
22100107,2021,2021-11-02,1610612747,1610612745,119,117
22100105,2021,2021-11-02,1610612762,1610612758,119,113
22100103,2021,2021-11-02,1610612765,1610612749,89,117
22100095,2021,2021-11-01,1610612754,1610612759,131,118
22100101,2021,2021-11-01,1610612750,1610612753,97,115
22100100,2021,2021-11-01,1610612763,1610612743,106,97
22100097,2021,2021-11-01,1610612737,1610612764,118,111
22100098,2021,2021-11-01,1610612738,1610612741,114,128
22100096,2021,2021-11-01,1610612755,1610612757,113,103
22100102,2021,2021-11-01,1610612746,1610612760,99,94
22100099,2021,2021-11-01,1610612752,1610612761,104,113
22100094,2021,2021-11-01,1610612766,1610612739,110,113
22100090,2021,2021-10-31,1610612766,1610612757,125,113
22100089,2021,2021-10-31,1610612742,1610612758,105,99
2072100002,2021,2021-10-31,1612709904,1612709930,104,90
22100092,2021,2021-10-31,1610612751,1610612765,117,91
22100091,2021,2021-10-31,1610612749,1610612762,95,107
2012100006,2021,2021-10-31,1612709904,1612709930,104,90
22100093,2021,2021-10-31,1610612747,1610612745,95,85
22100087,2021,2021-10-30,1610612750,1610612743,91,93
2012100004,2021,2021-10-30,1612709918,1612709903,105,82
22100078,2021,2021-10-30,1610612764,1610612738,115,112
22100080,2021,2021-10-30,1610612740,1610612752,117,123
22100083,2021,2021-10-30,1610612741,1610612762,107,99
22100084,2021,2021-10-30,1610612763,1610612748,103,129
22100081,2021,2021-10-30,1610612754,1610612761,94,97
22100086,2021,2021-10-30,1610612744,1610612760,103,82
22100085,2021,2021-10-30,1610612749,1610612759,93,102
22100088,2021,2021-10-30,1610612756,1610612739,101,92
22100082,2021,2021-10-30,1610612755,1610612737,122,94
22100079,2021,2021-10-30,1610612765,1610612753,110,103
22100072,2021,2021-10-29,1610612751,1610612754,105,98
2012100005,2021,2021-10-29,1612709911,1612709930,98,87
22100075,2021,2021-10-29,1610612743,1610612742,106,75
22100077,2021,2021-10-29,1610612747,1610612739,113,101
22100076,2021,2021-10-29,1610612757,1610612746,111,92
2072100001,2021,2021-10-29,1612709911,1612709930,98,87
2012100003,2021,2021-10-29,1612709923,1612709927,87,119
22100074,2021,2021-10-29,1610612740,1610612758,109,113
22100071,2021,2021-10-29,1610612761,1610612753,110,109
2012100001,2021,2021-10-29,1612709902,1612709931,96,107
22100073,2021,2021-10-29,1610612748,1610612766,114,99
22100066,2021,2021-10-28,1610612764,1610612737,122,111
22100069,2021,2021-10-28,1610612742,1610612759,104,99
22100065,2021,2021-10-28,1610612755,1610612765,110,102
22100070,2021,2021-10-28,1610612744,1610612763,101,104
22100068,2021,2021-10-28,1610612745,1610612762,91,122
22100067,2021,2021-10-28,1610612741,1610612752,103,104
22100062,2021,2021-10-27,1610612756,1610612758,107,110
22100057,2021,2021-10-27,1610612751,1610612748,93,106
22100060,2021,2021-10-27,1610612749,1610612750,108,113
22100059,2021,2021-10-27,1610612740,1610612737,99,102
22100063,2021,2021-10-27,1610612757,1610612763,116,96
22100056,2021,2021-10-27,1610612738,1610612764,107,116
22100064,2021,2021-10-27,1610612746,1610612739,79,92
22100061,2021,2021-10-27,1610612760,1610612747,123,115
22100058,2021,2021-10-27,1610612761,1610612754,118,100
22100055,2021,2021-10-27,1610612753,1610612766,111,120
22100053,2021,2021-10-26,1610612759,1610612747,121,125
22100050,2021,2021-10-26,1610612752,1610612755,112,99
22100052,2021,2021-10-26,1610612742,1610612745,116,106
22100054,2021,2021-10-26,1610612762,1610612743,122,110
22100051,2021,2021-10-26,1610612760,1610612744,98,106
22100047,2021,2021-10-25,1610612750,1610612740,98,107
22100046,2021,2021-10-25,1610612761,1610612741,108,111
22100045,2021,2021-10-25,1610612748,1610612753,107,90
22100044,2021,2021-10-25,1610612751,1610612764,104,90
22100049,2021,2021-10-25,1610612746,1610612757,116,86
22100041,2021,2021-10-25,1610612766,1610612738,129,140
22100048,2021,2021-10-25,1610612743,1610612739,87,99
22100042,2021,2021-10-25,1610612754,1610612749,109,119
22100043,2021,2021-10-25,1610612737,1610612765,122,104
22100038,2021,2021-10-24,1610612760,1610612755,103,115
22100039,2021,2021-10-24,1610612758,1610612744,107,119
22100037,2021,2021-10-24,1610612745,1610612738,97,107
22100040,2021,2021-10-24,1610612747,1610612763,121,118
22100035,2021,2021-10-24,1610612751,1610612766,95,111
22100036,2021,2021-10-24,1610612752,1610612753,104,110
22100034,2021,2021-10-23,1610612746,1610612763,114,120
22100033,2021,2021-10-23,1610612757,1610612756,134,105
22100032,2021,2021-10-23,1610612759,1610612749,111,121
22100028,2021,2021-10-23,1610612754,1610612748,102,91
22100029,2021,2021-10-23,1610612761,1610612742,95,103
22100030,2021,2021-10-23,1610612741,1610612765,97,82
22100031,2021,2021-10-23,1610612750,1610612740,96,89
22100027,2021,2021-10-23,1610612739,1610612737,101,95
22100020,2021,2021-10-22,1610612738,1610612761,83,115
22100018,2021,2021-10-22,1610612753,1610612752,96,121
22100023,2021,2021-10-22,1610612745,1610612760,124,91
22100019,2021,2021-10-22,1610612764,1610612754,135,134
22100025,2021,2021-10-22,1610612747,1610612756,105,115
22100021,2021,2021-10-22,1610612755,1610612751,109,114
22100026,2021,2021-10-22,1610612758,1610612762,101,110
22100024,2021,2021-10-22,1610612743,1610612759,102,96
22100017,2021,2021-10-22,1610612739,1610612766,112,123
22100022,2021,2021-10-22,1610612741,1610612740,128,112
22100014,2021,2021-10-21,1610612737,1610612742,113,87
22100015,2021,2021-10-21,1610612748,1610612749,137,95
22100016,2021,2021-10-21,1610612744,1610612746,115,113
22100006,2021,2021-10-20,1610612761,1610612764,83,98
22100003,2021,2021-10-20,1610612766,1610612754,123,122
22100013,2021,2021-10-20,1610612757,1610612758,121,124
22100010,2021,2021-10-20,1610612759,1610612753,123,97
22100005,2021,2021-10-20,1610612752,1610612738,138,134
22100011,2021,2021-10-20,1610612762,1610612760,107,86
22100004,2021,2021-10-20,1610612765,1610612741,88,94
22100008,2021,2021-10-20,1610612750,1610612745,124,106
22100009,2021,2021-10-20,1610612740,1610612755,97,117
22100007,2021,2021-10-20,1610612763,1610612739,132,121
22100012,2021,2021-10-20,1610612756,1610612743,98,110
22100001,2021,2021-10-19,1610612749,1610612751,127,104
22100002,2021,2021-10-19,1610612747,1610612744,114,121
12100060,2021,2021-10-15,1610612765,1610612755,112,108
12100059,2021,2021-10-15,1610612748,1610612738,121,100
12100064,2021,2021-10-15,1610612749,1610612742,103,114
12100063,2021,2021-10-15,1610612741,1610612763,118,105
12100062,2021,2021-10-15,1610612752,1610612764,115,113
12100066,2021,2021-10-15,1610612744,1610612757,119,97
12100061,2021,2021-10-15,1610612754,1610612739,94,110
12100065,2021,2021-10-15,1610612759,1610612745,126,98
12100058,2021,2021-10-14,1610612758,1610612747,116,112
12100055,2021,2021-10-14,1610612737,1610612748,127,92
12100056,2021,2021-10-14,1610612751,1610612750,107,101
12100057,2021,2021-10-14,1610612760,1610612743,107,113
12100052,2021,2021-10-13,1610612760,1610612743,108,99
12100048,2021,2021-10-13,1610612766,1610612742,59,127
12100053,2021,2021-10-13,1610612762,1610612749,124,120
12100049,2021,2021-10-13,1610612754,1610612763,109,107
12100050,2021,2021-10-13,1610612753,1610612738,103,102
12100051,2021,2021-10-13,1610612752,1610612765,108,100
12100054,2021,2021-10-13,1610612756,1610612757,119,74
12100047,2021,2021-10-12,1610612747,1610612744,99,111
12100046,2021,2021-10-12,1610612764,1610612761,108,113
12100039,2021,2021-10-11,1610612761,1610612745,107,92
12100040,2021,2021-10-11,1610612748,1610612766,104,103
12100041,2021,2021-10-11,1610612755,1610612751,115,104
12100042,2021,2021-10-11,1610612763,1610612765,127,92
12100045,2021,2021-10-11,1610612746,1610612750,100,128
12100043,2021,2021-10-11,1610612762,1610612740,127,96
12100044,2021,2021-10-11,1610612757,1610612758,93,107
12100037,2021,2021-10-10,1610612749,1610612760,130,110
12100038,2021,2021-10-10,1610612747,1610612756,94,123
12100035,2021,2021-10-10,1610612753,1610612759,100,101
12100036,2021,2021-10-10,1610612739,1610612741,101,102
12100032,2021,2021-10-09,1610612738,1610612761,113,111
12100033,2021,2021-10-09,1610612764,1610612752,99,117
12100034,2021,2021-10-09,1610612763,1610612737,87,91
12100029,2021,2021-10-08,1610612759,1610612748,105,109
12100027,2021,2021-10-08,1610612741,1610612740,121,85
12100030,2021,2021-10-08,1610612743,1610612750,112,114
12100031,2021,2021-10-08,1610612744,1610612747,121,114
12100026,2021,2021-10-08,1610612751,1610612749,119,115
12100025,2021,2021-10-08,1610612739,1610612754,100,109
12100028,2021,2021-10-08,1610612742,1610612746,122,114
12100023,2021,2021-10-07,1610612755,1610612761,125,113
12100024,2021,2021-10-07,1610612745,1610612748,106,113
12100022,2021,2021-10-07,1610612766,1610612763,98,128
12100016,2021,2021-10-06,1610612737,1610612739,96,99
12100021,2021,2021-10-06,1610612746,1610612758,98,113
12100015,2021,2021-10-06,1610612765,1610612759,115,105
12100019,2021,2021-10-06,1610612744,1610612743,118,116
12100020,2021,2021-10-06,1610612756,1610612747,117,105
12100017,2021,2021-10-06,1610612740,1610612753,104,86
12100018,2021,2021-10-06,1610612742,1610612762,111,101
12100013,2021,2021-10-05,1610612745,1610612764,125,119
12100012,2021,2021-10-05,1610612741,1610612739,131,95
12100011,2021,2021-10-05,1610612752,1610612754,125,104
12100014,2021,2021-10-05,1610612763,1610612749,87,77
12100002,2021,2021-10-04,1610612761,1610612755,123,107
12100007,2021,2021-10-04,1610612759,1610612762,111,85
12100006,2021,2021-10-04,1610612760,1610612766,97,113
12100009,2021,2021-10-04,1610612758,1610612756,117,106
12100005,2021,2021-10-04,1610612750,1610612740,117,114
12100010,2021,2021-10-04,1610612746,1610612743,103,102
12100008,2021,2021-10-04,1610612757,1610612744,107,121
12100003,2021,2021-10-04,1610612738,1610612753,98,97
12100004,2021,2021-10-04,1610612748,1610612737,125,99
12100001,2021,2021-10-03,1610612747,1610612751,97,123
42000406,2020,2021-07-20,1610612749,1610612756,105,98
42000405,2020,2021-07-17,1610612756,1610612749,119,123
42000404,2020,2021-07-14,1610612749,1610612756,109,103
42000403,2020,2021-07-11,1610612749,1610612756,120,100
42000402,2020,2021-07-08,1610612756,1610612749,118,108
42000401,2020,2021-07-06,1610612756,1610612749,118,105
42000306,2020,2021-07-03,1610612737,1610612749,107,118
42000305,2020,2021-07-01,1610612749,1610612737,123,112
42000316,2020,2021-06-30,1610612746,1610612756,103,130
42000304,2020,2021-06-29,1610612737,1610612749,110,88
42000315,2020,2021-06-28,1610612756,1610612746,102,116
42000303,2020,2021-06-27,1610612737,1610612749,102,113
42000314,2020,2021-06-26,1610612746,1610612756,80,84
42000302,2020,2021-06-25,1610612749,1610612737,125,91
42000313,2020,2021-06-24,1610612746,1610612756,106,92
42000301,2020,2021-06-23,1610612749,1610612737,113,116
42000312,2020,2021-06-22,1610612756,1610612746,104,103
42000207,2020,2021-06-20,1610612755,1610612737,96,103
42000311,2020,2021-06-20,1610612756,1610612746,120,114
42000217,2020,2021-06-19,1610612751,1610612749,111,115
42000206,2020,2021-06-18,1610612737,1610612755,99,104
42000226,2020,2021-06-18,1610612746,1610612762,131,119
42000216,2020,2021-06-17,1610612749,1610612751,104,89
42000205,2020,2021-06-16,1610612755,1610612737,106,109
42000225,2020,2021-06-16,1610612762,1610612746,111,119
42000215,2020,2021-06-15,1610612751,1610612749,114,108
42000204,2020,2021-06-14,1610612737,1610612755,103,100
42000224,2020,2021-06-14,1610612746,1610612762,118,104
42000234,2020,2021-06-13,1610612743,1610612756,118,125
42000214,2020,2021-06-13,1610612749,1610612751,107,96
42000223,2020,2021-06-12,1610612746,1610612762,132,106
42000203,2020,2021-06-11,1610612737,1610612755,111,127
42000233,2020,2021-06-11,1610612743,1610612756,102,116
42000213,2020,2021-06-10,1610612749,1610612751,86,83
42000222,2020,2021-06-10,1610612762,1610612746,117,111
42000232,2020,2021-06-09,1610612756,1610612743,123,98
42000202,2020,2021-06-08,1610612755,1610612737,118,102
42000221,2020,2021-06-08,1610612762,1610612746,112,109
42000212,2020,2021-06-07,1610612751,1610612749,125,86
42000231,2020,2021-06-07,1610612756,1610612743,122,105
42000177,2020,2021-06-06,1610612746,1610612742,126,111
42000201,2020,2021-06-06,1610612755,1610612737,124,128
42000211,2020,2021-06-05,1610612751,1610612749,115,107
42000176,2020,2021-06-04,1610612742,1610612746,97,104
42000166,2020,2021-06-03,1610612757,1610612743,115,126
42000156,2020,2021-06-03,1610612747,1610612756,100,113
42000135,2020,2021-06-02,1610612752,1610612737,89,103
42000145,2020,2021-06-02,1610612762,1610612763,126,110
42000105,2020,2021-06-02,1610612755,1610612764,129,112
42000175,2020,2021-06-02,1610612746,1610612742,100,105
42000115,2020,2021-06-01,1610612751,1610612738,123,109
42000165,2020,2021-06-01,1610612743,1610612757,147,140
42000155,2020,2021-06-01,1610612756,1610612747,115,85
42000144,2020,2021-05-31,1610612763,1610612762,113,120
42000104,2020,2021-05-31,1610612764,1610612755,122,114
42000154,2020,2021-05-30,1610612747,1610612756,92,100
42000174,2020,2021-05-30,1610612742,1610612746,81,106
42000114,2020,2021-05-30,1610612738,1610612751,126,141
42000134,2020,2021-05-30,1610612737,1610612752,113,96
42000103,2020,2021-05-29,1610612764,1610612755,103,132
42000143,2020,2021-05-29,1610612763,1610612762,111,121
42000124,2020,2021-05-29,1610612748,1610612749,103,120
42000164,2020,2021-05-29,1610612757,1610612743,115,95
42000173,2020,2021-05-28,1610612742,1610612746,108,118
42000133,2020,2021-05-28,1610612737,1610612752,105,94
42000113,2020,2021-05-28,1610612738,1610612751,125,119
42000163,2020,2021-05-27,1610612757,1610612743,115,120
42000153,2020,2021-05-27,1610612747,1610612756,109,95
42000123,2020,2021-05-27,1610612748,1610612749,84,113
42000142,2020,2021-05-26,1610612762,1610612763,141,129
42000132,2020,2021-05-26,1610612752,1610612737,101,92
42000102,2020,2021-05-26,1610612755,1610612764,120,95
42000152,2020,2021-05-25,1610612756,1610612747,102,109
42000172,2020,2021-05-25,1610612746,1610612742,121,127
42000112,2020,2021-05-25,1610612751,1610612738,130,108
42000122,2020,2021-05-24,1610612749,1610612748,132,98
42000162,2020,2021-05-24,1610612743,1610612757,128,109
42000101,2020,2021-05-23,1610612755,1610612764,125,118
42000151,2020,2021-05-23,1610612756,1610612747,99,90
42000131,2020,2021-05-23,1610612752,1610612737,105,107
42000141,2020,2021-05-23,1610612762,1610612763,109,112
42000121,2020,2021-05-22,1610612749,1610612748,109,107
42000171,2020,2021-05-22,1610612746,1610612742,103,113
42000161,2020,2021-05-22,1610612743,1610612757,109,123
42000111,2020,2021-05-22,1610612751,1610612738,104,93
52000211,2020,2021-05-21,1610612744,1610612763,112,117
52000201,2020,2021-05-20,1610612764,1610612754,142,115
52000131,2020,2021-05-19,1610612763,1610612759,100,96
52000121,2020,2021-05-19,1610612747,1610612744,103,100
52000111,2020,2021-05-18,1610612754,1610612766,144,117
52000101,2020,2021-05-18,1610612738,1610612764,118,100
22001078,2020,2021-05-16,1610612759,1610612756,121,123
22001080,2020,2021-05-16,1610612764,1610612766,115,110
22001072,2020,2021-05-16,1610612740,1610612747,98,110
22001066,2020,2021-05-16,1610612737,1610612745,124,95
22001076,2020,2021-05-16,1610612757,1610612743,132,116
22001074,2020,2021-05-16,1610612760,1610612746,117,112
22001077,2020,2021-05-16,1610612758,1610612762,99,121
22001068,2020,2021-05-16,1610612741,1610612749,118,112
22001071,2020,2021-05-16,1610612750,1610612742,136,121
22001073,2020,2021-05-16,1610612752,1610612738,96,92
22001067,2020,2021-05-16,1610612751,1610612739,123,109
22001075,2020,2021-05-16,1610612755,1610612753,128,117
22001070,2020,2021-05-16,1610612744,1610612763,113,101
22001079,2020,2021-05-16,1610612761,1610612754,113,125
22001069,2020,2021-05-16,1610612765,1610612748,107,120
22001063,2020,2021-05-15,1610612750,1610612738,108,124
22001061,2020,2021-05-15,1610612754,1610612747,115,122
22001060,2020,2021-05-15,1610612751,1610612741,105,91
22001062,2020,2021-05-15,1610612749,1610612748,122,108
22001064,2020,2021-05-15,1610612752,1610612766,118,109
22001065,2020,2021-05-15,1610612759,1610612756,103,140
22001054,2020,2021-05-14,1610612765,1610612743,91,104
22001057,2020,2021-05-14,1610612742,1610612761,114,110
22000263,2020,2021-05-14,1610612763,1610612758,107,106
22001055,2020,2021-05-14,1610612755,1610612753,122,97
22000204,2020,2021-05-14,1610612764,1610612739,120,105
22001058,2020,2021-05-14,1610612745,1610612746,122,115
22001056,2020,2021-05-14,1610612760,1610612762,93,109
22001059,2020,2021-05-14,1610612744,1610612740,125,122
22001052,2020,2021-05-13,1610612750,1610612743,103,114
22000255,2020,2021-05-13,1610612763,1610612758,116,110
22001053,2020,2021-05-13,1610612756,1610612757,118,117
22000458,2020,2021-05-13,1610612752,1610612759,102,98
22001051,2020,2021-05-13,1610612741,1610612761,114,102
22001050,2020,2021-05-13,1610612748,1610612755,106,94
22001047,2020,2021-05-13,1610612766,1610612746,90,113
22001048,2020,2021-05-13,1610612754,1610612749,133,142
22001049,2020,2021-05-13,1610612737,1610612753,116,93
22000154,2020,2021-05-12,1610612742,1610612740,125,107
22001043,2020,2021-05-12,1610612751,1610612759,128,116
22001044,2020,2021-05-12,1610612739,1610612738,102,94
22001045,2020,2021-05-12,1610612762,1610612757,98,105
22001046,2020,2021-05-12,1610612747,1610612745,124,122
22001042,2020,2021-05-12,1610612737,1610612764,120,116
22001038,2020,2021-05-11,1610612749,1610612753,114,102
22001036,2020,2021-05-11,1610612741,1610612751,107,115
22001035,2020,2021-05-11,1610612754,1610612755,103,94
22001040,2020,2021-05-11,1610612758,1610612760,122,106
22001039,2020,2021-05-11,1610612744,1610612756,122,116
22001034,2020,2021-05-11,1610612761,1610612746,96,115
22001032,2020,2021-05-11,1610612738,1610612748,121,129
22000448,2020,2021-05-11,1610612766,1610612743,112,117
22001037,2020,2021-05-11,1610612763,1610612742,133,104
22001041,2020,2021-05-11,1610612747,1610612752,101,99
22001033,2020,2021-05-11,1610612765,1610612750,100,119
22001030,2020,2021-05-10,1610612744,1610612762,119,116
22001029,2020,2021-05-10,1610612759,1610612749,146,125
22001027,2020,2021-05-10,1610612739,1610612754,102,111
22001026,2020,2021-05-10,1610612737,1610612764,125,124
22001031,2020,2021-05-10,1610612757,1610612745,140,129
22001028,2020,2021-05-10,1610612763,1610612740,115,110
22001019,2020,2021-05-09,1610612746,1610612752,100,106
22001024,2020,2021-05-09,1610612747,1610612756,123,110
22001020,2020,2021-05-09,1610612766,1610612740,110,112
22001021,2020,2021-05-09,1610612739,1610612742,97,124
22000145,2020,2021-05-09,1610612738,1610612748,124,130
22001025,2020,2021-05-09,1610612758,1610612760,126,98
22001022,2020,2021-05-09,1610612753,1610612750,96,128
22001023,2020,2021-05-09,1610612765,1610612741,96,108
22001015,2020,2021-05-08,1610612743,1610612751,119,125
22001014,2020,2021-05-08,1610612761,1610612763,99,109
22001012,2020,2021-05-08,1610612754,1610612764,132,133
22001016,2020,2021-05-08,1610612762,1610612745,124,116
22001017,2020,2021-05-08,1610612744,1610612760,136,97
22001018,2020,2021-05-08,1610612757,1610612759,124,102
22001013,2020,2021-05-08,1610612755,1610612765,118,104
22001007,2020,2021-05-07,1610612742,1610612739,110,90
22001004,2020,2021-05-07,1610612766,1610612753,122,112
22001003,2020,2021-05-07,1610612755,1610612740,109,107
22001009,2020,2021-05-07,1610612756,1610612752,128,105
22001005,2020,2021-05-07,1610612748,1610612750,121,112
22001008,2020,2021-05-07,1610612762,1610612743,127,120
22001006,2020,2021-05-07,1610612749,1610612745,141,133
22001011,2020,2021-05-07,1610612758,1610612759,104,113
22001010,2020,2021-05-07,1610612757,1610612747,106,101
22000160,2020,2021-05-07,1610612741,1610612738,121,99
22001000,2020,2021-05-06,1610612754,1610612737,133,126
22000999,2020,2021-05-06,1610612765,1610612763,111,97
22000998,2020,2021-05-06,1610612742,1610612751,113,109
22000434,2020,2021-05-06,1610612766,1610612741,99,120
22001001,2020,2021-05-06,1610612744,1610612760,118,97
22001002,2020,2021-05-06,1610612746,1610612747,118,94
22000997,2020,2021-05-06,1610612761,1610612764,129,131
22000994,2020,2021-05-05,1610612745,1610612755,115,135
22000183,2020,2021-05-05,1610612750,1610612763,135,139
22000235,2020,2021-05-05,1610612749,1610612764,135,134
22000995,2020,2021-05-05,1610612743,1610612752,113,97
22000996,2020,2021-05-05,1610612762,1610612759,126,94
22000990,2020,2021-05-05,1610612753,1610612738,96,132
22000991,2020,2021-05-05,1610612739,1610612757,105,141
22000992,2020,2021-05-05,1610612737,1610612756,135,103
22000993,2020,2021-05-05,1610612754,1610612758,93,104
22000983,2020,2021-05-04,1610612739,1610612756,118,134
22000987,2020,2021-05-04,1610612740,1610612744,108,103
22000989,2020,2021-05-04,1610612746,1610612761,105,100
22000986,2020,2021-05-04,1610612748,1610612742,113,127
22000985,2020,2021-05-04,1610612749,1610612751,124,118
22000984,2020,2021-05-04,1610612765,1610612766,99,102
22000988,2020,2021-05-04,1610612760,1610612758,99,103
22000975,2020,2021-05-03,1610612765,1610612753,112,119
22000977,2020,2021-05-03,1610612740,1610612744,108,123
22000982,2020,2021-05-03,1610612747,1610612743,93,89
22000976,2020,2021-05-03,1610612764,1610612754,154,141
22000979,2020,2021-05-03,1610612741,1610612755,94,106
22000980,2020,2021-05-03,1610612763,1610612752,104,118
22000978,2020,2021-05-03,1610612737,1610612757,123,114
22000981,2020,2021-05-03,1610612762,1610612759,110,99
22000967,2020,2021-05-02,1610612749,1610612751,117,114
22000970,2020,2021-05-02,1610612742,1610612758,99,111
22000972,2020,2021-05-02,1610612760,1610612756,120,123
22000974,2020,2021-05-02,1610612747,1610612761,114,121
22000969,2020,2021-05-02,1610612766,1610612748,111,121
22000973,2020,2021-05-02,1610612759,1610612755,111,113
22000968,2020,2021-05-02,1610612738,1610612757,119,129
22000971,2020,2021-05-02,1610612745,1610612752,97,122
22000958,2020,2021-05-01,1610612745,1610612744,87,113
22000964,2020,2021-05-01,1610612742,1610612764,125,124
22000965,2020,2021-05-01,1610612762,1610612761,106,102
22000962,2020,2021-05-01,1610612750,1610612740,136,140
22000966,2020,2021-05-01,1610612746,1610612743,104,110
22000957,2020,2021-05-01,1610612766,1610612765,107,94
22000961,2020,2021-05-01,1610612753,1610612763,112,111
22000960,2020,2021-05-01,1610612739,1610612748,107,124
22000963,2020,2021-05-01,1610612760,1610612754,95,152
22000959,2020,2021-05-01,1610612737,1610612741,108,97
22000955,2020,2021-04-30,1610612756,1610612762,121,100
22000950,2020,2021-04-30,1610612738,1610612759,143,140
22000956,2020,2021-04-30,1610612747,1610612758,106,110
22000954,2020,2021-04-30,1610612741,1610612749,98,108
22000953,2020,2021-04-30,1610612763,1610612753,92,75
22000952,2020,2021-04-30,1610612751,1610612757,109,128
22000951,2020,2021-04-30,1610612739,1610612764,93,122
22000949,2020,2021-04-30,1610612755,1610612737,126,104
22000945,2020,2021-04-29,1610612745,1610612749,143,136
22000946,2020,2021-04-29,1610612750,1610612744,126,114
22000948,2020,2021-04-29,1610612743,1610612761,121,111
22000944,2020,2021-04-29,1610612754,1610612751,113,130
22000947,2020,2021-04-29,1610612760,1610612740,95,109
22000943,2020,2021-04-29,1610612765,1610612742,105,115
22000939,2020,2021-04-28,1610612763,1610612757,109,130
22000938,2020,2021-04-28,1610612748,1610612759,116,111
22000933,2020,2021-04-28,1610612739,1610612753,104,109
22000941,2020,2021-04-28,1610612756,1610612746,109,101
22000940,2020,2021-04-28,1610612743,1610612740,114,112
22000935,2020,2021-04-28,1610612764,1610612747,116,107
22000942,2020,2021-04-28,1610612758,1610612762,105,154
22000936,2020,2021-04-28,1610612738,1610612766,120,111
22000937,2020,2021-04-28,1610612752,1610612741,113,94
22000934,2020,2021-04-28,1610612755,1610612737,127,83
22000932,2020,2021-04-27,1610612744,1610612742,103,133
22000931,2020,2021-04-27,1610612745,1610612750,107,114
22000928,2020,2021-04-27,1610612766,1610612749,104,114
22000927,2020,2021-04-27,1610612738,1610612760,115,119
22000930,2020,2021-04-27,1610612761,1610612751,103,116
22000929,2020,2021-04-27,1610612754,1610612757,112,133
22000918,2020,2021-04-26,1610612755,1610612760,121,90
22000926,2020,2021-04-26,1610612758,1610612742,113,106
22000920,2020,2021-04-26,1610612752,1610612756,110,118
22000919,2020,2021-04-26,1610612764,1610612759,143,146
22000921,2020,2021-04-26,1610612761,1610612739,112,96
22000916,2020,2021-04-26,1610612765,1610612737,100,86
22000923,2020,2021-04-26,1610612750,1610612762,105,104
22000922,2020,2021-04-26,1610612748,1610612741,102,110
22000917,2020,2021-04-26,1610612753,1610612747,103,114
22000925,2020,2021-04-26,1610612743,1610612763,120,96
22000924,2020,2021-04-26,1610612740,1610612746,120,103
22000914,2020,2021-04-25,1610612753,1610612754,112,131
22000197,2020,2021-04-25,1610612764,1610612739,119,110
22000240,2020,2021-04-25,1610612757,1610612763,113,120
22000913,2020,2021-04-25,1610612737,1610612749,111,104
22000912,2020,2021-04-25,1610612751,1610612756,128,119
22000915,2020,2021-04-25,1610612744,1610612758,117,113
22000911,2020,2021-04-25,1610612766,1610612738,125,104
22000264,2020,2021-04-24,1610612740,1610612759,108,110
22000909,2020,2021-04-24,1610612762,1610612750,96,101
22000906,2020,2021-04-24,1610612754,1610612765,115,109
22000905,2020,2021-04-24,1610612749,1610612755,132,94
22000910,2020,2021-04-24,1610612743,1610612745,129,116
22000908,2020,2021-04-24,1610612742,1610612747,108,93
22000907,2020,2021-04-24,1610612748,1610612741,106,101
22000904,2020,2021-04-24,1610612752,1610612761,120,103
22000899,2020,2021-04-23,1610612751,1610612738,109,104
22000900,2020,2021-04-23,1610612766,1610612739,108,102
22000902,2020,2021-04-23,1610612760,1610612764,109,129
22000901,2020,2021-04-23,1610612745,1610612746,104,109
22000903,2020,2021-04-23,1610612744,1610612743,118,97
22000898,2020,2021-04-23,1610612737,1610612748,118,103
22000225,2020,2021-04-23,1610612757,1610612763,128,130
22000895,2020,2021-04-22,1610612759,1610612765,106,91
22000894,2020,2021-04-22,1610612749,1610612755,124,117
22000897,2020,2021-04-22,1610612742,1610612747,115,110
22000896,2020,2021-04-22,1610612741,1610612766,108,91
22000893,2020,2021-04-22,1610612753,1610612740,100,135
22000892,2020,2021-04-22,1610612738,1610612756,99,86
22000882,2020,2021-04-21,1610612754,1610612760,122,116
22000889,2020,2021-04-21,1610612746,1610612763,117,105
22000887,2020,2021-04-21,1610612745,1610612762,89,112
22000891,2020,2021-04-21,1610612758,1610612750,128,125
22000881,2020,2021-04-21,1610612739,1610612741,121,105
22000884,2020,2021-04-21,1610612761,1610612751,114,103
22000883,2020,2021-04-21,1610612755,1610612756,113,116
22000890,2020,2021-04-21,1610612757,1610612743,105,106
22000885,2020,2021-04-21,1610612764,1610612744,118,114
22000442,2020,2021-04-21,1610612742,1610612765,127,117
22000886,2020,2021-04-21,1610612752,1610612737,137,127
22000888,2020,2021-04-21,1610612759,1610612748,87,107
22000877,2020,2021-04-20,1610612752,1610612766,109,97
22000876,2020,2021-04-20,1610612737,1610612753,112,96
22000879,2020,2021-04-20,1610612757,1610612746,112,113
22000880,2020,2021-04-20,1610612758,1610612750,120,134
22000878,2020,2021-04-20,1610612740,1610612751,129,134
22000873,2020,2021-04-19,1610612749,1610612756,127,128
22000871,2020,2021-04-19,1610612748,1610612745,113,91
22000868,2020,2021-04-19,1610612765,1610612739,109,105
22000874,2020,2021-04-19,1610612743,1610612763,139,137
22000473,2020,2021-04-19,1610612754,1610612759,94,109
22000872,2020,2021-04-19,1610612764,1610612760,119,107
22000875,2020,2021-04-19,1610612747,1610612762,97,111
22000869,2020,2021-04-19,1610612738,1610612741,96,102
22000870,2020,2021-04-19,1610612755,1610612744,96,107
22000862,2020,2021-04-18,1610612752,1610612740,122,112
22000863,2020,2021-04-18,1610612748,1610612751,109,107
22000362,2020,2021-04-18,1610612766,1610612757,109,101
22000865,2020,2021-04-18,1610612761,1610612760,112,106
22000866,2020,2021-04-18,1610612742,1610612758,107,121
22000864,2020,2021-04-18,1610612753,1610612745,110,114
22000867,2020,2021-04-18,1610612746,1610612750,124,105
22000861,2020,2021-04-18,1610612737,1610612754,129,117
22000857,2020,2021-04-17,1610612741,1610612739,106,96
22000856,2020,2021-04-17,1610612764,1610612765,121,100
22000855,2020,2021-04-17,1610612747,1610612762,127,115
22000858,2020,2021-04-17,1610612738,1610612744,119,114
22000860,2020,2021-04-17,1610612756,1610612759,85,111
22000859,2020,2021-04-17,1610612749,1610612763,115,128
22000844,2020,2021-04-16,1610612762,1610612754,119,111
22000846,2020,2021-04-16,1610612755,1610612746,106,103
22000847,2020,2021-04-16,1610612764,1610612740,117,115
22000850,2020,2021-04-16,1610612741,1610612763,115,126
22000848,2020,2021-04-16,1610612751,1610612766,130,115
22000851,2020,2021-04-16,1610612745,1610612743,99,128
22000849,2020,2021-04-16,1610612761,1610612753,113,102
22000854,2020,2021-04-16,1610612742,1610612752,109,117
22000853,2020,2021-04-16,1610612759,1610612757,106,107
22000845,2020,2021-04-16,1610612765,1610612760,110,104
22000852,2020,2021-04-16,1610612750,1610612748,119,111
22000841,2020,2021-04-15,1610612739,1610612744,101,119
22000842,2020,2021-04-15,1610612747,1610612738,113,121
22000843,2020,2021-04-15,1610612756,1610612758,122,114
22000840,2020,2021-04-15,1610612737,1610612749,109,120
22000830,2020,2021-04-14,1610612755,1610612751,123,117
22000831,2020,2021-04-14,1610612761,1610612759,117,112
22000835,2020,2021-04-14,1610612740,1610612752,106,116
22000461,2020,2021-04-14,1610612745,1610612754,124,132
22000833,2020,2021-04-14,1610612741,1610612753,106,115
22000837,2020,2021-04-14,1610612763,1610612742,113,114
22000834,2020,2021-04-14,1610612750,1610612749,105,130
22000829,2020,2021-04-14,1610612766,1610612739,90,103
22000832,2020,2021-04-14,1610612765,1610612746,98,100
22000836,2020,2021-04-14,1610612760,1610612744,109,147
22000839,2020,2021-04-14,1610612758,1610612764,111,123
22000838,2020,2021-04-14,1610612743,1610612748,123,106
22000828,2020,2021-04-13,1610612757,1610612738,115,116
22000827,2020,2021-04-13,1610612756,1610612748,106,86
22000824,2020,2021-04-13,1610612761,1610612737,103,108
22000823,2020,2021-04-13,1610612754,1610612746,115,126
22000825,2020,2021-04-13,1610612766,1610612747,93,101
22000817,2020,2021-04-13,1610612750,1610612751,97,127
22000826,2020,2021-04-13,1610612762,1610612760,106,96
22000820,2020,2021-04-12,1610612762,1610612764,121,125
22000815,2020,2021-04-12,1610612752,1610612747,111,96
22000818,2020,2021-04-12,1610612742,1610612755,95,113
22000278,2020,2021-04-12,1610612763,1610612741,101,90
22000819,2020,2021-04-12,1610612740,1610612758,117,110
22000821,2020,2021-04-12,1610612744,1610612743,116,107
22000822,2020,2021-04-12,1610612756,1610612745,126,120
22000816,2020,2021-04-12,1610612753,1610612759,97,120
22000806,2020,2021-04-11,1610612743,1610612738,87,105
22000807,2020,2021-04-11,1610612739,1610612740,109,116
22000811,2020,2021-04-11,1610612763,1610612754,125,132
22000812,2020,2021-04-11,1610612750,1610612741,121,117
22000809,2020,2021-04-11,1610612752,1610612761,102,96
22000810,2020,2021-04-11,1610612742,1610612759,117,119
22000814,2020,2021-04-11,1610612757,1610612748,98,107
22000813,2020,2021-04-11,1610612746,1610612765,131,124
22000805,2020,2021-04-11,1610612766,1610612737,101,105
22000808,2020,2021-04-11,1610612753,1610612749,87,124
22000802,2020,2021-04-10,1610612744,1610612745,125,109
22000199,2020,2021-04-10,1610612760,1610612755,93,117
22000803,2020,2021-04-10,1610612756,1610612764,134,106
22000800,2020,2021-04-10,1610612751,1610612747,101,126
22000804,2020,2021-04-10,1610612757,1610612765,118,103
22000801,2020,2021-04-10,1610612762,1610612758,128,112
22000794,2020,2021-04-10,1610612739,1610612761,115,135
22000790,2020,2021-04-09,1610612753,1610612754,106,111
22000795,2020,2021-04-09,1610612740,1610612755,101,94
22000791,2020,2021-04-09,1610612737,1610612741,120,108
22000799,2020,2021-04-09,1610612746,1610612745,126,109
22000797,2020,2021-04-09,1610612743,1610612759,121,119
22000798,2020,2021-04-09,1610612744,1610612764,107,110
22000792,2020,2021-04-09,1610612738,1610612750,145,136
22000793,2020,2021-04-09,1610612752,1610612763,133,129
22000796,2020,2021-04-09,1610612749,1610612766,119,127
22000787,2020,2021-04-08,1610612762,1610612757,122,103
22000523,2020,2021-04-08,1610612761,1610612741,113,122
22000784,2020,2021-04-08,1610612748,1610612747,110,104
22000789,2020,2021-04-08,1610612758,1610612765,101,113
22000786,2020,2021-04-08,1610612742,1610612749,116,101
22000785,2020,2021-04-08,1610612760,1610612739,102,129
22000788,2020,2021-04-08,1610612746,1610612756,113,103
22000782,2020,2021-04-07,1610612743,1610612759,106,96
22000456,2020,2021-04-07,1610612745,1610612742,102,93
22000777,2020,2021-04-07,1610612753,1610612764,116,131
22000776,2020,2021-04-07,1610612754,1610612750,141,137
22000781,2020,2021-04-07,1610612760,1610612766,102,113
22000783,2020,2021-04-07,1610612756,1610612762,117,113
22000779,2020,2021-04-07,1610612751,1610612740,139,111
22000780,2020,2021-04-07,1610612737,1610612763,113,131
22000778,2020,2021-04-07,1610612738,1610612752,101,99
22000770,2020,2021-04-06,1610612737,1610612740,123,107
22000773,2020,2021-04-06,1610612748,1610612763,112,124
22000321,2020,2021-04-06,1610612743,1610612765,134,119
22000774,2020,2021-04-06,1610612744,1610612749,122,121
22000775,2020,2021-04-06,1610612746,1610612757,133,116
22000772,2020,2021-04-06,1610612761,1610612747,101,110
22000769,2020,2021-04-06,1610612754,1610612741,97,113
22000771,2020,2021-04-06,1610612738,1610612755,96,106
22000762,2020,2021-04-05,1610612751,1610612752,114,112
22000763,2020,2021-04-05,1610612761,1610612764,103,101
22000766,2020,2021-04-05,1610612760,1610612765,108,132
22000765,2020,2021-04-05,1610612750,1610612758,116,106
22000767,2020,2021-04-05,1610612759,1610612739,101,125
22000764,2020,2021-04-05,1610612742,1610612762,111,103
22000768,2020,2021-04-05,1610612745,1610612756,130,133
22000761,2020,2021-04-04,1610612743,1610612753,119,109
22000759,2020,2021-04-04,1610612737,1610612744,117,111
22000758,2020,2021-04-04,1610612755,1610612763,100,116
22000755,2020,2021-04-04,1610612741,1610612751,115,107
22000756,2020,2021-04-04,1610612746,1610612747,104,86
22000760,2020,2021-04-04,1610612745,1610612740,115,122
22000757,2020,2021-04-04,1610612738,1610612766,116,86
22000748,2020,2021-04-03,1610612765,1610612752,81,125
22000752,2020,2021-04-03,1610612762,1610612753,137,91
22000753,2020,2021-04-03,1610612757,1610612760,133,85
22000749,2020,2021-04-03,1610612748,1610612739,115,101
22000751,2020,2021-04-03,1610612759,1610612754,133,139
22000754,2020,2021-04-03,1610612758,1610612749,128,129
22000747,2020,2021-04-03,1610612764,1610612742,87,109
22000750,2020,2021-04-03,1610612755,1610612750,122,113
22000744,2020,2021-04-02,1610612756,1610612760,140,103
22000742,2020,2021-04-02,1610612740,1610612737,103,126
22000743,2020,2021-04-02,1610612762,1610612741,113,106
22000737,2020,2021-04-02,1610612761,1610612744,130,77
22000741,2020,2021-04-02,1610612763,1610612750,120,108
22000746,2020,2021-04-02,1610612758,1610612747,94,115
22000740,2020,2021-04-02,1610612754,1610612766,97,114
22000738,2020,2021-04-02,1610612738,1610612745,118,102
22000745,2020,2021-04-02,1610612757,1610612749,109,127
22000739,2020,2021-04-02,1610612752,1610612742,86,99
22000735,2020,2021-04-01,1610612759,1610612737,129,134
22000733,2020,2021-04-01,1610612748,1610612744,116,109
22000731,2020,2021-04-01,1610612739,1610612755,94,114
22000736,2020,2021-04-01,1610612746,1610612743,94,101
22000179,2020,2021-04-01,1610612765,1610612764,120,91
22000732,2020,2021-04-01,1610612751,1610612766,111,89
22000734,2020,2021-04-01,1610612740,1610612753,110,115
22000729,2020,2021-03-31,1610612747,1610612749,97,112
22000723,2020,2021-03-31,1610612738,1610612742,108,113
22000722,2020,2021-03-31,1610612754,1610612748,87,92
22000726,2020,2021-03-31,1610612750,1610612752,102,101
22000725,2020,2021-03-31,1610612763,1610612762,107,111
22000728,2020,2021-03-31,1610612759,1610612758,120,106
22000727,2020,2021-03-31,1610612760,1610612761,113,103
22000730,2020,2021-03-31,1610612756,1610612741,121,116
22000724,2020,2021-03-31,1610612751,1610612745,120,108
22000721,2020,2021-03-31,1610612765,1610612757,101,124
22000171,2020,2021-03-30,1610612756,1610612737,117,110
22000720,2020,2021-03-30,1610612746,1610612753,96,103
22000718,2020,2021-03-30,1610612764,1610612766,104,114
22000719,2020,2021-03-30,1610612743,1610612755,104,95
22000710,2020,2021-03-29,1610612752,1610612748,88,98
22000708,2020,2021-03-29,1610612738,1610612740,109,115
22000711,2020,2021-03-29,1610612765,1610612761,118,104
22000716,2020,2021-03-29,1610612744,1610612741,116,102
22000709,2020,2021-03-29,1610612751,1610612750,112,107
22000712,2020,2021-03-29,1610612745,1610612763,110,120
22000715,2020,2021-03-29,1610612762,1610612739,114,75
22000714,2020,2021-03-29,1610612759,1610612758,115,132
22000717,2020,2021-03-29,1610612746,1610612749,129,105
22000713,2020,2021-03-29,1610612760,1610612742,106,127
22000707,2020,2021-03-29,1610612764,1610612754,132,124
22000706,2020,2021-03-28,1610612747,1610612753,96,93
22000703,2020,2021-03-28,1610612766,1610612756,97,101
22000704,2020,2021-03-28,1610612761,1610612757,117,122
22000705,2020,2021-03-28,1610612743,1610612737,126,102
22000701,2020,2021-03-27,1610612746,1610612755,122,112
22000698,2020,2021-03-27,1610612740,1610612742,112,103
22000696,2020,2021-03-27,1610612750,1610612745,107,129
22000697,2020,2021-03-27,1610612759,1610612741,120,104
22000702,2020,2021-03-27,1610612758,1610612739,100,98
22000695,2020,2021-03-27,1610612749,1610612752,96,102
22000694,2020,2021-03-27,1610612764,1610612765,106,92
22000700,2020,2021-03-27,1610612762,1610612763,126,110
22000699,2020,2021-03-27,1610612760,1610612738,94,111
22000687,2020,2021-03-26,1610612753,1610612757,105,112
22000684,2020,2021-03-26,1610612761,1610612756,100,104
22000685,2020,2021-03-26,1610612749,1610612738,114,122
22000693,2020,2021-03-26,1610612747,1610612739,100,86
22000691,2020,2021-03-26,1610612762,1610612763,117,114
22000689,2020,2021-03-26,1610612740,1610612743,108,113
22000686,2020,2021-03-26,1610612766,1610612748,110,105
22000683,2020,2021-03-26,1610612765,1610612751,111,113
22000690,2020,2021-03-26,1610612742,1610612754,94,109
22000688,2020,2021-03-26,1610612750,1610612745,107,101
22000692,2020,2021-03-26,1610612744,1610612737,108,124
22000681,2020,2021-03-25,1610612747,1610612755,101,109
22000682,2020,2021-03-25,1610612758,1610612744,141,119
22000679,2020,2021-03-25,1610612752,1610612764,106,102
22000680,2020,2021-03-25,1610612759,1610612746,85,98
22000678,2020,2021-03-25,1610612748,1610612757,122,125
22000675,2020,2021-03-24,1610612759,1610612746,101,134
22000667,2020,2021-03-24,1610612754,1610612765,116,111
22000672,2020,2021-03-24,1610612745,1610612766,97,122
22000670,2020,2021-03-24,1610612753,1610612756,112,111
22000669,2020,2021-03-24,1610612749,1610612738,121,119
22000676,2020,2021-03-24,1610612762,1610612751,118,88
22000674,2020,2021-03-24,1610612760,1610612763,107,116
22000671,2020,2021-03-24,1610612741,1610612739,94,103
22000668,2020,2021-03-24,1610612761,1610612743,135,111
22000673,2020,2021-03-24,1610612750,1610612742,108,128
22000677,2020,2021-03-24,1610612758,1610612737,110,108
22000665,2020,2021-03-23,1610612744,1610612755,98,108
22000661,2020,2021-03-23,1610612753,1610612743,99,110
22000662,2020,2021-03-23,1610612752,1610612764,131,113
22000666,2020,2021-03-23,1610612757,1610612751,112,116
22000664,2020,2021-03-23,1610612748,1610612756,100,110
22000663,2020,2021-03-23,1610612740,1610612747,128,111
22000657,2020,2021-03-22,1610612745,1610612761,117,99
22000656,2020,2021-03-22,1610612741,1610612762,95,120
22000655,2020,2021-03-22,1610612759,1610612766,97,100
22000653,2020,2021-03-22,1610612739,1610612758,105,119
22000660,2020,2021-03-22,1610612746,1610612737,119,110
22000658,2020,2021-03-22,1610612763,1610612738,132,126
22000654,2020,2021-03-22,1610612750,1610612760,103,112
22000659,2020,2021-03-22,1610612749,1610612754,140,113
22000016,2020,2021-03-21,1610612745,1610612760,112,114
22000645,2020,2021-03-21,1610612748,1610612754,106,109
22000652,2020,2021-03-21,1610612757,1610612742,92,132
22000646,2020,2021-03-21,1610612743,1610612740,108,113
22000648,2020,2021-03-21,1610612739,1610612761,116,105
22000649,2020,2021-03-21,1610612765,1610612741,86,100
22000167,2020,2021-03-21,1610612738,1610612753,112,96
22000647,2020,2021-03-21,1610612751,1610612764,113,106
22000650,2020,2021-03-21,1610612752,1610612755,100,101
22000651,2020,2021-03-21,1610612756,1610612747,111,94
22000643,2020,2021-03-20,1610612749,1610612759,120,113
22000642,2020,2021-03-20,1610612763,1610612744,111,103
22000640,2020,2021-03-20,1610612747,1610612737,94,99
22000641,2020,2021-03-20,1610612755,1610612758,129,105
22000644,2020,2021-03-20,1610612746,1610612766,125,98
22000633,2020,2021-03-19,1610612753,1610612751,121,113
22000632,2020,2021-03-19,1610612748,1610612754,110,137
22000435,2020,2021-03-19,1610612739,1610612759,110,116
22000634,2020,2021-03-19,1610612761,1610612762,112,115
22000631,2020,2021-03-19,1610612738,1610612758,96,107
22000638,2020,2021-03-19,1610612756,1610612750,113,101
22000635,2020,2021-03-19,1610612745,1610612765,100,113
22000636,2020,2021-03-19,1610612763,1610612744,103,116
22000639,2020,2021-03-19,1610612757,1610612742,125,119
22000637,2020,2021-03-19,1610612743,1610612741,131,127
22000166,2020,2021-03-18,1610612764,1610612762,131,122
22000629,2020,2021-03-18,1610612757,1610612740,101,93
22000627,2020,2021-03-18,1610612752,1610612753,94,93
22000626,2020,2021-03-18,1610612737,1610612760,116,93
22000628,2020,2021-03-18,1610612756,1610612750,119,123
22000630,2020,2021-03-18,1610612747,1610612766,116,105
22000620,2020,2021-03-17,1610612739,1610612738,117,110
22000622,2020,2021-03-17,1610612745,1610612744,94,108
22000624,2020,2021-03-17,1610612743,1610612766,129,104
22000617,2020,2021-03-17,1610612754,1610612751,115,124
22000623,2020,2021-03-17,1610612763,1610612748,89,85
22000619,2020,2021-03-17,1610612764,1610612758,119,121
22000621,2020,2021-03-17,1610612741,1610612759,99,106
22000616,2020,2021-03-17,1610612765,1610612761,116,112
22000618,2020,2021-03-17,1610612755,1610612749,105,109
22000625,2020,2021-03-17,1610612742,1610612746,105,89
22000613,2020,2021-03-16,1610612745,1610612737,107,119
22000609,2020,2021-03-16,1610612738,1610612762,109,117
22000614,2020,2021-03-16,1610612757,1610612740,125,124
22000615,2020,2021-03-16,1610612747,1610612750,137,121
22000610,2020,2021-03-16,1610612748,1610612739,113,98
22000611,2020,2021-03-16,1610612755,1610612752,99,96
22000612,2020,2021-03-16,1610612741,1610612760,123,102
22000602,2020,2021-03-15,1610612766,1610612758,122,116
22000604,2020,2021-03-15,1610612751,1610612752,117,112
22000607,2020,2021-03-15,1610612756,1610612763,122,99
22000605,2020,2021-03-15,1610612742,1610612746,99,109
22000603,2020,2021-03-15,1610612764,1610612749,122,133
22000608,2020,2021-03-15,1610612744,1610612747,97,128
22000428,2020,2021-03-15,1610612765,1610612759,99,109
22000606,2020,2021-03-15,1610612743,1610612754,121,106
22000600,2020,2021-03-14,1610612741,1610612761,118,95
22000597,2020,2021-03-14,1610612737,1610612739,100,82
22000593,2020,2021-03-14,1610612760,1610612763,128,122
22000598,2020,2021-03-14,1610612745,1610612738,107,134
22000596,2020,2021-03-14,1610612753,1610612748,97,102
22000599,2020,2021-03-14,1610612750,1610612757,114,112
22000595,2020,2021-03-14,1610612755,1610612759,134,99
22000601,2020,2021-03-14,1610612740,1610612746,135,115
22000594,2020,2021-03-14,1610612744,1610612762,131,119
22000590,2020,2021-03-13,1610612737,1610612758,121,106
22000592,2020,2021-03-13,1610612743,1610612742,103,116
22000591,2020,2021-03-13,1610612750,1610612757,121,125
22000587,2020,2021-03-13,1610612751,1610612765,100,95
22000589,2020,2021-03-13,1610612764,1610612749,119,125
22000586,2020,2021-03-13,1610612760,1610612752,97,119
22000588,2020,2021-03-13,1610612766,1610612761,114,104
22000194,2020,2021-03-13,1610612756,1610612754,111,122
22000582,2020,2021-03-12,1610612741,1610612748,90,101
22000580,2020,2021-03-12,1610612763,1610612743,102,103
22000581,2020,2021-03-12,1610612740,1610612739,116,82
22000579,2020,2021-03-12,1610612764,1610612755,101,127
22000585,2020,2021-03-12,1610612747,1610612754,105,100
22000583,2020,2021-03-12,1610612759,1610612753,104,77
22000584,2020,2021-03-12,1610612762,1610612745,114,99
22000573,2020,2021-03-11,1610612749,1610612752,134,101
22000569,2020,2021-03-11,1610612751,1610612738,121,109
2042000301,2020,2021-03-11,1612709909,1612709925,78,97
22000572,2020,2021-03-11,1610612741,1610612755,105,127
22000576,2020,2021-03-11,1610612746,1610612744,130,104
22000568,2020,2021-03-11,1610612766,1610612765,105,102
22000574,2020,2021-03-11,1610612740,1610612750,105,135
22000575,2020,2021-03-11,1610612760,1610612742,116,108
22000570,2020,2021-03-11,1610612761,1610612737,120,121
22000577,2020,2021-03-11,1610612757,1610612756,121,127
22000571,2020,2021-03-11,1610612748,1610612753,111,103
22000578,2020,2021-03-11,1610612758,1610612745,125,105
22000567,2020,2021-03-10,1610612742,1610612759,115,104
22000566,2020,2021-03-10,1610612763,1610612764,127,112
2042000201,2020,2021-03-09,1612709920,1612709909,100,127
2042000211,2020,2021-03-09,1612709902,1612709925,96,108
2042000111,2020,2021-03-08,1612709902,1612709908,110,81
2042000131,2020,2021-03-08,1612709909,1612709890,124,103
2042000101,2020,2021-03-08,1612709920,1612709930,127,102
2042000121,2020,2021-03-08,1612709913,1612709925,110,139
32000001,2020,2021-03-07,1610616833,1610616834,150,170
2022000135,2020,2021-03-06,1612709922,1612709924,109,105
2022000131,2020,2021-03-06,1612709893,1612709921,107,116
2022000132,2020,2021-03-06,1612709926,1612709909,106,95
2022000134,2020,2021-03-06,1612709930,1612709890,127,92
2022000133,2020,2021-03-06,1612709902,1612709889,113,103
2022000130,2020,2021-03-06,1612709920,1612709925,122,100
2022000129,2020,2021-03-05,1612709908,1612709902,110,94
2022000128,2020,2021-03-05,1612709909,1612709903,93,83
2022000126,2020,2021-03-05,1612709925,1612709911,114,94
2022000127,2020,2021-03-05,1612709919,1612709913,130,124
2022000125,2020,2021-03-05,1612709922,1612709910,107,111
2022000119,2020,2021-03-04,1612709910,1612709893,94,99
22000556,2020,2021-03-04,1610612759,1610612760,102,107
22000185,2020,2021-03-04,1610612756,1610612744,120,98
22000557,2020,2021-03-04,1610612740,1610612748,93,103
22000553,2020,2021-03-04,1610612754,1610612743,103,113
2022000122,2020,2021-03-04,1612709911,1612709920,124,132
22000555,2020,2021-03-04,1610612763,1610612749,111,112
2022000124,2020,2021-03-04,1612709919,1612709924,120,122
22000552,2020,2021-03-04,1610612738,1610612761,132,125
2022000123,2020,2021-03-04,1612709889,1612709913,113,116
22000565,2020,2021-03-04,1610612752,1610612765,114,104
22000554,2020,2021-03-04,1610612764,1610612746,119,117
2022000121,2020,2021-03-04,1612709930,1612709908,107,130
2022000120,2020,2021-03-04,1612709926,1612709921,100,111
22000558,2020,2021-03-04,1610612757,1610612758,123,119
2022000115,2020,2021-03-03,1612709930,1612709924,111,116
2022000114,2020,2021-03-03,1612709893,1612709909,97,103
22000549,2020,2021-03-03,1610612742,1610612760,87,78
2022000116,2020,2021-03-03,1612709890,1612709922,119,98
2022000118,2020,2021-03-03,1612709889,1612709920,93,115
22000548,2020,2021-03-03,1610612740,1610612741,124,128
2022000117,2020,2021-03-03,1612709925,1612709903,104,84
22000547,2020,2021-03-03,1610612750,1610612766,102,135
22000550,2020,2021-03-03,1610612757,1610612744,108,106
22000545,2020,2021-03-03,1610612755,1610612762,131,123
22000544,2020,2021-03-03,1610612753,1610612737,112,115
22000543,2020,2021-03-03,1610612739,1610612754,111,114
22000539,2020,2021-03-03,1610612761,1610612765,105,129
22000551,2020,2021-03-03,1610612758,1610612747,123,120
22000546,2020,2021-03-03,1610612745,1610612751,114,132
22000540,2020,2021-03-02,1610612749,1610612743,97,128
2022000110,2020,2021-03-02,1612709890,1612709921,102,88
2022000112,2020,2021-03-02,1612709903,1612709910,109,93
2022000113,2020,2021-03-02,1612709919,1612709926,112,118
22000542,2020,2021-03-02,1610612747,1610612756,104,114
2022000109,2020,2021-03-02,1612709913,1612709902,91,121
22000536,2020,2021-03-02,1610612764,1610612763,111,125
2022000111,2020,2021-03-02,1612709908,1612709911,119,111
22000541,2020,2021-03-02,1610612759,1610612752,119,93
22000537,2020,2021-03-02,1610612738,1610612746,117,112
22000538,2020,2021-03-02,1610612748,1610612737,80,94
22000529,2020,2021-03-01,1610612753,1610612742,124,130
22000531,2020,2021-03-01,1610612741,1610612743,112,118
22000535,2020,2021-03-01,1610612757,1610612766,123,111
22000533,2020,2021-03-01,1610612740,1610612762,129,124
22000532,2020,2021-03-01,1610612745,1610612739,90,101
2022000108,2020,2021-03-01,1612709922,1612709925,95,110
22000534,2020,2021-03-01,1610612759,1610612751,113,124
2022000106,2020,2021-03-01,1612709893,1612709920,124,125
2022000104,2020,2021-03-01,1612709921,1612709889,121,115
2022000107,2020,2021-03-01,1612709924,1612709926,103,119
22000530,2020,2021-03-01,1610612755,1610612754,130,114
2022000105,2020,2021-03-01,1612709909,1612709930,120,92
22000524,2020,2021-02-28,1610612738,1610612764,111,110
2022000101,2020,2021-02-28,1612709903,1612709908,88,97
22000527,2020,2021-02-28,1610612747,1610612744,117,91
2022000099,2020,2021-02-28,1612709902,1612709890,109,104
22000522,2020,2021-02-28,1610612748,1610612737,109,99
2022000102,2020,2021-02-28,1612709913,1612709922,126,91
2022000100,2020,2021-02-28,1612709925,1612709910,101,98
22000526,2020,2021-02-28,1610612750,1610612756,99,118
22000521,2020,2021-02-28,1610612765,1610612752,90,109
2022000103,2020,2021-02-28,1612709919,1612709911,105,111
22000520,2020,2021-02-28,1610612749,1610612746,105,100
22000528,2020,2021-02-28,1610612758,1610612766,126,127
22000525,2020,2021-02-28,1610612745,1610612763,84,133
2022000096,2020,2021-02-27,1612709902,1612709921,108,88
22000519,2020,2021-02-27,1610612751,1610612742,98,115
2022000098,2020,2021-02-27,1612709911,1612709926,123,114
22000518,2020,2021-02-27,1610612760,1610612743,96,126
22000514,2020,2021-02-27,1610612759,1610612740,117,114
2022000095,2020,2021-02-27,1612709920,1612709919,127,115
2022000097,2020,2021-02-27,1612709893,1612709930,112,113
22000517,2020,2021-02-27,1610612764,1610612750,128,112
22000516,2020,2021-02-27,1610612753,1610612762,109,124
2022000094,2020,2021-02-27,1612709909,1612709889,114,129
22000513,2020,2021-02-27,1610612755,1610612739,109,112
22000515,2020,2021-02-27,1610612752,1610612754,110,107
2022000093,2020,2021-02-27,1612709924,1612709913,89,94
22000507,2020,2021-02-26,1610612748,1610612762,124,116
22000512,2020,2021-02-26,1610612747,1610612757,102,93
22000504,2020,2021-02-26,1610612765,1610612758,107,110
2022000091,2020,2021-02-26,1612709893,1612709908,102,120
22000511,2020,2021-02-26,1610612744,1610612766,130,121
22000506,2020,2021-02-26,1610612761,1610612745,122,111
2022000088,2020,2021-02-26,1612709925,1612709909,115,107
2022000089,2020,2021-02-26,1612709930,1612709903,87,107
22000510,2020,2021-02-26,1610612760,1610612737,118,109
2022000087,2020,2021-02-26,1612709910,1612709924,109,108
2022000090,2020,2021-02-26,1612709890,1612709889,109,106
22000509,2020,2021-02-26,1610612763,1610612746,99,119
22000508,2020,2021-02-26,1610612741,1610612756,97,106
2022000092,2020,2021-02-26,1612709922,1612709920,117,126
22000505,2020,2021-02-26,1610612738,1610612754,118,112
22000503,2020,2021-02-25,1610612749,1610612740,129,125
2022000085,2020,2021-02-25,1612709911,1612709890,104,108
2022000082,2020,2021-02-25,1612709908,1612709913,124,113
22000501,2020,2021-02-25,1610612763,1610612746,122,94
2022000084,2020,2021-02-25,1612709921,1612709910,95,109
2022000083,2020,2021-02-25,1612709902,1612709926,116,111
22000500,2020,2021-02-25,1610612752,1610612758,140,121
22000499,2020,2021-02-25,1610612751,1610612753,129,92
2022000086,2020,2021-02-25,1612709903,1612709919,95,116
22000498,2020,2021-02-25,1610612755,1610612742,111,97
22000502,2020,2021-02-25,1610612743,1610612764,110,112
22000489,2020,2021-02-24,1610612754,1610612744,107,111
2022000079,2020,2021-02-24,1612709889,1612709922,118,120
22000496,2020,2021-02-24,1610612756,1610612766,121,124
2022000078,2020,2021-02-24,1612709926,1612709930,101,104
22000494,2020,2021-02-24,1610612740,1610612765,128,118
22000495,2020,2021-02-24,1610612760,1610612759,102,99
2022000080,2020,2021-02-24,1612709909,1612709920,107,138
2022000081,2020,2021-02-24,1612709921,1612709924,101,94
22000492,2020,2021-02-24,1610612748,1610612761,116,108
2022000077,2020,2021-02-24,1612709893,1612709925,101,90
22000497,2020,2021-02-24,1610612762,1610612747,114,89
22000490,2020,2021-02-24,1610612737,1610612738,127,112
22000491,2020,2021-02-24,1610612739,1610612745,112,96
22000493,2020,2021-02-24,1610612741,1610612750,133,126
22000480,2020,2021-02-23,1610612739,1610612737,112,111
22000487,2020,2021-02-23,1610612743,1610612757,111,106
2022000073,2020,2021-02-23,1612709919,1612709925,123,113
2022000076,2020,2021-02-23,1612709911,1612709902,95,108
22000481,2020,2021-02-23,1610612753,1610612765,93,105
22000486,2020,2021-02-23,1610612749,1610612750,139,112
22000485,2020,2021-02-23,1610612742,1610612738,110,107
22000483,2020,2021-02-23,1610612752,1610612744,106,114
2022000075,2020,2021-02-23,1612709910,1612709913,103,106
22000484,2020,2021-02-23,1610612761,1610612755,102,109
2022000074,2020,2021-02-23,1612709908,1612709922,109,115
22000482,2020,2021-02-23,1610612751,1610612758,127,118
2022000072,2020,2021-02-23,1612709903,1612709890,113,106
22000488,2020,2021-02-23,1610612746,1610612764,135,116
22000477,2020,2021-02-22,1610612756,1610612757,132,100
22000476,2020,2021-02-22,1610612742,1610612763,102,92
2022000066,2020,2021-02-22,1612709911,1612709889,122,128
2022000069,2020,2021-02-22,1612709913,1612709909,115,110
2022000068,2020,2021-02-22,1612709930,1612709921,97,109
22000475,2020,2021-02-22,1610612760,1610612748,94,108
2022000071,2020,2021-02-22,1612709920,1612709926,119,117
22000478,2020,2021-02-22,1610612762,1610612766,132,110
22000479,2020,2021-02-22,1610612747,1610612764,124,127
2022000067,2020,2021-02-22,1612709919,1612709893,100,91
2022000070,2020,2021-02-22,1612709924,1612709902,90,129
22000474,2020,2021-02-22,1610612745,1610612741,100,120
22000467,2020,2021-02-21,1610612753,1610612765,105,96
2022000062,2020,2021-02-21,1612709922,1612709930,109,122
2022000065,2020,2021-02-21,1612709920,1612709910,117,122
22000466,2020,2021-02-21,1610612739,1610612760,101,117
2022000064,2020,2021-02-21,1612709890,1612709909,107,122
22000471,2020,2021-02-21,1610612749,1610612758,128,115
22000468,2020,2021-02-21,1610612761,1610612755,110,103
22000470,2020,2021-02-21,1610612737,1610612743,123,115
22000472,2020,2021-02-21,1610612746,1610612751,108,112
22000469,2020,2021-02-21,1610612752,1610612750,103,99
2022000060,2020,2021-02-21,1612709925,1612709924,104,102
2022000061,2020,2021-02-21,1612709889,1612709908,125,114
2022000063,2020,2021-02-21,1612709893,1612709903,127,111
22000465,2020,2021-02-21,1610612740,1610612738,120,115
2022000056,2020,2021-02-20,1612709926,1612709913,103,107
22000464,2020,2021-02-20,1610612757,1610612764,111,118
2022000055,2020,2021-02-20,1612709910,1612709911,98,93
2022000057,2020,2021-02-20,1612709908,1612709921,105,90
22000462,2020,2021-02-20,1610612763,1610612756,97,128
22000463,2020,2021-02-20,1610612747,1610612748,94,96
2022000059,2020,2021-02-20,1612709902,1612709903,109,104
22000459,2020,2021-02-20,1610612766,1610612744,102,100
2022000058,2020,2021-02-20,1612709890,1612709919,125,118
22000460,2020,2021-02-20,1610612741,1610612758,122,114
22000455,2020,2021-02-19,1610612740,1610612756,114,132
2022000051,2020,2021-02-19,1612709922,1612709926,98,118
22000457,2020,2021-02-19,1610612746,1610612762,116,112
22000563,2020,2021-02-19,1610612739,1610612743,103,120
22000450,2020,2021-02-19,1610612755,1610612741,112,105
22000453,2020,2021-02-19,1610612749,1610612760,98,85
2022000054,2020,2021-02-19,1612709909,1612709921,130,127
2022000052,2020,2021-02-19,1612709889,1612709925,115,113
2022000053,2020,2021-02-19,1612709924,1612709893,117,104
22000449,2020,2021-02-19,1610612753,1610612744,124,120
22000451,2020,2021-02-19,1610612738,1610612737,121,109
22000454,2020,2021-02-19,1610612750,1610612761,81,86
22000452,2020,2021-02-19,1610612763,1610612765,109,95
2022000050,2020,2021-02-18,1612709911,1612709922,103,104
2022000045,2020,2021-02-18,1612709890,1612709908,104,101
2022000047,2020,2021-02-18,1612709902,1612709910,113,109
2022000048,2020,2021-02-18,1612709913,1612709925,94,90
22000446,2020,2021-02-18,1610612747,1610612751,98,109
22000447,2020,2021-02-18,1610612758,1610612748,110,118
22000445,2020,2021-02-18,1610612749,1610612761,96,110
2022000049,2020,2021-02-18,1612709919,1612709930,121,113
2022000046,2020,2021-02-18,1612709903,1612709920,92,117
2022000043,2020,2021-02-17,1612709911,1612709909,111,133
22000438,2020,2021-02-17,1610612738,1610612737,114,122
22000436,2020,2021-02-17,1610612753,1610612752,107,89
2022000044,2020,2021-02-17,1612709926,1612709889,106,120
22000564,2020,2021-02-17,1610612741,1610612765,105,102
2022000040,2020,2021-02-17,1612709920,1612709924,121,115
2022000042,2020,2021-02-17,1612709902,1612709893,111,108
2022000041,2020,2021-02-17,1612709913,1612709930,127,87
22000562,2020,2021-02-17,1610612763,1610612760,122,113
22000443,2020,2021-02-17,1610612744,1610612748,120,112
22000439,2020,2021-02-17,1610612755,1610612745,118,113
22000437,2020,2021-02-17,1610612764,1610612743,130,128
22000444,2020,2021-02-17,1610612746,1610612762,96,114
2022000039,2020,2021-02-17,1612709921,1612709919,123,115
22000441,2020,2021-02-17,1610612740,1610612757,124,126
22000440,2020,2021-02-17,1610612750,1610612754,128,134
22000433,2020,2021-02-16,1610612756,1610612751,124,128
2022000038,2020,2021-02-16,1612709910,1612709889,105,112
2022000034,2020,2021-02-16,1612709908,1612709925,96,99
22000427,2020,2021-02-16,1610612738,1610612743,112,99
2022000036,2020,2021-02-16,1612709924,1612709903,100,87
22000431,2020,2021-02-16,1610612750,1610612747,104,112
2022000035,2020,2021-02-16,1612709890,1612709893,89,109
2022000037,2020,2021-02-16,1612709909,1612709922,127,98
22000432,2020,2021-02-16,1610612760,1610612757,104,115
22000430,2020,2021-02-16,1610612749,1610612761,113,124
22000429,2020,2021-02-16,1610612763,1610612740,113,144
22000423,2020,2021-02-15,1610612762,1610612755,134,123
22000421,2020,2021-02-15,1610612764,1610612745,131,119
2022000031,2020,2021-02-15,1612709890,1612709910,116,111
2022000030,2020,2021-02-15,1612709911,1612709930,90,97
22000420,2020,2021-02-15,1610612754,1610612741,112,120
22000425,2020,2021-02-15,1610612746,1610612748,125,118
2022000032,2020,2021-02-15,1612709920,1612709902,135,125
22000422,2020,2021-02-15,1610612752,1610612737,123,112
2022000029,2020,2021-02-15,1612709908,1612709919,135,117
22000426,2020,2021-02-15,1610612758,1610612751,125,136
22000424,2020,2021-02-15,1610612744,1610612739,129,98
2022000028,2020,2021-02-15,1612709926,1612709903,104,96
2022000033,2020,2021-02-15,1612709921,1612709913,104,114
2022000026,2020,2021-02-14,1612709889,1612709893,141,110
2022000027,2020,2021-02-14,1612709921,1612709922,95,123
22000411,2020,2021-02-14,1610612742,1610612757,118,121
22000560,2020,2021-02-14,1610612764,1610612738,104,91
22000415,2020,2021-02-14,1610612760,1610612749,114,109
22000417,2020,2021-02-14,1610612756,1610612753,109,90
22000561,2020,2021-02-14,1610612765,1610612740,123,112
2022000024,2020,2021-02-14,1612709924,1612709909,101,108
22000414,2020,2021-02-14,1610612766,1610612759,110,122
22000416,2020,2021-02-14,1610612743,1610612747,122,105
22000418,2020,2021-02-14,1610612758,1610612763,110,124
22000413,2020,2021-02-14,1610612761,1610612750,112,116
22000419,2020,2021-02-14,1610612746,1610612739,128,111
2022000025,2020,2021-02-14,1612709925,1612709926,98,87
22000409,2020,2021-02-13,1610612744,1610612751,117,134
2022000022,2020,2021-02-13,1612709930,1612709920,113,105
22000410,2020,2021-02-13,1610612762,1610612748,112,94
2022000023,2020,2021-02-13,1612709919,1612709902,116,124
2022000020,2020,2021-02-13,1612709910,1612709908,119,115
22000406,2020,2021-02-13,1610612756,1610612755,120,111
22000407,2020,2021-02-13,1610612737,1610612754,113,125
22000408,2020,2021-02-13,1610612752,1610612745,121,99
2022000019,2020,2021-02-13,1612709913,1612709890,108,115
2022000021,2020,2021-02-13,1612709903,1612709911,97,84
22000400,2020,2021-02-12,1610612741,1610612746,106,125
22000402,2020,2021-02-12,1610612762,1610612749,129,115
2022000016,2020,2021-02-12,1612709921,1612709925,100,106
22000412,2020,2021-02-12,1610612738,1610612765,102,108
22000401,2020,2021-02-12,1610612743,1610612760,97,95
22000405,2020,2021-02-12,1610612758,1610612753,112,123
2022000013,2020,2021-02-12,1612709920,1612709913,126,138
22000396,2020,2021-02-12,1610612764,1610612752,91,109
2022000018,2020,2021-02-12,1612709924,1612709911,96,94
22000403,2020,2021-02-12,1610612747,1610612763,115,105
2022000014,2020,2021-02-12,1612709922,1612709893,114,130
22000395,2020,2021-02-12,1610612766,1610612750,120,114
22000404,2020,2021-02-12,1610612757,1610612739,129,110
22000397,2020,2021-02-12,1610612737,1610612759,114,125
22000399,2020,2021-02-12,1610612742,1610612740,143,130
2022000015,2020,2021-02-12,1612709889,1612709930,103,109
2022000017,2020,2021-02-12,1612709909,1612709902,103,92
2022000011,2020,2021-02-11,1612709924,1612709908,95,99
2022000010,2020,2021-02-11,1612709926,1612709893,114,102
22000393,2020,2021-02-11,1610612744,1610612753,111,105
2022000008,2020,2021-02-11,1612709903,1612709889,84,118
22000398,2020,2021-02-11,1610612738,1610612761,120,106
2022000012,2020,2021-02-11,1612709925,1612709890,102,104
22000391,2020,2021-02-11,1610612765,1610612754,95,111
22000394,2020,2021-02-11,1610612757,1610612755,118,114
2022000007,2020,2021-02-11,1612709910,1612709909,119,124
2022000009,2020,2021-02-11,1612709922,1612709919,106,118
22000392,2020,2021-02-11,1610612745,1610612748,94,101
22000383,2020,2021-02-10,1610612751,1610612754,104,94
22000387,2020,2021-02-10,1610612750,1610612746,112,119
2022000001,2020,2021-02-10,1612709930,1612709902,110,104
22000389,2020,2021-02-10,1610612756,1610612749,125,124
22000382,2020,2021-02-10,1610612764,1610612761,115,137
22000386,2020,2021-02-10,1610612763,1610612766,130,114
2022000003,2020,2021-02-10,1612709913,1612709903,117,98
22000388,2020,2021-02-10,1610612743,1610612739,133,95
22000385,2020,2021-02-10,1610612741,1610612740,129,116
2022000002,2020,2021-02-10,1612709926,1612709890,111,119
2022000004,2020,2021-02-10,1612709910,1612709919,120,125
22000384,2020,2021-02-10,1610612742,1610612737,118,117
2022000005,2020,2021-02-10,1612709921,1612709911,131,128
2022000006,2020,2021-02-10,1612709908,1612709920,105,132
22000390,2020,2021-02-10,1610612747,1610612760,114,113
22000381,2020,2021-02-09,1610612758,1610612755,111,119
22000380,2020,2021-02-09,1610612757,1610612753,106,97
22000379,2020,2021-02-09,1610612762,1610612738,122,108
22000376,2020,2021-02-09,1610612748,1610612752,98,96
22000375,2020,2021-02-09,1610612765,1610612751,122,111
22000378,2020,2021-02-09,1610612759,1610612744,91,114
22000377,2020,2021-02-09,1610612740,1610612745,130,101
22000368,2020,2021-02-08,1610612741,1610612764,101,105
22000372,2020,2021-02-08,1610612756,1610612739,119,113
22000369,2020,2021-02-08,1610612763,1610612761,113,128
22000371,2020,2021-02-08,1610612759,1610612744,105,100
22000374,2020,2021-02-08,1610612747,1610612760,119,112
22000373,2020,2021-02-08,1610612743,1610612749,112,125
22000367,2020,2021-02-08,1610612766,1610612745,119,94
22000370,2020,2021-02-08,1610612742,1610612750,127,122
22000364,2020,2021-02-07,1610612752,1610612748,103,109
22000365,2020,2021-02-07,1610612756,1610612738,100,91
22000215,2020,2021-02-07,1610612766,1610612764,119,97
22000363,2020,2021-02-07,1610612754,1610612762,95,103
22000366,2020,2021-02-07,1610612746,1610612758,110,113
22000354,2020,2021-02-06,1610612755,1610612751,124,108
22000359,2020,2021-02-06,1610612760,1610612750,120,118
22000355,2020,2021-02-06,1610612740,1610612763,118,109
22000352,2020,2021-02-06,1610612758,1610612743,119,114
22000351,2020,2021-02-06,1610612752,1610612757,110,99
22000360,2020,2021-02-06,1610612742,1610612744,134,132
22000357,2020,2021-02-06,1610612739,1610612749,99,124
22000361,2020,2021-02-06,1610612747,1610612765,135,129
22000356,2020,2021-02-06,1610612737,1610612761,132,121
22000353,2020,2021-02-06,1610612753,1610612741,92,118
22000358,2020,2021-02-06,1610612745,1610612759,106,111
22000346,2020,2021-02-05,1610612739,1610612749,105,123
22000349,2020,2021-02-05,1610612756,1610612765,109,92
22000343,2020,2021-02-05,1610612754,1610612740,113,114
22000342,2020,2021-02-05,1610612766,1610612762,121,138
22000345,2020,2021-02-05,1610612751,1610612761,117,123
22000348,2020,2021-02-05,1610612760,1610612750,103,106
22000347,2020,2021-02-05,1610612748,1610612764,122,95
22000350,2020,2021-02-05,1610612746,1610612738,115,119
22000344,2020,2021-02-05,1610612753,1610612741,123,119
22000340,2020,2021-02-04,1610612763,1610612745,103,115
22000337,2020,2021-02-04,1610612755,1610612757,105,121
22000341,2020,2021-02-04,1610612747,1610612743,114,93
22000339,2020,2021-02-04,1610612742,1610612744,116,147
22000338,2020,2021-02-04,1610612737,1610612762,91,112
22000328,2020,2021-02-03,1610612739,1610612746,99,121
22000335,2020,2021-02-03,1610612740,1610612756,123,101
22000330,2020,2021-02-03,1610612737,1610612742,116,122
22000329,2020,2021-02-03,1610612749,1610612754,130,110
22000334,2020,2021-02-03,1610612759,1610612750,111,108
22000327,2020,2021-02-03,1610612766,1610612755,111,118
22000336,2020,2021-02-03,1610612758,1610612738,116,111
22000332,2020,2021-02-03,1610612741,1610612752,103,107
22000331,2020,2021-02-03,1610612748,1610612764,100,103
22000333,2020,2021-02-03,1610612760,1610612745,104,87
22000559,2020,2021-02-02,1610612764,1610612757,121,132
22000324,2020,2021-02-02,1610612751,1610612746,124,120
22000326,2020,2021-02-02,1610612744,1610612738,107,111
22000323,2020,2021-02-02,1610612753,1610612761,108,123
22000325,2020,2021-02-02,1610612762,1610612765,117,105
22000322,2020,2021-02-02,1610612754,1610612763,134,116
22000317,2020,2021-02-01,1610612740,1610612758,109,118
22000320,2020,2021-02-01,1610612759,1610612763,102,133
22000314,2020,2021-02-01,1610612748,1610612766,121,129
22000318,2020,2021-02-01,1610612760,1610612745,106,136
22000312,2020,2021-02-01,1610612739,1610612750,100,98
22000316,2020,2021-02-01,1610612749,1610612757,134,106
22000315,2020,2021-02-01,1610612741,1610612752,110,102
22000313,2020,2021-02-01,1610612737,1610612747,99,107
22000319,2020,2021-02-01,1610612742,1610612756,108,109
22000311,2020,2021-01-31,1610612750,1610612739,109,104
22000306,2020,2021-01-31,1610612743,1610612762,128,117
22000307,2020,2021-01-31,1610612754,1610612755,110,119
22000309,2020,2021-01-31,1610612761,1610612753,115,102
22000308,2020,2021-01-31,1610612752,1610612746,115,129
22000310,2020,2021-01-31,1610612764,1610612751,149,146
22000303,2020,2021-01-30,1610612742,1610612756,105,111
22000299,2020,2021-01-30,1610612766,1610612749,126,114
22000300,2020,2021-01-30,1610612740,1610612745,112,126
22000301,2020,2021-01-30,1610612748,1610612758,105,104
22000298,2020,2021-01-30,1610612741,1610612757,122,123
22000305,2020,2021-01-30,1610612744,1610612765,118,91
22000304,2020,2021-01-30,1610612759,1610612763,112,129
22000302,2020,2021-01-30,1610612738,1610612747,95,96
22000293,2020,2021-01-29,1610612740,1610612749,131,126
22000289,2020,2021-01-29,1610612753,1610612746,90,116
22000295,2020,2021-01-29,1610612760,1610612751,125,147
22000294,2020,2021-01-29,1610612750,1610612755,94,118
22000291,2020,2021-01-29,1610612752,1610612739,102,81
22000296,2020,2021-01-29,1610612759,1610612743,119,109
22000290,2020,2021-01-29,1610612764,1610612737,100,116
22000288,2020,2021-01-29,1610612766,1610612754,108,105
22000297,2020,2021-01-29,1610612762,1610612742,120,101
22000292,2020,2021-01-29,1610612761,1610612758,124,126
22000286,2020,2021-01-28,1610612756,1610612744,114,93
22000285,2020,2021-01-28,1610612748,1610612746,105,109
22000287,2020,2021-01-28,1610612745,1610612757,104,101
22000284,2020,2021-01-28,1610612765,1610612747,107,92
22000271,2020,2021-01-27,1610612766,1610612754,106,116
22000282,2020,2021-01-27,1610612762,1610612742,116,104
22000274,2020,2021-01-27,1610612737,1610612751,128,132
22000276,2020,2021-01-27,1610612755,1610612747,107,106
22000277,2020,2021-01-27,1610612761,1610612749,108,115
22000281,2020,2021-01-27,1610612756,1610612760,97,102
22000279,2020,2021-01-27,1610612740,1610612764,124,106
22000272,2020,2021-01-27,1610612739,1610612765,122,107
22000283,2020,2021-01-27,1610612744,1610612750,123,111
22000273,2020,2021-01-27,1610612753,1610612758,107,121
22000275,2020,2021-01-27,1610612748,1610612743,82,109
22000280,2020,2021-01-27,1610612759,1610612738,110,106
22000270,2020,2021-01-26,1610612762,1610612752,108,94
22000268,2020,2021-01-26,1610612737,1610612746,108,99
22000269,2020,2021-01-26,1610612745,1610612764,107,88
22000258,2020,2021-01-25,1610612754,1610612761,129,114
22000267,2020,2021-01-25,1610612757,1610612760,122,125
22000261,2020,2021-01-25,1610612739,1610612747,108,115
22000265,2020,2021-01-25,1610612742,1610612743,113,117
22000262,2020,2021-01-25,1610612741,1610612738,103,119
22000257,2020,2021-01-25,1610612765,1610612755,119,104
22000266,2020,2021-01-25,1610612744,1610612750,130,108
22000259,2020,2021-01-25,1610612753,1610612766,117,108
22000260,2020,2021-01-25,1610612751,1610612748,98,85
22000254,2020,2021-01-24,1610612749,1610612737,129,115
22000250,2020,2021-01-24,1610612738,1610612739,141,103
22000251,2020,2021-01-24,1610612746,1610612760,108,100
22000252,2020,2021-01-24,1610612753,1610612766,104,107
22000256,2020,2021-01-24,1610612757,1610612752,116,113
22000249,2020,2021-01-24,1610612754,1610612761,102,107
22000253,2020,2021-01-24,1610612759,1610612764,121,101
22000245,2020,2021-01-23,1610612741,1610612747,90,101
22000242,2020,2021-01-23,1610612762,1610612744,127,108
22000243,2020,2021-01-23,1610612765,1610612755,110,114
22000246,2020,2021-01-23,1610612750,1610612740,120,110
22000244,2020,2021-01-23,1610612751,1610612748,128,124
22000247,2020,2021-01-23,1610612742,1610612745,108,133
22000248,2020,2021-01-23,1610612756,1610612743,112,120
22000233,2020,2021-01-22,1610612755,1610612738,122,110
22000234,2020,2021-01-22,1610612761,1610612748,101,81
22000237,2020,2021-01-22,1610612759,1610612742,117,122
22000230,2020,2021-01-22,1610612765,1610612745,102,103
22000239,2020,2021-01-22,1610612746,1610612760,120,106
22000241,2020,2021-01-22,1610612758,1610612752,103,94
22000238,2020,2021-01-22,1610612756,1610612743,126,130
22000231,2020,2021-01-22,1610612754,1610612753,120,118
22000236,2020,2021-01-22,1610612750,1610612737,98,116
22000229,2020,2021-01-22,1610612766,1610612741,110,123
22000232,2020,2021-01-22,1610612739,1610612751,125,113
22000228,2020,2021-01-21,1610612744,1610612752,104,119
22000226,2020,2021-01-21,1610612749,1610612747,106,113
22000227,2020,2021-01-21,1610612762,1610612740,129,118
22000218,2020,2021-01-20,1610612755,1610612738,117,109
22000222,2020,2021-01-20,1610612745,1610612756,103,109
22000224,2020,2021-01-20,1610612746,1610612758,115,96
22000220,2020,2021-01-20,1610612761,1610612748,102,111
22000221,2020,2021-01-20,1610612750,1610612753,96,97
22000223,2020,2021-01-20,1610612744,1610612759,121,99
22000219,2020,2021-01-20,1610612737,1610612765,123,115
22000217,2020,2021-01-20,1610612754,1610612742,112,124
22000216,2020,2021-01-20,1610612739,1610612751,147,135
22000213,2020,2021-01-19,1610612743,1610612760,119,101
22000214,2020,2021-01-19,1610612762,1610612740,118,102
22000208,2020,2021-01-18,1610612763,1610612756,108,104
22000209,2020,2021-01-18,1610612751,1610612749,125,123
22000203,2020,2021-01-18,1610612752,1610612753,91,84
22000206,2020,2021-01-18,1610612748,1610612765,113,107
22000210,2020,2021-01-18,1610612761,1610612742,116,93
22000211,2020,2021-01-18,1610612741,1610612745,125,120
22000212,2020,2021-01-18,1610612747,1610612744,113,115
22000205,2020,2021-01-18,1610612737,1610612750,108,97
22000207,2020,2021-01-18,1610612757,1610612759,104,125
22000202,2020,2021-01-17,1610612746,1610612754,129,96
22000198,2020,2021-01-17,1610612742,1610612741,101,117
22000201,2020,2021-01-17,1610612758,1610612740,123,128
22000196,2020,2021-01-17,1610612738,1610612752,75,105
22000200,2020,2021-01-17,1610612743,1610612762,105,109
22000189,2020,2021-01-16,1610612759,1610612745,103,91
22000193,2020,2021-01-16,1610612763,1610612755,106,104
22000195,2020,2021-01-16,1610612757,1610612737,112,106
22000191,2020,2021-01-16,1610612761,1610612766,116,113
22000190,2020,2021-01-16,1610612751,1610612753,122,115
22000192,2020,2021-01-16,1610612748,1610612765,100,120
22000184,2020,2021-01-15,1610612760,1610612741,127,125
22000180,2020,2021-01-15,1610612738,1610612753,124,97
22000181,2020,2021-01-15,1610612739,1610612752,106,103
22000182,2020,2021-01-15,1610612749,1610612742,112,109
22000186,2020,2021-01-15,1610612762,1610612737,116,92
22000188,2020,2021-01-15,1610612758,1610612746,100,138
22000187,2020,2021-01-15,1610612747,1610612740,112,95
22000177,2020,2021-01-14,1610612743,1610612744,114,104
22000176,2020,2021-01-14,1610612759,1610612745,105,109
22000178,2020,2021-01-14,1610612757,1610612754,87,111
22000174,2020,2021-01-14,1610612755,1610612748,125,108
22000175,2020,2021-01-14,1610612761,1610612766,111,108
22000169,2020,2021-01-13,1610612750,1610612763,107,118
22000168,2020,2021-01-13,1610612752,1610612751,109,116
22000170,2020,2021-01-13,1610612760,1610612747,99,128
22000172,2020,2021-01-13,1610612746,1610612740,111,106
22000164,2020,2021-01-13,1610612766,1610612742,93,104
22000173,2020,2021-01-13,1610612758,1610612757,126,132
22000165,2020,2021-01-13,1610612765,1610612749,101,110
22000157,2020,2021-01-12,1610612755,1610612748,137,134
22000161,2020,2021-01-12,1610612745,1610612747,100,117
22000159,2020,2021-01-12,1610612739,1610612762,87,117
22000158,2020,2021-01-12,1610612751,1610612743,122,116
22000162,2020,2021-01-12,1610612760,1610612759,102,112
22000163,2020,2021-01-12,1610612744,1610612754,95,104
22000151,2020,2021-01-11,1610612753,1610612749,99,121
22000149,2020,2021-01-11,1610612766,1610612752,109,88
22000155,2020,2021-01-11,1610612757,1610612761,112,111
22000156,2020,2021-01-11,1610612758,1610612754,127,122
22000152,2020,2021-01-11,1610612764,1610612756,128,107
22000153,2020,2021-01-11,1610612737,1610612755,112,94
22000150,2020,2021-01-11,1610612739,1610612763,91,101
22000142,2020,2021-01-10,1610612746,1610612741,130,127
22000144,2020,2021-01-10,1610612752,1610612743,89,114
22000147,2020,2021-01-10,1610612750,1610612759,96,88
22000148,2020,2021-01-10,1610612744,1610612761,106,105
22000146,2020,2021-01-10,1610612745,1610612747,102,120
22000141,2020,2021-01-10,1610612765,1610612762,86,96
22000143,2020,2021-01-10,1610612751,1610612760,116,129
22000138,2020,2021-01-09,1610612750,1610612759,122,125
22000136,2020,2021-01-09,1610612764,1610612748,124,128
22000140,2020,2021-01-09,1610612758,1610612757,99,125
22000139,2020,2021-01-09,1610612742,1610612753,112,98
22000137,2020,2021-01-09,1610612749,1610612739,100,90
22000135,2020,2021-01-09,1610612754,1610612756,117,125
22000134,2020,2021-01-09,1610612766,1610612737,113,105
22000133,2020,2021-01-09,1610612755,1610612743,103,115
22000132,2020,2021-01-08,1610612758,1610612761,123,144
22000128,2020,2021-01-08,1610612763,1610612751,115,110
22000131,2020,2021-01-08,1610612747,1610612741,117,115
22000123,2020,2021-01-08,1610612765,1610612756,110,105
22000127,2020,2021-01-08,1610612745,1610612753,132,90
22000126,2020,2021-01-08,1610612740,1610612766,110,118
22000125,2020,2021-01-08,1610612752,1610612760,89,101
22000130,2020,2021-01-08,1610612744,1610612746,115,105
22000124,2020,2021-01-08,1610612738,1610612764,116,107
22000129,2020,2021-01-08,1610612749,1610612762,118,131
22000120,2020,2021-01-07,1610612743,1610612742,117,124
22000118,2020,2021-01-07,1610612751,1610612755,122,109
22000121,2020,2021-01-07,1610612747,1610612759,109,118
22000122,2020,2021-01-07,1610612757,1610612750,135,117
22000119,2020,2021-01-07,1610612763,1610612739,90,94
22000109,2020,2021-01-06,1610612755,1610612764,141,136
22000115,2020,2021-01-06,1610612756,1610612761,123,115
22000114,2020,2021-01-06,1610612740,1610612760,110,111
22000116,2020,2021-01-06,1610612744,1610612746,101,108
22000107,2020,2021-01-06,1610612754,1610612745,114,107
22000112,2020,2021-01-06,1610612752,1610612762,112,100
22000117,2020,2021-01-06,1610612758,1610612741,128,124
22000110,2020,2021-01-06,1610612737,1610612766,94,102
22000108,2020,2021-01-06,1610612753,1610612739,105,94
22000113,2020,2021-01-06,1610612749,1610612765,130,115
22000111,2020,2021-01-06,1610612748,1610612738,105,107
22000105,2020,2021-01-05,1610612746,1610612759,113,116
22000104,2020,2021-01-05,1610612743,1610612750,123,116
22000106,2020,2021-01-05,1610612757,1610612741,108,111
22000103,2020,2021-01-05,1610612763,1610612747,92,94
22000102,2020,2021-01-05,1610612751,1610612762,130,96
22000093,2020,2021-01-04,1610612753,1610612739,103,83
22000095,2020,2021-01-04,1610612737,1610612752,108,113
22000096,2020,2021-01-04,1610612748,1610612760,118,90
22000097,2020,2021-01-04,1610612761,1610612738,114,126
22000100,2020,2021-01-04,1610612740,1610612754,116,118
22000098,2020,2021-01-04,1610612745,1610612742,100,113
22000101,2020,2021-01-04,1610612744,1610612758,137,106
22000094,2020,2021-01-04,1610612755,1610612766,118,101
22000099,2020,2021-01-04,1610612749,1610612765,125,115
22000090,2020,2021-01-03,1610612741,1610612742,118,108
22000092,2020,2021-01-03,1610612744,1610612757,137,122
22000086,2020,2021-01-03,1610612751,1610612764,122,123
22000087,2020,2021-01-03,1610612763,1610612747,94,108
22000089,2020,2021-01-03,1610612759,1610612762,109,130
22000088,2020,2021-01-03,1610612750,1610612743,109,124
22000091,2020,2021-01-03,1610612756,1610612746,107,112
22000085,2020,2021-01-03,1610612765,1610612738,120,122
22000080,2020,2021-01-02,1610612754,1610612752,102,106
22000083,2020,2021-01-02,1610612737,1610612739,91,96
22000081,2020,2021-01-02,1610612753,1610612760,99,108
22000079,2020,2021-01-02,1610612745,1610612758,102,94
22000084,2020,2021-01-02,1610612740,1610612761,120,116
22000082,2020,2021-01-02,1610612755,1610612766,127,112
22000069,2020,2021-01-01,1610612766,1610612763,93,108
22000073,2020,2021-01-01,1610612749,1610612741,126,96
22000072,2020,2021-01-01,1610612751,1610612737,96,114
22000070,2020,2021-01-01,1610612765,1610612738,96,93
22000071,2020,2021-01-01,1610612742,1610612748,93,83
22000074,2020,2021-01-01,1610612750,1610612764,109,130
22000076,2020,2021-01-01,1610612743,1610612756,103,106
22000077,2020,2021-01-01,1610612762,1610612746,106,100
22000075,2020,2021-01-01,1610612759,1610612747,103,109
22000078,2020,2021-01-01,1610612744,1610612757,98,123
22000062,2020,2020-12-31,1610612754,1610612739,119,99
22000067,2020,2020-12-31,1610612760,1610612740,80,113
22000065,2020,2020-12-31,1610612745,1610612758,122,119
22000068,2020,2020-12-31,1610612762,1610612756,95,106
22000066,2020,2020-12-31,1610612761,1610612752,100,83
22000063,2020,2020-12-31,1610612764,1610612741,130,133
22000064,2020,2020-12-31,1610612753,1610612755,92,116
22000058,2020,2020-12-30,1610612748,1610612749,119,108
22000061,2020,2020-12-30,1610612746,1610612757,128,105
22000060,2020,2020-12-30,1610612759,1610612747,107,121
22000057,2020,2020-12-30,1610612751,1610612737,145,141
22000059,2020,2020-12-30,1610612742,1610612766,99,118
22000056,2020,2020-12-30,1610612738,1610612763,126,107
22000053,2020,2020-12-29,1610612756,1610612740,111,86
22000055,2020,2020-12-29,1610612758,1610612743,125,115
22000052,2020,2020-12-29,1610612760,1610612753,107,118
22000050,2020,2020-12-29,1610612764,1610612741,107,115
22000048,2020,2020-12-29,1610612754,1610612738,111,116
22000051,2020,2020-12-29,1610612748,1610612749,97,144
22000046,2020,2020-12-29,1610612739,1610612752,86,95
22000054,2020,2020-12-29,1610612746,1610612750,124,101
22000049,2020,2020-12-29,1610612755,1610612761,100,93
22000047,2020,2020-12-29,1610612765,1610612744,106,116
22000045,2020,2020-12-28,1610612747,1610612757,107,115
22000041,2020,2020-12-28,1610612737,1610612765,128,120
22000044,2020,2020-12-28,1610612743,1610612745,124,111
22000042,2020,2020-12-28,1610612751,1610612763,111,116
22000043,2020,2020-12-28,1610612760,1610612762,109,110
22000032,2020,2020-12-27,1610612766,1610612751,106,104
22000039,2020,2020-12-27,1610612758,1610612756,100,116
22000037,2020,2020-12-27,1610612754,1610612738,108,107
22000040,2020,2020-12-27,1610612747,1610612750,127,91
22000033,2020,2020-12-27,1610612764,1610612753,113,120
22000034,2020,2020-12-27,1610612740,1610612759,98,95
22000035,2020,2020-12-27,1610612739,1610612755,118,94
22000036,2020,2020-12-27,1610612752,1610612749,130,110
22000031,2020,2020-12-27,1610612746,1610612742,73,124
22000038,2020,2020-12-27,1610612741,1610612744,128,129
22000021,2020,2020-12-26,1610612763,1610612737,112,122
22000028,2020,2020-12-26,1610612762,1610612750,111,116
22000022,2020,2020-12-26,1610612766,1610612760,107,109
22000023,2020,2020-12-26,1610612765,1610612739,119,128
22000024,2020,2020-12-26,1610612764,1610612753,120,130
22000029,2020,2020-12-26,1610612757,1610612745,128,126
22000026,2020,2020-12-26,1610612741,1610612754,106,125
22000027,2020,2020-12-26,1610612759,1610612761,119,114
22000025,2020,2020-12-26,1610612752,1610612755,89,109
22000030,2020,2020-12-26,1610612758,1610612756,106,103
22000006,2020,2020-12-25,1610612749,1610612744,138,99
22000008,2020,2020-12-25,1610612747,1610612742,138,115
22000007,2020,2020-12-25,1610612738,1610612751,95,123
22000009,2020,2020-12-25,1610612743,1610612746,108,121
22000005,2020,2020-12-25,1610612748,1610612740,111,98
22000020,2020,2020-12-23,1610612757,1610612762,100,120
22000018,2020,2020-12-23,1610612750,1610612765,111,101
22000017,2020,2020-12-23,1610612763,1610612759,119,131
22000015,2020,2020-12-23,1610612741,1610612737,104,124
22000011,2020,2020-12-23,1610612754,1610612752,121,107
22000004,2020,2020-12-23,1610612756,1610612742,106,102
22000013,2020,2020-12-23,1610612755,1610612764,113,107
22000019,2020,2020-12-23,1610612743,1610612758,122,124
22000010,2020,2020-12-23,1610612739,1610612766,121,114
22000003,2020,2020-12-23,1610612738,1610612749,122,121
22000012,2020,2020-12-23,1610612753,1610612748,113,107
22000014,2020,2020-12-23,1610612761,1610612740,99,113
22000002,2020,2020-12-22,1610612747,1610612746,109,116
22000001,2020,2020-12-22,1610612751,1610612744,125,99
12000049,2020,2020-12-19,1610612763,1610612737,116,117
12000048,2020,2020-12-19,1610612764,1610612765,99,96
12000047,2020,2020-12-19,1610612753,1610612766,120,117
12000046,2020,2020-12-18,1610612756,1610612747,113,114
12000039,2020,2020-12-18,1610612754,1610612755,107,113
12000042,2020,2020-12-18,1610612752,1610612739,119,83
12000041,2020,2020-12-18,1610612738,1610612751,89,113
12000040,2020,2020-12-18,1610612761,1610612748,105,117
12000045,2020,2020-12-18,1610612743,1610612757,129,96
12000044,2020,2020-12-18,1610612760,1610612741,103,105
12000043,2020,2020-12-18,1610612740,1610612749,127,113
12000035,2020,2020-12-17,1610612763,1610612737,128,106
12000036,2020,2020-12-17,1610612742,1610612750,127,129
12000032,2020,2020-12-17,1610612753,1610612766,115,123
12000037,2020,2020-12-17,1610612746,1610612762,105,125
12000034,2020,2020-12-17,1610612745,1610612759,128,106
12000038,2020,2020-12-17,1610612758,1610612744,105,113
12000033,2020,2020-12-17,1610612764,1610612765,86,97
12000030,2020,2020-12-16,1610612743,1610612757,126,95
12000029,2020,2020-12-16,1610612760,1610612741,103,124
12000028,2020,2020-12-16,1610612752,1610612739,100,93
12000031,2020,2020-12-16,1610612756,1610612747,107,112
12000027,2020,2020-12-15,1610612758,1610612744,114,113
12000026,2020,2020-12-15,1610612745,1610612759,112,98
12000025,2020,2020-12-15,1610612755,1610612738,108,99
12000020,2020,2020-12-14,1610612766,1610612761,109,112
12000024,2020,2020-12-14,1610612762,1610612756,111,92
12000019,2020,2020-12-14,1610612739,1610612754,116,106
12000023,2020,2020-12-14,1610612750,1610612763,104,123
12000022,2020,2020-12-14,1610612749,1610612742,112,128
12000021,2020,2020-12-14,1610612748,1610612740,92,114
12000017,2020,2020-12-13,1610612757,1610612758,106,121
12000013,2020,2020-12-13,1610612737,1610612753,116,107
12000014,2020,2020-12-13,1610612751,1610612764,119,114
12000016,2020,2020-12-13,1610612741,1610612745,104,91
12000015,2020,2020-12-13,1610612765,1610612752,99,91
12000018,2020,2020-12-13,1610612747,1610612746,131,106
12000011,2020,2020-12-12,1610612744,1610612743,107,105
12000012,2020,2020-12-12,1610612762,1610612756,119,105
12000006,2020,2020-12-12,1610612766,1610612761,100,111
12000008,2020,2020-12-12,1610612759,1610612760,108,121
12000007,2020,2020-12-12,1610612739,1610612754,107,104
12000010,2020,2020-12-12,1610612750,1610612763,105,107
12000009,2020,2020-12-12,1610612749,1610612742,102,112
12000002,2020,2020-12-11,1610612765,1610612752,84,90
12000004,2020,2020-12-11,1610612747,1610612746,87,81
12000003,2020,2020-12-11,1610612741,1610612745,104,125
12000005,2020,2020-12-11,1610612757,1610612758,127,102
12000001,2020,2020-12-11,1610612737,1610612753,112,116
